du_id,entity_code,month,project_id,project,workpackage,wp_title,programme,is_heu,basis,hours,declared_day_equiv,rate,reported_cost
4,2017,2024-01-01,593,RESTORE,3851,WP8 Coordination and Management 1PM,H2020,FALSE,PRORATA_PAYROLL,12.625,,,668.89
4,2017,2024-02-01,593,RESTORE,3851,WP8 Coordination and Management 1PM,H2020,FALSE,PRORATA_PAYROLL,19.041666666666668,,,829.97
4,2017,2024-03-01,593,RESTORE,3851,WP8 Coordination and Management 1PM,H2020,FALSE,PRORATA_PAYROLL,8.333333333333334,,,465.97
4,2017,2024-04-01,593,RESTORE,3851,WP8 Coordination and Management 1PM,H2020,FALSE,PRORATA_PAYROLL,1.6666666666666667,,,442.89
8,2016,2025-01-01,530,ISLANDER (mit MwSt),3403,WP8 Showcase Borkum (T8.2),H2020,FALSE,PRORATA_PAYROLL,25.833333333333332,,,0
8,2016,2025-02-01,530,ISLANDER (mit MwSt),3403,WP8 Showcase Borkum (T8.2),H2020,FALSE,PRORATA_PAYROLL,16.5,,,0
8,2016,2025-03-01,530,ISLANDER (mit MwSt),3403,WP8 Showcase Borkum (T8.2),H2020,FALSE,PRORATA_PAYROLL,26.666666666666668,,,0
8,2016,2025-04-01,530,ISLANDER (mit MwSt),3403,WP8 Showcase Borkum (T8.2),H2020,FALSE,PRORATA_PAYROLL,20,,,0
8,2016,2025-05-01,530,ISLANDER (mit MwSt),3403,WP8 Showcase Borkum (T8.2),H2020,FALSE,PRORATA_PAYROLL,3.3333333333333335,,,0
8,2016,2025-06-01,530,ISLANDER (mit MwSt),3403,WP8 Showcase Borkum (T8.2),H2020,FALSE,PRORATA_PAYROLL,6.666666666666667,,,0
8,2016,2025-07-01,530,ISLANDER (mit MwSt),3403,WP8 Showcase Borkum (T8.2),H2020,FALSE,PRORATA_PAYROLL,5.555555555555555,,,0
11,2017,2024-05-01,553,EiA,3435,WP8 Project MGT,H2020,FALSE,PRORATA_PAYROLL,13.895833333333334,,,1094.5
11,2017,2024-06-01,553,EiA,3435,WP8 Project MGT,H2020,FALSE,PRORATA_PAYROLL,19.208333333333332,,,1306.21
11,2017,2024-03-01,642,TENDER: DTA,4014,Tender DTA - 2024,TENDER,FALSE,PRORATA_PAYROLL,25.875,,,1659.29
11,2017,2024-04-01,642,TENDER: DTA,4014,Tender DTA - 2024,TENDER,FALSE,PRORATA_PAYROLL,43.958333333333336,,,2834.58
11,2017,2024-05-01,642,TENDER: DTA,4014,Tender DTA - 2024,TENDER,FALSE,PRORATA_PAYROLL,6.3125,,,497.2
11,2017,2024-01-01,644,TENDER: Smart Cities Marketplace 2.0,4024,Events 2024,TENDER,FALSE,PRORATA_PAYROLL,29.5,,,1719.77
11,2017,2024-02-01,667,TENDER: SKIIVE,4564,Capacity Building,TENDER,FALSE,PRORATA_PAYROLL,4.75,,,290.1
11,2017,2024-02-01,681,TENDER: Citizen Led 1,4230,Inhaltlich 2024,TENDER,FALSE,PRORATA_PAYROLL,31.875,,,1946.72
11,2017,2024-03-01,681,TENDER: Citizen Led 1,4230,Inhaltlich 2024,TENDER,FALSE,PRORATA_PAYROLL,9.708333333333334,,,622.57
11,2017,2024-01-01,683,TENDER: EU Island 2.0,4183,Events 2024,TENDER,FALSE,PRORATA_PAYROLL,41,,,2390.19
11,2017,2024-02-01,683,TENDER: EU Island 2.0,4183,Events 2024,TENDER,FALSE,PRORATA_PAYROLL,11.875,,,725.25
11,2017,2024-02-01,693,TENDER: FWC Hydrogen 2023,4264,BD Umsetzung,TENDER,FALSE,PRORATA_PAYROLL,22.375,,,1366.52
11,2017,2024-03-01,693,TENDER: FWC Hydrogen 2023,4264,BD Umsetzung,TENDER,FALSE,PRORATA_PAYROLL,19.208333333333332,,,1231.78
11,2017,2025-01-01,693,TENDER: FWC Hydrogen 2023,4264,BD Umsetzung,TENDER,FALSE,PRORATA_PAYROLL,5,,,303.84
11,2017,2024-01-01,729,EVENT: OIK 2024,4482,OIK 2024 Vorbereitung 2024,EVENT,FALSE,PRORATA_PAYROLL,19.75,,,1151.37
11,2017,2024-02-01,729,EVENT: OIK 2024,4482,OIK 2024 Vorbereitung 2024,EVENT,FALSE,PRORATA_PAYROLL,15.791666666666666,,,964.45
11,2017,2024-03-01,729,EVENT: OIK 2024,4482,OIK 2024 Vorbereitung 2024,EVENT,FALSE,PRORATA_PAYROLL,4,,,256.51
11,2017,2024-03-01,746,EVENT: EU-Forschungsförderung MWK 08.03.2024,4540,Umsetzung EVENT Forschungsförderung 8.3.24,EVENT,FALSE,PRORATA_PAYROLL,10.166666666666666,,,651.96
11,2017,2024-01-01,750,TENDER: Citizen Led 2,4548,WP Planung 2024,TENDER,FALSE,PRORATA_PAYROLL,15.25,,,889.04
11,2017,2024-02-01,750,TENDER: Citizen Led 2,4548,WP Planung 2024,TENDER,FALSE,PRORATA_PAYROLL,8,,,488.59
11,2017,2024-03-01,750,TENDER: Citizen Led 2,4548,WP Planung 2024,TENDER,FALSE,PRORATA_PAYROLL,7.25,,,464.92
11,2017,2024-04-01,750,TENDER: Citizen Led 2,4548,WP Planung 2024,TENDER,FALSE,PRORATA_PAYROLL,46.5,,,2998.47
11,2017,2024-05-01,750,TENDER: Citizen Led 2,4548,WP Planung 2024,TENDER,FALSE,PRORATA_PAYROLL,14.208333333333334,,,1119.12
11,2017,2024-03-01,751,EVENT: StaMi 4 Motoren 2024,4550,WP Planung 2024,EVENT,FALSE,PRORATA_PAYROLL,4,,,256.51
11,2017,2025-01-01,796,TENDER: FWC Hydrogen FP2,4774,WP1 Umsetzung,TENDER,FALSE,PRORATA_PAYROLL,26,,,1579.97
11,2017,2025-01-01,820,Districts of Creativity 2025,4909,Projektmanagement,REGIONALE FÖRDERUNG,FALSE,PRORATA_PAYROLL,15.5,,,941.9
12,2017,2024-01-01,538,EU-KONFORM: Aquarray ProjMgt,4669,Umsetzung Aquarray 2024,EU-KONFORM,FALSE,PRORATA_PAYROLL,8,,,590.41
12,2017,2024-02-01,538,EU-KONFORM: Aquarray ProjMgt,4669,Umsetzung Aquarray 2024,EU-KONFORM,FALSE,PRORATA_PAYROLL,19.875,,,1272.54
12,2017,2024-03-01,538,EU-KONFORM: Aquarray ProjMgt,4669,Umsetzung Aquarray 2024,EU-KONFORM,FALSE,PRORATA_PAYROLL,9.25,,,647.14
12,2017,2024-01-01,593,RESTORE,3848,WP6 Exploitation and Business Model Development 15PM,H2020,FALSE,PRORATA_PAYROLL,3.75,,,276.75
12,2017,2024-02-01,593,RESTORE,3848,WP6 Exploitation and Business Model Development 15PM,H2020,FALSE,PRORATA_PAYROLL,4.5,,,288.12
12,2017,2024-03-01,593,RESTORE,3848,WP6 Exploitation and Business Model Development 15PM,H2020,FALSE,PRORATA_PAYROLL,4,,,279.84
12,2017,2024-04-01,593,RESTORE,3848,WP6 Exploitation and Business Model Development 15PM,H2020,FALSE,PRORATA_PAYROLL,4.75,,,348.84
12,2017,2024-05-01,593,RESTORE,3848,WP6 Exploitation and Business Model Development 15PM,H2020,FALSE,PRORATA_PAYROLL,8.375,,,662.4
12,2017,2024-06-01,593,RESTORE,3848,WP6 Exploitation and Business Model Development 15PM,H2020,FALSE,PRORATA_PAYROLL,8.625,,,617.58
12,2017,2024-07-01,593,RESTORE,3848,WP6 Exploitation and Business Model Development 15PM,H2020,FALSE,PRORATA_PAYROLL,4.5,,,756.32
12,2017,2024-02-01,667,TENDER: SKIIVE,4564,Capacity Building,TENDER,FALSE,PRORATA_PAYROLL,18.625,,,1192.5
12,2017,2024-06-01,791,EU-KONFORM: Call Screening Stadt Asperg,4752,Umsetzung CS Stadt Asperg,EU-KONFORM,FALSE,PRORATA_PAYROLL,9,,,644.43
15,2016,2024-08-01,592,OpenLab (inkl. MwSt),3824,WP8 D&C,H2020,FALSE,PRORATA_PAYROLL,12,,,574.83
15,2016,2024-09-01,592,OpenLab (inkl. MwSt),3824,WP8 D&C,H2020,FALSE,PRORATA_PAYROLL,8,,,617.08
15,2016,2024-10-01,592,OpenLab (inkl. MwSt),3824,WP8 D&C,H2020,FALSE,PRORATA_PAYROLL,9,,,351.62
15,2016,2024-11-01,592,OpenLab (inkl. MwSt),3824,WP8 D&C,H2020,FALSE,PRORATA_PAYROLL,4,,,189.2
15,2016,2024-12-01,592,OpenLab (inkl. MwSt),3824,WP8 D&C,H2020,FALSE,PRORATA_PAYROLL,6,,,593.77
15,2016,2025-01-01,592,OpenLab (inkl. MwSt),3824,WP8 D&C,H2020,FALSE,PRORATA_PAYROLL,4,,,0
15,2016,2025-02-01,592,OpenLab (inkl. MwSt),3824,WP8 D&C,H2020,FALSE,PRORATA_PAYROLL,4,,,0
15,2016,2025-03-01,592,OpenLab (inkl. MwSt),3824,WP8 D&C,H2020,FALSE,PRORATA_PAYROLL,4,,,0
15,2016,2025-04-01,592,OpenLab (inkl. MwSt),3824,WP8 D&C,H2020,FALSE,PRORATA_PAYROLL,4,,,0
15,2016,2025-05-01,592,OpenLab (inkl. MwSt),3824,WP8 D&C,H2020,FALSE,PRORATA_PAYROLL,4,,,0
15,2016,2025-06-01,592,OpenLab (inkl. MwSt),3824,WP8 D&C,H2020,FALSE,PRORATA_PAYROLL,4,,,0
15,2016,2025-07-01,592,OpenLab (inkl. MwSt),3824,WP8 D&C,H2020,FALSE,PRORATA_PAYROLL,4,,,0
15,2016,2025-08-01,592,OpenLab (inkl. MwSt),3824,WP8 D&C,H2020,FALSE,PRORATA_PAYROLL,8,,,0
15,2017,2024-01-01,675,WM: Social Innovation Challenge 2.0,4136,Modul 2 - Workshops,REGIONALE FÖRDERUNG,FALSE,PRORATA_PAYROLL,25.75,,,1259.07
15,2017,2024-02-01,675,WM: Social Innovation Challenge 2.0,4136,Modul 2 - Workshops,REGIONALE FÖRDERUNG,FALSE,PRORATA_PAYROLL,19.75,,,841.15
15,2017,2024-03-01,675,WM: Social Innovation Challenge 2.0,4136,Modul 2 - Workshops,REGIONALE FÖRDERUNG,FALSE,PRORATA_PAYROLL,31,,,2082.87
15,2017,2024-04-01,675,WM: Social Innovation Challenge 2.0,4136,Modul 2 - Workshops,REGIONALE FÖRDERUNG,FALSE,PRORATA_PAYROLL,28.5,,,1123.05
15,2017,2024-05-01,675,WM: Social Innovation Challenge 2.0,4136,Modul 2 - Workshops,REGIONALE FÖRDERUNG,FALSE,PRORATA_PAYROLL,16.25,,,1020.07
15,2017,2024-06-01,675,WM: Social Innovation Challenge 2.0,4136,Modul 2 - Workshops,REGIONALE FÖRDERUNG,FALSE,PRORATA_PAYROLL,28.25,,,2029.05
15,2017,2024-07-01,675,WM: Social Innovation Challenge 2.0,4136,Modul 2 - Workshops,REGIONALE FÖRDERUNG,FALSE,PRORATA_PAYROLL,25.75,,,1038.48
15,2017,2024-01-01,675,WM: Social Innovation Challenge 2.0,4137,Modul 3 - Netzwerken,REGIONALE FÖRDERUNG,FALSE,PRORATA_PAYROLL,33.25,,,1625.8
15,2017,2024-02-01,675,WM: Social Innovation Challenge 2.0,4137,Modul 3 - Netzwerken,REGIONALE FÖRDERUNG,FALSE,PRORATA_PAYROLL,36.25,,,1543.88
15,2017,2024-03-01,675,WM: Social Innovation Challenge 2.0,4137,Modul 3 - Netzwerken,REGIONALE FÖRDERUNG,FALSE,PRORATA_PAYROLL,19.25,,,1293.4
15,2017,2024-04-01,675,WM: Social Innovation Challenge 2.0,4137,Modul 3 - Netzwerken,REGIONALE FÖRDERUNG,FALSE,PRORATA_PAYROLL,36.25,,,1428.44
15,2017,2024-05-01,675,WM: Social Innovation Challenge 2.0,4137,Modul 3 - Netzwerken,REGIONALE FÖRDERUNG,FALSE,PRORATA_PAYROLL,24.75,,,1553.65
15,2017,2024-06-01,675,WM: Social Innovation Challenge 2.0,4137,Modul 3 - Netzwerken,REGIONALE FÖRDERUNG,FALSE,PRORATA_PAYROLL,11.75,,,843.94
15,2017,2024-07-01,675,WM: Social Innovation Challenge 2.0,4137,Modul 3 - Netzwerken,REGIONALE FÖRDERUNG,FALSE,PRORATA_PAYROLL,55.25,,,2228.2
18,2017,2024-01-01,636,Vanguard 2022-2024,4775,WP1 Interreg. Koop. 2024,REGIONALE FÖRDERUNG,FALSE,PRORATA_PAYROLL,14.75,,,754.73
18,2017,2024-02-01,636,Vanguard 2022-2024,4775,WP1 Interreg. Koop. 2024,REGIONALE FÖRDERUNG,FALSE,PRORATA_PAYROLL,12.75,,,849.96
18,2017,2024-03-01,636,Vanguard 2022-2024,4775,WP1 Interreg. Koop. 2024,REGIONALE FÖRDERUNG,FALSE,PRORATA_PAYROLL,15.25,,,795.72
18,2017,2024-04-01,636,Vanguard 2022-2024,4775,WP1 Interreg. Koop. 2024,REGIONALE FÖRDERUNG,FALSE,PRORATA_PAYROLL,7,,,594.07
18,2017,2024-05-01,636,Vanguard 2022-2024,4775,WP1 Interreg. Koop. 2024,REGIONALE FÖRDERUNG,FALSE,PRORATA_PAYROLL,20,,,1404.14
18,2017,2024-06-01,636,Vanguard 2022-2024,4775,WP1 Interreg. Koop. 2024,REGIONALE FÖRDERUNG,FALSE,PRORATA_PAYROLL,22.5,,,1402.29
18,2017,2024-07-01,636,Vanguard 2022-2024,4775,WP1 Interreg. Koop. 2024,REGIONALE FÖRDERUNG,FALSE,PRORATA_PAYROLL,11.5,,,607.56
18,2017,2024-08-01,636,Vanguard 2022-2024,4775,WP1 Interreg. Koop. 2024,REGIONALE FÖRDERUNG,FALSE,PRORATA_PAYROLL,18.125,,,1756.98
18,2017,2024-01-01,636,Vanguard 2022-2024,4776,WP2 Initiierung Antrag 2024,REGIONALE FÖRDERUNG,FALSE,PRORATA_PAYROLL,19.75,,,1010.57
18,2017,2024-02-01,636,Vanguard 2022-2024,4776,WP2 Initiierung Antrag 2024,REGIONALE FÖRDERUNG,FALSE,PRORATA_PAYROLL,7.5,,,499.98
18,2017,2024-03-01,636,Vanguard 2022-2024,4776,WP2 Initiierung Antrag 2024,REGIONALE FÖRDERUNG,FALSE,PRORATA_PAYROLL,7.75,,,404.38
18,2017,2024-04-01,636,Vanguard 2022-2024,4776,WP2 Initiierung Antrag 2024,REGIONALE FÖRDERUNG,FALSE,PRORATA_PAYROLL,7.5,,,636.5
18,2017,2024-05-01,636,Vanguard 2022-2024,4776,WP2 Initiierung Antrag 2024,REGIONALE FÖRDERUNG,FALSE,PRORATA_PAYROLL,12.75,,,895.14
18,2017,2024-06-01,636,Vanguard 2022-2024,4776,WP2 Initiierung Antrag 2024,REGIONALE FÖRDERUNG,FALSE,PRORATA_PAYROLL,12.5,,,779.05
18,2017,2024-07-01,636,Vanguard 2022-2024,4776,WP2 Initiierung Antrag 2024,REGIONALE FÖRDERUNG,FALSE,PRORATA_PAYROLL,13,,,686.8
18,2017,2024-08-01,636,Vanguard 2022-2024,4776,WP2 Initiierung Antrag 2024,REGIONALE FÖRDERUNG,FALSE,PRORATA_PAYROLL,3.125,,,302.93
18,2017,2024-07-01,791,EU-KONFORM: Call Screening Stadt Asperg,4752,Umsetzung CS Stadt Asperg,EU-KONFORM,FALSE,PRORATA_PAYROLL,2.5,,,132.08
18,2017,2024-08-01,791,EU-KONFORM: Call Screening Stadt Asperg,4752,Umsetzung CS Stadt Asperg,EU-KONFORM,FALSE,PRORATA_PAYROLL,2.75,,,266.58
21,2017,2024-01-01,271,S2i Personal in Gemeinkosten,4638,PK in OH 2024,GEMEINKOSTEN - NICHT PROJEKTVOLUMEN RELEVANT,FALSE,PRORATA_PAYROLL,46.19166666666667,,,4497.12
21,2017,2024-02-01,271,S2i Personal in Gemeinkosten,4638,PK in OH 2024,GEMEINKOSTEN - NICHT PROJEKTVOLUMEN RELEVANT,FALSE,PRORATA_PAYROLL,72.75,,,6291.29
21,2017,2024-03-01,271,S2i Personal in Gemeinkosten,4638,PK in OH 2024,GEMEINKOSTEN - NICHT PROJEKTVOLUMEN RELEVANT,FALSE,PRORATA_PAYROLL,44.916666666666664,,,5312.77
21,2017,2024-04-01,271,S2i Personal in Gemeinkosten,4638,PK in OH 2024,GEMEINKOSTEN - NICHT PROJEKTVOLUMEN RELEVANT,FALSE,PRORATA_PAYROLL,44.541666666666664,,,4651.58
21,2017,2024-05-01,271,S2i Personal in Gemeinkosten,4638,PK in OH 2024,GEMEINKOSTEN - NICHT PROJEKTVOLUMEN RELEVANT,FALSE,PRORATA_PAYROLL,33.46666666666667,,,4279.89
21,2017,2024-06-01,271,S2i Personal in Gemeinkosten,4638,PK in OH 2024,GEMEINKOSTEN - NICHT PROJEKTVOLUMEN RELEVANT,FALSE,PRORATA_PAYROLL,38.291666666666664,,,3675.64
21,2017,2024-07-01,271,S2i Personal in Gemeinkosten,4638,PK in OH 2024,GEMEINKOSTEN - NICHT PROJEKTVOLUMEN RELEVANT,FALSE,PRORATA_PAYROLL,50.983333333333334,,,4262.39
21,2017,2024-08-01,271,S2i Personal in Gemeinkosten,4638,PK in OH 2024,GEMEINKOSTEN - NICHT PROJEKTVOLUMEN RELEVANT,FALSE,PRORATA_PAYROLL,21.1,,,4244.47
21,2017,2024-09-01,271,S2i Personal in Gemeinkosten,4638,PK in OH 2024,GEMEINKOSTEN - NICHT PROJEKTVOLUMEN RELEVANT,FALSE,PRORATA_PAYROLL,66.75,,,5412.6
21,2017,2024-10-01,271,S2i Personal in Gemeinkosten,4638,PK in OH 2024,GEMEINKOSTEN - NICHT PROJEKTVOLUMEN RELEVANT,FALSE,PRORATA_PAYROLL,57.1875,,,4791.98
21,2017,2024-11-01,271,S2i Personal in Gemeinkosten,4638,PK in OH 2024,GEMEINKOSTEN - NICHT PROJEKTVOLUMEN RELEVANT,FALSE,PRORATA_PAYROLL,47.75,,,4499.81
21,2017,2024-12-01,271,S2i Personal in Gemeinkosten,4638,PK in OH 2024,GEMEINKOSTEN - NICHT PROJEKTVOLUMEN RELEVANT,FALSE,PRORATA_PAYROLL,34.583333333333336,,,10519.57
21,2017,2025-01-01,271,S2i Personal in Gemeinkosten,4767,PK in OH 2025,GEMEINKOSTEN - NICHT PROJEKTVOLUMEN RELEVANT,FALSE,PRORATA_PAYROLL,26.416666666666668,,,3976.1
21,2017,2024-01-01,294,SIG Overheads Rechnung,4795,SIG GK-PK Anteil 2024,GEMEINKOSTEN - NICHT PROJEKTVOLUMEN RELEVANT,FALSE,PRORATA_PAYROLL,42.94166666666667,,,4180.7
21,2017,2024-02-01,294,SIG Overheads Rechnung,4795,SIG GK-PK Anteil 2024,GEMEINKOSTEN - NICHT PROJEKTVOLUMEN RELEVANT,FALSE,PRORATA_PAYROLL,36.916666666666664,,,3192.49
21,2017,2024-03-01,294,SIG Overheads Rechnung,4795,SIG GK-PK Anteil 2024,GEMEINKOSTEN - NICHT PROJEKTVOLUMEN RELEVANT,FALSE,PRORATA_PAYROLL,14.75,,,1744.64
21,2017,2024-04-01,294,SIG Overheads Rechnung,4795,SIG GK-PK Anteil 2024,GEMEINKOSTEN - NICHT PROJEKTVOLUMEN RELEVANT,FALSE,PRORATA_PAYROLL,37.541666666666664,,,3920.56
21,2017,2024-05-01,294,SIG Overheads Rechnung,4795,SIG GK-PK Anteil 2024,GEMEINKOSTEN - NICHT PROJEKTVOLUMEN RELEVANT,FALSE,PRORATA_PAYROLL,33.46666666666667,,,4279.89
21,2017,2024-06-01,294,SIG Overheads Rechnung,4795,SIG GK-PK Anteil 2024,GEMEINKOSTEN - NICHT PROJEKTVOLUMEN RELEVANT,FALSE,PRORATA_PAYROLL,36.541666666666664,,,3507.66
21,2017,2024-07-01,294,SIG Overheads Rechnung,4795,SIG GK-PK Anteil 2024,GEMEINKOSTEN - NICHT PROJEKTVOLUMEN RELEVANT,FALSE,PRORATA_PAYROLL,50.983333333333334,,,4262.39
21,2017,2024-08-01,294,SIG Overheads Rechnung,4795,SIG GK-PK Anteil 2024,GEMEINKOSTEN - NICHT PROJEKTVOLUMEN RELEVANT,FALSE,PRORATA_PAYROLL,21.1,,,4244.47
21,2017,2024-09-01,294,SIG Overheads Rechnung,4795,SIG GK-PK Anteil 2024,GEMEINKOSTEN - NICHT PROJEKTVOLUMEN RELEVANT,FALSE,PRORATA_PAYROLL,63.75,,,5169.33
21,2017,2024-10-01,294,SIG Overheads Rechnung,4795,SIG GK-PK Anteil 2024,GEMEINKOSTEN - NICHT PROJEKTVOLUMEN RELEVANT,FALSE,PRORATA_PAYROLL,59.020833333333336,,,4945.6
21,2017,2024-11-01,294,SIG Overheads Rechnung,4795,SIG GK-PK Anteil 2024,GEMEINKOSTEN - NICHT PROJEKTVOLUMEN RELEVANT,FALSE,PRORATA_PAYROLL,47.75,,,4499.81
21,2017,2024-12-01,294,SIG Overheads Rechnung,4795,SIG GK-PK Anteil 2024,GEMEINKOSTEN - NICHT PROJEKTVOLUMEN RELEVANT,FALSE,PRORATA_PAYROLL,26,,,7908.69
21,2017,2025-01-01,294,SIG Overheads Rechnung,5144,SIG GK-PK Anteil 2025,GEMEINKOSTEN - NICHT PROJEKTVOLUMEN RELEVANT,FALSE,PRORATA_PAYROLL,26.416666666666668,,,3976.1
21,2017,2025-08-01,593,RESTORE,3851,WP8 Coordination and Management 1PM,H2020,FALSE,PRORATA_PAYROLL,8,,,15804.05
21,2017,2024-03-01,644,TENDER: Smart Cities Marketplace 2.0,4020,DC 2024,TENDER,FALSE,PRORATA_PAYROLL,6.5,,,768.82
21,2017,2024-04-01,644,TENDER: Smart Cities Marketplace 2.0,4020,DC 2024,TENDER,FALSE,PRORATA_PAYROLL,2.125,,,221.92
21,2017,2024-05-01,644,TENDER: Smart Cities Marketplace 2.0,4020,DC 2024,TENDER,FALSE,PRORATA_PAYROLL,7,,,895.2
21,2017,2024-06-01,644,TENDER: Smart Cities Marketplace 2.0,4020,DC 2024,TENDER,FALSE,PRORATA_PAYROLL,1.75,,,167.98
21,2017,2024-07-01,644,TENDER: Smart Cities Marketplace 2.0,4020,DC 2024,TENDER,FALSE,PRORATA_PAYROLL,5.5,,,459.82
21,2017,2024-08-01,644,TENDER: Smart Cities Marketplace 2.0,4020,DC 2024,TENDER,FALSE,PRORATA_PAYROLL,2.8333333333333335,,,569.95
21,2017,2024-10-01,644,TENDER: Smart Cities Marketplace 2.0,4020,DC 2024,TENDER,FALSE,PRORATA_PAYROLL,1.8333333333333333,,,153.62
21,2017,2024-11-01,644,TENDER: Smart Cities Marketplace 2.0,4020,DC 2024,TENDER,FALSE,PRORATA_PAYROLL,5.333333333333333,,,502.6
21,2017,2024-12-01,644,TENDER: Smart Cities Marketplace 2.0,4020,DC 2024,TENDER,FALSE,PRORATA_PAYROLL,4.708333333333333,,,1432.18
21,2017,2024-01-01,683,TENDER: EU Island 2.0,4222,D+C 2024,TENDER,FALSE,PRORATA_PAYROLL,2.25,,,219.05
21,2017,2024-03-01,683,TENDER: EU Island 2.0,4222,D+C 2024,TENDER,FALSE,PRORATA_PAYROLL,1.75,,,206.99
21,2017,2024-04-01,683,TENDER: EU Island 2.0,4222,D+C 2024,TENDER,FALSE,PRORATA_PAYROLL,2.6666666666666665,,,278.49
21,2017,2024-06-01,683,TENDER: EU Island 2.0,4222,D+C 2024,TENDER,FALSE,PRORATA_PAYROLL,9.083333333333334,,,871.91
21,2017,2024-07-01,683,TENDER: EU Island 2.0,4222,D+C 2024,TENDER,FALSE,PRORATA_PAYROLL,2.8333333333333335,,,236.88
21,2017,2024-08-01,683,TENDER: EU Island 2.0,4222,D+C 2024,TENDER,FALSE,PRORATA_PAYROLL,1.8,,,362.09
21,2017,2024-09-01,683,TENDER: EU Island 2.0,4222,D+C 2024,TENDER,FALSE,PRORATA_PAYROLL,2.25,,,182.45
21,2017,2024-10-01,683,TENDER: EU Island 2.0,4222,D+C 2024,TENDER,FALSE,PRORATA_PAYROLL,6.145833333333333,,,514.98
21,2017,2024-12-01,683,TENDER: EU Island 2.0,4222,D+C 2024,TENDER,FALSE,PRORATA_PAYROLL,5.083333333333333,,,1546.25
21,2017,2024-01-01,757,EU-KONFORM: DE/2023-06-13/Wörwag 2. Stufe,4565,Umsetzung WÖRWAG 2. Stufe,EU-KONFORM,FALSE,PRORATA_PAYROLL,5.25,,,511.13
21,2017,2024-02-01,757,EU-KONFORM: DE/2023-06-13/Wörwag 2. Stufe,4565,Umsetzung WÖRWAG 2. Stufe,EU-KONFORM,FALSE,PRORATA_PAYROLL,8.333333333333334,,,720.65
21,2017,2024-04-01,757,EU-KONFORM: DE/2023-06-13/Wörwag 2. Stufe,4565,Umsetzung WÖRWAG 2. Stufe,EU-KONFORM,FALSE,PRORATA_PAYROLL,8,,,835.46
21,2017,2024-03-01,796,TENDER: FWC Hydrogen FP2,4774,WP1 Umsetzung,TENDER,FALSE,PRORATA_PAYROLL,2.6666666666666665,,,315.41
21,2017,2024-04-01,796,TENDER: FWC Hydrogen FP2,4774,WP1 Umsetzung,TENDER,FALSE,PRORATA_PAYROLL,2.8333333333333335,,,295.89
21,2017,2024-06-01,796,TENDER: FWC Hydrogen FP2,4774,WP1 Umsetzung,TENDER,FALSE,PRORATA_PAYROLL,7.333333333333333,,,703.93
21,2017,2024-07-01,796,TENDER: FWC Hydrogen FP2,4774,WP1 Umsetzung,TENDER,FALSE,PRORATA_PAYROLL,8.65,,,723.17
21,2017,2024-08-01,796,TENDER: FWC Hydrogen FP2,4774,WP1 Umsetzung,TENDER,FALSE,PRORATA_PAYROLL,2,,,402.32
21,2017,2024-09-01,796,TENDER: FWC Hydrogen FP2,4774,WP1 Umsetzung,TENDER,FALSE,PRORATA_PAYROLL,2.3333333333333335,,,189.2
21,2017,2024-10-01,796,TENDER: FWC Hydrogen FP2,4774,WP1 Umsetzung,TENDER,FALSE,PRORATA_PAYROLL,2.1875,,,183.3
21,2017,2024-11-01,796,TENDER: FWC Hydrogen FP2,4774,WP1 Umsetzung,TENDER,FALSE,PRORATA_PAYROLL,2.25,,,212.03
21,2017,2024-12-01,796,TENDER: FWC Hydrogen FP2,4774,WP1 Umsetzung,TENDER,FALSE,PRORATA_PAYROLL,4.375,,,1330.79
22,2016,2024-02-01,573,Enterprise Europe Network 2022 - 2024: Expert Contract,3957,EEN Expert 2024,VERRECHNUNG INTERN,FALSE,PRORATA_PAYROLL,26.5,,,0
22,2016,2024-03-01,573,Enterprise Europe Network 2022 - 2024: Expert Contract,3957,EEN Expert 2024,VERRECHNUNG INTERN,FALSE,PRORATA_PAYROLL,8.5,,,0
22,2016,2024-11-01,573,Enterprise Europe Network 2022 - 2024: Expert Contract,3957,EEN Expert 2024,VERRECHNUNG INTERN,FALSE,PRORATA_PAYROLL,33.75,,,0
22,2016,2025-01-01,573,Enterprise Europe Network 2022 - 2024: Expert Contract,5143,EEN Expert 2025,VERRECHNUNG INTERN,FALSE,PRORATA_PAYROLL,44.625,,,0
22,2016,2025-02-01,573,Enterprise Europe Network 2022 - 2024: Expert Contract,5143,EEN Expert 2025,VERRECHNUNG INTERN,FALSE,PRORATA_PAYROLL,31.875,,,0
22,2016,2025-03-01,573,Enterprise Europe Network 2022 - 2024: Expert Contract,5143,EEN Expert 2025,VERRECHNUNG INTERN,FALSE,PRORATA_PAYROLL,35.875,,,0
22,2136,2024-01-01,715,EUB: 2024 - 2025,4414,EUB 2024,INSTITUTIONELLE FÖRDERUNG,FALSE,PRORATA_PAYROLL,138.66666666666666,,,14383.86
22,2136,2024-02-01,715,EUB: 2024 - 2025,4414,EUB 2024,INSTITUTIONELLE FÖRDERUNG,FALSE,PRORATA_PAYROLL,148,,,14383.86
22,2136,2024-03-01,715,EUB: 2024 - 2025,4414,EUB 2024,INSTITUTIONELLE FÖRDERUNG,FALSE,PRORATA_PAYROLL,94.25,,,15083.86
22,2136,2024-04-01,715,EUB: 2024 - 2025,4414,EUB 2024,INSTITUTIONELLE FÖRDERUNG,FALSE,PRORATA_PAYROLL,130.45833333333334,,,14383.86
22,2136,2024-05-01,715,EUB: 2024 - 2025,4414,EUB 2024,INSTITUTIONELLE FÖRDERUNG,FALSE,PRORATA_PAYROLL,157.875,,,14383.86
22,2136,2024-06-01,715,EUB: 2024 - 2025,4414,EUB 2024,INSTITUTIONELLE FÖRDERUNG,FALSE,PRORATA_PAYROLL,166.875,,,15083.86
22,2136,2024-07-01,715,EUB: 2024 - 2025,4414,EUB 2024,INSTITUTIONELLE FÖRDERUNG,FALSE,PRORATA_PAYROLL,72.08333333333333,,,14383.86
22,2136,2024-08-01,715,EUB: 2024 - 2025,4414,EUB 2024,INSTITUTIONELLE FÖRDERUNG,FALSE,PRORATA_PAYROLL,183.75,,,14383.86
22,2136,2024-09-01,715,EUB: 2024 - 2025,4414,EUB 2024,INSTITUTIONELLE FÖRDERUNG,FALSE,PRORATA_PAYROLL,108.16666666666667,,,14383.86
22,2136,2024-10-01,715,EUB: 2024 - 2025,4414,EUB 2024,INSTITUTIONELLE FÖRDERUNG,FALSE,PRORATA_PAYROLL,136.41666666666666,,,14383.86
22,2136,2024-11-01,715,EUB: 2024 - 2025,4414,EUB 2024,INSTITUTIONELLE FÖRDERUNG,FALSE,PRORATA_PAYROLL,121.66666666666667,,,14383.86
22,2136,2024-12-01,715,EUB: 2024 - 2025,4414,EUB 2024,INSTITUTIONELLE FÖRDERUNG,FALSE,PRORATA_PAYROLL,48.25,,,14383.86
22,2136,2025-01-01,715,EUB: 2024 - 2025,4415,EUB 2025,INSTITUTIONELLE FÖRDERUNG,FALSE,PRORATA_PAYROLL,126.625,,,0
22,2136,2025-02-01,715,EUB: 2024 - 2025,4415,EUB 2025,INSTITUTIONELLE FÖRDERUNG,FALSE,PRORATA_PAYROLL,135.875,,,0
22,2136,2025-03-01,715,EUB: 2024 - 2025,4415,EUB 2025,INSTITUTIONELLE FÖRDERUNG,FALSE,PRORATA_PAYROLL,118.625,,,0
22,2136,2025-04-01,715,EUB: 2024 - 2025,4415,EUB 2025,INSTITUTIONELLE FÖRDERUNG,FALSE,PRORATA_PAYROLL,28,,,0
24,2016,2024-01-01,568,Hydro4U (mit MwSt),3612,"WP6 Dissemination, Communication and Exploitation",H2020,FALSE,PRORATA_PAYROLL,56.666666666666664,,,2614.57
24,2016,2024-02-01,568,Hydro4U (mit MwSt),3612,"WP6 Dissemination, Communication and Exploitation",H2020,FALSE,PRORATA_PAYROLL,44.041666666666664,,,2352.91
24,2016,2024-03-01,568,Hydro4U (mit MwSt),3612,"WP6 Dissemination, Communication and Exploitation",H2020,FALSE,PRORATA_PAYROLL,28.45,,,1757.41
24,2016,2024-04-01,568,Hydro4U (mit MwSt),3612,"WP6 Dissemination, Communication and Exploitation",H2020,FALSE,PRORATA_PAYROLL,23.466666666666665,,,1573.42
24,2016,2024-05-01,568,Hydro4U (mit MwSt),3612,"WP6 Dissemination, Communication and Exploitation",H2020,FALSE,PRORATA_PAYROLL,30.720833333333335,,,1641.25
24,2016,2024-06-01,568,Hydro4U (mit MwSt),3612,"WP6 Dissemination, Communication and Exploitation",H2020,FALSE,PRORATA_PAYROLL,36.829166666666666,,,1925.06
24,2016,2024-07-01,568,Hydro4U (mit MwSt),3612,"WP6 Dissemination, Communication and Exploitation",H2020,FALSE,PRORATA_PAYROLL,66.525,,,2773.91
24,2016,2024-08-01,568,Hydro4U (mit MwSt),3612,"WP6 Dissemination, Communication and Exploitation",H2020,FALSE,PRORATA_PAYROLL,32.22083333333333,,,2038.51
24,2016,2024-09-01,568,Hydro4U (mit MwSt),3612,"WP6 Dissemination, Communication and Exploitation",H2020,FALSE,PRORATA_PAYROLL,42.375,,,2048.31
24,2016,2024-10-01,568,Hydro4U (mit MwSt),3612,"WP6 Dissemination, Communication and Exploitation",H2020,FALSE,PRORATA_PAYROLL,10.3375,,,1484.12
24,2016,2024-11-01,568,Hydro4U (mit MwSt),3612,"WP6 Dissemination, Communication and Exploitation",H2020,FALSE,PRORATA_PAYROLL,11.85,,,748.3
24,2016,2024-12-01,568,Hydro4U (mit MwSt),3612,"WP6 Dissemination, Communication and Exploitation",H2020,FALSE,PRORATA_PAYROLL,21.429166666666667,,,3262.14
24,2016,2025-01-01,568,Hydro4U (mit MwSt),3612,"WP6 Dissemination, Communication and Exploitation",H2020,FALSE,PRORATA_PAYROLL,37.0875,,,0
24,2016,2025-02-01,568,Hydro4U (mit MwSt),3612,"WP6 Dissemination, Communication and Exploitation",H2020,FALSE,PRORATA_PAYROLL,29,,,0
24,2016,2025-03-01,568,Hydro4U (mit MwSt),3612,"WP6 Dissemination, Communication and Exploitation",H2020,FALSE,PRORATA_PAYROLL,39.8625,,,0
24,2016,2025-04-01,568,Hydro4U (mit MwSt),3612,"WP6 Dissemination, Communication and Exploitation",H2020,FALSE,PRORATA_PAYROLL,92.875,,,0
24,2016,2025-05-01,568,Hydro4U (mit MwSt),3612,"WP6 Dissemination, Communication and Exploitation",H2020,FALSE,PRORATA_PAYROLL,95.625,,,0
24,2016,2025-06-01,568,Hydro4U (mit MwSt),3612,"WP6 Dissemination, Communication and Exploitation",H2020,FALSE,PRORATA_PAYROLL,7,,,0
24,2016,2025-07-01,568,Hydro4U (mit MwSt),3612,"WP6 Dissemination, Communication and Exploitation",H2020,FALSE,PRORATA_PAYROLL,35.82083333333333,,,0
24,2016,2025-08-01,568,Hydro4U (mit MwSt),3612,"WP6 Dissemination, Communication and Exploitation",H2020,FALSE,PRORATA_PAYROLL,15.958333333333334,,,0
24,2016,2024-06-01,568,Hydro4U (mit MwSt),3613,WP7 Project management,H2020,FALSE,PRORATA_PAYROLL,32.80416666666667,,,1714.67
24,2016,2024-07-01,568,Hydro4U (mit MwSt),3613,WP7 Project management,H2020,FALSE,PRORATA_PAYROLL,4.316666666666666,,,179.99
24,2016,2024-08-01,568,Hydro4U (mit MwSt),3613,WP7 Project management,H2020,FALSE,PRORATA_PAYROLL,19.570833333333333,,,1238.18
27,2017,2024-08-01,780,EU-KONFORM: H2Valley Phase 1 Projektanbahnung 2024,4734,H2Valley Umsetzung Phase 1 2024,EU-KONFORM,FALSE,PRORATA_PAYROLL,2,,,187.51
27,2017,2024-09-01,780,EU-KONFORM: H2Valley Phase 1 Projektanbahnung 2024,4734,H2Valley Umsetzung Phase 1 2024,EU-KONFORM,FALSE,PRORATA_PAYROLL,11.2,,,940.22
27,2017,2024-10-01,780,EU-KONFORM: H2Valley Phase 1 Projektanbahnung 2024,4734,H2Valley Umsetzung Phase 1 2024,EU-KONFORM,FALSE,PRORATA_PAYROLL,25,,,2007.11
27,2017,2024-11-01,780,EU-KONFORM: H2Valley Phase 1 Projektanbahnung 2024,4734,H2Valley Umsetzung Phase 1 2024,EU-KONFORM,FALSE,PRORATA_PAYROLL,33.84166666666667,,,2237.49
27,2017,2024-12-01,780,EU-KONFORM: H2Valley Phase 1 Projektanbahnung 2024,4734,H2Valley Umsetzung Phase 1 2024,EU-KONFORM,FALSE,PRORATA_PAYROLL,11.708333333333334,,,3018.26
27,2017,2024-09-01,781,INTERREG: RECENTRE,4794,WP1 2024 - To engage SMEs to develop the transformation model,INTERREG,FALSE,PRORATA_PAYROLL,8.066666666666666,,,677.19
27,2017,2024-10-01,781,INTERREG: RECENTRE,4794,WP1 2024 - To engage SMEs to develop the transformation model,INTERREG,FALSE,PRORATA_PAYROLL,15.941666666666666,,,1279.86
27,2017,2024-11-01,781,INTERREG: RECENTRE,4794,WP1 2024 - To engage SMEs to develop the transformation model,INTERREG,FALSE,PRORATA_PAYROLL,19.725,,,1304.15
27,2017,2024-12-01,781,INTERREG: RECENTRE,4794,WP1 2024 - To engage SMEs to develop the transformation model,INTERREG,FALSE,PRORATA_PAYROLL,11.375,,,2932.33
27,2017,2025-01-01,781,INTERREG: RECENTRE,4803,WP1 2025 RP1 - To engage SMEs to develop the transformation model,INTERREG,FALSE,PRORATA_PAYROLL,12.791666666666666,,,1207.86
27,2017,2025-02-01,781,INTERREG: RECENTRE,4803,WP1 2025 RP1 - To engage SMEs to develop the transformation model,INTERREG,FALSE,PRORATA_PAYROLL,19.5,,,1380.97
27,2017,2025-03-01,781,INTERREG: RECENTRE,4804,WP2 2025 RP2 - Testing the methodology for a Manufacturing 5.0,INTERREG,FALSE,PRORATA_PAYROLL,7.75,,,516.56
27,2017,2025-04-01,781,INTERREG: RECENTRE,4804,WP2 2025 RP2 - Testing the methodology for a Manufacturing 5.0,INTERREG,FALSE,PRORATA_PAYROLL,4.375,,,381.33
27,2017,2025-05-01,781,INTERREG: RECENTRE,4804,WP2 2025 RP2 - Testing the methodology for a Manufacturing 5.0,INTERREG,FALSE,PRORATA_PAYROLL,6.666666666666667,,,472.87
27,2017,2025-06-01,781,INTERREG: RECENTRE,4804,WP2 2025 RP2 - Testing the methodology for a Manufacturing 5.0,INTERREG,FALSE,PRORATA_PAYROLL,8.916666666666666,,,1124.39
27,2017,2025-07-01,781,INTERREG: RECENTRE,4804,WP2 2025 RP2 - Testing the methodology for a Manufacturing 5.0,INTERREG,FALSE,PRORATA_PAYROLL,6,,,378.3
27,2017,2025-08-01,781,INTERREG: RECENTRE,4804,WP2 2025 RP2 - Testing the methodology for a Manufacturing 5.0,INTERREG,FALSE,PRORATA_PAYROLL,5.208333333333333,,,347.7
27,2017,2025-03-01,781,INTERREG: RECENTRE,4923,WP1 2025 RP2 - To engage SMEs to develop the transformation model,INTERREG,FALSE,PRORATA_PAYROLL,4.75,,,316.6
27,2017,2025-04-01,781,INTERREG: RECENTRE,4923,WP1 2025 RP2 - To engage SMEs to develop the transformation model,INTERREG,FALSE,PRORATA_PAYROLL,4.375,,,381.33
27,2017,2025-05-01,781,INTERREG: RECENTRE,4923,WP1 2025 RP2 - To engage SMEs to develop the transformation model,INTERREG,FALSE,PRORATA_PAYROLL,2.6666666666666665,,,189.15
27,2017,2025-07-01,781,INTERREG: RECENTRE,4923,WP1 2025 RP2 - To engage SMEs to develop the transformation model,INTERREG,FALSE,PRORATA_PAYROLL,3.6,,,226.98
27,2017,2025-08-01,781,INTERREG: RECENTRE,4923,WP1 2025 RP2 - To engage SMEs to develop the transformation model,INTERREG,FALSE,PRORATA_PAYROLL,3.3,,,220.3
27,2017,2025-07-01,786,INTERREG: IN4SeRMat,4833,S02 Work Pan to set up  an Ecosystem,INTERREG,FALSE,PRORATA_PAYROLL,16.5,,,1040.32
27,2017,2025-08-01,786,INTERREG: IN4SeRMat,4833,S02 Work Pan to set up  an Ecosystem,INTERREG,FALSE,PRORATA_PAYROLL,17.308333333333334,,,1155.48
27,2017,2025-07-01,787,INTERREG: ForeDanube,4825,WP5 Development of a Foresight Methodology 2025,INTERREG,FALSE,PRORATA_PAYROLL,8.575,,,540.65
27,2017,2025-08-01,787,INTERREG: ForeDanube,4825,WP5 Development of a Foresight Methodology 2025,INTERREG,FALSE,PRORATA_PAYROLL,18.558333333333334,,,1238.93
27,2017,2025-07-01,787,INTERREG: ForeDanube,4826,WP6 Model of Institutionalisation of Foresight Activitie 2025,INTERREG,FALSE,PRORATA_PAYROLL,11.6,,,731.38
27,2017,2025-08-01,787,INTERREG: ForeDanube,4826,WP6 Model of Institutionalisation of Foresight Activitie 2025,INTERREG,FALSE,PRORATA_PAYROLL,1.6,,,106.81
27,2017,2025-07-01,787,INTERREG: ForeDanube,4840,WP3 Report on Funding Possibilities 2025,INTERREG,FALSE,PRORATA_PAYROLL,8.425,,,531.19
27,2017,2025-08-01,787,INTERREG: ForeDanube,4840,WP3 Report on Funding Possibilities 2025,INTERREG,FALSE,PRORATA_PAYROLL,8.533333333333333,,,569.67
27,2017,2025-07-01,787,INTERREG: ForeDanube,4841,WP4 Community and Stakeholder Consultations 2025,INTERREG,FALSE,PRORATA_PAYROLL,7.3,,,460.26
27,2017,2025-08-01,787,INTERREG: ForeDanube,4841,WP4 Community and Stakeholder Consultations 2025,INTERREG,FALSE,PRORATA_PAYROLL,6.633333333333334,,,442.83
27,2017,2024-07-01,796,TENDER: FWC Hydrogen FP2,4774,WP1 Umsetzung,TENDER,FALSE,PRORATA_PAYROLL,32.229166666666664,,,2145.32
27,2017,2024-08-01,796,TENDER: FWC Hydrogen FP2,4774,WP1 Umsetzung,TENDER,FALSE,PRORATA_PAYROLL,25.266666666666666,,,2368.82
27,2017,2024-09-01,796,TENDER: FWC Hydrogen FP2,4774,WP1 Umsetzung,TENDER,FALSE,PRORATA_PAYROLL,19.5,,,1637
27,2017,2024-10-01,796,TENDER: FWC Hydrogen FP2,4774,WP1 Umsetzung,TENDER,FALSE,PRORATA_PAYROLL,30.058333333333334,,,2413.21
27,2017,2024-12-01,796,TENDER: FWC Hydrogen FP2,4774,WP1 Umsetzung,TENDER,FALSE,PRORATA_PAYROLL,7.5,,,1933.4
27,2017,2025-05-01,797,PA8 Lighthouse Projects WM,4828,SO1 Lighthouse projects identification and study document development (2025),TENDER,FALSE,PRORATA_PAYROLL,15.666666666666666,,,1111.25
27,2017,2025-06-01,797,PA8 Lighthouse Projects WM,4828,SO1 Lighthouse projects identification and study document development (2025),TENDER,FALSE,PRORATA_PAYROLL,8.916666666666666,,,1124.39
27,2017,2025-06-01,797,PA8 Lighthouse Projects WM,4829,SO2 Communication & Dissemination activities (2025),TENDER,FALSE,PRORATA_PAYROLL,2.5,,,315.25
27,2017,2025-06-01,797,PA8 Lighthouse Projects WM,4831,SO4 Project Management,TENDER,FALSE,PRORATA_PAYROLL,2.75,,,346.77
27,2017,2025-04-01,807,INTERREG: Danube Crafts,4951,SO1 - Establishing Route strategy,INTERREG,FALSE,PRORATA_PAYROLL,14,,,1220.26
27,2017,2025-05-01,807,INTERREG: Danube Crafts,4951,SO1 - Establishing Route strategy,INTERREG,FALSE,PRORATA_PAYROLL,17.75,,,1259.02
27,2017,2025-06-01,807,INTERREG: Danube Crafts,4951,SO1 - Establishing Route strategy,INTERREG,FALSE,PRORATA_PAYROLL,9.833333333333334,,,1239.98
27,2017,2025-07-01,807,INTERREG: Danube Crafts,4951,SO1 - Establishing Route strategy,INTERREG,FALSE,PRORATA_PAYROLL,18.15,,,1144.35
27,2017,2025-08-01,807,INTERREG: Danube Crafts,4951,SO1 - Establishing Route strategy,INTERREG,FALSE,PRORATA_PAYROLL,16.658333333333335,,,1112.08
30,2016,2024-03-01,530,ISLANDER (mit MwSt),3404,"WP9 Exploitation, dissemination",H2020,FALSE,PRORATA_PAYROLL,43,,,3188.21
30,2016,2024-04-01,530,ISLANDER (mit MwSt),3404,"WP9 Exploitation, dissemination",H2020,FALSE,PRORATA_PAYROLL,18.25,,,993.43
30,2016,2024-05-01,530,ISLANDER (mit MwSt),3404,"WP9 Exploitation, dissemination",H2020,FALSE,PRORATA_PAYROLL,17.25,,,994.43
30,2016,2024-10-01,530,ISLANDER (mit MwSt),3404,"WP9 Exploitation, dissemination",H2020,FALSE,PRORATA_PAYROLL,14.5,,,678.25
30,2016,2024-01-01,562,COSMHYC DEMO (mit MwSt),4572,WP7 ComDissExp 2024 - DEMO,H2020,FALSE,PRORATA_PAYROLL,3.25,,,214.91
30,2016,2024-04-01,562,COSMHYC DEMO (mit MwSt),4572,WP7 ComDissExp 2024 - DEMO,H2020,FALSE,PRORATA_PAYROLL,21.75,,,1183.95
30,2016,2024-10-01,562,COSMHYC DEMO (mit MwSt),4572,WP7 ComDissExp 2024 - DEMO,H2020,FALSE,PRORATA_PAYROLL,11,,,514.54
30,2016,2024-11-01,562,COSMHYC DEMO (mit MwSt),4572,WP7 ComDissExp 2024 - DEMO,H2020,FALSE,PRORATA_PAYROLL,25.666666666666668,,,1364.31
30,2016,2024-12-01,562,COSMHYC DEMO (mit MwSt),4572,WP7 ComDissExp 2024 - DEMO,H2020,FALSE,PRORATA_PAYROLL,2.8333333333333335,,,295.8
30,2016,2024-01-01,568,Hydro4U (mit MwSt),3612,"WP6 Dissemination, Communication and Exploitation",H2020,FALSE,PRORATA_PAYROLL,19.5,,,1289.46
30,2016,2024-02-01,568,Hydro4U (mit MwSt),3612,"WP6 Dissemination, Communication and Exploitation",H2020,FALSE,PRORATA_PAYROLL,7.5,,,468.39
30,2016,2024-03-01,568,Hydro4U (mit MwSt),3612,"WP6 Dissemination, Communication and Exploitation",H2020,FALSE,PRORATA_PAYROLL,9,,,667.3
30,2016,2024-04-01,568,Hydro4U (mit MwSt),3612,"WP6 Dissemination, Communication and Exploitation",H2020,FALSE,PRORATA_PAYROLL,7.5,,,408.26
30,2016,2024-05-01,568,Hydro4U (mit MwSt),3612,"WP6 Dissemination, Communication and Exploitation",H2020,FALSE,PRORATA_PAYROLL,11.25,,,648.54
30,2016,2024-06-01,568,Hydro4U (mit MwSt),3612,"WP6 Dissemination, Communication and Exploitation",H2020,FALSE,PRORATA_PAYROLL,10.5,,,826.73
30,2016,2024-08-01,568,Hydro4U (mit MwSt),3612,"WP6 Dissemination, Communication and Exploitation",H2020,FALSE,PRORATA_PAYROLL,10.083333333333334,,,637.38
30,2016,2024-09-01,568,Hydro4U (mit MwSt),3612,"WP6 Dissemination, Communication and Exploitation",H2020,FALSE,PRORATA_PAYROLL,6.75,,,526.23
30,2016,2024-10-01,568,Hydro4U (mit MwSt),3612,"WP6 Dissemination, Communication and Exploitation",H2020,FALSE,PRORATA_PAYROLL,20.25,,,947.22
30,2016,2024-12-01,568,Hydro4U (mit MwSt),3612,"WP6 Dissemination, Communication and Exploitation",H2020,FALSE,PRORATA_PAYROLL,24.916666666666668,,,2601.3
30,2016,2025-01-01,568,Hydro4U (mit MwSt),3612,"WP6 Dissemination, Communication and Exploitation",H2020,FALSE,PRORATA_PAYROLL,7,,,0
30,2016,2025-02-01,568,Hydro4U (mit MwSt),3612,"WP6 Dissemination, Communication and Exploitation",H2020,FALSE,PRORATA_PAYROLL,13.25,,,0
30,2016,2025-03-01,568,Hydro4U (mit MwSt),3612,"WP6 Dissemination, Communication and Exploitation",H2020,FALSE,PRORATA_PAYROLL,15,,,0
30,2016,2025-04-01,568,Hydro4U (mit MwSt),3612,"WP6 Dissemination, Communication and Exploitation",H2020,FALSE,PRORATA_PAYROLL,20,,,0
30,2016,2025-05-01,568,Hydro4U (mit MwSt),3612,"WP6 Dissemination, Communication and Exploitation",H2020,FALSE,PRORATA_PAYROLL,11,,,0
30,2016,2025-07-01,568,Hydro4U (mit MwSt),3612,"WP6 Dissemination, Communication and Exploitation",H2020,FALSE,PRORATA_PAYROLL,6.333333333333333,,,0
30,2016,2025-08-01,568,Hydro4U (mit MwSt),3612,"WP6 Dissemination, Communication and Exploitation",H2020,FALSE,PRORATA_PAYROLL,11.166666666666666,,,0
30,2016,2025-01-01,571,FlashPhos (mit MwSt),4580,WP10 Communication 2025,H2020,FALSE,PRORATA_PAYROLL,3.5,,,0
30,2016,2025-03-01,571,FlashPhos (mit MwSt),4580,WP10 Communication 2025,H2020,FALSE,PRORATA_PAYROLL,7.25,,,0
30,2016,2025-05-01,571,FlashPhos (mit MwSt),4580,WP10 Communication 2025,H2020,FALSE,PRORATA_PAYROLL,6.75,,,0
30,2016,2025-06-01,571,FlashPhos (mit MwSt),4580,WP10 Communication 2025,H2020,FALSE,PRORATA_PAYROLL,3.5,,,0
30,2016,2025-07-01,571,FlashPhos (mit MwSt),4580,WP10 Communication 2025,H2020,FALSE,PRORATA_PAYROLL,4,,,0
30,2016,2024-01-01,603,SOPHIA (inkl. MwSt),3967,WP8 Comm/Diss,H2020,FALSE,PRORATA_PAYROLL,10.5,,,694.32
30,2016,2024-02-01,603,SOPHIA (inkl. MwSt),3967,WP8 Comm/Diss,H2020,FALSE,PRORATA_PAYROLL,4.5,,,281.04
30,2016,2024-06-01,603,SOPHIA (inkl. MwSt),3967,WP8 Comm/Diss,H2020,FALSE,PRORATA_PAYROLL,3.5,,,275.58
30,2016,2024-07-01,603,SOPHIA (inkl. MwSt),3967,WP8 Comm/Diss,H2020,FALSE,PRORATA_PAYROLL,28,,,1464
30,2016,2024-08-01,603,SOPHIA (inkl. MwSt),3967,WP8 Comm/Diss,H2020,FALSE,PRORATA_PAYROLL,2.6666666666666665,,,168.56
30,2016,2024-09-01,603,SOPHIA (inkl. MwSt),3967,WP8 Comm/Diss,H2020,FALSE,PRORATA_PAYROLL,9.75,,,760.11
30,2016,2024-10-01,603,SOPHIA (inkl. MwSt),3967,WP8 Comm/Diss,H2020,FALSE,PRORATA_PAYROLL,3,,,140.33
30,2016,2024-11-01,603,SOPHIA (inkl. MwSt),3967,WP8 Comm/Diss,H2020,FALSE,PRORATA_PAYROLL,7.5,,,398.66
30,2016,2024-12-01,603,SOPHIA (inkl. MwSt),3967,WP8 Comm/Diss,H2020,FALSE,PRORATA_PAYROLL,8.333333333333334,,,870
32,2017,2024-01-01,644,TENDER: Smart Cities Marketplace 2.0,4024,Events 2024,TENDER,FALSE,PRORATA_PAYROLL,10.666666666666666,,,506.14
32,2017,2025-02-01,644,TENDER: Smart Cities Marketplace 2.0,4025,Events 2025,TENDER,FALSE,PRORATA_PAYROLL,3.111111111111111,,,254.08
32,2017,2025-03-01,644,TENDER: Smart Cities Marketplace 2.0,4025,Events 2025,TENDER,FALSE,PRORATA_PAYROLL,5,,,257.34
32,2017,2025-04-01,644,TENDER: Smart Cities Marketplace 2.0,4025,Events 2025,TENDER,FALSE,PRORATA_PAYROLL,10.88888888888889,,,597.8
32,2017,2024-01-01,681,TENDER: Citizen Led 1,4230,Inhaltlich 2024,TENDER,FALSE,PRORATA_PAYROLL,26.666666666666668,,,1265.34
32,2017,2024-02-01,681,TENDER: Citizen Led 1,4230,Inhaltlich 2024,TENDER,FALSE,PRORATA_PAYROLL,2.6666666666666665,,,134.65
32,2017,2024-01-01,683,TENDER: EU Island 2.0,4183,Events 2024,TENDER,FALSE,PRORATA_PAYROLL,16.666666666666668,,,790.84
32,2017,2024-02-01,683,TENDER: EU Island 2.0,4183,Events 2024,TENDER,FALSE,PRORATA_PAYROLL,13.666666666666666,,,690.1
32,2017,2024-01-01,693,TENDER: FWC Hydrogen 2023,4264,BD Umsetzung,TENDER,FALSE,PRORATA_PAYROLL,20.666666666666668,,,980.64
32,2017,2025-02-01,693,TENDER: FWC Hydrogen 2023,4264,BD Umsetzung,TENDER,FALSE,PRORATA_PAYROLL,2.8333333333333335,,,231.39
32,2017,2024-02-01,729,EVENT: OIK 2024,4482,OIK 2024 Vorbereitung 2024,EVENT,FALSE,PRORATA_PAYROLL,12.666666666666666,,,639.61
32,2017,2024-03-01,729,EVENT: OIK 2024,4482,OIK 2024 Vorbereitung 2024,EVENT,FALSE,PRORATA_PAYROLL,54.333333333333336,,,3362.93
32,2017,2024-04-01,729,EVENT: OIK 2024,4482,OIK 2024 Vorbereitung 2024,EVENT,FALSE,PRORATA_PAYROLL,70.5,,,2900.96
32,2017,2024-01-01,746,EVENT: EU-Forschungsförderung MWK 08.03.2024,4540,Umsetzung EVENT Forschungsförderung 8.3.24,EVENT,FALSE,PRORATA_PAYROLL,18.666666666666668,,,885.74
32,2017,2024-02-01,746,EVENT: EU-Forschungsförderung MWK 08.03.2024,4540,Umsetzung EVENT Forschungsförderung 8.3.24,EVENT,FALSE,PRORATA_PAYROLL,14.666666666666666,,,740.6
32,2017,2024-03-01,746,EVENT: EU-Forschungsförderung MWK 08.03.2024,4540,Umsetzung EVENT Forschungsförderung 8.3.24,EVENT,FALSE,PRORATA_PAYROLL,2.3333333333333335,,,144.42
32,2017,2024-01-01,750,TENDER: Citizen Led 2,4548,WP Planung 2024,TENDER,FALSE,PRORATA_PAYROLL,39.333333333333336,,,1866.38
32,2017,2024-02-01,750,TENDER: Citizen Led 2,4548,WP Planung 2024,TENDER,FALSE,PRORATA_PAYROLL,13.333333333333334,,,673.27
32,2017,2025-02-01,750,TENDER: Citizen Led 2,4549,WP Planung 2025,TENDER,FALSE,PRORATA_PAYROLL,6.611111111111111,,,539.92
32,2017,2025-03-01,750,TENDER: Citizen Led 2,4549,WP Planung 2025,TENDER,FALSE,PRORATA_PAYROLL,12.333333333333334,,,634.78
32,2017,2025-04-01,750,TENDER: Citizen Led 2,4549,WP Planung 2025,TENDER,FALSE,PRORATA_PAYROLL,21.88888888888889,,,1201.69
32,2017,2025-05-01,750,TENDER: Citizen Led 2,4549,WP Planung 2025,TENDER,FALSE,PRORATA_PAYROLL,2,,,109.8
32,2017,2024-03-01,751,EVENT: StaMi 4 Motoren 2024,4550,WP Planung 2024,EVENT,FALSE,PRORATA_PAYROLL,14.666666666666666,,,907.78
32,2017,2024-04-01,751,EVENT: StaMi 4 Motoren 2024,4550,WP Planung 2024,EVENT,FALSE,PRORATA_PAYROLL,11,,,452.63
32,2017,2024-07-01,775,KI-Champions Videos 2024,4707,Durchführung,BERATUNGSAUFTRAG,FALSE,PRORATA_PAYROLL,4,,,177.95
32,2017,2024-07-01,776,EVENT: Global Connect 2024,4710,WP Event Umsetzung,EVENT,FALSE,PRORATA_PAYROLL,28.666666666666668,,,1275.33
32,2017,2024-08-01,776,EVENT: Global Connect 2024,4710,WP Event Umsetzung,EVENT,FALSE,PRORATA_PAYROLL,4.666666666666667,,,541.51
32,2017,2024-09-01,776,EVENT: Global Connect 2024,4710,WP Event Umsetzung,EVENT,FALSE,PRORATA_PAYROLL,9.333333333333334,,,622.55
32,2017,2024-10-01,776,EVENT: Global Connect 2024,4710,WP Event Umsetzung,EVENT,FALSE,PRORATA_PAYROLL,45.666666666666664,,,2332.12
32,2017,2024-11-01,776,EVENT: Global Connect 2024,4710,WP Event Umsetzung,EVENT,FALSE,PRORATA_PAYROLL,54.333333333333336,,,2389.35
32,2017,2024-07-01,777,EVENT: Ukrainische Delegation 2024,4711,Ukrainische Delegation Umsetzung,REGIONALE FÖRDERUNG,FALSE,PRORATA_PAYROLL,34.083333333333336,,,1516.31
32,2017,2024-08-01,780,EU-KONFORM: H2Valley Phase 1 Projektanbahnung 2024,4734,H2Valley Umsetzung Phase 1 2024,EU-KONFORM,FALSE,PRORATA_PAYROLL,12,,,1392.44
32,2017,2025-01-01,800,EVENT: Umwelttechnikpreis 2025,4834,WP Planung 2025,EVENT,FALSE,PRORATA_PAYROLL,9.333333333333334,,,619
32,2017,2025-02-01,800,EVENT: Umwelttechnikpreis 2025,4834,WP Planung 2025,EVENT,FALSE,PRORATA_PAYROLL,9.833333333333334,,,803.08
32,2017,2025-03-01,800,EVENT: Umwelttechnikpreis 2025,4834,WP Planung 2025,EVENT,FALSE,PRORATA_PAYROLL,59.333333333333336,,,3053.79
32,2017,2025-04-01,800,EVENT: Umwelttechnikpreis 2025,4834,WP Planung 2025,EVENT,FALSE,PRORATA_PAYROLL,8,,,439.2
32,2017,2025-05-01,800,EVENT: Umwelttechnikpreis 2025,4834,WP Planung 2025,EVENT,FALSE,PRORATA_PAYROLL,13.166666666666666,,,722.84
32,2017,2025-07-01,800,EVENT: Umwelttechnikpreis 2025,4834,WP Planung 2025,EVENT,FALSE,PRORATA_PAYROLL,63.5,,,3268.24
32,2017,2025-07-01,826,EVENT: Ukrainische Delegation Metaverse 2025,4990,Projektmanagement,EVENT,FALSE,PRORATA_PAYROLL,64.5,,,3319.71
35,2017,2024-01-01,747,EU-KONFORM: MRN Antrag RIS,4541,EU-KONFORM: MRN RIS Umsetzung,EU-KONFORM,FALSE,PRORATA_PAYROLL,56,,,2854.82
37,2017,2024-01-01,629,Vanguard KI Pilot 2022-2023,4314,Vanguard KI Pilot 2024,REGIONALE FÖRDERUNG,FALSE,PRORATA_PAYROLL,29.25,,,2259.21
37,2017,2024-02-01,629,Vanguard KI Pilot 2022-2023,4314,Vanguard KI Pilot 2024,REGIONALE FÖRDERUNG,FALSE,PRORATA_PAYROLL,19.5,,,1529.01
37,2017,2024-03-01,629,Vanguard KI Pilot 2022-2023,4314,Vanguard KI Pilot 2024,REGIONALE FÖRDERUNG,FALSE,PRORATA_PAYROLL,6,,,423.6
37,2017,2024-04-01,629,Vanguard KI Pilot 2022-2023,4314,Vanguard KI Pilot 2024,REGIONALE FÖRDERUNG,FALSE,PRORATA_PAYROLL,11.625,,,1098.94
37,2017,2024-08-01,629,Vanguard KI Pilot 2022-2023,4314,Vanguard KI Pilot 2024,REGIONALE FÖRDERUNG,FALSE,PRORATA_PAYROLL,7,,,1629.28
37,2017,2024-01-01,642,TENDER: DTA,4014,Tender DTA - 2024,TENDER,FALSE,PRORATA_PAYROLL,2.625,,,202.75
37,2017,2024-03-01,642,TENDER: DTA,4014,Tender DTA - 2024,TENDER,FALSE,PRORATA_PAYROLL,3.5,,,247.1
37,2017,2024-08-01,642,TENDER: DTA,4014,Tender DTA - 2024,TENDER,FALSE,PRORATA_PAYROLL,8.366666666666667,,,1947.37
37,2017,2025-01-01,644,TENDER: Smart Cities Marketplace 2.0,4021,DC 2025,TENDER,FALSE,PRORATA_PAYROLL,19.5,,,1373.9
37,2017,2025-02-01,644,TENDER: Smart Cities Marketplace 2.0,4021,DC 2025,TENDER,FALSE,PRORATA_PAYROLL,4,,,348.03
37,2017,2024-05-01,644,TENDER: Smart Cities Marketplace 2.0,4024,Events 2024,TENDER,FALSE,PRORATA_PAYROLL,3.5,,,353.4
37,2017,2024-06-01,644,TENDER: Smart Cities Marketplace 2.0,4024,Events 2024,TENDER,FALSE,PRORATA_PAYROLL,22.75,,,1703.95
37,2017,2024-01-01,681,TENDER: Citizen Led 1,4230,Inhaltlich 2024,TENDER,FALSE,PRORATA_PAYROLL,2.875,,,222.06
37,2017,2024-02-01,681,TENDER: Citizen Led 1,4230,Inhaltlich 2024,TENDER,FALSE,PRORATA_PAYROLL,3.625,,,284.24
37,2017,2024-03-01,681,TENDER: Citizen Led 1,4230,Inhaltlich 2024,TENDER,FALSE,PRORATA_PAYROLL,26.208333333333332,,,1850.32
37,2017,2024-03-01,683,TENDER: EU Island 2.0,4183,Events 2024,TENDER,FALSE,PRORATA_PAYROLL,4.25,,,300.05
37,2017,2024-04-01,683,TENDER: EU Island 2.0,4183,Events 2024,TENDER,FALSE,PRORATA_PAYROLL,15.75,,,1488.89
37,2017,2025-01-01,683,TENDER: EU Island 2.0,4184,Events 2025,TENDER,FALSE,PRORATA_PAYROLL,6,,,422.74
37,2017,2025-02-01,683,TENDER: EU Island 2.0,4184,Events 2025,TENDER,FALSE,PRORATA_PAYROLL,26.75,,,2327.43
37,2017,2024-01-01,693,TENDER: FWC Hydrogen 2023,4264,BD Umsetzung,TENDER,FALSE,PRORATA_PAYROLL,3.125,,,241.37
37,2017,2024-02-01,693,TENDER: FWC Hydrogen 2023,4264,BD Umsetzung,TENDER,FALSE,PRORATA_PAYROLL,3.625,,,284.24
37,2017,2024-03-01,693,TENDER: FWC Hydrogen 2023,4264,BD Umsetzung,TENDER,FALSE,PRORATA_PAYROLL,12.75,,,900.15
37,2017,2025-01-01,693,TENDER: FWC Hydrogen 2023,4264,BD Umsetzung,TENDER,FALSE,PRORATA_PAYROLL,7,,,493.2
37,2017,2024-04-01,750,TENDER: Citizen Led 2,4548,WP Planung 2024,TENDER,FALSE,PRORATA_PAYROLL,17.875,,,1689.77
37,2017,2024-05-01,750,TENDER: Citizen Led 2,4548,WP Planung 2024,TENDER,FALSE,PRORATA_PAYROLL,33.375,,,3369.89
37,2017,2024-06-01,750,TENDER: Citizen Led 2,4548,WP Planung 2024,TENDER,FALSE,PRORATA_PAYROLL,5.916666666666667,,,443.15
37,2017,2025-01-01,750,TENDER: Citizen Led 2,4549,WP Planung 2025,TENDER,FALSE,PRORATA_PAYROLL,13,,,915.93
37,2017,2025-02-01,750,TENDER: Citizen Led 2,4549,WP Planung 2025,TENDER,FALSE,PRORATA_PAYROLL,11.25,,,978.83
37,2017,2024-02-01,762,EU-KONFORM: MRN Reg Wasserstoff,4639,WP Umsetzung MRN Reg Wasserstoff,EU-KONFORM,FALSE,PRORATA_PAYROLL,7.25,,,568.48
37,2017,2024-03-01,762,EU-KONFORM: MRN Reg Wasserstoff,4639,WP Umsetzung MRN Reg Wasserstoff,EU-KONFORM,FALSE,PRORATA_PAYROLL,15.458333333333334,,,1091.36
37,2017,2024-12-01,779,TRAINING: WOIS Innovationsmanagement,4727,WOIS InnoMgt Training,TRAINING,FALSE,PRORATA_PAYROLL,18.5,,,4259.14
37,2017,2024-12-01,780,EU-KONFORM: H2Valley Phase 1 Projektanbahnung 2024,4734,H2Valley Umsetzung Phase 1 2024,EU-KONFORM,FALSE,PRORATA_PAYROLL,22.125,,,5093.7
37,2017,2024-08-01,782,EU-KONFORM: HORIZON-JU-CBE-2024-RIA-01 (wood) - RISE - upfront payment,4742,Umsetzung HORIZON-JU-CBE-2024-RIA-01 (wood) - RISE - upfront payment,EU-KONFORM,FALSE,PRORATA_PAYROLL,6.625,,,1541.99
37,2017,2024-09-01,782,EU-KONFORM: HORIZON-JU-CBE-2024-RIA-01 (wood) - RISE - upfront payment,4742,Umsetzung HORIZON-JU-CBE-2024-RIA-01 (wood) - RISE - upfront payment,EU-KONFORM,FALSE,PRORATA_PAYROLL,10,,,741.1
37,2017,2024-03-01,783,TRAINING: M+H Workshops,4746,M+H WS 2024,TRAINING,FALSE,PRORATA_PAYROLL,5.875,,,414.78
37,2017,2024-04-01,783,TRAINING: M+H Workshops,4746,M+H WS 2024,TRAINING,FALSE,PRORATA_PAYROLL,16.125,,,1524.34
37,2017,2024-06-01,785,EU-KONFORM: HORIZON-JU-CBE-2024-RIA-02,4747,HORIZON-JU-CBE-2024-RIA-02 Umsetzung,EU-KONFORM,FALSE,PRORATA_PAYROLL,22.416666666666668,,,1678.98
37,2017,2024-01-01,792,EU-KONFORM: DECIRE-WATER Stufe 2 KIT,4765,Antrag 2. Stufe DECIRE-WATER,EU-KONFORM,FALSE,PRORATA_PAYROLL,18.5,,,1428.9
37,2017,2024-02-01,792,EU-KONFORM: DECIRE-WATER Stufe 2 KIT,4765,Antrag 2. Stufe DECIRE-WATER,EU-KONFORM,FALSE,PRORATA_PAYROLL,28.5,,,2234.71
37,2017,2025-01-01,800,EVENT: Umwelttechnikpreis 2025,4834,WP Planung 2025,EVENT,FALSE,PRORATA_PAYROLL,19.75,,,1391.52
37,2017,2025-06-01,818,TENDER: CH JU Clean Hydrogen 2025-2026,4904,WP2 BD2 2025,TENDER,FALSE,PRORATA_PAYROLL,6.75,,,651.01
45,2017,2025-06-01,819,WM KMU 2025-2027,4933,WM-KMU 2025,REGIONALE FÖRDERUNG,FALSE,PRORATA_PAYROLL,53.5,,,4400.56
45,2017,2025-07-01,819,WM KMU 2025-2027,4933,WM-KMU 2025,REGIONALE FÖRDERUNG,FALSE,PRORATA_PAYROLL,121.5,,,4320.56
45,2017,2025-08-01,819,WM KMU 2025-2027,4933,WM-KMU 2025,REGIONALE FÖRDERUNG,FALSE,PRORATA_PAYROLL,71,,,4320.56
53,2016,2025-01-01,530,ISLANDER (mit MwSt),3403,WP8 Showcase Borkum (T8.2),H2020,FALSE,PRORATA_PAYROLL,12.791666666666666,,,0
53,2016,2025-02-01,530,ISLANDER (mit MwSt),3403,WP8 Showcase Borkum (T8.2),H2020,FALSE,PRORATA_PAYROLL,4,,,0
53,2016,2025-03-01,530,ISLANDER (mit MwSt),3403,WP8 Showcase Borkum (T8.2),H2020,FALSE,PRORATA_PAYROLL,8.375,,,0
53,2016,2025-04-01,530,ISLANDER (mit MwSt),3403,WP8 Showcase Borkum (T8.2),H2020,FALSE,PRORATA_PAYROLL,2,,,0
53,2016,2025-05-01,530,ISLANDER (mit MwSt),3403,WP8 Showcase Borkum (T8.2),H2020,FALSE,PRORATA_PAYROLL,2,,,0
53,2016,2025-06-01,530,ISLANDER (mit MwSt),3403,WP8 Showcase Borkum (T8.2),H2020,FALSE,PRORATA_PAYROLL,4.166666666666667,,,0
53,2016,2025-07-01,530,ISLANDER (mit MwSt),3403,WP8 Showcase Borkum (T8.2),H2020,FALSE,PRORATA_PAYROLL,4,,,0
53,2016,2025-08-01,530,ISLANDER (mit MwSt),3403,WP8 Showcase Borkum (T8.2),H2020,FALSE,PRORATA_PAYROLL,2.125,,,0
53,2016,2024-01-01,530,ISLANDER (mit MwSt),3404,"WP9 Exploitation, dissemination",H2020,FALSE,PRORATA_PAYROLL,3.3333333333333335,,,208.73
53,2016,2024-02-01,530,ISLANDER (mit MwSt),3404,"WP9 Exploitation, dissemination",H2020,FALSE,PRORATA_PAYROLL,6,,,327.69
53,2016,2024-03-01,530,ISLANDER (mit MwSt),3404,"WP9 Exploitation, dissemination",H2020,FALSE,PRORATA_PAYROLL,7,,,406.47
53,2016,2024-04-01,530,ISLANDER (mit MwSt),3404,"WP9 Exploitation, dissemination",H2020,FALSE,PRORATA_PAYROLL,6,,,324.63
53,2016,2024-05-01,530,ISLANDER (mit MwSt),3404,"WP9 Exploitation, dissemination",H2020,FALSE,PRORATA_PAYROLL,4,,,252.17
53,2016,2024-06-01,530,ISLANDER (mit MwSt),3404,"WP9 Exploitation, dissemination",H2020,FALSE,PRORATA_PAYROLL,4.666666666666667,,,287.12
53,2016,2024-07-01,530,ISLANDER (mit MwSt),3404,"WP9 Exploitation, dissemination",H2020,FALSE,PRORATA_PAYROLL,4.666666666666667,,,355.07
53,2016,2024-08-01,530,ISLANDER (mit MwSt),3404,"WP9 Exploitation, dissemination",H2020,FALSE,PRORATA_PAYROLL,3.6,,,294.75
53,2016,2024-09-01,530,ISLANDER (mit MwSt),3404,"WP9 Exploitation, dissemination",H2020,FALSE,PRORATA_PAYROLL,12.666666666666666,,,681.15
53,2016,2024-10-01,530,ISLANDER (mit MwSt),3404,"WP9 Exploitation, dissemination",H2020,FALSE,PRORATA_PAYROLL,5,,,332.09
53,2016,2024-12-01,530,ISLANDER (mit MwSt),3404,"WP9 Exploitation, dissemination",H2020,FALSE,PRORATA_PAYROLL,1.875,,,255.89
53,2016,2025-01-01,530,ISLANDER (mit MwSt),3404,"WP9 Exploitation, dissemination",H2020,FALSE,PRORATA_PAYROLL,4.666666666666667,,,0
53,2016,2025-02-01,530,ISLANDER (mit MwSt),3404,"WP9 Exploitation, dissemination",H2020,FALSE,PRORATA_PAYROLL,5.333333333333333,,,0
53,2016,2025-03-01,530,ISLANDER (mit MwSt),3404,"WP9 Exploitation, dissemination",H2020,FALSE,PRORATA_PAYROLL,4.666666666666667,,,0
53,2016,2025-04-01,530,ISLANDER (mit MwSt),3404,"WP9 Exploitation, dissemination",H2020,FALSE,PRORATA_PAYROLL,6.666666666666667,,,0
53,2016,2025-05-01,530,ISLANDER (mit MwSt),3404,"WP9 Exploitation, dissemination",H2020,FALSE,PRORATA_PAYROLL,4.266666666666667,,,0
53,2016,2025-06-01,530,ISLANDER (mit MwSt),3404,"WP9 Exploitation, dissemination",H2020,FALSE,PRORATA_PAYROLL,9.833333333333334,,,0
53,2016,2025-07-01,530,ISLANDER (mit MwSt),3404,"WP9 Exploitation, dissemination",H2020,FALSE,PRORATA_PAYROLL,3.6,,,0
53,2016,2025-08-01,530,ISLANDER (mit MwSt),3404,"WP9 Exploitation, dissemination",H2020,FALSE,PRORATA_PAYROLL,9.875,,,0
53,2016,2024-10-01,530,ISLANDER (mit MwSt),3405,WP10 Management,H2020,FALSE,PRORATA_PAYROLL,6.875,,,456.63
53,2016,2024-11-01,530,ISLANDER (mit MwSt),3405,WP10 Management,H2020,FALSE,PRORATA_PAYROLL,5.6,,,344.92
53,2016,2024-12-01,530,ISLANDER (mit MwSt),3405,WP10 Management,H2020,FALSE,PRORATA_PAYROLL,1.6,,,218.36
53,2016,2024-01-01,562,COSMHYC DEMO (mit MwSt),4571,WP1 Management 2024 - DEMO,H2020,FALSE,PRORATA_PAYROLL,4.266666666666667,,,267.17
53,2016,2024-02-01,562,COSMHYC DEMO (mit MwSt),4571,WP1 Management 2024 - DEMO,H2020,FALSE,PRORATA_PAYROLL,4.791666666666667,,,261.7
53,2016,2024-03-01,562,COSMHYC DEMO (mit MwSt),4571,WP1 Management 2024 - DEMO,H2020,FALSE,PRORATA_PAYROLL,8.5,,,493.57
53,2016,2024-04-01,562,COSMHYC DEMO (mit MwSt),4571,WP1 Management 2024 - DEMO,H2020,FALSE,PRORATA_PAYROLL,3.75,,,202.89
53,2016,2024-05-01,562,COSMHYC DEMO (mit MwSt),4571,WP1 Management 2024 - DEMO,H2020,FALSE,PRORATA_PAYROLL,6,,,378.26
53,2016,2024-06-01,562,COSMHYC DEMO (mit MwSt),4571,WP1 Management 2024 - DEMO,H2020,FALSE,PRORATA_PAYROLL,2.125,,,130.74
53,2016,2024-08-01,562,COSMHYC DEMO (mit MwSt),4571,WP1 Management 2024 - DEMO,H2020,FALSE,PRORATA_PAYROLL,2,,,163.75
53,2016,2024-10-01,562,COSMHYC DEMO (mit MwSt),4571,WP1 Management 2024 - DEMO,H2020,FALSE,PRORATA_PAYROLL,2.6666666666666665,,,177.12
53,2016,2025-05-01,562,COSMHYC DEMO (mit MwSt),4921,WP7 ComDissExp 2025 - DEMO,H2020,FALSE,PRORATA_PAYROLL,24,,,0
53,2016,2025-06-01,562,COSMHYC DEMO (mit MwSt),4921,WP7 ComDissExp 2025 - DEMO,H2020,FALSE,PRORATA_PAYROLL,1.142857142857143,,,0
53,2016,2024-01-01,571,FlashPhos (mit MwSt),4559,WP1 Management 2024,H2020,FALSE,PRORATA_PAYROLL,8,,,500.94
53,2016,2024-02-01,571,FlashPhos (mit MwSt),4559,WP1 Management 2024,H2020,FALSE,PRORATA_PAYROLL,4.666666666666667,,,254.87
53,2016,2024-03-01,571,FlashPhos (mit MwSt),4559,WP1 Management 2024,H2020,FALSE,PRORATA_PAYROLL,6.208333333333333,,,360.5
53,2016,2024-04-01,571,FlashPhos (mit MwSt),4559,WP1 Management 2024,H2020,FALSE,PRORATA_PAYROLL,4,,,216.42
53,2016,2024-05-01,571,FlashPhos (mit MwSt),4559,WP1 Management 2024,H2020,FALSE,PRORATA_PAYROLL,7.6,,,479.13
53,2016,2024-06-01,571,FlashPhos (mit MwSt),4559,WP1 Management 2024,H2020,FALSE,PRORATA_PAYROLL,5.75,,,353.78
53,2016,2024-07-01,571,FlashPhos (mit MwSt),4559,WP1 Management 2024,H2020,FALSE,PRORATA_PAYROLL,4.666666666666667,,,355.07
53,2016,2024-08-01,571,FlashPhos (mit MwSt),4559,WP1 Management 2024,H2020,FALSE,PRORATA_PAYROLL,6,,,491.25
53,2016,2024-09-01,571,FlashPhos (mit MwSt),4559,WP1 Management 2024,H2020,FALSE,PRORATA_PAYROLL,6.791666666666667,,,365.22
53,2016,2024-10-01,571,FlashPhos (mit MwSt),4559,WP1 Management 2024,H2020,FALSE,PRORATA_PAYROLL,3.275,,,217.52
53,2016,2024-11-01,571,FlashPhos (mit MwSt),4559,WP1 Management 2024,H2020,FALSE,PRORATA_PAYROLL,4,,,246.37
53,2016,2024-12-01,571,FlashPhos (mit MwSt),4559,WP1 Management 2024,H2020,FALSE,PRORATA_PAYROLL,3.875,,,528.84
53,2016,2024-02-01,571,FlashPhos (mit MwSt),4576,WP9 Exploitation 2024,H2020,FALSE,PRORATA_PAYROLL,6,,,327.69
53,2016,2024-03-01,571,FlashPhos (mit MwSt),4576,WP9 Exploitation 2024,H2020,FALSE,PRORATA_PAYROLL,3.875,,,225.01
53,2016,2024-04-01,571,FlashPhos (mit MwSt),4576,WP9 Exploitation 2024,H2020,FALSE,PRORATA_PAYROLL,6,,,324.63
53,2016,2024-05-01,571,FlashPhos (mit MwSt),4576,WP9 Exploitation 2024,H2020,FALSE,PRORATA_PAYROLL,3.6,,,226.96
53,2016,2024-06-01,571,FlashPhos (mit MwSt),4576,WP9 Exploitation 2024,H2020,FALSE,PRORATA_PAYROLL,4,,,246.11
53,2016,2024-08-01,571,FlashPhos (mit MwSt),4576,WP9 Exploitation 2024,H2020,FALSE,PRORATA_PAYROLL,3.6,,,294.75
53,2016,2024-09-01,571,FlashPhos (mit MwSt),4576,WP9 Exploitation 2024,H2020,FALSE,PRORATA_PAYROLL,4.5,,,241.99
53,2016,2024-10-01,571,FlashPhos (mit MwSt),4576,WP9 Exploitation 2024,H2020,FALSE,PRORATA_PAYROLL,4.666666666666667,,,309.95
53,2016,2024-11-01,571,FlashPhos (mit MwSt),4576,WP9 Exploitation 2024,H2020,FALSE,PRORATA_PAYROLL,3.6666666666666665,,,225.84
53,2016,2024-12-01,571,FlashPhos (mit MwSt),4576,WP9 Exploitation 2024,H2020,FALSE,PRORATA_PAYROLL,1.6,,,218.36
53,2016,2025-01-01,571,FlashPhos (mit MwSt),4578,WP1 Management 2025,H2020,FALSE,PRORATA_PAYROLL,2.6666666666666665,,,0
53,2016,2025-02-01,571,FlashPhos (mit MwSt),4578,WP1 Management 2025,H2020,FALSE,PRORATA_PAYROLL,4,,,0
53,2016,2025-04-01,571,FlashPhos (mit MwSt),4578,WP1 Management 2025,H2020,FALSE,PRORATA_PAYROLL,6,,,0
53,2016,2025-05-01,571,FlashPhos (mit MwSt),4578,WP1 Management 2025,H2020,FALSE,PRORATA_PAYROLL,3.6,,,0
53,2016,2025-06-01,571,FlashPhos (mit MwSt),4578,WP1 Management 2025,H2020,FALSE,PRORATA_PAYROLL,10.742857142857144,,,0
53,2016,2025-07-01,571,FlashPhos (mit MwSt),4578,WP1 Management 2025,H2020,FALSE,PRORATA_PAYROLL,5.666666666666667,,,0
53,2016,2025-08-01,571,FlashPhos (mit MwSt),4578,WP1 Management 2025,H2020,FALSE,PRORATA_PAYROLL,4,,,0
53,2016,2024-01-01,603,SOPHIA (inkl. MwSt),3965,WP7 ESIA and business models,H2020,FALSE,PRORATA_PAYROLL,4,,,250.47
53,2016,2024-02-01,603,SOPHIA (inkl. MwSt),3965,WP7 ESIA and business models,H2020,FALSE,PRORATA_PAYROLL,6.666666666666667,,,364.1
53,2016,2024-03-01,603,SOPHIA (inkl. MwSt),3965,WP7 ESIA and business models,H2020,FALSE,PRORATA_PAYROLL,10.5,,,609.71
53,2016,2024-04-01,603,SOPHIA (inkl. MwSt),3965,WP7 ESIA and business models,H2020,FALSE,PRORATA_PAYROLL,7.5,,,405.79
53,2016,2024-05-01,603,SOPHIA (inkl. MwSt),3965,WP7 ESIA and business models,H2020,FALSE,PRORATA_PAYROLL,6,,,378.26
53,2016,2024-06-01,603,SOPHIA (inkl. MwSt),3965,WP7 ESIA and business models,H2020,FALSE,PRORATA_PAYROLL,5.925,,,364.55
53,2016,2024-07-01,603,SOPHIA (inkl. MwSt),3965,WP7 ESIA and business models,H2020,FALSE,PRORATA_PAYROLL,5.7,,,433.7
53,2016,2024-08-01,603,SOPHIA (inkl. MwSt),3965,WP7 ESIA and business models,H2020,FALSE,PRORATA_PAYROLL,2,,,163.75
53,2016,2024-09-01,603,SOPHIA (inkl. MwSt),3965,WP7 ESIA and business models,H2020,FALSE,PRORATA_PAYROLL,4.666666666666667,,,250.95
53,2016,2024-10-01,603,SOPHIA (inkl. MwSt),3965,WP7 ESIA and business models,H2020,FALSE,PRORATA_PAYROLL,9.816666666666666,,,652.01
53,2016,2024-11-01,603,SOPHIA (inkl. MwSt),3965,WP7 ESIA and business models,H2020,FALSE,PRORATA_PAYROLL,5.6,,,344.92
53,2016,2024-12-01,603,SOPHIA (inkl. MwSt),3965,WP7 ESIA and business models,H2020,FALSE,PRORATA_PAYROLL,6.675,,,910.97
53,2016,2025-01-01,603,SOPHIA (inkl. MwSt),3968,WP9 Project Management,H2020,FALSE,PRORATA_PAYROLL,7.333333333333333,,,0
53,2016,2025-02-01,603,SOPHIA (inkl. MwSt),3968,WP9 Project Management,H2020,FALSE,PRORATA_PAYROLL,18.333333333333332,,,0
53,2016,2025-03-01,603,SOPHIA (inkl. MwSt),3968,WP9 Project Management,H2020,FALSE,PRORATA_PAYROLL,15.458333333333334,,,0
53,2016,2025-04-01,603,SOPHIA (inkl. MwSt),3968,WP9 Project Management,H2020,FALSE,PRORATA_PAYROLL,19.5,,,0
53,2016,2025-05-01,603,SOPHIA (inkl. MwSt),3968,WP9 Project Management,H2020,FALSE,PRORATA_PAYROLL,6,,,0
53,2016,2025-06-01,603,SOPHIA (inkl. MwSt),3968,WP9 Project Management,H2020,FALSE,PRORATA_PAYROLL,12.666666666666666,,,0
53,2016,2025-07-01,603,SOPHIA (inkl. MwSt),3968,WP9 Project Management,H2020,FALSE,PRORATA_PAYROLL,14.933333333333334,,,0
53,2016,2025-08-01,603,SOPHIA (inkl. MwSt),3968,WP9 Project Management,H2020,FALSE,PRORATA_PAYROLL,8,,,0
54,2016,2024-02-01,532,FUSILLI (mit MwSt.),3595,"WP6 Dissemination & Communication 17,5 PM",H2020,FALSE,PRORATA_PAYROLL,7.75,,,358.88
54,2016,2024-03-01,532,FUSILLI (mit MwSt.),3595,"WP6 Dissemination & Communication 17,5 PM",H2020,FALSE,PRORATA_PAYROLL,22.25,,,1666.38
54,2016,2024-04-01,532,FUSILLI (mit MwSt.),3595,"WP6 Dissemination & Communication 17,5 PM",H2020,FALSE,PRORATA_PAYROLL,31.5,,,1394.06
54,2016,2024-05-01,532,FUSILLI (mit MwSt.),3595,"WP6 Dissemination & Communication 17,5 PM",H2020,FALSE,PRORATA_PAYROLL,37.75,,,2884.12
54,2016,2024-10-01,532,FUSILLI (mit MwSt.),3595,"WP6 Dissemination & Communication 17,5 PM",H2020,FALSE,PRORATA_PAYROLL,12.833333333333334,,,1184.11
54,2016,2024-12-01,532,FUSILLI (mit MwSt.),3595,"WP6 Dissemination & Communication 17,5 PM",H2020,FALSE,PRORATA_PAYROLL,23.875,,,3925.75
54,2016,2024-01-01,557,METABUILDING LABS (mit MwSt),3585,WP11 Management & coordination,H2020,FALSE,PRORATA_PAYROLL,50,,,3092.46
54,2017,2024-06-01,593,RESTORE,3848,WP6 Exploitation and Business Model Development 15PM,H2020,FALSE,PRORATA_PAYROLL,48,,,2610.21
54,2016,2024-03-01,603,SOPHIA (inkl. MwSt),3965,WP7 ESIA and business models,H2020,FALSE,PRORATA_PAYROLL,8.25,,,617.87
54,2016,2024-04-01,603,SOPHIA (inkl. MwSt),3965,WP7 ESIA and business models,H2020,FALSE,PRORATA_PAYROLL,47.5,,,2102.16
54,2016,2024-10-01,603,SOPHIA (inkl. MwSt),3965,WP7 ESIA and business models,H2020,FALSE,PRORATA_PAYROLL,18.333333333333332,,,1691.59
54,2016,2025-03-01,603,SOPHIA (inkl. MwSt),3965,WP7 ESIA and business models,H2020,FALSE,PRORATA_PAYROLL,23.75,,,0
54,2016,2025-06-01,603,SOPHIA (inkl. MwSt),3965,WP7 ESIA and business models,H2020,FALSE,PRORATA_PAYROLL,22.75,,,0
54,2016,2025-07-01,603,SOPHIA (inkl. MwSt),3965,WP7 ESIA and business models,H2020,FALSE,PRORATA_PAYROLL,4,,,0
72,2016,2024-04-01,558,AEDIB|NET (mit MwSt),3589,WP5 Trans-continental cooperation,H2020,FALSE,PRORATA_PAYROLL,55.5,,,2885.9
83,2017,2024-07-01,739,INTERREG: Culinary Trail,4526,T1.2 Cataloguing ethnic and local culinary,INTERREG,FALSE,PRORATA_PAYROLL,25.2,,,1316.09
83,2017,2024-08-01,739,INTERREG: Culinary Trail,4526,T1.2 Cataloguing ethnic and local culinary,INTERREG,FALSE,PRORATA_PAYROLL,7,,,1238.31
83,2017,2024-09-01,739,INTERREG: Culinary Trail,4526,T1.2 Cataloguing ethnic and local culinary,INTERREG,FALSE,PRORATA_PAYROLL,43.166666666666664,,,1879.69
83,2017,2024-10-01,739,INTERREG: Culinary Trail,4526,T1.2 Cataloguing ethnic and local culinary,INTERREG,FALSE,PRORATA_PAYROLL,16,,,905.73
83,2017,2024-11-01,739,INTERREG: Culinary Trail,4526,T1.2 Cataloguing ethnic and local culinary,INTERREG,FALSE,PRORATA_PAYROLL,18.666666666666668,,,1112.3
83,2017,2024-12-01,739,INTERREG: Culinary Trail,4526,T1.2 Cataloguing ethnic and local culinary,INTERREG,FALSE,PRORATA_PAYROLL,8,,,1136.31
83,2017,2024-01-01,739,INTERREG: Culinary Trail,4527,T1.4 Developing transnational strategy,INTERREG,FALSE,PRORATA_PAYROLL,19,,,1074.98
83,2017,2024-02-01,739,INTERREG: Culinary Trail,4527,T1.4 Developing transnational strategy,INTERREG,FALSE,PRORATA_PAYROLL,30.666666666666668,,,1207
83,2017,2024-03-01,739,INTERREG: Culinary Trail,4527,T1.4 Developing transnational strategy,INTERREG,FALSE,PRORATA_PAYROLL,17,,,961.83
83,2017,2024-04-01,739,INTERREG: Culinary Trail,4527,T1.4 Developing transnational strategy,INTERREG,FALSE,PRORATA_PAYROLL,23.333333333333332,,,1100.53
83,2017,2024-05-01,739,INTERREG: Culinary Trail,4527,T1.4 Developing transnational strategy,INTERREG,FALSE,PRORATA_PAYROLL,27.5,,,1623.55
83,2017,2024-06-01,739,INTERREG: Culinary Trail,4527,T1.4 Developing transnational strategy,INTERREG,FALSE,PRORATA_PAYROLL,3,,,191.61
83,2017,2024-02-01,739,INTERREG: Culinary Trail,4529,T2.1 Development of Culinary Trail brand,INTERREG,FALSE,PRORATA_PAYROLL,8.666666666666666,,,341.11
83,2017,2024-03-01,739,INTERREG: Culinary Trail,4529,T2.1 Development of Culinary Trail brand,INTERREG,FALSE,PRORATA_PAYROLL,8,,,452.62
83,2017,2024-04-01,739,INTERREG: Culinary Trail,4529,T2.1 Development of Culinary Trail brand,INTERREG,FALSE,PRORATA_PAYROLL,7.333333333333333,,,345.88
83,2017,2024-05-01,739,INTERREG: Culinary Trail,4529,T2.1 Development of Culinary Trail brand,INTERREG,FALSE,PRORATA_PAYROLL,3,,,177.11
83,2017,2024-06-01,739,INTERREG: Culinary Trail,4529,T2.1 Development of Culinary Trail brand,INTERREG,FALSE,PRORATA_PAYROLL,27,,,1724.48
83,2017,2024-10-01,739,INTERREG: Culinary Trail,4529,T2.1 Development of Culinary Trail brand,INTERREG,FALSE,PRORATA_PAYROLL,7.5,,,424.56
83,2017,2024-11-01,739,INTERREG: Culinary Trail,4529,T2.1 Development of Culinary Trail brand,INTERREG,FALSE,PRORATA_PAYROLL,2,,,119.18
83,2017,2024-12-01,739,INTERREG: Culinary Trail,4529,T2.1 Development of Culinary Trail brand,INTERREG,FALSE,PRORATA_PAYROLL,9,,,1278.35
83,2017,2024-01-01,739,INTERREG: Culinary Trail,4533,T3.5 Communicating Trail to transformation,INTERREG,FALSE,PRORATA_PAYROLL,7,,,396.05
83,2017,2024-02-01,739,INTERREG: Culinary Trail,4533,T3.5 Communicating Trail to transformation,INTERREG,FALSE,PRORATA_PAYROLL,2,,,78.72
83,2017,2024-03-01,739,INTERREG: Culinary Trail,4533,T3.5 Communicating Trail to transformation,INTERREG,FALSE,PRORATA_PAYROLL,7,,,396.05
83,2017,2024-06-01,739,INTERREG: Culinary Trail,4533,T3.5 Communicating Trail to transformation,INTERREG,FALSE,PRORATA_PAYROLL,12,,,766.44
83,2017,2025-01-01,739,INTERREG: Culinary Trail,4925,SO1 Safeguarded culinary heritage P3 01.2025- 06.2025,INTERREG,FALSE,PRORATA_PAYROLL,20,,,1036.19
83,2017,2025-02-01,739,INTERREG: Culinary Trail,4925,SO1 Safeguarded culinary heritage P3 01.2025- 06.2025,INTERREG,FALSE,PRORATA_PAYROLL,25.5,,,1211.05
83,2017,2025-03-01,739,INTERREG: Culinary Trail,4925,SO1 Safeguarded culinary heritage P3 01.2025- 06.2025,INTERREG,FALSE,PRORATA_PAYROLL,32.333333333333336,,,1417.46
83,2017,2025-04-01,739,INTERREG: Culinary Trail,4925,SO1 Safeguarded culinary heritage P3 01.2025- 06.2025,INTERREG,FALSE,PRORATA_PAYROLL,20.75,,,1075.05
83,2017,2025-05-01,739,INTERREG: Culinary Trail,4925,SO1 Safeguarded culinary heritage P3 01.2025- 06.2025,INTERREG,FALSE,PRORATA_PAYROLL,14.666666666666666,,,796.06
83,2017,2025-06-01,739,INTERREG: Culinary Trail,4925,SO1 Safeguarded culinary heritage P3 01.2025- 06.2025,INTERREG,FALSE,PRORATA_PAYROLL,17.5,,,1049.83
83,2017,2025-01-01,739,INTERREG: Culinary Trail,4926,SO2 Thriving culinary heritage P3 01.2025-06.2025,INTERREG,FALSE,PRORATA_PAYROLL,8,,,414.48
83,2017,2025-02-01,739,INTERREG: Culinary Trail,4926,SO2 Thriving culinary heritage P3 01.2025-06.2025,INTERREG,FALSE,PRORATA_PAYROLL,10,,,474.92
83,2017,2025-03-01,739,INTERREG: Culinary Trail,4926,SO2 Thriving culinary heritage P3 01.2025-06.2025,INTERREG,FALSE,PRORATA_PAYROLL,16.833333333333332,,,737.96
83,2017,2025-04-01,739,INTERREG: Culinary Trail,4926,SO2 Thriving culinary heritage P3 01.2025-06.2025,INTERREG,FALSE,PRORATA_PAYROLL,9.5,,,492.19
83,2017,2025-05-01,739,INTERREG: Culinary Trail,4926,SO2 Thriving culinary heritage P3 01.2025-06.2025,INTERREG,FALSE,PRORATA_PAYROLL,9,,,488.49
83,2017,2025-06-01,739,INTERREG: Culinary Trail,4926,SO2 Thriving culinary heritage P3 01.2025-06.2025,INTERREG,FALSE,PRORATA_PAYROLL,14.5,,,869.86
83,2017,2025-01-01,739,INTERREG: Culinary Trail,4927,SO3 Culinary trail 4 the future P3 01.2025-06.2025,INTERREG,FALSE,PRORATA_PAYROLL,25,,,1295.24
83,2017,2025-02-01,739,INTERREG: Culinary Trail,4927,SO3 Culinary trail 4 the future P3 01.2025-06.2025,INTERREG,FALSE,PRORATA_PAYROLL,20,,,949.84
83,2017,2025-03-01,739,INTERREG: Culinary Trail,4927,SO3 Culinary trail 4 the future P3 01.2025-06.2025,INTERREG,FALSE,PRORATA_PAYROLL,14.666666666666666,,,642.97
83,2017,2025-04-01,739,INTERREG: Culinary Trail,4927,SO3 Culinary trail 4 the future P3 01.2025-06.2025,INTERREG,FALSE,PRORATA_PAYROLL,19.5,,,1010.29
83,2017,2025-05-01,739,INTERREG: Culinary Trail,4927,SO3 Culinary trail 4 the future P3 01.2025-06.2025,INTERREG,FALSE,PRORATA_PAYROLL,25.166666666666668,,,1365.97
83,2017,2025-06-01,739,INTERREG: Culinary Trail,4927,SO3 Culinary trail 4 the future P3 01.2025-06.2025,INTERREG,FALSE,PRORATA_PAYROLL,11.5,,,689.89
83,2017,2025-07-01,739,INTERREG: Culinary Trail,4928,SO1 Safeguarded culinary heritage P4 07.2025- 12.2025,INTERREG,FALSE,PRORATA_PAYROLL,10,,,542.77
83,2017,2025-08-01,739,INTERREG: Culinary Trail,4928,SO1 Safeguarded culinary heritage P4 07.2025- 12.2025,INTERREG,FALSE,PRORATA_PAYROLL,6,,,621.72
83,2017,2025-07-01,739,INTERREG: Culinary Trail,4929,SO2 Thriving culinary heritage  P4 07.2025- 12.2025,INTERREG,FALSE,PRORATA_PAYROLL,14.166666666666666,,,768.92
83,2017,2025-08-01,739,INTERREG: Culinary Trail,4929,SO2 Thriving culinary heritage  P4 07.2025- 12.2025,INTERREG,FALSE,PRORATA_PAYROLL,12.5,,,1295.24
83,2017,2025-07-01,739,INTERREG: Culinary Trail,4930,SO3 Culinary trail 4 the future  P4 07.2025- 12.2025,INTERREG,FALSE,PRORATA_PAYROLL,27.666666666666668,,,1501.66
83,2017,2025-08-01,739,INTERREG: Culinary Trail,4930,SO3 Culinary trail 4 the future  P4 07.2025- 12.2025,INTERREG,FALSE,PRORATA_PAYROLL,6,,,621.72
83,2017,2024-09-01,786,INTERREG: IN4SeRMat,4832,S01 Report on state of play in the Secondary Raw Material,INTERREG,FALSE,PRORATA_PAYROLL,6.666666666666667,,,290.3
83,2017,2024-09-01,786,INTERREG: IN4SeRMat,4833,S02 Work Pan to set up  an Ecosystem,INTERREG,FALSE,PRORATA_PAYROLL,7,,,304.81
83,2017,2024-10-01,786,INTERREG: IN4SeRMat,4833,S02 Work Pan to set up  an Ecosystem,INTERREG,FALSE,PRORATA_PAYROLL,11.5,,,651
83,2017,2024-11-01,786,INTERREG: IN4SeRMat,4833,S02 Work Pan to set up  an Ecosystem,INTERREG,FALSE,PRORATA_PAYROLL,12.666666666666666,,,754.78
83,2017,2024-12-01,786,INTERREG: IN4SeRMat,4833,S02 Work Pan to set up  an Ecosystem,INTERREG,FALSE,PRORATA_PAYROLL,5,,,710.2
83,2017,2024-11-01,797,PA8 Lighthouse Projects WM,4827,SO1 Lighthouse projects identification and study document development (2024),TENDER,FALSE,PRORATA_PAYROLL,42,,,2502.68
83,2017,2024-12-01,797,PA8 Lighthouse Projects WM,4827,SO1 Lighthouse projects identification and study document development (2024),TENDER,FALSE,PRORATA_PAYROLL,35,,,4971.37
83,2017,2024-12-01,797,PA8 Lighthouse Projects WM,4831,SO4 Project Management,TENDER,FALSE,PRORATA_PAYROLL,8,,,1136.31
83,2017,2025-04-01,808,INTERREG: DINAMIC Danube,4939,SO1 Capacity Building and skills Upscaling P1 - 04. - 09.2025,INTERREG,FALSE,PRORATA_PAYROLL,11.5,,,595.81
83,2017,2025-05-01,808,INTERREG: DINAMIC Danube,4939,SO1 Capacity Building and skills Upscaling P1 - 04. - 09.2025,INTERREG,FALSE,PRORATA_PAYROLL,14,,,759.87
83,2017,2025-06-01,808,INTERREG: DINAMIC Danube,4939,SO1 Capacity Building and skills Upscaling P1 - 04. - 09.2025,INTERREG,FALSE,PRORATA_PAYROLL,11.666666666666666,,,699.88
83,2017,2025-07-01,808,INTERREG: DINAMIC Danube,4939,SO1 Capacity Building and skills Upscaling P1 - 04. - 09.2025,INTERREG,FALSE,PRORATA_PAYROLL,9.5,,,515.63
83,2017,2025-08-01,808,INTERREG: DINAMIC Danube,4939,SO1 Capacity Building and skills Upscaling P1 - 04. - 09.2025,INTERREG,FALSE,PRORATA_PAYROLL,9,,,932.57
97,2016,2025-03-01,645,NanodiagBW (mit MwSt.),4035,nanodiagBW - 2025,NATIONALE FÖRDERUNG,FALSE,PRORATA_PAYROLL,6,,,0
97,2016,2025-04-01,645,NanodiagBW (mit MwSt.),4035,nanodiagBW - 2025,NATIONALE FÖRDERUNG,FALSE,PRORATA_PAYROLL,15.25,,,0
97,2016,2025-05-01,645,NanodiagBW (mit MwSt.),4035,nanodiagBW - 2025,NATIONALE FÖRDERUNG,FALSE,PRORATA_PAYROLL,8.75,,,0
97,2016,2025-06-01,645,NanodiagBW (mit MwSt.),4035,nanodiagBW - 2025,NATIONALE FÖRDERUNG,FALSE,PRORATA_PAYROLL,9,,,0
97,2016,2025-08-01,645,NanodiagBW (mit MwSt.),4035,nanodiagBW - 2025,NATIONALE FÖRDERUNG,FALSE,PRORATA_PAYROLL,13,,,0
110,2017,2024-04-01,593,RESTORE,3848,WP6 Exploitation and Business Model Development 15PM,H2020,FALSE,PRORATA_PAYROLL,5,,,230.33
110,2017,2024-05-01,593,RESTORE,3848,WP6 Exploitation and Business Model Development 15PM,H2020,FALSE,PRORATA_PAYROLL,4.35,,,247.08
110,2017,2024-06-01,593,RESTORE,3848,WP6 Exploitation and Business Model Development 15PM,H2020,FALSE,PRORATA_PAYROLL,5.208333333333333,,,230.33
110,2017,2024-07-01,593,RESTORE,3848,WP6 Exploitation and Business Model Development 15PM,H2020,FALSE,PRORATA_PAYROLL,6.783333333333333,,,218.33
110,2017,2024-08-01,593,RESTORE,3848,WP6 Exploitation and Business Model Development 15PM,H2020,FALSE,PRORATA_PAYROLL,5.279166666666667,,,509.76
110,2017,2024-09-01,593,RESTORE,3848,WP6 Exploitation and Business Model Development 15PM,H2020,FALSE,PRORATA_PAYROLL,8.166666666666666,,,361.43
110,2017,2024-01-01,629,Vanguard KI Pilot 2022-2023,4314,Vanguard KI Pilot 2024,REGIONALE FÖRDERUNG,FALSE,PRORATA_PAYROLL,7.15,,,431.5
110,2017,2024-02-01,629,Vanguard KI Pilot 2022-2023,4314,Vanguard KI Pilot 2024,REGIONALE FÖRDERUNG,FALSE,PRORATA_PAYROLL,9.95,,,384.31
110,2017,2024-03-01,629,Vanguard KI Pilot 2022-2023,4314,Vanguard KI Pilot 2024,REGIONALE FÖRDERUNG,FALSE,PRORATA_PAYROLL,6.875,,,301.75
110,2017,2024-04-01,629,Vanguard KI Pilot 2022-2023,4314,Vanguard KI Pilot 2024,REGIONALE FÖRDERUNG,FALSE,PRORATA_PAYROLL,5.166666666666667,,,238.01
110,2017,2024-05-01,629,Vanguard KI Pilot 2022-2023,4314,Vanguard KI Pilot 2024,REGIONALE FÖRDERUNG,FALSE,PRORATA_PAYROLL,7.5,,,426
110,2017,2024-01-01,675,WM: Social Innovation Challenge 2.0,4136,Modul 2 - Workshops,REGIONALE FÖRDERUNG,FALSE,PRORATA_PAYROLL,14.316666666666666,,,864.01
110,2017,2024-02-01,675,WM: Social Innovation Challenge 2.0,4136,Modul 2 - Workshops,REGIONALE FÖRDERUNG,FALSE,PRORATA_PAYROLL,11.458333333333334,,,442.57
110,2017,2024-03-01,675,WM: Social Innovation Challenge 2.0,4136,Modul 2 - Workshops,REGIONALE FÖRDERUNG,FALSE,PRORATA_PAYROLL,10.8375,,,475.67
110,2017,2024-04-01,675,WM: Social Innovation Challenge 2.0,4136,Modul 2 - Workshops,REGIONALE FÖRDERUNG,FALSE,PRORATA_PAYROLL,8.854166666666666,,,407.88
110,2017,2024-05-01,675,WM: Social Innovation Challenge 2.0,4136,Modul 2 - Workshops,REGIONALE FÖRDERUNG,FALSE,PRORATA_PAYROLL,10.725,,,609.18
110,2017,2024-06-01,675,WM: Social Innovation Challenge 2.0,4136,Modul 2 - Workshops,REGIONALE FÖRDERUNG,FALSE,PRORATA_PAYROLL,10.625,,,469.88
110,2017,2024-07-01,675,WM: Social Innovation Challenge 2.0,4136,Modul 2 - Workshops,REGIONALE FÖRDERUNG,FALSE,PRORATA_PAYROLL,7.116666666666666,,,229.06
110,2017,2024-08-01,675,WM: Social Innovation Challenge 2.0,4136,Modul 2 - Workshops,REGIONALE FÖRDERUNG,FALSE,PRORATA_PAYROLL,5.75,,,555.22
110,2017,2024-09-01,675,WM: Social Innovation Challenge 2.0,4136,Modul 2 - Workshops,REGIONALE FÖRDERUNG,FALSE,PRORATA_PAYROLL,7.375,,,326.39
110,2017,2024-11-01,675,WM: Social Innovation Challenge 2.0,4136,Modul 2 - Workshops,REGIONALE FÖRDERUNG,FALSE,PRORATA_PAYROLL,16.8125,,,867.81
110,2017,2024-12-01,675,WM: Social Innovation Challenge 2.0,4136,Modul 2 - Workshops,REGIONALE FÖRDERUNG,FALSE,PRORATA_PAYROLL,12.833333333333334,,,1234.1
110,2017,2024-09-01,675,WM: Social Innovation Challenge 2.0,4137,Modul 3 - Netzwerken,REGIONALE FÖRDERUNG,FALSE,PRORATA_PAYROLL,6.666666666666667,,,295.04
110,2017,2024-11-01,675,WM: Social Innovation Challenge 2.0,4137,Modul 3 - Netzwerken,REGIONALE FÖRDERUNG,FALSE,PRORATA_PAYROLL,7.333333333333333,,,378.52
110,2017,2024-12-01,675,WM: Social Innovation Challenge 2.0,4137,Modul 3 - Netzwerken,REGIONALE FÖRDERUNG,FALSE,PRORATA_PAYROLL,25.583333333333332,,,2460.19
110,2017,2024-01-01,677,WM KMU Unterstützung 2023-2024,4149,WM-KMU 2024,REGIONALE FÖRDERUNG,FALSE,PRORATA_PAYROLL,12.483333333333333,,,753.37
110,2017,2024-02-01,677,WM KMU Unterstützung 2023-2024,4149,WM-KMU 2024,REGIONALE FÖRDERUNG,FALSE,PRORATA_PAYROLL,24.783333333333335,,,957.23
110,2017,2024-03-01,677,WM KMU Unterstützung 2023-2024,4149,WM-KMU 2024,REGIONALE FÖRDERUNG,FALSE,PRORATA_PAYROLL,15.375,,,674.82
110,2017,2024-04-01,677,WM KMU Unterstützung 2023-2024,4149,WM-KMU 2024,REGIONALE FÖRDERUNG,FALSE,PRORATA_PAYROLL,18.6875,,,860.87
110,2017,2024-05-01,677,WM KMU Unterstützung 2023-2024,4149,WM-KMU 2024,REGIONALE FÖRDERUNG,FALSE,PRORATA_PAYROLL,12.225,,,694.38
110,2017,2024-06-01,677,WM KMU Unterstützung 2023-2024,4149,WM-KMU 2024,REGIONALE FÖRDERUNG,FALSE,PRORATA_PAYROLL,25.0625,,,1108.36
110,2017,2024-07-01,677,WM KMU Unterstützung 2023-2024,4149,WM-KMU 2024,REGIONALE FÖRDERUNG,FALSE,PRORATA_PAYROLL,25.804166666666667,,,830.55
110,2017,2024-08-01,677,WM KMU Unterstützung 2023-2024,4149,WM-KMU 2024,REGIONALE FÖRDERUNG,FALSE,PRORATA_PAYROLL,12.979166666666666,,,1253.27
110,2017,2024-09-01,677,WM KMU Unterstützung 2023-2024,4149,WM-KMU 2024,REGIONALE FÖRDERUNG,FALSE,PRORATA_PAYROLL,24.8125,,,1098.12
110,2017,2024-11-01,677,WM KMU Unterstützung 2023-2024,4149,WM-KMU 2024,REGIONALE FÖRDERUNG,FALSE,PRORATA_PAYROLL,15.958333333333334,,,823.72
110,2017,2024-12-01,677,WM KMU Unterstützung 2023-2024,4149,WM-KMU 2024,REGIONALE FÖRDERUNG,FALSE,PRORATA_PAYROLL,16.958333333333332,,,1630.78
110,2017,2024-03-01,694,INTERREG: Capacity2Transform LUMP,4397,WP2 Capacity Building,INTERREG,FALSE,PRORATA_PAYROLL,10.725,,,470.73
110,2017,2024-04-01,694,INTERREG: Capacity2Transform LUMP,4397,WP2 Capacity Building,INTERREG,FALSE,PRORATA_PAYROLL,12.3125,,,567.2
110,2017,2024-05-01,694,INTERREG: Capacity2Transform LUMP,4397,WP2 Capacity Building,INTERREG,FALSE,PRORATA_PAYROLL,8.975,,,509.78
110,2017,2024-06-01,694,INTERREG: Capacity2Transform LUMP,4397,WP2 Capacity Building,INTERREG,FALSE,PRORATA_PAYROLL,13.6375,,,603.1
110,2017,2024-07-01,694,INTERREG: Capacity2Transform LUMP,4397,WP2 Capacity Building,INTERREG,FALSE,PRORATA_PAYROLL,15.095833333333333,,,485.88
110,2017,2024-08-01,694,INTERREG: Capacity2Transform LUMP,4397,WP2 Capacity Building,INTERREG,FALSE,PRORATA_PAYROLL,6.3625,,,614.36
110,2017,2024-09-01,694,INTERREG: Capacity2Transform LUMP,4397,WP2 Capacity Building,INTERREG,FALSE,PRORATA_PAYROLL,14.083333333333334,,,623.28
110,2017,2024-11-01,694,INTERREG: Capacity2Transform LUMP,4397,WP2 Capacity Building,INTERREG,FALSE,PRORATA_PAYROLL,9.875,,,509.71
110,2017,2024-12-01,694,INTERREG: Capacity2Transform LUMP,4397,WP2 Capacity Building,INTERREG,FALSE,PRORATA_PAYROLL,9.583333333333334,,,921.57
110,2017,2025-01-01,694,INTERREG: Capacity2Transform LUMP,4397,WP2 Capacity Building,INTERREG,FALSE,PRORATA_PAYROLL,13.333333333333334,,,658.15
110,2017,2025-02-01,694,INTERREG: Capacity2Transform LUMP,4397,WP2 Capacity Building,INTERREG,FALSE,PRORATA_PAYROLL,14.083333333333334,,,614.53
110,2017,2025-03-01,694,INTERREG: Capacity2Transform LUMP,4397,WP2 Capacity Building,INTERREG,FALSE,PRORATA_PAYROLL,13.583333333333334,,,592.71
110,2017,2025-04-01,694,INTERREG: Capacity2Transform LUMP,4397,WP2 Capacity Building,INTERREG,FALSE,PRORATA_PAYROLL,11.479166666666666,,,569.2
110,2017,2025-05-01,694,INTERREG: Capacity2Transform LUMP,4397,WP2 Capacity Building,INTERREG,FALSE,PRORATA_PAYROLL,6.1875,,,281.24
110,2017,2025-05-01,694,INTERREG: Capacity2Transform LUMP,4398,WP3 Transformation,INTERREG,FALSE,PRORATA_PAYROLL,5.666666666666667,,,257.57
110,2017,2025-06-01,694,INTERREG: Capacity2Transform LUMP,4398,WP3 Transformation,INTERREG,FALSE,PRORATA_PAYROLL,9.0875,,,708.1
110,2017,2025-07-01,694,INTERREG: Capacity2Transform LUMP,4398,WP3 Transformation,INTERREG,FALSE,PRORATA_PAYROLL,12.875,,,786.84
110,2017,2025-08-01,694,INTERREG: Capacity2Transform LUMP,4398,WP3 Transformation,INTERREG,FALSE,PRORATA_PAYROLL,6.9,,,818.16
110,2017,2024-01-01,738,INTERREG: BrAIn,4640,SO1 Enhancing the competitiveness of SMEs (Jan - Jun 2024),INTERREG,FALSE,PRORATA_PAYROLL,3.75,,,226.31
110,2017,2024-02-01,738,INTERREG: BrAIn,4640,SO1 Enhancing the competitiveness of SMEs (Jan - Jun 2024),INTERREG,FALSE,PRORATA_PAYROLL,6.9375,,,267.95
110,2017,2024-03-01,738,INTERREG: BrAIn,4640,SO1 Enhancing the competitiveness of SMEs (Jan - Jun 2024),INTERREG,FALSE,PRORATA_PAYROLL,5.891666666666667,,,258.59
110,2017,2024-04-01,738,INTERREG: BrAIn,4640,SO1 Enhancing the competitiveness of SMEs (Jan - Jun 2024),INTERREG,FALSE,PRORATA_PAYROLL,7.083333333333333,,,326.31
110,2017,2024-05-01,738,INTERREG: BrAIn,4640,SO1 Enhancing the competitiveness of SMEs (Jan - Jun 2024),INTERREG,FALSE,PRORATA_PAYROLL,3,,,170.4
110,2017,2024-07-01,738,INTERREG: BrAIn,4641,SO1 Enhancing the competitiveness of SMEs (Juli - Dez 2024),INTERREG,FALSE,PRORATA_PAYROLL,8.333333333333334,,,268.22
110,2017,2024-08-01,738,INTERREG: BrAIn,4641,SO1 Enhancing the competitiveness of SMEs (Juli - Dez 2024),INTERREG,FALSE,PRORATA_PAYROLL,3.05,,,294.51
110,2017,2024-09-01,738,INTERREG: BrAIn,4641,SO1 Enhancing the competitiveness of SMEs (Juli - Dez 2024),INTERREG,FALSE,PRORATA_PAYROLL,3.6041666666666665,,,159.51
110,2017,2024-05-01,738,INTERREG: BrAIn,4642,SO2 Acceleration of transnational uptake of AI technologies (Jan - Jun 2024),INTERREG,FALSE,PRORATA_PAYROLL,1.625,,,92.3
110,2017,2024-06-01,738,INTERREG: BrAIn,4642,SO2 Acceleration of transnational uptake of AI technologies (Jan - Jun 2024),INTERREG,FALSE,PRORATA_PAYROLL,5.825,,,257.6
110,2017,2024-09-01,738,INTERREG: BrAIn,4643,SO2 Acceleration of transnational uptake of AI technologies (Juli - Dez 2024),INTERREG,FALSE,PRORATA_PAYROLL,2.25,,,99.58
110,2017,2024-11-01,738,INTERREG: BrAIn,4643,SO2 Acceleration of transnational uptake of AI technologies (Juli - Dez 2024),INTERREG,FALSE,PRORATA_PAYROLL,4.875,,,251.63
110,2017,2024-12-01,738,INTERREG: BrAIn,4643,SO2 Acceleration of transnational uptake of AI technologies (Juli - Dez 2024),INTERREG,FALSE,PRORATA_PAYROLL,3.1666666666666665,,,304.52
110,2017,2025-01-01,738,INTERREG: BrAIn,4976,SO1 Enhancing the competitivness of SMEs (Jan - Jun 2025),INTERREG,FALSE,PRORATA_PAYROLL,10.854166666666666,,,535.77
110,2017,2025-02-01,738,INTERREG: BrAIn,4976,SO1 Enhancing the competitivness of SMEs (Jan - Jun 2025),INTERREG,FALSE,PRORATA_PAYROLL,12.75,,,556.35
110,2017,2025-03-01,738,INTERREG: BrAIn,4976,SO1 Enhancing the competitivness of SMEs (Jan - Jun 2025),INTERREG,FALSE,PRORATA_PAYROLL,7.041666666666667,,,307.26
110,2017,2025-04-01,738,INTERREG: BrAIn,4976,SO1 Enhancing the competitivness of SMEs (Jan - Jun 2025),INTERREG,FALSE,PRORATA_PAYROLL,3.8333333333333335,,,190.08
110,2017,2025-05-01,738,INTERREG: BrAIn,4976,SO1 Enhancing the competitivness of SMEs (Jan - Jun 2025),INTERREG,FALSE,PRORATA_PAYROLL,5.833333333333333,,,265.14
110,2017,2025-06-01,738,INTERREG: BrAIn,4976,SO1 Enhancing the competitivness of SMEs (Jan - Jun 2025),INTERREG,FALSE,PRORATA_PAYROLL,2,,,155.84
110,2017,2025-02-01,738,INTERREG: BrAIn,4978,SO2 Acceleration of transnational uptake of AI technologies (Jan - Jun 2025),INTERREG,FALSE,PRORATA_PAYROLL,1.75,,,76.36
110,2017,2025-03-01,738,INTERREG: BrAIn,4978,SO2 Acceleration of transnational uptake of AI technologies (Jan - Jun 2025),INTERREG,FALSE,PRORATA_PAYROLL,6.125,,,267.27
110,2017,2025-04-01,738,INTERREG: BrAIn,4978,SO2 Acceleration of transnational uptake of AI technologies (Jan - Jun 2025),INTERREG,FALSE,PRORATA_PAYROLL,5.25,,,260.32
110,2017,2025-06-01,738,INTERREG: BrAIn,4978,SO2 Acceleration of transnational uptake of AI technologies (Jan - Jun 2025),INTERREG,FALSE,PRORATA_PAYROLL,2,,,155.84
110,2017,2025-04-01,738,INTERREG: BrAIn,4980,SO3 Increase and harmonize the capacity of policy makers (Jan - Jun 2025),INTERREG,FALSE,PRORATA_PAYROLL,3.6875,,,182.85
110,2017,2025-05-01,738,INTERREG: BrAIn,4980,SO3 Increase and harmonize the capacity of policy makers (Jan - Jun 2025),INTERREG,FALSE,PRORATA_PAYROLL,6.833333333333333,,,310.6
110,2017,2025-06-01,738,INTERREG: BrAIn,4980,SO3 Increase and harmonize the capacity of policy makers (Jan - Jun 2025),INTERREG,FALSE,PRORATA_PAYROLL,4,,,311.68
110,2017,2024-07-01,739,INTERREG: Culinary Trail,4526,T1.2 Cataloguing ethnic and local culinary,INTERREG,FALSE,PRORATA_PAYROLL,6.916666666666667,,,222.62
110,2017,2024-08-01,739,INTERREG: Culinary Trail,4526,T1.2 Cataloguing ethnic and local culinary,INTERREG,FALSE,PRORATA_PAYROLL,2.3625,,,228.12
110,2017,2024-09-01,739,INTERREG: Culinary Trail,4526,T1.2 Cataloguing ethnic and local culinary,INTERREG,FALSE,PRORATA_PAYROLL,5.354166666666667,,,236.96
110,2017,2024-11-01,739,INTERREG: Culinary Trail,4526,T1.2 Cataloguing ethnic and local culinary,INTERREG,FALSE,PRORATA_PAYROLL,5.3125,,,274.21
110,2017,2024-12-01,739,INTERREG: Culinary Trail,4526,T1.2 Cataloguing ethnic and local culinary,INTERREG,FALSE,PRORATA_PAYROLL,3.7916666666666665,,,364.62
110,2017,2024-01-01,739,INTERREG: Culinary Trail,4527,T1.4 Developing transnational strategy,INTERREG,FALSE,PRORATA_PAYROLL,3.6666666666666665,,,221.28
110,2017,2024-02-01,739,INTERREG: Culinary Trail,4527,T1.4 Developing transnational strategy,INTERREG,FALSE,PRORATA_PAYROLL,6.270833333333333,,,242.2
110,2017,2024-03-01,739,INTERREG: Culinary Trail,4527,T1.4 Developing transnational strategy,INTERREG,FALSE,PRORATA_PAYROLL,6.491666666666666,,,284.93
110,2017,2024-04-01,739,INTERREG: Culinary Trail,4527,T1.4 Developing transnational strategy,INTERREG,FALSE,PRORATA_PAYROLL,6.583333333333333,,,303.27
110,2017,2024-05-01,739,INTERREG: Culinary Trail,4527,T1.4 Developing transnational strategy,INTERREG,FALSE,PRORATA_PAYROLL,4.875,,,276.9
110,2017,2024-06-01,739,INTERREG: Culinary Trail,4527,T1.4 Developing transnational strategy,INTERREG,FALSE,PRORATA_PAYROLL,6.95,,,307.36
110,2017,2025-03-01,739,INTERREG: Culinary Trail,4925,SO1 Safeguarded culinary heritage P3 01.2025- 06.2025,INTERREG,FALSE,PRORATA_PAYROLL,6.041666666666667,,,263.63
110,2017,2025-04-01,739,INTERREG: Culinary Trail,4925,SO1 Safeguarded culinary heritage P3 01.2025- 06.2025,INTERREG,FALSE,PRORATA_PAYROLL,5.25,,,260.32
110,2017,2025-05-01,739,INTERREG: Culinary Trail,4925,SO1 Safeguarded culinary heritage P3 01.2025- 06.2025,INTERREG,FALSE,PRORATA_PAYROLL,5.9375,,,269.88
110,2017,2025-06-01,739,INTERREG: Culinary Trail,4925,SO1 Safeguarded culinary heritage P3 01.2025- 06.2025,INTERREG,FALSE,PRORATA_PAYROLL,3.4,,,264.93
110,2017,2025-06-01,739,INTERREG: Culinary Trail,4926,SO2 Thriving culinary heritage P3 01.2025-06.2025,INTERREG,FALSE,PRORATA_PAYROLL,1.4,,,109.09
110,2017,2025-01-01,739,INTERREG: Culinary Trail,4927,SO3 Culinary trail 4 the future P3 01.2025-06.2025,INTERREG,FALSE,PRORATA_PAYROLL,5.75,,,283.83
110,2017,2025-02-01,739,INTERREG: Culinary Trail,4927,SO3 Culinary trail 4 the future P3 01.2025-06.2025,INTERREG,FALSE,PRORATA_PAYROLL,6.083333333333333,,,265.45
110,2017,2024-06-01,777,EVENT: Ukrainische Delegation 2024,4711,Ukrainische Delegation Umsetzung,REGIONALE FÖRDERUNG,FALSE,PRORATA_PAYROLL,12.145833333333334,,,537.14
110,2017,2025-05-01,781,INTERREG: RECENTRE,4804,WP2 2025 RP2 - Testing the methodology for a Manufacturing 5.0,INTERREG,FALSE,PRORATA_PAYROLL,9,,,409.08
110,2017,2025-06-01,781,INTERREG: RECENTRE,4804,WP2 2025 RP2 - Testing the methodology for a Manufacturing 5.0,INTERREG,FALSE,PRORATA_PAYROLL,9.5875,,,747.06
110,2017,2025-07-01,781,INTERREG: RECENTRE,4804,WP2 2025 RP2 - Testing the methodology for a Manufacturing 5.0,INTERREG,FALSE,PRORATA_PAYROLL,12.541666666666666,,,766.47
110,2017,2025-08-01,781,INTERREG: RECENTRE,4804,WP2 2025 RP2 - Testing the methodology for a Manufacturing 5.0,INTERREG,FALSE,PRORATA_PAYROLL,6.9,,,818.16
110,2017,2025-03-01,781,INTERREG: RECENTRE,4923,WP1 2025 RP2 - To engage SMEs to develop the transformation model,INTERREG,FALSE,PRORATA_PAYROLL,12.041666666666666,,,525.44
110,2017,2025-04-01,781,INTERREG: RECENTRE,4923,WP1 2025 RP2 - To engage SMEs to develop the transformation model,INTERREG,FALSE,PRORATA_PAYROLL,13.0625,,,647.71
110,2017,2025-05-01,781,INTERREG: RECENTRE,4923,WP1 2025 RP2 - To engage SMEs to develop the transformation model,INTERREG,FALSE,PRORATA_PAYROLL,1.8125,,,82.38
110,2017,2025-01-01,784,INTERREG: RuBIO,4819,SO2 - Developing project workplan,INTERREG,FALSE,PRORATA_PAYROLL,13.083333333333334,,,645.81
110,2017,2025-02-01,784,INTERREG: RuBIO,4819,SO2 - Developing project workplan,INTERREG,FALSE,PRORATA_PAYROLL,8.583333333333334,,,374.53
110,2017,2025-03-01,784,INTERREG: RuBIO,4819,SO2 - Developing project workplan,INTERREG,FALSE,PRORATA_PAYROLL,8.166666666666666,,,356.35
110,2017,2025-04-01,784,INTERREG: RuBIO,4819,SO2 - Developing project workplan,INTERREG,FALSE,PRORATA_PAYROLL,6,,,297.51
110,2017,2025-05-01,784,INTERREG: RuBIO,4819,SO2 - Developing project workplan,INTERREG,FALSE,PRORATA_PAYROLL,5.75,,,261.36
110,2017,2025-01-01,786,INTERREG: IN4SeRMat,4833,S02 Work Pan to set up  an Ecosystem,INTERREG,FALSE,PRORATA_PAYROLL,16.083333333333332,,,793.89
110,2017,2025-02-01,786,INTERREG: IN4SeRMat,4833,S02 Work Pan to set up  an Ecosystem,INTERREG,FALSE,PRORATA_PAYROLL,21.583333333333332,,,941.79
110,2017,2025-03-01,786,INTERREG: IN4SeRMat,4833,S02 Work Pan to set up  an Ecosystem,INTERREG,FALSE,PRORATA_PAYROLL,17.958333333333332,,,783.61
110,2017,2025-07-01,787,INTERREG: ForeDanube,4826,WP6 Model of Institutionalisation of Foresight Activitie 2025,INTERREG,FALSE,PRORATA_PAYROLL,31.125,,,1902.16
110,2017,2025-08-01,787,INTERREG: ForeDanube,4826,WP6 Model of Institutionalisation of Foresight Activitie 2025,INTERREG,FALSE,PRORATA_PAYROLL,16,,,1897.18
110,2017,2025-06-01,806,INTERREG: SMILE INCUBATOR,4940,SO1_R1_2025_Mapping the state of youth participation,INTERREG,FALSE,PRORATA_PAYROLL,5.8375,,,454.86
110,2017,2025-07-01,806,INTERREG: SMILE INCUBATOR,4940,SO1_R1_2025_Mapping the state of youth participation,INTERREG,FALSE,PRORATA_PAYROLL,13.833333333333334,,,845.4
110,2017,2025-08-01,806,INTERREG: SMILE INCUBATOR,4940,SO1_R1_2025_Mapping the state of youth participation,INTERREG,FALSE,PRORATA_PAYROLL,3.4,,,403.15
110,2017,2025-05-01,806,INTERREG: SMILE INCUBATOR,4941,SO2_R1_2025_Cooperation network of rural youth leaders,INTERREG,FALSE,PRORATA_PAYROLL,16.5625,,,752.82
110,2017,2025-06-01,806,INTERREG: SMILE INCUBATOR,4941,SO2_R1_2025_Cooperation network of rural youth leaders,INTERREG,FALSE,PRORATA_PAYROLL,3.65,,,284.41
110,2017,2025-08-01,806,INTERREG: SMILE INCUBATOR,4941,SO2_R1_2025_Cooperation network of rural youth leaders,INTERREG,FALSE,PRORATA_PAYROLL,7.4,,,877.45
110,2017,2025-05-01,808,INTERREG: DINAMIC Danube,4939,SO1 Capacity Building and skills Upscaling P1 - 04. - 09.2025,INTERREG,FALSE,PRORATA_PAYROLL,7.145833333333333,,,324.8
110,2017,2025-06-01,808,INTERREG: DINAMIC Danube,4939,SO1 Capacity Building and skills Upscaling P1 - 04. - 09.2025,INTERREG,FALSE,PRORATA_PAYROLL,4.583333333333333,,,357.13
110,2017,2025-07-01,808,INTERREG: DINAMIC Danube,4939,SO1 Capacity Building and skills Upscaling P1 - 04. - 09.2025,INTERREG,FALSE,PRORATA_PAYROLL,6.333333333333333,,,387.05
110,2017,2025-08-01,808,INTERREG: DINAMIC Danube,4939,SO1 Capacity Building and skills Upscaling P1 - 04. - 09.2025,INTERREG,FALSE,PRORATA_PAYROLL,5.4,,,640.3
112,2016,2024-06-01,769,GREENE: ExCo 2024,4712,WP9 MGT,VERRECHNUNG INTERN,FALSE,PRORATA_PAYROLL,30,,,1538.38
112,2017,2024-11-01,771,REEsilience: ExCo 2024,4801,WP5 Expl,VERRECHNUNG INTERN,FALSE,PRORATA_PAYROLL,26,,,1109.8
112,2017,2025-04-01,830,EU-KONFORM: EIC Pathfinder Open 2025 PSI,5053,EU-KONFORM: EIC Pathfinder Open 2025 PSI (#720947),EU-KONFORM,FALSE,PRORATA_PAYROLL,7.833333333333333,,,322.05
112,2016,2025-05-01,860,GREENE: ExCo 2025,5153,WP8,VERRECHNUNG INTERN,FALSE,PRORATA_PAYROLL,24,,,0
112,2016,2025-06-01,860,GREENE: ExCo 2025,5153,WP8,VERRECHNUNG INTERN,FALSE,PRORATA_PAYROLL,16,,,0
113,2017,2025-07-01,843,Full-Flight-THALAMUS-UVIGO-One-stage-UpfrontFee-HORIZON-CL4-2025-04-DATA-02,5035,Full-Flight-THALAMUS-UVIGO-One-stage-UpfrontFee-HORIZON-CL4-2025-04-DATA-02,EU-KONFORM,FALSE,PRORATA_PAYROLL,6,,,4813.85
124,2016,2024-01-01,562,COSMHYC DEMO (mit MwSt),4571,WP1 Management 2024 - DEMO,H2020,FALSE,PRORATA_PAYROLL,49.666666666666664,,,2058.8
124,2016,2024-02-01,562,COSMHYC DEMO (mit MwSt),4571,WP1 Management 2024 - DEMO,H2020,FALSE,PRORATA_PAYROLL,29.5,,,2524.3
124,2016,2024-03-01,562,COSMHYC DEMO (mit MwSt),4571,WP1 Management 2024 - DEMO,H2020,FALSE,PRORATA_PAYROLL,8,,,395.9
124,2016,2024-06-01,562,COSMHYC DEMO (mit MwSt),4571,WP1 Management 2024 - DEMO,H2020,FALSE,PRORATA_PAYROLL,9.25,,,558.72
124,2016,2024-09-01,562,COSMHYC DEMO (mit MwSt),4571,WP1 Management 2024 - DEMO,H2020,FALSE,PRORATA_PAYROLL,15,,,823.87
124,2016,2024-11-01,562,COSMHYC DEMO (mit MwSt),4571,WP1 Management 2024 - DEMO,H2020,FALSE,PRORATA_PAYROLL,10.25,,,610.77
124,2016,2024-12-01,562,COSMHYC DEMO (mit MwSt),4571,WP1 Management 2024 - DEMO,H2020,FALSE,PRORATA_PAYROLL,3,,,407.83
124,2016,2024-01-01,562,COSMHYC DEMO (mit MwSt),4572,WP7 ComDissExp 2024 - DEMO,H2020,FALSE,PRORATA_PAYROLL,31.75,,,1316.11
124,2016,2024-02-01,562,COSMHYC DEMO (mit MwSt),4572,WP7 ComDissExp 2024 - DEMO,H2020,FALSE,PRORATA_PAYROLL,4.25,,,363.67
124,2016,2024-03-01,562,COSMHYC DEMO (mit MwSt),4572,WP7 ComDissExp 2024 - DEMO,H2020,FALSE,PRORATA_PAYROLL,12,,,593.85
124,2016,2024-06-01,562,COSMHYC DEMO (mit MwSt),4572,WP7 ComDissExp 2024 - DEMO,H2020,FALSE,PRORATA_PAYROLL,4,,,241.61
124,2016,2024-07-01,562,COSMHYC DEMO (mit MwSt),4572,WP7 ComDissExp 2024 - DEMO,H2020,FALSE,PRORATA_PAYROLL,4.25,,,219.21
124,2016,2024-09-01,562,COSMHYC DEMO (mit MwSt),4572,WP7 ComDissExp 2024 - DEMO,H2020,FALSE,PRORATA_PAYROLL,16,,,878.8
124,2016,2024-11-01,562,COSMHYC DEMO (mit MwSt),4572,WP7 ComDissExp 2024 - DEMO,H2020,FALSE,PRORATA_PAYROLL,10.5,,,625.67
124,2016,2025-01-01,562,COSMHYC DEMO (mit MwSt),4920,WP1 Management 2025 - DEMO,H2020,FALSE,PRORATA_PAYROLL,23.25,,,0
124,2016,2025-02-01,562,COSMHYC DEMO (mit MwSt),4920,WP1 Management 2025 - DEMO,H2020,FALSE,PRORATA_PAYROLL,37.6875,,,0
124,2016,2025-03-01,562,COSMHYC DEMO (mit MwSt),4920,WP1 Management 2025 - DEMO,H2020,FALSE,PRORATA_PAYROLL,7.25,,,0
124,2016,2025-04-01,562,COSMHYC DEMO (mit MwSt),4920,WP1 Management 2025 - DEMO,H2020,FALSE,PRORATA_PAYROLL,6.75,,,0
124,2016,2025-05-01,562,COSMHYC DEMO (mit MwSt),4920,WP1 Management 2025 - DEMO,H2020,FALSE,PRORATA_PAYROLL,26.5,,,0
124,2016,2025-06-01,562,COSMHYC DEMO (mit MwSt),4920,WP1 Management 2025 - DEMO,H2020,FALSE,PRORATA_PAYROLL,19.333333333333332,,,0
124,2016,2025-07-01,562,COSMHYC DEMO (mit MwSt),4920,WP1 Management 2025 - DEMO,H2020,FALSE,PRORATA_PAYROLL,8.5,,,0
124,2016,2025-08-01,562,COSMHYC DEMO (mit MwSt),4920,WP1 Management 2025 - DEMO,H2020,FALSE,PRORATA_PAYROLL,13,,,0
124,2016,2025-01-01,562,COSMHYC DEMO (mit MwSt),4921,WP7 ComDissExp 2025 - DEMO,H2020,FALSE,PRORATA_PAYROLL,11.25,,,0
124,2016,2025-03-01,562,COSMHYC DEMO (mit MwSt),4921,WP7 ComDissExp 2025 - DEMO,H2020,FALSE,PRORATA_PAYROLL,3,,,0
124,2016,2025-04-01,562,COSMHYC DEMO (mit MwSt),4921,WP7 ComDissExp 2025 - DEMO,H2020,FALSE,PRORATA_PAYROLL,16.666666666666668,,,0
124,2016,2025-05-01,562,COSMHYC DEMO (mit MwSt),4921,WP7 ComDissExp 2025 - DEMO,H2020,FALSE,PRORATA_PAYROLL,25,,,0
124,2016,2025-07-01,562,COSMHYC DEMO (mit MwSt),4921,WP7 ComDissExp 2025 - DEMO,H2020,FALSE,PRORATA_PAYROLL,35.5,,,0
124,2016,2025-08-01,562,COSMHYC DEMO (mit MwSt),4921,WP7 ComDissExp 2025 - DEMO,H2020,FALSE,PRORATA_PAYROLL,45,,,0
124,2017,2024-08-01,780,EU-KONFORM: H2Valley Phase 1 Projektanbahnung 2024,4734,H2Valley Umsetzung Phase 1 2024,EU-KONFORM,FALSE,PRORATA_PAYROLL,26.5,,,1903.79
124,2017,2024-09-01,780,EU-KONFORM: H2Valley Phase 1 Projektanbahnung 2024,4734,H2Valley Umsetzung Phase 1 2024,EU-KONFORM,FALSE,PRORATA_PAYROLL,46.25,,,1438.42
124,2017,2024-10-01,780,EU-KONFORM: H2Valley Phase 1 Projektanbahnung 2024,4734,H2Valley Umsetzung Phase 1 2024,EU-KONFORM,FALSE,PRORATA_PAYROLL,64.75,,,1781.99
124,2017,2024-11-01,780,EU-KONFORM: H2Valley Phase 1 Projektanbahnung 2024,4734,H2Valley Umsetzung Phase 1 2024,EU-KONFORM,FALSE,PRORATA_PAYROLL,36.833333333333336,,,1537.12
124,2017,2024-12-01,780,EU-KONFORM: H2Valley Phase 1 Projektanbahnung 2024,4734,H2Valley Umsetzung Phase 1 2024,EU-KONFORM,FALSE,PRORATA_PAYROLL,23,,,1776.45
124,2017,2024-05-01,796,TENDER: FWC Hydrogen FP2,4774,WP1 Umsetzung,TENDER,FALSE,PRORATA_PAYROLL,4.5,,,226.39
124,2017,2024-09-01,796,TENDER: FWC Hydrogen FP2,4774,WP1 Umsetzung,TENDER,FALSE,PRORATA_PAYROLL,15.25,,,474.29
124,2017,2024-10-01,796,TENDER: FWC Hydrogen FP2,4774,WP1 Umsetzung,TENDER,FALSE,PRORATA_PAYROLL,4.75,,,130.72
124,2017,2024-11-01,796,TENDER: FWC Hydrogen FP2,4774,WP1 Umsetzung,TENDER,FALSE,PRORATA_PAYROLL,9,,,375.59
124,2017,2025-07-01,816,EU-KONFORM: RHYNEUP-emobilBW-One-stage-FixedFee-HORIZON-JU-CLEANH2-2025-06-01,4871,EU-KONFORM: RHYNE UP,EU-KONFORM,FALSE,PRORATA_PAYROLL,47,,,1933.3
124,2017,2025-08-01,816,EU-KONFORM: RHYNEUP-emobilBW-One-stage-FixedFee-HORIZON-JU-CLEANH2-2025-06-01,4871,EU-KONFORM: RHYNE UP,EU-KONFORM,FALSE,PRORATA_PAYROLL,31,,,1933.3
124,2017,2025-02-01,816,EU-KONFORM: RHYNEUP-emobilBW-One-stage-FixedFee-HORIZON-JU-CLEANH2-2025-06-01,4873,1.2 Kick-off Meeting,EU-KONFORM,FALSE,PRORATA_PAYROLL,4,,,165.86
124,2017,2025-02-01,816,EU-KONFORM: RHYNEUP-emobilBW-One-stage-FixedFee-HORIZON-JU-CLEANH2-2025-06-01,4874,1.1 8 regionale Workshops,EU-KONFORM,FALSE,PRORATA_PAYROLL,20.375,,,844.85
124,2017,2025-01-01,816,EU-KONFORM: RHYNEUP-emobilBW-One-stage-FixedFee-HORIZON-JU-CLEANH2-2025-06-01,4875,1.3 Iteration der Factsheets,EU-KONFORM,FALSE,PRORATA_PAYROLL,17.625,,,1028.66
124,2017,2025-02-01,816,EU-KONFORM: RHYNEUP-emobilBW-One-stage-FixedFee-HORIZON-JU-CLEANH2-2025-06-01,4875,1.3 Iteration der Factsheets,EU-KONFORM,FALSE,PRORATA_PAYROLL,7.520833333333333,,,311.85
124,2017,2025-03-01,816,EU-KONFORM: RHYNEUP-emobilBW-One-stage-FixedFee-HORIZON-JU-CLEANH2-2025-06-01,4875,1.3 Iteration der Factsheets,EU-KONFORM,FALSE,PRORATA_PAYROLL,8.666666666666666,,,316.05
124,2017,2025-03-01,816,EU-KONFORM: RHYNEUP-emobilBW-One-stage-FixedFee-HORIZON-JU-CLEANH2-2025-06-01,4876,1.4 Einbeziehung fehlender Projektpartnern,EU-KONFORM,FALSE,PRORATA_PAYROLL,7,,,255.27
124,2017,2025-04-01,816,EU-KONFORM: RHYNEUP-emobilBW-One-stage-FixedFee-HORIZON-JU-CLEANH2-2025-06-01,4876,1.4 Einbeziehung fehlender Projektpartnern,EU-KONFORM,FALSE,PRORATA_PAYROLL,3.5,,,111.54
124,2017,2025-01-01,816,EU-KONFORM: RHYNEUP-emobilBW-One-stage-FixedFee-HORIZON-JU-CLEANH2-2025-06-01,4877,1.5 Onboarding aller 40 Partner,EU-KONFORM,FALSE,PRORATA_PAYROLL,2.125,,,124.02
124,2017,2025-02-01,816,EU-KONFORM: RHYNEUP-emobilBW-One-stage-FixedFee-HORIZON-JU-CLEANH2-2025-06-01,4877,1.5 Onboarding aller 40 Partner,EU-KONFORM,FALSE,PRORATA_PAYROLL,2.1875,,,90.7
124,2017,2025-01-01,816,EU-KONFORM: RHYNEUP-emobilBW-One-stage-FixedFee-HORIZON-JU-CLEANH2-2025-06-01,4878,1.6 Anpassung des Projektkonzepts,EU-KONFORM,FALSE,PRORATA_PAYROLL,6.25,,,364.77
124,2017,2025-02-01,816,EU-KONFORM: RHYNEUP-emobilBW-One-stage-FixedFee-HORIZON-JU-CLEANH2-2025-06-01,4878,1.6 Anpassung des Projektkonzepts,EU-KONFORM,FALSE,PRORATA_PAYROLL,3.25,,,134.76
124,2017,2025-03-01,816,EU-KONFORM: RHYNEUP-emobilBW-One-stage-FixedFee-HORIZON-JU-CLEANH2-2025-06-01,4878,1.6 Anpassung des Projektkonzepts,EU-KONFORM,FALSE,PRORATA_PAYROLL,14.5,,,528.78
124,2017,2025-01-01,816,EU-KONFORM: RHYNEUP-emobilBW-One-stage-FixedFee-HORIZON-JU-CLEANH2-2025-06-01,4879,1.7 Bilaterale Meetings mit Koordinationsteam,EU-KONFORM,FALSE,PRORATA_PAYROLL,7.125,,,415.84
124,2017,2025-02-01,816,EU-KONFORM: RHYNEUP-emobilBW-One-stage-FixedFee-HORIZON-JU-CLEANH2-2025-06-01,4879,1.7 Bilaterale Meetings mit Koordinationsteam,EU-KONFORM,FALSE,PRORATA_PAYROLL,9.291666666666666,,,385.28
124,2017,2025-03-01,816,EU-KONFORM: RHYNEUP-emobilBW-One-stage-FixedFee-HORIZON-JU-CLEANH2-2025-06-01,4879,1.7 Bilaterale Meetings mit Koordinationsteam,EU-KONFORM,FALSE,PRORATA_PAYROLL,2.6666666666666665,,,97.25
124,2017,2025-04-01,816,EU-KONFORM: RHYNEUP-emobilBW-One-stage-FixedFee-HORIZON-JU-CLEANH2-2025-06-01,4882,"2.1 (Excellence) First page (why, what, how)",EU-KONFORM,FALSE,PRORATA_PAYROLL,3,,,95.6
124,2017,2025-03-01,816,EU-KONFORM: RHYNEUP-emobilBW-One-stage-FixedFee-HORIZON-JU-CLEANH2-2025-06-01,4883,2.2 (Excellence) Objectives and Ambition,EU-KONFORM,FALSE,PRORATA_PAYROLL,5,,,182.34
124,2017,2025-04-01,816,EU-KONFORM: RHYNEUP-emobilBW-One-stage-FixedFee-HORIZON-JU-CLEANH2-2025-06-01,4884,2.3 (Excellence) Methodology,EU-KONFORM,FALSE,PRORATA_PAYROLL,3,,,95.6
124,2017,2025-03-01,816,EU-KONFORM: RHYNEUP-emobilBW-One-stage-FixedFee-HORIZON-JU-CLEANH2-2025-06-01,4886,2.5 (Impact) Measures to maximise impact,EU-KONFORM,FALSE,PRORATA_PAYROLL,1.75,,,63.82
124,2017,2025-04-01,816,EU-KONFORM: RHYNEUP-emobilBW-One-stage-FixedFee-HORIZON-JU-CLEANH2-2025-06-01,4887,2.6 (Impact) Summary,EU-KONFORM,FALSE,PRORATA_PAYROLL,2.25,,,71.7
124,2017,2025-03-01,816,EU-KONFORM: RHYNEUP-emobilBW-One-stage-FixedFee-HORIZON-JU-CLEANH2-2025-06-01,4888,2.7 (Quality) Work plan and resources,EU-KONFORM,FALSE,PRORATA_PAYROLL,3.3333333333333335,,,121.56
124,2017,2025-04-01,816,EU-KONFORM: RHYNEUP-emobilBW-One-stage-FixedFee-HORIZON-JU-CLEANH2-2025-06-01,4892,2.9.1 Visualisierung und Formatierung,EU-KONFORM,FALSE,PRORATA_PAYROLL,5.583333333333333,,,177.93
124,2017,2025-04-01,816,EU-KONFORM: RHYNEUP-emobilBW-One-stage-FixedFee-HORIZON-JU-CLEANH2-2025-06-01,4893,2.9.2 Qualitätsprüfung,EU-KONFORM,FALSE,PRORATA_PAYROLL,37.333333333333336,,,1189.72
124,2017,2025-04-01,816,EU-KONFORM: RHYNEUP-emobilBW-One-stage-FixedFee-HORIZON-JU-CLEANH2-2025-06-01,4899,3.5 Endkontrolle und Einreichung der Dokumente,EU-KONFORM,FALSE,PRORATA_PAYROLL,6,,,191.21
126,2017,2024-01-01,675,WM: Social Innovation Challenge 2.0,4136,Modul 2 - Workshops,REGIONALE FÖRDERUNG,FALSE,PRORATA_PAYROLL,15,,,675.2
126,2017,2024-02-01,675,WM: Social Innovation Challenge 2.0,4136,Modul 2 - Workshops,REGIONALE FÖRDERUNG,FALSE,PRORATA_PAYROLL,10,,,511.52
126,2017,2024-03-01,675,WM: Social Innovation Challenge 2.0,4136,Modul 2 - Workshops,REGIONALE FÖRDERUNG,FALSE,PRORATA_PAYROLL,5.5,,,236.5
126,2017,2024-04-01,675,WM: Social Innovation Challenge 2.0,4136,Modul 2 - Workshops,REGIONALE FÖRDERUNG,FALSE,PRORATA_PAYROLL,33,,,1704.57
126,2017,2024-05-01,675,WM: Social Innovation Challenge 2.0,4136,Modul 2 - Workshops,REGIONALE FÖRDERUNG,FALSE,PRORATA_PAYROLL,22.5,,,1609.33
126,2017,2024-06-01,675,WM: Social Innovation Challenge 2.0,4136,Modul 2 - Workshops,REGIONALE FÖRDERUNG,FALSE,PRORATA_PAYROLL,27.5,,,1258.61
126,2017,2024-07-01,675,WM: Social Innovation Challenge 2.0,4136,Modul 2 - Workshops,REGIONALE FÖRDERUNG,FALSE,PRORATA_PAYROLL,58.25,,,2023.17
126,2017,2024-08-01,675,WM: Social Innovation Challenge 2.0,4136,Modul 2 - Workshops,REGIONALE FÖRDERUNG,FALSE,PRORATA_PAYROLL,25,,,2136.56
126,2017,2024-09-01,675,WM: Social Innovation Challenge 2.0,4136,Modul 2 - Workshops,REGIONALE FÖRDERUNG,FALSE,PRORATA_PAYROLL,12,,,481.09
126,2017,2024-10-01,675,WM: Social Innovation Challenge 2.0,4136,Modul 2 - Workshops,REGIONALE FÖRDERUNG,FALSE,PRORATA_PAYROLL,22,,,1008.99
126,2017,2024-01-01,675,WM: Social Innovation Challenge 2.0,4137,Modul 3 - Netzwerken,REGIONALE FÖRDERUNG,FALSE,PRORATA_PAYROLL,26.5,,,1192.86
126,2017,2024-02-01,675,WM: Social Innovation Challenge 2.0,4137,Modul 3 - Netzwerken,REGIONALE FÖRDERUNG,FALSE,PRORATA_PAYROLL,11.5,,,588.24
126,2017,2024-03-01,675,WM: Social Innovation Challenge 2.0,4137,Modul 3 - Netzwerken,REGIONALE FÖRDERUNG,FALSE,PRORATA_PAYROLL,19.25,,,827.75
126,2017,2024-04-01,675,WM: Social Innovation Challenge 2.0,4137,Modul 3 - Netzwerken,REGIONALE FÖRDERUNG,FALSE,PRORATA_PAYROLL,27.5,,,1420.48
126,2017,2024-05-01,675,WM: Social Innovation Challenge 2.0,4137,Modul 3 - Netzwerken,REGIONALE FÖRDERUNG,FALSE,PRORATA_PAYROLL,9.5,,,679.49
126,2017,2024-06-01,675,WM: Social Innovation Challenge 2.0,4137,Modul 3 - Netzwerken,REGIONALE FÖRDERUNG,FALSE,PRORATA_PAYROLL,37.25,,,1704.84
126,2017,2024-07-01,675,WM: Social Innovation Challenge 2.0,4137,Modul 3 - Netzwerken,REGIONALE FÖRDERUNG,FALSE,PRORATA_PAYROLL,21,,,729.38
126,2017,2024-09-01,675,WM: Social Innovation Challenge 2.0,4137,Modul 3 - Netzwerken,REGIONALE FÖRDERUNG,FALSE,PRORATA_PAYROLL,24.75,,,992.25
126,2017,2024-10-01,675,WM: Social Innovation Challenge 2.0,4137,Modul 3 - Netzwerken,REGIONALE FÖRDERUNG,FALSE,PRORATA_PAYROLL,4,,,183.45
132,2017,2024-01-01,738,INTERREG: BrAIn,4640,SO1 Enhancing the competitiveness of SMEs (Jan - Jun 2024),INTERREG,FALSE,PRORATA_PAYROLL,23.166666666666668,,,1129.12
132,2017,2024-02-01,738,INTERREG: BrAIn,4640,SO1 Enhancing the competitiveness of SMEs (Jan - Jun 2024),INTERREG,FALSE,PRORATA_PAYROLL,30.333333333333332,,,1313.27
132,2017,2024-03-01,738,INTERREG: BrAIn,4640,SO1 Enhancing the competitiveness of SMEs (Jan - Jun 2024),INTERREG,FALSE,PRORATA_PAYROLL,32.166666666666664,,,1650.54
132,2017,2024-04-01,738,INTERREG: BrAIn,4640,SO1 Enhancing the competitiveness of SMEs (Jan - Jun 2024),INTERREG,FALSE,PRORATA_PAYROLL,28.916666666666668,,,2100.49
132,2017,2024-05-01,738,INTERREG: BrAIn,4640,SO1 Enhancing the competitiveness of SMEs (Jan - Jun 2024),INTERREG,FALSE,PRORATA_PAYROLL,19.2,,,1266.68
132,2017,2024-06-01,738,INTERREG: BrAIn,4640,SO1 Enhancing the competitiveness of SMEs (Jan - Jun 2024),INTERREG,FALSE,PRORATA_PAYROLL,23.683333333333334,,,1165.39
132,2017,2024-07-01,738,INTERREG: BrAIn,4641,SO1 Enhancing the competitiveness of SMEs (Juli - Dez 2024),INTERREG,FALSE,PRORATA_PAYROLL,24.1,,,1112.96
132,2017,2024-08-01,738,INTERREG: BrAIn,4641,SO1 Enhancing the competitiveness of SMEs (Juli - Dez 2024),INTERREG,FALSE,PRORATA_PAYROLL,8.25,,,524.48
132,2017,2024-09-01,738,INTERREG: BrAIn,4641,SO1 Enhancing the competitiveness of SMEs (Juli - Dez 2024),INTERREG,FALSE,PRORATA_PAYROLL,15.333333333333334,,,679.41
132,2017,2024-10-01,738,INTERREG: BrAIn,4641,SO1 Enhancing the competitiveness of SMEs (Juli - Dez 2024),INTERREG,FALSE,PRORATA_PAYROLL,19.6,,,818.83
132,2017,2024-11-01,738,INTERREG: BrAIn,4641,SO1 Enhancing the competitiveness of SMEs (Juli - Dez 2024),INTERREG,FALSE,PRORATA_PAYROLL,10.666666666666666,,,779.84
132,2017,2024-12-01,738,INTERREG: BrAIn,4641,SO1 Enhancing the competitiveness of SMEs (Juli - Dez 2024),INTERREG,FALSE,PRORATA_PAYROLL,8.8,,,1567.38
132,2017,2024-01-01,738,INTERREG: BrAIn,4642,SO2 Acceleration of transnational uptake of AI technologies (Jan - Jun 2024),INTERREG,FALSE,PRORATA_PAYROLL,21.166666666666668,,,1031.64
132,2017,2024-02-01,738,INTERREG: BrAIn,4642,SO2 Acceleration of transnational uptake of AI technologies (Jan - Jun 2024),INTERREG,FALSE,PRORATA_PAYROLL,18.566666666666666,,,803.84
132,2017,2024-03-01,738,INTERREG: BrAIn,4642,SO2 Acceleration of transnational uptake of AI technologies (Jan - Jun 2024),INTERREG,FALSE,PRORATA_PAYROLL,25.5,,,1308.46
132,2017,2024-04-01,738,INTERREG: BrAIn,4642,SO2 Acceleration of transnational uptake of AI technologies (Jan - Jun 2024),INTERREG,FALSE,PRORATA_PAYROLL,13.166666666666666,,,956.42
132,2017,2024-05-01,738,INTERREG: BrAIn,4642,SO2 Acceleration of transnational uptake of AI technologies (Jan - Jun 2024),INTERREG,FALSE,PRORATA_PAYROLL,15.2,,,1002.79
132,2017,2024-06-01,738,INTERREG: BrAIn,4642,SO2 Acceleration of transnational uptake of AI technologies (Jan - Jun 2024),INTERREG,FALSE,PRORATA_PAYROLL,20.683333333333334,,,1017.77
132,2017,2024-07-01,738,INTERREG: BrAIn,4643,SO2 Acceleration of transnational uptake of AI technologies (Juli - Dez 2024),INTERREG,FALSE,PRORATA_PAYROLL,14.35,,,662.7
132,2017,2024-08-01,738,INTERREG: BrAIn,4643,SO2 Acceleration of transnational uptake of AI technologies (Juli - Dez 2024),INTERREG,FALSE,PRORATA_PAYROLL,11.166666666666666,,,709.91
132,2017,2024-09-01,738,INTERREG: BrAIn,4643,SO2 Acceleration of transnational uptake of AI technologies (Juli - Dez 2024),INTERREG,FALSE,PRORATA_PAYROLL,14.933333333333334,,,661.68
132,2017,2024-10-01,738,INTERREG: BrAIn,4643,SO2 Acceleration of transnational uptake of AI technologies (Juli - Dez 2024),INTERREG,FALSE,PRORATA_PAYROLL,19.6,,,818.83
132,2017,2024-11-01,738,INTERREG: BrAIn,4643,SO2 Acceleration of transnational uptake of AI technologies (Juli - Dez 2024),INTERREG,FALSE,PRORATA_PAYROLL,12.333333333333334,,,901.69
132,2017,2024-12-01,738,INTERREG: BrAIn,4643,SO2 Acceleration of transnational uptake of AI technologies (Juli - Dez 2024),INTERREG,FALSE,PRORATA_PAYROLL,8.8,,,1567.38
132,2017,2024-07-01,738,INTERREG: BrAIn,4644,SO3 Increase and harmonize the capacity of policy makers (Juli - Dez 2024),INTERREG,FALSE,PRORATA_PAYROLL,7.85,,,362.52
132,2017,2024-08-01,738,INTERREG: BrAIn,4644,SO3 Increase and harmonize the capacity of policy makers (Juli - Dez 2024),INTERREG,FALSE,PRORATA_PAYROLL,8.916666666666666,,,566.87
132,2017,2024-09-01,738,INTERREG: BrAIn,4644,SO3 Increase and harmonize the capacity of policy makers (Juli - Dez 2024),INTERREG,FALSE,PRORATA_PAYROLL,12.666666666666666,,,561.25
132,2017,2024-10-01,738,INTERREG: BrAIn,4644,SO3 Increase and harmonize the capacity of policy makers (Juli - Dez 2024),INTERREG,FALSE,PRORATA_PAYROLL,5.6,,,233.95
132,2017,2024-11-01,738,INTERREG: BrAIn,4644,SO3 Increase and harmonize the capacity of policy makers (Juli - Dez 2024),INTERREG,FALSE,PRORATA_PAYROLL,6,,,438.66
132,2017,2024-12-01,738,INTERREG: BrAIn,4644,SO3 Increase and harmonize the capacity of policy makers (Juli - Dez 2024),INTERREG,FALSE,PRORATA_PAYROLL,1.6,,,284.98
132,2017,2025-01-01,738,INTERREG: BrAIn,4976,SO1 Enhancing the competitivness of SMEs (Jan - Jun 2025),INTERREG,FALSE,PRORATA_PAYROLL,21.95,,,1085.45
132,2017,2025-02-01,738,INTERREG: BrAIn,4976,SO1 Enhancing the competitivness of SMEs (Jan - Jun 2025),INTERREG,FALSE,PRORATA_PAYROLL,19.1,,,944.51
132,2017,2025-03-01,738,INTERREG: BrAIn,4976,SO1 Enhancing the competitivness of SMEs (Jan - Jun 2025),INTERREG,FALSE,PRORATA_PAYROLL,19.45,,,931.76
132,2017,2025-04-01,738,INTERREG: BrAIn,4976,SO1 Enhancing the competitivness of SMEs (Jan - Jun 2025),INTERREG,FALSE,PRORATA_PAYROLL,10.916666666666666,,,880.79
132,2017,2025-05-01,738,INTERREG: BrAIn,4976,SO1 Enhancing the competitivness of SMEs (Jan - Jun 2025),INTERREG,FALSE,PRORATA_PAYROLL,11.85,,,956.09
132,2017,2025-06-01,738,INTERREG: BrAIn,4976,SO1 Enhancing the competitivness of SMEs (Jan - Jun 2025),INTERREG,FALSE,PRORATA_PAYROLL,8.533333333333333,,,868.79
132,2017,2025-01-01,738,INTERREG: BrAIn,4978,SO2 Acceleration of transnational uptake of AI technologies (Jan - Jun 2025),INTERREG,FALSE,PRORATA_PAYROLL,18.216666666666665,,,900.83
132,2017,2025-02-01,738,INTERREG: BrAIn,4978,SO2 Acceleration of transnational uptake of AI technologies (Jan - Jun 2025),INTERREG,FALSE,PRORATA_PAYROLL,17.1,,,845.61
132,2017,2025-03-01,738,INTERREG: BrAIn,4978,SO2 Acceleration of transnational uptake of AI technologies (Jan - Jun 2025),INTERREG,FALSE,PRORATA_PAYROLL,18.283333333333335,,,875.87
132,2017,2025-04-01,738,INTERREG: BrAIn,4978,SO2 Acceleration of transnational uptake of AI technologies (Jan - Jun 2025),INTERREG,FALSE,PRORATA_PAYROLL,12.916666666666666,,,1042.15
132,2017,2025-05-01,738,INTERREG: BrAIn,4978,SO2 Acceleration of transnational uptake of AI technologies (Jan - Jun 2025),INTERREG,FALSE,PRORATA_PAYROLL,9.85,,,794.73
132,2017,2025-06-01,738,INTERREG: BrAIn,4978,SO2 Acceleration of transnational uptake of AI technologies (Jan - Jun 2025),INTERREG,FALSE,PRORATA_PAYROLL,10.133333333333333,,,1031.68
132,2017,2025-01-01,738,INTERREG: BrAIn,4980,SO3 Increase and harmonize the capacity of policy makers (Jan - Jun 2025),INTERREG,FALSE,PRORATA_PAYROLL,11.95,,,590.94
132,2017,2025-02-01,738,INTERREG: BrAIn,4980,SO3 Increase and harmonize the capacity of policy makers (Jan - Jun 2025),INTERREG,FALSE,PRORATA_PAYROLL,14.433333333333334,,,713.74
132,2017,2025-03-01,738,INTERREG: BrAIn,4980,SO3 Increase and harmonize the capacity of policy makers (Jan - Jun 2025),INTERREG,FALSE,PRORATA_PAYROLL,23.083333333333332,,,1105.82
132,2017,2025-04-01,738,INTERREG: BrAIn,4980,SO3 Increase and harmonize the capacity of policy makers (Jan - Jun 2025),INTERREG,FALSE,PRORATA_PAYROLL,6.666666666666667,,,537.89
132,2017,2025-05-01,738,INTERREG: BrAIn,4980,SO3 Increase and harmonize the capacity of policy makers (Jan - Jun 2025),INTERREG,FALSE,PRORATA_PAYROLL,13.85,,,1117.46
132,2017,2025-06-01,738,INTERREG: BrAIn,4980,SO3 Increase and harmonize the capacity of policy makers (Jan - Jun 2025),INTERREG,FALSE,PRORATA_PAYROLL,10.133333333333333,,,1031.68
132,2017,2024-09-01,787,INTERREG: ForeDanube,4821,WP1 Report on the State of Play 2024,INTERREG,FALSE,PRORATA_PAYROLL,10.25,,,454.17
132,2017,2024-10-01,787,INTERREG: ForeDanube,4821,WP1 Report on the State of Play 2024,INTERREG,FALSE,PRORATA_PAYROLL,8.666666666666666,,,362.07
132,2017,2024-11-01,787,INTERREG: ForeDanube,4821,WP1 Report on the State of Play 2024,INTERREG,FALSE,PRORATA_PAYROLL,2,,,146.22
132,2017,2024-09-01,787,INTERREG: ForeDanube,4822,WP2 Action Plan for Establishment of Foresight 2024,INTERREG,FALSE,PRORATA_PAYROLL,11.583333333333334,,,513.25
132,2017,2024-10-01,787,INTERREG: ForeDanube,4822,WP2 Action Plan for Establishment of Foresight 2024,INTERREG,FALSE,PRORATA_PAYROLL,18.266666666666666,,,763.13
132,2017,2024-11-01,787,INTERREG: ForeDanube,4822,WP2 Action Plan for Establishment of Foresight 2024,INTERREG,FALSE,PRORATA_PAYROLL,9.666666666666666,,,706.73
132,2017,2024-12-01,787,INTERREG: ForeDanube,4822,WP2 Action Plan for Establishment of Foresight 2024,INTERREG,FALSE,PRORATA_PAYROLL,8.8,,,1567.38
132,2017,2024-09-01,787,INTERREG: ForeDanube,4823,WP3 Report on Funding Possibilities 2024,INTERREG,FALSE,PRORATA_PAYROLL,21.183333333333334,,,938.61
132,2017,2024-10-01,787,INTERREG: ForeDanube,4823,WP3 Report on Funding Possibilities 2024,INTERREG,FALSE,PRORATA_PAYROLL,18,,,751.99
132,2017,2024-11-01,787,INTERREG: ForeDanube,4823,WP3 Report on Funding Possibilities 2024,INTERREG,FALSE,PRORATA_PAYROLL,14.416666666666666,,,1054
132,2017,2024-12-01,787,INTERREG: ForeDanube,4823,WP3 Report on Funding Possibilities 2024,INTERREG,FALSE,PRORATA_PAYROLL,6.8,,,1211.15
132,2017,2024-09-01,787,INTERREG: ForeDanube,4824,WP4 Community and Stakeholder Consultations 2024,INTERREG,FALSE,PRORATA_PAYROLL,17.766666666666666,,,787.22
132,2017,2024-10-01,787,INTERREG: ForeDanube,4824,WP4 Community and Stakeholder Consultations 2024,INTERREG,FALSE,PRORATA_PAYROLL,20,,,835.54
132,2017,2024-11-01,787,INTERREG: ForeDanube,4824,WP4 Community and Stakeholder Consultations 2024,INTERREG,FALSE,PRORATA_PAYROLL,12.416666666666666,,,907.78
132,2017,2024-12-01,787,INTERREG: ForeDanube,4824,WP4 Community and Stakeholder Consultations 2024,INTERREG,FALSE,PRORATA_PAYROLL,6.8,,,1211.15
132,2017,2025-04-01,806,INTERREG: SMILE INCUBATOR,4940,SO1_R1_2025_Mapping the state of youth participation,INTERREG,FALSE,PRORATA_PAYROLL,11.583333333333334,,,934.58
132,2017,2025-05-01,806,INTERREG: SMILE INCUBATOR,4940,SO1_R1_2025_Mapping the state of youth participation,INTERREG,FALSE,PRORATA_PAYROLL,9.266666666666667,,,747.66
132,2017,2025-06-01,806,INTERREG: SMILE INCUBATOR,4940,SO1_R1_2025_Mapping the state of youth participation,INTERREG,FALSE,PRORATA_PAYROLL,8.266666666666667,,,841.64
132,2017,2025-07-01,806,INTERREG: SMILE INCUBATOR,4940,SO1_R1_2025_Mapping the state of youth participation,INTERREG,FALSE,PRORATA_PAYROLL,2,,,349.26
132,2017,2025-04-01,806,INTERREG: SMILE INCUBATOR,4941,SO2_R1_2025_Cooperation network of rural youth leaders,INTERREG,FALSE,PRORATA_PAYROLL,11.583333333333334,,,934.58
132,2017,2025-05-01,806,INTERREG: SMILE INCUBATOR,4941,SO2_R1_2025_Cooperation network of rural youth leaders,INTERREG,FALSE,PRORATA_PAYROLL,9.866666666666667,,,796.07
132,2017,2025-06-01,806,INTERREG: SMILE INCUBATOR,4941,SO2_R1_2025_Cooperation network of rural youth leaders,INTERREG,FALSE,PRORATA_PAYROLL,9.866666666666667,,,1004.54
132,2017,2025-07-01,806,INTERREG: SMILE INCUBATOR,4941,SO2_R1_2025_Cooperation network of rural youth leaders,INTERREG,FALSE,PRORATA_PAYROLL,7.333333333333333,,,1280.62
132,2017,2025-04-01,807,INTERREG: Danube Crafts,4951,SO1 - Establishing Route strategy,INTERREG,FALSE,PRORATA_PAYROLL,12.666666666666666,,,1021.98
132,2017,2025-05-01,807,INTERREG: Danube Crafts,4951,SO1 - Establishing Route strategy,INTERREG,FALSE,PRORATA_PAYROLL,13.6,,,1097.29
132,2017,2025-06-01,807,INTERREG: Danube Crafts,4951,SO1 - Establishing Route strategy,INTERREG,FALSE,PRORATA_PAYROLL,13.866666666666667,,,1411.78
132,2017,2025-07-01,807,INTERREG: Danube Crafts,4951,SO1 - Establishing Route strategy,INTERREG,FALSE,PRORATA_PAYROLL,7.333333333333333,,,1280.62
134,2016,2025-01-01,449,ATELIER  (o.Vst),3080,"WP10 Communication, Dissemination & Exploitation",H2020,FALSE,PRORATA_PAYROLL,33,,,0
134,2016,2025-02-01,449,ATELIER  (o.Vst),3080,"WP10 Communication, Dissemination & Exploitation",H2020,FALSE,PRORATA_PAYROLL,60,,,0
134,2016,2025-03-01,449,ATELIER  (o.Vst),3080,"WP10 Communication, Dissemination & Exploitation",H2020,FALSE,PRORATA_PAYROLL,63,,,0
134,2016,2025-04-01,449,ATELIER  (o.Vst),3080,"WP10 Communication, Dissemination & Exploitation",H2020,FALSE,PRORATA_PAYROLL,42,,,0
134,2016,2025-05-01,449,ATELIER  (o.Vst),3080,"WP10 Communication, Dissemination & Exploitation",H2020,FALSE,PRORATA_PAYROLL,54,,,0
134,2016,2024-01-01,449,ATELIER  (o.Vst),3083,WP10 T10.3 Support exploitation impact 7PM,H2020,FALSE,PRORATA_PAYROLL,32,,,1252.28
134,2016,2024-02-01,449,ATELIER  (o.Vst),3083,WP10 T10.3 Support exploitation impact 7PM,H2020,FALSE,PRORATA_PAYROLL,34,,,1252.28
134,2016,2024-03-01,449,ATELIER  (o.Vst),3083,WP10 T10.3 Support exploitation impact 7PM,H2020,FALSE,PRORATA_PAYROLL,34.5,,,1924.16
134,2016,2024-04-01,449,ATELIER  (o.Vst),3083,WP10 T10.3 Support exploitation impact 7PM,H2020,FALSE,PRORATA_PAYROLL,58,,,1712.98
134,2016,2024-05-01,449,ATELIER  (o.Vst),3083,WP10 T10.3 Support exploitation impact 7PM,H2020,FALSE,PRORATA_PAYROLL,39.75,,,1777.78
134,2016,2024-06-01,449,ATELIER  (o.Vst),3083,WP10 T10.3 Support exploitation impact 7PM,H2020,FALSE,PRORATA_PAYROLL,30.625,,,1571.71
134,2016,2024-07-01,449,ATELIER  (o.Vst),3083,WP10 T10.3 Support exploitation impact 7PM,H2020,FALSE,PRORATA_PAYROLL,31.25,,,1062.73
134,2016,2024-08-01,449,ATELIER  (o.Vst),3083,WP10 T10.3 Support exploitation impact 7PM,H2020,FALSE,PRORATA_PAYROLL,32,,,1282.8
134,2016,2024-09-01,449,ATELIER  (o.Vst),3083,WP10 T10.3 Support exploitation impact 7PM,H2020,FALSE,PRORATA_PAYROLL,48.5,,,1717.43
134,2016,2024-10-01,449,ATELIER  (o.Vst),3083,WP10 T10.3 Support exploitation impact 7PM,H2020,FALSE,PRORATA_PAYROLL,66,,,2144.71
134,2016,2024-11-01,449,ATELIER  (o.Vst),3083,WP10 T10.3 Support exploitation impact 7PM,H2020,FALSE,PRORATA_PAYROLL,54,,,2144.71
134,2016,2024-12-01,449,ATELIER  (o.Vst),3083,WP10 T10.3 Support exploitation impact 7PM,H2020,FALSE,PRORATA_PAYROLL,33,,,3034.64
134,2016,2024-01-01,568,Hydro4U (mit MwSt),3612,"WP6 Dissemination, Communication and Exploitation",H2020,FALSE,PRORATA_PAYROLL,32,,,1252.28
134,2016,2024-02-01,568,Hydro4U (mit MwSt),3612,"WP6 Dissemination, Communication and Exploitation",H2020,FALSE,PRORATA_PAYROLL,34,,,1252.28
134,2016,2024-03-01,568,Hydro4U (mit MwSt),3612,"WP6 Dissemination, Communication and Exploitation",H2020,FALSE,PRORATA_PAYROLL,25.5,,,1422.21
134,2016,2024-04-01,568,Hydro4U (mit MwSt),3612,"WP6 Dissemination, Communication and Exploitation",H2020,FALSE,PRORATA_PAYROLL,22,,,649.75
134,2016,2024-05-01,568,Hydro4U (mit MwSt),3612,"WP6 Dissemination, Communication and Exploitation",H2020,FALSE,PRORATA_PAYROLL,16.25,,,726.77
134,2016,2024-06-01,568,Hydro4U (mit MwSt),3612,"WP6 Dissemination, Communication and Exploitation",H2020,FALSE,PRORATA_PAYROLL,33.375,,,1712.84
134,2016,2024-07-01,568,Hydro4U (mit MwSt),3612,"WP6 Dissemination, Communication and Exploitation",H2020,FALSE,PRORATA_PAYROLL,44.75,,,1521.82
134,2016,2024-08-01,568,Hydro4U (mit MwSt),3612,"WP6 Dissemination, Communication and Exploitation",H2020,FALSE,PRORATA_PAYROLL,40,,,1603.5
134,2016,2024-09-01,568,Hydro4U (mit MwSt),3612,"WP6 Dissemination, Communication and Exploitation",H2020,FALSE,PRORATA_PAYROLL,51.5,,,1823.66
134,2016,2024-10-01,568,Hydro4U (mit MwSt),3612,"WP6 Dissemination, Communication and Exploitation",H2020,FALSE,PRORATA_PAYROLL,66,,,2144.71
134,2016,2024-11-01,568,Hydro4U (mit MwSt),3612,"WP6 Dissemination, Communication and Exploitation",H2020,FALSE,PRORATA_PAYROLL,54,,,2144.71
134,2016,2024-12-01,568,Hydro4U (mit MwSt),3612,"WP6 Dissemination, Communication and Exploitation",H2020,FALSE,PRORATA_PAYROLL,33,,,3034.64
134,2016,2025-01-01,568,Hydro4U (mit MwSt),3612,"WP6 Dissemination, Communication and Exploitation",H2020,FALSE,PRORATA_PAYROLL,33,,,0
134,2016,2025-02-01,568,Hydro4U (mit MwSt),3612,"WP6 Dissemination, Communication and Exploitation",H2020,FALSE,PRORATA_PAYROLL,60,,,0
134,2016,2025-03-01,568,Hydro4U (mit MwSt),3612,"WP6 Dissemination, Communication and Exploitation",H2020,FALSE,PRORATA_PAYROLL,63,,,0
134,2016,2025-04-01,568,Hydro4U (mit MwSt),3612,"WP6 Dissemination, Communication and Exploitation",H2020,FALSE,PRORATA_PAYROLL,54,,,0
134,2016,2025-05-01,568,Hydro4U (mit MwSt),3612,"WP6 Dissemination, Communication and Exploitation",H2020,FALSE,PRORATA_PAYROLL,30,,,0
145,2016,2024-03-01,533,LEVIS (ohne Vorsteuerabzug),3642,WP7 Dissemination & Exploitation,H2020,FALSE,PRORATA_PAYROLL,6,,,376.53
145,2016,2024-04-01,533,LEVIS (ohne Vorsteuerabzug),3642,WP7 Dissemination & Exploitation,H2020,FALSE,PRORATA_PAYROLL,17.5,,,884.98
145,2016,2024-05-01,533,LEVIS (ohne Vorsteuerabzug),3642,WP7 Dissemination & Exploitation,H2020,FALSE,PRORATA_PAYROLL,7.625,,,609.33
145,2016,2024-06-01,533,LEVIS (ohne Vorsteuerabzug),3642,WP7 Dissemination & Exploitation,H2020,FALSE,PRORATA_PAYROLL,26.25,,,1564.92
145,2016,2024-02-01,533,LEVIS (ohne Vorsteuerabzug),3645,WP8 Project Coordination & Management,H2020,FALSE,PRORATA_PAYROLL,5,,,223.03
145,2016,2024-04-01,533,LEVIS (ohne Vorsteuerabzug),3645,WP8 Project Coordination & Management,H2020,FALSE,PRORATA_PAYROLL,4.125,,,208.6
145,2016,2024-01-01,571,FlashPhos (mit MwSt),4559,WP1 Management 2024,H2020,FALSE,PRORATA_PAYROLL,4.375,,,245.11
145,2016,2024-02-01,571,FlashPhos (mit MwSt),4559,WP1 Management 2024,H2020,FALSE,PRORATA_PAYROLL,46,,,2051.83
145,2016,2024-03-01,571,FlashPhos (mit MwSt),4559,WP1 Management 2024,H2020,FALSE,PRORATA_PAYROLL,14,,,878.56
145,2016,2024-04-01,571,FlashPhos (mit MwSt),4559,WP1 Management 2024,H2020,FALSE,PRORATA_PAYROLL,8.25,,,417.21
145,2016,2024-01-01,571,FlashPhos (mit MwSt),4576,WP9 Exploitation 2024,H2020,FALSE,PRORATA_PAYROLL,28.5,,,1596.7
145,2016,2024-02-01,571,FlashPhos (mit MwSt),4576,WP9 Exploitation 2024,H2020,FALSE,PRORATA_PAYROLL,24.75,,,1103.97
145,2016,2024-03-01,571,FlashPhos (mit MwSt),4576,WP9 Exploitation 2024,H2020,FALSE,PRORATA_PAYROLL,11.5,,,721.67
145,2016,2024-04-01,571,FlashPhos (mit MwSt),4576,WP9 Exploitation 2024,H2020,FALSE,PRORATA_PAYROLL,9.125,,,461.46
145,2017,2024-11-01,642,TENDER: DTA,4015,Tender DTA - 2024,TENDER,FALSE,PRORATA_PAYROLL,111,,,7588.8
145,2017,2024-12-01,642,TENDER: DTA,4015,Tender DTA - 2024,TENDER,FALSE,PRORATA_PAYROLL,68.25,,,6113.56
145,2017,2024-08-01,743,EU-KONFORM: TNO (2 Stage) CircBio,4536,Umsetzung 1st Stage,EU-KONFORM,FALSE,PRORATA_PAYROLL,4.125,,,547.23
145,2017,2024-09-01,743,EU-KONFORM: TNO (2 Stage) CircBio,4536,Umsetzung 1st Stage,EU-KONFORM,FALSE,PRORATA_PAYROLL,24,,,1135.38
145,2017,2024-08-01,744,"EU-KONFORM: KIT Antragskorr (Stage 1, 22.2.2024)",4538,Umsetzung KIT Stage 1 (22.2.24),EU-KONFORM,FALSE,PRORATA_PAYROLL,4.125,,,547.23
145,2017,2024-09-01,744,"EU-KONFORM: KIT Antragskorr (Stage 1, 22.2.2024)",4538,Umsetzung KIT Stage 1 (22.2.24),EU-KONFORM,FALSE,PRORATA_PAYROLL,29,,,1371.92
145,2017,2024-10-01,744,"EU-KONFORM: KIT Antragskorr (Stage 1, 22.2.2024)",4538,Umsetzung KIT Stage 1 (22.2.24),EU-KONFORM,FALSE,PRORATA_PAYROLL,33.125,,,1854.02
145,2017,2024-07-01,745,EU-KONFORM: DTU/Impact 07.02.2024,4539,Umsetzung: DTU Impact (07.02.2024),EU-KONFORM,FALSE,PRORATA_PAYROLL,13.875,,,637.68
145,2017,2024-12-01,745,EU-KONFORM: DTU/Impact 07.02.2024,4539,Umsetzung: DTU Impact (07.02.2024),EU-KONFORM,FALSE,PRORATA_PAYROLL,42.6,,,3815.94
145,2017,2024-07-01,757,EU-KONFORM: DE/2023-06-13/Wörwag 2. Stufe,4565,Umsetzung WÖRWAG 2. Stufe,EU-KONFORM,FALSE,PRORATA_PAYROLL,90.875,,,4176.5
145,2017,2024-07-01,773,EU-KONFORM: HORIZON-JU-CBE-2024-IA-06-IGB-Upfront payment,4670,Umsetzung,EU-KONFORM,FALSE,PRORATA_PAYROLL,18.5,,,850.24
145,2017,2024-09-01,782,EU-KONFORM: HORIZON-JU-CBE-2024-RIA-01 (wood) - RISE - upfront payment,4742,Umsetzung HORIZON-JU-CBE-2024-RIA-01 (wood) - RISE - upfront payment,EU-KONFORM,FALSE,PRORATA_PAYROLL,21,,,993.46
145,2017,2024-10-01,782,EU-KONFORM: HORIZON-JU-CBE-2024-RIA-01 (wood) - RISE - upfront payment,4742,Umsetzung HORIZON-JU-CBE-2024-RIA-01 (wood) - RISE - upfront payment,EU-KONFORM,FALSE,PRORATA_PAYROLL,22.5,,,1259.34
145,2017,2024-08-01,785,EU-KONFORM: HORIZON-JU-CBE-2024-RIA-02,4747,HORIZON-JU-CBE-2024-RIA-02 Umsetzung,EU-KONFORM,FALSE,PRORATA_PAYROLL,50.5,,,6699.44
145,2017,2024-09-01,785,EU-KONFORM: HORIZON-JU-CBE-2024-RIA-02,4747,HORIZON-JU-CBE-2024-RIA-02 Umsetzung,EU-KONFORM,FALSE,PRORATA_PAYROLL,7.5,,,354.81
145,2017,2024-10-01,785,EU-KONFORM: HORIZON-JU-CBE-2024-RIA-02,4747,HORIZON-JU-CBE-2024-RIA-02 Umsetzung,EU-KONFORM,FALSE,PRORATA_PAYROLL,21.25,,,1189.37
145,2017,2024-11-01,785,EU-KONFORM: HORIZON-JU-CBE-2024-RIA-02,4747,HORIZON-JU-CBE-2024-RIA-02 Umsetzung,EU-KONFORM,FALSE,PRORATA_PAYROLL,3,,,205.1
145,2017,2024-07-01,792,EU-KONFORM: DECIRE-WATER Stufe 2 KIT,4765,Antrag 2. Stufe DECIRE-WATER,EU-KONFORM,FALSE,PRORATA_PAYROLL,4.75,,,218.3
145,2017,2024-09-01,792,EU-KONFORM: DECIRE-WATER Stufe 2 KIT,4765,Antrag 2. Stufe DECIRE-WATER,EU-KONFORM,FALSE,PRORATA_PAYROLL,70.25,,,3323.35
145,2017,2024-10-01,792,EU-KONFORM: DECIRE-WATER Stufe 2 KIT,4765,Antrag 2. Stufe DECIRE-WATER,EU-KONFORM,FALSE,PRORATA_PAYROLL,38.625,,,2161.86
145,2017,2024-07-01,793,EU-KONFORM: BioLINKAGE Upfront,4760,Umsetzung Biolinkage Antragstellung,EU-KONFORM,FALSE,PRORATA_PAYROLL,36.75,,,1688.98
145,2017,2024-09-01,793,EU-KONFORM: BioLINKAGE Upfront,4760,Umsetzung Biolinkage Antragstellung,EU-KONFORM,FALSE,PRORATA_PAYROLL,13,,,615
145,2017,2025-01-01,812,EU-KONFORM: BioSmart-TUE-One-stage-FixedFee-HORIZON CL5 D3-02-03,4945,Concept Check,EU-KONFORM,FALSE,PRORATA_PAYROLL,16.125,,,2942.84
145,2017,2025-01-01,812,EU-KONFORM: BioSmart-TUE-One-stage-FixedFee-HORIZON CL5 D3-02-03,4946,Impact Formulation,EU-KONFORM,FALSE,PRORATA_PAYROLL,22.75,,,4151.92
145,2017,2024-10-01,814,EU-KONFORM: TenderLink-One-Stage-FixedFee-240478 - EC-JRC_IPR_2024_OP_1301,4869,TenderLink Umsetzung,EU-KONFORM,FALSE,PRORATA_PAYROLL,23.75,,,1329.3
145,2017,2025-02-01,816,EU-KONFORM: RHYNEUP-emobilBW-One-stage-FixedFee-HORIZON-JU-CLEANH2-2025-06-01,4873,1.2 Kick-off Meeting,EU-KONFORM,FALSE,PRORATA_PAYROLL,5.5,,,1962.67
145,2017,2025-02-01,816,EU-KONFORM: RHYNEUP-emobilBW-One-stage-FixedFee-HORIZON-JU-CLEANH2-2025-06-01,4879,1.7 Bilaterale Meetings mit Koordinationsteam,EU-KONFORM,FALSE,PRORATA_PAYROLL,13.25,,,4728.26
145,2017,2025-03-01,816,EU-KONFORM: RHYNEUP-emobilBW-One-stage-FixedFee-HORIZON-JU-CLEANH2-2025-06-01,4879,1.7 Bilaterale Meetings mit Koordinationsteam,EU-KONFORM,FALSE,PRORATA_PAYROLL,18.5,,,2080.44
145,2017,2025-03-01,816,EU-KONFORM: RHYNEUP-emobilBW-One-stage-FixedFee-HORIZON-JU-CLEANH2-2025-06-01,4882,"2.1 (Excellence) First page (why, what, how)",EU-KONFORM,FALSE,PRORATA_PAYROLL,2.6666666666666665,,,299.88
145,2017,2025-04-01,816,EU-KONFORM: RHYNEUP-emobilBW-One-stage-FixedFee-HORIZON-JU-CLEANH2-2025-06-01,4882,"2.1 (Excellence) First page (why, what, how)",EU-KONFORM,FALSE,PRORATA_PAYROLL,4.25,,,177.72
145,2017,2025-02-01,816,EU-KONFORM: RHYNEUP-emobilBW-One-stage-FixedFee-HORIZON-JU-CLEANH2-2025-06-01,4885,2.4 (Impact) Project's pathway towards impacts,EU-KONFORM,FALSE,PRORATA_PAYROLL,3.25,,,1159.76
145,2017,2025-03-01,816,EU-KONFORM: RHYNEUP-emobilBW-One-stage-FixedFee-HORIZON-JU-CLEANH2-2025-06-01,4885,2.4 (Impact) Project's pathway towards impacts,EU-KONFORM,FALSE,PRORATA_PAYROLL,33.916666666666664,,,3814.15
145,2017,2025-04-01,816,EU-KONFORM: RHYNEUP-emobilBW-One-stage-FixedFee-HORIZON-JU-CLEANH2-2025-06-01,4885,2.4 (Impact) Project's pathway towards impacts,EU-KONFORM,FALSE,PRORATA_PAYROLL,19.833333333333332,,,829.36
145,2017,2025-01-01,816,EU-KONFORM: RHYNEUP-emobilBW-One-stage-FixedFee-HORIZON-JU-CLEANH2-2025-06-01,4886,2.5 (Impact) Measures to maximise impact,EU-KONFORM,FALSE,PRORATA_PAYROLL,4.375,,,798.45
145,2017,2025-03-01,816,EU-KONFORM: RHYNEUP-emobilBW-One-stage-FixedFee-HORIZON-JU-CLEANH2-2025-06-01,4886,2.5 (Impact) Measures to maximise impact,EU-KONFORM,FALSE,PRORATA_PAYROLL,6.75,,,759.08
145,2017,2025-04-01,816,EU-KONFORM: RHYNEUP-emobilBW-One-stage-FixedFee-HORIZON-JU-CLEANH2-2025-06-01,4886,2.5 (Impact) Measures to maximise impact,EU-KONFORM,FALSE,PRORATA_PAYROLL,42.375,,,1771.97
145,2017,2025-04-01,816,EU-KONFORM: RHYNEUP-emobilBW-One-stage-FixedFee-HORIZON-JU-CLEANH2-2025-06-01,4887,2.6 (Impact) Summary,EU-KONFORM,FALSE,PRORATA_PAYROLL,8.25,,,344.99
145,2017,2025-04-01,816,EU-KONFORM: RHYNEUP-emobilBW-One-stage-FixedFee-HORIZON-JU-CLEANH2-2025-06-01,4892,2.9.1 Visualisierung und Formatierung,EU-KONFORM,FALSE,PRORATA_PAYROLL,9,,,376.35
145,2017,2025-03-01,816,EU-KONFORM: RHYNEUP-emobilBW-One-stage-FixedFee-HORIZON-JU-CLEANH2-2025-06-01,4893,2.9.2 Qualitätsprüfung,EU-KONFORM,FALSE,PRORATA_PAYROLL,2.75,,,309.26
145,2017,2025-04-01,816,EU-KONFORM: RHYNEUP-emobilBW-One-stage-FixedFee-HORIZON-JU-CLEANH2-2025-06-01,4893,2.9.2 Qualitätsprüfung,EU-KONFORM,FALSE,PRORATA_PAYROLL,8.5,,,355.44
145,2016,2024-01-01,821,ExCo: SUCCESS FEE BioFibreLoop,4934,SIG Success Fee BioFibreLoop,VERRECHNUNG INTERN,FALSE,PRORATA_PAYROLL,60,,,3361.47
145,2016,2024-02-01,821,ExCo: SUCCESS FEE BioFibreLoop,4934,SIG Success Fee BioFibreLoop,VERRECHNUNG INTERN,FALSE,PRORATA_PAYROLL,58.25,,,2598.24
145,2016,2024-03-01,821,ExCo: SUCCESS FEE BioFibreLoop,4934,SIG Success Fee BioFibreLoop,VERRECHNUNG INTERN,FALSE,PRORATA_PAYROLL,53.25,,,3341.67
145,2016,2024-04-01,821,ExCo: SUCCESS FEE BioFibreLoop,4934,SIG Success Fee BioFibreLoop,VERRECHNUNG INTERN,FALSE,PRORATA_PAYROLL,109.25,,,5524.83
145,2016,2024-05-01,821,ExCo: SUCCESS FEE BioFibreLoop,4934,SIG Success Fee BioFibreLoop,VERRECHNUNG INTERN,FALSE,PRORATA_PAYROLL,78.125,,,6243.16
145,2016,2024-06-01,821,ExCo: SUCCESS FEE BioFibreLoop,4934,SIG Success Fee BioFibreLoop,VERRECHNUNG INTERN,FALSE,PRORATA_PAYROLL,86,,,5126.96
145,2017,2025-03-01,823,EU-KONFORM-PEMPIRE-FraunhoferISE-One-stage-FixedFee-HORIZON-JU-CLEANH2-2025-01-01,4953,Concept Adaptation and Consortium Finalisation:,EU-KONFORM,FALSE,PRORATA_PAYROLL,2.6666666666666665,,,299.88
145,2017,2025-04-01,823,EU-KONFORM-PEMPIRE-FraunhoferISE-One-stage-FixedFee-HORIZON-JU-CLEANH2-2025-01-01,4953,Concept Adaptation and Consortium Finalisation:,EU-KONFORM,FALSE,PRORATA_PAYROLL,15,,,627.25
145,2017,2025-04-01,823,EU-KONFORM-PEMPIRE-FraunhoferISE-One-stage-FixedFee-HORIZON-JU-CLEANH2-2025-01-01,4958,Regular Meetings and Email Communication,EU-KONFORM,FALSE,PRORATA_PAYROLL,19.208333333333332,,,803.22
145,2017,2025-04-01,823,EU-KONFORM-PEMPIRE-FraunhoferISE-One-stage-FixedFee-HORIZON-JU-CLEANH2-2025-01-01,4959,Part A: Administrative Part,EU-KONFORM,FALSE,PRORATA_PAYROLL,2.5,,,104.54
145,2017,2025-03-01,823,EU-KONFORM-PEMPIRE-FraunhoferISE-One-stage-FixedFee-HORIZON-JU-CLEANH2-2025-01-01,4960,Part B: Formulation of some parts of the proposal,EU-KONFORM,FALSE,PRORATA_PAYROLL,2.75,,,309.26
145,2017,2025-04-01,823,EU-KONFORM-PEMPIRE-FraunhoferISE-One-stage-FixedFee-HORIZON-JU-CLEANH2-2025-01-01,4960,Part B: Formulation of some parts of the proposal,EU-KONFORM,FALSE,PRORATA_PAYROLL,46.833333333333336,,,1958.4
145,2017,2025-04-01,823,EU-KONFORM-PEMPIRE-FraunhoferISE-One-stage-FixedFee-HORIZON-JU-CLEANH2-2025-01-01,4961,Visuals Upgrade,EU-KONFORM,FALSE,PRORATA_PAYROLL,2.5,,,104.54
145,2017,2025-04-01,823,EU-KONFORM-PEMPIRE-FraunhoferISE-One-stage-FixedFee-HORIZON-JU-CLEANH2-2025-01-01,4962,Review of the whole proposal,EU-KONFORM,FALSE,PRORATA_PAYROLL,10,,,418.16
147,2017,2024-01-01,683,TENDER: EU Island 2.0,4183,Events 2024,TENDER,FALSE,PRORATA_PAYROLL,12.291666666666666,,,1177.85
147,2017,2024-02-01,683,TENDER: EU Island 2.0,4183,Events 2024,TENDER,FALSE,PRORATA_PAYROLL,35.1875,,,1250.77
147,2017,2024-03-01,683,TENDER: EU Island 2.0,4183,Events 2024,TENDER,FALSE,PRORATA_PAYROLL,27.941666666666666,,,1146.03
147,2017,2024-04-01,683,TENDER: EU Island 2.0,4183,Events 2024,TENDER,FALSE,PRORATA_PAYROLL,46.82083333333333,,,1421.95
147,2017,2024-05-01,683,TENDER: EU Island 2.0,4183,Events 2024,TENDER,FALSE,PRORATA_PAYROLL,110,,,4137.64
147,2017,2024-06-01,683,TENDER: EU Island 2.0,4183,Events 2024,TENDER,FALSE,PRORATA_PAYROLL,27.166666666666668,,,1316.12
147,2017,2024-07-01,683,TENDER: EU Island 2.0,4183,Events 2024,TENDER,FALSE,PRORATA_PAYROLL,46.791666666666664,,,1747.02
147,2017,2024-08-01,683,TENDER: EU Island 2.0,4183,Events 2024,TENDER,FALSE,PRORATA_PAYROLL,35.4375,,,2092.24
147,2017,2024-09-01,683,TENDER: EU Island 2.0,4183,Events 2024,TENDER,FALSE,PRORATA_PAYROLL,47.825,,,2022.68
147,2017,2024-10-01,683,TENDER: EU Island 2.0,4183,Events 2024,TENDER,FALSE,PRORATA_PAYROLL,31.270833333333332,,,1879.88
147,2017,2024-11-01,683,TENDER: EU Island 2.0,4183,Events 2024,TENDER,FALSE,PRORATA_PAYROLL,42.625,,,1704.42
147,2017,2024-12-01,683,TENDER: EU Island 2.0,4183,Events 2024,TENDER,FALSE,PRORATA_PAYROLL,33.625,,,4264.7
147,2017,2025-01-01,683,TENDER: EU Island 2.0,4184,Events 2025,TENDER,FALSE,PRORATA_PAYROLL,88.3125,,,3368.63
147,2017,2025-02-01,683,TENDER: EU Island 2.0,4184,Events 2025,TENDER,FALSE,PRORATA_PAYROLL,39.645833333333336,,,1621.62
147,2017,2025-03-01,683,TENDER: EU Island 2.0,4184,Events 2025,TENDER,FALSE,PRORATA_PAYROLL,21.458333333333332,,,1953.79
147,2017,2025-04-01,683,TENDER: EU Island 2.0,4184,Events 2025,TENDER,FALSE,PRORATA_PAYROLL,36.6875,,,1943.03
147,2017,2025-05-01,683,TENDER: EU Island 2.0,4184,Events 2025,TENDER,FALSE,PRORATA_PAYROLL,81.29166666666667,,,2832.6
147,2017,2025-06-01,683,TENDER: EU Island 2.0,4184,Events 2025,TENDER,FALSE,PRORATA_PAYROLL,22.541666666666668,,,997.18
147,2017,2025-07-01,683,TENDER: EU Island 2.0,4184,Events 2025,TENDER,FALSE,PRORATA_PAYROLL,16.75,,,805.29
147,2017,2025-08-01,683,TENDER: EU Island 2.0,4184,Events 2025,TENDER,FALSE,PRORATA_PAYROLL,12.458333333333334,,,830.14
147,2017,2024-01-01,686,EVENT: Netzwerktreffen MINT 2023 & 2024,4172,Netzwerktreffen 2024,EVENT,FALSE,PRORATA_PAYROLL,5.875,,,562.97
147,2017,2024-02-01,686,EVENT: Netzwerktreffen MINT 2023 & 2024,4172,Netzwerktreffen 2024,EVENT,FALSE,PRORATA_PAYROLL,9.070833333333333,,,322.43
147,2017,2024-03-01,686,EVENT: Netzwerktreffen MINT 2023 & 2024,4172,Netzwerktreffen 2024,EVENT,FALSE,PRORATA_PAYROLL,20.0375,,,821.84
147,2017,2024-04-01,686,EVENT: Netzwerktreffen MINT 2023 & 2024,4172,Netzwerktreffen 2024,EVENT,FALSE,PRORATA_PAYROLL,8.8,,,267.26
147,2017,2024-01-01,693,TENDER: FWC Hydrogen 2023,4264,BD Umsetzung,TENDER,FALSE,PRORATA_PAYROLL,22.708333333333332,,,2176.02
147,2017,2024-02-01,693,TENDER: FWC Hydrogen 2023,4264,BD Umsetzung,TENDER,FALSE,PRORATA_PAYROLL,29.595833333333335,,,1052.01
147,2017,2024-03-01,693,TENDER: FWC Hydrogen 2023,4264,BD Umsetzung,TENDER,FALSE,PRORATA_PAYROLL,33.520833333333336,,,1374.86
147,2017,2024-04-01,693,TENDER: FWC Hydrogen 2023,4264,BD Umsetzung,TENDER,FALSE,PRORATA_PAYROLL,30.216666666666665,,,917.68
147,2017,2024-05-01,693,TENDER: FWC Hydrogen 2023,4264,BD Umsetzung,TENDER,FALSE,PRORATA_PAYROLL,26.541666666666668,,,998.36
147,2017,2024-06-01,693,TENDER: FWC Hydrogen 2023,4264,BD Umsetzung,TENDER,FALSE,PRORATA_PAYROLL,45.958333333333336,,,2226.51
147,2017,2024-07-01,693,TENDER: FWC Hydrogen 2023,4264,BD Umsetzung,TENDER,FALSE,PRORATA_PAYROLL,44.416666666666664,,,1658.35
147,2017,2024-08-01,693,TENDER: FWC Hydrogen 2023,4264,BD Umsetzung,TENDER,FALSE,PRORATA_PAYROLL,26,,,1535.05
147,2017,2024-09-01,693,TENDER: FWC Hydrogen 2023,4264,BD Umsetzung,TENDER,FALSE,PRORATA_PAYROLL,41.7625,,,1766.27
147,2017,2024-10-01,693,TENDER: FWC Hydrogen 2023,4264,BD Umsetzung,TENDER,FALSE,PRORATA_PAYROLL,31.270833333333332,,,1879.88
147,2017,2024-11-01,693,TENDER: FWC Hydrogen 2023,4264,BD Umsetzung,TENDER,FALSE,PRORATA_PAYROLL,83.125,,,3323.87
147,2017,2024-12-01,693,TENDER: FWC Hydrogen 2023,4264,BD Umsetzung,TENDER,FALSE,PRORATA_PAYROLL,29.625,,,3757.37
147,2017,2025-01-01,693,TENDER: FWC Hydrogen 2023,4264,BD Umsetzung,TENDER,FALSE,PRORATA_PAYROLL,29.833333333333332,,,1137.98
147,2017,2025-02-01,693,TENDER: FWC Hydrogen 2023,4264,BD Umsetzung,TENDER,FALSE,PRORATA_PAYROLL,52.270833333333336,,,2138.01
147,2017,2024-01-01,729,EVENT: OIK 2024,4482,OIK 2024 Vorbereitung 2024,EVENT,FALSE,PRORATA_PAYROLL,4.416666666666667,,,423.23
147,2017,2024-02-01,729,EVENT: OIK 2024,4482,OIK 2024 Vorbereitung 2024,EVENT,FALSE,PRORATA_PAYROLL,12.575,,,446.99
147,2017,2024-03-01,729,EVENT: OIK 2024,4482,OIK 2024 Vorbereitung 2024,EVENT,FALSE,PRORATA_PAYROLL,19.020833333333332,,,780.14
147,2017,2024-04-01,729,EVENT: OIK 2024,4482,OIK 2024 Vorbereitung 2024,EVENT,FALSE,PRORATA_PAYROLL,7.783333333333333,,,236.38
147,2017,2024-01-01,730,Districts of Creativity 2024,4484,DoC Umsetzung,REGIONALE FÖRDERUNG,FALSE,PRORATA_PAYROLL,3.75,,,359.34
147,2017,2024-02-01,730,Districts of Creativity 2024,4484,DoC Umsetzung,REGIONALE FÖRDERUNG,FALSE,PRORATA_PAYROLL,13.108333333333333,,,465.95
147,2017,2024-03-01,730,Districts of Creativity 2024,4484,DoC Umsetzung,REGIONALE FÖRDERUNG,FALSE,PRORATA_PAYROLL,7.3875,,,303
147,2017,2024-04-01,730,Districts of Creativity 2024,4484,DoC Umsetzung,REGIONALE FÖRDERUNG,FALSE,PRORATA_PAYROLL,39.5375,,,1200.76
147,2017,2024-06-01,730,Districts of Creativity 2024,4484,DoC Umsetzung,REGIONALE FÖRDERUNG,FALSE,PRORATA_PAYROLL,2.8333333333333335,,,137.26
147,2017,2024-07-01,730,Districts of Creativity 2024,4484,DoC Umsetzung,REGIONALE FÖRDERUNG,FALSE,PRORATA_PAYROLL,1.875,,,70.01
147,2017,2024-08-01,730,Districts of Creativity 2024,4484,DoC Umsetzung,REGIONALE FÖRDERUNG,FALSE,PRORATA_PAYROLL,2.5,,,147.6
147,2017,2024-09-01,730,Districts of Creativity 2024,4484,DoC Umsetzung,REGIONALE FÖRDERUNG,FALSE,PRORATA_PAYROLL,10.575,,,447.25
147,2017,2024-10-01,730,Districts of Creativity 2024,4484,DoC Umsetzung,REGIONALE FÖRDERUNG,FALSE,PRORATA_PAYROLL,15.9375,,,958.1
147,2017,2024-11-01,730,Districts of Creativity 2024,4484,DoC Umsetzung,REGIONALE FÖRDERUNG,FALSE,PRORATA_PAYROLL,5.125,,,204.93
147,2017,2024-02-01,751,EVENT: StaMi 4 Motoren 2024,4550,WP Planung 2024,EVENT,FALSE,PRORATA_PAYROLL,26,,,924.19
147,2017,2024-03-01,751,EVENT: StaMi 4 Motoren 2024,4550,WP Planung 2024,EVENT,FALSE,PRORATA_PAYROLL,38.420833333333334,,,1575.84
147,2017,2024-04-01,751,EVENT: StaMi 4 Motoren 2024,4550,WP Planung 2024,EVENT,FALSE,PRORATA_PAYROLL,59.65416666666667,,,1811.7
147,2017,2024-06-01,775,KI-Champions Videos 2024,4707,Durchführung,BERATUNGSAUFTRAG,FALSE,PRORATA_PAYROLL,14.541666666666666,,,704.49
147,2017,2024-07-01,775,KI-Champions Videos 2024,4707,Durchführung,BERATUNGSAUFTRAG,FALSE,PRORATA_PAYROLL,7.083333333333333,,,264.47
147,2017,2025-01-01,800,EVENT: Umwelttechnikpreis 2025,4834,WP Planung 2025,EVENT,FALSE,PRORATA_PAYROLL,7.4375,,,283.7
147,2017,2025-04-01,800,EVENT: Umwelttechnikpreis 2025,4834,WP Planung 2025,EVENT,FALSE,PRORATA_PAYROLL,6.425,,,340.28
147,2017,2025-08-01,800,EVENT: Umwelttechnikpreis 2025,4834,WP Planung 2025,EVENT,FALSE,PRORATA_PAYROLL,2.3333333333333335,,,155.48
147,2017,2025-01-01,801,EVENT: 10. MINT Netzwerktreffen,4835,10. MINT Netzwerktreffen,EVENT,FALSE,PRORATA_PAYROLL,7.604166666666667,,,290.06
147,2017,2025-02-01,801,EVENT: 10. MINT Netzwerktreffen,4835,10. MINT Netzwerktreffen,EVENT,FALSE,PRORATA_PAYROLL,8.708333333333334,,,356.19
147,2017,2025-03-01,801,EVENT: 10. MINT Netzwerktreffen,4835,10. MINT Netzwerktreffen,EVENT,FALSE,PRORATA_PAYROLL,2.125,,,193.48
147,2017,2025-04-01,801,EVENT: 10. MINT Netzwerktreffen,4835,10. MINT Netzwerktreffen,EVENT,FALSE,PRORATA_PAYROLL,9.6875,,,513.06
147,2017,2025-05-01,801,EVENT: 10. MINT Netzwerktreffen,4835,10. MINT Netzwerktreffen,EVENT,FALSE,PRORATA_PAYROLL,21.875,,,762.23
147,2017,2025-06-01,801,EVENT: 10. MINT Netzwerktreffen,4835,10. MINT Netzwerktreffen,EVENT,FALSE,PRORATA_PAYROLL,5.166666666666667,,,228.56
147,2017,2025-07-01,801,EVENT: 10. MINT Netzwerktreffen,4835,10. MINT Netzwerktreffen,EVENT,FALSE,PRORATA_PAYROLL,7.166666666666667,,,344.55
147,2017,2025-03-01,818,TENDER: CH JU Clean Hydrogen 2025-2026,4904,WP2 BD2 2025,TENDER,FALSE,PRORATA_PAYROLL,21.458333333333332,,,1953.79
147,2017,2025-04-01,818,TENDER: CH JU Clean Hydrogen 2025-2026,4904,WP2 BD2 2025,TENDER,FALSE,PRORATA_PAYROLL,28.3125,,,1499.47
147,2017,2025-05-01,818,TENDER: CH JU Clean Hydrogen 2025-2026,4904,WP2 BD2 2025,TENDER,FALSE,PRORATA_PAYROLL,53.833333333333336,,,1875.82
147,2017,2025-06-01,818,TENDER: CH JU Clean Hydrogen 2025-2026,4904,WP2 BD2 2025,TENDER,FALSE,PRORATA_PAYROLL,53.25,,,2355.64
147,2017,2025-07-01,818,TENDER: CH JU Clean Hydrogen 2025-2026,4904,WP2 BD2 2025,TENDER,FALSE,PRORATA_PAYROLL,88.16666666666667,,,4238.8
147,2017,2025-08-01,818,TENDER: CH JU Clean Hydrogen 2025-2026,4904,WP2 BD2 2025,TENDER,FALSE,PRORATA_PAYROLL,57.041666666666664,,,3800.87
147,2017,2025-04-01,820,Districts of Creativity 2025,4909,Projektmanagement,REGIONALE FÖRDERUNG,FALSE,PRORATA_PAYROLL,1.7,,,90.03
147,2017,2025-07-01,820,Districts of Creativity 2025,4909,Projektmanagement,REGIONALE FÖRDERUNG,FALSE,PRORATA_PAYROLL,26.166666666666668,,,1258.02
147,2017,2025-08-01,820,Districts of Creativity 2025,4909,Projektmanagement,REGIONALE FÖRDERUNG,FALSE,PRORATA_PAYROLL,18.833333333333332,,,1254.93
152,2016,2024-01-01,592,OpenLab (inkl. MwSt),3824,WP8 D&C,H2020,FALSE,PRORATA_PAYROLL,40,,,1656.36
152,2017,2024-09-01,642,TENDER: DTA,4014,Tender DTA - 2024,TENDER,FALSE,PRORATA_PAYROLL,24,,,1195.25
152,2017,2024-10-01,642,TENDER: DTA,4014,Tender DTA - 2024,TENDER,FALSE,PRORATA_PAYROLL,72,,,3984.18
152,2017,2024-11-01,642,TENDER: DTA,4014,Tender DTA - 2024,TENDER,FALSE,PRORATA_PAYROLL,80,,,3984.18
152,2017,2024-12-01,642,TENDER: DTA,4014,Tender DTA - 2024,TENDER,FALSE,PRORATA_PAYROLL,42,,,6070.48
152,2017,2024-03-01,644,TENDER: Smart Cities Marketplace 2.0,4020,DC 2024,TENDER,FALSE,PRORATA_PAYROLL,48,,,2874.85
152,2017,2024-04-01,644,TENDER: Smart Cities Marketplace 2.0,4020,DC 2024,TENDER,FALSE,PRORATA_PAYROLL,72,,,8578.29
152,2017,2024-05-01,644,TENDER: Smart Cities Marketplace 2.0,4020,DC 2024,TENDER,FALSE,PRORATA_PAYROLL,32,,,4484.92
152,2017,2024-06-01,644,TENDER: Smart Cities Marketplace 2.0,4020,DC 2024,TENDER,FALSE,PRORATA_PAYROLL,64,,,-4945.15
152,2017,2024-07-01,644,TENDER: Smart Cities Marketplace 2.0,4020,DC 2024,TENDER,FALSE,PRORATA_PAYROLL,56,,,2279.95
152,2017,2024-08-01,644,TENDER: Smart Cities Marketplace 2.0,4020,DC 2024,TENDER,FALSE,PRORATA_PAYROLL,44,,,2578
152,2017,2024-09-01,644,TENDER: Smart Cities Marketplace 2.0,4020,DC 2024,TENDER,FALSE,PRORATA_PAYROLL,56,,,2788.93
152,2017,2025-01-01,644,TENDER: Smart Cities Marketplace 2.0,4021,DC 2025,TENDER,FALSE,PRORATA_PAYROLL,20,,,1336.41
152,2017,2025-02-01,644,TENDER: Smart Cities Marketplace 2.0,4021,DC 2025,TENDER,FALSE,PRORATA_PAYROLL,16,,,1603.69
152,2017,2025-03-01,644,TENDER: Smart Cities Marketplace 2.0,4021,DC 2025,TENDER,FALSE,PRORATA_PAYROLL,48,,,2405.53
152,2017,2025-04-01,644,TENDER: Smart Cities Marketplace 2.0,4021,DC 2025,TENDER,FALSE,PRORATA_PAYROLL,30.75,,,1340.04
152,2017,2025-05-01,644,TENDER: Smart Cities Marketplace 2.0,4021,DC 2025,TENDER,FALSE,PRORATA_PAYROLL,28,,,1559.14
152,2017,2025-06-01,644,TENDER: Smart Cities Marketplace 2.0,4021,DC 2025,TENDER,FALSE,PRORATA_PAYROLL,16,,,1233.61
152,2017,2025-07-01,644,TENDER: Smart Cities Marketplace 2.0,4021,DC 2025,TENDER,FALSE,PRORATA_PAYROLL,44,,,1764.06
152,2017,2025-08-01,644,TENDER: Smart Cities Marketplace 2.0,4021,DC 2025,TENDER,FALSE,PRORATA_PAYROLL,44,,,2940.09
152,2016,2024-01-01,666,TENDER: Smart Cities Marketplace 2.0: Expert Contract,4229,SmartCitiesMarketplace 2.0 Inhaltlich 2024,VERRECHNUNG INTERN,FALSE,PRORATA_PAYROLL,34,,,1407.91
152,2016,2024-02-01,666,TENDER: Smart Cities Marketplace 2.0: Expert Contract,4229,SmartCitiesMarketplace 2.0 Inhaltlich 2024,VERRECHNUNG INTERN,FALSE,PRORATA_PAYROLL,92,,,4721.8
152,2017,2025-01-01,683,TENDER: EU Island 2.0,4184,Events 2025,TENDER,FALSE,PRORATA_PAYROLL,40,,,2672.81
152,2017,2025-02-01,683,TENDER: EU Island 2.0,4184,Events 2025,TENDER,FALSE,PRORATA_PAYROLL,24,,,2405.53
152,2017,2025-03-01,683,TENDER: EU Island 2.0,4184,Events 2025,TENDER,FALSE,PRORATA_PAYROLL,32,,,1603.69
152,2017,2025-04-01,683,TENDER: EU Island 2.0,4184,Events 2025,TENDER,FALSE,PRORATA_PAYROLL,61.25,,,2669.18
152,2017,2025-05-01,683,TENDER: EU Island 2.0,4184,Events 2025,TENDER,FALSE,PRORATA_PAYROLL,44,,,2450.08
152,2017,2025-06-01,683,TENDER: EU Island 2.0,4184,Events 2025,TENDER,FALSE,PRORATA_PAYROLL,36,,,2775.61
152,2017,2025-07-01,683,TENDER: EU Island 2.0,4184,Events 2025,TENDER,FALSE,PRORATA_PAYROLL,56,,,2245.16
152,2017,2025-08-01,683,TENDER: EU Island 2.0,4184,Events 2025,TENDER,FALSE,PRORATA_PAYROLL,16,,,1069.13
152,2017,2024-03-01,683,TENDER: EU Island 2.0,4222,D+C 2024,TENDER,FALSE,PRORATA_PAYROLL,32,,,1916.57
152,2017,2024-04-01,683,TENDER: EU Island 2.0,4222,D+C 2024,TENDER,FALSE,PRORATA_PAYROLL,16,,,1906.29
152,2017,2024-05-01,683,TENDER: EU Island 2.0,4222,D+C 2024,TENDER,FALSE,PRORATA_PAYROLL,20,,,2803.08
152,2017,2024-06-01,683,TENDER: EU Island 2.0,4222,D+C 2024,TENDER,FALSE,PRORATA_PAYROLL,16,,,-1236.29
152,2017,2024-07-01,683,TENDER: EU Island 2.0,4222,D+C 2024,TENDER,FALSE,PRORATA_PAYROLL,36,,,1465.69
152,2017,2024-08-01,683,TENDER: EU Island 2.0,4222,D+C 2024,TENDER,FALSE,PRORATA_PAYROLL,24,,,1406.18
152,2016,2024-01-01,684,TENDER: EU Island 2.0: Expert Contract,4223,Inhalt 2024,VERRECHNUNG INTERN,FALSE,PRORATA_PAYROLL,102,,,4223.73
152,2016,2024-02-01,684,TENDER: EU Island 2.0: Expert Contract,4223,Inhalt 2024,VERRECHNUNG INTERN,FALSE,PRORATA_PAYROLL,50,,,2566.2
164,2017,2024-01-01,694,INTERREG: Capacity2Transform LUMP,4387,WP1 Transformation Approach DGC,INTERREG,FALSE,PRORATA_PAYROLL,16.333333333333332,,,646.86
164,2017,2024-02-01,694,INTERREG: Capacity2Transform LUMP,4387,WP1 Transformation Approach DGC,INTERREG,FALSE,PRORATA_PAYROLL,37.666666666666664,,,1349.49
164,2017,2024-03-01,694,INTERREG: Capacity2Transform LUMP,4387,WP1 Transformation Approach DGC,INTERREG,FALSE,PRORATA_PAYROLL,18.083333333333332,,,765.76
164,2017,2024-04-01,694,INTERREG: Capacity2Transform LUMP,4387,WP1 Transformation Approach DGC,INTERREG,FALSE,PRORATA_PAYROLL,6.416666666666667,,,262.78
164,2017,2024-05-01,694,INTERREG: Capacity2Transform LUMP,4387,WP1 Transformation Approach DGC,INTERREG,FALSE,PRORATA_PAYROLL,7.233333333333333,,,440.04
164,2017,2024-06-01,694,INTERREG: Capacity2Transform LUMP,4387,WP1 Transformation Approach DGC,INTERREG,FALSE,PRORATA_PAYROLL,3.7333333333333334,,,168.29
164,2017,2024-07-01,694,INTERREG: Capacity2Transform LUMP,4387,WP1 Transformation Approach DGC,INTERREG,FALSE,PRORATA_PAYROLL,1.4,,,59.17
164,2017,2024-08-01,694,INTERREG: Capacity2Transform LUMP,4387,WP1 Transformation Approach DGC,INTERREG,FALSE,PRORATA_PAYROLL,4.666666666666667,,,333.49
164,2017,2024-01-01,694,INTERREG: Capacity2Transform LUMP,4397,WP2 Capacity Building,INTERREG,FALSE,PRORATA_PAYROLL,53.666666666666664,,,2125.41
164,2017,2024-02-01,694,INTERREG: Capacity2Transform LUMP,4397,WP2 Capacity Building,INTERREG,FALSE,PRORATA_PAYROLL,46.416666666666664,,,1662.98
164,2017,2024-03-01,694,INTERREG: Capacity2Transform LUMP,4397,WP2 Capacity Building,INTERREG,FALSE,PRORATA_PAYROLL,21.666666666666668,,,917.5
164,2017,2024-04-01,694,INTERREG: Capacity2Transform LUMP,4397,WP2 Capacity Building,INTERREG,FALSE,PRORATA_PAYROLL,18,,,737.15
164,2017,2024-05-01,694,INTERREG: Capacity2Transform LUMP,4397,WP2 Capacity Building,INTERREG,FALSE,PRORATA_PAYROLL,17.15,,,1043.31
164,2017,2024-06-01,694,INTERREG: Capacity2Transform LUMP,4397,WP2 Capacity Building,INTERREG,FALSE,PRORATA_PAYROLL,24.733333333333334,,,1114.89
164,2017,2024-07-01,694,INTERREG: Capacity2Transform LUMP,4397,WP2 Capacity Building,INTERREG,FALSE,PRORATA_PAYROLL,28.9,,,1221.5
164,2017,2024-08-01,694,INTERREG: Capacity2Transform LUMP,4397,WP2 Capacity Building,INTERREG,FALSE,PRORATA_PAYROLL,18.583333333333332,,,1327.99
164,2017,2024-09-01,694,INTERREG: Capacity2Transform LUMP,4397,WP2 Capacity Building,INTERREG,FALSE,PRORATA_PAYROLL,32.9,,,1328.87
164,2017,2024-10-01,694,INTERREG: Capacity2Transform LUMP,4397,WP2 Capacity Building,INTERREG,FALSE,PRORATA_PAYROLL,35.25,,,1826.16
164,2017,2024-11-01,694,INTERREG: Capacity2Transform LUMP,4397,WP2 Capacity Building,INTERREG,FALSE,PRORATA_PAYROLL,28.95,,,1452.63
164,2017,2024-12-01,694,INTERREG: Capacity2Transform LUMP,4397,WP2 Capacity Building,INTERREG,FALSE,PRORATA_PAYROLL,15.75,,,1458.43
164,2017,2025-01-01,694,INTERREG: Capacity2Transform LUMP,4397,WP2 Capacity Building,INTERREG,FALSE,PRORATA_PAYROLL,49.46666666666667,,,2309.77
164,2017,2025-02-01,694,INTERREG: Capacity2Transform LUMP,4397,WP2 Capacity Building,INTERREG,FALSE,PRORATA_PAYROLL,49,,,2000.72
164,2017,2025-03-01,694,INTERREG: Capacity2Transform LUMP,4397,WP2 Capacity Building,INTERREG,FALSE,PRORATA_PAYROLL,38.333333333333336,,,1453.39
164,2017,2025-04-01,694,INTERREG: Capacity2Transform LUMP,4397,WP2 Capacity Building,INTERREG,FALSE,PRORATA_PAYROLL,18.266666666666666,,,883.94
164,2017,2025-05-01,694,INTERREG: Capacity2Transform LUMP,4397,WP2 Capacity Building,INTERREG,FALSE,PRORATA_PAYROLL,7.666666666666667,,,627.84
164,2017,2025-06-01,694,INTERREG: Capacity2Transform LUMP,4397,WP2 Capacity Building,INTERREG,FALSE,PRORATA_PAYROLL,22.25,,,1184.37
164,2017,2025-07-01,694,INTERREG: Capacity2Transform LUMP,4397,WP2 Capacity Building,INTERREG,FALSE,PRORATA_PAYROLL,14.333333333333334,,,508.64
164,2017,2024-09-01,694,INTERREG: Capacity2Transform LUMP,4398,WP3 Transformation,INTERREG,FALSE,PRORATA_PAYROLL,31.15,,,1258.19
164,2017,2024-10-01,694,INTERREG: Capacity2Transform LUMP,4398,WP3 Transformation,INTERREG,FALSE,PRORATA_PAYROLL,26.25,,,1359.91
164,2017,2024-11-01,694,INTERREG: Capacity2Transform LUMP,4398,WP3 Transformation,INTERREG,FALSE,PRORATA_PAYROLL,23.55,,,1181.68
164,2017,2024-12-01,694,INTERREG: Capacity2Transform LUMP,4398,WP3 Transformation,INTERREG,FALSE,PRORATA_PAYROLL,28.666666666666668,,,2654.49
164,2017,2025-01-01,694,INTERREG: Capacity2Transform LUMP,4398,WP3 Transformation,INTERREG,FALSE,PRORATA_PAYROLL,13.65,,,637.36
164,2017,2025-02-01,694,INTERREG: Capacity2Transform LUMP,4398,WP3 Transformation,INTERREG,FALSE,PRORATA_PAYROLL,30.333333333333332,,,1238.54
164,2017,2025-03-01,694,INTERREG: Capacity2Transform LUMP,4398,WP3 Transformation,INTERREG,FALSE,PRORATA_PAYROLL,8.833333333333334,,,334.91
164,2017,2025-04-01,694,INTERREG: Capacity2Transform LUMP,4398,WP3 Transformation,INTERREG,FALSE,PRORATA_PAYROLL,16,,,774.26
164,2017,2025-05-01,694,INTERREG: Capacity2Transform LUMP,4398,WP3 Transformation,INTERREG,FALSE,PRORATA_PAYROLL,16.6,,,1359.41
164,2017,2025-06-01,694,INTERREG: Capacity2Transform LUMP,4398,WP3 Transformation,INTERREG,FALSE,PRORATA_PAYROLL,19,,,1011.37
164,2017,2025-07-01,694,INTERREG: Capacity2Transform LUMP,4398,WP3 Transformation,INTERREG,FALSE,PRORATA_PAYROLL,39,,,1383.98
164,2017,2025-08-01,694,INTERREG: Capacity2Transform LUMP,4398,WP3 Transformation,INTERREG,FALSE,PRORATA_PAYROLL,32.5,,,1729.98
164,2017,2024-09-01,784,INTERREG: RuBIO,4818,SO1 - Report state of play,INTERREG,FALSE,PRORATA_PAYROLL,19.483333333333334,,,786.96
164,2017,2024-10-01,784,INTERREG: RuBIO,4818,SO1 - Report state of play,INTERREG,FALSE,PRORATA_PAYROLL,8.416666666666666,,,436.03
164,2017,2024-11-01,784,INTERREG: RuBIO,4818,SO1 - Report state of play,INTERREG,FALSE,PRORATA_PAYROLL,2.8,,,140.5
164,2017,2025-01-01,784,INTERREG: RuBIO,4818,SO1 - Report state of play,INTERREG,FALSE,PRORATA_PAYROLL,3.7333333333333334,,,174.32
164,2017,2025-02-01,784,INTERREG: RuBIO,4818,SO1 - Report state of play,INTERREG,FALSE,PRORATA_PAYROLL,10.666666666666666,,,435.53
164,2017,2025-03-01,784,INTERREG: RuBIO,4818,SO1 - Report state of play,INTERREG,FALSE,PRORATA_PAYROLL,11.333333333333334,,,429.7
164,2017,2025-04-01,784,INTERREG: RuBIO,4818,SO1 - Report state of play,INTERREG,FALSE,PRORATA_PAYROLL,6,,,290.35
164,2017,2025-04-01,784,INTERREG: RuBIO,4819,SO2 - Developing project workplan,INTERREG,FALSE,PRORATA_PAYROLL,4.266666666666667,,,206.47
164,2017,2025-05-01,784,INTERREG: RuBIO,4819,SO2 - Developing project workplan,INTERREG,FALSE,PRORATA_PAYROLL,6.6,,,540.49
164,2017,2025-06-01,784,INTERREG: RuBIO,4819,SO2 - Developing project workplan,INTERREG,FALSE,PRORATA_PAYROLL,9.916666666666666,,,527.87
164,2017,2025-07-01,784,INTERREG: RuBIO,4819,SO2 - Developing project workplan,INTERREG,FALSE,PRORATA_PAYROLL,16,,,567.79
164,2017,2025-08-01,784,INTERREG: RuBIO,4819,SO2 - Developing project workplan,INTERREG,FALSE,PRORATA_PAYROLL,10.666666666666666,,,567.79
164,2017,2024-11-01,784,INTERREG: RuBIO,4820,SO3 - Report funding possibilities,INTERREG,FALSE,PRORATA_PAYROLL,7.7,,,386.37
164,2017,2024-12-01,784,INTERREG: RuBIO,4820,SO3 - Report funding possibilities,INTERREG,FALSE,PRORATA_PAYROLL,8.75,,,810.24
164,2017,2025-01-01,784,INTERREG: RuBIO,4820,SO3 - Report funding possibilities,INTERREG,FALSE,PRORATA_PAYROLL,11.216666666666667,,,523.74
164,2017,2025-02-01,784,INTERREG: RuBIO,4820,SO3 - Report funding possibilities,INTERREG,FALSE,PRORATA_PAYROLL,4,,,163.32
164,2017,2025-03-01,784,INTERREG: RuBIO,4820,SO3 - Report funding possibilities,INTERREG,FALSE,PRORATA_PAYROLL,9,,,341.23
164,2017,2025-04-01,784,INTERREG: RuBIO,4820,SO3 - Report funding possibilities,INTERREG,FALSE,PRORATA_PAYROLL,9.6,,,464.55
164,2017,2025-04-01,807,INTERREG: Danube Crafts,4951,SO1 - Establishing Route strategy,INTERREG,FALSE,PRORATA_PAYROLL,16.6,,,803.29
164,2017,2025-05-01,807,INTERREG: Danube Crafts,4951,SO1 - Establishing Route strategy,INTERREG,FALSE,PRORATA_PAYROLL,8.266666666666667,,,676.98
164,2017,2025-06-01,807,INTERREG: Danube Crafts,4951,SO1 - Establishing Route strategy,INTERREG,FALSE,PRORATA_PAYROLL,11.916666666666666,,,634.33
164,2017,2025-07-01,807,INTERREG: Danube Crafts,4951,SO1 - Establishing Route strategy,INTERREG,FALSE,PRORATA_PAYROLL,31.333333333333332,,,1111.92
164,2017,2025-08-01,807,INTERREG: Danube Crafts,4951,SO1 - Establishing Route strategy,INTERREG,FALSE,PRORATA_PAYROLL,22.5,,,1197.68
164,2017,2025-04-01,807,INTERREG: Danube Crafts,4952,SO3 - Visibility & Promotion of the Route,INTERREG,FALSE,PRORATA_PAYROLL,8.933333333333334,,,432.29
164,2017,2025-05-01,807,INTERREG: Danube Crafts,4952,SO3 - Visibility & Promotion of the Route,INTERREG,FALSE,PRORATA_PAYROLL,4.666666666666667,,,382.16
164,2017,2025-06-01,807,INTERREG: Danube Crafts,4952,SO3 - Visibility & Promotion of the Route,INTERREG,FALSE,PRORATA_PAYROLL,8,,,425.84
166,2017,2024-01-01,271,S2i Personal in Gemeinkosten,4638,PK in OH 2024,GEMEINKOSTEN - NICHT PROJEKTVOLUMEN RELEVANT,FALSE,PRORATA_PAYROLL,88.5,,,5100
166,2017,2024-02-01,271,S2i Personal in Gemeinkosten,4638,PK in OH 2024,GEMEINKOSTEN - NICHT PROJEKTVOLUMEN RELEVANT,FALSE,PRORATA_PAYROLL,59,,,3592.76
166,2017,2024-03-01,271,S2i Personal in Gemeinkosten,4638,PK in OH 2024,GEMEINKOSTEN - NICHT PROJEKTVOLUMEN RELEVANT,FALSE,PRORATA_PAYROLL,117,,,6017.89
166,2017,2024-04-01,271,S2i Personal in Gemeinkosten,4638,PK in OH 2024,GEMEINKOSTEN - NICHT PROJEKTVOLUMEN RELEVANT,FALSE,PRORATA_PAYROLL,84.5,,,5798.78
166,2017,2024-05-01,271,S2i Personal in Gemeinkosten,4638,PK in OH 2024,GEMEINKOSTEN - NICHT PROJEKTVOLUMEN RELEVANT,FALSE,PRORATA_PAYROLL,101.5,,,5996.95
166,2017,2024-06-01,271,S2i Personal in Gemeinkosten,4638,PK in OH 2024,GEMEINKOSTEN - NICHT PROJEKTVOLUMEN RELEVANT,FALSE,PRORATA_PAYROLL,109.5,,,6320.22
166,2017,2024-07-01,271,S2i Personal in Gemeinkosten,4638,PK in OH 2024,GEMEINKOSTEN - NICHT PROJEKTVOLUMEN RELEVANT,FALSE,PRORATA_PAYROLL,154,,,6617.98
166,2017,2024-08-01,271,S2i Personal in Gemeinkosten,4638,PK in OH 2024,GEMEINKOSTEN - NICHT PROJEKTVOLUMEN RELEVANT,FALSE,PRORATA_PAYROLL,121.5,,,6649.32
166,2017,2024-09-01,271,S2i Personal in Gemeinkosten,4638,PK in OH 2024,GEMEINKOSTEN - NICHT PROJEKTVOLUMEN RELEVANT,FALSE,PRORATA_PAYROLL,99.5,,,6949.48
166,2017,2024-10-01,271,S2i Personal in Gemeinkosten,4638,PK in OH 2024,GEMEINKOSTEN - NICHT PROJEKTVOLUMEN RELEVANT,FALSE,PRORATA_PAYROLL,131.5,,,6910.8
166,2017,2024-11-01,271,S2i Personal in Gemeinkosten,4638,PK in OH 2024,GEMEINKOSTEN - NICHT PROJEKTVOLUMEN RELEVANT,FALSE,PRORATA_PAYROLL,102.5,,,6013.57
166,2017,2024-12-01,271,S2i Personal in Gemeinkosten,4638,PK in OH 2024,GEMEINKOSTEN - NICHT PROJEKTVOLUMEN RELEVANT,FALSE,PRORATA_PAYROLL,74.5,,,9047.35
166,2017,2024-01-01,636,Vanguard 2022-2024,4775,WP1 Interreg. Koop. 2024,REGIONALE FÖRDERUNG,FALSE,PRORATA_PAYROLL,9,,,518.64
166,2017,2024-03-01,636,Vanguard 2022-2024,4775,WP1 Interreg. Koop. 2024,REGIONALE FÖRDERUNG,FALSE,PRORATA_PAYROLL,5,,,257.17
166,2017,2024-05-01,636,Vanguard 2022-2024,4775,WP1 Interreg. Koop. 2024,REGIONALE FÖRDERUNG,FALSE,PRORATA_PAYROLL,6,,,354.5
166,2017,2024-06-01,636,Vanguard 2022-2024,4775,WP1 Interreg. Koop. 2024,REGIONALE FÖRDERUNG,FALSE,PRORATA_PAYROLL,8,,,461.75
166,2017,2024-02-01,636,Vanguard 2022-2024,4778,WP4 Internetpräsenz 2024,REGIONALE FÖRDERUNG,FALSE,PRORATA_PAYROLL,9,,,548.05
166,2017,2024-03-01,636,Vanguard 2022-2024,4778,WP4 Internetpräsenz 2024,REGIONALE FÖRDERUNG,FALSE,PRORATA_PAYROLL,5,,,257.17
166,2017,2024-07-01,636,Vanguard 2022-2024,4778,WP4 Internetpräsenz 2024,REGIONALE FÖRDERUNG,FALSE,PRORATA_PAYROLL,4.5,,,193.38
166,2017,2024-08-01,636,Vanguard 2022-2024,4778,WP4 Internetpräsenz 2024,REGIONALE FÖRDERUNG,FALSE,PRORATA_PAYROLL,12,,,656.72
166,2017,2024-01-01,677,WM KMU Unterstützung 2023-2024,4149,WM-KMU 2024,REGIONALE FÖRDERUNG,FALSE,PRORATA_PAYROLL,18,,,1037.29
166,2017,2024-02-01,677,WM KMU Unterstützung 2023-2024,4149,WM-KMU 2024,REGIONALE FÖRDERUNG,FALSE,PRORATA_PAYROLL,9,,,548.05
166,2017,2024-03-01,677,WM KMU Unterstützung 2023-2024,4149,WM-KMU 2024,REGIONALE FÖRDERUNG,FALSE,PRORATA_PAYROLL,11.5,,,591.5
167,2136,2024-01-01,715,EUB: 2024 - 2025,4414,EUB 2024,INSTITUTIONELLE FÖRDERUNG,FALSE,PRORATA_PAYROLL,110,,,6235.7
167,2136,2024-02-01,715,EUB: 2024 - 2025,4414,EUB 2024,INSTITUTIONELLE FÖRDERUNG,FALSE,PRORATA_PAYROLL,137.5,,,6235.7
167,2136,2024-03-01,715,EUB: 2024 - 2025,4414,EUB 2024,INSTITUTIONELLE FÖRDERUNG,FALSE,PRORATA_PAYROLL,117,,,7010.32
167,2136,2024-04-01,715,EUB: 2024 - 2025,4414,EUB 2024,INSTITUTIONELLE FÖRDERUNG,FALSE,PRORATA_PAYROLL,124.5,,,6161.08
167,2136,2024-10-01,715,EUB: 2024 - 2025,4414,EUB 2024,INSTITUTIONELLE FÖRDERUNG,FALSE,PRORATA_PAYROLL,107,,,6687.31
167,2136,2024-11-01,715,EUB: 2024 - 2025,4414,EUB 2024,INSTITUTIONELLE FÖRDERUNG,FALSE,PRORATA_PAYROLL,95.5,,,6687.31
167,2136,2024-12-01,715,EUB: 2024 - 2025,4414,EUB 2024,INSTITUTIONELLE FÖRDERUNG,FALSE,PRORATA_PAYROLL,90.75,,,9150.63
167,2136,2025-01-01,715,EUB: 2024 - 2025,4415,EUB 2025,INSTITUTIONELLE FÖRDERUNG,FALSE,PRORATA_PAYROLL,115.25,,,0
167,2136,2025-02-01,715,EUB: 2024 - 2025,4415,EUB 2025,INSTITUTIONELLE FÖRDERUNG,FALSE,PRORATA_PAYROLL,122.5,,,0
167,2136,2025-03-01,715,EUB: 2024 - 2025,4415,EUB 2025,INSTITUTIONELLE FÖRDERUNG,FALSE,PRORATA_PAYROLL,124,,,0
167,2136,2025-04-01,715,EUB: 2024 - 2025,4415,EUB 2025,INSTITUTIONELLE FÖRDERUNG,FALSE,PRORATA_PAYROLL,122.75,,,0
167,2136,2025-05-01,715,EUB: 2024 - 2025,4415,EUB 2025,INSTITUTIONELLE FÖRDERUNG,FALSE,PRORATA_PAYROLL,90.5,,,0
167,2136,2025-06-01,715,EUB: 2024 - 2025,4415,EUB 2025,INSTITUTIONELLE FÖRDERUNG,FALSE,PRORATA_PAYROLL,121,,,0
167,2136,2025-07-01,715,EUB: 2024 - 2025,4415,EUB 2025,INSTITUTIONELLE FÖRDERUNG,FALSE,PRORATA_PAYROLL,147.25,,,0
167,2136,2025-08-01,715,EUB: 2024 - 2025,4415,EUB 2025,INSTITUTIONELLE FÖRDERUNG,FALSE,PRORATA_PAYROLL,62.5,,,0
169,2017,2024-01-01,677,WM KMU Unterstützung 2023-2024,4149,WM-KMU 2024,REGIONALE FÖRDERUNG,FALSE,PRORATA_PAYROLL,2.5,,,97.23
169,2017,2024-02-01,677,WM KMU Unterstützung 2023-2024,4149,WM-KMU 2024,REGIONALE FÖRDERUNG,FALSE,PRORATA_PAYROLL,10.583333333333334,,,305.03
169,2017,2024-04-01,677,WM KMU Unterstützung 2023-2024,4149,WM-KMU 2024,REGIONALE FÖRDERUNG,FALSE,PRORATA_PAYROLL,21.833333333333332,,,880
169,2017,2024-11-01,677,WM KMU Unterstützung 2023-2024,4149,WM-KMU 2024,REGIONALE FÖRDERUNG,FALSE,PRORATA_PAYROLL,29.833333333333332,,,920.22
169,2017,2024-12-01,677,WM KMU Unterstützung 2023-2024,4149,WM-KMU 2024,REGIONALE FÖRDERUNG,FALSE,PRORATA_PAYROLL,14.666666666666666,,,1115.12
169,2017,2024-01-01,693,TENDER: FWC Hydrogen 2023,4264,BD Umsetzung,TENDER,FALSE,PRORATA_PAYROLL,63.666666666666664,,,2476.1
169,2017,2024-02-01,693,TENDER: FWC Hydrogen 2023,4264,BD Umsetzung,TENDER,FALSE,PRORATA_PAYROLL,82.70833333333333,,,2383.77
169,2017,2024-03-01,693,TENDER: FWC Hydrogen 2023,4264,BD Umsetzung,TENDER,FALSE,PRORATA_PAYROLL,64.375,,,1883.41
169,2017,2024-04-01,693,TENDER: FWC Hydrogen 2023,4264,BD Umsetzung,TENDER,FALSE,PRORATA_PAYROLL,32.5,,,1309.93
169,2017,2024-05-01,693,TENDER: FWC Hydrogen 2023,4264,BD Umsetzung,TENDER,FALSE,PRORATA_PAYROLL,48.75,,,1967.06
169,2017,2024-06-01,693,TENDER: FWC Hydrogen 2023,4264,BD Umsetzung,TENDER,FALSE,PRORATA_PAYROLL,34,,,1331.65
169,2017,2024-07-01,693,TENDER: FWC Hydrogen 2023,4264,BD Umsetzung,TENDER,FALSE,PRORATA_PAYROLL,14.229166666666666,,,483.49
169,2017,2024-08-01,693,TENDER: FWC Hydrogen 2023,4264,BD Umsetzung,TENDER,FALSE,PRORATA_PAYROLL,10.1875,,,329.88
169,2017,2024-09-01,693,TENDER: FWC Hydrogen 2023,4264,BD Umsetzung,TENDER,FALSE,PRORATA_PAYROLL,11.083333333333334,,,478.76
169,2017,2024-10-01,693,TENDER: FWC Hydrogen 2023,4264,BD Umsetzung,TENDER,FALSE,PRORATA_PAYROLL,29.375,,,1012.59
169,2017,2024-11-01,693,TENDER: FWC Hydrogen 2023,4264,BD Umsetzung,TENDER,FALSE,PRORATA_PAYROLL,25.333333333333332,,,781.42
169,2017,2024-12-01,693,TENDER: FWC Hydrogen 2023,4264,BD Umsetzung,TENDER,FALSE,PRORATA_PAYROLL,38.791666666666664,,,2949.36
169,2017,2025-01-01,693,TENDER: FWC Hydrogen 2023,4264,BD Umsetzung,TENDER,FALSE,PRORATA_PAYROLL,51.291666666666664,,,2095.09
169,2017,2025-02-01,693,TENDER: FWC Hydrogen 2023,4264,BD Umsetzung,TENDER,FALSE,PRORATA_PAYROLL,34.5,,,1643.54
169,2017,2025-03-01,693,TENDER: FWC Hydrogen 2023,4264,BD Umsetzung,TENDER,FALSE,PRORATA_PAYROLL,2.6666666666666665,,,82.62
169,2017,2024-01-01,729,EVENT: OIK 2024,4482,OIK 2024 Vorbereitung 2024,EVENT,FALSE,PRORATA_PAYROLL,30.166666666666668,,,1173.23
169,2017,2024-02-01,729,EVENT: OIK 2024,4482,OIK 2024 Vorbereitung 2024,EVENT,FALSE,PRORATA_PAYROLL,74.70833333333333,,,2153.2
169,2017,2024-03-01,729,EVENT: OIK 2024,4482,OIK 2024 Vorbereitung 2024,EVENT,FALSE,PRORATA_PAYROLL,101.125,,,2958.59
169,2017,2024-04-01,729,EVENT: OIK 2024,4482,OIK 2024 Vorbereitung 2024,EVENT,FALSE,PRORATA_PAYROLL,72.5,,,2922.15
169,2017,2024-01-01,746,EVENT: EU-Forschungsförderung MWK 08.03.2024,4540,Umsetzung EVENT Forschungsförderung 8.3.24,EVENT,FALSE,PRORATA_PAYROLL,28.166666666666668,,,1095.45
169,2017,2024-07-01,776,EVENT: Global Connect 2024,4710,WP Event Umsetzung,EVENT,FALSE,PRORATA_PAYROLL,43.395833333333336,,,1474.54
169,2017,2024-08-01,776,EVENT: Global Connect 2024,4710,WP Event Umsetzung,EVENT,FALSE,PRORATA_PAYROLL,48.729166666666664,,,1577.87
169,2017,2024-09-01,776,EVENT: Global Connect 2024,4710,WP Event Umsetzung,EVENT,FALSE,PRORATA_PAYROLL,30.958333333333332,,,1337.28
169,2017,2024-11-01,776,EVENT: Global Connect 2024,4710,WP Event Umsetzung,EVENT,FALSE,PRORATA_PAYROLL,90.83333333333333,,,2801.78
169,2017,2024-07-01,777,EVENT: Ukrainische Delegation 2024,4711,Ukrainische Delegation Umsetzung,REGIONALE FÖRDERUNG,FALSE,PRORATA_PAYROLL,16.458333333333332,,,559.24
169,2017,2025-01-01,800,EVENT: Umwelttechnikpreis 2025,4834,WP Planung 2025,EVENT,FALSE,PRORATA_PAYROLL,2.9166666666666665,,,119.14
169,2017,2025-02-01,800,EVENT: Umwelttechnikpreis 2025,4834,WP Planung 2025,EVENT,FALSE,PRORATA_PAYROLL,41.875,,,1994.88
169,2017,2025-03-01,800,EVENT: Umwelttechnikpreis 2025,4834,WP Planung 2025,EVENT,FALSE,PRORATA_PAYROLL,55.375,,,1715.68
169,2017,2025-04-01,800,EVENT: Umwelttechnikpreis 2025,4834,WP Planung 2025,EVENT,FALSE,PRORATA_PAYROLL,60.75,,,2182.98
169,2017,2025-05-01,800,EVENT: Umwelttechnikpreis 2025,4834,WP Planung 2025,EVENT,FALSE,PRORATA_PAYROLL,31.5,,,2167.02
169,2017,2025-06-01,800,EVENT: Umwelttechnikpreis 2025,4834,WP Planung 2025,EVENT,FALSE,PRORATA_PAYROLL,71.04166666666667,,,2835.36
169,2017,2025-07-01,800,EVENT: Umwelttechnikpreis 2025,4834,WP Planung 2025,EVENT,FALSE,PRORATA_PAYROLL,64,,,3697.41
169,2017,2025-08-01,800,EVENT: Umwelttechnikpreis 2025,4834,WP Planung 2025,EVENT,FALSE,PRORATA_PAYROLL,11.25,,,639.34
169,2017,2025-03-01,818,TENDER: CH JU Clean Hydrogen 2025-2026,4904,WP2 BD2 2025,TENDER,FALSE,PRORATA_PAYROLL,47.333333333333336,,,1466.53
169,2017,2025-04-01,818,TENDER: CH JU Clean Hydrogen 2025-2026,4904,WP2 BD2 2025,TENDER,FALSE,PRORATA_PAYROLL,36.5,,,1311.58
169,2017,2025-05-01,818,TENDER: CH JU Clean Hydrogen 2025-2026,4904,WP2 BD2 2025,TENDER,FALSE,PRORATA_PAYROLL,13,,,894.33
169,2017,2025-06-01,818,TENDER: CH JU Clean Hydrogen 2025-2026,4904,WP2 BD2 2025,TENDER,FALSE,PRORATA_PAYROLL,20.041666666666668,,,799.89
169,2017,2025-07-01,818,TENDER: CH JU Clean Hydrogen 2025-2026,4904,WP2 BD2 2025,TENDER,FALSE,PRORATA_PAYROLL,26.5,,,1530.96
169,2017,2025-08-01,818,TENDER: CH JU Clean Hydrogen 2025-2026,4904,WP2 BD2 2025,TENDER,FALSE,PRORATA_PAYROLL,80.75,,,4589.03
182,2016,2024-01-01,571,FlashPhos (mit MwSt),4559,WP1 Management 2024,H2020,FALSE,PRORATA_PAYROLL,78,,,5246.4
182,2016,2024-02-01,571,FlashPhos (mit MwSt),4559,WP1 Management 2024,H2020,FALSE,PRORATA_PAYROLL,22,,,976.62
182,2016,2024-01-01,571,FlashPhos (mit MwSt),4576,WP9 Exploitation 2024,H2020,FALSE,PRORATA_PAYROLL,34,,,2286.89
182,2016,2024-02-01,571,FlashPhos (mit MwSt),4576,WP9 Exploitation 2024,H2020,FALSE,PRORATA_PAYROLL,12.125,,,538.25
182,2017,2024-07-01,743,EU-KONFORM: TNO (2 Stage) CircBio,4536,Umsetzung 1st Stage,EU-KONFORM,FALSE,PRORATA_PAYROLL,29.25,,,1164.31
182,2017,2024-08-01,773,EU-KONFORM: HORIZON-JU-CBE-2024-IA-06-IGB-Upfront payment,4670,Umsetzung,EU-KONFORM,FALSE,PRORATA_PAYROLL,15.5,,,678.39
182,2017,2024-08-01,782,EU-KONFORM: HORIZON-JU-CBE-2024-RIA-01 (wood) - RISE - upfront payment,4742,Umsetzung HORIZON-JU-CBE-2024-RIA-01 (wood) - RISE - upfront payment,EU-KONFORM,FALSE,PRORATA_PAYROLL,8,,,350.13
182,2017,2024-08-01,792,EU-KONFORM: DECIRE-WATER Stufe 2 KIT,4765,Antrag 2. Stufe DECIRE-WATER,EU-KONFORM,FALSE,PRORATA_PAYROLL,76.25,,,3337.22
182,2017,2024-10-01,792,EU-KONFORM: DECIRE-WATER Stufe 2 KIT,4765,Antrag 2. Stufe DECIRE-WATER,EU-KONFORM,FALSE,PRORATA_PAYROLL,3.5,,,271.43
182,2017,2024-08-01,793,EU-KONFORM: BioLINKAGE Upfront,4760,Umsetzung Biolinkage Antragstellung,EU-KONFORM,FALSE,PRORATA_PAYROLL,20.25,,,886.28
182,2017,2025-02-01,816,EU-KONFORM: RHYNEUP-emobilBW-One-stage-FixedFee-HORIZON-JU-CLEANH2-2025-06-01,4873,1.2 Kick-off Meeting,EU-KONFORM,FALSE,PRORATA_PAYROLL,7.5,,,754.66
182,2017,2025-02-01,816,EU-KONFORM: RHYNEUP-emobilBW-One-stage-FixedFee-HORIZON-JU-CLEANH2-2025-06-01,4877,1.5 Onboarding aller 40 Partner,EU-KONFORM,FALSE,PRORATA_PAYROLL,8,,,804.98
182,2017,2025-03-01,816,EU-KONFORM: RHYNEUP-emobilBW-One-stage-FixedFee-HORIZON-JU-CLEANH2-2025-06-01,4877,1.5 Onboarding aller 40 Partner,EU-KONFORM,FALSE,PRORATA_PAYROLL,10.75,,,551.52
182,2017,2025-04-01,816,EU-KONFORM: RHYNEUP-emobilBW-One-stage-FixedFee-HORIZON-JU-CLEANH2-2025-06-01,4877,1.5 Onboarding aller 40 Partner,EU-KONFORM,FALSE,PRORATA_PAYROLL,4.75,,,269.39
182,2017,2025-01-01,816,EU-KONFORM: RHYNEUP-emobilBW-One-stage-FixedFee-HORIZON-JU-CLEANH2-2025-06-01,4879,1.7 Bilaterale Meetings mit Koordinationsteam,EU-KONFORM,FALSE,PRORATA_PAYROLL,33.5,,,7798.2
182,2017,2025-02-01,816,EU-KONFORM: RHYNEUP-emobilBW-One-stage-FixedFee-HORIZON-JU-CLEANH2-2025-06-01,4879,1.7 Bilaterale Meetings mit Koordinationsteam,EU-KONFORM,FALSE,PRORATA_PAYROLL,37.166666666666664,,,3739.78
182,2017,2025-03-01,816,EU-KONFORM: RHYNEUP-emobilBW-One-stage-FixedFee-HORIZON-JU-CLEANH2-2025-06-01,4883,2.2 (Excellence) Objectives and Ambition,EU-KONFORM,FALSE,PRORATA_PAYROLL,6,,,307.82
182,2017,2025-04-01,816,EU-KONFORM: RHYNEUP-emobilBW-One-stage-FixedFee-HORIZON-JU-CLEANH2-2025-06-01,4883,2.2 (Excellence) Objectives and Ambition,EU-KONFORM,FALSE,PRORATA_PAYROLL,3,,,170.14
182,2017,2025-03-01,816,EU-KONFORM: RHYNEUP-emobilBW-One-stage-FixedFee-HORIZON-JU-CLEANH2-2025-06-01,4884,2.3 (Excellence) Methodology,EU-KONFORM,FALSE,PRORATA_PAYROLL,4.75,,,243.69
182,2017,2025-02-01,816,EU-KONFORM: RHYNEUP-emobilBW-One-stage-FixedFee-HORIZON-JU-CLEANH2-2025-06-01,4885,2.4 (Impact) Project's pathway towards impacts,EU-KONFORM,FALSE,PRORATA_PAYROLL,6.416666666666667,,,645.66
182,2017,2025-03-01,816,EU-KONFORM: RHYNEUP-emobilBW-One-stage-FixedFee-HORIZON-JU-CLEANH2-2025-06-01,4885,2.4 (Impact) Project's pathway towards impacts,EU-KONFORM,FALSE,PRORATA_PAYROLL,8.6875,,,445.7
182,2017,2025-02-01,816,EU-KONFORM: RHYNEUP-emobilBW-One-stage-FixedFee-HORIZON-JU-CLEANH2-2025-06-01,4886,2.5 (Impact) Measures to maximise impact,EU-KONFORM,FALSE,PRORATA_PAYROLL,2.6666666666666665,,,268.33
182,2017,2025-03-01,816,EU-KONFORM: RHYNEUP-emobilBW-One-stage-FixedFee-HORIZON-JU-CLEANH2-2025-06-01,4886,2.5 (Impact) Measures to maximise impact,EU-KONFORM,FALSE,PRORATA_PAYROLL,14.4375,,,740.7
182,2017,2025-03-01,816,EU-KONFORM: RHYNEUP-emobilBW-One-stage-FixedFee-HORIZON-JU-CLEANH2-2025-06-01,4887,2.6 (Impact) Summary,EU-KONFORM,FALSE,PRORATA_PAYROLL,4.958333333333333,,,254.38
182,2017,2025-02-01,816,EU-KONFORM: RHYNEUP-emobilBW-One-stage-FixedFee-HORIZON-JU-CLEANH2-2025-06-01,4888,2.7 (Quality) Work plan and resources,EU-KONFORM,FALSE,PRORATA_PAYROLL,4,,,402.49
182,2017,2025-03-01,816,EU-KONFORM: RHYNEUP-emobilBW-One-stage-FixedFee-HORIZON-JU-CLEANH2-2025-06-01,4888,2.7 (Quality) Work plan and resources,EU-KONFORM,FALSE,PRORATA_PAYROLL,41.270833333333336,,,2117.36
182,2017,2025-04-01,816,EU-KONFORM: RHYNEUP-emobilBW-One-stage-FixedFee-HORIZON-JU-CLEANH2-2025-06-01,4888,2.7 (Quality) Work plan and resources,EU-KONFORM,FALSE,PRORATA_PAYROLL,38.75,,,2197.67
182,2017,2025-02-01,816,EU-KONFORM: RHYNEUP-emobilBW-One-stage-FixedFee-HORIZON-JU-CLEANH2-2025-06-01,4896,3.2 Erstellung des Projektbudgets,EU-KONFORM,FALSE,PRORATA_PAYROLL,3.75,,,377.33
182,2017,2025-03-01,816,EU-KONFORM: RHYNEUP-emobilBW-One-stage-FixedFee-HORIZON-JU-CLEANH2-2025-06-01,4896,3.2 Erstellung des Projektbudgets,EU-KONFORM,FALSE,PRORATA_PAYROLL,44.145833333333336,,,2264.86
182,2017,2025-04-01,816,EU-KONFORM: RHYNEUP-emobilBW-One-stage-FixedFee-HORIZON-JU-CLEANH2-2025-06-01,4896,3.2 Erstellung des Projektbudgets,EU-KONFORM,FALSE,PRORATA_PAYROLL,72.25,,,4097.6
182,2017,2025-02-01,816,EU-KONFORM: RHYNEUP-emobilBW-One-stage-FixedFee-HORIZON-JU-CLEANH2-2025-06-01,4897,3.3 Administrative Formulare –Part A im Participant Portal,EU-KONFORM,FALSE,PRORATA_PAYROLL,8,,,804.98
182,2017,2025-03-01,816,EU-KONFORM: RHYNEUP-emobilBW-One-stage-FixedFee-HORIZON-JU-CLEANH2-2025-06-01,4897,3.3 Administrative Formulare –Part A im Participant Portal,EU-KONFORM,FALSE,PRORATA_PAYROLL,17,,,872.17
182,2016,2024-03-01,821,ExCo: SUCCESS FEE BioFibreLoop,4934,SIG Success Fee BioFibreLoop,VERRECHNUNG INTERN,FALSE,PRORATA_PAYROLL,130.5,,,7186.53
182,2016,2024-04-01,821,ExCo: SUCCESS FEE BioFibreLoop,4934,SIG Success Fee BioFibreLoop,VERRECHNUNG INTERN,FALSE,PRORATA_PAYROLL,161,,,7438.67
182,2016,2024-05-01,821,ExCo: SUCCESS FEE BioFibreLoop,4934,SIG Success Fee BioFibreLoop,VERRECHNUNG INTERN,FALSE,PRORATA_PAYROLL,152,,,7513.29
182,2016,2024-06-01,821,ExCo: SUCCESS FEE BioFibreLoop,4934,SIG Success Fee BioFibreLoop,VERRECHNUNG INTERN,FALSE,PRORATA_PAYROLL,159,,,8213.29
182,2017,2025-04-01,823,EU-KONFORM-PEMPIRE-FraunhoferISE-One-stage-FixedFee-HORIZON-JU-CLEANH2-2025-01-01,4959,Part A: Administrative Part,EU-KONFORM,FALSE,PRORATA_PAYROLL,18.75,,,1063.39
182,2017,2025-08-01,840,Full-Flight-ALADIN-DITF-One-stage-UpfrontFee-HORIZON-CL4-INDUSTRY-2025-01-MATERIALS-31,5081,P4.1 Excellence,EU-KONFORM,FALSE,PRORATA_PAYROLL,15.666666666666666,,,1163.75
182,2017,2025-08-01,840,Full-Flight-ALADIN-DITF-One-stage-UpfrontFee-HORIZON-CL4-INDUSTRY-2025-01-MATERIALS-31,5083,P4.3 Implementation,EU-KONFORM,FALSE,PRORATA_PAYROLL,24.791666666666668,,,1841.58
182,2017,2025-08-01,840,Full-Flight-ALADIN-DITF-One-stage-UpfrontFee-HORIZON-CL4-INDUSTRY-2025-01-MATERIALS-31,5087,Project meetings,EU-KONFORM,FALSE,PRORATA_PAYROLL,3,,,222.85
182,2017,2025-08-01,842,Full-Flight-LICUREE-TU-BAF-One-stage-UpfrontFee-HORIZON-CL4-2025-INDUSTRY-MATERIALS-01-62,5068,P4.1 Excellence,EU-KONFORM,FALSE,PRORATA_PAYROLL,2.375,,,176.42
182,2017,2025-08-01,842,Full-Flight-LICUREE-TU-BAF-One-stage-UpfrontFee-HORIZON-CL4-2025-INDUSTRY-MATERIALS-01-62,5070,P4.3 Implementation,EU-KONFORM,FALSE,PRORATA_PAYROLL,57.166666666666664,,,4246.46
182,2017,2025-08-01,842,Full-Flight-LICUREE-TU-BAF-One-stage-UpfrontFee-HORIZON-CL4-2025-INDUSTRY-MATERIALS-01-62,5075,Project meetings,EU-KONFORM,FALSE,PRORATA_PAYROLL,2.25,,,167.13
183,2016,2024-05-01,532,FUSILLI (mit MwSt.),3595,"WP6 Dissemination & Communication 17,5 PM",H2020,FALSE,PRORATA_PAYROLL,19.2,,,0
183,2016,2024-06-01,532,FUSILLI (mit MwSt.),3595,"WP6 Dissemination & Communication 17,5 PM",H2020,FALSE,PRORATA_PAYROLL,65.875,,,3632.82
183,2017,2024-07-01,743,EU-KONFORM: TNO (2 Stage) CircBio,4536,Umsetzung 1st Stage,EU-KONFORM,FALSE,PRORATA_PAYROLL,28.25,,,851.73
183,2017,2024-08-01,743,EU-KONFORM: TNO (2 Stage) CircBio,4536,Umsetzung 1st Stage,EU-KONFORM,FALSE,PRORATA_PAYROLL,28.5,,,1272.65
183,2017,2024-09-01,743,EU-KONFORM: TNO (2 Stage) CircBio,4536,Umsetzung 1st Stage,EU-KONFORM,FALSE,PRORATA_PAYROLL,77,,,2465.46
183,2017,2024-10-01,780,EU-KONFORM: H2Valley Phase 1 Projektanbahnung 2024,4734,H2Valley Umsetzung Phase 1 2024,EU-KONFORM,FALSE,PRORATA_PAYROLL,22.5,,,1128.94
183,2017,2024-11-01,780,EU-KONFORM: H2Valley Phase 1 Projektanbahnung 2024,4734,H2Valley Umsetzung Phase 1 2024,EU-KONFORM,FALSE,PRORATA_PAYROLL,99,,,4014.82
183,2017,2024-12-01,780,EU-KONFORM: H2Valley Phase 1 Projektanbahnung 2024,4734,H2Valley Umsetzung Phase 1 2024,EU-KONFORM,FALSE,PRORATA_PAYROLL,76.16666666666667,,,5428
183,2017,2024-08-01,782,EU-KONFORM: HORIZON-JU-CBE-2024-RIA-01 (wood) - RISE - upfront payment,4742,Umsetzung HORIZON-JU-CBE-2024-RIA-01 (wood) - RISE - upfront payment,EU-KONFORM,FALSE,PRORATA_PAYROLL,59.516666666666666,,,2657.68
183,2017,2024-07-01,793,EU-KONFORM: BioLINKAGE Upfront,4760,Umsetzung Biolinkage Antragstellung,EU-KONFORM,FALSE,PRORATA_PAYROLL,91.91666666666667,,,2771.28
183,2017,2025-02-01,816,EU-KONFORM: RHYNEUP-emobilBW-One-stage-FixedFee-HORIZON-JU-CLEANH2-2025-06-01,4873,1.2 Kick-off Meeting,EU-KONFORM,FALSE,PRORATA_PAYROLL,12,,,1538.72
183,2017,2025-02-01,816,EU-KONFORM: RHYNEUP-emobilBW-One-stage-FixedFee-HORIZON-JU-CLEANH2-2025-06-01,4874,1.1 8 regionale Workshops,EU-KONFORM,FALSE,PRORATA_PAYROLL,28,,,3590.35
183,2017,2025-02-01,816,EU-KONFORM: RHYNEUP-emobilBW-One-stage-FixedFee-HORIZON-JU-CLEANH2-2025-06-01,4875,1.3 Iteration der Factsheets,EU-KONFORM,FALSE,PRORATA_PAYROLL,2.5,,,320.57
183,2017,2025-04-01,816,EU-KONFORM: RHYNEUP-emobilBW-One-stage-FixedFee-HORIZON-JU-CLEANH2-2025-06-01,4875,1.3 Iteration der Factsheets,EU-KONFORM,FALSE,PRORATA_PAYROLL,2,,,66.71
183,2017,2025-02-01,816,EU-KONFORM: RHYNEUP-emobilBW-One-stage-FixedFee-HORIZON-JU-CLEANH2-2025-06-01,4877,1.5 Onboarding aller 40 Partner,EU-KONFORM,FALSE,PRORATA_PAYROLL,1.75,,,224.4
183,2017,2025-03-01,816,EU-KONFORM: RHYNEUP-emobilBW-One-stage-FixedFee-HORIZON-JU-CLEANH2-2025-06-01,4877,1.5 Onboarding aller 40 Partner,EU-KONFORM,FALSE,PRORATA_PAYROLL,3.4166666666666665,,,134.63
183,2017,2025-04-01,816,EU-KONFORM: RHYNEUP-emobilBW-One-stage-FixedFee-HORIZON-JU-CLEANH2-2025-06-01,4877,1.5 Onboarding aller 40 Partner,EU-KONFORM,FALSE,PRORATA_PAYROLL,2,,,66.71
183,2017,2025-02-01,816,EU-KONFORM: RHYNEUP-emobilBW-One-stage-FixedFee-HORIZON-JU-CLEANH2-2025-06-01,4878,1.6 Anpassung des Projektkonzepts,EU-KONFORM,FALSE,PRORATA_PAYROLL,2,,,256.45
183,2017,2025-04-01,816,EU-KONFORM: RHYNEUP-emobilBW-One-stage-FixedFee-HORIZON-JU-CLEANH2-2025-06-01,4878,1.6 Anpassung des Projektkonzepts,EU-KONFORM,FALSE,PRORATA_PAYROLL,2,,,66.71
183,2017,2025-02-01,816,EU-KONFORM: RHYNEUP-emobilBW-One-stage-FixedFee-HORIZON-JU-CLEANH2-2025-06-01,4879,1.7 Bilaterale Meetings mit Koordinationsteam,EU-KONFORM,FALSE,PRORATA_PAYROLL,11.25,,,1442.55
183,2017,2025-03-01,816,EU-KONFORM: RHYNEUP-emobilBW-One-stage-FixedFee-HORIZON-JU-CLEANH2-2025-06-01,4879,1.7 Bilaterale Meetings mit Koordinationsteam,EU-KONFORM,FALSE,PRORATA_PAYROLL,29.75,,,1172.24
183,2017,2025-04-01,816,EU-KONFORM: RHYNEUP-emobilBW-One-stage-FixedFee-HORIZON-JU-CLEANH2-2025-06-01,4879,1.7 Bilaterale Meetings mit Koordinationsteam,EU-KONFORM,FALSE,PRORATA_PAYROLL,15.833333333333334,,,528.09
183,2017,2025-03-01,816,EU-KONFORM: RHYNEUP-emobilBW-One-stage-FixedFee-HORIZON-JU-CLEANH2-2025-06-01,4882,"2.1 (Excellence) First page (why, what, how)",EU-KONFORM,FALSE,PRORATA_PAYROLL,1.6666666666666667,,,65.67
183,2017,2025-04-01,816,EU-KONFORM: RHYNEUP-emobilBW-One-stage-FixedFee-HORIZON-JU-CLEANH2-2025-06-01,4882,"2.1 (Excellence) First page (why, what, how)",EU-KONFORM,FALSE,PRORATA_PAYROLL,13.333333333333334,,,444.71
183,2017,2025-03-01,816,EU-KONFORM: RHYNEUP-emobilBW-One-stage-FixedFee-HORIZON-JU-CLEANH2-2025-06-01,4883,2.2 (Excellence) Objectives and Ambition,EU-KONFORM,FALSE,PRORATA_PAYROLL,20.333333333333332,,,801.19
183,2017,2025-04-01,816,EU-KONFORM: RHYNEUP-emobilBW-One-stage-FixedFee-HORIZON-JU-CLEANH2-2025-06-01,4883,2.2 (Excellence) Objectives and Ambition,EU-KONFORM,FALSE,PRORATA_PAYROLL,35.833333333333336,,,1195.15
183,2017,2025-03-01,816,EU-KONFORM: RHYNEUP-emobilBW-One-stage-FixedFee-HORIZON-JU-CLEANH2-2025-06-01,4884,2.3 (Excellence) Methodology,EU-KONFORM,FALSE,PRORATA_PAYROLL,42.916666666666664,,,1691.04
183,2017,2025-04-01,816,EU-KONFORM: RHYNEUP-emobilBW-One-stage-FixedFee-HORIZON-JU-CLEANH2-2025-06-01,4884,2.3 (Excellence) Methodology,EU-KONFORM,FALSE,PRORATA_PAYROLL,15,,,500.29
183,2017,2025-02-01,816,EU-KONFORM: RHYNEUP-emobilBW-One-stage-FixedFee-HORIZON-JU-CLEANH2-2025-06-01,4888,2.7 (Quality) Work plan and resources,EU-KONFORM,FALSE,PRORATA_PAYROLL,4,,,512.91
183,2017,2025-03-01,816,EU-KONFORM: RHYNEUP-emobilBW-One-stage-FixedFee-HORIZON-JU-CLEANH2-2025-06-01,4888,2.7 (Quality) Work plan and resources,EU-KONFORM,FALSE,PRORATA_PAYROLL,9.416666666666666,,,371.04
183,2017,2025-04-01,816,EU-KONFORM: RHYNEUP-emobilBW-One-stage-FixedFee-HORIZON-JU-CLEANH2-2025-06-01,4888,2.7 (Quality) Work plan and resources,EU-KONFORM,FALSE,PRORATA_PAYROLL,5,,,166.76
183,2017,2025-04-01,816,EU-KONFORM: RHYNEUP-emobilBW-One-stage-FixedFee-HORIZON-JU-CLEANH2-2025-06-01,4889,2.8 (Quality) Capacity of participants,EU-KONFORM,FALSE,PRORATA_PAYROLL,5,,,166.76
183,2017,2025-02-01,816,EU-KONFORM: RHYNEUP-emobilBW-One-stage-FixedFee-HORIZON-JU-CLEANH2-2025-06-01,4890,2.9 Zusätzliche Anhänge - LOIs,EU-KONFORM,FALSE,PRORATA_PAYROLL,2,,,256.45
183,2017,2025-04-01,816,EU-KONFORM: RHYNEUP-emobilBW-One-stage-FixedFee-HORIZON-JU-CLEANH2-2025-06-01,4890,2.9 Zusätzliche Anhänge - LOIs,EU-KONFORM,FALSE,PRORATA_PAYROLL,5,,,166.76
183,2017,2025-04-01,816,EU-KONFORM: RHYNEUP-emobilBW-One-stage-FixedFee-HORIZON-JU-CLEANH2-2025-06-01,4892,2.9.1 Visualisierung und Formatierung,EU-KONFORM,FALSE,PRORATA_PAYROLL,17,,,567
183,2017,2025-04-01,816,EU-KONFORM: RHYNEUP-emobilBW-One-stage-FixedFee-HORIZON-JU-CLEANH2-2025-06-01,4899,3.5 Endkontrolle und Einreichung der Dokumente,EU-KONFORM,FALSE,PRORATA_PAYROLL,9,,,300.18
185,2017,2024-01-01,629,Vanguard KI Pilot 2022-2023,4314,Vanguard KI Pilot 2024,REGIONALE FÖRDERUNG,FALSE,PRORATA_PAYROLL,9,,,397.08
185,2017,2024-02-01,629,Vanguard KI Pilot 2022-2023,4314,Vanguard KI Pilot 2024,REGIONALE FÖRDERUNG,FALSE,PRORATA_PAYROLL,17,,,646.46
185,2017,2024-03-01,629,Vanguard KI Pilot 2022-2023,4314,Vanguard KI Pilot 2024,REGIONALE FÖRDERUNG,FALSE,PRORATA_PAYROLL,2.75,,,133.39
185,2017,2024-04-01,629,Vanguard KI Pilot 2022-2023,4314,Vanguard KI Pilot 2024,REGIONALE FÖRDERUNG,FALSE,PRORATA_PAYROLL,45.5,,,2122.26
185,2017,2024-05-01,629,Vanguard KI Pilot 2022-2023,4314,Vanguard KI Pilot 2024,REGIONALE FÖRDERUNG,FALSE,PRORATA_PAYROLL,38,,,1854.03
185,2017,2024-06-01,629,Vanguard KI Pilot 2022-2023,4314,Vanguard KI Pilot 2024,REGIONALE FÖRDERUNG,FALSE,PRORATA_PAYROLL,19.25,,,941.85
185,2017,2024-07-01,629,Vanguard KI Pilot 2022-2023,4314,Vanguard KI Pilot 2024,REGIONALE FÖRDERUNG,FALSE,PRORATA_PAYROLL,31,,,1519.43
185,2017,2024-09-01,629,Vanguard KI Pilot 2022-2023,4314,Vanguard KI Pilot 2024,REGIONALE FÖRDERUNG,FALSE,PRORATA_PAYROLL,16,,,801.28
185,2017,2024-10-01,629,Vanguard KI Pilot 2022-2023,4314,Vanguard KI Pilot 2024,REGIONALE FÖRDERUNG,FALSE,PRORATA_PAYROLL,12.75,,,492.7
185,2017,2024-02-01,642,TENDER: DTA,4014,Tender DTA - 2024,TENDER,FALSE,PRORATA_PAYROLL,138,,,5247.72
185,2017,2024-03-01,642,TENDER: DTA,4014,Tender DTA - 2024,TENDER,FALSE,PRORATA_PAYROLL,77.5,,,3759.11
185,2017,2024-04-01,642,TENDER: DTA,4014,Tender DTA - 2024,TENDER,FALSE,PRORATA_PAYROLL,53,,,2472.08
185,2017,2024-05-01,642,TENDER: DTA,4014,Tender DTA - 2024,TENDER,FALSE,PRORATA_PAYROLL,71.5,,,3488.49
185,2017,2024-06-01,642,TENDER: DTA,4014,Tender DTA - 2024,TENDER,FALSE,PRORATA_PAYROLL,104.25,,,5100.67
185,2017,2024-07-01,642,TENDER: DTA,4014,Tender DTA - 2024,TENDER,FALSE,PRORATA_PAYROLL,78,,,3823.09
185,2017,2024-08-01,642,TENDER: DTA,4014,Tender DTA - 2024,TENDER,FALSE,PRORATA_PAYROLL,52,,,4536.94
185,2017,2024-09-01,642,TENDER: DTA,4014,Tender DTA - 2024,TENDER,FALSE,PRORATA_PAYROLL,76,,,3806.08
185,2017,2024-10-01,642,TENDER: DTA,4014,Tender DTA - 2024,TENDER,FALSE,PRORATA_PAYROLL,99.5,,,3844.98
185,2017,2024-11-01,642,TENDER: DTA,4014,Tender DTA - 2024,TENDER,FALSE,PRORATA_PAYROLL,102.5,,,5324.2
185,2017,2024-12-01,642,TENDER: DTA,4014,Tender DTA - 2024,TENDER,FALSE,PRORATA_PAYROLL,41,,,5521.76
185,2017,2025-01-01,642,TENDER: DTA,4797,Tender DTA - 2025,TENDER,FALSE,PRORATA_PAYROLL,74.5,,,3526.99
185,2017,2025-02-01,642,TENDER: DTA,4797,Tender DTA - 2025,TENDER,FALSE,PRORATA_PAYROLL,6.5,,,596.94
185,2017,2025-03-01,642,TENDER: DTA,4797,Tender DTA - 2025,TENDER,FALSE,PRORATA_PAYROLL,47.5,,,2033.76
185,2017,2025-04-01,642,TENDER: DTA,4797,Tender DTA - 2025,TENDER,FALSE,PRORATA_PAYROLL,47.5,,,3170.37
185,2017,2025-06-01,642,TENDER: DTA,4797,Tender DTA - 2025,TENDER,FALSE,PRORATA_PAYROLL,75,,,6107.14
185,2017,2025-07-01,642,TENDER: DTA,4797,Tender DTA - 2025,TENDER,FALSE,PRORATA_PAYROLL,136.5,,,6107.14
185,2017,2025-08-01,642,TENDER: DTA,4797,Tender DTA - 2025,TENDER,FALSE,PRORATA_PAYROLL,32,,,6107.14
185,2017,2024-01-01,677,WM KMU Unterstützung 2023-2024,4149,WM-KMU 2024,REGIONALE FÖRDERUNG,FALSE,PRORATA_PAYROLL,42,,,1853.02
185,2017,2024-04-01,677,WM KMU Unterstützung 2023-2024,4149,WM-KMU 2024,REGIONALE FÖRDERUNG,FALSE,PRORATA_PAYROLL,13,,,606.36
185,2017,2024-08-01,677,WM KMU Unterstützung 2023-2024,4149,WM-KMU 2024,REGIONALE FÖRDERUNG,FALSE,PRORATA_PAYROLL,12,,,1046.99
185,2017,2024-09-01,677,WM KMU Unterstützung 2023-2024,4149,WM-KMU 2024,REGIONALE FÖRDERUNG,FALSE,PRORATA_PAYROLL,19.5,,,976.56
185,2017,2024-10-01,677,WM KMU Unterstützung 2023-2024,4149,WM-KMU 2024,REGIONALE FÖRDERUNG,FALSE,PRORATA_PAYROLL,8.25,,,318.81
185,2017,2024-11-01,677,WM KMU Unterstützung 2023-2024,4149,WM-KMU 2024,REGIONALE FÖRDERUNG,FALSE,PRORATA_PAYROLL,5,,,259.72
185,2017,2024-12-01,677,WM KMU Unterstützung 2023-2024,4149,WM-KMU 2024,REGIONALE FÖRDERUNG,FALSE,PRORATA_PAYROLL,6.5,,,875.4
189,2136,2024-01-01,715,EUB: 2024 - 2025,4414,EUB 2024,INSTITUTIONELLE FÖRDERUNG,FALSE,PRORATA_PAYROLL,136,,,4334.82
189,2136,2024-02-01,715,EUB: 2024 - 2025,4414,EUB 2024,INSTITUTIONELLE FÖRDERUNG,FALSE,PRORATA_PAYROLL,128,,,4254.82
189,2136,2024-03-01,715,EUB: 2024 - 2025,4414,EUB 2024,INSTITUTIONELLE FÖRDERUNG,FALSE,PRORATA_PAYROLL,120,,,5096.64
189,2136,2024-04-01,715,EUB: 2024 - 2025,4414,EUB 2024,INSTITUTIONELLE FÖRDERUNG,FALSE,PRORATA_PAYROLL,88,,,4113
189,2136,2024-05-01,715,EUB: 2024 - 2025,4414,EUB 2024,INSTITUTIONELLE FÖRDERUNG,FALSE,PRORATA_PAYROLL,104,,,4254.82
189,2136,2024-06-01,715,EUB: 2024 - 2025,4414,EUB 2024,INSTITUTIONELLE FÖRDERUNG,FALSE,PRORATA_PAYROLL,112,,,4954.82
189,2136,2024-07-01,715,EUB: 2024 - 2025,4414,EUB 2024,INSTITUTIONELLE FÖRDERUNG,FALSE,PRORATA_PAYROLL,136,,,4254.82
189,2136,2024-08-01,715,EUB: 2024 - 2025,4414,EUB 2024,INSTITUTIONELLE FÖRDERUNG,FALSE,PRORATA_PAYROLL,80,,,4496.22
189,2136,2024-09-01,715,EUB: 2024 - 2025,4414,EUB 2024,INSTITUTIONELLE FÖRDERUNG,FALSE,PRORATA_PAYROLL,136,,,4496.22
189,2136,2024-10-01,715,EUB: 2024 - 2025,4414,EUB 2024,INSTITUTIONELLE FÖRDERUNG,FALSE,PRORATA_PAYROLL,128,,,4496.22
189,2136,2024-11-01,715,EUB: 2024 - 2025,4414,EUB 2024,INSTITUTIONELLE FÖRDERUNG,FALSE,PRORATA_PAYROLL,120,,,4496.22
189,2136,2024-12-01,715,EUB: 2024 - 2025,4414,EUB 2024,INSTITUTIONELLE FÖRDERUNG,FALSE,PRORATA_PAYROLL,88,,,6349.37
189,2136,2025-03-01,715,EUB: 2024 - 2025,4415,EUB 2025,INSTITUTIONELLE FÖRDERUNG,FALSE,PRORATA_PAYROLL,40.5,,,0
189,2136,2025-04-01,715,EUB: 2024 - 2025,4415,EUB 2025,INSTITUTIONELLE FÖRDERUNG,FALSE,PRORATA_PAYROLL,104.25,,,0
189,2136,2025-05-01,715,EUB: 2024 - 2025,4415,EUB 2025,INSTITUTIONELLE FÖRDERUNG,FALSE,PRORATA_PAYROLL,75.25,,,0
189,2136,2025-06-01,715,EUB: 2024 - 2025,4415,EUB 2025,INSTITUTIONELLE FÖRDERUNG,FALSE,PRORATA_PAYROLL,104.5,,,0
189,2136,2025-07-01,715,EUB: 2024 - 2025,4415,EUB 2025,INSTITUTIONELLE FÖRDERUNG,FALSE,PRORATA_PAYROLL,105,,,0
189,2136,2025-08-01,715,EUB: 2024 - 2025,4415,EUB 2025,INSTITUTIONELLE FÖRDERUNG,FALSE,PRORATA_PAYROLL,97.5,,,0
193,2016,2025-06-01,530,ISLANDER (mit MwSt),3404,"WP9 Exploitation, dissemination",H2020,FALSE,PRORATA_PAYROLL,28,,,0
193,2016,2025-07-01,530,ISLANDER (mit MwSt),3404,"WP9 Exploitation, dissemination",H2020,FALSE,PRORATA_PAYROLL,32,,,0
193,2016,2025-08-01,530,ISLANDER (mit MwSt),3404,"WP9 Exploitation, dissemination",H2020,FALSE,PRORATA_PAYROLL,29.6875,,,0
193,2017,2024-11-01,780,EU-KONFORM: H2Valley Phase 1 Projektanbahnung 2024,4734,H2Valley Umsetzung Phase 1 2024,EU-KONFORM,FALSE,PRORATA_PAYROLL,21.25,,,1061.53
193,2017,2024-12-01,780,EU-KONFORM: H2Valley Phase 1 Projektanbahnung 2024,4734,H2Valley Umsetzung Phase 1 2024,EU-KONFORM,FALSE,PRORATA_PAYROLL,16,,,1839.96
193,2017,2024-06-01,796,TENDER: FWC Hydrogen FP2,4774,WP1 Umsetzung,TENDER,FALSE,PRORATA_PAYROLL,24,,,1120.76
193,2017,2024-07-01,796,TENDER: FWC Hydrogen FP2,4774,WP1 Umsetzung,TENDER,FALSE,PRORATA_PAYROLL,42.75,,,1745.47
193,2017,2024-08-01,796,TENDER: FWC Hydrogen FP2,4774,WP1 Umsetzung,TENDER,FALSE,PRORATA_PAYROLL,49,,,1815
193,2017,2024-09-01,796,TENDER: FWC Hydrogen FP2,4774,WP1 Umsetzung,TENDER,FALSE,PRORATA_PAYROLL,119.5,,,5445.01
193,2017,2024-10-01,796,TENDER: FWC Hydrogen FP2,4774,WP1 Umsetzung,TENDER,FALSE,PRORATA_PAYROLL,102.25,,,5445.01
193,2017,2024-11-01,796,TENDER: FWC Hydrogen FP2,4774,WP1 Umsetzung,TENDER,FALSE,PRORATA_PAYROLL,87.75,,,4383.48
193,2017,2024-12-01,796,TENDER: FWC Hydrogen FP2,4774,WP1 Umsetzung,TENDER,FALSE,PRORATA_PAYROLL,43.625,,,5016.78
193,2017,2025-01-01,796,TENDER: FWC Hydrogen FP2,4774,WP1 Umsetzung,TENDER,FALSE,PRORATA_PAYROLL,67.16666666666667,,,3156.13
193,2017,2025-02-01,796,TENDER: FWC Hydrogen FP2,4774,WP1 Umsetzung,TENDER,FALSE,PRORATA_PAYROLL,70.75,,,3589.39
193,2017,2025-02-01,816,EU-KONFORM: RHYNEUP-emobilBW-One-stage-FixedFee-HORIZON-JU-CLEANH2-2025-06-01,4873,1.2 Kick-off Meeting,EU-KONFORM,FALSE,PRORATA_PAYROLL,4.375,,,221.96
193,2017,2025-02-01,816,EU-KONFORM: RHYNEUP-emobilBW-One-stage-FixedFee-HORIZON-JU-CLEANH2-2025-06-01,4874,1.1 8 regionale Workshops,EU-KONFORM,FALSE,PRORATA_PAYROLL,14.75,,,748.32
193,2017,2025-03-01,816,EU-KONFORM: RHYNEUP-emobilBW-One-stage-FixedFee-HORIZON-JU-CLEANH2-2025-06-01,4874,1.1 8 regionale Workshops,EU-KONFORM,FALSE,PRORATA_PAYROLL,4,,,183.06
193,2017,2025-01-01,816,EU-KONFORM: RHYNEUP-emobilBW-One-stage-FixedFee-HORIZON-JU-CLEANH2-2025-06-01,4876,1.4 Einbeziehung fehlender Projektpartnern,EU-KONFORM,FALSE,PRORATA_PAYROLL,16.5,,,775.33
193,2017,2025-03-01,816,EU-KONFORM: RHYNEUP-emobilBW-One-stage-FixedFee-HORIZON-JU-CLEANH2-2025-06-01,4876,1.4 Einbeziehung fehlender Projektpartnern,EU-KONFORM,FALSE,PRORATA_PAYROLL,4,,,183.06
193,2017,2025-04-01,816,EU-KONFORM: RHYNEUP-emobilBW-One-stage-FixedFee-HORIZON-JU-CLEANH2-2025-06-01,4893,2.9.2 Qualitätsprüfung,EU-KONFORM,FALSE,PRORATA_PAYROLL,8,,,356.47
193,2017,2025-03-01,818,TENDER: CH JU Clean Hydrogen 2025-2026,4902,WP1 FP2.3 2025,TENDER,FALSE,PRORATA_PAYROLL,80,,,3661.27
193,2017,2025-04-01,818,TENDER: CH JU Clean Hydrogen 2025-2026,4902,WP1 FP2.3 2025,TENDER,FALSE,PRORATA_PAYROLL,75.25,,,3353.07
193,2017,2025-05-01,818,TENDER: CH JU Clean Hydrogen 2025-2026,4902,WP1 FP2.3 2025,TENDER,FALSE,PRORATA_PAYROLL,90.625,,,4545.24
193,2017,2025-06-01,818,TENDER: CH JU Clean Hydrogen 2025-2026,4902,WP1 FP2.3 2025,TENDER,FALSE,PRORATA_PAYROLL,50.125,,,2545.96
193,2017,2025-07-01,818,TENDER: CH JU Clean Hydrogen 2025-2026,4902,WP1 FP2.3 2025,TENDER,FALSE,PRORATA_PAYROLL,109.875,,,4372.63
193,2017,2025-08-01,818,TENDER: CH JU Clean Hydrogen 2025-2026,4902,WP1 FP2.3 2025,TENDER,FALSE,PRORATA_PAYROLL,87.875,,,4155.87
198,2017,2024-06-01,642,TENDER: DTA,4014,Tender DTA - 2024,TENDER,FALSE,PRORATA_PAYROLL,4.5,,,185.93
198,2017,2024-07-01,642,TENDER: DTA,4014,Tender DTA - 2024,TENDER,FALSE,PRORATA_PAYROLL,11.208333333333334,,,431.36
198,2017,2024-08-01,642,TENDER: DTA,4014,Tender DTA - 2024,TENDER,FALSE,PRORATA_PAYROLL,12.375,,,634.31
198,2017,2024-09-01,642,TENDER: DTA,4014,Tender DTA - 2024,TENDER,FALSE,PRORATA_PAYROLL,43.041666666666664,,,1759.24
198,2017,2024-10-01,642,TENDER: DTA,4014,Tender DTA - 2024,TENDER,FALSE,PRORATA_PAYROLL,25.25,,,950.31
198,2017,2024-11-01,642,TENDER: DTA,4014,Tender DTA - 2024,TENDER,FALSE,PRORATA_PAYROLL,4.25,,,336.63
198,2017,2024-01-01,644,TENDER: Smart Cities Marketplace 2.0,4024,Events 2024,TENDER,FALSE,PRORATA_PAYROLL,32.375,,,1481.98
198,2017,2024-02-01,644,TENDER: Smart Cities Marketplace 2.0,4024,Events 2024,TENDER,FALSE,PRORATA_PAYROLL,21.375,,,829.77
198,2017,2024-03-01,644,TENDER: Smart Cities Marketplace 2.0,4024,Events 2024,TENDER,FALSE,PRORATA_PAYROLL,25.25,,,1250.91
198,2017,2024-04-01,644,TENDER: Smart Cities Marketplace 2.0,4024,Events 2024,TENDER,FALSE,PRORATA_PAYROLL,32.375,,,1396.38
198,2017,2024-06-01,644,TENDER: Smart Cities Marketplace 2.0,4024,Events 2024,TENDER,FALSE,PRORATA_PAYROLL,45.5,,,1879.93
198,2017,2024-07-01,644,TENDER: Smart Cities Marketplace 2.0,4024,Events 2024,TENDER,FALSE,PRORATA_PAYROLL,12.625,,,485.88
198,2017,2024-08-01,644,TENDER: Smart Cities Marketplace 2.0,4024,Events 2024,TENDER,FALSE,PRORATA_PAYROLL,21.125,,,1082.82
198,2017,2024-09-01,644,TENDER: Smart Cities Marketplace 2.0,4024,Events 2024,TENDER,FALSE,PRORATA_PAYROLL,12.625,,,516.02
198,2017,2024-10-01,644,TENDER: Smart Cities Marketplace 2.0,4024,Events 2024,TENDER,FALSE,PRORATA_PAYROLL,48.541666666666664,,,1826.92
198,2017,2024-11-01,644,TENDER: Smart Cities Marketplace 2.0,4024,Events 2024,TENDER,FALSE,PRORATA_PAYROLL,46.333333333333336,,,3669.88
198,2017,2024-12-01,644,TENDER: Smart Cities Marketplace 2.0,4024,Events 2024,TENDER,FALSE,PRORATA_PAYROLL,9,,,1615.11
198,2017,2025-02-01,644,TENDER: Smart Cities Marketplace 2.0,4025,Events 2025,TENDER,FALSE,PRORATA_PAYROLL,11.625,,,588.05
198,2017,2025-04-01,644,TENDER: Smart Cities Marketplace 2.0,4025,Events 2025,TENDER,FALSE,PRORATA_PAYROLL,4.625,,,233
198,2017,2025-05-01,644,TENDER: Smart Cities Marketplace 2.0,4025,Events 2025,TENDER,FALSE,PRORATA_PAYROLL,31.5,,,2002.45
198,2017,2025-06-01,644,TENDER: Smart Cities Marketplace 2.0,4025,Events 2025,TENDER,FALSE,PRORATA_PAYROLL,8,,,496.24
198,2017,2025-07-01,644,TENDER: Smart Cities Marketplace 2.0,4025,Events 2025,TENDER,FALSE,PRORATA_PAYROLL,8,,,370.55
198,2017,2024-01-01,681,TENDER: Citizen Led 1,4230,Inhaltlich 2024,TENDER,FALSE,PRORATA_PAYROLL,57,,,2609.19
198,2017,2024-02-01,681,TENDER: Citizen Led 1,4230,Inhaltlich 2024,TENDER,FALSE,PRORATA_PAYROLL,36.875,,,1431.47
198,2017,2024-03-01,681,TENDER: Citizen Led 1,4230,Inhaltlich 2024,TENDER,FALSE,PRORATA_PAYROLL,37.75,,,1870.17
198,2017,2024-04-01,681,TENDER: Citizen Led 1,4230,Inhaltlich 2024,TENDER,FALSE,PRORATA_PAYROLL,32.25,,,1390.99
198,2017,2024-05-01,681,TENDER: Citizen Led 1,4230,Inhaltlich 2024,TENDER,FALSE,PRORATA_PAYROLL,32.75,,,2241.06
198,2017,2024-06-01,681,TENDER: Citizen Led 1,4230,Inhaltlich 2024,TENDER,FALSE,PRORATA_PAYROLL,53.25,,,2200.13
198,2017,2024-07-01,681,TENDER: Citizen Led 1,4230,Inhaltlich 2024,TENDER,FALSE,PRORATA_PAYROLL,55.875,,,2150.37
198,2017,2024-08-01,681,TENDER: Citizen Led 1,4230,Inhaltlich 2024,TENDER,FALSE,PRORATA_PAYROLL,34.125,,,1749.17
198,2017,2024-09-01,681,TENDER: Citizen Led 1,4230,Inhaltlich 2024,TENDER,FALSE,PRORATA_PAYROLL,22.125,,,904.32
198,2017,2024-10-01,681,TENDER: Citizen Led 1,4230,Inhaltlich 2024,TENDER,FALSE,PRORATA_PAYROLL,34.291666666666664,,,1290.61
198,2017,2024-11-01,681,TENDER: Citizen Led 1,4230,Inhaltlich 2024,TENDER,FALSE,PRORATA_PAYROLL,16.75,,,1326.7
198,2017,2024-03-01,686,EVENT: Netzwerktreffen MINT 2023 & 2024,4172,Netzwerktreffen 2024,EVENT,FALSE,PRORATA_PAYROLL,12.375,,,613.07
198,2017,2024-06-01,693,TENDER: FWC Hydrogen 2023,4264,BD Umsetzung,TENDER,FALSE,PRORATA_PAYROLL,13.625,,,562.94
198,2017,2024-07-01,693,TENDER: FWC Hydrogen 2023,4264,BD Umsetzung,TENDER,FALSE,PRORATA_PAYROLL,11.208333333333334,,,431.36
198,2017,2024-08-01,693,TENDER: FWC Hydrogen 2023,4264,BD Umsetzung,TENDER,FALSE,PRORATA_PAYROLL,13,,,666.35
198,2017,2024-09-01,693,TENDER: FWC Hydrogen 2023,4264,BD Umsetzung,TENDER,FALSE,PRORATA_PAYROLL,22.875,,,934.97
198,2017,2024-10-01,693,TENDER: FWC Hydrogen 2023,4264,BD Umsetzung,TENDER,FALSE,PRORATA_PAYROLL,19.25,,,724.5
198,2017,2024-11-01,693,TENDER: FWC Hydrogen 2023,4264,BD Umsetzung,TENDER,FALSE,PRORATA_PAYROLL,2.3333333333333335,,,184.81
198,2017,2024-12-01,693,TENDER: FWC Hydrogen 2023,4264,BD Umsetzung,TENDER,FALSE,PRORATA_PAYROLL,42.5,,,7626.89
198,2017,2024-01-01,750,TENDER: Citizen Led 2,4548,WP Planung 2024,TENDER,FALSE,PRORATA_PAYROLL,57.125,,,2614.91
198,2017,2024-02-01,750,TENDER: Citizen Led 2,4548,WP Planung 2024,TENDER,FALSE,PRORATA_PAYROLL,114.5,,,4444.84
198,2017,2024-03-01,750,TENDER: Citizen Led 2,4548,WP Planung 2024,TENDER,FALSE,PRORATA_PAYROLL,67.125,,,3325.44
198,2017,2024-04-01,750,TENDER: Citizen Led 2,4548,WP Planung 2024,TENDER,FALSE,PRORATA_PAYROLL,89.125,,,3844.09
198,2017,2024-05-01,750,TENDER: Citizen Led 2,4548,WP Planung 2024,TENDER,FALSE,PRORATA_PAYROLL,65.25,,,4465.02
198,2017,2024-06-01,750,TENDER: Citizen Led 2,4548,WP Planung 2024,TENDER,FALSE,PRORATA_PAYROLL,52.875,,,2184.64
198,2017,2024-07-01,750,TENDER: Citizen Led 2,4548,WP Planung 2024,TENDER,FALSE,PRORATA_PAYROLL,61.958333333333336,,,2384.49
198,2017,2024-08-01,750,TENDER: Citizen Led 2,4548,WP Planung 2024,TENDER,FALSE,PRORATA_PAYROLL,42.5,,,2178.45
198,2017,2024-09-01,750,TENDER: Citizen Led 2,4548,WP Planung 2024,TENDER,FALSE,PRORATA_PAYROLL,7.791666666666667,,,318.47
198,2017,2024-10-01,750,TENDER: Citizen Led 2,4548,WP Planung 2024,TENDER,FALSE,PRORATA_PAYROLL,2.6666666666666665,,,100.36
198,2017,2025-01-01,750,TENDER: Citizen Led 2,4549,WP Planung 2025,TENDER,FALSE,PRORATA_PAYROLL,26.875,,,2072.3
198,2017,2025-02-01,750,TENDER: Citizen Led 2,4549,WP Planung 2025,TENDER,FALSE,PRORATA_PAYROLL,21.5,,,1087.58
198,2017,2025-03-01,750,TENDER: Citizen Led 2,4549,WP Planung 2025,TENDER,FALSE,PRORATA_PAYROLL,38.875,,,1686.87
198,2017,2025-04-01,750,TENDER: Citizen Led 2,4549,WP Planung 2025,TENDER,FALSE,PRORATA_PAYROLL,25.625,,,1290.94
198,2017,2025-05-01,750,TENDER: Citizen Led 2,4549,WP Planung 2025,TENDER,FALSE,PRORATA_PAYROLL,9.125,,,580.08
198,2017,2025-06-01,750,TENDER: Citizen Led 2,4549,WP Planung 2025,TENDER,FALSE,PRORATA_PAYROLL,21.25,,,1318.13
198,2017,2025-08-01,750,TENDER: Citizen Led 2,4549,WP Planung 2025,TENDER,FALSE,PRORATA_PAYROLL,15,,,2030.88
198,2017,2024-09-01,795,ATELIER: Expert Contract 2024,4773,"WP10 Communication, Dissemination & Exploitation",VERRECHNUNG INTERN,FALSE,PRORATA_PAYROLL,20,,,817.46
198,2017,2025-07-01,819,WM KMU 2025-2027,4933,WM-KMU 2025,REGIONALE FÖRDERUNG,FALSE,PRORATA_PAYROLL,63.5,,,2941.21
198,2017,2025-08-01,819,WM KMU 2025-2027,4933,WM-KMU 2025,REGIONALE FÖRDERUNG,FALSE,PRORATA_PAYROLL,37,,,5009.49
203,2017,2024-01-01,675,WM: Social Innovation Challenge 2.0,4136,Modul 2 - Workshops,REGIONALE FÖRDERUNG,FALSE,PRORATA_PAYROLL,80,,,0
204,2017,2024-01-01,644,TENDER: Smart Cities Marketplace 2.0,4025,Events 2025,TENDER,FALSE,PRORATA_PAYROLL,30.833333333333332,,,990.68
204,2017,2024-02-01,644,TENDER: Smart Cities Marketplace 2.0,4025,Events 2025,TENDER,FALSE,PRORATA_PAYROLL,12.25,,,435.02
204,2017,2024-03-01,644,TENDER: Smart Cities Marketplace 2.0,4025,Events 2025,TENDER,FALSE,PRORATA_PAYROLL,8,,,312.07
204,2017,2024-05-01,644,TENDER: Smart Cities Marketplace 2.0,4025,Events 2025,TENDER,FALSE,PRORATA_PAYROLL,39.458333333333336,,,1653.41
204,2017,2024-06-01,644,TENDER: Smart Cities Marketplace 2.0,4025,Events 2025,TENDER,FALSE,PRORATA_PAYROLL,37.333333333333336,,,1373.83
204,2017,2024-10-01,644,TENDER: Smart Cities Marketplace 2.0,4025,Events 2025,TENDER,FALSE,PRORATA_PAYROLL,37.5,,,1368.1
204,2017,2024-11-01,644,TENDER: Smart Cities Marketplace 2.0,4025,Events 2025,TENDER,FALSE,PRORATA_PAYROLL,39,,,1580.91
204,2017,2024-01-01,681,TENDER: Citizen Led 1,4483,Events 2024,TENDER,FALSE,PRORATA_PAYROLL,27.625,,,887.59
204,2017,2024-02-01,681,TENDER: Citizen Led 1,4483,Events 2024,TENDER,FALSE,PRORATA_PAYROLL,4,,,142.05
204,2017,2024-03-01,681,TENDER: Citizen Led 1,4483,Events 2024,TENDER,FALSE,PRORATA_PAYROLL,16.375,,,638.77
204,2017,2024-04-01,681,TENDER: Citizen Led 1,4483,Events 2024,TENDER,FALSE,PRORATA_PAYROLL,23.75,,,760.91
204,2017,2024-05-01,681,TENDER: Citizen Led 1,4483,Events 2024,TENDER,FALSE,PRORATA_PAYROLL,35.833333333333336,,,1501.52
204,2017,2024-06-01,681,TENDER: Citizen Led 1,4483,Events 2024,TENDER,FALSE,PRORATA_PAYROLL,48.833333333333336,,,1797.02
204,2017,2024-07-01,681,TENDER: Citizen Led 1,4483,Events 2024,TENDER,FALSE,PRORATA_PAYROLL,5,,,316.83
204,2017,2024-08-01,681,TENDER: Citizen Led 1,4483,Events 2024,TENDER,FALSE,PRORATA_PAYROLL,12,,,438.07
204,2017,2024-09-01,681,TENDER: Citizen Led 1,4483,Events 2024,TENDER,FALSE,PRORATA_PAYROLL,17.875,,,931.61
204,2017,2024-10-01,681,TENDER: Citizen Led 1,4483,Events 2024,TENDER,FALSE,PRORATA_PAYROLL,8.875,,,323.78
204,2017,2024-02-01,746,EVENT: EU-Forschungsförderung MWK 08.03.2024,4540,Umsetzung EVENT Forschungsförderung 8.3.24,EVENT,FALSE,PRORATA_PAYROLL,59.75,,,2121.85
204,2017,2024-03-01,746,EVENT: EU-Forschungsförderung MWK 08.03.2024,4540,Umsetzung EVENT Forschungsförderung 8.3.24,EVENT,FALSE,PRORATA_PAYROLL,38.25,,,1492.09
204,2017,2024-01-01,750,TENDER: Citizen Led 2,4548,WP Planung 2024,TENDER,FALSE,PRORATA_PAYROLL,70.45833333333333,,,2263.83
204,2017,2024-02-01,750,TENDER: Citizen Led 2,4548,WP Planung 2024,TENDER,FALSE,PRORATA_PAYROLL,76,,,2698.92
204,2017,2024-03-01,750,TENDER: Citizen Led 2,4548,WP Planung 2024,TENDER,FALSE,PRORATA_PAYROLL,40,,,1560.35
204,2017,2024-04-01,750,TENDER: Citizen Led 2,4548,WP Planung 2024,TENDER,FALSE,PRORATA_PAYROLL,121.75,,,3900.65
204,2017,2024-05-01,750,TENDER: Citizen Led 2,4548,WP Planung 2024,TENDER,FALSE,PRORATA_PAYROLL,54.958333333333336,,,2302.91
204,2017,2024-06-01,750,TENDER: Citizen Led 2,4548,WP Planung 2024,TENDER,FALSE,PRORATA_PAYROLL,68.58333333333333,,,2523.8
204,2017,2024-07-01,750,TENDER: Citizen Led 2,4548,WP Planung 2024,TENDER,FALSE,PRORATA_PAYROLL,48.5,,,3073.28
204,2017,2024-08-01,750,TENDER: Citizen Led 2,4548,WP Planung 2024,TENDER,FALSE,PRORATA_PAYROLL,87.75,,,3203.39
204,2017,2024-09-01,750,TENDER: Citizen Led 2,4548,WP Planung 2024,TENDER,FALSE,PRORATA_PAYROLL,49,,,2553.78
204,2017,2024-10-01,750,TENDER: Citizen Led 2,4548,WP Planung 2024,TENDER,FALSE,PRORATA_PAYROLL,71.25,,,2599.38
204,2017,2024-11-01,764,FUSILLI: ExCo 2024,4800,WP6,VERRECHNUNG INTERN,FALSE,PRORATA_PAYROLL,33,,,1337.69
206,2017,2025-01-01,738,INTERREG: BrAIn,4976,SO1 Enhancing the competitivness of SMEs (Jan - Jun 2025),INTERREG,FALSE,PRORATA_PAYROLL,8.666666666666666,,,419.14
206,2017,2025-02-01,738,INTERREG: BrAIn,4976,SO1 Enhancing the competitivness of SMEs (Jan - Jun 2025),INTERREG,FALSE,PRORATA_PAYROLL,6.666666666666667,,,355.61
206,2017,2025-03-01,738,INTERREG: BrAIn,4976,SO1 Enhancing the competitivness of SMEs (Jan - Jun 2025),INTERREG,FALSE,PRORATA_PAYROLL,7.85,,,325.41
206,2017,2025-04-01,738,INTERREG: BrAIn,4976,SO1 Enhancing the competitivness of SMEs (Jan - Jun 2025),INTERREG,FALSE,PRORATA_PAYROLL,8.666666666666666,,,449.08
206,2017,2025-05-01,738,INTERREG: BrAIn,4976,SO1 Enhancing the competitivness of SMEs (Jan - Jun 2025),INTERREG,FALSE,PRORATA_PAYROLL,10.333333333333334,,,522.99
206,2017,2025-06-01,738,INTERREG: BrAIn,4976,SO1 Enhancing the competitivness of SMEs (Jan - Jun 2025),INTERREG,FALSE,PRORATA_PAYROLL,2.933333333333333,,,145.09
206,2017,2024-01-01,745,EU-KONFORM: DTU/Impact 07.02.2024,4539,Umsetzung: DTU Impact (07.02.2024),EU-KONFORM,FALSE,PRORATA_PAYROLL,13.5,,,646.46
206,2017,2024-02-01,745,EU-KONFORM: DTU/Impact 07.02.2024,4539,Umsetzung: DTU Impact (07.02.2024),EU-KONFORM,FALSE,PRORATA_PAYROLL,6.05,,,247.2
213,2016,2024-01-01,603,SOPHIA (inkl. MwSt),3967,WP8 Comm/Diss,H2020,FALSE,PRORATA_PAYROLL,30.666666666666668,,,957.09
213,2016,2024-02-01,603,SOPHIA (inkl. MwSt),3967,WP8 Comm/Diss,H2020,FALSE,PRORATA_PAYROLL,75.25,,,2235.63
213,2016,2024-03-01,603,SOPHIA (inkl. MwSt),3967,WP8 Comm/Diss,H2020,FALSE,PRORATA_PAYROLL,34.416666666666664,,,1228.88
213,2016,2024-04-01,603,SOPHIA (inkl. MwSt),3967,WP8 Comm/Diss,H2020,FALSE,PRORATA_PAYROLL,10.125,,,339.17
213,2016,2024-05-01,603,SOPHIA (inkl. MwSt),3967,WP8 Comm/Diss,H2020,FALSE,PRORATA_PAYROLL,10.6875,,,360.11
213,2016,2024-06-01,603,SOPHIA (inkl. MwSt),3967,WP8 Comm/Diss,H2020,FALSE,PRORATA_PAYROLL,17.25,,,782.02
213,2016,2024-07-01,603,SOPHIA (inkl. MwSt),3967,WP8 Comm/Diss,H2020,FALSE,PRORATA_PAYROLL,10.916666666666666,,,531.1
213,2016,2024-08-01,603,SOPHIA (inkl. MwSt),3967,WP8 Comm/Diss,H2020,FALSE,PRORATA_PAYROLL,8.5,,,274.48
213,2016,2024-09-01,603,SOPHIA (inkl. MwSt),3967,WP8 Comm/Diss,H2020,FALSE,PRORATA_PAYROLL,7,,,260.05
213,2016,2024-11-01,603,SOPHIA (inkl. MwSt),3967,WP8 Comm/Diss,H2020,FALSE,PRORATA_PAYROLL,15,,,597.04
213,2016,2024-12-01,603,SOPHIA (inkl. MwSt),3967,WP8 Comm/Diss,H2020,FALSE,PRORATA_PAYROLL,11.458333333333334,,,904.83
213,2016,2025-01-01,603,SOPHIA (inkl. MwSt),3967,WP8 Comm/Diss,H2020,FALSE,PRORATA_PAYROLL,10.25,,,0
213,2016,2025-02-01,603,SOPHIA (inkl. MwSt),3967,WP8 Comm/Diss,H2020,FALSE,PRORATA_PAYROLL,9.291666666666666,,,0
213,2016,2025-03-01,603,SOPHIA (inkl. MwSt),3967,WP8 Comm/Diss,H2020,FALSE,PRORATA_PAYROLL,3,,,0
213,2016,2025-04-01,603,SOPHIA (inkl. MwSt),3967,WP8 Comm/Diss,H2020,FALSE,PRORATA_PAYROLL,16.5,,,0
213,2016,2025-05-01,603,SOPHIA (inkl. MwSt),3967,WP8 Comm/Diss,H2020,FALSE,PRORATA_PAYROLL,22.666666666666668,,,0
213,2016,2025-06-01,603,SOPHIA (inkl. MwSt),3967,WP8 Comm/Diss,H2020,FALSE,PRORATA_PAYROLL,30,,,0
213,2016,2025-07-01,603,SOPHIA (inkl. MwSt),3967,WP8 Comm/Diss,H2020,FALSE,PRORATA_PAYROLL,20.666666666666668,,,0
213,2016,2025-08-01,603,SOPHIA (inkl. MwSt),3967,WP8 Comm/Diss,H2020,FALSE,PRORATA_PAYROLL,5.166666666666667,,,0
213,2016,2024-01-01,603,SOPHIA (inkl. MwSt),3968,WP9 Project Management,H2020,FALSE,PRORATA_PAYROLL,84.04166666666667,,,2622.89
213,2016,2024-02-01,603,SOPHIA (inkl. MwSt),3968,WP9 Project Management,H2020,FALSE,PRORATA_PAYROLL,45.25,,,1344.35
213,2016,2024-03-01,603,SOPHIA (inkl. MwSt),3968,WP9 Project Management,H2020,FALSE,PRORATA_PAYROLL,6.583333333333333,,,235.07
213,2016,2024-04-01,603,SOPHIA (inkl. MwSt),3968,WP9 Project Management,H2020,FALSE,PRORATA_PAYROLL,26.208333333333332,,,877.94
213,2016,2024-05-01,603,SOPHIA (inkl. MwSt),3968,WP9 Project Management,H2020,FALSE,PRORATA_PAYROLL,26.5,,,892.92
213,2016,2024-06-01,603,SOPHIA (inkl. MwSt),3968,WP9 Project Management,H2020,FALSE,PRORATA_PAYROLL,14.25,,,646.01
213,2016,2024-07-01,603,SOPHIA (inkl. MwSt),3968,WP9 Project Management,H2020,FALSE,PRORATA_PAYROLL,15.25,,,741.93
213,2016,2024-08-01,603,SOPHIA (inkl. MwSt),3968,WP9 Project Management,H2020,FALSE,PRORATA_PAYROLL,34.666666666666664,,,1119.43
213,2016,2024-09-01,603,SOPHIA (inkl. MwSt),3968,WP9 Project Management,H2020,FALSE,PRORATA_PAYROLL,30.5,,,1133.05
213,2016,2024-10-01,603,SOPHIA (inkl. MwSt),3968,WP9 Project Management,H2020,FALSE,PRORATA_PAYROLL,46,,,1393.1
213,2016,2024-11-01,603,SOPHIA (inkl. MwSt),3968,WP9 Project Management,H2020,FALSE,PRORATA_PAYROLL,20,,,796.06
213,2016,2024-12-01,603,SOPHIA (inkl. MwSt),3968,WP9 Project Management,H2020,FALSE,PRORATA_PAYROLL,18.5,,,1460.9
213,2016,2025-01-01,603,SOPHIA (inkl. MwSt),3968,WP9 Project Management,H2020,FALSE,PRORATA_PAYROLL,27,,,0
213,2016,2025-02-01,603,SOPHIA (inkl. MwSt),3968,WP9 Project Management,H2020,FALSE,PRORATA_PAYROLL,27.875,,,0
213,2016,2025-03-01,603,SOPHIA (inkl. MwSt),3968,WP9 Project Management,H2020,FALSE,PRORATA_PAYROLL,28.5,,,0
213,2016,2025-04-01,603,SOPHIA (inkl. MwSt),3968,WP9 Project Management,H2020,FALSE,PRORATA_PAYROLL,21,,,0
213,2016,2025-05-01,603,SOPHIA (inkl. MwSt),3968,WP9 Project Management,H2020,FALSE,PRORATA_PAYROLL,10.583333333333334,,,0
213,2016,2025-06-01,603,SOPHIA (inkl. MwSt),3968,WP9 Project Management,H2020,FALSE,PRORATA_PAYROLL,5,,,0
213,2016,2025-07-01,603,SOPHIA (inkl. MwSt),3968,WP9 Project Management,H2020,FALSE,PRORATA_PAYROLL,22,,,0
213,2016,2025-08-01,603,SOPHIA (inkl. MwSt),3968,WP9 Project Management,H2020,FALSE,PRORATA_PAYROLL,16.5,,,0
220,2016,2024-01-01,557,METABUILDING LABS (mit MwSt),3584,"WP10 Communication, Dissemination and Training - WP leader SEZ",H2020,FALSE,PRORATA_PAYROLL,64.125,,,2529.38
220,2016,2024-02-01,557,METABUILDING LABS (mit MwSt),3584,"WP10 Communication, Dissemination and Training - WP leader SEZ",H2020,FALSE,PRORATA_PAYROLL,54.75,,,2286.62
220,2016,2024-02-01,573,Enterprise Europe Network 2022 - 2024: Expert Contract,3957,EEN Expert 2024,VERRECHNUNG INTERN,FALSE,PRORATA_PAYROLL,9.25,,,386.32
220,2017,2024-05-01,773,EU-KONFORM: HORIZON-JU-CBE-2024-IA-06-IGB-Upfront payment,4670,Umsetzung,EU-KONFORM,FALSE,PRORATA_PAYROLL,8.75,,,477.88
220,2017,2024-09-01,793,EU-KONFORM: BioLINKAGE Upfront,4760,Umsetzung Biolinkage Antragstellung,EU-KONFORM,FALSE,PRORATA_PAYROLL,8,,,978.85
220,2016,2024-01-01,821,ExCo: SUCCESS FEE BioFibreLoop,4934,SIG Success Fee BioFibreLoop,VERRECHNUNG INTERN,FALSE,PRORATA_PAYROLL,88.875,,,3505.63
220,2016,2024-02-01,821,ExCo: SUCCESS FEE BioFibreLoop,4934,SIG Success Fee BioFibreLoop,VERRECHNUNG INTERN,FALSE,PRORATA_PAYROLL,80.5,,,3362.06
224,2016,2024-01-01,533,LEVIS (ohne Vorsteuerabzug),3642,WP7 Dissemination & Exploitation,H2020,FALSE,PRORATA_PAYROLL,34,,,1169.71
224,2016,2024-02-01,533,LEVIS (ohne Vorsteuerabzug),3642,WP7 Dissemination & Exploitation,H2020,FALSE,PRORATA_PAYROLL,38.625,,,1047.66
224,2016,2024-03-01,533,LEVIS (ohne Vorsteuerabzug),3642,WP7 Dissemination & Exploitation,H2020,FALSE,PRORATA_PAYROLL,39.625,,,1380.52
224,2016,2024-04-01,533,LEVIS (ohne Vorsteuerabzug),3642,WP7 Dissemination & Exploitation,H2020,FALSE,PRORATA_PAYROLL,38.0625,,,1139.52
224,2016,2024-05-01,533,LEVIS (ohne Vorsteuerabzug),3642,WP7 Dissemination & Exploitation,H2020,FALSE,PRORATA_PAYROLL,36.875,,,1417.11
224,2016,2024-06-01,533,LEVIS (ohne Vorsteuerabzug),3642,WP7 Dissemination & Exploitation,H2020,FALSE,PRORATA_PAYROLL,45.875,,,1513.83
224,2016,2024-02-01,533,LEVIS (ohne Vorsteuerabzug),3645,WP8 Project Coordination & Management,H2020,FALSE,PRORATA_PAYROLL,6,,,162.74
224,2016,2024-05-01,533,LEVIS (ohne Vorsteuerabzug),3645,WP8 Project Coordination & Management,H2020,FALSE,PRORATA_PAYROLL,8,,,307.44
224,2016,2024-01-01,571,FlashPhos (mit MwSt),4576,WP9 Exploitation 2024,H2020,FALSE,PRORATA_PAYROLL,34,,,1169.71
224,2016,2024-02-01,571,FlashPhos (mit MwSt),4576,WP9 Exploitation 2024,H2020,FALSE,PRORATA_PAYROLL,44.625,,,1210.4
224,2016,2024-03-01,571,FlashPhos (mit MwSt),4576,WP9 Exploitation 2024,H2020,FALSE,PRORATA_PAYROLL,39.625,,,1380.52
224,2016,2024-04-01,571,FlashPhos (mit MwSt),4576,WP9 Exploitation 2024,H2020,FALSE,PRORATA_PAYROLL,45.395833333333336,,,1359.07
224,2016,2024-01-01,571,FlashPhos (mit MwSt),4577,WP10 Communication 2024,H2020,FALSE,PRORATA_PAYROLL,34,,,1169.71
224,2016,2024-02-01,571,FlashPhos (mit MwSt),4577,WP10 Communication 2024,H2020,FALSE,PRORATA_PAYROLL,44.625,,,1210.4
224,2016,2024-03-01,571,FlashPhos (mit MwSt),4577,WP10 Communication 2024,H2020,FALSE,PRORATA_PAYROLL,39.625,,,1380.52
224,2016,2024-04-01,571,FlashPhos (mit MwSt),4577,WP10 Communication 2024,H2020,FALSE,PRORATA_PAYROLL,45.395833333333336,,,1359.07
224,2017,2024-07-01,743,EU-KONFORM: TNO (2 Stage) CircBio,4536,Umsetzung 1st Stage,EU-KONFORM,FALSE,PRORATA_PAYROLL,26.041666666666668,,,580.26
224,2017,2024-08-01,743,EU-KONFORM: TNO (2 Stage) CircBio,4536,Umsetzung 1st Stage,EU-KONFORM,FALSE,PRORATA_PAYROLL,62.833333333333336,,,1563.95
224,2017,2024-09-01,743,EU-KONFORM: TNO (2 Stage) CircBio,4536,Umsetzung 1st Stage,EU-KONFORM,FALSE,PRORATA_PAYROLL,29.833333333333332,,,1039.08
224,2017,2024-07-01,773,EU-KONFORM: HORIZON-JU-CBE-2024-IA-06-IGB-Upfront payment,4670,Umsetzung,EU-KONFORM,FALSE,PRORATA_PAYROLL,34.166666666666664,,,761.3
224,2017,2024-07-01,782,EU-KONFORM: HORIZON-JU-CBE-2024-RIA-01 (wood) - RISE - upfront payment,4742,Umsetzung HORIZON-JU-CBE-2024-RIA-01 (wood) - RISE - upfront payment,EU-KONFORM,FALSE,PRORATA_PAYROLL,10,,,222.82
224,2017,2024-08-01,782,EU-KONFORM: HORIZON-JU-CBE-2024-RIA-01 (wood) - RISE - upfront payment,4742,Umsetzung HORIZON-JU-CBE-2024-RIA-01 (wood) - RISE - upfront payment,EU-KONFORM,FALSE,PRORATA_PAYROLL,62.833333333333336,,,1563.95
224,2017,2024-09-01,782,EU-KONFORM: HORIZON-JU-CBE-2024-RIA-01 (wood) - RISE - upfront payment,4742,Umsetzung HORIZON-JU-CBE-2024-RIA-01 (wood) - RISE - upfront payment,EU-KONFORM,FALSE,PRORATA_PAYROLL,26.5,,,922.98
224,2017,2024-08-01,785,EU-KONFORM: HORIZON-JU-CBE-2024-RIA-02,4747,HORIZON-JU-CBE-2024-RIA-02 Umsetzung,EU-KONFORM,FALSE,PRORATA_PAYROLL,23.166666666666668,,,576.63
224,2017,2024-09-01,785,EU-KONFORM: HORIZON-JU-CBE-2024-RIA-02,4747,HORIZON-JU-CBE-2024-RIA-02 Umsetzung,EU-KONFORM,FALSE,PRORATA_PAYROLL,39.833333333333336,,,1387.38
224,2017,2024-09-01,792,EU-KONFORM: DECIRE-WATER Stufe 2 KIT,4765,Antrag 2. Stufe DECIRE-WATER,EU-KONFORM,FALSE,PRORATA_PAYROLL,29.833333333333332,,,1039.08
224,2017,2024-09-01,793,EU-KONFORM: BioLINKAGE Upfront,4760,Umsetzung Biolinkage Antragstellung,EU-KONFORM,FALSE,PRORATA_PAYROLL,10.25,,,357
224,2017,2024-12-01,793,EU-KONFORM: BioLINKAGE Upfront,4760,Umsetzung Biolinkage Antragstellung,EU-KONFORM,FALSE,PRORATA_PAYROLL,39.5,,,2531.89
224,2017,2025-01-01,816,EU-KONFORM: RHYNEUP-emobilBW-One-stage-FixedFee-HORIZON-JU-CLEANH2-2025-06-01,4873,1.2 Kick-off Meeting,EU-KONFORM,FALSE,PRORATA_PAYROLL,7.666666666666667,,,1076.36
224,2017,2025-02-01,816,EU-KONFORM: RHYNEUP-emobilBW-One-stage-FixedFee-HORIZON-JU-CLEANH2-2025-06-01,4873,1.2 Kick-off Meeting,EU-KONFORM,FALSE,PRORATA_PAYROLL,19.166666666666668,,,643
224,2017,2025-01-01,816,EU-KONFORM: RHYNEUP-emobilBW-One-stage-FixedFee-HORIZON-JU-CLEANH2-2025-06-01,4874,1.1 8 regionale Workshops,EU-KONFORM,FALSE,PRORATA_PAYROLL,3.1666666666666665,,,444.58
224,2017,2025-02-01,816,EU-KONFORM: RHYNEUP-emobilBW-One-stage-FixedFee-HORIZON-JU-CLEANH2-2025-06-01,4874,1.1 8 regionale Workshops,EU-KONFORM,FALSE,PRORATA_PAYROLL,23.651190476190475,,,793.44
224,2017,2025-01-01,816,EU-KONFORM: RHYNEUP-emobilBW-One-stage-FixedFee-HORIZON-JU-CLEANH2-2025-06-01,4877,1.5 Onboarding aller 40 Partner,EU-KONFORM,FALSE,PRORATA_PAYROLL,7.666666666666667,,,1076.36
224,2017,2025-02-01,816,EU-KONFORM: RHYNEUP-emobilBW-One-stage-FixedFee-HORIZON-JU-CLEANH2-2025-06-01,4877,1.5 Onboarding aller 40 Partner,EU-KONFORM,FALSE,PRORATA_PAYROLL,28.401190476190475,,,952.79
224,2017,2025-03-01,816,EU-KONFORM: RHYNEUP-emobilBW-One-stage-FixedFee-HORIZON-JU-CLEANH2-2025-06-01,4877,1.5 Onboarding aller 40 Partner,EU-KONFORM,FALSE,PRORATA_PAYROLL,16.388690476190476,,,492.56
224,2017,2025-01-01,816,EU-KONFORM: RHYNEUP-emobilBW-One-stage-FixedFee-HORIZON-JU-CLEANH2-2025-06-01,4878,1.6 Anpassung des Projektkonzepts,EU-KONFORM,FALSE,PRORATA_PAYROLL,3.1666666666666665,,,444.58
224,2017,2025-02-01,816,EU-KONFORM: RHYNEUP-emobilBW-One-stage-FixedFee-HORIZON-JU-CLEANH2-2025-06-01,4878,1.6 Anpassung des Projektkonzepts,EU-KONFORM,FALSE,PRORATA_PAYROLL,3.7095238095238092,,,124.45
224,2017,2025-01-01,816,EU-KONFORM: RHYNEUP-emobilBW-One-stage-FixedFee-HORIZON-JU-CLEANH2-2025-06-01,4879,1.7 Bilaterale Meetings mit Koordinationsteam,EU-KONFORM,FALSE,PRORATA_PAYROLL,13.166666666666666,,,1848.53
224,2017,2025-02-01,816,EU-KONFORM: RHYNEUP-emobilBW-One-stage-FixedFee-HORIZON-JU-CLEANH2-2025-06-01,4879,1.7 Bilaterale Meetings mit Koordinationsteam,EU-KONFORM,FALSE,PRORATA_PAYROLL,40.19285714285714,,,1348.37
224,2017,2025-03-01,816,EU-KONFORM: RHYNEUP-emobilBW-One-stage-FixedFee-HORIZON-JU-CLEANH2-2025-06-01,4879,1.7 Bilaterale Meetings mit Koordinationsteam,EU-KONFORM,FALSE,PRORATA_PAYROLL,21.859523809523807,,,656.99
224,2017,2025-04-01,816,EU-KONFORM: RHYNEUP-emobilBW-One-stage-FixedFee-HORIZON-JU-CLEANH2-2025-06-01,4879,1.7 Bilaterale Meetings mit Koordinationsteam,EU-KONFORM,FALSE,PRORATA_PAYROLL,19.433333333333334,,,726.89
224,2017,2025-02-01,816,EU-KONFORM: RHYNEUP-emobilBW-One-stage-FixedFee-HORIZON-JU-CLEANH2-2025-06-01,4884,2.3 (Excellence) Methodology,EU-KONFORM,FALSE,PRORATA_PAYROLL,1.0833333333333333,,,36.34
224,2017,2025-03-01,816,EU-KONFORM: RHYNEUP-emobilBW-One-stage-FixedFee-HORIZON-JU-CLEANH2-2025-06-01,4884,2.3 (Excellence) Methodology,EU-KONFORM,FALSE,PRORATA_PAYROLL,17.017857142857142,,,511.47
224,2017,2025-04-01,816,EU-KONFORM: RHYNEUP-emobilBW-One-stage-FixedFee-HORIZON-JU-CLEANH2-2025-06-01,4884,2.3 (Excellence) Methodology,EU-KONFORM,FALSE,PRORATA_PAYROLL,5.266666666666667,,,197
224,2017,2025-02-01,816,EU-KONFORM: RHYNEUP-emobilBW-One-stage-FixedFee-HORIZON-JU-CLEANH2-2025-06-01,4886,2.5 (Impact) Measures to maximise impact,EU-KONFORM,FALSE,PRORATA_PAYROLL,2.2261904761904763,,,74.68
224,2017,2025-03-01,816,EU-KONFORM: RHYNEUP-emobilBW-One-stage-FixedFee-HORIZON-JU-CLEANH2-2025-06-01,4886,2.5 (Impact) Measures to maximise impact,EU-KONFORM,FALSE,PRORATA_PAYROLL,8.054166666666667,,,242.07
224,2017,2025-04-01,816,EU-KONFORM: RHYNEUP-emobilBW-One-stage-FixedFee-HORIZON-JU-CLEANH2-2025-06-01,4886,2.5 (Impact) Measures to maximise impact,EU-KONFORM,FALSE,PRORATA_PAYROLL,22.1,,,826.64
224,2017,2025-02-01,816,EU-KONFORM: RHYNEUP-emobilBW-One-stage-FixedFee-HORIZON-JU-CLEANH2-2025-06-01,4888,2.7 (Quality) Work plan and resources,EU-KONFORM,FALSE,PRORATA_PAYROLL,2.25,,,75.48
224,2017,2025-03-01,816,EU-KONFORM: RHYNEUP-emobilBW-One-stage-FixedFee-HORIZON-JU-CLEANH2-2025-06-01,4888,2.7 (Quality) Work plan and resources,EU-KONFORM,FALSE,PRORATA_PAYROLL,8.788690476190476,,,264.15
224,2017,2025-04-01,816,EU-KONFORM: RHYNEUP-emobilBW-One-stage-FixedFee-HORIZON-JU-CLEANH2-2025-06-01,4888,2.7 (Quality) Work plan and resources,EU-KONFORM,FALSE,PRORATA_PAYROLL,10.333333333333334,,,386.51
224,2017,2025-03-01,816,EU-KONFORM: RHYNEUP-emobilBW-One-stage-FixedFee-HORIZON-JU-CLEANH2-2025-06-01,4889,2.8 (Quality) Capacity of participants,EU-KONFORM,FALSE,PRORATA_PAYROLL,9.470833333333333,,,284.65
224,2017,2025-04-01,816,EU-KONFORM: RHYNEUP-emobilBW-One-stage-FixedFee-HORIZON-JU-CLEANH2-2025-06-01,4889,2.8 (Quality) Capacity of participants,EU-KONFORM,FALSE,PRORATA_PAYROLL,13.766666666666667,,,514.93
224,2017,2025-02-01,816,EU-KONFORM: RHYNEUP-emobilBW-One-stage-FixedFee-HORIZON-JU-CLEANH2-2025-06-01,4890,2.9 Zusätzliche Anhänge - LOIs,EU-KONFORM,FALSE,PRORATA_PAYROLL,12.792857142857144,,,429.17
224,2017,2025-03-01,816,EU-KONFORM: RHYNEUP-emobilBW-One-stage-FixedFee-HORIZON-JU-CLEANH2-2025-06-01,4890,2.9 Zusätzliche Anhänge - LOIs,EU-KONFORM,FALSE,PRORATA_PAYROLL,28.476190476190474,,,855.86
224,2017,2025-01-01,816,EU-KONFORM: RHYNEUP-emobilBW-One-stage-FixedFee-HORIZON-JU-CLEANH2-2025-06-01,4892,2.9.1 Visualisierung und Formatierung,EU-KONFORM,FALSE,PRORATA_PAYROLL,1.6666666666666667,,,233.99
224,2017,2025-03-01,816,EU-KONFORM: RHYNEUP-emobilBW-One-stage-FixedFee-HORIZON-JU-CLEANH2-2025-06-01,4892,2.9.1 Visualisierung und Formatierung,EU-KONFORM,FALSE,PRORATA_PAYROLL,3,,,90.17
224,2017,2025-04-01,816,EU-KONFORM: RHYNEUP-emobilBW-One-stage-FixedFee-HORIZON-JU-CLEANH2-2025-06-01,4892,2.9.1 Visualisierung und Formatierung,EU-KONFORM,FALSE,PRORATA_PAYROLL,2,,,74.81
224,2017,2025-03-01,816,EU-KONFORM: RHYNEUP-emobilBW-One-stage-FixedFee-HORIZON-JU-CLEANH2-2025-06-01,4896,3.2 Erstellung des Projektbudgets,EU-KONFORM,FALSE,PRORATA_PAYROLL,44.00119047619047,,,1322.46
224,2017,2025-04-01,816,EU-KONFORM: RHYNEUP-emobilBW-One-stage-FixedFee-HORIZON-JU-CLEANH2-2025-06-01,4896,3.2 Erstellung des Projektbudgets,EU-KONFORM,FALSE,PRORATA_PAYROLL,54.766666666666666,,,2048.51
224,2017,2025-02-01,816,EU-KONFORM: RHYNEUP-emobilBW-One-stage-FixedFee-HORIZON-JU-CLEANH2-2025-06-01,4897,3.3 Administrative Formulare –Part A im Participant Portal,EU-KONFORM,FALSE,PRORATA_PAYROLL,19.276190476190475,,,646.67
224,2017,2025-03-01,816,EU-KONFORM: RHYNEUP-emobilBW-One-stage-FixedFee-HORIZON-JU-CLEANH2-2025-06-01,4897,3.3 Administrative Formulare –Part A im Participant Portal,EU-KONFORM,FALSE,PRORATA_PAYROLL,13.442857142857143,,,404.03
224,2017,2025-04-01,816,EU-KONFORM: RHYNEUP-emobilBW-One-stage-FixedFee-HORIZON-JU-CLEANH2-2025-06-01,4897,3.3 Administrative Formulare –Part A im Participant Portal,EU-KONFORM,FALSE,PRORATA_PAYROLL,9.333333333333334,,,349.11
224,2016,2024-01-01,821,ExCo: SUCCESS FEE BioFibreLoop,4934,SIG Success Fee BioFibreLoop,VERRECHNUNG INTERN,FALSE,PRORATA_PAYROLL,34,,,1169.71
224,2016,2024-02-01,821,ExCo: SUCCESS FEE BioFibreLoop,4934,SIG Success Fee BioFibreLoop,VERRECHNUNG INTERN,FALSE,PRORATA_PAYROLL,38.625,,,1047.66
224,2016,2024-03-01,821,ExCo: SUCCESS FEE BioFibreLoop,4934,SIG Success Fee BioFibreLoop,VERRECHNUNG INTERN,FALSE,PRORATA_PAYROLL,39.625,,,1380.52
224,2016,2024-04-01,821,ExCo: SUCCESS FEE BioFibreLoop,4934,SIG Success Fee BioFibreLoop,VERRECHNUNG INTERN,FALSE,PRORATA_PAYROLL,22.645833333333332,,,677.97
224,2016,2024-05-01,821,ExCo: SUCCESS FEE BioFibreLoop,4934,SIG Success Fee BioFibreLoop,VERRECHNUNG INTERN,FALSE,PRORATA_PAYROLL,76.875,,,2954.3
224,2016,2024-06-01,821,ExCo: SUCCESS FEE BioFibreLoop,4934,SIG Success Fee BioFibreLoop,VERRECHNUNG INTERN,FALSE,PRORATA_PAYROLL,117.125,,,3865.02
224,2017,2025-07-01,837,EU-KONFORM-FullFlight-HOLISTIC-UpfrontFee-HORIZON-HLTH-2025-01-DISEASE-06,5050,EU-KONFORM-FullFlight-HOLISTIC-UpfrontFee-HORIZON-HLTH-2025-01-DISEASE-06 (#720954),EU-KONFORM,FALSE,PRORATA_PAYROLL,60.25,,,1851.54
224,2017,2025-08-01,837,EU-KONFORM-FullFlight-HOLISTIC-UpfrontFee-HORIZON-HLTH-2025-01-DISEASE-06,5050,EU-KONFORM-FullFlight-HOLISTIC-UpfrontFee-HORIZON-HLTH-2025-01-DISEASE-06 (#720954),EU-KONFORM,FALSE,PRORATA_PAYROLL,23.833333333333332,,,642.8
224,2017,2025-07-01,840,Full-Flight-ALADIN-DITF-One-stage-UpfrontFee-HORIZON-CL4-INDUSTRY-2025-01-MATERIALS-31,5078,P3.1-2 Admin- General and participants,EU-KONFORM,FALSE,PRORATA_PAYROLL,15.333333333333334,,,471.21
224,2017,2025-08-01,840,Full-Flight-ALADIN-DITF-One-stage-UpfrontFee-HORIZON-CL4-INDUSTRY-2025-01-MATERIALS-31,5078,P3.1-2 Admin- General and participants,EU-KONFORM,FALSE,PRORATA_PAYROLL,17.5,,,471.98
224,2017,2025-08-01,840,Full-Flight-ALADIN-DITF-One-stage-UpfrontFee-HORIZON-CL4-INDUSTRY-2025-01-MATERIALS-31,5079,P3.3 Admin- Budget,EU-KONFORM,FALSE,PRORATA_PAYROLL,22.666666666666668,,,611.33
224,2017,2025-07-01,840,Full-Flight-ALADIN-DITF-One-stage-UpfrontFee-HORIZON-CL4-INDUSTRY-2025-01-MATERIALS-31,5080,P3.4 Admin-Others,EU-KONFORM,FALSE,PRORATA_PAYROLL,3.3333333333333335,,,102.44
224,2017,2025-07-01,840,Full-Flight-ALADIN-DITF-One-stage-UpfrontFee-HORIZON-CL4-INDUSTRY-2025-01-MATERIALS-31,5082,P4.2 Impact,EU-KONFORM,FALSE,PRORATA_PAYROLL,7.333333333333333,,,225.36
224,2017,2025-08-01,840,Full-Flight-ALADIN-DITF-One-stage-UpfrontFee-HORIZON-CL4-INDUSTRY-2025-01-MATERIALS-31,5082,P4.2 Impact,EU-KONFORM,FALSE,PRORATA_PAYROLL,5,,,134.85
224,2017,2025-08-01,840,Full-Flight-ALADIN-DITF-One-stage-UpfrontFee-HORIZON-CL4-INDUSTRY-2025-01-MATERIALS-31,5083,P4.3 Implementation,EU-KONFORM,FALSE,PRORATA_PAYROLL,4.5,,,121.37
224,2017,2025-06-01,840,Full-Flight-ALADIN-DITF-One-stage-UpfrontFee-HORIZON-CL4-INDUSTRY-2025-01-MATERIALS-31,5087,Project meetings,EU-KONFORM,FALSE,PRORATA_PAYROLL,14,,,3775.87
224,2017,2025-07-01,840,Full-Flight-ALADIN-DITF-One-stage-UpfrontFee-HORIZON-CL4-INDUSTRY-2025-01-MATERIALS-31,5087,Project meetings,EU-KONFORM,FALSE,PRORATA_PAYROLL,2.8333333333333335,,,87.07
224,2017,2025-08-01,840,Full-Flight-ALADIN-DITF-One-stage-UpfrontFee-HORIZON-CL4-INDUSTRY-2025-01-MATERIALS-31,5087,Project meetings,EU-KONFORM,FALSE,PRORATA_PAYROLL,3,,,80.91
224,2017,2025-06-01,841,Full-Flight-REBEL-TU-Clausthal-One-stage-UpfrontFee-HORIZON-CL5-2025-02-D2-03,5091,Project meetings,EU-KONFORM,FALSE,PRORATA_PAYROLL,5,,,1348.53
224,2017,2025-07-01,841,Full-Flight-REBEL-TU-Clausthal-One-stage-UpfrontFee-HORIZON-CL5-2025-02-D2-03,5091,Project meetings,EU-KONFORM,FALSE,PRORATA_PAYROLL,18,,,553.16
224,2017,2025-08-01,841,Full-Flight-REBEL-TU-Clausthal-One-stage-UpfrontFee-HORIZON-CL5-2025-02-D2-03,5091,Project meetings,EU-KONFORM,FALSE,PRORATA_PAYROLL,6.833333333333333,,,184.3
224,2017,2025-08-01,841,Full-Flight-REBEL-TU-Clausthal-One-stage-UpfrontFee-HORIZON-CL5-2025-02-D2-03,5094,P3.1-2 Admin- General and participants,EU-KONFORM,FALSE,PRORATA_PAYROLL,2.5,,,67.43
224,2017,2025-08-01,841,Full-Flight-REBEL-TU-Clausthal-One-stage-UpfrontFee-HORIZON-CL5-2025-02-D2-03,5095,P3.3 Admin- Budget,EU-KONFORM,FALSE,PRORATA_PAYROLL,2.5,,,67.43
224,2017,2025-07-01,841,Full-Flight-REBEL-TU-Clausthal-One-stage-UpfrontFee-HORIZON-CL5-2025-02-D2-03,5096,P3.4 Admin-Others,EU-KONFORM,FALSE,PRORATA_PAYROLL,1.3333333333333333,,,40.97
224,2017,2025-08-01,841,Full-Flight-REBEL-TU-Clausthal-One-stage-UpfrontFee-HORIZON-CL5-2025-02-D2-03,5096,P3.4 Admin-Others,EU-KONFORM,FALSE,PRORATA_PAYROLL,9.5,,,256.22
224,2017,2025-07-01,841,Full-Flight-REBEL-TU-Clausthal-One-stage-UpfrontFee-HORIZON-CL5-2025-02-D2-03,5097,P4.1 Excellence,EU-KONFORM,FALSE,PRORATA_PAYROLL,11.5,,,353.41
224,2017,2025-08-01,841,Full-Flight-REBEL-TU-Clausthal-One-stage-UpfrontFee-HORIZON-CL5-2025-02-D2-03,5097,P4.1 Excellence,EU-KONFORM,FALSE,PRORATA_PAYROLL,8.333333333333334,,,224.75
224,2017,2025-07-01,841,Full-Flight-REBEL-TU-Clausthal-One-stage-UpfrontFee-HORIZON-CL5-2025-02-D2-03,5098,P4.2 Impact,EU-KONFORM,FALSE,PRORATA_PAYROLL,27.166666666666668,,,834.86
224,2017,2025-08-01,841,Full-Flight-REBEL-TU-Clausthal-One-stage-UpfrontFee-HORIZON-CL5-2025-02-D2-03,5098,P4.2 Impact,EU-KONFORM,FALSE,PRORATA_PAYROLL,59.5,,,1604.75
224,2017,2025-07-01,841,Full-Flight-REBEL-TU-Clausthal-One-stage-UpfrontFee-HORIZON-CL5-2025-02-D2-03,5099,P4.3 Implementation,EU-KONFORM,FALSE,PRORATA_PAYROLL,8.333333333333334,,,256.09
224,2017,2025-08-01,841,Full-Flight-REBEL-TU-Clausthal-One-stage-UpfrontFee-HORIZON-CL5-2025-02-D2-03,5099,P4.3 Implementation,EU-KONFORM,FALSE,PRORATA_PAYROLL,19,,,512.44
224,2017,2025-07-01,842,Full-Flight-LICUREE-TU-BAF-One-stage-UpfrontFee-HORIZON-CL4-2025-INDUSTRY-MATERIALS-01-62,5069,P4.2 Impact,EU-KONFORM,FALSE,PRORATA_PAYROLL,1.3333333333333333,,,40.97
224,2017,2025-07-01,842,Full-Flight-LICUREE-TU-BAF-One-stage-UpfrontFee-HORIZON-CL4-2025-INDUSTRY-MATERIALS-01-62,5075,Project meetings,EU-KONFORM,FALSE,PRORATA_PAYROLL,8,,,245.85
224,2017,2025-07-01,843,Full-Flight-THALAMUS-UVIGO-One-stage-UpfrontFee-HORIZON-CL4-2025-04-DATA-02,5106,P3.4 Admin-Others,EU-KONFORM,FALSE,PRORATA_PAYROLL,2,,,61.46
224,2017,2025-08-01,843,Full-Flight-THALAMUS-UVIGO-One-stage-UpfrontFee-HORIZON-CL4-2025-04-DATA-02,5106,P3.4 Admin-Others,EU-KONFORM,FALSE,PRORATA_PAYROLL,5.333333333333333,,,143.84
225,2016,2024-01-01,558,AEDIB|NET (mit MwSt),3587,WP1 Project Management,H2020,FALSE,PRORATA_PAYROLL,8,,,269.88
225,2016,2024-02-01,558,AEDIB|NET (mit MwSt),3587,WP1 Project Management,H2020,FALSE,PRORATA_PAYROLL,8,,,674.71
225,2016,2024-04-01,558,AEDIB|NET (mit MwSt),3587,WP1 Project Management,H2020,FALSE,PRORATA_PAYROLL,4,,,157.53
225,2016,2024-01-01,558,AEDIB|NET (mit MwSt),3588,WP4 Creating 3 African DIHs,H2020,FALSE,PRORATA_PAYROLL,4,,,134.94
225,2016,2024-02-01,558,AEDIB|NET (mit MwSt),3588,WP4 Creating 3 African DIHs,H2020,FALSE,PRORATA_PAYROLL,12,,,1012.07
225,2016,2024-03-01,558,AEDIB|NET (mit MwSt),3588,WP4 Creating 3 African DIHs,H2020,FALSE,PRORATA_PAYROLL,19,,,660.94
225,2016,2024-04-01,558,AEDIB|NET (mit MwSt),3588,WP4 Creating 3 African DIHs,H2020,FALSE,PRORATA_PAYROLL,16,,,630.13
225,2016,2024-01-01,558,AEDIB|NET (mit MwSt),3590,WP6 Dissemination and sustainability,H2020,FALSE,PRORATA_PAYROLL,6.666666666666667,,,224.9
225,2016,2024-02-01,558,AEDIB|NET (mit MwSt),3590,WP6 Dissemination and sustainability,H2020,FALSE,PRORATA_PAYROLL,14.666666666666666,,,1236.97
225,2016,2024-03-01,558,AEDIB|NET (mit MwSt),3590,WP6 Dissemination and sustainability,H2020,FALSE,PRORATA_PAYROLL,52.666666666666664,,,1832.07
225,2016,2024-04-01,558,AEDIB|NET (mit MwSt),3590,WP6 Dissemination and sustainability,H2020,FALSE,PRORATA_PAYROLL,45,,,1772.23
225,2017,2024-07-01,677,WM KMU Unterstützung 2023-2024,4149,WM-KMU 2024,REGIONALE FÖRDERUNG,FALSE,PRORATA_PAYROLL,52,,,2563.77
225,2017,2024-08-01,677,WM KMU Unterstützung 2023-2024,4149,WM-KMU 2024,REGIONALE FÖRDERUNG,FALSE,PRORATA_PAYROLL,132,,,4441.75
225,2017,2024-09-01,677,WM KMU Unterstützung 2023-2024,4149,WM-KMU 2024,REGIONALE FÖRDERUNG,FALSE,PRORATA_PAYROLL,88,,,5011.2
225,2017,2024-10-01,677,WM KMU Unterstützung 2023-2024,4149,WM-KMU 2024,REGIONALE FÖRDERUNG,FALSE,PRORATA_PAYROLL,163,,,5027.81
225,2017,2024-11-01,677,WM KMU Unterstützung 2023-2024,4149,WM-KMU 2024,REGIONALE FÖRDERUNG,FALSE,PRORATA_PAYROLL,144,,,5922.33
225,2017,2024-12-01,677,WM KMU Unterstützung 2023-2024,4149,WM-KMU 2024,REGIONALE FÖRDERUNG,FALSE,PRORATA_PAYROLL,104,,,7917.87
225,2017,2024-05-01,762,EU-KONFORM: MRN Reg Wasserstoff,4639,WP Umsetzung MRN Reg Wasserstoff,EU-KONFORM,FALSE,PRORATA_PAYROLL,16,,,748.34
225,2017,2024-07-01,762,EU-KONFORM: MRN Reg Wasserstoff,4639,WP Umsetzung MRN Reg Wasserstoff,EU-KONFORM,FALSE,PRORATA_PAYROLL,4,,,197.21
225,2017,2024-07-01,779,TRAINING: WOIS Innovationsmanagement,4727,WOIS InnoMgt Training,TRAINING,FALSE,PRORATA_PAYROLL,14,,,690.25
225,2017,2024-08-01,779,TRAINING: WOIS Innovationsmanagement,4727,WOIS InnoMgt Training,TRAINING,FALSE,PRORATA_PAYROLL,20,,,672.99
225,2017,2024-08-01,785,EU-KONFORM: HORIZON-JU-CBE-2024-RIA-02,4747,HORIZON-JU-CBE-2024-RIA-02 Umsetzung,EU-KONFORM,FALSE,PRORATA_PAYROLL,8,,,269.2
225,2017,2024-08-01,793,EU-KONFORM: BioLINKAGE Upfront,4760,Umsetzung Biolinkage Antragstellung,EU-KONFORM,FALSE,PRORATA_PAYROLL,4,,,134.6
227,2016,2024-01-01,592,OpenLab (inkl. MwSt),3824,WP8 D&C,H2020,FALSE,PRORATA_PAYROLL,40,,,1242.78
227,2017,2024-03-01,644,TENDER: Smart Cities Marketplace 2.0,4020,DC 2024,TENDER,FALSE,PRORATA_PAYROLL,24,,,1162.86
227,2017,2024-04-01,644,TENDER: Smart Cities Marketplace 2.0,4020,DC 2024,TENDER,FALSE,PRORATA_PAYROLL,54,,,1529.06
227,2017,2024-05-01,644,TENDER: Smart Cities Marketplace 2.0,4020,DC 2024,TENDER,FALSE,PRORATA_PAYROLL,58.25,,,1986.73
227,2017,2024-06-01,644,TENDER: Smart Cities Marketplace 2.0,4020,DC 2024,TENDER,FALSE,PRORATA_PAYROLL,55.75,,,1960.71
227,2017,2024-07-01,644,TENDER: Smart Cities Marketplace 2.0,4020,DC 2024,TENDER,FALSE,PRORATA_PAYROLL,79.25,,,2126.64
227,2017,2024-08-01,644,TENDER: Smart Cities Marketplace 2.0,4020,DC 2024,TENDER,FALSE,PRORATA_PAYROLL,8,,,2757.91
227,2017,2024-09-01,644,TENDER: Smart Cities Marketplace 2.0,4020,DC 2024,TENDER,FALSE,PRORATA_PAYROLL,82.25,,,2641.49
227,2017,2024-10-01,644,TENDER: Smart Cities Marketplace 2.0,4020,DC 2024,TENDER,FALSE,PRORATA_PAYROLL,68,,,2318.86
227,2017,2024-11-01,644,TENDER: Smart Cities Marketplace 2.0,4020,DC 2024,TENDER,FALSE,PRORATA_PAYROLL,35,,,1336.01
227,2017,2024-12-01,644,TENDER: Smart Cities Marketplace 2.0,4020,DC 2024,TENDER,FALSE,PRORATA_PAYROLL,47,,,3534.93
227,2017,2025-01-01,644,TENDER: Smart Cities Marketplace 2.0,4021,DC 2025,TENDER,FALSE,PRORATA_PAYROLL,8,,,1108.09
227,2017,2025-02-01,644,TENDER: Smart Cities Marketplace 2.0,4021,DC 2025,TENDER,FALSE,PRORATA_PAYROLL,42,,,1393.4
227,2017,2025-03-01,644,TENDER: Smart Cities Marketplace 2.0,4021,DC 2025,TENDER,FALSE,PRORATA_PAYROLL,61.25,,,1996.19
227,2017,2025-04-01,644,TENDER: Smart Cities Marketplace 2.0,4021,DC 2025,TENDER,FALSE,PRORATA_PAYROLL,39.791666666666664,,,1517.82
227,2017,2025-05-01,644,TENDER: Smart Cities Marketplace 2.0,4021,DC 2025,TENDER,FALSE,PRORATA_PAYROLL,38.25,,,1259.57
227,2017,2025-06-01,644,TENDER: Smart Cities Marketplace 2.0,4021,DC 2025,TENDER,FALSE,PRORATA_PAYROLL,43,,,1729.5
227,2017,2025-07-01,644,TENDER: Smart Cities Marketplace 2.0,4021,DC 2025,TENDER,FALSE,PRORATA_PAYROLL,11,,,1965.96
227,2017,2025-08-01,644,TENDER: Smart Cities Marketplace 2.0,4021,DC 2025,TENDER,FALSE,PRORATA_PAYROLL,31.166666666666668,,,1524.74
227,2016,2024-01-01,666,TENDER: Smart Cities Marketplace 2.0: Expert Contract,4229,SmartCitiesMarketplace 2.0 Inhaltlich 2024,VERRECHNUNG INTERN,FALSE,PRORATA_PAYROLL,47.75,,,1483.56
227,2016,2024-02-01,666,TENDER: Smart Cities Marketplace 2.0: Expert Contract,4229,SmartCitiesMarketplace 2.0 Inhaltlich 2024,VERRECHNUNG INTERN,FALSE,PRORATA_PAYROLL,78.25,,,2339.78
227,2017,2024-03-01,681,TENDER: Citizen Led 1,4230,Inhaltlich 2024,TENDER,FALSE,PRORATA_PAYROLL,16,,,775.24
227,2017,2024-11-01,681,TENDER: Citizen Led 1,4230,Inhaltlich 2024,TENDER,FALSE,PRORATA_PAYROLL,52.125,,,1989.7
227,2017,2024-12-01,681,TENDER: Citizen Led 1,4230,Inhaltlich 2024,TENDER,FALSE,PRORATA_PAYROLL,29.25,,,2199.93
227,2017,2025-01-01,683,TENDER: EU Island 2.0,4184,Events 2025,TENDER,FALSE,PRORATA_PAYROLL,16,,,2216.18
227,2017,2025-02-01,683,TENDER: EU Island 2.0,4184,Events 2025,TENDER,FALSE,PRORATA_PAYROLL,39.75,,,1318.76
227,2017,2025-03-01,683,TENDER: EU Island 2.0,4184,Events 2025,TENDER,FALSE,PRORATA_PAYROLL,24.75,,,806.62
227,2017,2025-04-01,683,TENDER: EU Island 2.0,4184,Events 2025,TENDER,FALSE,PRORATA_PAYROLL,10.916666666666666,,,416.41
227,2017,2025-05-01,683,TENDER: EU Island 2.0,4184,Events 2025,TENDER,FALSE,PRORATA_PAYROLL,94.5,,,3111.87
227,2017,2025-06-01,683,TENDER: EU Island 2.0,4184,Events 2025,TENDER,FALSE,PRORATA_PAYROLL,39.5,,,1588.73
227,2017,2025-07-01,683,TENDER: EU Island 2.0,4184,Events 2025,TENDER,FALSE,PRORATA_PAYROLL,8,,,1429.79
227,2017,2025-08-01,683,TENDER: EU Island 2.0,4184,Events 2025,TENDER,FALSE,PRORATA_PAYROLL,37.041666666666664,,,1812.16
227,2017,2024-03-01,683,TENDER: EU Island 2.0,4222,D+C 2024,TENDER,FALSE,PRORATA_PAYROLL,48.5,,,2349.95
227,2017,2024-04-01,683,TENDER: EU Island 2.0,4222,D+C 2024,TENDER,FALSE,PRORATA_PAYROLL,65,,,1840.54
227,2017,2024-05-01,683,TENDER: EU Island 2.0,4222,D+C 2024,TENDER,FALSE,PRORATA_PAYROLL,67.5,,,2302.22
227,2017,2024-06-01,683,TENDER: EU Island 2.0,4222,D+C 2024,TENDER,FALSE,PRORATA_PAYROLL,66,,,2321.19
227,2017,2024-07-01,683,TENDER: EU Island 2.0,4222,D+C 2024,TENDER,FALSE,PRORATA_PAYROLL,73,,,1958.92
227,2017,2024-08-01,683,TENDER: EU Island 2.0,4222,D+C 2024,TENDER,FALSE,PRORATA_PAYROLL,8,,,2757.91
227,2017,2024-09-01,683,TENDER: EU Island 2.0,4222,D+C 2024,TENDER,FALSE,PRORATA_PAYROLL,67,,,2151.73
227,2017,2024-10-01,683,TENDER: EU Island 2.0,4222,D+C 2024,TENDER,FALSE,PRORATA_PAYROLL,93.75,,,3196.96
227,2017,2024-11-01,683,TENDER: EU Island 2.0,4222,D+C 2024,TENDER,FALSE,PRORATA_PAYROLL,47.875,,,1827.47
227,2017,2024-12-01,683,TENDER: EU Island 2.0,4222,D+C 2024,TENDER,FALSE,PRORATA_PAYROLL,24.75,,,1861.48
227,2016,2024-01-01,684,TENDER: EU Island 2.0: Expert Contract,4223,Inhalt 2024,VERRECHNUNG INTERN,FALSE,PRORATA_PAYROLL,72.25,,,2244.76
227,2016,2024-02-01,684,TENDER: EU Island 2.0: Expert Contract,4223,Inhalt 2024,VERRECHNUNG INTERN,FALSE,PRORATA_PAYROLL,88,,,2631.32
227,2017,2024-03-01,750,TENDER: Citizen Led 2,4548,WP Planung 2024,TENDER,FALSE,PRORATA_PAYROLL,31.5,,,1526.26
227,2017,2024-04-01,750,TENDER: Citizen Led 2,4548,WP Planung 2024,TENDER,FALSE,PRORATA_PAYROLL,51.5,,,1458.27
227,2017,2024-05-01,750,TENDER: Citizen Led 2,4548,WP Planung 2024,TENDER,FALSE,PRORATA_PAYROLL,20,,,682.14
227,2017,2024-06-01,750,TENDER: Citizen Led 2,4548,WP Planung 2024,TENDER,FALSE,PRORATA_PAYROLL,39.5,,,1389.2
227,2017,2024-07-01,750,TENDER: Citizen Led 2,4548,WP Planung 2024,TENDER,FALSE,PRORATA_PAYROLL,33,,,885.54
227,2017,2024-09-01,750,TENDER: Citizen Led 2,4548,WP Planung 2024,TENDER,FALSE,PRORATA_PAYROLL,22.5,,,722.6
227,2017,2024-11-01,750,TENDER: Citizen Led 2,4548,WP Planung 2024,TENDER,FALSE,PRORATA_PAYROLL,9.5,,,362.63
227,2017,2024-12-01,750,TENDER: Citizen Led 2,4548,WP Planung 2024,TENDER,FALSE,PRORATA_PAYROLL,4.25,,,319.65
227,2017,2025-01-01,750,TENDER: Citizen Led 2,4549,WP Planung 2025,TENDER,FALSE,PRORATA_PAYROLL,16,,,2216.18
227,2017,2025-02-01,750,TENDER: Citizen Led 2,4549,WP Planung 2025,TENDER,FALSE,PRORATA_PAYROLL,85.25,,,2828.28
227,2017,2025-03-01,750,TENDER: Citizen Led 2,4549,WP Planung 2025,TENDER,FALSE,PRORATA_PAYROLL,84,,,2737.63
227,2017,2025-04-01,750,TENDER: Citizen Led 2,4549,WP Planung 2025,TENDER,FALSE,PRORATA_PAYROLL,94.54166666666667,,,3606.21
227,2017,2025-05-01,750,TENDER: Citizen Led 2,4549,WP Planung 2025,TENDER,FALSE,PRORATA_PAYROLL,35.5,,,1169.01
227,2017,2025-06-01,750,TENDER: Citizen Led 2,4549,WP Planung 2025,TENDER,FALSE,PRORATA_PAYROLL,55.25,,,2222.21
227,2017,2025-07-01,750,TENDER: Citizen Led 2,4549,WP Planung 2025,TENDER,FALSE,PRORATA_PAYROLL,12,,,2144.69
227,2017,2025-08-01,750,TENDER: Citizen Led 2,4549,WP Planung 2025,TENDER,FALSE,PRORATA_PAYROLL,45.041666666666664,,,2203.54
228,2016,2025-05-01,568,Hydro4U (mit MwSt),3612,"WP6 Dissemination, Communication and Exploitation",H2020,FALSE,PRORATA_PAYROLL,8.25,,,0
228,2016,2025-06-01,568,Hydro4U (mit MwSt),3612,"WP6 Dissemination, Communication and Exploitation",H2020,FALSE,PRORATA_PAYROLL,82.25,,,0
228,2016,2025-07-01,568,Hydro4U (mit MwSt),3612,"WP6 Dissemination, Communication and Exploitation",H2020,FALSE,PRORATA_PAYROLL,14.25,,,0
228,2017,2024-01-01,675,WM: Social Innovation Challenge 2.0,4136,Modul 2 - Workshops,REGIONALE FÖRDERUNG,FALSE,PRORATA_PAYROLL,50.75,,,1610.3
228,2017,2024-02-01,675,WM: Social Innovation Challenge 2.0,4136,Modul 2 - Workshops,REGIONALE FÖRDERUNG,FALSE,PRORATA_PAYROLL,9,,,1106.04
228,2017,2024-03-01,675,WM: Social Innovation Challenge 2.0,4136,Modul 2 - Workshops,REGIONALE FÖRDERUNG,FALSE,PRORATA_PAYROLL,83,,,3603.5
228,2017,2024-04-01,675,WM: Social Innovation Challenge 2.0,4136,Modul 2 - Workshops,REGIONALE FÖRDERUNG,FALSE,PRORATA_PAYROLL,64,,,2315.18
228,2017,2024-05-01,675,WM: Social Innovation Challenge 2.0,4136,Modul 2 - Workshops,REGIONALE FÖRDERUNG,FALSE,PRORATA_PAYROLL,8.25,,,369.19
228,2017,2024-01-01,675,WM: Social Innovation Challenge 2.0,4137,Modul 3 - Netzwerken,REGIONALE FÖRDERUNG,FALSE,PRORATA_PAYROLL,25.25,,,801.18
228,2017,2024-02-01,675,WM: Social Innovation Challenge 2.0,4137,Modul 3 - Netzwerken,REGIONALE FÖRDERUNG,FALSE,PRORATA_PAYROLL,4.75,,,583.74
228,2017,2024-03-01,675,WM: Social Innovation Challenge 2.0,4137,Modul 3 - Netzwerken,REGIONALE FÖRDERUNG,FALSE,PRORATA_PAYROLL,7.5,,,325.62
228,2017,2024-04-01,675,WM: Social Innovation Challenge 2.0,4137,Modul 3 - Netzwerken,REGIONALE FÖRDERUNG,FALSE,PRORATA_PAYROLL,41.25,,,1492.21
228,2017,2024-05-01,675,WM: Social Innovation Challenge 2.0,4137,Modul 3 - Netzwerken,REGIONALE FÖRDERUNG,FALSE,PRORATA_PAYROLL,39.5,,,1767.64
228,2017,2024-01-01,767,MOBILITIES: ExCo 2024,4743,"WP4 DISSEMINATION, COMMUNICATION, EXPLOITATION & CLUSTERING",VERRECHNUNG INTERN,FALSE,PRORATA_PAYROLL,29.75,,,943.97
228,2017,2024-02-01,767,MOBILITIES: ExCo 2024,4743,"WP4 DISSEMINATION, COMMUNICATION, EXPLOITATION & CLUSTERING",VERRECHNUNG INTERN,FALSE,PRORATA_PAYROLL,6.25,,,768.08
228,2017,2024-05-01,767,MOBILITIES: ExCo 2024,4743,"WP4 DISSEMINATION, COMMUNICATION, EXPLOITATION & CLUSTERING",VERRECHNUNG INTERN,FALSE,PRORATA_PAYROLL,25,,,1118.76
228,2016,2025-06-01,845,Invest4Nature: ExCo 2025,5059,WP6,VERRECHNUNG INTERN,FALSE,PRORATA_PAYROLL,43,,,0
230,2016,2024-01-01,449,ATELIER  (o.Vst),3086,"WP10 T10.7. Digital Dissemination Materials 9,5PM",H2020,FALSE,PRORATA_PAYROLL,50,,,1793.55
230,2016,2024-02-01,449,ATELIER  (o.Vst),3086,"WP10 T10.7. Digital Dissemination Materials 9,5PM",H2020,FALSE,PRORATA_PAYROLL,63.75,,,2797.21
230,2016,2024-03-01,449,ATELIER  (o.Vst),3086,"WP10 T10.7. Digital Dissemination Materials 9,5PM",H2020,FALSE,PRORATA_PAYROLL,94.25,,,4412.04
230,2016,2024-04-01,449,ATELIER  (o.Vst),3086,"WP10 T10.7. Digital Dissemination Materials 9,5PM",H2020,FALSE,PRORATA_PAYROLL,14.5,,,455.1
230,2016,2024-04-01,532,FUSILLI (mit MwSt.),3595,"WP6 Dissemination & Communication 17,5 PM",H2020,FALSE,PRORATA_PAYROLL,101.5,,,3185.73
230,2016,2025-05-01,562,COSMHYC DEMO (mit MwSt),4921,WP7 ComDissExp 2025 - DEMO,H2020,FALSE,PRORATA_PAYROLL,53.5,,,0
230,2017,2024-08-01,677,WM KMU Unterstützung 2023-2024,4149,WM-KMU 2024,REGIONALE FÖRDERUNG,FALSE,PRORATA_PAYROLL,69.25,,,2109.08
230,2017,2024-09-01,677,WM KMU Unterstützung 2023-2024,4149,WM-KMU 2024,REGIONALE FÖRDERUNG,FALSE,PRORATA_PAYROLL,53,,,2848.39
230,2017,2024-08-01,681,TENDER: Citizen Led 1,4483,Events 2024,TENDER,FALSE,PRORATA_PAYROLL,58.625,,,1785.48
230,2017,2024-10-01,681,TENDER: Citizen Led 1,4483,Events 2024,TENDER,FALSE,PRORATA_PAYROLL,10,,,295.1
230,2017,2024-07-01,686,EVENT: Netzwerktreffen MINT 2023 & 2024,4172,Netzwerktreffen 2024,EVENT,FALSE,PRORATA_PAYROLL,49.583333333333336,,,1683.37
230,2017,2024-08-01,686,EVENT: Netzwerktreffen MINT 2023 & 2024,4172,Netzwerktreffen 2024,EVENT,FALSE,PRORATA_PAYROLL,13,,,395.93
230,2017,2024-05-01,729,EVENT: OIK 2024,4482,OIK 2024 Vorbereitung 2024,EVENT,FALSE,PRORATA_PAYROLL,29.25,,,4914.32
230,2017,2024-06-01,729,EVENT: OIK 2024,4482,OIK 2024 Vorbereitung 2024,EVENT,FALSE,PRORATA_PAYROLL,57.833333333333336,,,1944.28
230,2017,2024-08-01,750,TENDER: Citizen Led 2,4548,WP Planung 2024,TENDER,FALSE,PRORATA_PAYROLL,4.125,,,125.63
230,2017,2025-01-01,750,TENDER: Citizen Led 2,4549,WP Planung 2025,TENDER,FALSE,PRORATA_PAYROLL,74.75,,,3048.78
230,2017,2025-02-01,750,TENDER: Citizen Led 2,4549,WP Planung 2025,TENDER,FALSE,PRORATA_PAYROLL,58,,,3124.17
230,2017,2025-03-01,750,TENDER: Citizen Led 2,4549,WP Planung 2025,TENDER,FALSE,PRORATA_PAYROLL,92.75,,,3742.55
230,2017,2024-06-01,775,KI-Champions Videos 2024,4707,Durchführung,BERATUNGSAUFTRAG,FALSE,PRORATA_PAYROLL,84.58333333333333,,,2843.58
230,2017,2024-07-01,775,KI-Champions Videos 2024,4707,Durchführung,BERATUNGSAUFTRAG,FALSE,PRORATA_PAYROLL,20.541666666666668,,,697.4
230,2017,2024-07-01,776,EVENT: Global Connect 2024,4710,WP Event Umsetzung,EVENT,FALSE,PRORATA_PAYROLL,15.083333333333334,,,512.09
230,2017,2024-08-01,776,EVENT: Global Connect 2024,4710,WP Event Umsetzung,EVENT,FALSE,PRORATA_PAYROLL,15,,,456.84
230,2017,2024-09-01,776,EVENT: Global Connect 2024,4710,WP Event Umsetzung,EVENT,FALSE,PRORATA_PAYROLL,39.75,,,2136.29
230,2017,2024-10-01,776,EVENT: Global Connect 2024,4710,WP Event Umsetzung,EVENT,FALSE,PRORATA_PAYROLL,32.75,,,966.47
230,2017,2024-06-01,777,EVENT: Ukrainische Delegation 2024,4711,Ukrainische Delegation Umsetzung,REGIONALE FÖRDERUNG,FALSE,PRORATA_PAYROLL,13.5,,,453.85
230,2017,2024-07-01,777,EVENT: Ukrainische Delegation 2024,4711,Ukrainische Delegation Umsetzung,REGIONALE FÖRDERUNG,FALSE,PRORATA_PAYROLL,44.708333333333336,,,1517.87
230,2017,2025-04-01,801,EVENT: 10. MINT Netzwerktreffen,4835,10. MINT Netzwerktreffen,EVENT,FALSE,PRORATA_PAYROLL,16.25,,,1616.25
230,2017,2025-05-01,801,EVENT: 10. MINT Netzwerktreffen,4835,10. MINT Netzwerktreffen,EVENT,FALSE,PRORATA_PAYROLL,52.75,,,3922.04
230,2017,2025-05-01,826,EVENT: Ukrainische Delegation Metaverse 2025,4990,Projektmanagement,EVENT,FALSE,PRORATA_PAYROLL,23.5,,,1747.26
231,2017,2024-06-01,644,TENDER: Smart Cities Marketplace 2.0,4025,Events 2025,TENDER,FALSE,PRORATA_PAYROLL,26.625,,,1997.63
231,2017,2024-07-01,644,TENDER: Smart Cities Marketplace 2.0,4025,Events 2025,TENDER,FALSE,PRORATA_PAYROLL,17,,,831.79
231,2017,2024-09-01,644,TENDER: Smart Cities Marketplace 2.0,4025,Events 2025,TENDER,FALSE,PRORATA_PAYROLL,53.75,,,3190.24
231,2017,2024-10-01,644,TENDER: Smart Cities Marketplace 2.0,4025,Events 2025,TENDER,FALSE,PRORATA_PAYROLL,67.25,,,1733.34
231,2017,2024-11-01,644,TENDER: Smart Cities Marketplace 2.0,4025,Events 2025,TENDER,FALSE,PRORATA_PAYROLL,33.875,,,966.37
231,2017,2025-06-01,644,TENDER: Smart Cities Marketplace 2.0,4025,Events 2025,TENDER,FALSE,PRORATA_PAYROLL,61.75,,,2721.28
231,2017,2024-02-01,683,TENDER: EU Island 2.0,4183,Events 2024,TENDER,FALSE,PRORATA_PAYROLL,39.625,,,1086.78
231,2017,2024-04-01,683,TENDER: EU Island 2.0,4183,Events 2024,TENDER,FALSE,PRORATA_PAYROLL,18.375,,,799.81
231,2017,2024-05-01,683,TENDER: EU Island 2.0,4183,Events 2024,TENDER,FALSE,PRORATA_PAYROLL,142.25,,,5039.66
231,2017,2024-06-01,683,TENDER: EU Island 2.0,4183,Events 2024,TENDER,FALSE,PRORATA_PAYROLL,49.875,,,3742.03
231,2017,2024-07-01,683,TENDER: EU Island 2.0,4183,Events 2024,TENDER,FALSE,PRORATA_PAYROLL,54.5,,,2666.62
231,2017,2024-10-01,683,TENDER: EU Island 2.0,4183,Events 2024,TENDER,FALSE,PRORATA_PAYROLL,82,,,2113.52
231,2017,2024-11-01,683,TENDER: EU Island 2.0,4183,Events 2024,TENDER,FALSE,PRORATA_PAYROLL,95.75,,,2731.52
231,2017,2024-12-01,683,TENDER: EU Island 2.0,4183,Events 2024,TENDER,FALSE,PRORATA_PAYROLL,51.5,,,8123.15
231,2017,2025-01-01,683,TENDER: EU Island 2.0,4184,Events 2025,TENDER,FALSE,PRORATA_PAYROLL,19.75,,,719.64
231,2017,2025-04-01,683,TENDER: EU Island 2.0,4184,Events 2025,TENDER,FALSE,PRORATA_PAYROLL,11.75,,,390.97
231,2017,2025-05-01,683,TENDER: EU Island 2.0,4184,Events 2025,TENDER,FALSE,PRORATA_PAYROLL,62.5,,,1850.15
231,2017,2024-01-01,746,EVENT: EU-Forschungsförderung MWK 08.03.2024,4540,Umsetzung EVENT Forschungsförderung 8.3.24,EVENT,FALSE,PRORATA_PAYROLL,35,,,1009.37
231,2017,2024-02-01,746,EVENT: EU-Forschungsförderung MWK 08.03.2024,4540,Umsetzung EVENT Forschungsförderung 8.3.24,EVENT,FALSE,PRORATA_PAYROLL,92,,,2523.26
231,2017,2024-03-01,746,EVENT: EU-Forschungsförderung MWK 08.03.2024,4540,Umsetzung EVENT Forschungsförderung 8.3.24,EVENT,FALSE,PRORATA_PAYROLL,41.875,,,1421.82
231,2017,2024-11-01,746,EVENT: EU-Forschungsförderung MWK 08.03.2024,4540,Umsetzung EVENT Forschungsförderung 8.3.24,EVENT,FALSE,PRORATA_PAYROLL,17.875,,,509.93
231,2017,2024-02-01,751,EVENT: StaMi 4 Motoren 2024,4550,WP Planung 2024,EVENT,FALSE,PRORATA_PAYROLL,26,,,713.09
231,2017,2024-03-01,751,EVENT: StaMi 4 Motoren 2024,4550,WP Planung 2024,EVENT,FALSE,PRORATA_PAYROLL,63.125,,,2143.34
231,2017,2024-04-01,751,EVENT: StaMi 4 Motoren 2024,4550,WP Planung 2024,EVENT,FALSE,PRORATA_PAYROLL,94.125,,,4097.01
231,2017,2024-11-01,764,FUSILLI: ExCo 2024,4800,WP6,VERRECHNUNG INTERN,FALSE,PRORATA_PAYROLL,39.75,,,1133.97
278,2016,2024-01-01,409,SUSMAGPRO  (mit MwSt),2978,WP10 MGT,H2020,FALSE,PRORATA_PAYROLL,88.625,,,3600.29
278,2016,2024-02-01,449,ATELIER  (o.Vst),3086,"WP10 T10.7. Digital Dissemination Materials 9,5PM",H2020,FALSE,PRORATA_PAYROLL,13.5625,,,745.88
278,2016,2024-03-01,449,ATELIER  (o.Vst),3086,"WP10 T10.7. Digital Dissemination Materials 9,5PM",H2020,FALSE,PRORATA_PAYROLL,11.75,,,764.09
278,2016,2024-04-01,449,ATELIER  (o.Vst),3086,"WP10 T10.7. Digital Dissemination Materials 9,5PM",H2020,FALSE,PRORATA_PAYROLL,9.8,,,351.12
278,2016,2024-05-01,449,ATELIER  (o.Vst),3086,"WP10 T10.7. Digital Dissemination Materials 9,5PM",H2020,FALSE,PRORATA_PAYROLL,7.4375,,,390.58
278,2016,2024-06-01,449,ATELIER  (o.Vst),3086,"WP10 T10.7. Digital Dissemination Materials 9,5PM",H2020,FALSE,PRORATA_PAYROLL,8.375,,,381.1
278,2016,2024-07-01,449,ATELIER  (o.Vst),3086,"WP10 T10.7. Digital Dissemination Materials 9,5PM",H2020,FALSE,PRORATA_PAYROLL,9.5,,,329.02
278,2016,2024-08-01,449,ATELIER  (o.Vst),3086,"WP10 T10.7. Digital Dissemination Materials 9,5PM",H2020,FALSE,PRORATA_PAYROLL,4.785714285714286,,,423.75
278,2016,2024-09-01,449,ATELIER  (o.Vst),3086,"WP10 T10.7. Digital Dissemination Materials 9,5PM",H2020,FALSE,PRORATA_PAYROLL,9.566666666666666,,,501.9
278,2016,2024-10-01,449,ATELIER  (o.Vst),3086,"WP10 T10.7. Digital Dissemination Materials 9,5PM",H2020,FALSE,PRORATA_PAYROLL,9.833333333333334,,,459.86
278,2016,2024-12-01,449,ATELIER  (o.Vst),3086,"WP10 T10.7. Digital Dissemination Materials 9,5PM",H2020,FALSE,PRORATA_PAYROLL,11.5,,,1264.14
278,2016,2024-02-01,532,FUSILLI (mit MwSt.),3595,"WP6 Dissemination & Communication 17,5 PM",H2020,FALSE,PRORATA_PAYROLL,2,,,109.99
278,2016,2024-04-01,532,FUSILLI (mit MwSt.),3595,"WP6 Dissemination & Communication 17,5 PM",H2020,FALSE,PRORATA_PAYROLL,6.65,,,238.26
278,2016,2024-05-01,532,FUSILLI (mit MwSt.),3595,"WP6 Dissemination & Communication 17,5 PM",H2020,FALSE,PRORATA_PAYROLL,5.333333333333333,,,280.08
278,2016,2024-06-01,532,FUSILLI (mit MwSt.),3595,"WP6 Dissemination & Communication 17,5 PM",H2020,FALSE,PRORATA_PAYROLL,8.033333333333333,,,365.56
278,2016,2024-07-01,532,FUSILLI (mit MwSt.),3595,"WP6 Dissemination & Communication 17,5 PM",H2020,FALSE,PRORATA_PAYROLL,4.671428571428572,,,161.79
278,2016,2024-08-01,532,FUSILLI (mit MwSt.),3595,"WP6 Dissemination & Communication 17,5 PM",H2020,FALSE,PRORATA_PAYROLL,1.5,,,132.82
278,2016,2024-09-01,532,FUSILLI (mit MwSt.),3595,"WP6 Dissemination & Communication 17,5 PM",H2020,FALSE,PRORATA_PAYROLL,2.691666666666667,,,141.21
278,2016,2024-10-01,532,FUSILLI (mit MwSt.),3595,"WP6 Dissemination & Communication 17,5 PM",H2020,FALSE,PRORATA_PAYROLL,10.5,,,491.04
278,2016,2024-11-01,532,FUSILLI (mit MwSt.),3595,"WP6 Dissemination & Communication 17,5 PM",H2020,FALSE,PRORATA_PAYROLL,11,,,719.6
278,2016,2024-12-01,532,FUSILLI (mit MwSt.),3595,"WP6 Dissemination & Communication 17,5 PM",H2020,FALSE,PRORATA_PAYROLL,9.583333333333334,,,1053.45
278,2016,2024-02-01,532,FUSILLI (mit MwSt.),3597,WP7 Coordination 1 PM,H2020,FALSE,PRORATA_PAYROLL,2,,,109.99
278,2016,2024-04-01,532,FUSILLI (mit MwSt.),3597,WP7 Coordination 1 PM,H2020,FALSE,PRORATA_PAYROLL,7,,,250.8
278,2016,2024-05-01,532,FUSILLI (mit MwSt.),3597,WP7 Coordination 1 PM,H2020,FALSE,PRORATA_PAYROLL,3.75,,,196.93
278,2016,2024-06-01,532,FUSILLI (mit MwSt.),3597,WP7 Coordination 1 PM,H2020,FALSE,PRORATA_PAYROLL,9.4,,,427.75
278,2016,2024-07-01,532,FUSILLI (mit MwSt.),3597,WP7 Coordination 1 PM,H2020,FALSE,PRORATA_PAYROLL,6.271428571428572,,,217.2
278,2016,2024-08-01,532,FUSILLI (mit MwSt.),3597,WP7 Coordination 1 PM,H2020,FALSE,PRORATA_PAYROLL,1.0357142857142856,,,91.71
278,2016,2024-09-01,532,FUSILLI (mit MwSt.),3597,WP7 Coordination 1 PM,H2020,FALSE,PRORATA_PAYROLL,4.566666666666666,,,239.58
278,2016,2024-10-01,532,FUSILLI (mit MwSt.),3597,WP7 Coordination 1 PM,H2020,FALSE,PRORATA_PAYROLL,5.75,,,268.9
278,2016,2024-11-01,532,FUSILLI (mit MwSt.),3597,WP7 Coordination 1 PM,H2020,FALSE,PRORATA_PAYROLL,5.5,,,359.8
278,2016,2024-12-01,532,FUSILLI (mit MwSt.),3597,WP7 Coordination 1 PM,H2020,FALSE,PRORATA_PAYROLL,7.833333333333333,,,861.08
278,2016,2025-01-01,532,FUSILLI (mit MwSt.),3597,WP7 Coordination 1 PM,H2020,FALSE,PRORATA_PAYROLL,38.15,,,0
278,2016,2024-01-01,557,METABUILDING LABS (mit MwSt),3585,WP11 Management & coordination,H2020,FALSE,PRORATA_PAYROLL,2.5833333333333335,,,104.94
278,2016,2024-02-01,557,METABUILDING LABS (mit MwSt),3585,WP11 Management & coordination,H2020,FALSE,PRORATA_PAYROLL,8.125,,,446.84
278,2016,2024-03-01,557,METABUILDING LABS (mit MwSt),3585,WP11 Management & coordination,H2020,FALSE,PRORATA_PAYROLL,9.6875,,,629.97
278,2016,2024-01-01,558,AEDIB|NET (mit MwSt),3587,WP1 Project Management,H2020,FALSE,PRORATA_PAYROLL,34.125,,,1386.29
278,2016,2024-02-01,558,AEDIB|NET (mit MwSt),3587,WP1 Project Management,H2020,FALSE,PRORATA_PAYROLL,25.625,,,1409.28
278,2016,2024-03-01,558,AEDIB|NET (mit MwSt),3587,WP1 Project Management,H2020,FALSE,PRORATA_PAYROLL,27.375,,,1780.17
278,2016,2024-04-01,558,AEDIB|NET (mit MwSt),3587,WP1 Project Management,H2020,FALSE,PRORATA_PAYROLL,26.1125,,,935.56
278,2016,2024-01-01,571,FlashPhos (mit MwSt),4559,WP1 Management 2024,H2020,FALSE,PRORATA_PAYROLL,6.916666666666667,,,280.98
278,2016,2024-02-01,571,FlashPhos (mit MwSt),4559,WP1 Management 2024,H2020,FALSE,PRORATA_PAYROLL,6,,,329.98
278,2016,2024-03-01,571,FlashPhos (mit MwSt),4559,WP1 Management 2024,H2020,FALSE,PRORATA_PAYROLL,7.75,,,503.97
278,2016,2024-04-01,571,FlashPhos (mit MwSt),4559,WP1 Management 2024,H2020,FALSE,PRORATA_PAYROLL,4.1875,,,150.03
278,2016,2024-05-01,571,FlashPhos (mit MwSt),4559,WP1 Management 2024,H2020,FALSE,PRORATA_PAYROLL,9.520833333333334,,,499.99
278,2016,2024-06-01,571,FlashPhos (mit MwSt),4559,WP1 Management 2024,H2020,FALSE,PRORATA_PAYROLL,10.608333333333333,,,482.73
278,2016,2024-07-01,571,FlashPhos (mit MwSt),4559,WP1 Management 2024,H2020,FALSE,PRORATA_PAYROLL,11.938095238095238,,,413.46
278,2016,2024-08-01,571,FlashPhos (mit MwSt),4559,WP1 Management 2024,H2020,FALSE,PRORATA_PAYROLL,4.285714285714286,,,379.48
278,2016,2024-09-01,571,FlashPhos (mit MwSt),4559,WP1 Management 2024,H2020,FALSE,PRORATA_PAYROLL,13.191666666666666,,,692.08
278,2016,2024-10-01,571,FlashPhos (mit MwSt),4559,WP1 Management 2024,H2020,FALSE,PRORATA_PAYROLL,12.75,,,596.26
278,2016,2024-11-01,571,FlashPhos (mit MwSt),4559,WP1 Management 2024,H2020,FALSE,PRORATA_PAYROLL,8.166666666666666,,,534.25
278,2016,2024-12-01,571,FlashPhos (mit MwSt),4559,WP1 Management 2024,H2020,FALSE,PRORATA_PAYROLL,6.583333333333333,,,723.67
278,2016,2025-01-01,603,SOPHIA (inkl. MwSt),3968,WP9 Project Management,H2020,FALSE,PRORATA_PAYROLL,6,,,0
278,2016,2025-02-01,603,SOPHIA (inkl. MwSt),3968,WP9 Project Management,H2020,FALSE,PRORATA_PAYROLL,23.966666666666665,,,0
278,2016,2025-03-01,603,SOPHIA (inkl. MwSt),3968,WP9 Project Management,H2020,FALSE,PRORATA_PAYROLL,3.25,,,0
278,2016,2025-04-01,603,SOPHIA (inkl. MwSt),3968,WP9 Project Management,H2020,FALSE,PRORATA_PAYROLL,22.266666666666666,,,0
278,2016,2025-05-01,603,SOPHIA (inkl. MwSt),3968,WP9 Project Management,H2020,FALSE,PRORATA_PAYROLL,30.654166666666665,,,0
278,2016,2025-06-01,603,SOPHIA (inkl. MwSt),3968,WP9 Project Management,H2020,FALSE,PRORATA_PAYROLL,19.0625,,,0
278,2016,2025-07-01,603,SOPHIA (inkl. MwSt),3968,WP9 Project Management,H2020,FALSE,PRORATA_PAYROLL,30.808333333333334,,,0
278,2016,2025-08-01,603,SOPHIA (inkl. MwSt),3968,WP9 Project Management,H2020,FALSE,PRORATA_PAYROLL,7.325,,,0
278,2016,2024-01-01,645,NanodiagBW (mit MwSt.),4034,WP1 FE Strategie - nanodiagBW - 2024,NATIONALE FÖRDERUNG,FALSE,PRORATA_PAYROLL,2.5833333333333335,,,104.94
278,2016,2024-02-01,645,NanodiagBW (mit MwSt.),4034,WP1 FE Strategie - nanodiagBW - 2024,NATIONALE FÖRDERUNG,FALSE,PRORATA_PAYROLL,9.6875,,,532.77
278,2016,2024-03-01,645,NanodiagBW (mit MwSt.),4034,WP1 FE Strategie - nanodiagBW - 2024,NATIONALE FÖRDERUNG,FALSE,PRORATA_PAYROLL,9.625,,,625.9
278,2016,2024-04-01,645,NanodiagBW (mit MwSt.),4034,WP1 FE Strategie - nanodiagBW - 2024,NATIONALE FÖRDERUNG,FALSE,PRORATA_PAYROLL,6,,,214.97
278,2016,2024-05-01,645,NanodiagBW (mit MwSt.),4034,WP1 FE Strategie - nanodiagBW - 2024,NATIONALE FÖRDERUNG,FALSE,PRORATA_PAYROLL,5.25,,,275.7
278,2016,2024-06-01,645,NanodiagBW (mit MwSt.),4034,WP1 FE Strategie - nanodiagBW - 2024,NATIONALE FÖRDERUNG,FALSE,PRORATA_PAYROLL,4.75,,,216.15
278,2016,2024-07-01,645,NanodiagBW (mit MwSt.),4034,WP1 FE Strategie - nanodiagBW - 2024,NATIONALE FÖRDERUNG,FALSE,PRORATA_PAYROLL,20.60892857142857,,,713.77
278,2016,2024-08-01,645,NanodiagBW (mit MwSt.),4034,WP1 FE Strategie - nanodiagBW - 2024,NATIONALE FÖRDERUNG,FALSE,PRORATA_PAYROLL,12.6875,,,1123.42
278,2016,2024-09-01,645,NanodiagBW (mit MwSt.),4034,WP1 FE Strategie - nanodiagBW - 2024,NATIONALE FÖRDERUNG,FALSE,PRORATA_PAYROLL,18.425,,,966.64
278,2016,2024-10-01,645,NanodiagBW (mit MwSt.),4034,WP1 FE Strategie - nanodiagBW - 2024,NATIONALE FÖRDERUNG,FALSE,PRORATA_PAYROLL,16.833333333333332,,,787.22
278,2016,2024-11-01,645,NanodiagBW (mit MwSt.),4034,WP1 FE Strategie - nanodiagBW - 2024,NATIONALE FÖRDERUNG,FALSE,PRORATA_PAYROLL,15.666666666666666,,,1024.88
278,2016,2024-12-01,645,NanodiagBW (mit MwSt.),4034,WP1 FE Strategie - nanodiagBW - 2024,NATIONALE FÖRDERUNG,FALSE,PRORATA_PAYROLL,15.833333333333334,,,1740.48
280,2016,2024-01-01,530,ISLANDER (mit MwSt),3402,WP7 REC creation,H2020,FALSE,PRORATA_PAYROLL,17.333333333333332,,,324.6
280,2016,2024-02-01,530,ISLANDER (mit MwSt),3402,WP7 REC creation,H2020,FALSE,PRORATA_PAYROLL,19.5,,,357.5
280,2016,2024-03-01,530,ISLANDER (mit MwSt),3402,WP7 REC creation,H2020,FALSE,PRORATA_PAYROLL,8,,,317.33
280,2016,2024-05-01,530,ISLANDER (mit MwSt),3402,WP7 REC creation,H2020,FALSE,PRORATA_PAYROLL,2.6666666666666665,,,122.55
280,2016,2024-08-01,530,ISLANDER (mit MwSt),3402,WP7 REC creation,H2020,FALSE,PRORATA_PAYROLL,4,,,128.51
280,2016,2024-09-01,530,ISLANDER (mit MwSt),3402,WP7 REC creation,H2020,FALSE,PRORATA_PAYROLL,4,,,142.79
280,2016,2024-11-01,530,ISLANDER (mit MwSt),3402,WP7 REC creation,H2020,FALSE,PRORATA_PAYROLL,7.5,,,240.96
280,2016,2024-02-01,530,ISLANDER (mit MwSt),3403,WP8 Showcase Borkum (T8.2),H2020,FALSE,PRORATA_PAYROLL,4,,,73.33
280,2016,2024-03-01,530,ISLANDER (mit MwSt),3403,WP8 Showcase Borkum (T8.2),H2020,FALSE,PRORATA_PAYROLL,4,,,158.66
280,2016,2024-04-01,530,ISLANDER (mit MwSt),3403,WP8 Showcase Borkum (T8.2),H2020,FALSE,PRORATA_PAYROLL,4,,,147.17
280,2016,2024-05-01,530,ISLANDER (mit MwSt),3403,WP8 Showcase Borkum (T8.2),H2020,FALSE,PRORATA_PAYROLL,5.333333333333333,,,245.09
280,2016,2024-06-01,530,ISLANDER (mit MwSt),3403,WP8 Showcase Borkum (T8.2),H2020,FALSE,PRORATA_PAYROLL,16,,,595.19
280,2016,2024-07-01,530,ISLANDER (mit MwSt),3403,WP8 Showcase Borkum (T8.2),H2020,FALSE,PRORATA_PAYROLL,6.666666666666667,,,223.88
280,2016,2024-08-01,530,ISLANDER (mit MwSt),3403,WP8 Showcase Borkum (T8.2),H2020,FALSE,PRORATA_PAYROLL,12,,,385.54
280,2016,2024-09-01,530,ISLANDER (mit MwSt),3403,WP8 Showcase Borkum (T8.2),H2020,FALSE,PRORATA_PAYROLL,4,,,142.79
280,2016,2024-10-01,530,ISLANDER (mit MwSt),3403,WP8 Showcase Borkum (T8.2),H2020,FALSE,PRORATA_PAYROLL,4,,,116.83
280,2016,2024-11-01,530,ISLANDER (mit MwSt),3403,WP8 Showcase Borkum (T8.2),H2020,FALSE,PRORATA_PAYROLL,28,,,899.6
280,2016,2024-12-01,530,ISLANDER (mit MwSt),3403,WP8 Showcase Borkum (T8.2),H2020,FALSE,PRORATA_PAYROLL,24,,,1564.89
280,2016,2025-01-01,530,ISLANDER (mit MwSt),3403,WP8 Showcase Borkum (T8.2),H2020,FALSE,PRORATA_PAYROLL,36,,,0
280,2016,2025-02-01,530,ISLANDER (mit MwSt),3403,WP8 Showcase Borkum (T8.2),H2020,FALSE,PRORATA_PAYROLL,11.5,,,0
280,2016,2025-03-01,530,ISLANDER (mit MwSt),3403,WP8 Showcase Borkum (T8.2),H2020,FALSE,PRORATA_PAYROLL,36,,,0
280,2016,2025-04-01,530,ISLANDER (mit MwSt),3403,WP8 Showcase Borkum (T8.2),H2020,FALSE,PRORATA_PAYROLL,25.5,,,0
280,2016,2025-05-01,530,ISLANDER (mit MwSt),3403,WP8 Showcase Borkum (T8.2),H2020,FALSE,PRORATA_PAYROLL,32,,,0
280,2016,2025-06-01,530,ISLANDER (mit MwSt),3403,WP8 Showcase Borkum (T8.2),H2020,FALSE,PRORATA_PAYROLL,30.666666666666668,,,0
280,2016,2025-07-01,530,ISLANDER (mit MwSt),3403,WP8 Showcase Borkum (T8.2),H2020,FALSE,PRORATA_PAYROLL,16,,,0
280,2016,2025-08-01,530,ISLANDER (mit MwSt),3403,WP8 Showcase Borkum (T8.2),H2020,FALSE,PRORATA_PAYROLL,32,,,0
280,2016,2024-01-01,530,ISLANDER (mit MwSt),3404,"WP9 Exploitation, dissemination",H2020,FALSE,PRORATA_PAYROLL,19.5,,,365.17
280,2016,2024-02-01,530,ISLANDER (mit MwSt),3404,"WP9 Exploitation, dissemination",H2020,FALSE,PRORATA_PAYROLL,4,,,73.33
280,2016,2024-03-01,530,ISLANDER (mit MwSt),3404,"WP9 Exploitation, dissemination",H2020,FALSE,PRORATA_PAYROLL,4,,,158.66
280,2016,2024-04-01,530,ISLANDER (mit MwSt),3404,"WP9 Exploitation, dissemination",H2020,FALSE,PRORATA_PAYROLL,4,,,147.17
280,2016,2024-06-01,530,ISLANDER (mit MwSt),3404,"WP9 Exploitation, dissemination",H2020,FALSE,PRORATA_PAYROLL,4,,,148.8
280,2016,2024-07-01,530,ISLANDER (mit MwSt),3404,"WP9 Exploitation, dissemination",H2020,FALSE,PRORATA_PAYROLL,5.333333333333333,,,179.1
280,2016,2024-09-01,530,ISLANDER (mit MwSt),3404,"WP9 Exploitation, dissemination",H2020,FALSE,PRORATA_PAYROLL,4,,,142.79
280,2016,2024-11-01,530,ISLANDER (mit MwSt),3404,"WP9 Exploitation, dissemination",H2020,FALSE,PRORATA_PAYROLL,4.5,,,144.58
280,2016,2024-12-01,530,ISLANDER (mit MwSt),3404,"WP9 Exploitation, dissemination",H2020,FALSE,PRORATA_PAYROLL,8,,,521.63
280,2016,2025-01-01,530,ISLANDER (mit MwSt),3404,"WP9 Exploitation, dissemination",H2020,FALSE,PRORATA_PAYROLL,4,,,0
280,2016,2025-03-01,530,ISLANDER (mit MwSt),3404,"WP9 Exploitation, dissemination",H2020,FALSE,PRORATA_PAYROLL,4,,,0
280,2016,2025-04-01,530,ISLANDER (mit MwSt),3404,"WP9 Exploitation, dissemination",H2020,FALSE,PRORATA_PAYROLL,12,,,0
280,2016,2025-05-01,530,ISLANDER (mit MwSt),3404,"WP9 Exploitation, dissemination",H2020,FALSE,PRORATA_PAYROLL,8,,,0
280,2016,2025-06-01,530,ISLANDER (mit MwSt),3404,"WP9 Exploitation, dissemination",H2020,FALSE,PRORATA_PAYROLL,12,,,0
280,2016,2025-07-01,530,ISLANDER (mit MwSt),3404,"WP9 Exploitation, dissemination",H2020,FALSE,PRORATA_PAYROLL,12,,,0
280,2016,2025-08-01,530,ISLANDER (mit MwSt),3404,"WP9 Exploitation, dissemination",H2020,FALSE,PRORATA_PAYROLL,8,,,0
284,2016,2024-01-01,449,ATELIER  (o.Vst),3077,WP1 Project Management 1PM,H2020,FALSE,PRORATA_PAYROLL,10,,,420.96
284,2016,2024-03-01,449,ATELIER  (o.Vst),3077,WP1 Project Management 1PM,H2020,FALSE,PRORATA_PAYROLL,14.125,,,665.03
284,2016,2024-04-01,449,ATELIER  (o.Vst),3077,WP1 Project Management 1PM,H2020,FALSE,PRORATA_PAYROLL,9.75,,,425.08
284,2016,2024-09-01,449,ATELIER  (o.Vst),3077,WP1 Project Management 1PM,H2020,FALSE,PRORATA_PAYROLL,4.25,,,282.38
284,2016,2024-11-01,449,ATELIER  (o.Vst),3077,WP1 Project Management 1PM,H2020,FALSE,PRORATA_PAYROLL,4.125,,,259.65
284,2016,2024-01-01,449,ATELIER  (o.Vst),3079,WP8 Collaboration with SCC Community 7PM,H2020,FALSE,PRORATA_PAYROLL,8.5,,,357.81
284,2016,2024-02-01,449,ATELIER  (o.Vst),3079,WP8 Collaboration with SCC Community 7PM,H2020,FALSE,PRORATA_PAYROLL,9.5,,,420.52
284,2016,2024-03-01,449,ATELIER  (o.Vst),3079,WP8 Collaboration with SCC Community 7PM,H2020,FALSE,PRORATA_PAYROLL,2.75,,,129.47
284,2016,2024-04-01,449,ATELIER  (o.Vst),3079,WP8 Collaboration with SCC Community 7PM,H2020,FALSE,PRORATA_PAYROLL,4,,,174.39
284,2016,2024-07-01,449,ATELIER  (o.Vst),3079,WP8 Collaboration with SCC Community 7PM,H2020,FALSE,PRORATA_PAYROLL,16.5,,,658.42
284,2016,2024-08-01,449,ATELIER  (o.Vst),3079,WP8 Collaboration with SCC Community 7PM,H2020,FALSE,PRORATA_PAYROLL,18.75,,,842.54
284,2016,2024-09-01,449,ATELIER  (o.Vst),3079,WP8 Collaboration with SCC Community 7PM,H2020,FALSE,PRORATA_PAYROLL,1.6,,,106.31
284,2016,2024-11-01,449,ATELIER  (o.Vst),3079,WP8 Collaboration with SCC Community 7PM,H2020,FALSE,PRORATA_PAYROLL,37,,,2329.01
284,2016,2024-12-01,449,ATELIER  (o.Vst),3079,WP8 Collaboration with SCC Community 7PM,H2020,FALSE,PRORATA_PAYROLL,4.25,,,490.37
284,2016,2025-01-01,449,ATELIER  (o.Vst),3080,"WP10 Communication, Dissemination & Exploitation",H2020,FALSE,PRORATA_PAYROLL,8,,,0
284,2016,2025-02-01,449,ATELIER  (o.Vst),3080,"WP10 Communication, Dissemination & Exploitation",H2020,FALSE,PRORATA_PAYROLL,17,,,0
284,2016,2024-01-01,449,ATELIER  (o.Vst),3085,WP10 T10.6. Printed Dissemination Materials 3PM,H2020,FALSE,PRORATA_PAYROLL,6.708333333333333,,,282.39
284,2016,2024-02-01,449,ATELIER  (o.Vst),3085,WP10 T10.6. Printed Dissemination Materials 3PM,H2020,FALSE,PRORATA_PAYROLL,13.625,,,603.12
284,2016,2024-03-01,449,ATELIER  (o.Vst),3085,WP10 T10.6. Printed Dissemination Materials 3PM,H2020,FALSE,PRORATA_PAYROLL,8.5,,,400.19
284,2016,2024-04-01,449,ATELIER  (o.Vst),3085,WP10 T10.6. Printed Dissemination Materials 3PM,H2020,FALSE,PRORATA_PAYROLL,20.875,,,910.11
284,2016,2024-06-01,449,ATELIER  (o.Vst),3085,WP10 T10.6. Printed Dissemination Materials 3PM,H2020,FALSE,PRORATA_PAYROLL,21.25,,,1042.65
284,2016,2024-07-01,449,ATELIER  (o.Vst),3085,WP10 T10.6. Printed Dissemination Materials 3PM,H2020,FALSE,PRORATA_PAYROLL,14.666666666666666,,,585.26
284,2016,2024-08-01,449,ATELIER  (o.Vst),3085,WP10 T10.6. Printed Dissemination Materials 3PM,H2020,FALSE,PRORATA_PAYROLL,8.5,,,381.95
284,2016,2024-09-01,449,ATELIER  (o.Vst),3085,WP10 T10.6. Printed Dissemination Materials 3PM,H2020,FALSE,PRORATA_PAYROLL,18.1,,,1202.62
284,2016,2024-12-01,449,ATELIER  (o.Vst),3085,WP10 T10.6. Printed Dissemination Materials 3PM,H2020,FALSE,PRORATA_PAYROLL,4.25,,,490.37
284,2016,2024-01-01,532,FUSILLI (mit MwSt.),3595,"WP6 Dissemination & Communication 17,5 PM",H2020,FALSE,PRORATA_PAYROLL,11.333333333333334,,,477.09
284,2016,2024-02-01,532,FUSILLI (mit MwSt.),3595,"WP6 Dissemination & Communication 17,5 PM",H2020,FALSE,PRORATA_PAYROLL,3,,,132.8
284,2016,2024-03-01,532,FUSILLI (mit MwSt.),3595,"WP6 Dissemination & Communication 17,5 PM",H2020,FALSE,PRORATA_PAYROLL,2.75,,,129.47
284,2016,2024-04-01,532,FUSILLI (mit MwSt.),3595,"WP6 Dissemination & Communication 17,5 PM",H2020,FALSE,PRORATA_PAYROLL,2.75,,,119.89
284,2016,2024-05-01,532,FUSILLI (mit MwSt.),3595,"WP6 Dissemination & Communication 17,5 PM",H2020,FALSE,PRORATA_PAYROLL,2.375,,,422.68
284,2016,2024-06-01,532,FUSILLI (mit MwSt.),3595,"WP6 Dissemination & Communication 17,5 PM",H2020,FALSE,PRORATA_PAYROLL,3.625,,,177.86
284,2016,2024-07-01,532,FUSILLI (mit MwSt.),3595,"WP6 Dissemination & Communication 17,5 PM",H2020,FALSE,PRORATA_PAYROLL,2.6666666666666665,,,106.41
284,2016,2024-08-01,532,FUSILLI (mit MwSt.),3595,"WP6 Dissemination & Communication 17,5 PM",H2020,FALSE,PRORATA_PAYROLL,2.6666666666666665,,,119.83
284,2016,2024-09-01,532,FUSILLI (mit MwSt.),3595,"WP6 Dissemination & Communication 17,5 PM",H2020,FALSE,PRORATA_PAYROLL,1.6,,,106.31
284,2016,2024-12-01,532,FUSILLI (mit MwSt.),3595,"WP6 Dissemination & Communication 17,5 PM",H2020,FALSE,PRORATA_PAYROLL,77.5,,,8942.01
284,2016,2024-01-01,568,Hydro4U (mit MwSt),3612,"WP6 Dissemination, Communication and Exploitation",H2020,FALSE,PRORATA_PAYROLL,2.9166666666666665,,,122.78
284,2016,2024-02-01,568,Hydro4U (mit MwSt),3612,"WP6 Dissemination, Communication and Exploitation",H2020,FALSE,PRORATA_PAYROLL,4.5,,,199.2
284,2016,2024-03-01,568,Hydro4U (mit MwSt),3612,"WP6 Dissemination, Communication and Exploitation",H2020,FALSE,PRORATA_PAYROLL,4.125,,,194.21
284,2016,2024-04-01,568,Hydro4U (mit MwSt),3612,"WP6 Dissemination, Communication and Exploitation",H2020,FALSE,PRORATA_PAYROLL,4.5,,,196.19
284,2016,2024-05-01,568,Hydro4U (mit MwSt),3612,"WP6 Dissemination, Communication and Exploitation",H2020,FALSE,PRORATA_PAYROLL,4.125,,,734.13
284,2016,2024-06-01,568,Hydro4U (mit MwSt),3612,"WP6 Dissemination, Communication and Exploitation",H2020,FALSE,PRORATA_PAYROLL,8,,,392.53
284,2016,2024-07-01,568,Hydro4U (mit MwSt),3612,"WP6 Dissemination, Communication and Exploitation",H2020,FALSE,PRORATA_PAYROLL,12.25,,,488.83
284,2016,2025-01-01,568,Hydro4U (mit MwSt),3612,"WP6 Dissemination, Communication and Exploitation",H2020,FALSE,PRORATA_PAYROLL,21.625,,,0
284,2016,2024-01-01,592,OpenLab (inkl. MwSt),3824,WP8 D&C,H2020,FALSE,PRORATA_PAYROLL,5.5,,,231.53
284,2016,2024-02-01,592,OpenLab (inkl. MwSt),3824,WP8 D&C,H2020,FALSE,PRORATA_PAYROLL,3,,,132.8
284,2016,2024-03-01,592,OpenLab (inkl. MwSt),3824,WP8 D&C,H2020,FALSE,PRORATA_PAYROLL,2.8333333333333335,,,133.4
284,2016,2024-05-01,592,OpenLab (inkl. MwSt),3824,WP8 D&C,H2020,FALSE,PRORATA_PAYROLL,6.958333333333333,,,1238.38
284,2016,2024-06-01,592,OpenLab (inkl. MwSt),3824,WP8 D&C,H2020,FALSE,PRORATA_PAYROLL,3.75,,,184
284,2016,2024-07-01,592,OpenLab (inkl. MwSt),3824,WP8 D&C,H2020,FALSE,PRORATA_PAYROLL,12.75,,,508.78
284,2016,2024-08-01,592,OpenLab (inkl. MwSt),3824,WP8 D&C,H2020,FALSE,PRORATA_PAYROLL,7.25,,,325.78
284,2016,2024-09-01,592,OpenLab (inkl. MwSt),3824,WP8 D&C,H2020,FALSE,PRORATA_PAYROLL,8.25,,,548.16
284,2016,2024-10-01,592,OpenLab (inkl. MwSt),3824,WP8 D&C,H2020,FALSE,PRORATA_PAYROLL,8.25,,,409.15
284,2016,2024-11-01,592,OpenLab (inkl. MwSt),3824,WP8 D&C,H2020,FALSE,PRORATA_PAYROLL,3.875,,,243.92
284,2016,2025-04-01,592,OpenLab (inkl. MwSt),3824,WP8 D&C,H2020,FALSE,PRORATA_PAYROLL,8.5,,,0
284,2016,2025-05-01,592,OpenLab (inkl. MwSt),3824,WP8 D&C,H2020,FALSE,PRORATA_PAYROLL,33.5,,,0
284,2016,2025-06-01,592,OpenLab (inkl. MwSt),3824,WP8 D&C,H2020,FALSE,PRORATA_PAYROLL,9.25,,,0
284,2016,2025-07-01,592,OpenLab (inkl. MwSt),3824,WP8 D&C,H2020,FALSE,PRORATA_PAYROLL,31.875,,,0
284,2016,2025-08-01,592,OpenLab (inkl. MwSt),3824,WP8 D&C,H2020,FALSE,PRORATA_PAYROLL,20.125,,,0
284,2016,2024-01-01,592,OpenLab (inkl. MwSt),3877,WP9 Management,H2020,FALSE,PRORATA_PAYROLL,2.9166666666666665,,,122.78
284,2016,2024-02-01,592,OpenLab (inkl. MwSt),3877,WP9 Management,H2020,FALSE,PRORATA_PAYROLL,3,,,132.8
284,2016,2024-03-01,592,OpenLab (inkl. MwSt),3877,WP9 Management,H2020,FALSE,PRORATA_PAYROLL,2.8333333333333335,,,133.4
284,2016,2024-04-01,592,OpenLab (inkl. MwSt),3877,WP9 Management,H2020,FALSE,PRORATA_PAYROLL,4.25,,,185.29
284,2016,2024-05-01,592,OpenLab (inkl. MwSt),3877,WP9 Management,H2020,FALSE,PRORATA_PAYROLL,2.8333333333333335,,,504.25
284,2016,2024-06-01,592,OpenLab (inkl. MwSt),3877,WP9 Management,H2020,FALSE,PRORATA_PAYROLL,3.75,,,184
284,2016,2024-11-01,592,OpenLab (inkl. MwSt),3877,WP9 Management,H2020,FALSE,PRORATA_PAYROLL,3.875,,,243.92
284,2016,2024-03-01,768,EVERY1: ExCo 2024,4662,WP5 Maximising impact,VERRECHNUNG INTERN,FALSE,PRORATA_PAYROLL,18.5,,,871.01
284,2016,2025-04-01,850,IANUS: ExCo 2025,5088,WP6 Communication & Clustering among projects 2025,VERRECHNUNG INTERN,FALSE,PRORATA_PAYROLL,16,,,0
289,2016,2024-03-01,532,FUSILLI (mit MwSt.),3593,WP4 Investment Infrastructure 1 PM,H2020,FALSE,PRORATA_PAYROLL,10,,,415.15
289,2016,2024-05-01,532,FUSILLI (mit MwSt.),3593,WP4 Investment Infrastructure 1 PM,H2020,FALSE,PRORATA_PAYROLL,6.25,,,243.11
289,2016,2024-03-01,532,FUSILLI (mit MwSt.),3594,"WP5 Cooperation 3,5 PM",H2020,FALSE,PRORATA_PAYROLL,16,,,664.24
289,2016,2024-06-01,532,FUSILLI (mit MwSt.),3594,"WP5 Cooperation 3,5 PM",H2020,FALSE,PRORATA_PAYROLL,4.25,,,243.2
289,2016,2024-09-01,532,FUSILLI (mit MwSt.),3594,"WP5 Cooperation 3,5 PM",H2020,FALSE,PRORATA_PAYROLL,27.375,,,1124.05
289,2016,2024-01-01,532,FUSILLI (mit MwSt.),3596,WP6 Exploitation 13 PM,H2020,FALSE,PRORATA_PAYROLL,87.25,,,3659.96
289,2016,2024-02-01,532,FUSILLI (mit MwSt.),3596,WP6 Exploitation 13 PM,H2020,FALSE,PRORATA_PAYROLL,96.5,,,3469.69
289,2016,2024-03-01,532,FUSILLI (mit MwSt.),3596,WP6 Exploitation 13 PM,H2020,FALSE,PRORATA_PAYROLL,58.25,,,2418.24
289,2016,2024-05-01,532,FUSILLI (mit MwSt.),3596,WP6 Exploitation 13 PM,H2020,FALSE,PRORATA_PAYROLL,38.75,,,1507.3
289,2016,2024-06-01,532,FUSILLI (mit MwSt.),3596,WP6 Exploitation 13 PM,H2020,FALSE,PRORATA_PAYROLL,11.25,,,643.76
289,2016,2024-07-01,532,FUSILLI (mit MwSt.),3596,WP6 Exploitation 13 PM,H2020,FALSE,PRORATA_PAYROLL,14.25,,,888.04
289,2016,2024-08-01,532,FUSILLI (mit MwSt.),3596,WP6 Exploitation 13 PM,H2020,FALSE,PRORATA_PAYROLL,18.125,,,839.14
289,2016,2024-09-01,532,FUSILLI (mit MwSt.),3596,WP6 Exploitation 13 PM,H2020,FALSE,PRORATA_PAYROLL,86.625,,,3556.91
289,2017,2024-10-01,593,RESTORE,3848,WP6 Exploitation and Business Model Development 15PM,H2020,FALSE,PRORATA_PAYROLL,94.975,,,3337.7
289,2017,2024-11-01,593,RESTORE,3848,WP6 Exploitation and Business Model Development 15PM,H2020,FALSE,PRORATA_PAYROLL,52,,,2995.7
289,2017,2024-12-01,593,RESTORE,3848,WP6 Exploitation and Business Model Development 15PM,H2020,FALSE,PRORATA_PAYROLL,42.708333333333336,,,2989.72
289,2017,2025-01-01,593,RESTORE,3848,WP6 Exploitation and Business Model Development 15PM,H2020,FALSE,PRORATA_PAYROLL,101,,,4336.61
289,2017,2025-02-01,593,RESTORE,3848,WP6 Exploitation and Business Model Development 15PM,H2020,FALSE,PRORATA_PAYROLL,63.625,,,2988.83
289,2017,2025-03-01,593,RESTORE,3848,WP6 Exploitation and Business Model Development 15PM,H2020,FALSE,PRORATA_PAYROLL,48.25,,,2183.88
289,2017,2025-04-01,593,RESTORE,3848,WP6 Exploitation and Business Model Development 15PM,H2020,FALSE,PRORATA_PAYROLL,10.375,,,476.8
289,2017,2025-02-01,593,RESTORE,3851,WP8 Coordination and Management 1PM,H2020,FALSE,PRORATA_PAYROLL,14.75,,,692.89
289,2017,2025-03-01,593,RESTORE,3851,WP8 Coordination and Management 1PM,H2020,FALSE,PRORATA_PAYROLL,12,,,543.14
289,2017,2025-04-01,593,RESTORE,3851,WP8 Coordination and Management 1PM,H2020,FALSE,PRORATA_PAYROLL,3.25,,,149.36
289,2017,2024-10-01,593,RESTORE,3852,WP5 EU-wide replication 2PM,H2020,FALSE,PRORATA_PAYROLL,15.725,,,552.62
289,2017,2024-11-01,593,RESTORE,3852,WP5 EU-wide replication 2PM,H2020,FALSE,PRORATA_PAYROLL,13.25,,,763.33
289,2017,2024-12-01,593,RESTORE,3852,WP5 EU-wide replication 2PM,H2020,FALSE,PRORATA_PAYROLL,44.708333333333336,,,3129.73
289,2017,2025-01-01,593,RESTORE,3852,WP5 EU-wide replication 2PM,H2020,FALSE,PRORATA_PAYROLL,18.375,,,788.96
289,2017,2025-02-01,593,RESTORE,3852,WP5 EU-wide replication 2PM,H2020,FALSE,PRORATA_PAYROLL,24.25,,,1139.16
289,2017,2025-03-01,593,RESTORE,3852,WP5 EU-wide replication 2PM,H2020,FALSE,PRORATA_PAYROLL,28.875,,,1306.93
289,2017,2025-04-01,593,RESTORE,3852,WP5 EU-wide replication 2PM,H2020,FALSE,PRORATA_PAYROLL,3.125,,,143.61
289,2017,2024-10-01,593,RESTORE,3856,WP7 Communication & Dissemination 3PM,H2020,FALSE,PRORATA_PAYROLL,16.25,,,571.07
289,2017,2024-12-01,593,RESTORE,3856,WP7 Communication & Dissemination 3PM,H2020,FALSE,PRORATA_PAYROLL,3.3333333333333335,,,233.34
289,2017,2025-01-01,593,RESTORE,3856,WP7 Communication & Dissemination 3PM,H2020,FALSE,PRORATA_PAYROLL,14.375,,,617.22
289,2017,2025-02-01,593,RESTORE,3856,WP7 Communication & Dissemination 3PM,H2020,FALSE,PRORATA_PAYROLL,19.625,,,921.9
289,2017,2025-03-01,593,RESTORE,3856,WP7 Communication & Dissemination 3PM,H2020,FALSE,PRORATA_PAYROLL,11.25,,,509.19
289,2017,2025-04-01,593,RESTORE,3856,WP7 Communication & Dissemination 3PM,H2020,FALSE,PRORATA_PAYROLL,4,,,183.83
289,2016,2024-03-01,603,SOPHIA (inkl. MwSt),3965,WP7 ESIA and business models,H2020,FALSE,PRORATA_PAYROLL,26.75,,,1110.52
289,2016,2024-04-01,603,SOPHIA (inkl. MwSt),3965,WP7 ESIA and business models,H2020,FALSE,PRORATA_PAYROLL,115.5,,,4927.14
289,2016,2024-05-01,603,SOPHIA (inkl. MwSt),3965,WP7 ESIA and business models,H2020,FALSE,PRORATA_PAYROLL,84.75,,,3296.62
289,2016,2024-06-01,603,SOPHIA (inkl. MwSt),3965,WP7 ESIA and business models,H2020,FALSE,PRORATA_PAYROLL,87.75,,,5021.34
289,2016,2024-07-01,603,SOPHIA (inkl. MwSt),3965,WP7 ESIA and business models,H2020,FALSE,PRORATA_PAYROLL,61.5,,,3832.61
289,2016,2024-08-01,603,SOPHIA (inkl. MwSt),3965,WP7 ESIA and business models,H2020,FALSE,PRORATA_PAYROLL,105.375,,,4878.61
289,2016,2024-09-01,603,SOPHIA (inkl. MwSt),3965,WP7 ESIA and business models,H2020,FALSE,PRORATA_PAYROLL,13.125,,,538.93
289,2016,2025-05-01,603,SOPHIA (inkl. MwSt),3965,WP7 ESIA and business models,H2020,FALSE,PRORATA_PAYROLL,92.375,,,0
289,2016,2025-06-01,603,SOPHIA (inkl. MwSt),3965,WP7 ESIA and business models,H2020,FALSE,PRORATA_PAYROLL,62,,,0
289,2016,2025-07-01,603,SOPHIA (inkl. MwSt),3965,WP7 ESIA and business models,H2020,FALSE,PRORATA_PAYROLL,58,,,0
289,2016,2025-08-01,603,SOPHIA (inkl. MwSt),3965,WP7 ESIA and business models,H2020,FALSE,PRORATA_PAYROLL,99.25,,,0
289,2017,2024-11-01,764,FUSILLI: ExCo 2024,4800,WP6,VERRECHNUNG INTERN,FALSE,PRORATA_PAYROLL,34,,,1958.73
289,2017,2024-10-01,766,MULTICLIMACT: ExCo 2024,4799,WP12 CDE Phase 2,VERRECHNUNG INTERN,FALSE,PRORATA_PAYROLL,35.75,,,1256.36
294,2016,2025-01-01,449,ATELIER  (o.Vst),3077,WP1 Project Management 1PM,H2020,FALSE,PRORATA_PAYROLL,2.6666666666666665,,,0
294,2016,2025-03-01,449,ATELIER  (o.Vst),3077,WP1 Project Management 1PM,H2020,FALSE,PRORATA_PAYROLL,3.7,,,0
294,2016,2025-04-01,449,ATELIER  (o.Vst),3077,WP1 Project Management 1PM,H2020,FALSE,PRORATA_PAYROLL,11.1625,,,0
294,2016,2025-05-01,449,ATELIER  (o.Vst),3077,WP1 Project Management 1PM,H2020,FALSE,PRORATA_PAYROLL,6.458333333333333,,,0
294,2016,2025-01-01,449,ATELIER  (o.Vst),3080,"WP10 Communication, Dissemination & Exploitation",H2020,FALSE,PRORATA_PAYROLL,4.9375,,,0
294,2016,2025-02-01,449,ATELIER  (o.Vst),3080,"WP10 Communication, Dissemination & Exploitation",H2020,FALSE,PRORATA_PAYROLL,14.5,,,0
294,2016,2025-03-01,449,ATELIER  (o.Vst),3080,"WP10 Communication, Dissemination & Exploitation",H2020,FALSE,PRORATA_PAYROLL,29.533333333333335,,,0
294,2016,2025-04-01,449,ATELIER  (o.Vst),3080,"WP10 Communication, Dissemination & Exploitation",H2020,FALSE,PRORATA_PAYROLL,23.458333333333332,,,0
294,2016,2024-01-01,449,ATELIER  (o.Vst),3083,WP10 T10.3 Support exploitation impact 7PM,H2020,FALSE,PRORATA_PAYROLL,12.875,,,615.96
294,2016,2024-02-01,449,ATELIER  (o.Vst),3083,WP10 T10.3 Support exploitation impact 7PM,H2020,FALSE,PRORATA_PAYROLL,12.833333333333334,,,509.92
294,2016,2024-03-01,449,ATELIER  (o.Vst),3083,WP10 T10.3 Support exploitation impact 7PM,H2020,FALSE,PRORATA_PAYROLL,11.375,,,555.41
294,2016,2024-04-01,449,ATELIER  (o.Vst),3083,WP10 T10.3 Support exploitation impact 7PM,H2020,FALSE,PRORATA_PAYROLL,16.208333333333332,,,590.48
294,2016,2024-05-01,449,ATELIER  (o.Vst),3083,WP10 T10.3 Support exploitation impact 7PM,H2020,FALSE,PRORATA_PAYROLL,16.75,,,877.57
294,2016,2024-06-01,449,ATELIER  (o.Vst),3083,WP10 T10.3 Support exploitation impact 7PM,H2020,FALSE,PRORATA_PAYROLL,18.3125,,,891.28
294,2016,2024-07-01,449,ATELIER  (o.Vst),3083,WP10 T10.3 Support exploitation impact 7PM,H2020,FALSE,PRORATA_PAYROLL,13.433333333333334,,,432.23
294,2016,2024-08-01,449,ATELIER  (o.Vst),3083,WP10 T10.3 Support exploitation impact 7PM,H2020,FALSE,PRORATA_PAYROLL,13.166666666666666,,,858.97
294,2016,2024-09-01,449,ATELIER  (o.Vst),3083,WP10 T10.3 Support exploitation impact 7PM,H2020,FALSE,PRORATA_PAYROLL,24.354166666666668,,,1211.54
294,2016,2024-10-01,449,ATELIER  (o.Vst),3083,WP10 T10.3 Support exploitation impact 7PM,H2020,FALSE,PRORATA_PAYROLL,11.979166666666666,,,605.67
294,2016,2024-11-01,449,ATELIER  (o.Vst),3083,WP10 T10.3 Support exploitation impact 7PM,H2020,FALSE,PRORATA_PAYROLL,20.166666666666668,,,814.71
294,2016,2024-12-01,449,ATELIER  (o.Vst),3083,WP10 T10.3 Support exploitation impact 7PM,H2020,FALSE,PRORATA_PAYROLL,10.420833333333333,,,1364.41
294,2016,2024-01-01,568,Hydro4U (mit MwSt),3612,"WP6 Dissemination, Communication and Exploitation",H2020,FALSE,PRORATA_PAYROLL,9,,,430.57
294,2016,2024-02-01,568,Hydro4U (mit MwSt),3612,"WP6 Dissemination, Communication and Exploitation",H2020,FALSE,PRORATA_PAYROLL,31.25,,,1241.68
294,2016,2024-03-01,568,Hydro4U (mit MwSt),3612,"WP6 Dissemination, Communication and Exploitation",H2020,FALSE,PRORATA_PAYROLL,31.5,,,1538.07
294,2016,2024-04-01,568,Hydro4U (mit MwSt),3612,"WP6 Dissemination, Communication and Exploitation",H2020,FALSE,PRORATA_PAYROLL,28.833333333333332,,,1050.42
294,2016,2024-05-01,568,Hydro4U (mit MwSt),3612,"WP6 Dissemination, Communication and Exploitation",H2020,FALSE,PRORATA_PAYROLL,12.75,,,668
294,2016,2024-06-01,568,Hydro4U (mit MwSt),3612,"WP6 Dissemination, Communication and Exploitation",H2020,FALSE,PRORATA_PAYROLL,22.229166666666668,,,1081.91
294,2016,2024-07-01,568,Hydro4U (mit MwSt),3612,"WP6 Dissemination, Communication and Exploitation",H2020,FALSE,PRORATA_PAYROLL,51.4125,,,1654.24
294,2016,2024-08-01,568,Hydro4U (mit MwSt),3612,"WP6 Dissemination, Communication and Exploitation",H2020,FALSE,PRORATA_PAYROLL,20.041666666666668,,,1307.48
294,2016,2024-09-01,568,Hydro4U (mit MwSt),3612,"WP6 Dissemination, Communication and Exploitation",H2020,FALSE,PRORATA_PAYROLL,37.104166666666664,,,1845.81
294,2016,2024-10-01,568,Hydro4U (mit MwSt),3612,"WP6 Dissemination, Communication and Exploitation",H2020,FALSE,PRORATA_PAYROLL,33.4375,,,1690.62
294,2016,2024-11-01,568,Hydro4U (mit MwSt),3612,"WP6 Dissemination, Communication and Exploitation",H2020,FALSE,PRORATA_PAYROLL,40.75,,,1646.26
294,2016,2024-12-01,568,Hydro4U (mit MwSt),3612,"WP6 Dissemination, Communication and Exploitation",H2020,FALSE,PRORATA_PAYROLL,21.670833333333334,,,2837.38
294,2016,2025-01-01,568,Hydro4U (mit MwSt),3612,"WP6 Dissemination, Communication and Exploitation",H2020,FALSE,PRORATA_PAYROLL,23.1875,,,0
294,2016,2025-02-01,568,Hydro4U (mit MwSt),3612,"WP6 Dissemination, Communication and Exploitation",H2020,FALSE,PRORATA_PAYROLL,5.333333333333333,,,0
294,2016,2025-03-01,568,Hydro4U (mit MwSt),3612,"WP6 Dissemination, Communication and Exploitation",H2020,FALSE,PRORATA_PAYROLL,37.61666666666667,,,0
294,2016,2025-04-01,568,Hydro4U (mit MwSt),3612,"WP6 Dissemination, Communication and Exploitation",H2020,FALSE,PRORATA_PAYROLL,28.204166666666666,,,0
294,2016,2025-05-01,568,Hydro4U (mit MwSt),3612,"WP6 Dissemination, Communication and Exploitation",H2020,FALSE,PRORATA_PAYROLL,5.216666666666667,,,0
294,2016,2024-01-01,568,Hydro4U (mit MwSt),3613,WP7 Project management,H2020,FALSE,PRORATA_PAYROLL,11.875,,,568.11
294,2016,2024-02-01,568,Hydro4U (mit MwSt),3613,WP7 Project management,H2020,FALSE,PRORATA_PAYROLL,3.1666666666666665,,,125.82
294,2016,2024-03-01,568,Hydro4U (mit MwSt),3613,WP7 Project management,H2020,FALSE,PRORATA_PAYROLL,6.5,,,317.38
294,2016,2024-04-01,568,Hydro4U (mit MwSt),3613,WP7 Project management,H2020,FALSE,PRORATA_PAYROLL,13.458333333333334,,,490.3
294,2016,2024-05-01,568,Hydro4U (mit MwSt),3613,WP7 Project management,H2020,FALSE,PRORATA_PAYROLL,17.875,,,936.52
294,2016,2024-06-01,568,Hydro4U (mit MwSt),3613,WP7 Project management,H2020,FALSE,PRORATA_PAYROLL,15.208333333333334,,,740.2
294,2016,2024-07-01,568,Hydro4U (mit MwSt),3613,WP7 Project management,H2020,FALSE,PRORATA_PAYROLL,29.433333333333334,,,947.04
294,2016,2024-08-01,568,Hydro4U (mit MwSt),3613,WP7 Project management,H2020,FALSE,PRORATA_PAYROLL,1.875,,,122.32
294,2016,2024-10-01,568,Hydro4U (mit MwSt),3613,WP7 Project management,H2020,FALSE,PRORATA_PAYROLL,3,,,151.68
294,2016,2024-11-01,568,Hydro4U (mit MwSt),3613,WP7 Project management,H2020,FALSE,PRORATA_PAYROLL,2,,,80.8
294,2016,2024-12-01,568,Hydro4U (mit MwSt),3613,WP7 Project management,H2020,FALSE,PRORATA_PAYROLL,1.65,,,216.04
294,2016,2025-01-01,568,Hydro4U (mit MwSt),3613,WP7 Project management,H2020,FALSE,PRORATA_PAYROLL,6.916666666666667,,,0
294,2016,2025-03-01,568,Hydro4U (mit MwSt),3613,WP7 Project management,H2020,FALSE,PRORATA_PAYROLL,2.0625,,,0
294,2016,2025-04-01,568,Hydro4U (mit MwSt),3613,WP7 Project management,H2020,FALSE,PRORATA_PAYROLL,13.9125,,,0
294,2016,2025-05-01,568,Hydro4U (mit MwSt),3613,WP7 Project management,H2020,FALSE,PRORATA_PAYROLL,9.208333333333334,,,0
295,2017,2024-10-01,799,Aerosolfd: ExCo 2024,4810,WP7,VERRECHNUNG INTERN,FALSE,PRORATA_PAYROLL,32,,,1224.62
295,2017,2025-06-01,847,Aerosolfd: ExCo 2025,5062,WP5,VERRECHNUNG INTERN,FALSE,PRORATA_PAYROLL,24,,,1369.53
296,2016,2024-04-01,532,FUSILLI (mit MwSt.),3595,"WP6 Dissemination & Communication 17,5 PM",H2020,FALSE,PRORATA_PAYROLL,76.5,,,2271.31
296,2016,2024-05-01,532,FUSILLI (mit MwSt.),3595,"WP6 Dissemination & Communication 17,5 PM",H2020,FALSE,PRORATA_PAYROLL,84.5,,,2963.53
296,2016,2024-06-01,562,COSMHYC DEMO (mit MwSt),4572,WP7 ComDissExp 2024 - DEMO,H2020,FALSE,PRORATA_PAYROLL,4.125,,,124.38
296,2016,2024-04-01,568,Hydro4U (mit MwSt),3612,"WP6 Dissemination, Communication and Exploitation",H2020,FALSE,PRORATA_PAYROLL,9,,,267.21
296,2017,2025-01-01,816,EU-KONFORM: RHYNEUP-emobilBW-One-stage-FixedFee-HORIZON-JU-CLEANH2-2025-06-01,4892,2.9.1 Visualisierung und Formatierung,EU-KONFORM,FALSE,PRORATA_PAYROLL,61,,,4674.1
296,2017,2025-02-01,816,EU-KONFORM: RHYNEUP-emobilBW-One-stage-FixedFee-HORIZON-JU-CLEANH2-2025-06-01,4892,2.9.1 Visualisierung und Formatierung,EU-KONFORM,FALSE,PRORATA_PAYROLL,24,,,4674.1
296,2017,2025-03-01,816,EU-KONFORM: RHYNEUP-emobilBW-One-stage-FixedFee-HORIZON-JU-CLEANH2-2025-06-01,4892,2.9.1 Visualisierung und Formatierung,EU-KONFORM,FALSE,PRORATA_PAYROLL,42.25,,,4674.1
296,2017,2025-04-01,816,EU-KONFORM: RHYNEUP-emobilBW-One-stage-FixedFee-HORIZON-JU-CLEANH2-2025-06-01,4892,2.9.1 Visualisierung und Formatierung,EU-KONFORM,FALSE,PRORATA_PAYROLL,114.5,,,4674.1
296,2017,2025-08-01,842,Full-Flight-LICUREE-TU-BAF-One-stage-UpfrontFee-HORIZON-CL4-2025-INDUSTRY-MATERIALS-01-62,5073,Visualisation,EU-KONFORM,FALSE,PRORATA_PAYROLL,8.25,,,4674.1
297,2016,2025-05-01,449,ATELIER  (o.Vst),3080,"WP10 Communication, Dissemination & Exploitation",H2020,FALSE,PRORATA_PAYROLL,20.708333333333332,,,0
297,2016,2025-06-01,449,ATELIER  (o.Vst),3080,"WP10 Communication, Dissemination & Exploitation",H2020,FALSE,PRORATA_PAYROLL,2.5833333333333335,,,0
297,2016,2025-07-01,449,ATELIER  (o.Vst),3080,"WP10 Communication, Dissemination & Exploitation",H2020,FALSE,PRORATA_PAYROLL,14.0625,,,0
297,2016,2025-01-01,530,ISLANDER (mit MwSt),3403,WP8 Showcase Borkum (T8.2),H2020,FALSE,PRORATA_PAYROLL,30.75,,,0
297,2016,2025-02-01,530,ISLANDER (mit MwSt),3403,WP8 Showcase Borkum (T8.2),H2020,FALSE,PRORATA_PAYROLL,30.8125,,,0
297,2016,2025-03-01,530,ISLANDER (mit MwSt),3403,WP8 Showcase Borkum (T8.2),H2020,FALSE,PRORATA_PAYROLL,40.625,,,0
297,2016,2025-04-01,530,ISLANDER (mit MwSt),3403,WP8 Showcase Borkum (T8.2),H2020,FALSE,PRORATA_PAYROLL,51.0625,,,0
297,2016,2025-05-01,530,ISLANDER (mit MwSt),3403,WP8 Showcase Borkum (T8.2),H2020,FALSE,PRORATA_PAYROLL,51.375,,,0
297,2016,2025-06-01,530,ISLANDER (mit MwSt),3403,WP8 Showcase Borkum (T8.2),H2020,FALSE,PRORATA_PAYROLL,19.666666666666668,,,0
297,2016,2025-07-01,530,ISLANDER (mit MwSt),3403,WP8 Showcase Borkum (T8.2),H2020,FALSE,PRORATA_PAYROLL,51.4375,,,0
297,2016,2025-08-01,530,ISLANDER (mit MwSt),3403,WP8 Showcase Borkum (T8.2),H2020,FALSE,PRORATA_PAYROLL,60.916666666666664,,,0
297,2016,2025-01-01,530,ISLANDER (mit MwSt),3404,"WP9 Exploitation, dissemination",H2020,FALSE,PRORATA_PAYROLL,15.5625,,,0
297,2016,2025-02-01,530,ISLANDER (mit MwSt),3404,"WP9 Exploitation, dissemination",H2020,FALSE,PRORATA_PAYROLL,15.729166666666666,,,0
297,2016,2025-03-01,530,ISLANDER (mit MwSt),3404,"WP9 Exploitation, dissemination",H2020,FALSE,PRORATA_PAYROLL,6.916666666666667,,,0
297,2016,2025-04-01,530,ISLANDER (mit MwSt),3404,"WP9 Exploitation, dissemination",H2020,FALSE,PRORATA_PAYROLL,15.5625,,,0
297,2016,2025-05-01,530,ISLANDER (mit MwSt),3404,"WP9 Exploitation, dissemination",H2020,FALSE,PRORATA_PAYROLL,11.25,,,0
297,2016,2025-06-01,530,ISLANDER (mit MwSt),3404,"WP9 Exploitation, dissemination",H2020,FALSE,PRORATA_PAYROLL,6.083333333333333,,,0
297,2016,2025-07-01,530,ISLANDER (mit MwSt),3404,"WP9 Exploitation, dissemination",H2020,FALSE,PRORATA_PAYROLL,17.854166666666668,,,0
297,2016,2025-08-01,530,ISLANDER (mit MwSt),3404,"WP9 Exploitation, dissemination",H2020,FALSE,PRORATA_PAYROLL,8,,,0
297,2016,2024-11-01,532,FUSILLI (mit MwSt.),3594,"WP5 Cooperation 3,5 PM",H2020,FALSE,PRORATA_PAYROLL,45.125,,,1528.87
297,2017,2024-04-01,765,SMARTeeStory: ExCo 2024,4659,WP D&C 2024,VERRECHNUNG INTERN,FALSE,PRORATA_PAYROLL,27.25,,,893.26
297,2017,2024-05-01,815,FUSILLI: Secondment,4870,"WP6 Dissemination & Communication 17,5 PM (Secondment)",H2020,FALSE,PRORATA_PAYROLL,43.458333333333336,,,1548.74
297,2017,2024-08-01,815,FUSILLI: Secondment,4870,"WP6 Dissemination & Communication 17,5 PM (Secondment)",H2020,FALSE,PRORATA_PAYROLL,118,,,3670.13
297,2017,2024-09-01,815,FUSILLI: Secondment,4870,"WP6 Dissemination & Communication 17,5 PM (Secondment)",H2020,FALSE,PRORATA_PAYROLL,121,,,5310.8
297,2017,2024-10-01,815,FUSILLI: Secondment,4870,"WP6 Dissemination & Communication 17,5 PM (Secondment)",H2020,FALSE,PRORATA_PAYROLL,162,,,5310.8
297,2016,2025-06-01,845,Invest4Nature: ExCo 2025,5059,WP6,VERRECHNUNG INTERN,FALSE,PRORATA_PAYROLL,39.25,,,0
298,2016,2024-04-01,592,OpenLab (inkl. MwSt),3824,WP8 D&C,H2020,FALSE,PRORATA_PAYROLL,15.5,,,561.58
298,2016,2024-06-01,592,OpenLab (inkl. MwSt),3824,WP8 D&C,H2020,FALSE,PRORATA_PAYROLL,48,,,1606.99
298,2016,2024-07-01,592,OpenLab (inkl. MwSt),3824,WP8 D&C,H2020,FALSE,PRORATA_PAYROLL,14.25,,,400.32
298,2016,2024-08-01,592,OpenLab (inkl. MwSt),3824,WP8 D&C,H2020,FALSE,PRORATA_PAYROLL,15.25,,,496.87
298,2016,2024-09-01,592,OpenLab (inkl. MwSt),3824,WP8 D&C,H2020,FALSE,PRORATA_PAYROLL,7,,,236.04
298,2016,2024-10-01,592,OpenLab (inkl. MwSt),3824,WP8 D&C,H2020,FALSE,PRORATA_PAYROLL,8,,,386.24
298,2016,2024-12-01,592,OpenLab (inkl. MwSt),3824,WP8 D&C,H2020,FALSE,PRORATA_PAYROLL,45,,,3682.36
298,2016,2025-01-01,592,OpenLab (inkl. MwSt),3824,WP8 D&C,H2020,FALSE,PRORATA_PAYROLL,11,,,0
298,2016,2025-02-01,592,OpenLab (inkl. MwSt),3824,WP8 D&C,H2020,FALSE,PRORATA_PAYROLL,17,,,0
298,2016,2025-03-01,592,OpenLab (inkl. MwSt),3824,WP8 D&C,H2020,FALSE,PRORATA_PAYROLL,35.333333333333336,,,0
298,2016,2025-04-01,592,OpenLab (inkl. MwSt),3824,WP8 D&C,H2020,FALSE,PRORATA_PAYROLL,20.75,,,0
298,2016,2025-05-01,592,OpenLab (inkl. MwSt),3824,WP8 D&C,H2020,FALSE,PRORATA_PAYROLL,33.5,,,0
298,2016,2025-06-01,592,OpenLab (inkl. MwSt),3824,WP8 D&C,H2020,FALSE,PRORATA_PAYROLL,89.5,,,0
298,2016,2025-07-01,592,OpenLab (inkl. MwSt),3824,WP8 D&C,H2020,FALSE,PRORATA_PAYROLL,47.75,,,0
298,2016,2025-08-01,592,OpenLab (inkl. MwSt),3824,WP8 D&C,H2020,FALSE,PRORATA_PAYROLL,64,,,0
298,2016,2024-05-01,592,OpenLab (inkl. MwSt),3875,WP2 Com engagement,H2020,FALSE,PRORATA_PAYROLL,12.125,,,586.76
298,2016,2025-01-01,592,OpenLab (inkl. MwSt),3875,WP2 Com engagement,H2020,FALSE,PRORATA_PAYROLL,17.25,,,0
298,2016,2025-01-01,592,OpenLab (inkl. MwSt),3876,WP7 Exploitation,H2020,FALSE,PRORATA_PAYROLL,11,,,0
298,2016,2025-04-01,846,NetworkNaturePlus: ExCo2025,5060,WP7,VERRECHNUNG INTERN,FALSE,PRORATA_PAYROLL,10,,,0
300,2016,2025-01-01,449,ATELIER  (o.Vst),3080,"WP10 Communication, Dissemination & Exploitation",H2020,FALSE,PRORATA_PAYROLL,16.666666666666668,,,0
300,2016,2025-02-01,449,ATELIER  (o.Vst),3080,"WP10 Communication, Dissemination & Exploitation",H2020,FALSE,PRORATA_PAYROLL,14.166666666666666,,,0
300,2016,2025-03-01,449,ATELIER  (o.Vst),3080,"WP10 Communication, Dissemination & Exploitation",H2020,FALSE,PRORATA_PAYROLL,14,,,0
300,2016,2025-04-01,449,ATELIER  (o.Vst),3080,"WP10 Communication, Dissemination & Exploitation",H2020,FALSE,PRORATA_PAYROLL,18,,,0
300,2016,2025-05-01,449,ATELIER  (o.Vst),3080,"WP10 Communication, Dissemination & Exploitation",H2020,FALSE,PRORATA_PAYROLL,36.666666666666664,,,0
300,2016,2025-06-01,449,ATELIER  (o.Vst),3080,"WP10 Communication, Dissemination & Exploitation",H2020,FALSE,PRORATA_PAYROLL,36,,,0
300,2016,2025-07-01,449,ATELIER  (o.Vst),3080,"WP10 Communication, Dissemination & Exploitation",H2020,FALSE,PRORATA_PAYROLL,36,,,0
300,2016,2024-07-01,449,ATELIER  (o.Vst),3086,"WP10 T10.7. Digital Dissemination Materials 9,5PM",H2020,FALSE,PRORATA_PAYROLL,45.333333333333336,,,1694.7
300,2016,2024-08-01,449,ATELIER  (o.Vst),3086,"WP10 T10.7. Digital Dissemination Materials 9,5PM",H2020,FALSE,PRORATA_PAYROLL,58.666666666666664,,,1694.7
300,2016,2024-09-01,449,ATELIER  (o.Vst),3086,"WP10 T10.7. Digital Dissemination Materials 9,5PM",H2020,FALSE,PRORATA_PAYROLL,16,,,1694.7
300,2016,2024-10-01,449,ATELIER  (o.Vst),3086,"WP10 T10.7. Digital Dissemination Materials 9,5PM",H2020,FALSE,PRORATA_PAYROLL,60,,,1902.21
300,2016,2024-11-01,449,ATELIER  (o.Vst),3086,"WP10 T10.7. Digital Dissemination Materials 9,5PM",H2020,FALSE,PRORATA_PAYROLL,66.66666666666667,,,2219.25
300,2016,2024-12-01,449,ATELIER  (o.Vst),3086,"WP10 T10.7. Digital Dissemination Materials 9,5PM",H2020,FALSE,PRORATA_PAYROLL,36,,,1933.53
300,2016,2024-07-01,568,Hydro4U (mit MwSt),3612,"WP6 Dissemination, Communication and Exploitation",H2020,FALSE,PRORATA_PAYROLL,45.333333333333336,,,1694.7
300,2016,2024-08-01,568,Hydro4U (mit MwSt),3612,"WP6 Dissemination, Communication and Exploitation",H2020,FALSE,PRORATA_PAYROLL,58.666666666666664,,,1694.7
300,2016,2024-09-01,568,Hydro4U (mit MwSt),3612,"WP6 Dissemination, Communication and Exploitation",H2020,FALSE,PRORATA_PAYROLL,16,,,1694.7
300,2016,2024-10-01,568,Hydro4U (mit MwSt),3612,"WP6 Dissemination, Communication and Exploitation",H2020,FALSE,PRORATA_PAYROLL,48,,,1521.77
300,2016,2024-11-01,568,Hydro4U (mit MwSt),3612,"WP6 Dissemination, Communication and Exploitation",H2020,FALSE,PRORATA_PAYROLL,22.666666666666668,,,754.54
300,2016,2024-12-01,568,Hydro4U (mit MwSt),3612,"WP6 Dissemination, Communication and Exploitation",H2020,FALSE,PRORATA_PAYROLL,20,,,1074.18
300,2016,2025-01-01,568,Hydro4U (mit MwSt),3612,"WP6 Dissemination, Communication and Exploitation",H2020,FALSE,PRORATA_PAYROLL,44.666666666666664,,,0
300,2016,2025-02-01,568,Hydro4U (mit MwSt),3612,"WP6 Dissemination, Communication and Exploitation",H2020,FALSE,PRORATA_PAYROLL,33,,,0
300,2016,2025-03-01,568,Hydro4U (mit MwSt),3612,"WP6 Dissemination, Communication and Exploitation",H2020,FALSE,PRORATA_PAYROLL,46,,,0
300,2016,2025-04-01,568,Hydro4U (mit MwSt),3612,"WP6 Dissemination, Communication and Exploitation",H2020,FALSE,PRORATA_PAYROLL,36.666666666666664,,,0
300,2016,2025-05-01,568,Hydro4U (mit MwSt),3612,"WP6 Dissemination, Communication and Exploitation",H2020,FALSE,PRORATA_PAYROLL,34,,,0
300,2016,2025-06-01,568,Hydro4U (mit MwSt),3612,"WP6 Dissemination, Communication and Exploitation",H2020,FALSE,PRORATA_PAYROLL,36,,,0
300,2016,2025-07-01,568,Hydro4U (mit MwSt),3612,"WP6 Dissemination, Communication and Exploitation",H2020,FALSE,PRORATA_PAYROLL,36,,,0
302,2017,2024-01-01,271,S2i Personal in Gemeinkosten,4638,PK in OH 2024,GEMEINKOSTEN - NICHT PROJEKTVOLUMEN RELEVANT,FALSE,PRORATA_PAYROLL,13,,,250.19
302,2017,2024-07-01,271,S2i Personal in Gemeinkosten,4638,PK in OH 2024,GEMEINKOSTEN - NICHT PROJEKTVOLUMEN RELEVANT,FALSE,PRORATA_PAYROLL,32,,,0
302,2017,2024-08-01,271,S2i Personal in Gemeinkosten,4638,PK in OH 2024,GEMEINKOSTEN - NICHT PROJEKTVOLUMEN RELEVANT,FALSE,PRORATA_PAYROLL,25,,,615.84
302,2017,2024-09-01,271,S2i Personal in Gemeinkosten,4638,PK in OH 2024,GEMEINKOSTEN - NICHT PROJEKTVOLUMEN RELEVANT,FALSE,PRORATA_PAYROLL,19,,,0
304,2016,2025-04-01,571,FlashPhos (mit MwSt),4580,WP10 Communication 2025,H2020,FALSE,PRORATA_PAYROLL,40.75,,,0
304,2016,2025-05-01,571,FlashPhos (mit MwSt),4580,WP10 Communication 2025,H2020,FALSE,PRORATA_PAYROLL,28.25,,,0
304,2016,2025-06-01,571,FlashPhos (mit MwSt),4580,WP10 Communication 2025,H2020,FALSE,PRORATA_PAYROLL,15.5,,,0
304,2016,2025-07-01,571,FlashPhos (mit MwSt),4580,WP10 Communication 2025,H2020,FALSE,PRORATA_PAYROLL,44.25,,,0
304,2016,2025-08-01,571,FlashPhos (mit MwSt),4580,WP10 Communication 2025,H2020,FALSE,PRORATA_PAYROLL,36.25,,,0
307,2017,2024-01-01,636,Vanguard 2022-2024,4775,WP1 Interreg. Koop. 2024,REGIONALE FÖRDERUNG,FALSE,PRORATA_PAYROLL,69.625,,,2291.39
307,2017,2024-06-01,636,Vanguard 2022-2024,4775,WP1 Interreg. Koop. 2024,REGIONALE FÖRDERUNG,FALSE,PRORATA_PAYROLL,36.333333333333336,,,1714.41
307,2017,2024-07-01,636,Vanguard 2022-2024,4775,WP1 Interreg. Koop. 2024,REGIONALE FÖRDERUNG,FALSE,PRORATA_PAYROLL,146,,,5265.68
307,2017,2024-08-01,636,Vanguard 2022-2024,4775,WP1 Interreg. Koop. 2024,REGIONALE FÖRDERUNG,FALSE,PRORATA_PAYROLL,48.625,,,1418.52
307,2017,2024-06-01,636,Vanguard 2022-2024,4777,WP3 Ansprechpunkt 2024,REGIONALE FÖRDERUNG,FALSE,PRORATA_PAYROLL,50.666666666666664,,,2390.74
307,2017,2024-01-01,642,TENDER: DTA,4014,Tender DTA - 2024,TENDER,FALSE,PRORATA_PAYROLL,30.875,,,1016.11
307,2017,2024-04-01,642,TENDER: DTA,4014,Tender DTA - 2024,TENDER,FALSE,PRORATA_PAYROLL,11.5,,,374.14
307,2017,2024-06-01,642,TENDER: DTA,4014,Tender DTA - 2024,TENDER,FALSE,PRORATA_PAYROLL,7.333333333333333,,,346.03
307,2017,2024-08-01,642,TENDER: DTA,4014,Tender DTA - 2024,TENDER,FALSE,PRORATA_PAYROLL,4.25,,,123.98
307,2017,2024-11-01,642,TENDER: DTA,4014,Tender DTA - 2024,TENDER,FALSE,PRORATA_PAYROLL,2.8333333333333335,,,120.34
307,2017,2024-12-01,642,TENDER: DTA,4014,Tender DTA - 2024,TENDER,FALSE,PRORATA_PAYROLL,9.5,,,713.76
307,2017,2024-06-01,762,EU-KONFORM: MRN Reg Wasserstoff,4639,WP Umsetzung MRN Reg Wasserstoff,EU-KONFORM,FALSE,PRORATA_PAYROLL,21.5,,,1014.49
307,2017,2024-08-01,791,EU-KONFORM: Call Screening Stadt Asperg,4752,Umsetzung CS Stadt Asperg,EU-KONFORM,FALSE,PRORATA_PAYROLL,8.375,,,244.32
307,2017,2024-11-01,791,EU-KONFORM: Call Screening Stadt Asperg,4752,Umsetzung CS Stadt Asperg,EU-KONFORM,FALSE,PRORATA_PAYROLL,2.8333333333333335,,,120.34
311,2017,2024-01-01,757,EU-KONFORM: DE/2023-06-13/Wörwag 2. Stufe,4565,Umsetzung WÖRWAG 2. Stufe,EU-KONFORM,FALSE,PRORATA_PAYROLL,25.5,,,935.17
311,2017,2024-02-01,757,EU-KONFORM: DE/2023-06-13/Wörwag 2. Stufe,4565,Umsetzung WÖRWAG 2. Stufe,EU-KONFORM,FALSE,PRORATA_PAYROLL,66,,,2301.35
311,2017,2024-03-01,757,EU-KONFORM: DE/2023-06-13/Wörwag 2. Stufe,4565,Umsetzung WÖRWAG 2. Stufe,EU-KONFORM,FALSE,PRORATA_PAYROLL,61.25,,,2305.91
311,2017,2024-04-01,757,EU-KONFORM: DE/2023-06-13/Wörwag 2. Stufe,4565,Umsetzung WÖRWAG 2. Stufe,EU-KONFORM,FALSE,PRORATA_PAYROLL,43.25,,,1599.83
314,2016,2024-01-01,558,AEDIB|NET (mit MwSt),3589,WP5 Trans-continental cooperation,H2020,FALSE,PRORATA_PAYROLL,167.75,,,6023.6
314,2016,2024-02-01,558,AEDIB|NET (mit MwSt),3589,WP5 Trans-continental cooperation,H2020,FALSE,PRORATA_PAYROLL,104.75,,,6023.6
314,2016,2024-03-01,558,AEDIB|NET (mit MwSt),3589,WP5 Trans-continental cooperation,H2020,FALSE,PRORATA_PAYROLL,84.75,,,6023.6
314,2016,2024-04-01,558,AEDIB|NET (mit MwSt),3589,WP5 Trans-continental cooperation,H2020,FALSE,PRORATA_PAYROLL,41.5,,,2006.05
314,2016,2024-04-01,645,NanodiagBW (mit MwSt.),4034,WP1 FE Strategie - nanodiagBW - 2024,NATIONALE FÖRDERUNG,FALSE,PRORATA_PAYROLL,87.25,,,4217.55
314,2016,2024-05-01,645,NanodiagBW (mit MwSt.),4034,WP1 FE Strategie - nanodiagBW - 2024,NATIONALE FÖRDERUNG,FALSE,PRORATA_PAYROLL,143.75,,,6023.6
314,2016,2024-06-01,645,NanodiagBW (mit MwSt.),4034,WP1 FE Strategie - nanodiagBW - 2024,NATIONALE FÖRDERUNG,FALSE,PRORATA_PAYROLL,122.25,,,5202.29
314,2016,2024-07-01,645,NanodiagBW (mit MwSt.),4034,WP1 FE Strategie - nanodiagBW - 2024,NATIONALE FÖRDERUNG,FALSE,PRORATA_PAYROLL,197.25,,,6023.6
314,2016,2024-08-01,645,NanodiagBW (mit MwSt.),4034,WP1 FE Strategie - nanodiagBW - 2024,NATIONALE FÖRDERUNG,FALSE,PRORATA_PAYROLL,188.5,,,6325.35
314,2016,2024-09-01,645,NanodiagBW (mit MwSt.),4034,WP1 FE Strategie - nanodiagBW - 2024,NATIONALE FÖRDERUNG,FALSE,PRORATA_PAYROLL,134,,,6325.35
314,2016,2024-10-01,645,NanodiagBW (mit MwSt.),4034,WP1 FE Strategie - nanodiagBW - 2024,NATIONALE FÖRDERUNG,FALSE,PRORATA_PAYROLL,70.5,,,4504.42
314,2016,2024-11-01,645,NanodiagBW (mit MwSt.),4034,WP1 FE Strategie - nanodiagBW - 2024,NATIONALE FÖRDERUNG,FALSE,PRORATA_PAYROLL,167.5,,,6325.35
314,2016,2024-12-01,645,NanodiagBW (mit MwSt.),4034,WP1 FE Strategie - nanodiagBW - 2024,NATIONALE FÖRDERUNG,FALSE,PRORATA_PAYROLL,101.75,,,9488.19
314,2016,2025-01-01,645,NanodiagBW (mit MwSt.),4035,nanodiagBW - 2025,NATIONALE FÖRDERUNG,FALSE,PRORATA_PAYROLL,160.25,,,0
314,2016,2025-02-01,645,NanodiagBW (mit MwSt.),4035,nanodiagBW - 2025,NATIONALE FÖRDERUNG,FALSE,PRORATA_PAYROLL,32.375,,,0
314,2016,2025-03-01,645,NanodiagBW (mit MwSt.),4035,nanodiagBW - 2025,NATIONALE FÖRDERUNG,FALSE,PRORATA_PAYROLL,22,,,0
314,2016,2025-04-01,645,NanodiagBW (mit MwSt.),4035,nanodiagBW - 2025,NATIONALE FÖRDERUNG,FALSE,PRORATA_PAYROLL,38.75,,,0
314,2016,2025-05-01,645,NanodiagBW (mit MwSt.),4035,nanodiagBW - 2025,NATIONALE FÖRDERUNG,FALSE,PRORATA_PAYROLL,33.5,,,0
314,2016,2025-06-01,645,NanodiagBW (mit MwSt.),4035,nanodiagBW - 2025,NATIONALE FÖRDERUNG,FALSE,PRORATA_PAYROLL,30.5,,,0
314,2016,2025-07-01,645,NanodiagBW (mit MwSt.),4035,nanodiagBW - 2025,NATIONALE FÖRDERUNG,FALSE,PRORATA_PAYROLL,22.5,,,0
314,2016,2025-08-01,645,NanodiagBW (mit MwSt.),4035,nanodiagBW - 2025,NATIONALE FÖRDERUNG,FALSE,PRORATA_PAYROLL,24.75,,,0
314,2016,2024-10-01,748,SHIFT-HUB: Expert Contract,4542,Umsetzung Expert Contract SHIFt-HUB WP xx,VERRECHNUNG INTERN,FALSE,PRORATA_PAYROLL,28.5,,,1820.93
314,2016,2024-06-01,772,LongCovid: ExCo 2024,4667,WP Planung 2024,VERRECHNUNG INTERN,FALSE,PRORATA_PAYROLL,24,,,1021.31
317,2016,2024-09-01,778,POSITIVE: ExCo,4740,POSITIVE ExCo Umsetzung,VERRECHNUNG INTERN,FALSE,PRORATA_PAYROLL,30.125,,,1484.54
317,2016,2024-10-01,778,POSITIVE: ExCo,4740,POSITIVE ExCo Umsetzung,VERRECHNUNG INTERN,FALSE,PRORATA_PAYROLL,10.791666666666666,,,431.74
318,2017,2024-10-01,784,INTERREG: RuBIO,4818,SO1 - Report state of play,INTERREG,FALSE,PRORATA_PAYROLL,58,,,2594.21
318,2017,2024-11-01,784,INTERREG: RuBIO,4818,SO1 - Report state of play,INTERREG,FALSE,PRORATA_PAYROLL,12.5,,,652.28
318,2017,2024-11-01,784,INTERREG: RuBIO,4820,SO3 - Report funding possibilities,INTERREG,FALSE,PRORATA_PAYROLL,31.5,,,1643.75
318,2017,2024-12-01,784,INTERREG: RuBIO,4820,SO3 - Report funding possibilities,INTERREG,FALSE,PRORATA_PAYROLL,34,,,3700.31
318,2017,2024-09-01,787,INTERREG: ForeDanube,4821,WP1 Report on the State of Play 2024,INTERREG,FALSE,PRORATA_PAYROLL,16.25,,,598.56
318,2017,2024-10-01,787,INTERREG: ForeDanube,4821,WP1 Report on the State of Play 2024,INTERREG,FALSE,PRORATA_PAYROLL,4.25,,,190.09
318,2017,2024-11-01,787,INTERREG: ForeDanube,4821,WP1 Report on the State of Play 2024,INTERREG,FALSE,PRORATA_PAYROLL,7.083333333333333,,,369.63
318,2017,2024-09-01,787,INTERREG: ForeDanube,4822,WP2 Action Plan for Establishment of Foresight 2024,INTERREG,FALSE,PRORATA_PAYROLL,7,,,257.84
318,2017,2024-10-01,787,INTERREG: ForeDanube,4822,WP2 Action Plan for Establishment of Foresight 2024,INTERREG,FALSE,PRORATA_PAYROLL,11.5,,,514.37
318,2017,2024-11-01,787,INTERREG: ForeDanube,4822,WP2 Action Plan for Establishment of Foresight 2024,INTERREG,FALSE,PRORATA_PAYROLL,5.333333333333333,,,278.31
318,2017,2024-09-01,787,INTERREG: ForeDanube,4823,WP3 Report on Funding Possibilities 2024,INTERREG,FALSE,PRORATA_PAYROLL,4.625,,,170.36
318,2017,2024-10-01,787,INTERREG: ForeDanube,4823,WP3 Report on Funding Possibilities 2024,INTERREG,FALSE,PRORATA_PAYROLL,4.25,,,190.09
318,2017,2024-11-01,787,INTERREG: ForeDanube,4823,WP3 Report on Funding Possibilities 2024,INTERREG,FALSE,PRORATA_PAYROLL,5.5,,,287
318,2017,2024-11-01,787,INTERREG: ForeDanube,4824,WP4 Community and Stakeholder Consultations 2024,INTERREG,FALSE,PRORATA_PAYROLL,2.6666666666666665,,,139.15
318,2017,2024-12-01,787,INTERREG: ForeDanube,4824,WP4 Community and Stakeholder Consultations 2024,INTERREG,FALSE,PRORATA_PAYROLL,12.25,,,1333.2
319,2017,2024-01-01,271,S2i Personal in Gemeinkosten,4638,PK in OH 2024,GEMEINKOSTEN - NICHT PROJEKTVOLUMEN RELEVANT,FALSE,PRORATA_PAYROLL,38,,,0
319,2017,2024-02-01,271,S2i Personal in Gemeinkosten,4638,PK in OH 2024,GEMEINKOSTEN - NICHT PROJEKTVOLUMEN RELEVANT,FALSE,PRORATA_PAYROLL,38,,,609.43
319,2017,2024-03-01,271,S2i Personal in Gemeinkosten,4638,PK in OH 2024,GEMEINKOSTEN - NICHT PROJEKTVOLUMEN RELEVANT,FALSE,PRORATA_PAYROLL,38,,,609.43
321,2016,2024-01-01,532,FUSILLI (mit MwSt.),3597,WP7 Coordination 1 PM,H2020,FALSE,PRORATA_PAYROLL,4,,,209.74
321,2016,2024-03-01,532,FUSILLI (mit MwSt.),3597,WP7 Coordination 1 PM,H2020,FALSE,PRORATA_PAYROLL,2.6666666666666665,,,139.83
321,2016,2024-08-01,532,FUSILLI (mit MwSt.),3597,WP7 Coordination 1 PM,H2020,FALSE,PRORATA_PAYROLL,16,,,615.15
321,2016,2024-10-01,532,FUSILLI (mit MwSt.),3597,WP7 Coordination 1 PM,H2020,FALSE,PRORATA_PAYROLL,20,,,1153.4
321,2016,2024-01-01,533,LEVIS (ohne Vorsteuerabzug),3642,WP7 Dissemination & Exploitation,H2020,FALSE,PRORATA_PAYROLL,4,,,209.74
321,2016,2024-02-01,533,LEVIS (ohne Vorsteuerabzug),3642,WP7 Dissemination & Exploitation,H2020,FALSE,PRORATA_PAYROLL,4,,,149.81
321,2016,2024-03-01,533,LEVIS (ohne Vorsteuerabzug),3642,WP7 Dissemination & Exploitation,H2020,FALSE,PRORATA_PAYROLL,2,,,104.87
321,2016,2024-01-01,533,LEVIS (ohne Vorsteuerabzug),3645,WP8 Project Coordination & Management,H2020,FALSE,PRORATA_PAYROLL,4,,,209.74
321,2016,2024-02-01,533,LEVIS (ohne Vorsteuerabzug),3645,WP8 Project Coordination & Management,H2020,FALSE,PRORATA_PAYROLL,4,,,149.81
321,2016,2024-03-01,533,LEVIS (ohne Vorsteuerabzug),3645,WP8 Project Coordination & Management,H2020,FALSE,PRORATA_PAYROLL,6.666666666666667,,,349.56
321,2016,2024-04-01,533,LEVIS (ohne Vorsteuerabzug),3645,WP8 Project Coordination & Management,H2020,FALSE,PRORATA_PAYROLL,5.333333333333333,,,213.07
321,2016,2024-05-01,533,LEVIS (ohne Vorsteuerabzug),3645,WP8 Project Coordination & Management,H2020,FALSE,PRORATA_PAYROLL,8,,,379.94
321,2016,2024-06-01,533,LEVIS (ohne Vorsteuerabzug),3645,WP8 Project Coordination & Management,H2020,FALSE,PRORATA_PAYROLL,6.666666666666667,,,299.96
321,2016,2024-07-01,533,LEVIS (ohne Vorsteuerabzug),3645,WP8 Project Coordination & Management,H2020,FALSE,PRORATA_PAYROLL,5.333333333333333,,,358.84
321,2016,2024-03-01,571,FlashPhos (mit MwSt),4577,WP10 Communication 2024,H2020,FALSE,PRORATA_PAYROLL,9.333333333333334,,,489.39
321,2016,2024-04-01,571,FlashPhos (mit MwSt),4577,WP10 Communication 2024,H2020,FALSE,PRORATA_PAYROLL,6.666666666666667,,,266.34
321,2016,2024-05-01,571,FlashPhos (mit MwSt),4577,WP10 Communication 2024,H2020,FALSE,PRORATA_PAYROLL,8,,,379.94
321,2016,2024-08-01,571,FlashPhos (mit MwSt),4577,WP10 Communication 2024,H2020,FALSE,PRORATA_PAYROLL,4,,,153.79
321,2016,2024-10-01,571,FlashPhos (mit MwSt),4577,WP10 Communication 2024,H2020,FALSE,PRORATA_PAYROLL,4,,,230.68
321,2016,2024-01-01,592,OpenLab (inkl. MwSt),3824,WP8 D&C,H2020,FALSE,PRORATA_PAYROLL,6,,,314.61
321,2016,2024-02-01,592,OpenLab (inkl. MwSt),3824,WP8 D&C,H2020,FALSE,PRORATA_PAYROLL,6.666666666666667,,,249.69
321,2016,2024-03-01,592,OpenLab (inkl. MwSt),3824,WP8 D&C,H2020,FALSE,PRORATA_PAYROLL,8.666666666666666,,,454.43
321,2016,2024-04-01,592,OpenLab (inkl. MwSt),3824,WP8 D&C,H2020,FALSE,PRORATA_PAYROLL,5.333333333333333,,,213.07
321,2016,2024-05-01,592,OpenLab (inkl. MwSt),3824,WP8 D&C,H2020,FALSE,PRORATA_PAYROLL,8.666666666666666,,,411.61
321,2016,2024-06-01,592,OpenLab (inkl. MwSt),3824,WP8 D&C,H2020,FALSE,PRORATA_PAYROLL,6.666666666666667,,,299.96
321,2016,2024-07-01,592,OpenLab (inkl. MwSt),3824,WP8 D&C,H2020,FALSE,PRORATA_PAYROLL,8,,,538.25
321,2016,2024-08-01,592,OpenLab (inkl. MwSt),3824,WP8 D&C,H2020,FALSE,PRORATA_PAYROLL,10,,,384.47
321,2016,2024-09-01,592,OpenLab (inkl. MwSt),3824,WP8 D&C,H2020,FALSE,PRORATA_PAYROLL,5.333333333333333,,,391.46
321,2016,2024-10-01,592,OpenLab (inkl. MwSt),3824,WP8 D&C,H2020,FALSE,PRORATA_PAYROLL,4,,,230.68
321,2016,2024-01-01,603,SOPHIA (inkl. MwSt),3968,WP9 Project Management,H2020,FALSE,PRORATA_PAYROLL,10.666666666666666,,,559.3
321,2016,2024-02-01,603,SOPHIA (inkl. MwSt),3968,WP9 Project Management,H2020,FALSE,PRORATA_PAYROLL,7.333333333333333,,,274.66
321,2016,2024-03-01,603,SOPHIA (inkl. MwSt),3968,WP9 Project Management,H2020,FALSE,PRORATA_PAYROLL,9.333333333333334,,,489.39
321,2016,2024-04-01,603,SOPHIA (inkl. MwSt),3968,WP9 Project Management,H2020,FALSE,PRORATA_PAYROLL,13.333333333333334,,,532.68
321,2016,2024-05-01,603,SOPHIA (inkl. MwSt),3968,WP9 Project Management,H2020,FALSE,PRORATA_PAYROLL,8.666666666666666,,,411.61
321,2016,2024-06-01,603,SOPHIA (inkl. MwSt),3968,WP9 Project Management,H2020,FALSE,PRORATA_PAYROLL,12.666666666666666,,,569.92
321,2016,2024-07-01,603,SOPHIA (inkl. MwSt),3968,WP9 Project Management,H2020,FALSE,PRORATA_PAYROLL,8,,,538.25
321,2016,2024-08-01,603,SOPHIA (inkl. MwSt),3968,WP9 Project Management,H2020,FALSE,PRORATA_PAYROLL,8,,,307.57
321,2016,2024-09-01,603,SOPHIA (inkl. MwSt),3968,WP9 Project Management,H2020,FALSE,PRORATA_PAYROLL,6.666666666666667,,,489.32
322,2017,2024-01-01,667,TENDER: SKIIVE,4564,Capacity Building,TENDER,FALSE,PRORATA_PAYROLL,12.791666666666666,,,547.39
322,2017,2024-02-01,667,TENDER: SKIIVE,4564,Capacity Building,TENDER,FALSE,PRORATA_PAYROLL,14.75,,,641.4
322,2017,2024-05-01,667,TENDER: SKIIVE,4564,Capacity Building,TENDER,FALSE,PRORATA_PAYROLL,10.541666666666666,,,533.68
323,2017,2024-04-01,677,WM KMU Unterstützung 2023-2024,4149,WM-KMU 2024,REGIONALE FÖRDERUNG,FALSE,PRORATA_PAYROLL,105.5,,,5046.95
323,2017,2024-05-01,677,WM KMU Unterstützung 2023-2024,4149,WM-KMU 2024,REGIONALE FÖRDERUNG,FALSE,PRORATA_PAYROLL,115.5,,,5046.95
323,2017,2024-06-01,677,WM KMU Unterstützung 2023-2024,4149,WM-KMU 2024,REGIONALE FÖRDERUNG,FALSE,PRORATA_PAYROLL,130.5,,,5246.95
323,2017,2024-07-01,677,WM KMU Unterstützung 2023-2024,4149,WM-KMU 2024,REGIONALE FÖRDERUNG,FALSE,PRORATA_PAYROLL,129.5,,,5046.95
323,2017,2024-08-01,677,WM KMU Unterstützung 2023-2024,4149,WM-KMU 2024,REGIONALE FÖRDERUNG,FALSE,PRORATA_PAYROLL,50.5,,,5228.67
323,2017,2024-09-01,677,WM KMU Unterstützung 2023-2024,4149,WM-KMU 2024,REGIONALE FÖRDERUNG,FALSE,PRORATA_PAYROLL,135.5,,,5228.67
323,2017,2024-10-01,677,WM KMU Unterstützung 2023-2024,4149,WM-KMU 2024,REGIONALE FÖRDERUNG,FALSE,PRORATA_PAYROLL,132.25,,,5228.67
323,2017,2024-11-01,677,WM KMU Unterstützung 2023-2024,4149,WM-KMU 2024,REGIONALE FÖRDERUNG,FALSE,PRORATA_PAYROLL,118.5,,,5228.67
323,2017,2024-12-01,677,WM KMU Unterstützung 2023-2024,4149,WM-KMU 2024,REGIONALE FÖRDERUNG,FALSE,PRORATA_PAYROLL,69.95,,,7103.25
324,2017,2024-02-01,757,EU-KONFORM: DE/2023-06-13/Wörwag 2. Stufe,4565,Umsetzung WÖRWAG 2. Stufe,EU-KONFORM,FALSE,PRORATA_PAYROLL,31,,,937.95
324,2017,2024-03-01,757,EU-KONFORM: DE/2023-06-13/Wörwag 2. Stufe,4565,Umsetzung WÖRWAG 2. Stufe,EU-KONFORM,FALSE,PRORATA_PAYROLL,36.5,,,1123.13
324,2017,2024-04-01,757,EU-KONFORM: DE/2023-06-13/Wörwag 2. Stufe,4565,Umsetzung WÖRWAG 2. Stufe,EU-KONFORM,FALSE,PRORATA_PAYROLL,34.25,,,1068.5
324,2017,2025-07-01,853,AdminSupport_Only-NimbleEY3D-IKERLAN-One-stage-UpfrontFee-HORIZON-CL4-2025-04-DIGITAL-EMERGING-01,5090,AdminSupport_Only-NimbleEY3D,EU-KONFORM,FALSE,PRORATA_PAYROLL,23.75,,,2461.08
324,2017,2025-08-01,853,AdminSupport_Only-NimbleEY3D-IKERLAN-One-stage-UpfrontFee-HORIZON-CL4-2025-04-DIGITAL-EMERGING-01,5090,AdminSupport_Only-NimbleEY3D,EU-KONFORM,FALSE,PRORATA_PAYROLL,78.75,,,5100.26
325,2017,2024-01-01,738,INTERREG: BrAIn,4640,SO1 Enhancing the competitiveness of SMEs (Jan - Jun 2024),INTERREG,FALSE,PRORATA_PAYROLL,20.0625,,,646.84
325,2017,2024-02-01,738,INTERREG: BrAIn,4640,SO1 Enhancing the competitiveness of SMEs (Jan - Jun 2024),INTERREG,FALSE,PRORATA_PAYROLL,20.375,,,703.84
325,2017,2024-03-01,738,INTERREG: BrAIn,4640,SO1 Enhancing the competitiveness of SMEs (Jan - Jun 2024),INTERREG,FALSE,PRORATA_PAYROLL,22.25,,,717.37
325,2017,2024-04-01,738,INTERREG: BrAIn,4640,SO1 Enhancing the competitiveness of SMEs (Jan - Jun 2024),INTERREG,FALSE,PRORATA_PAYROLL,19,,,535.93
325,2017,2024-05-01,738,INTERREG: BrAIn,4640,SO1 Enhancing the competitiveness of SMEs (Jan - Jun 2024),INTERREG,FALSE,PRORATA_PAYROLL,12.8125,,,673.86
325,2017,2024-06-01,738,INTERREG: BrAIn,4640,SO1 Enhancing the competitiveness of SMEs (Jan - Jun 2024),INTERREG,FALSE,PRORATA_PAYROLL,17.208333333333332,,,569.37
325,2017,2024-07-01,738,INTERREG: BrAIn,4641,SO1 Enhancing the competitiveness of SMEs (Juli - Dez 2024),INTERREG,FALSE,PRORATA_PAYROLL,4,,,125.22
325,2017,2024-08-01,738,INTERREG: BrAIn,4641,SO1 Enhancing the competitiveness of SMEs (Juli - Dez 2024),INTERREG,FALSE,PRORATA_PAYROLL,15.833333333333334,,,1040.92
325,2017,2024-09-01,738,INTERREG: BrAIn,4641,SO1 Enhancing the competitiveness of SMEs (Juli - Dez 2024),INTERREG,FALSE,PRORATA_PAYROLL,44.083333333333336,,,1380.06
325,2017,2024-04-01,738,INTERREG: BrAIn,4642,SO2 Acceleration of transnational uptake of AI technologies (Jan - Jun 2024),INTERREG,FALSE,PRORATA_PAYROLL,7.75,,,218.6
325,2017,2024-05-01,738,INTERREG: BrAIn,4642,SO2 Acceleration of transnational uptake of AI technologies (Jan - Jun 2024),INTERREG,FALSE,PRORATA_PAYROLL,3.75,,,197.23
325,2017,2024-06-01,738,INTERREG: BrAIn,4642,SO2 Acceleration of transnational uptake of AI technologies (Jan - Jun 2024),INTERREG,FALSE,PRORATA_PAYROLL,7.208333333333333,,,238.5
325,2017,2024-07-01,738,INTERREG: BrAIn,4643,SO2 Acceleration of transnational uptake of AI technologies (Juli - Dez 2024),INTERREG,FALSE,PRORATA_PAYROLL,61,,,1909.65
325,2017,2024-08-01,738,INTERREG: BrAIn,4643,SO2 Acceleration of transnational uptake of AI technologies (Juli - Dez 2024),INTERREG,FALSE,PRORATA_PAYROLL,16.625,,,1092.96
325,2017,2024-09-01,738,INTERREG: BrAIn,4643,SO2 Acceleration of transnational uptake of AI technologies (Juli - Dez 2024),INTERREG,FALSE,PRORATA_PAYROLL,20.25,,,633.94
325,2017,2024-07-01,738,INTERREG: BrAIn,4644,SO3 Increase and harmonize the capacity of policy makers (Juli - Dez 2024),INTERREG,FALSE,PRORATA_PAYROLL,14.166666666666666,,,443.5
325,2017,2024-08-01,738,INTERREG: BrAIn,4644,SO3 Increase and harmonize the capacity of policy makers (Juli - Dez 2024),INTERREG,FALSE,PRORATA_PAYROLL,10.5,,,690.29
325,2017,2024-09-01,738,INTERREG: BrAIn,4644,SO3 Increase and harmonize the capacity of policy makers (Juli - Dez 2024),INTERREG,FALSE,PRORATA_PAYROLL,15.416666666666666,,,482.63
325,2017,2025-01-01,738,INTERREG: BrAIn,4976,SO1 Enhancing the competitivness of SMEs (Jan - Jun 2025),INTERREG,FALSE,PRORATA_PAYROLL,28.625,,,711.14
325,2017,2025-03-01,738,INTERREG: BrAIn,4976,SO1 Enhancing the competitivness of SMEs (Jan - Jun 2025),INTERREG,FALSE,PRORATA_PAYROLL,26.25,,,679.79
325,2017,2025-04-01,738,INTERREG: BrAIn,4976,SO1 Enhancing the competitivness of SMEs (Jan - Jun 2025),INTERREG,FALSE,PRORATA_PAYROLL,18.208333333333332,,,523.17
325,2017,2025-05-01,738,INTERREG: BrAIn,4976,SO1 Enhancing the competitivness of SMEs (Jan - Jun 2025),INTERREG,FALSE,PRORATA_PAYROLL,16.041666666666668,,,463.7
325,2017,2025-06-01,738,INTERREG: BrAIn,4976,SO1 Enhancing the competitivness of SMEs (Jan - Jun 2025),INTERREG,FALSE,PRORATA_PAYROLL,4.75,,,187.94
325,2017,2025-01-01,738,INTERREG: BrAIn,4978,SO2 Acceleration of transnational uptake of AI technologies (Jan - Jun 2025),INTERREG,FALSE,PRORATA_PAYROLL,4.375,,,108.69
325,2017,2025-02-01,738,INTERREG: BrAIn,4978,SO2 Acceleration of transnational uptake of AI technologies (Jan - Jun 2025),INTERREG,FALSE,PRORATA_PAYROLL,9,,,308.92
325,2017,2025-03-01,738,INTERREG: BrAIn,4978,SO2 Acceleration of transnational uptake of AI technologies (Jan - Jun 2025),INTERREG,FALSE,PRORATA_PAYROLL,2.5833333333333335,,,66.9
325,2017,2025-04-01,738,INTERREG: BrAIn,4978,SO2 Acceleration of transnational uptake of AI technologies (Jan - Jun 2025),INTERREG,FALSE,PRORATA_PAYROLL,2,,,57.47
325,2017,2025-05-01,738,INTERREG: BrAIn,4978,SO2 Acceleration of transnational uptake of AI technologies (Jan - Jun 2025),INTERREG,FALSE,PRORATA_PAYROLL,5.416666666666667,,,156.57
325,2017,2025-06-01,738,INTERREG: BrAIn,4978,SO2 Acceleration of transnational uptake of AI technologies (Jan - Jun 2025),INTERREG,FALSE,PRORATA_PAYROLL,7.541666666666667,,,298.39
325,2017,2025-02-01,738,INTERREG: BrAIn,4980,SO3 Increase and harmonize the capacity of policy makers (Jan - Jun 2025),INTERREG,FALSE,PRORATA_PAYROLL,10.625,,,364.69
325,2017,2025-04-01,738,INTERREG: BrAIn,4980,SO3 Increase and harmonize the capacity of policy makers (Jan - Jun 2025),INTERREG,FALSE,PRORATA_PAYROLL,6.083333333333333,,,174.79
325,2017,2025-05-01,738,INTERREG: BrAIn,4980,SO3 Increase and harmonize the capacity of policy makers (Jan - Jun 2025),INTERREG,FALSE,PRORATA_PAYROLL,6.666666666666667,,,192.7
325,2017,2025-06-01,738,INTERREG: BrAIn,4980,SO3 Increase and harmonize the capacity of policy makers (Jan - Jun 2025),INTERREG,FALSE,PRORATA_PAYROLL,8.333333333333334,,,329.71
325,2017,2024-07-01,739,INTERREG: Culinary Trail,4526,T1.2 Cataloguing ethnic and local culinary,INTERREG,FALSE,PRORATA_PAYROLL,7.333333333333333,,,229.58
325,2017,2024-08-01,739,INTERREG: Culinary Trail,4526,T1.2 Cataloguing ethnic and local culinary,INTERREG,FALSE,PRORATA_PAYROLL,11.125,,,731.38
325,2017,2024-09-01,739,INTERREG: Culinary Trail,4526,T1.2 Cataloguing ethnic and local culinary,INTERREG,FALSE,PRORATA_PAYROLL,45.708333333333336,,,1430.93
325,2017,2024-01-01,739,INTERREG: Culinary Trail,4527,T1.4 Developing transnational strategy,INTERREG,FALSE,PRORATA_PAYROLL,24.0625,,,775.81
325,2017,2024-02-01,739,INTERREG: Culinary Trail,4527,T1.4 Developing transnational strategy,INTERREG,FALSE,PRORATA_PAYROLL,20.375,,,703.84
325,2017,2024-03-01,739,INTERREG: Culinary Trail,4527,T1.4 Developing transnational strategy,INTERREG,FALSE,PRORATA_PAYROLL,22.125,,,713.34
325,2017,2024-04-01,739,INTERREG: Culinary Trail,4527,T1.4 Developing transnational strategy,INTERREG,FALSE,PRORATA_PAYROLL,11.875,,,334.96
325,2017,2024-06-01,739,INTERREG: Culinary Trail,4527,T1.4 Developing transnational strategy,INTERREG,FALSE,PRORATA_PAYROLL,12.541666666666666,,,414.97
325,2017,2024-04-01,739,INTERREG: Culinary Trail,4529,T2.1 Development of Culinary Trail brand,INTERREG,FALSE,PRORATA_PAYROLL,10.375,,,292.65
325,2017,2024-05-01,739,INTERREG: Culinary Trail,4529,T2.1 Development of Culinary Trail brand,INTERREG,FALSE,PRORATA_PAYROLL,8.729166666666666,,,459.1
325,2017,2024-06-01,739,INTERREG: Culinary Trail,4529,T2.1 Development of Culinary Trail brand,INTERREG,FALSE,PRORATA_PAYROLL,9.875,,,326.74
325,2017,2024-07-01,739,INTERREG: Culinary Trail,4529,T2.1 Development of Culinary Trail brand,INTERREG,FALSE,PRORATA_PAYROLL,24.5,,,766.99
325,2017,2024-08-01,739,INTERREG: Culinary Trail,4529,T2.1 Development of Culinary Trail brand,INTERREG,FALSE,PRORATA_PAYROLL,7,,,460.19
325,2017,2024-04-01,739,INTERREG: Culinary Trail,4533,T3.5 Communicating Trail to transformation,INTERREG,FALSE,PRORATA_PAYROLL,4,,,112.83
325,2017,2024-05-01,739,INTERREG: Culinary Trail,4533,T3.5 Communicating Trail to transformation,INTERREG,FALSE,PRORATA_PAYROLL,5.8125,,,305.7
325,2017,2024-06-01,739,INTERREG: Culinary Trail,4533,T3.5 Communicating Trail to transformation,INTERREG,FALSE,PRORATA_PAYROLL,2.6666666666666665,,,88.23
325,2017,2024-07-01,739,INTERREG: Culinary Trail,4533,T3.5 Communicating Trail to transformation,INTERREG,FALSE,PRORATA_PAYROLL,15.208333333333334,,,476.11
325,2017,2024-08-01,739,INTERREG: Culinary Trail,4533,T3.5 Communicating Trail to transformation,INTERREG,FALSE,PRORATA_PAYROLL,2.6666666666666665,,,175.31
326,2016,2024-01-01,571,FlashPhos (mit MwSt),4559,WP1 Management 2024,H2020,FALSE,PRORATA_PAYROLL,14.699404761904763,,,700.12
326,2016,2024-02-01,571,FlashPhos (mit MwSt),4559,WP1 Management 2024,H2020,FALSE,PRORATA_PAYROLL,29.69404761904762,,,1139.77
326,2016,2024-03-01,571,FlashPhos (mit MwSt),4559,WP1 Management 2024,H2020,FALSE,PRORATA_PAYROLL,32.575,,,1276.58
326,2016,2024-04-01,571,FlashPhos (mit MwSt),4559,WP1 Management 2024,H2020,FALSE,PRORATA_PAYROLL,19.554166666666667,,,812.09
326,2016,2024-05-01,571,FlashPhos (mit MwSt),4559,WP1 Management 2024,H2020,FALSE,PRORATA_PAYROLL,18.897619047619045,,,835.29
326,2016,2024-06-01,571,FlashPhos (mit MwSt),4559,WP1 Management 2024,H2020,FALSE,PRORATA_PAYROLL,29.29285714285714,,,1155.87
326,2016,2024-07-01,571,FlashPhos (mit MwSt),4559,WP1 Management 2024,H2020,FALSE,PRORATA_PAYROLL,24.45922619047619,,,985.63
326,2016,2024-08-01,571,FlashPhos (mit MwSt),4559,WP1 Management 2024,H2020,FALSE,PRORATA_PAYROLL,9.219047619047618,,,779.18
326,2016,2024-09-01,571,FlashPhos (mit MwSt),4559,WP1 Management 2024,H2020,FALSE,PRORATA_PAYROLL,14.5875,,,612.53
326,2016,2024-10-01,571,FlashPhos (mit MwSt),4559,WP1 Management 2024,H2020,FALSE,PRORATA_PAYROLL,11.333333333333334,,,475.89
326,2016,2024-11-01,571,FlashPhos (mit MwSt),4559,WP1 Management 2024,H2020,FALSE,PRORATA_PAYROLL,8.071428571428571,,,302.95
326,2016,2024-12-01,571,FlashPhos (mit MwSt),4559,WP1 Management 2024,H2020,FALSE,PRORATA_PAYROLL,2.8333333333333335,,,298.6
326,2016,2024-01-01,571,FlashPhos (mit MwSt),4576,WP9 Exploitation 2024,H2020,FALSE,PRORATA_PAYROLL,9.270238095238096,,,441.54
326,2016,2024-02-01,571,FlashPhos (mit MwSt),4576,WP9 Exploitation 2024,H2020,FALSE,PRORATA_PAYROLL,8.45,,,324.34
326,2016,2024-03-01,571,FlashPhos (mit MwSt),4576,WP9 Exploitation 2024,H2020,FALSE,PRORATA_PAYROLL,12.425,,,486.92
326,2016,2024-04-01,571,FlashPhos (mit MwSt),4576,WP9 Exploitation 2024,H2020,FALSE,PRORATA_PAYROLL,22.516666666666666,,,935.13
326,2016,2024-05-01,571,FlashPhos (mit MwSt),4576,WP9 Exploitation 2024,H2020,FALSE,PRORATA_PAYROLL,4.375,,,193.38
326,2016,2024-06-01,571,FlashPhos (mit MwSt),4576,WP9 Exploitation 2024,H2020,FALSE,PRORATA_PAYROLL,11.620238095238095,,,458.53
326,2016,2024-07-01,571,FlashPhos (mit MwSt),4576,WP9 Exploitation 2024,H2020,FALSE,PRORATA_PAYROLL,10.321726190476191,,,415.93
326,2016,2024-08-01,571,FlashPhos (mit MwSt),4576,WP9 Exploitation 2024,H2020,FALSE,PRORATA_PAYROLL,4.285714285714286,,,362.22
326,2016,2024-09-01,571,FlashPhos (mit MwSt),4576,WP9 Exploitation 2024,H2020,FALSE,PRORATA_PAYROLL,5.2125,,,218.87
326,2016,2024-10-01,571,FlashPhos (mit MwSt),4576,WP9 Exploitation 2024,H2020,FALSE,PRORATA_PAYROLL,14.083333333333334,,,591.36
326,2016,2024-11-01,571,FlashPhos (mit MwSt),4576,WP9 Exploitation 2024,H2020,FALSE,PRORATA_PAYROLL,10.571428571428571,,,396.78
326,2016,2024-12-01,571,FlashPhos (mit MwSt),4576,WP9 Exploitation 2024,H2020,FALSE,PRORATA_PAYROLL,2.8333333333333335,,,298.6
326,2016,2025-01-01,571,FlashPhos (mit MwSt),4578,WP1 Management 2025,H2020,FALSE,PRORATA_PAYROLL,36.07083333333333,,,0
326,2016,2025-02-01,571,FlashPhos (mit MwSt),4578,WP1 Management 2025,H2020,FALSE,PRORATA_PAYROLL,28.952380952380953,,,0
326,2016,2025-03-01,571,FlashPhos (mit MwSt),4578,WP1 Management 2025,H2020,FALSE,PRORATA_PAYROLL,11.14642857142857,,,0
326,2016,2025-04-01,571,FlashPhos (mit MwSt),4578,WP1 Management 2025,H2020,FALSE,PRORATA_PAYROLL,19.683333333333334,,,0
326,2016,2025-05-01,571,FlashPhos (mit MwSt),4578,WP1 Management 2025,H2020,FALSE,PRORATA_PAYROLL,8.791666666666666,,,0
326,2016,2025-06-01,571,FlashPhos (mit MwSt),4578,WP1 Management 2025,H2020,FALSE,PRORATA_PAYROLL,7.995833333333334,,,0
326,2016,2025-07-01,571,FlashPhos (mit MwSt),4578,WP1 Management 2025,H2020,FALSE,PRORATA_PAYROLL,13.270833333333334,,,0
326,2016,2025-08-01,571,FlashPhos (mit MwSt),4578,WP1 Management 2025,H2020,FALSE,PRORATA_PAYROLL,26.875,,,0
326,2016,2025-01-01,571,FlashPhos (mit MwSt),4579,WP9 Exploitation 2025,H2020,FALSE,PRORATA_PAYROLL,25.4875,,,0
326,2016,2025-02-01,571,FlashPhos (mit MwSt),4579,WP9 Exploitation 2025,H2020,FALSE,PRORATA_PAYROLL,16.535714285714285,,,0
326,2016,2025-03-01,571,FlashPhos (mit MwSt),4579,WP9 Exploitation 2025,H2020,FALSE,PRORATA_PAYROLL,18.450595238095236,,,0
326,2016,2025-04-01,571,FlashPhos (mit MwSt),4579,WP9 Exploitation 2025,H2020,FALSE,PRORATA_PAYROLL,14.570833333333333,,,0
326,2016,2025-05-01,571,FlashPhos (mit MwSt),4579,WP9 Exploitation 2025,H2020,FALSE,PRORATA_PAYROLL,14.5,,,0
326,2016,2025-06-01,571,FlashPhos (mit MwSt),4579,WP9 Exploitation 2025,H2020,FALSE,PRORATA_PAYROLL,5.1625,,,0
326,2016,2025-07-01,571,FlashPhos (mit MwSt),4579,WP9 Exploitation 2025,H2020,FALSE,PRORATA_PAYROLL,17.020833333333332,,,0
326,2016,2025-08-01,571,FlashPhos (mit MwSt),4579,WP9 Exploitation 2025,H2020,FALSE,PRORATA_PAYROLL,27.4375,,,0
326,2016,2024-01-01,603,SOPHIA (inkl. MwSt),3965,WP7 ESIA and business models,H2020,FALSE,PRORATA_PAYROLL,15.386904761904763,,,732.87
326,2016,2024-02-01,603,SOPHIA (inkl. MwSt),3965,WP7 ESIA and business models,H2020,FALSE,PRORATA_PAYROLL,18.683333333333334,,,717.14
326,2016,2024-03-01,603,SOPHIA (inkl. MwSt),3965,WP7 ESIA and business models,H2020,FALSE,PRORATA_PAYROLL,18.725,,,733.81
326,2016,2024-04-01,603,SOPHIA (inkl. MwSt),3965,WP7 ESIA and business models,H2020,FALSE,PRORATA_PAYROLL,11.716666666666667,,,486.6
326,2016,2024-05-01,603,SOPHIA (inkl. MwSt),3965,WP7 ESIA and business models,H2020,FALSE,PRORATA_PAYROLL,10.922619047619047,,,482.79
326,2016,2024-06-01,603,SOPHIA (inkl. MwSt),3965,WP7 ESIA and business models,H2020,FALSE,PRORATA_PAYROLL,13.980357142857144,,,551.65
326,2016,2024-07-01,603,SOPHIA (inkl. MwSt),3965,WP7 ESIA and business models,H2020,FALSE,PRORATA_PAYROLL,12.092559523809525,,,487.29
326,2016,2024-08-01,603,SOPHIA (inkl. MwSt),3965,WP7 ESIA and business models,H2020,FALSE,PRORATA_PAYROLL,12.619047619047619,,,1066.55
326,2016,2024-09-01,603,SOPHIA (inkl. MwSt),3965,WP7 ESIA and business models,H2020,FALSE,PRORATA_PAYROLL,28.9875,,,1217.19
326,2016,2024-10-01,603,SOPHIA (inkl. MwSt),3965,WP7 ESIA and business models,H2020,FALSE,PRORATA_PAYROLL,49.3125,,,2070.63
326,2016,2024-11-01,603,SOPHIA (inkl. MwSt),3965,WP7 ESIA and business models,H2020,FALSE,PRORATA_PAYROLL,59.57142857142858,,,2235.9
326,2016,2024-12-01,603,SOPHIA (inkl. MwSt),3965,WP7 ESIA and business models,H2020,FALSE,PRORATA_PAYROLL,27.854166666666668,,,2935.47
326,2016,2024-01-01,603,SOPHIA (inkl. MwSt),3968,WP9 Project Management,H2020,FALSE,PRORATA_PAYROLL,33.14940476190476,,,1578.89
326,2016,2024-02-01,603,SOPHIA (inkl. MwSt),3968,WP9 Project Management,H2020,FALSE,PRORATA_PAYROLL,40.15238095238095,,,1541.2
326,2016,2024-03-01,603,SOPHIA (inkl. MwSt),3968,WP9 Project Management,H2020,FALSE,PRORATA_PAYROLL,33.55,,,1314.78
326,2016,2024-04-01,603,SOPHIA (inkl. MwSt),3968,WP9 Project Management,H2020,FALSE,PRORATA_PAYROLL,31.816666666666666,,,1321.36
326,2016,2024-05-01,603,SOPHIA (inkl. MwSt),3968,WP9 Project Management,H2020,FALSE,PRORATA_PAYROLL,12.397619047619047,,,547.99
326,2016,2024-06-01,603,SOPHIA (inkl. MwSt),3968,WP9 Project Management,H2020,FALSE,PRORATA_PAYROLL,13.142857142857144,,,518.61
326,2016,2024-07-01,603,SOPHIA (inkl. MwSt),3968,WP9 Project Management,H2020,FALSE,PRORATA_PAYROLL,10.004464285714285,,,403.15
326,2016,2024-08-01,603,SOPHIA (inkl. MwSt),3968,WP9 Project Management,H2020,FALSE,PRORATA_PAYROLL,12.076190476190478,,,1020.66
326,2016,2024-09-01,603,SOPHIA (inkl. MwSt),3968,WP9 Project Management,H2020,FALSE,PRORATA_PAYROLL,28.9875,,,1217.19
326,2016,2024-10-01,603,SOPHIA (inkl. MwSt),3968,WP9 Project Management,H2020,FALSE,PRORATA_PAYROLL,55.729166666666664,,,2340.07
326,2016,2024-11-01,603,SOPHIA (inkl. MwSt),3968,WP9 Project Management,H2020,FALSE,PRORATA_PAYROLL,87.57142857142857,,,3286.82
326,2016,2024-12-01,603,SOPHIA (inkl. MwSt),3968,WP9 Project Management,H2020,FALSE,PRORATA_PAYROLL,34.979166666666664,,,3686.35
326,2016,2025-01-01,603,SOPHIA (inkl. MwSt),3968,WP9 Project Management,H2020,FALSE,PRORATA_PAYROLL,49.90416666666667,,,0
326,2016,2025-02-01,603,SOPHIA (inkl. MwSt),3968,WP9 Project Management,H2020,FALSE,PRORATA_PAYROLL,41.36904761904761,,,0
326,2016,2025-03-01,603,SOPHIA (inkl. MwSt),3968,WP9 Project Management,H2020,FALSE,PRORATA_PAYROLL,38.42976190476191,,,0
326,2016,2025-04-01,603,SOPHIA (inkl. MwSt),3968,WP9 Project Management,H2020,FALSE,PRORATA_PAYROLL,33.0875,,,0
326,2016,2025-05-01,603,SOPHIA (inkl. MwSt),3968,WP9 Project Management,H2020,FALSE,PRORATA_PAYROLL,38.99166666666667,,,0
326,2016,2025-06-01,603,SOPHIA (inkl. MwSt),3968,WP9 Project Management,H2020,FALSE,PRORATA_PAYROLL,31.245833333333334,,,0
326,2016,2025-07-01,603,SOPHIA (inkl. MwSt),3968,WP9 Project Management,H2020,FALSE,PRORATA_PAYROLL,76.85416666666667,,,0
326,2016,2025-08-01,603,SOPHIA (inkl. MwSt),3968,WP9 Project Management,H2020,FALSE,PRORATA_PAYROLL,48.520833333333336,,,0
331,2016,2024-01-01,532,FUSILLI (mit MwSt.),3592,WP3 Long-term Planning 1 PM,H2020,FALSE,PRORATA_PAYROLL,36.833333333333336,,,1667.71
331,2016,2024-02-01,532,FUSILLI (mit MwSt.),3592,WP3 Long-term Planning 1 PM,H2020,FALSE,PRORATA_PAYROLL,47.25,,,1912.5
331,2016,2024-03-01,532,FUSILLI (mit MwSt.),3592,WP3 Long-term Planning 1 PM,H2020,FALSE,PRORATA_PAYROLL,3.6666666666666665,,,148.41
331,2016,2024-04-01,532,FUSILLI (mit MwSt.),3592,WP3 Long-term Planning 1 PM,H2020,FALSE,PRORATA_PAYROLL,3.4166666666666665,,,137.39
331,2016,2024-05-01,532,FUSILLI (mit MwSt.),3592,WP3 Long-term Planning 1 PM,H2020,FALSE,PRORATA_PAYROLL,11.166666666666666,,,557.59
331,2016,2024-08-01,532,FUSILLI (mit MwSt.),3592,WP3 Long-term Planning 1 PM,H2020,FALSE,PRORATA_PAYROLL,3.1666666666666665,,,219.61
331,2016,2024-09-01,532,FUSILLI (mit MwSt.),3592,WP3 Long-term Planning 1 PM,H2020,FALSE,PRORATA_PAYROLL,2.25,,,96.99
331,2016,2024-01-01,532,FUSILLI (mit MwSt.),3594,"WP5 Cooperation 3,5 PM",H2020,FALSE,PRORATA_PAYROLL,19,,,860.27
331,2016,2024-02-01,532,FUSILLI (mit MwSt.),3594,"WP5 Cooperation 3,5 PM",H2020,FALSE,PRORATA_PAYROLL,2.25,,,91.07
331,2016,2024-03-01,532,FUSILLI (mit MwSt.),3594,"WP5 Cooperation 3,5 PM",H2020,FALSE,PRORATA_PAYROLL,10.166666666666666,,,411.51
331,2016,2024-04-01,532,FUSILLI (mit MwSt.),3594,"WP5 Cooperation 3,5 PM",H2020,FALSE,PRORATA_PAYROLL,1.75,,,70.37
331,2016,2024-05-01,532,FUSILLI (mit MwSt.),3594,"WP5 Cooperation 3,5 PM",H2020,FALSE,PRORATA_PAYROLL,9.5,,,474.37
331,2016,2024-07-01,532,FUSILLI (mit MwSt.),3594,"WP5 Cooperation 3,5 PM",H2020,FALSE,PRORATA_PAYROLL,2.375,,,85.99
331,2016,2024-01-01,532,FUSILLI (mit MwSt.),3595,"WP6 Dissemination & Communication 17,5 PM",H2020,FALSE,PRORATA_PAYROLL,36.833333333333336,,,1667.71
331,2016,2024-02-01,532,FUSILLI (mit MwSt.),3595,"WP6 Dissemination & Communication 17,5 PM",H2020,FALSE,PRORATA_PAYROLL,47.25,,,1912.5
331,2016,2024-03-01,532,FUSILLI (mit MwSt.),3595,"WP6 Dissemination & Communication 17,5 PM",H2020,FALSE,PRORATA_PAYROLL,65.08333333333333,,,2634.33
331,2016,2024-04-01,532,FUSILLI (mit MwSt.),3595,"WP6 Dissemination & Communication 17,5 PM",H2020,FALSE,PRORATA_PAYROLL,71.66666666666667,,,2881.79
331,2016,2024-05-01,532,FUSILLI (mit MwSt.),3595,"WP6 Dissemination & Communication 17,5 PM",H2020,FALSE,PRORATA_PAYROLL,29.5,,,1473.03
331,2016,2024-06-01,532,FUSILLI (mit MwSt.),3595,"WP6 Dissemination & Communication 17,5 PM",H2020,FALSE,PRORATA_PAYROLL,10.5,,,444.21
331,2016,2024-07-01,532,FUSILLI (mit MwSt.),3595,"WP6 Dissemination & Communication 17,5 PM",H2020,FALSE,PRORATA_PAYROLL,2.375,,,85.99
331,2016,2024-08-01,532,FUSILLI (mit MwSt.),3595,"WP6 Dissemination & Communication 17,5 PM",H2020,FALSE,PRORATA_PAYROLL,4.5,,,312.08
331,2016,2024-09-01,532,FUSILLI (mit MwSt.),3595,"WP6 Dissemination & Communication 17,5 PM",H2020,FALSE,PRORATA_PAYROLL,66.08333333333333,,,2848.71
331,2016,2024-10-01,532,FUSILLI (mit MwSt.),3595,"WP6 Dissemination & Communication 17,5 PM",H2020,FALSE,PRORATA_PAYROLL,66,,,3050.46
331,2016,2024-11-01,532,FUSILLI (mit MwSt.),3595,"WP6 Dissemination & Communication 17,5 PM",H2020,FALSE,PRORATA_PAYROLL,42.833333333333336,,,2124.58
331,2016,2024-12-01,532,FUSILLI (mit MwSt.),3595,"WP6 Dissemination & Communication 17,5 PM",H2020,FALSE,PRORATA_PAYROLL,34.5,,,3745.11
331,2016,2024-06-01,798,DISTENDER: ExCo 2024,4809,WP11,VERRECHNUNG INTERN,FALSE,PRORATA_PAYROLL,28,,,1184.55
332,2017,2024-01-01,593,RESTORE,3848,WP6 Exploitation and Business Model Development 15PM,H2020,FALSE,PRORATA_PAYROLL,64,,,1623.96
332,2017,2024-02-01,593,RESTORE,3848,WP6 Exploitation and Business Model Development 15PM,H2020,FALSE,PRORATA_PAYROLL,48,,,1275.97
332,2017,2024-03-01,593,RESTORE,3848,WP6 Exploitation and Business Model Development 15PM,H2020,FALSE,PRORATA_PAYROLL,44,,,1535.15
332,2017,2024-04-01,593,RESTORE,3848,WP6 Exploitation and Business Model Development 15PM,H2020,FALSE,PRORATA_PAYROLL,64,,,1831.35
332,2017,2024-05-01,593,RESTORE,3848,WP6 Exploitation and Business Model Development 15PM,H2020,FALSE,PRORATA_PAYROLL,24,,,743.26
332,2017,2025-06-01,593,RESTORE,3848,WP6 Exploitation and Business Model Development 15PM,H2020,FALSE,PRORATA_PAYROLL,116,,,3894.88
332,2017,2025-07-01,593,RESTORE,3848,WP6 Exploitation and Business Model Development 15PM,H2020,FALSE,PRORATA_PAYROLL,48,,,2551.82
332,2017,2025-08-01,593,RESTORE,3848,WP6 Exploitation and Business Model Development 15PM,H2020,FALSE,PRORATA_PAYROLL,60,,,1822.73
332,2017,2024-02-01,593,RESTORE,3856,WP7 Communication & Dissemination 3PM,H2020,FALSE,PRORATA_PAYROLL,4,,,106.33
332,2017,2024-03-01,593,RESTORE,3856,WP7 Communication & Dissemination 3PM,H2020,FALSE,PRORATA_PAYROLL,4,,,139.56
332,2017,2024-05-01,593,RESTORE,3856,WP7 Communication & Dissemination 3PM,H2020,FALSE,PRORATA_PAYROLL,36,,,1114.89
332,2017,2025-06-01,593,RESTORE,3856,WP7 Communication & Dissemination 3PM,H2020,FALSE,PRORATA_PAYROLL,4,,,134.31
332,2017,2025-07-01,593,RESTORE,3856,WP7 Communication & Dissemination 3PM,H2020,FALSE,PRORATA_PAYROLL,24,,,1275.91
333,2017,2024-01-01,642,TENDER: DTA,4014,Tender DTA - 2024,TENDER,FALSE,PRORATA_PAYROLL,32,,,0
333,2017,2024-02-01,642,TENDER: DTA,4014,Tender DTA - 2024,TENDER,FALSE,PRORATA_PAYROLL,32,,,1231.68
335,2017,2024-01-01,677,WM KMU Unterstützung 2023-2024,4149,WM-KMU 2024,REGIONALE FÖRDERUNG,FALSE,PRORATA_PAYROLL,44.5,,,1144.68
335,2017,2024-02-01,677,WM KMU Unterstützung 2023-2024,4149,WM-KMU 2024,REGIONALE FÖRDERUNG,FALSE,PRORATA_PAYROLL,28.9,,,929.25
335,2017,2024-03-01,677,WM KMU Unterstützung 2023-2024,4149,WM-KMU 2024,REGIONALE FÖRDERUNG,FALSE,PRORATA_PAYROLL,36.4,,,936.32
335,2017,2024-04-01,677,WM KMU Unterstützung 2023-2024,4149,WM-KMU 2024,REGIONALE FÖRDERUNG,FALSE,PRORATA_PAYROLL,32,,,1056.74
335,2017,2024-05-01,677,WM KMU Unterstützung 2023-2024,4149,WM-KMU 2024,REGIONALE FÖRDERUNG,FALSE,PRORATA_PAYROLL,12.5,,,358.37
335,2017,2024-07-01,677,WM KMU Unterstützung 2023-2024,4149,WM-KMU 2024,REGIONALE FÖRDERUNG,FALSE,PRORATA_PAYROLL,16,,,378.94
335,2017,2024-08-01,677,WM KMU Unterstützung 2023-2024,4149,WM-KMU 2024,REGIONALE FÖRDERUNG,FALSE,PRORATA_PAYROLL,43,,,1377.83
335,2017,2024-09-01,677,WM KMU Unterstützung 2023-2024,4149,WM-KMU 2024,REGIONALE FÖRDERUNG,FALSE,PRORATA_PAYROLL,24,,,1188.49
336,2016,2024-01-01,530,ISLANDER (mit MwSt),3402,WP7 REC creation,H2020,FALSE,PRORATA_PAYROLL,16,,,0
336,2016,2024-02-01,530,ISLANDER (mit MwSt),3402,WP7 REC creation,H2020,FALSE,PRORATA_PAYROLL,8.25,,,0
336,2016,2024-03-01,530,ISLANDER (mit MwSt),3402,WP7 REC creation,H2020,FALSE,PRORATA_PAYROLL,23.083333333333332,,,0
336,2016,2024-04-01,530,ISLANDER (mit MwSt),3402,WP7 REC creation,H2020,FALSE,PRORATA_PAYROLL,10.791666666666666,,,0
336,2016,2024-05-01,530,ISLANDER (mit MwSt),3402,WP7 REC creation,H2020,FALSE,PRORATA_PAYROLL,32,,,0
336,2016,2024-06-01,530,ISLANDER (mit MwSt),3402,WP7 REC creation,H2020,FALSE,PRORATA_PAYROLL,7.25,,,0
336,2016,2024-07-01,530,ISLANDER (mit MwSt),3402,WP7 REC creation,H2020,FALSE,PRORATA_PAYROLL,8,,,0
336,2016,2024-09-01,530,ISLANDER (mit MwSt),3402,WP7 REC creation,H2020,FALSE,PRORATA_PAYROLL,32,,,0
336,2016,2024-12-01,530,ISLANDER (mit MwSt),3402,WP7 REC creation,H2020,FALSE,PRORATA_PAYROLL,8,,,0
336,2016,2024-01-01,530,ISLANDER (mit MwSt),3404,"WP9 Exploitation, dissemination",H2020,FALSE,PRORATA_PAYROLL,16,,,0
336,2016,2024-02-01,530,ISLANDER (mit MwSt),3404,"WP9 Exploitation, dissemination",H2020,FALSE,PRORATA_PAYROLL,4,,,0
336,2016,2024-03-01,530,ISLANDER (mit MwSt),3404,"WP9 Exploitation, dissemination",H2020,FALSE,PRORATA_PAYROLL,14.833333333333334,,,0
336,2016,2024-04-01,530,ISLANDER (mit MwSt),3404,"WP9 Exploitation, dissemination",H2020,FALSE,PRORATA_PAYROLL,39.041666666666664,,,0
336,2016,2024-05-01,530,ISLANDER (mit MwSt),3404,"WP9 Exploitation, dissemination",H2020,FALSE,PRORATA_PAYROLL,80.5,,,0
336,2016,2024-06-01,530,ISLANDER (mit MwSt),3404,"WP9 Exploitation, dissemination",H2020,FALSE,PRORATA_PAYROLL,8,,,0
336,2016,2024-07-01,530,ISLANDER (mit MwSt),3404,"WP9 Exploitation, dissemination",H2020,FALSE,PRORATA_PAYROLL,15.5,,,0
336,2016,2024-11-01,530,ISLANDER (mit MwSt),3404,"WP9 Exploitation, dissemination",H2020,FALSE,PRORATA_PAYROLL,8,,,0
336,2016,2024-12-01,530,ISLANDER (mit MwSt),3404,"WP9 Exploitation, dissemination",H2020,FALSE,PRORATA_PAYROLL,8,,,0
337,2016,2024-01-01,530,ISLANDER (mit MwSt),3404,"WP9 Exploitation, dissemination",H2020,FALSE,PRORATA_PAYROLL,37.708333333333336,,,1166.51
337,2016,2024-02-01,530,ISLANDER (mit MwSt),3404,"WP9 Exploitation, dissemination",H2020,FALSE,PRORATA_PAYROLL,33.833333333333336,,,1076.54
337,2016,2024-03-01,530,ISLANDER (mit MwSt),3404,"WP9 Exploitation, dissemination",H2020,FALSE,PRORATA_PAYROLL,63.333333333333336,,,2150.36
337,2016,2024-04-01,530,ISLANDER (mit MwSt),3404,"WP9 Exploitation, dissemination",H2020,FALSE,PRORATA_PAYROLL,34.958333333333336,,,1395.45
337,2016,2024-05-01,530,ISLANDER (mit MwSt),3404,"WP9 Exploitation, dissemination",H2020,FALSE,PRORATA_PAYROLL,25.833333333333332,,,1376.53
337,2016,2024-06-01,530,ISLANDER (mit MwSt),3404,"WP9 Exploitation, dissemination",H2020,FALSE,PRORATA_PAYROLL,45.458333333333336,,,1610.45
337,2016,2024-07-01,530,ISLANDER (mit MwSt),3404,"WP9 Exploitation, dissemination",H2020,FALSE,PRORATA_PAYROLL,53.666666666666664,,,1677.05
337,2016,2024-08-01,530,ISLANDER (mit MwSt),3404,"WP9 Exploitation, dissemination",H2020,FALSE,PRORATA_PAYROLL,72,,,2352.22
337,2016,2024-09-01,530,ISLANDER (mit MwSt),3404,"WP9 Exploitation, dissemination",H2020,FALSE,PRORATA_PAYROLL,24.833333333333332,,,1983.18
337,2016,2024-10-01,530,ISLANDER (mit MwSt),3404,"WP9 Exploitation, dissemination",H2020,FALSE,PRORATA_PAYROLL,42.791666666666664,,,1618.73
337,2016,2024-11-01,530,ISLANDER (mit MwSt),3404,"WP9 Exploitation, dissemination",H2020,FALSE,PRORATA_PAYROLL,43.166666666666664,,,1455.74
337,2016,2024-12-01,530,ISLANDER (mit MwSt),3404,"WP9 Exploitation, dissemination",H2020,FALSE,PRORATA_PAYROLL,13.833333333333334,,,1366.25
337,2016,2025-02-01,530,ISLANDER (mit MwSt),3666,ISLANDER Planung,H2020,FALSE,PRORATA_PAYROLL,45.333333333333336,,,0
337,2016,2024-01-01,571,FlashPhos (mit MwSt),4577,WP10 Communication 2024,H2020,FALSE,PRORATA_PAYROLL,50.958333333333336,,,1576.4
337,2016,2024-03-01,571,FlashPhos (mit MwSt),4577,WP10 Communication 2024,H2020,FALSE,PRORATA_PAYROLL,2,,,67.91
337,2016,2024-04-01,571,FlashPhos (mit MwSt),4577,WP10 Communication 2024,H2020,FALSE,PRORATA_PAYROLL,42.041666666666664,,,1678.2
337,2016,2024-05-01,571,FlashPhos (mit MwSt),4577,WP10 Communication 2024,H2020,FALSE,PRORATA_PAYROLL,37.333333333333336,,,1989.31
337,2016,2024-06-01,571,FlashPhos (mit MwSt),4577,WP10 Communication 2024,H2020,FALSE,PRORATA_PAYROLL,54.083333333333336,,,1916
337,2016,2024-07-01,571,FlashPhos (mit MwSt),4577,WP10 Communication 2024,H2020,FALSE,PRORATA_PAYROLL,39,,,1218.72
337,2016,2024-08-01,571,FlashPhos (mit MwSt),4577,WP10 Communication 2024,H2020,FALSE,PRORATA_PAYROLL,32,,,1045.43
337,2016,2024-09-01,571,FlashPhos (mit MwSt),4577,WP10 Communication 2024,H2020,FALSE,PRORATA_PAYROLL,24.833333333333332,,,1983.18
337,2016,2024-10-01,571,FlashPhos (mit MwSt),4577,WP10 Communication 2024,H2020,FALSE,PRORATA_PAYROLL,34.541666666666664,,,1306.65
337,2016,2024-11-01,571,FlashPhos (mit MwSt),4577,WP10 Communication 2024,H2020,FALSE,PRORATA_PAYROLL,43.666666666666664,,,1472.6
337,2016,2024-12-01,571,FlashPhos (mit MwSt),4577,WP10 Communication 2024,H2020,FALSE,PRORATA_PAYROLL,18.5,,,1827.15
338,2016,2024-11-01,768,EVERY1: ExCo 2024,4662,WP5 Maximising impact,VERRECHNUNG INTERN,FALSE,PRORATA_PAYROLL,25,,,0
338,2016,2024-12-01,768,EVERY1: ExCo 2024,4662,WP5 Maximising impact,VERRECHNUNG INTERN,FALSE,PRORATA_PAYROLL,24,,,0
338,2016,2025-05-01,849,EVERY1: ExCo 2025,5169,"WP4 Knowledge creation, capacity building, and training materials",VERRECHNUNG INTERN,FALSE,PRORATA_PAYROLL,24.5,,,0
338,2016,2025-06-01,849,EVERY1: ExCo 2025,5169,"WP4 Knowledge creation, capacity building, and training materials",VERRECHNUNG INTERN,FALSE,PRORATA_PAYROLL,32,,,0
339,2016,2024-02-01,592,OpenLab (inkl. MwSt),3824,WP8 D&C,H2020,FALSE,PRORATA_PAYROLL,36,,,1292.16
339,2016,2024-03-01,592,OpenLab (inkl. MwSt),3824,WP8 D&C,H2020,FALSE,PRORATA_PAYROLL,29,,,1137.04
339,2016,2024-04-01,592,OpenLab (inkl. MwSt),3824,WP8 D&C,H2020,FALSE,PRORATA_PAYROLL,35,,,1175.57
339,2016,2024-05-01,592,OpenLab (inkl. MwSt),3824,WP8 D&C,H2020,FALSE,PRORATA_PAYROLL,42.5,,,1650.58
339,2016,2024-06-01,592,OpenLab (inkl. MwSt),3824,WP8 D&C,H2020,FALSE,PRORATA_PAYROLL,39.5,,,1459.97
339,2016,2024-07-01,592,OpenLab (inkl. MwSt),3824,WP8 D&C,H2020,FALSE,PRORATA_PAYROLL,15,,,535.28
339,2016,2024-08-01,592,OpenLab (inkl. MwSt),3824,WP8 D&C,H2020,FALSE,PRORATA_PAYROLL,27.5,,,1131.02
339,2016,2024-09-01,592,OpenLab (inkl. MwSt),3824,WP8 D&C,H2020,FALSE,PRORATA_PAYROLL,16,,,1083.94
339,2016,2024-10-01,592,OpenLab (inkl. MwSt),3824,WP8 D&C,H2020,FALSE,PRORATA_PAYROLL,25.75,,,947.65
339,2016,2024-11-01,592,OpenLab (inkl. MwSt),3824,WP8 D&C,H2020,FALSE,PRORATA_PAYROLL,17.75,,,1032.67
339,2016,2024-12-01,592,OpenLab (inkl. MwSt),3824,WP8 D&C,H2020,FALSE,PRORATA_PAYROLL,61.5,,,7096.5
339,2016,2024-08-01,592,OpenLab (inkl. MwSt),3876,WP7 Exploitation,H2020,FALSE,PRORATA_PAYROLL,10,,,411.28
339,2016,2024-03-01,592,OpenLab (inkl. MwSt),3877,WP9 Management,H2020,FALSE,PRORATA_PAYROLL,7.5,,,294.06
339,2016,2024-04-01,592,OpenLab (inkl. MwSt),3877,WP9 Management,H2020,FALSE,PRORATA_PAYROLL,7.5,,,251.91
339,2016,2024-10-01,592,OpenLab (inkl. MwSt),3877,WP9 Management,H2020,FALSE,PRORATA_PAYROLL,16.75,,,616.43
342,2016,2025-01-01,645,NanodiagBW (mit MwSt.),4035,nanodiagBW - 2025,NATIONALE FÖRDERUNG,FALSE,PRORATA_PAYROLL,44,,,0
342,2016,2025-02-01,645,NanodiagBW (mit MwSt.),4035,nanodiagBW - 2025,NATIONALE FÖRDERUNG,FALSE,PRORATA_PAYROLL,46.666666666666664,,,0
342,2016,2025-03-01,645,NanodiagBW (mit MwSt.),4035,nanodiagBW - 2025,NATIONALE FÖRDERUNG,FALSE,PRORATA_PAYROLL,20,,,0
342,2016,2025-04-01,645,NanodiagBW (mit MwSt.),4035,nanodiagBW - 2025,NATIONALE FÖRDERUNG,FALSE,PRORATA_PAYROLL,56,,,0
342,2016,2025-05-01,645,NanodiagBW (mit MwSt.),4035,nanodiagBW - 2025,NATIONALE FÖRDERUNG,FALSE,PRORATA_PAYROLL,33.333333333333336,,,0
342,2016,2025-06-01,645,NanodiagBW (mit MwSt.),4035,nanodiagBW - 2025,NATIONALE FÖRDERUNG,FALSE,PRORATA_PAYROLL,34.666666666666664,,,0
343,2016,2024-04-01,562,COSMHYC DEMO (mit MwSt),4572,WP7 ComDissExp 2024 - DEMO,H2020,FALSE,PRORATA_PAYROLL,24,,,674.82
343,2016,2024-05-01,562,COSMHYC DEMO (mit MwSt),4572,WP7 ComDissExp 2024 - DEMO,H2020,FALSE,PRORATA_PAYROLL,45.333333333333336,,,1475.93
343,2016,2024-06-01,562,COSMHYC DEMO (mit MwSt),4572,WP7 ComDissExp 2024 - DEMO,H2020,FALSE,PRORATA_PAYROLL,24,,,696.37
343,2016,2024-07-01,562,COSMHYC DEMO (mit MwSt),4572,WP7 ComDissExp 2024 - DEMO,H2020,FALSE,PRORATA_PAYROLL,52.166666666666664,,,1623.66
343,2016,2024-08-01,562,COSMHYC DEMO (mit MwSt),4572,WP7 ComDissExp 2024 - DEMO,H2020,FALSE,PRORATA_PAYROLL,48,,,1810.5
343,2016,2024-09-01,562,COSMHYC DEMO (mit MwSt),4572,WP7 ComDissExp 2024 - DEMO,H2020,FALSE,PRORATA_PAYROLL,72,,,2098.53
343,2016,2024-10-01,562,COSMHYC DEMO (mit MwSt),4572,WP7 ComDissExp 2024 - DEMO,H2020,FALSE,PRORATA_PAYROLL,53.333333333333336,,,1709.92
343,2016,2024-11-01,562,COSMHYC DEMO (mit MwSt),4572,WP7 ComDissExp 2024 - DEMO,H2020,FALSE,PRORATA_PAYROLL,54,,,1753.21
343,2016,2024-12-01,562,COSMHYC DEMO (mit MwSt),4572,WP7 ComDissExp 2024 - DEMO,H2020,FALSE,PRORATA_PAYROLL,34,,,1991.41
343,2016,2025-01-01,562,COSMHYC DEMO (mit MwSt),4920,WP1 Management 2025 - DEMO,H2020,FALSE,PRORATA_PAYROLL,7.85,,,0
343,2016,2025-02-01,562,COSMHYC DEMO (mit MwSt),4920,WP1 Management 2025 - DEMO,H2020,FALSE,PRORATA_PAYROLL,4.4,,,0
343,2016,2025-03-01,562,COSMHYC DEMO (mit MwSt),4920,WP1 Management 2025 - DEMO,H2020,FALSE,PRORATA_PAYROLL,10.333333333333334,,,0
343,2016,2025-04-01,562,COSMHYC DEMO (mit MwSt),4920,WP1 Management 2025 - DEMO,H2020,FALSE,PRORATA_PAYROLL,12.266666666666667,,,0
343,2016,2025-05-01,562,COSMHYC DEMO (mit MwSt),4920,WP1 Management 2025 - DEMO,H2020,FALSE,PRORATA_PAYROLL,48.50833333333333,,,0
343,2016,2025-06-01,562,COSMHYC DEMO (mit MwSt),4920,WP1 Management 2025 - DEMO,H2020,FALSE,PRORATA_PAYROLL,18.25,,,0
343,2016,2025-07-01,562,COSMHYC DEMO (mit MwSt),4920,WP1 Management 2025 - DEMO,H2020,FALSE,PRORATA_PAYROLL,6.916666666666667,,,0
343,2016,2025-01-01,562,COSMHYC DEMO (mit MwSt),4921,WP7 ComDissExp 2025 - DEMO,H2020,FALSE,PRORATA_PAYROLL,23.85,,,0
343,2016,2025-02-01,562,COSMHYC DEMO (mit MwSt),4921,WP7 ComDissExp 2025 - DEMO,H2020,FALSE,PRORATA_PAYROLL,33.108333333333334,,,0
343,2016,2025-03-01,562,COSMHYC DEMO (mit MwSt),4921,WP7 ComDissExp 2025 - DEMO,H2020,FALSE,PRORATA_PAYROLL,20.25,,,0
343,2016,2025-04-01,562,COSMHYC DEMO (mit MwSt),4921,WP7 ComDissExp 2025 - DEMO,H2020,FALSE,PRORATA_PAYROLL,11.6,,,0
343,2016,2025-05-01,562,COSMHYC DEMO (mit MwSt),4921,WP7 ComDissExp 2025 - DEMO,H2020,FALSE,PRORATA_PAYROLL,45.50833333333333,,,0
343,2016,2025-06-01,562,COSMHYC DEMO (mit MwSt),4921,WP7 ComDissExp 2025 - DEMO,H2020,FALSE,PRORATA_PAYROLL,15.708333333333334,,,0
343,2016,2025-07-01,562,COSMHYC DEMO (mit MwSt),4921,WP7 ComDissExp 2025 - DEMO,H2020,FALSE,PRORATA_PAYROLL,52.541666666666664,,,0
343,2016,2025-08-01,562,COSMHYC DEMO (mit MwSt),4921,WP7 ComDissExp 2025 - DEMO,H2020,FALSE,PRORATA_PAYROLL,9.875,,,0
344,2136,2024-04-01,715,EUB: 2024 - 2025,4414,EUB 2024,INSTITUTIONELLE FÖRDERUNG,FALSE,PRORATA_PAYROLL,169.25,,,5084.1
344,2136,2024-05-01,715,EUB: 2024 - 2025,4414,EUB 2024,INSTITUTIONELLE FÖRDERUNG,FALSE,PRORATA_PAYROLL,154.25,,,5084.1
344,2136,2024-06-01,715,EUB: 2024 - 2025,4414,EUB 2024,INSTITUTIONELLE FÖRDERUNG,FALSE,PRORATA_PAYROLL,160.25,,,5184.1
344,2136,2024-07-01,715,EUB: 2024 - 2025,4414,EUB 2024,INSTITUTIONELLE FÖRDERUNG,FALSE,PRORATA_PAYROLL,184.25,,,5084.1
344,2136,2024-08-01,715,EUB: 2024 - 2025,4414,EUB 2024,INSTITUTIONELLE FÖRDERUNG,FALSE,PRORATA_PAYROLL,110.66666666666667,,,5084.1
344,2136,2024-09-01,715,EUB: 2024 - 2025,4414,EUB 2024,INSTITUTIONELLE FÖRDERUNG,FALSE,PRORATA_PAYROLL,57.375,,,1271.03
344,2136,2024-10-01,715,EUB: 2024 - 2025,4414,EUB 2024,INSTITUTIONELLE FÖRDERUNG,FALSE,PRORATA_PAYROLL,69.625,,,1316.43
344,2136,2024-11-01,715,EUB: 2024 - 2025,4414,EUB 2024,INSTITUTIONELLE FÖRDERUNG,FALSE,PRORATA_PAYROLL,62.5,,,1316.43
344,2136,2024-12-01,715,EUB: 2024 - 2025,4414,EUB 2024,INSTITUTIONELLE FÖRDERUNG,FALSE,PRORATA_PAYROLL,47.916666666666664,,,2393.7
344,2017,2024-09-01,781,INTERREG: RECENTRE,4794,WP1 2024 - To engage SMEs to develop the transformation model,INTERREG,FALSE,PRORATA_PAYROLL,113.625,,,3813.08
344,2017,2024-10-01,781,INTERREG: RECENTRE,4794,WP1 2024 - To engage SMEs to develop the transformation model,INTERREG,FALSE,PRORATA_PAYROLL,104.375,,,3949.25
344,2017,2024-11-01,781,INTERREG: RECENTRE,4794,WP1 2024 - To engage SMEs to develop the transformation model,INTERREG,FALSE,PRORATA_PAYROLL,62.5,,,3949.25
344,2017,2024-12-01,781,INTERREG: RECENTRE,4794,WP1 2024 - To engage SMEs to develop the transformation model,INTERREG,FALSE,PRORATA_PAYROLL,55.416666666666664,,,4377.73
344,2017,2025-01-01,781,INTERREG: RECENTRE,4803,WP1 2025 RP1 - To engage SMEs to develop the transformation model,INTERREG,FALSE,PRORATA_PAYROLL,152,,,5289.17
344,2017,2025-02-01,781,INTERREG: RECENTRE,4803,WP1 2025 RP1 - To engage SMEs to develop the transformation model,INTERREG,FALSE,PRORATA_PAYROLL,160,,,5289.17
344,2017,2025-03-01,781,INTERREG: RECENTRE,4804,WP2 2025 RP2 - Testing the methodology for a Manufacturing 5.0,INTERREG,FALSE,PRORATA_PAYROLL,20.295833333333334,,,858.78
344,2017,2025-04-01,781,INTERREG: RECENTRE,4804,WP2 2025 RP2 - Testing the methodology for a Manufacturing 5.0,INTERREG,FALSE,PRORATA_PAYROLL,21.4375,,,799.35
344,2017,2025-05-01,781,INTERREG: RECENTRE,4804,WP2 2025 RP2 - Testing the methodology for a Manufacturing 5.0,INTERREG,FALSE,PRORATA_PAYROLL,27.395833333333332,,,1056.75
344,2017,2025-06-01,781,INTERREG: RECENTRE,4804,WP2 2025 RP2 - Testing the methodology for a Manufacturing 5.0,INTERREG,FALSE,PRORATA_PAYROLL,31.55,,,1470.53
344,2017,2025-07-01,781,INTERREG: RECENTRE,4804,WP2 2025 RP2 - Testing the methodology for a Manufacturing 5.0,INTERREG,FALSE,PRORATA_PAYROLL,64.85416666666667,,,2072.79
344,2017,2025-08-01,781,INTERREG: RECENTRE,4804,WP2 2025 RP2 - Testing the methodology for a Manufacturing 5.0,INTERREG,FALSE,PRORATA_PAYROLL,28.966666666666665,,,1800.16
344,2017,2025-03-01,781,INTERREG: RECENTRE,4923,WP1 2025 RP2 - To engage SMEs to develop the transformation model,INTERREG,FALSE,PRORATA_PAYROLL,29.191666666666666,,,1235.2
344,2017,2025-04-01,781,INTERREG: RECENTRE,4923,WP1 2025 RP2 - To engage SMEs to develop the transformation model,INTERREG,FALSE,PRORATA_PAYROLL,34.4375,,,1284.09
344,2017,2025-05-01,781,INTERREG: RECENTRE,4923,WP1 2025 RP2 - To engage SMEs to develop the transformation model,INTERREG,FALSE,PRORATA_PAYROLL,28.979166666666668,,,1117.82
344,2017,2025-06-01,781,INTERREG: RECENTRE,4923,WP1 2025 RP2 - To engage SMEs to develop the transformation model,INTERREG,FALSE,PRORATA_PAYROLL,9.175,,,427.64
344,2017,2025-03-01,797,PA8 Lighthouse Projects WM,4828,SO1 Lighthouse projects identification and study document development (2025),TENDER,FALSE,PRORATA_PAYROLL,34.3375,,,1452.93
344,2017,2025-04-01,797,PA8 Lighthouse Projects WM,4828,SO1 Lighthouse projects identification and study document development (2025),TENDER,FALSE,PRORATA_PAYROLL,34.416666666666664,,,1283.31
344,2017,2025-05-01,797,PA8 Lighthouse Projects WM,4828,SO1 Lighthouse projects identification and study document development (2025),TENDER,FALSE,PRORATA_PAYROLL,22.541666666666668,,,869.51
344,2017,2025-06-01,797,PA8 Lighthouse Projects WM,4828,SO1 Lighthouse projects identification and study document development (2025),TENDER,FALSE,PRORATA_PAYROLL,18.758333333333333,,,874.32
344,2017,2025-07-01,797,PA8 Lighthouse Projects WM,4828,SO1 Lighthouse projects identification and study document development (2025),TENDER,FALSE,PRORATA_PAYROLL,35.208333333333336,,,1125.29
344,2017,2025-08-01,797,PA8 Lighthouse Projects WM,4828,SO1 Lighthouse projects identification and study document development (2025),TENDER,FALSE,PRORATA_PAYROLL,24.833333333333332,,,1543.29
344,2017,2025-03-01,797,PA8 Lighthouse Projects WM,4829,SO2 Communication & Dissemination activities (2025),TENDER,FALSE,PRORATA_PAYROLL,6.5375,,,276.62
344,2017,2025-04-01,797,PA8 Lighthouse Projects WM,4829,SO2 Communication & Dissemination activities (2025),TENDER,FALSE,PRORATA_PAYROLL,2.25,,,83.9
344,2017,2025-05-01,797,PA8 Lighthouse Projects WM,4829,SO2 Communication & Dissemination activities (2025),TENDER,FALSE,PRORATA_PAYROLL,2.4166666666666665,,,93.22
344,2017,2025-06-01,797,PA8 Lighthouse Projects WM,4829,SO2 Communication & Dissemination activities (2025),TENDER,FALSE,PRORATA_PAYROLL,11.591666666666667,,,540.28
344,2017,2025-07-01,797,PA8 Lighthouse Projects WM,4829,SO2 Communication & Dissemination activities (2025),TENDER,FALSE,PRORATA_PAYROLL,4.0625,,,129.84
344,2017,2025-08-01,797,PA8 Lighthouse Projects WM,4829,SO2 Communication & Dissemination activities (2025),TENDER,FALSE,PRORATA_PAYROLL,1.55,,,96.33
344,2017,2025-03-01,797,PA8 Lighthouse Projects WM,4830,SO3 Regional/International Workshop Events (2025),TENDER,FALSE,PRORATA_PAYROLL,18.925,,,800.78
344,2017,2025-04-01,797,PA8 Lighthouse Projects WM,4830,SO3 Regional/International Workshop Events (2025),TENDER,FALSE,PRORATA_PAYROLL,6.125,,,228.39
344,2017,2025-05-01,797,PA8 Lighthouse Projects WM,4830,SO3 Regional/International Workshop Events (2025),TENDER,FALSE,PRORATA_PAYROLL,14.75,,,568.96
344,2017,2025-07-01,797,PA8 Lighthouse Projects WM,4830,SO3 Regional/International Workshop Events (2025),TENDER,FALSE,PRORATA_PAYROLL,6.395833333333333,,,204.42
344,2017,2025-08-01,797,PA8 Lighthouse Projects WM,4830,SO3 Regional/International Workshop Events (2025),TENDER,FALSE,PRORATA_PAYROLL,2.5833333333333335,,,160.54
344,2017,2025-03-01,797,PA8 Lighthouse Projects WM,4831,SO4 Project Management,TENDER,FALSE,PRORATA_PAYROLL,15.7125,,,664.85
344,2017,2025-04-01,797,PA8 Lighthouse Projects WM,4831,SO4 Project Management,TENDER,FALSE,PRORATA_PAYROLL,12.9375,,,482.41
344,2017,2025-05-01,797,PA8 Lighthouse Projects WM,4831,SO4 Project Management,TENDER,FALSE,PRORATA_PAYROLL,4.895833333333333,,,188.85
344,2017,2025-06-01,797,PA8 Lighthouse Projects WM,4831,SO4 Project Management,TENDER,FALSE,PRORATA_PAYROLL,11.5,,,536.01
344,2017,2025-07-01,797,PA8 Lighthouse Projects WM,4831,SO4 Project Management,TENDER,FALSE,PRORATA_PAYROLL,11.291666666666666,,,360.89
344,2017,2025-08-01,797,PA8 Lighthouse Projects WM,4831,SO4 Project Management,TENDER,FALSE,PRORATA_PAYROLL,1.55,,,96.33
344,2017,2025-04-01,806,INTERREG: SMILE INCUBATOR,4940,SO1_R1_2025_Mapping the state of youth participation,INTERREG,FALSE,PRORATA_PAYROLL,17.25,,,643.21
344,2017,2025-05-01,806,INTERREG: SMILE INCUBATOR,4940,SO1_R1_2025_Mapping the state of youth participation,INTERREG,FALSE,PRORATA_PAYROLL,20.020833333333332,,,772.27
344,2017,2025-06-01,806,INTERREG: SMILE INCUBATOR,4940,SO1_R1_2025_Mapping the state of youth participation,INTERREG,FALSE,PRORATA_PAYROLL,22.716666666666665,,,1058.81
344,2017,2025-07-01,806,INTERREG: SMILE INCUBATOR,4940,SO1_R1_2025_Mapping the state of youth participation,INTERREG,FALSE,PRORATA_PAYROLL,22.875,,,731.1
344,2017,2025-08-01,806,INTERREG: SMILE INCUBATOR,4940,SO1_R1_2025_Mapping the state of youth participation,INTERREG,FALSE,PRORATA_PAYROLL,7.05,,,438.13
344,2017,2025-04-01,806,INTERREG: SMILE INCUBATOR,4941,SO2_R1_2025_Cooperation network of rural youth leaders,INTERREG,FALSE,PRORATA_PAYROLL,21.145833333333332,,,788.48
344,2017,2025-05-01,806,INTERREG: SMILE INCUBATOR,4941,SO2_R1_2025_Cooperation network of rural youth leaders,INTERREG,FALSE,PRORATA_PAYROLL,24,,,925.76
344,2017,2025-06-01,806,INTERREG: SMILE INCUBATOR,4941,SO2_R1_2025_Cooperation network of rural youth leaders,INTERREG,FALSE,PRORATA_PAYROLL,14.708333333333334,,,685.55
344,2017,2025-07-01,806,INTERREG: SMILE INCUBATOR,4941,SO2_R1_2025_Cooperation network of rural youth leaders,INTERREG,FALSE,PRORATA_PAYROLL,30.3125,,,968.81
344,2017,2025-08-01,806,INTERREG: SMILE INCUBATOR,4941,SO2_R1_2025_Cooperation network of rural youth leaders,INTERREG,FALSE,PRORATA_PAYROLL,23.466666666666665,,,1458.36
349,2016,2025-01-01,449,ATELIER  (o.Vst),3080,"WP10 Communication, Dissemination & Exploitation",H2020,FALSE,PRORATA_PAYROLL,8,,,0
349,2016,2025-02-01,449,ATELIER  (o.Vst),3080,"WP10 Communication, Dissemination & Exploitation",H2020,FALSE,PRORATA_PAYROLL,8.25,,,0
349,2016,2025-03-01,449,ATELIER  (o.Vst),3080,"WP10 Communication, Dissemination & Exploitation",H2020,FALSE,PRORATA_PAYROLL,3.625,,,0
349,2016,2025-04-01,449,ATELIER  (o.Vst),3080,"WP10 Communication, Dissemination & Exploitation",H2020,FALSE,PRORATA_PAYROLL,16.25,,,0
349,2016,2024-04-01,449,ATELIER  (o.Vst),3086,"WP10 T10.7. Digital Dissemination Materials 9,5PM",H2020,FALSE,PRORATA_PAYROLL,4,,,109.39
349,2016,2024-05-01,449,ATELIER  (o.Vst),3086,"WP10 T10.7. Digital Dissemination Materials 9,5PM",H2020,FALSE,PRORATA_PAYROLL,4,,,127.63
349,2016,2024-06-01,449,ATELIER  (o.Vst),3086,"WP10 T10.7. Digital Dissemination Materials 9,5PM",H2020,FALSE,PRORATA_PAYROLL,4,,,117.36
349,2016,2024-07-01,449,ATELIER  (o.Vst),3086,"WP10 T10.7. Digital Dissemination Materials 9,5PM",H2020,FALSE,PRORATA_PAYROLL,4,,,104.42
349,2016,2024-08-01,449,ATELIER  (o.Vst),3086,"WP10 T10.7. Digital Dissemination Materials 9,5PM",H2020,FALSE,PRORATA_PAYROLL,4,,,109.39
349,2016,2024-09-01,449,ATELIER  (o.Vst),3086,"WP10 T10.7. Digital Dissemination Materials 9,5PM",H2020,FALSE,PRORATA_PAYROLL,4,,,114.86
349,2016,2024-10-01,449,ATELIER  (o.Vst),3086,"WP10 T10.7. Digital Dissemination Materials 9,5PM",H2020,FALSE,PRORATA_PAYROLL,4,,,206.55
349,2016,2024-11-01,449,ATELIER  (o.Vst),3086,"WP10 T10.7. Digital Dissemination Materials 9,5PM",H2020,FALSE,PRORATA_PAYROLL,3.75,,,122.3
349,2016,2024-12-01,592,OpenLab (inkl. MwSt),3824,WP8 D&C,H2020,FALSE,PRORATA_PAYROLL,16,,,845.76
350,2017,2024-04-01,642,TENDER: DTA,4014,Tender DTA - 2024,TENDER,FALSE,PRORATA_PAYROLL,34.5,,,0
350,2017,2024-05-01,642,TENDER: DTA,4014,Tender DTA - 2024,TENDER,FALSE,PRORATA_PAYROLL,35.75,,,688.01
350,2017,2024-06-01,642,TENDER: DTA,4014,Tender DTA - 2024,TENDER,FALSE,PRORATA_PAYROLL,35.75,,,682.24
350,2017,2024-07-01,642,TENDER: DTA,4014,Tender DTA - 2024,TENDER,FALSE,PRORATA_PAYROLL,35.75,,,504.25
350,2017,2024-08-01,642,TENDER: DTA,4014,Tender DTA - 2024,TENDER,FALSE,PRORATA_PAYROLL,35.75,,,596.53
350,2017,2024-09-01,642,TENDER: DTA,4014,Tender DTA - 2024,TENDER,FALSE,PRORATA_PAYROLL,35.75,,,596.53
350,2017,2024-10-01,642,TENDER: DTA,4014,Tender DTA - 2024,TENDER,FALSE,PRORATA_PAYROLL,35.75,,,591.59
350,2017,2024-11-01,642,TENDER: DTA,4014,Tender DTA - 2024,TENDER,FALSE,PRORATA_PAYROLL,35.75,,,596.53
350,2017,2024-12-01,642,TENDER: DTA,4014,Tender DTA - 2024,TENDER,FALSE,PRORATA_PAYROLL,35.75,,,596.53
350,2017,2025-01-01,803,SUCCESS FEE: Circular-C,4842,Success Fee,SUCCESS FEE,FALSE,PRORATA_PAYROLL,35.75,,,596.53
350,2017,2025-02-01,803,SUCCESS FEE: Circular-C,4842,Success Fee,SUCCESS FEE,FALSE,PRORATA_PAYROLL,35.75,,,595.87
350,2017,2025-03-01,803,SUCCESS FEE: Circular-C,4842,Success Fee,SUCCESS FEE,FALSE,PRORATA_PAYROLL,32,,,628.79
359,2016,2024-12-01,768,EVERY1: ExCo 2024,4662,WP5 Maximising impact,VERRECHNUNG INTERN,FALSE,PRORATA_PAYROLL,24,,,1622.36
361,2017,2025-01-01,803,SUCCESS FEE: Circular-C,4842,Success Fee,SUCCESS FEE,FALSE,PRORATA_PAYROLL,12.8,,,5528.94
362,2017,2024-10-01,738,INTERREG: BrAIn,4641,SO1 Enhancing the competitiveness of SMEs (Juli - Dez 2024),INTERREG,FALSE,PRORATA_PAYROLL,17.142857142857142,,,459.83
362,2017,2024-11-01,738,INTERREG: BrAIn,4641,SO1 Enhancing the competitiveness of SMEs (Juli - Dez 2024),INTERREG,FALSE,PRORATA_PAYROLL,14.933333333333334,,,440.62
362,2017,2024-12-01,738,INTERREG: BrAIn,4641,SO1 Enhancing the competitiveness of SMEs (Juli - Dez 2024),INTERREG,FALSE,PRORATA_PAYROLL,18.933333333333334,,,813.28
362,2017,2024-10-01,738,INTERREG: BrAIn,4643,SO2 Acceleration of transnational uptake of AI technologies (Juli - Dez 2024),INTERREG,FALSE,PRORATA_PAYROLL,17.142857142857142,,,459.83
362,2017,2024-11-01,738,INTERREG: BrAIn,4643,SO2 Acceleration of transnational uptake of AI technologies (Juli - Dez 2024),INTERREG,FALSE,PRORATA_PAYROLL,14.666666666666666,,,432.75
362,2017,2024-12-01,738,INTERREG: BrAIn,4643,SO2 Acceleration of transnational uptake of AI technologies (Juli - Dez 2024),INTERREG,FALSE,PRORATA_PAYROLL,18.74285714285714,,,805.1
362,2017,2024-10-01,738,INTERREG: BrAIn,4644,SO3 Increase and harmonize the capacity of policy makers (Juli - Dez 2024),INTERREG,FALSE,PRORATA_PAYROLL,16.000000000000004,,,429.18
362,2017,2024-11-01,738,INTERREG: BrAIn,4644,SO3 Increase and harmonize the capacity of policy makers (Juli - Dez 2024),INTERREG,FALSE,PRORATA_PAYROLL,22.4,,,660.93
362,2017,2024-12-01,738,INTERREG: BrAIn,4644,SO3 Increase and harmonize the capacity of policy makers (Juli - Dez 2024),INTERREG,FALSE,PRORATA_PAYROLL,5.6761904761904765,,,243.82
362,2017,2025-01-01,738,INTERREG: BrAIn,4976,SO1 Enhancing the competitivness of SMEs (Jan - Jun 2025),INTERREG,FALSE,PRORATA_PAYROLL,12.6,,,398.33
362,2017,2025-02-01,738,INTERREG: BrAIn,4976,SO1 Enhancing the competitivness of SMEs (Jan - Jun 2025),INTERREG,FALSE,PRORATA_PAYROLL,14,,,442.59
362,2017,2025-03-01,738,INTERREG: BrAIn,4976,SO1 Enhancing the competitivness of SMEs (Jan - Jun 2025),INTERREG,FALSE,PRORATA_PAYROLL,10.666666666666666,,,306.55
362,2017,2025-04-01,738,INTERREG: BrAIn,4976,SO1 Enhancing the competitivness of SMEs (Jan - Jun 2025),INTERREG,FALSE,PRORATA_PAYROLL,12.333333333333334,,,384.28
362,2017,2025-05-01,738,INTERREG: BrAIn,4976,SO1 Enhancing the competitivness of SMEs (Jan - Jun 2025),INTERREG,FALSE,PRORATA_PAYROLL,13.516666666666667,,,518.33
362,2017,2025-06-01,738,INTERREG: BrAIn,4976,SO1 Enhancing the competitivness of SMEs (Jan - Jun 2025),INTERREG,FALSE,PRORATA_PAYROLL,7.6,,,280.65
362,2017,2025-01-01,738,INTERREG: BrAIn,4978,SO2 Acceleration of transnational uptake of AI technologies (Jan - Jun 2025),INTERREG,FALSE,PRORATA_PAYROLL,16.666666666666668,,,526.89
362,2017,2025-02-01,738,INTERREG: BrAIn,4978,SO2 Acceleration of transnational uptake of AI technologies (Jan - Jun 2025),INTERREG,FALSE,PRORATA_PAYROLL,12.266666666666667,,,387.79
362,2017,2025-03-01,738,INTERREG: BrAIn,4978,SO2 Acceleration of transnational uptake of AI technologies (Jan - Jun 2025),INTERREG,FALSE,PRORATA_PAYROLL,24.1,,,692.62
362,2017,2025-04-01,738,INTERREG: BrAIn,4978,SO2 Acceleration of transnational uptake of AI technologies (Jan - Jun 2025),INTERREG,FALSE,PRORATA_PAYROLL,8.8,,,274.19
362,2017,2025-05-01,738,INTERREG: BrAIn,4978,SO2 Acceleration of transnational uptake of AI technologies (Jan - Jun 2025),INTERREG,FALSE,PRORATA_PAYROLL,9.6,,,368.14
362,2017,2025-06-01,738,INTERREG: BrAIn,4978,SO2 Acceleration of transnational uptake of AI technologies (Jan - Jun 2025),INTERREG,FALSE,PRORATA_PAYROLL,5.2,,,192.02
362,2017,2025-01-01,738,INTERREG: BrAIn,4980,SO3 Increase and harmonize the capacity of policy makers (Jan - Jun 2025),INTERREG,FALSE,PRORATA_PAYROLL,13.1,,,414.14
362,2017,2025-02-01,738,INTERREG: BrAIn,4980,SO3 Increase and harmonize the capacity of policy makers (Jan - Jun 2025),INTERREG,FALSE,PRORATA_PAYROLL,16.35,,,516.88
362,2017,2025-03-01,738,INTERREG: BrAIn,4980,SO3 Increase and harmonize the capacity of policy makers (Jan - Jun 2025),INTERREG,FALSE,PRORATA_PAYROLL,11.666666666666666,,,335.29
362,2017,2025-04-01,738,INTERREG: BrAIn,4980,SO3 Increase and harmonize the capacity of policy makers (Jan - Jun 2025),INTERREG,FALSE,PRORATA_PAYROLL,15.333333333333334,,,477.75
362,2017,2025-05-01,738,INTERREG: BrAIn,4980,SO3 Increase and harmonize the capacity of policy makers (Jan - Jun 2025),INTERREG,FALSE,PRORATA_PAYROLL,12.116666666666667,,,464.65
362,2017,2025-06-01,738,INTERREG: BrAIn,4980,SO3 Increase and harmonize the capacity of policy makers (Jan - Jun 2025),INTERREG,FALSE,PRORATA_PAYROLL,21.276190476190475,,,785.67
362,2017,2024-10-01,739,INTERREG: Culinary Trail,4523,WP1 (SO1) Safeguarded culinary heritage,INTERREG,FALSE,PRORATA_PAYROLL,17.142857142857142,,,459.83
362,2017,2024-11-01,739,INTERREG: Culinary Trail,4523,WP1 (SO1) Safeguarded culinary heritage,INTERREG,FALSE,PRORATA_PAYROLL,31.466666666666665,,,928.45
362,2017,2024-12-01,739,INTERREG: Culinary Trail,4523,WP1 (SO1) Safeguarded culinary heritage,INTERREG,FALSE,PRORATA_PAYROLL,21.276190476190475,,,913.92
362,2017,2024-10-01,739,INTERREG: Culinary Trail,4524,WP2 (SO2) Thriving culinary heritage,INTERREG,FALSE,PRORATA_PAYROLL,17.142857142857142,,,459.83
362,2017,2024-11-01,739,INTERREG: Culinary Trail,4524,WP2 (SO2) Thriving culinary heritage,INTERREG,FALSE,PRORATA_PAYROLL,2.6666666666666665,,,78.68
362,2017,2024-12-01,739,INTERREG: Culinary Trail,4524,WP2 (SO2) Thriving culinary heritage,INTERREG,FALSE,PRORATA_PAYROLL,10.609523809523811,,,455.73
362,2017,2024-10-01,739,INTERREG: Culinary Trail,4525,WP3 (SO3) Culinary trail 4 the future,INTERREG,FALSE,PRORATA_PAYROLL,16.000000000000004,,,429.18
362,2017,2024-11-01,739,INTERREG: Culinary Trail,4525,WP3 (SO3) Culinary trail 4 the future,INTERREG,FALSE,PRORATA_PAYROLL,1.3333333333333333,,,39.34
362,2017,2025-01-01,739,INTERREG: Culinary Trail,4925,SO1 Safeguarded culinary heritage P3 01.2025- 06.2025,INTERREG,FALSE,PRORATA_PAYROLL,4,,,126.45
362,2017,2025-02-01,739,INTERREG: Culinary Trail,4925,SO1 Safeguarded culinary heritage P3 01.2025- 06.2025,INTERREG,FALSE,PRORATA_PAYROLL,3.2,,,101.16
362,2017,2025-03-01,739,INTERREG: Culinary Trail,4925,SO1 Safeguarded culinary heritage P3 01.2025- 06.2025,INTERREG,FALSE,PRORATA_PAYROLL,1.8,,,51.73
362,2017,2025-04-01,739,INTERREG: Culinary Trail,4925,SO1 Safeguarded culinary heritage P3 01.2025- 06.2025,INTERREG,FALSE,PRORATA_PAYROLL,4,,,124.63
362,2017,2025-05-01,739,INTERREG: Culinary Trail,4925,SO1 Safeguarded culinary heritage P3 01.2025- 06.2025,INTERREG,FALSE,PRORATA_PAYROLL,1.6,,,61.36
362,2017,2025-06-01,739,INTERREG: Culinary Trail,4925,SO1 Safeguarded culinary heritage P3 01.2025- 06.2025,INTERREG,FALSE,PRORATA_PAYROLL,3.142857142857143,,,116.06
362,2017,2025-01-01,739,INTERREG: Culinary Trail,4926,SO2 Thriving culinary heritage P3 01.2025-06.2025,INTERREG,FALSE,PRORATA_PAYROLL,5.6,,,177.04
362,2017,2025-02-01,739,INTERREG: Culinary Trail,4926,SO2 Thriving culinary heritage P3 01.2025-06.2025,INTERREG,FALSE,PRORATA_PAYROLL,4,,,126.45
362,2017,2025-03-01,739,INTERREG: Culinary Trail,4926,SO2 Thriving culinary heritage P3 01.2025-06.2025,INTERREG,FALSE,PRORATA_PAYROLL,3.3333333333333335,,,95.8
362,2017,2025-04-01,739,INTERREG: Culinary Trail,4926,SO2 Thriving culinary heritage P3 01.2025-06.2025,INTERREG,FALSE,PRORATA_PAYROLL,5.6,,,174.48
362,2017,2025-05-01,739,INTERREG: Culinary Trail,4926,SO2 Thriving culinary heritage P3 01.2025-06.2025,INTERREG,FALSE,PRORATA_PAYROLL,5.6,,,214.75
362,2017,2025-06-01,739,INTERREG: Culinary Trail,4926,SO2 Thriving culinary heritage P3 01.2025-06.2025,INTERREG,FALSE,PRORATA_PAYROLL,3.2,,,118.17
362,2017,2025-01-01,739,INTERREG: Culinary Trail,4927,SO3 Culinary trail 4 the future P3 01.2025-06.2025,INTERREG,FALSE,PRORATA_PAYROLL,4.266666666666667,,,134.88
362,2017,2025-02-01,739,INTERREG: Culinary Trail,4927,SO3 Culinary trail 4 the future P3 01.2025-06.2025,INTERREG,FALSE,PRORATA_PAYROLL,6,,,189.68
362,2017,2025-03-01,739,INTERREG: Culinary Trail,4927,SO3 Culinary trail 4 the future P3 01.2025-06.2025,INTERREG,FALSE,PRORATA_PAYROLL,9.133333333333333,,,262.49
362,2017,2025-04-01,739,INTERREG: Culinary Trail,4927,SO3 Culinary trail 4 the future P3 01.2025-06.2025,INTERREG,FALSE,PRORATA_PAYROLL,3.6,,,112.17
362,2017,2025-05-01,739,INTERREG: Culinary Trail,4927,SO3 Culinary trail 4 the future P3 01.2025-06.2025,INTERREG,FALSE,PRORATA_PAYROLL,5.2,,,199.41
362,2017,2025-06-01,739,INTERREG: Culinary Trail,4927,SO3 Culinary trail 4 the future P3 01.2025-06.2025,INTERREG,FALSE,PRORATA_PAYROLL,8.342857142857143,,,308.08
362,2017,2025-01-01,784,INTERREG: RuBIO,4818,SO1 - Report state of play,INTERREG,FALSE,PRORATA_PAYROLL,9.2,,,290.84
362,2017,2025-02-01,784,INTERREG: RuBIO,4818,SO1 - Report state of play,INTERREG,FALSE,PRORATA_PAYROLL,15.2,,,480.52
362,2017,2025-03-01,784,INTERREG: RuBIO,4818,SO1 - Report state of play,INTERREG,FALSE,PRORATA_PAYROLL,13.8,,,396.6
362,2017,2025-04-01,784,INTERREG: RuBIO,4818,SO1 - Report state of play,INTERREG,FALSE,PRORATA_PAYROLL,21.533333333333335,,,670.92
362,2017,2025-01-01,784,INTERREG: RuBIO,4819,SO2 - Developing project workplan,INTERREG,FALSE,PRORATA_PAYROLL,6,,,189.68
362,2017,2025-05-01,784,INTERREG: RuBIO,4819,SO2 - Developing project workplan,INTERREG,FALSE,PRORATA_PAYROLL,21.4,,,820.64
362,2017,2025-06-01,784,INTERREG: RuBIO,4819,SO2 - Developing project workplan,INTERREG,FALSE,PRORATA_PAYROLL,13.942857142857143,,,514.87
362,2017,2025-07-01,784,INTERREG: RuBIO,4819,SO2 - Developing project workplan,INTERREG,FALSE,PRORATA_PAYROLL,29.333333333333332,,,1539.29
362,2017,2025-08-01,784,INTERREG: RuBIO,4819,SO2 - Developing project workplan,INTERREG,FALSE,PRORATA_PAYROLL,42.583333333333336,,,1614.34
362,2017,2025-01-01,784,INTERREG: RuBIO,4820,SO3 - Report funding possibilities,INTERREG,FALSE,PRORATA_PAYROLL,10.6,,,335.1
362,2017,2025-02-01,784,INTERREG: RuBIO,4820,SO3 - Report funding possibilities,INTERREG,FALSE,PRORATA_PAYROLL,12.95,,,409.39
362,2017,2025-03-01,784,INTERREG: RuBIO,4820,SO3 - Report funding possibilities,INTERREG,FALSE,PRORATA_PAYROLL,16.3,,,468.45
362,2017,2025-04-01,784,INTERREG: RuBIO,4820,SO3 - Report funding possibilities,INTERREG,FALSE,PRORATA_PAYROLL,5.6,,,174.48
362,2017,2025-07-01,787,INTERREG: ForeDanube,4825,WP5 Development of a Foresight Methodology 2025,INTERREG,FALSE,PRORATA_PAYROLL,32,,,1679.22
362,2017,2025-08-01,787,INTERREG: ForeDanube,4825,WP5 Development of a Foresight Methodology 2025,INTERREG,FALSE,PRORATA_PAYROLL,33.083333333333336,,,1254.2
362,2017,2025-07-01,787,INTERREG: ForeDanube,4826,WP6 Model of Institutionalisation of Foresight Activitie 2025,INTERREG,FALSE,PRORATA_PAYROLL,11,,,577.23
362,2017,2025-08-01,787,INTERREG: ForeDanube,4826,WP6 Model of Institutionalisation of Foresight Activitie 2025,INTERREG,FALSE,PRORATA_PAYROLL,2,,,75.82
362,2017,2025-01-01,787,INTERREG: ForeDanube,4838,WP1 Report on the State of Play 2025,INTERREG,FALSE,PRORATA_PAYROLL,6,,,189.68
362,2017,2025-02-01,787,INTERREG: ForeDanube,4838,WP1 Report on the State of Play 2025,INTERREG,FALSE,PRORATA_PAYROLL,10.416666666666666,,,329.31
362,2017,2025-03-01,787,INTERREG: ForeDanube,4838,WP1 Report on the State of Play 2025,INTERREG,FALSE,PRORATA_PAYROLL,2.6666666666666665,,,76.64
362,2017,2025-04-01,787,INTERREG: ForeDanube,4838,WP1 Report on the State of Play 2025,INTERREG,FALSE,PRORATA_PAYROLL,4.1,,,127.75
362,2017,2025-01-01,787,INTERREG: ForeDanube,4839,WP2 Action Plan for Establishment of Foresight 2025,INTERREG,FALSE,PRORATA_PAYROLL,16.333333333333332,,,516.35
362,2017,2025-02-01,787,INTERREG: ForeDanube,4839,WP2 Action Plan for Establishment of Foresight 2025,INTERREG,FALSE,PRORATA_PAYROLL,9.6,,,303.49
362,2017,2025-03-01,787,INTERREG: ForeDanube,4839,WP2 Action Plan for Establishment of Foresight 2025,INTERREG,FALSE,PRORATA_PAYROLL,2,,,57.48
362,2017,2025-01-01,787,INTERREG: ForeDanube,4840,WP3 Report on Funding Possibilities 2025,INTERREG,FALSE,PRORATA_PAYROLL,2,,,63.23
362,2017,2025-02-01,787,INTERREG: ForeDanube,4840,WP3 Report on Funding Possibilities 2025,INTERREG,FALSE,PRORATA_PAYROLL,5.933333333333334,,,187.57
362,2017,2025-03-01,787,INTERREG: ForeDanube,4840,WP3 Report on Funding Possibilities 2025,INTERREG,FALSE,PRORATA_PAYROLL,5.8,,,166.69
362,2017,2025-04-01,787,INTERREG: ForeDanube,4840,WP3 Report on Funding Possibilities 2025,INTERREG,FALSE,PRORATA_PAYROLL,20.366666666666667,,,634.57
362,2017,2025-05-01,787,INTERREG: ForeDanube,4840,WP3 Report on Funding Possibilities 2025,INTERREG,FALSE,PRORATA_PAYROLL,23.05,,,883.91
362,2017,2025-06-01,787,INTERREG: ForeDanube,4840,WP3 Report on Funding Possibilities 2025,INTERREG,FALSE,PRORATA_PAYROLL,17.676190476190477,,,652.73
362,2017,2025-07-01,787,INTERREG: ForeDanube,4840,WP3 Report on Funding Possibilities 2025,INTERREG,FALSE,PRORATA_PAYROLL,5.333333333333333,,,279.87
362,2017,2025-08-01,787,INTERREG: ForeDanube,4840,WP3 Report on Funding Possibilities 2025,INTERREG,FALSE,PRORATA_PAYROLL,15.916666666666666,,,603.4
362,2017,2025-01-01,787,INTERREG: ForeDanube,4841,WP4 Community and Stakeholder Consultations 2025,INTERREG,FALSE,PRORATA_PAYROLL,1.6,,,50.58
362,2017,2025-02-01,787,INTERREG: ForeDanube,4841,WP4 Community and Stakeholder Consultations 2025,INTERREG,FALSE,PRORATA_PAYROLL,2,,,63.23
362,2017,2025-03-01,787,INTERREG: ForeDanube,4841,WP4 Community and Stakeholder Consultations 2025,INTERREG,FALSE,PRORATA_PAYROLL,19.3,,,554.67
362,2017,2025-04-01,787,INTERREG: ForeDanube,4841,WP4 Community and Stakeholder Consultations 2025,INTERREG,FALSE,PRORATA_PAYROLL,6.1,,,190.06
362,2017,2025-06-01,787,INTERREG: ForeDanube,4841,WP4 Community and Stakeholder Consultations 2025,INTERREG,FALSE,PRORATA_PAYROLL,9.2,,,339.73
362,2017,2025-04-01,808,INTERREG: DINAMIC Danube,4939,SO1 Capacity Building and skills Upscaling P1 - 04. - 09.2025,INTERREG,FALSE,PRORATA_PAYROLL,16.666666666666668,,,519.29
362,2017,2025-05-01,808,INTERREG: DINAMIC Danube,4939,SO1 Capacity Building and skills Upscaling P1 - 04. - 09.2025,INTERREG,FALSE,PRORATA_PAYROLL,11.466666666666667,,,439.72
362,2017,2025-06-01,808,INTERREG: DINAMIC Danube,4939,SO1 Capacity Building and skills Upscaling P1 - 04. - 09.2025,INTERREG,FALSE,PRORATA_PAYROLL,13.542857142857144,,,500.1
362,2017,2025-07-01,808,INTERREG: DINAMIC Danube,4939,SO1 Capacity Building and skills Upscaling P1 - 04. - 09.2025,INTERREG,FALSE,PRORATA_PAYROLL,17.333333333333332,,,909.58
362,2017,2025-08-01,808,INTERREG: DINAMIC Danube,4939,SO1 Capacity Building and skills Upscaling P1 - 04. - 09.2025,INTERREG,FALSE,PRORATA_PAYROLL,37.916666666666664,,,1437.43
363,2016,2024-10-01,532,FUSILLI (mit MwSt.),3597,WP7 Coordination 1 PM,H2020,FALSE,PRORATA_PAYROLL,7.716666666666667,,,0
363,2016,2024-11-01,532,FUSILLI (mit MwSt.),3597,WP7 Coordination 1 PM,H2020,FALSE,PRORATA_PAYROLL,18.75952380952381,,,897.3
363,2016,2024-12-01,532,FUSILLI (mit MwSt.),3597,WP7 Coordination 1 PM,H2020,FALSE,PRORATA_PAYROLL,21.066666666666666,,,797.63
363,2016,2025-01-01,562,COSMHYC DEMO (mit MwSt),4920,WP1 Management 2025 - DEMO,H2020,FALSE,PRORATA_PAYROLL,48.25,,,0
363,2016,2025-02-01,562,COSMHYC DEMO (mit MwSt),4920,WP1 Management 2025 - DEMO,H2020,FALSE,PRORATA_PAYROLL,57.25,,,0
363,2016,2025-03-01,562,COSMHYC DEMO (mit MwSt),4920,WP1 Management 2025 - DEMO,H2020,FALSE,PRORATA_PAYROLL,52,,,0
363,2016,2025-04-01,562,COSMHYC DEMO (mit MwSt),4920,WP1 Management 2025 - DEMO,H2020,FALSE,PRORATA_PAYROLL,70.875,,,0
363,2016,2025-05-01,562,COSMHYC DEMO (mit MwSt),4920,WP1 Management 2025 - DEMO,H2020,FALSE,PRORATA_PAYROLL,46.375,,,0
363,2016,2025-06-01,562,COSMHYC DEMO (mit MwSt),4920,WP1 Management 2025 - DEMO,H2020,FALSE,PRORATA_PAYROLL,68.75,,,0
363,2016,2025-07-01,562,COSMHYC DEMO (mit MwSt),4920,WP1 Management 2025 - DEMO,H2020,FALSE,PRORATA_PAYROLL,63.25,,,0
363,2016,2025-08-01,562,COSMHYC DEMO (mit MwSt),4920,WP1 Management 2025 - DEMO,H2020,FALSE,PRORATA_PAYROLL,43,,,0
363,2016,2025-01-01,568,Hydro4U (mit MwSt),3613,WP7 Project management,H2020,FALSE,PRORATA_PAYROLL,51.75,,,0
363,2016,2025-04-01,568,Hydro4U (mit MwSt),3613,WP7 Project management,H2020,FALSE,PRORATA_PAYROLL,53.875,,,0
363,2016,2025-05-01,568,Hydro4U (mit MwSt),3613,WP7 Project management,H2020,FALSE,PRORATA_PAYROLL,56.875,,,0
363,2016,2024-10-01,603,SOPHIA (inkl. MwSt),3968,WP9 Project Management,H2020,FALSE,PRORATA_PAYROLL,18.325,,,0
363,2016,2024-11-01,603,SOPHIA (inkl. MwSt),3968,WP9 Project Management,H2020,FALSE,PRORATA_PAYROLL,16.45952380952381,,,787.29
363,2016,2024-12-01,603,SOPHIA (inkl. MwSt),3968,WP9 Project Management,H2020,FALSE,PRORATA_PAYROLL,28.570833333333333,,,1081.76
364,2017,2024-11-01,743,EU-KONFORM: TNO (2 Stage) CircBio,4536,Umsetzung 1st Stage,EU-KONFORM,FALSE,PRORATA_PAYROLL,20,,,802.02
364,2017,2024-12-01,743,EU-KONFORM: TNO (2 Stage) CircBio,4536,Umsetzung 1st Stage,EU-KONFORM,FALSE,PRORATA_PAYROLL,144,,,6258.83
364,2017,2024-11-01,782,EU-KONFORM: HORIZON-JU-CBE-2024-RIA-01 (wood) - RISE - upfront payment,4742,Umsetzung HORIZON-JU-CBE-2024-RIA-01 (wood) - RISE - upfront payment,EU-KONFORM,FALSE,PRORATA_PAYROLL,52,,,2085.25
364,2017,2024-11-01,785,EU-KONFORM: HORIZON-JU-CBE-2024-RIA-02,4747,HORIZON-JU-CBE-2024-RIA-02 Umsetzung,EU-KONFORM,FALSE,PRORATA_PAYROLL,32,,,1283.23
364,2017,2024-11-01,792,EU-KONFORM: DECIRE-WATER Stufe 2 KIT,4765,Antrag 2. Stufe DECIRE-WATER,EU-KONFORM,FALSE,PRORATA_PAYROLL,40,,,1604.04
364,2017,2024-11-01,793,EU-KONFORM: BioLINKAGE Upfront,4760,Umsetzung Biolinkage Antragstellung,EU-KONFORM,FALSE,PRORATA_PAYROLL,8,,,320.81
364,2017,2025-02-01,822,EU-KONFORM-CallScreening-MANN+HUMMEL-FixedFee-HORIZON-JU-CLEANH2-2025-05-02,4938,EU-KONFORM-CallScreening-MANN+HUMMEL-FixedFee-HORIZON-JU-CLEANH2-2025-05-02,EU-KONFORM,FALSE,PRORATA_PAYROLL,8,,,6136.51
364,2017,2025-03-01,823,EU-KONFORM-PEMPIRE-FraunhoferISE-One-stage-FixedFee-HORIZON-JU-CLEANH2-2025-01-01,4953,Concept Adaptation and Consortium Finalisation:,EU-KONFORM,FALSE,PRORATA_PAYROLL,23,,,1291.9
364,2017,2025-04-01,823,EU-KONFORM-PEMPIRE-FraunhoferISE-One-stage-FixedFee-HORIZON-JU-CLEANH2-2025-01-01,4953,Concept Adaptation and Consortium Finalisation:,EU-KONFORM,FALSE,PRORATA_PAYROLL,16.666666666666668,,,814.94
364,2017,2025-03-01,823,EU-KONFORM-PEMPIRE-FraunhoferISE-One-stage-FixedFee-HORIZON-JU-CLEANH2-2025-01-01,4958,Regular Meetings and Email Communication,EU-KONFORM,FALSE,PRORATA_PAYROLL,27.416666666666668,,,1539.98
364,2017,2025-04-01,823,EU-KONFORM-PEMPIRE-FraunhoferISE-One-stage-FixedFee-HORIZON-JU-CLEANH2-2025-01-01,4958,Regular Meetings and Email Communication,EU-KONFORM,FALSE,PRORATA_PAYROLL,34.166666666666664,,,1670.63
364,2017,2025-03-01,823,EU-KONFORM-PEMPIRE-FraunhoferISE-One-stage-FixedFee-HORIZON-JU-CLEANH2-2025-01-01,4959,Part A: Administrative Part,EU-KONFORM,FALSE,PRORATA_PAYROLL,25.583333333333332,,,1437
364,2017,2025-04-01,823,EU-KONFORM-PEMPIRE-FraunhoferISE-One-stage-FixedFee-HORIZON-JU-CLEANH2-2025-01-01,4959,Part A: Administrative Part,EU-KONFORM,FALSE,PRORATA_PAYROLL,23.666666666666668,,,1157.22
364,2017,2025-03-01,823,EU-KONFORM-PEMPIRE-FraunhoferISE-One-stage-FixedFee-HORIZON-JU-CLEANH2-2025-01-01,4960,Part B: Formulation of some parts of the proposal,EU-KONFORM,FALSE,PRORATA_PAYROLL,27.416666666666668,,,1539.98
364,2017,2025-04-01,823,EU-KONFORM-PEMPIRE-FraunhoferISE-One-stage-FixedFee-HORIZON-JU-CLEANH2-2025-01-01,4960,Part B: Formulation of some parts of the proposal,EU-KONFORM,FALSE,PRORATA_PAYROLL,33.666666666666664,,,1646.18
364,2017,2025-03-01,823,EU-KONFORM-PEMPIRE-FraunhoferISE-One-stage-FixedFee-HORIZON-JU-CLEANH2-2025-01-01,4961,Visuals Upgrade,EU-KONFORM,FALSE,PRORATA_PAYROLL,5.833333333333333,,,327.65
364,2017,2025-04-01,823,EU-KONFORM-PEMPIRE-FraunhoferISE-One-stage-FixedFee-HORIZON-JU-CLEANH2-2025-01-01,4961,Visuals Upgrade,EU-KONFORM,FALSE,PRORATA_PAYROLL,2,,,97.79
364,2017,2025-04-01,823,EU-KONFORM-PEMPIRE-FraunhoferISE-One-stage-FixedFee-HORIZON-JU-CLEANH2-2025-01-01,4962,Review of the whole proposal,EU-KONFORM,FALSE,PRORATA_PAYROLL,15.333333333333334,,,749.75
364,2017,2025-06-01,837,EU-KONFORM-FullFlight-HOLISTIC-UpfrontFee-HORIZON-HLTH-2025-01-DISEASE-06,5050,EU-KONFORM-FullFlight-HOLISTIC-UpfrontFee-HORIZON-HLTH-2025-01-DISEASE-06 (#720954),EU-KONFORM,FALSE,PRORATA_PAYROLL,27.32142857142857,,,1606.69
364,2017,2025-07-01,837,EU-KONFORM-FullFlight-HOLISTIC-UpfrontFee-HORIZON-HLTH-2025-01-DISEASE-06,5050,EU-KONFORM-FullFlight-HOLISTIC-UpfrontFee-HORIZON-HLTH-2025-01-DISEASE-06 (#720954),EU-KONFORM,FALSE,PRORATA_PAYROLL,18.666666666666668,,,1249.37
364,2017,2025-06-01,841,Full-Flight-REBEL-TU-Clausthal-One-stage-UpfrontFee-HORIZON-CL5-2025-02-D2-03,5091,Project meetings,EU-KONFORM,FALSE,PRORATA_PAYROLL,19.57142857142857,,,1150.93
364,2017,2025-07-01,841,Full-Flight-REBEL-TU-Clausthal-One-stage-UpfrontFee-HORIZON-CL5-2025-02-D2-03,5091,Project meetings,EU-KONFORM,FALSE,PRORATA_PAYROLL,48.5,,,3246.14
364,2017,2025-08-01,841,Full-Flight-REBEL-TU-Clausthal-One-stage-UpfrontFee-HORIZON-CL5-2025-02-D2-03,5091,Project meetings,EU-KONFORM,FALSE,PRORATA_PAYROLL,29,,,6258.03
364,2017,2025-06-01,841,Full-Flight-REBEL-TU-Clausthal-One-stage-UpfrontFee-HORIZON-CL5-2025-02-D2-03,5093,P2 Concept development,EU-KONFORM,FALSE,PRORATA_PAYROLL,26.404761904761905,,,1552.78
364,2017,2025-07-01,841,Full-Flight-REBEL-TU-Clausthal-One-stage-UpfrontFee-HORIZON-CL5-2025-02-D2-03,5093,P2 Concept development,EU-KONFORM,FALSE,PRORATA_PAYROLL,5.333333333333333,,,356.96
364,2017,2025-06-01,841,Full-Flight-REBEL-TU-Clausthal-One-stage-UpfrontFee-HORIZON-CL5-2025-02-D2-03,5094,P3.1-2 Admin- General and participants,EU-KONFORM,FALSE,PRORATA_PAYROLL,4,,,235.23
364,2017,2025-06-01,841,Full-Flight-REBEL-TU-Clausthal-One-stage-UpfrontFee-HORIZON-CL5-2025-02-D2-03,5096,P3.4 Admin-Others,EU-KONFORM,FALSE,PRORATA_PAYROLL,5.583333333333333,,,328.34
364,2017,2025-07-01,841,Full-Flight-REBEL-TU-Clausthal-One-stage-UpfrontFee-HORIZON-CL5-2025-02-D2-03,5097,P4.1 Excellence,EU-KONFORM,FALSE,PRORATA_PAYROLL,3.3333333333333335,,,223.1
364,2017,2025-07-01,841,Full-Flight-REBEL-TU-Clausthal-One-stage-UpfrontFee-HORIZON-CL5-2025-02-D2-03,5098,P4.2 Impact,EU-KONFORM,FALSE,PRORATA_PAYROLL,5,,,334.65
364,2017,2025-06-01,841,Full-Flight-REBEL-TU-Clausthal-One-stage-UpfrontFee-HORIZON-CL5-2025-02-D2-03,5099,P4.3 Implementation,EU-KONFORM,FALSE,PRORATA_PAYROLL,1.738095238095238,,,102.21
364,2017,2025-07-01,841,Full-Flight-REBEL-TU-Clausthal-One-stage-UpfrontFee-HORIZON-CL5-2025-02-D2-03,5099,P4.3 Implementation,EU-KONFORM,FALSE,PRORATA_PAYROLL,2,,,133.86
364,2017,2025-06-01,843,Full-Flight-THALAMUS-UVIGO-One-stage-UpfrontFee-HORIZON-CL4-2025-04-DATA-02,5103,P2 Concept development,EU-KONFORM,FALSE,PRORATA_PAYROLL,8.738095238095237,,,513.86
364,2017,2025-07-01,843,Full-Flight-THALAMUS-UVIGO-One-stage-UpfrontFee-HORIZON-CL4-2025-04-DATA-02,5103,P2 Concept development,EU-KONFORM,FALSE,PRORATA_PAYROLL,5.333333333333333,,,356.96
364,2017,2025-06-01,843,Full-Flight-THALAMUS-UVIGO-One-stage-UpfrontFee-HORIZON-CL4-2025-04-DATA-02,5106,P3.4 Admin-Others,EU-KONFORM,FALSE,PRORATA_PAYROLL,7.321428571428571,,,430.55
364,2017,2025-06-01,843,Full-Flight-THALAMUS-UVIGO-One-stage-UpfrontFee-HORIZON-CL4-2025-04-DATA-02,5112,"Project meetings (Consortium, coordination, internal)",EU-KONFORM,FALSE,PRORATA_PAYROLL,5.738095238095237,,,337.44
364,2017,2025-07-01,843,Full-Flight-THALAMUS-UVIGO-One-stage-UpfrontFee-HORIZON-CL4-2025-04-DATA-02,5112,"Project meetings (Consortium, coordination, internal)",EU-KONFORM,FALSE,PRORATA_PAYROLL,5.333333333333333,,,356.96
367,2017,2024-10-01,694,INTERREG: Capacity2Transform LUMP,4397,WP2 Capacity Building,INTERREG,FALSE,PRORATA_PAYROLL,40,,,0
367,2017,2024-11-01,694,INTERREG: Capacity2Transform LUMP,4397,WP2 Capacity Building,INTERREG,FALSE,PRORATA_PAYROLL,40,,,0
367,2017,2024-12-01,694,INTERREG: Capacity2Transform LUMP,4397,WP2 Capacity Building,INTERREG,FALSE,PRORATA_PAYROLL,40,,,1334.32
367,2017,2025-01-01,694,INTERREG: Capacity2Transform LUMP,4397,WP2 Capacity Building,INTERREG,FALSE,PRORATA_PAYROLL,40,,,667.16
367,2017,2025-02-01,694,INTERREG: Capacity2Transform LUMP,4397,WP2 Capacity Building,INTERREG,FALSE,PRORATA_PAYROLL,40,,,667.52
367,2017,2025-03-01,694,INTERREG: Capacity2Transform LUMP,4397,WP2 Capacity Building,INTERREG,FALSE,PRORATA_PAYROLL,40,,,667.52
367,2017,2025-04-01,694,INTERREG: Capacity2Transform LUMP,4397,WP2 Capacity Building,INTERREG,FALSE,PRORATA_PAYROLL,40,,,667.52
367,2017,2025-05-01,694,INTERREG: Capacity2Transform LUMP,4397,WP2 Capacity Building,INTERREG,FALSE,PRORATA_PAYROLL,40,,,667.52
367,2017,2025-06-01,694,INTERREG: Capacity2Transform LUMP,4397,WP2 Capacity Building,INTERREG,FALSE,PRORATA_PAYROLL,40,,,667.52
367,2017,2025-07-01,694,INTERREG: Capacity2Transform LUMP,4397,WP2 Capacity Building,INTERREG,FALSE,PRORATA_PAYROLL,40,,,667.52
367,2017,2025-08-01,694,INTERREG: Capacity2Transform LUMP,4397,WP2 Capacity Building,INTERREG,FALSE,PRORATA_PAYROLL,40,,,667.52
378,2017,2025-03-01,694,INTERREG: Capacity2Transform LUMP,4397,WP2 Capacity Building,INTERREG,FALSE,PRORATA_PAYROLL,31.2,,,925.82
378,2017,2025-04-01,694,INTERREG: Capacity2Transform LUMP,4397,WP2 Capacity Building,INTERREG,FALSE,PRORATA_PAYROLL,41.46666666666667,,,1292
378,2017,2025-05-01,694,INTERREG: Capacity2Transform LUMP,4397,WP2 Capacity Building,INTERREG,FALSE,PRORATA_PAYROLL,33.333333333333336,,,1384.78
378,2017,2025-03-01,694,INTERREG: Capacity2Transform LUMP,4398,WP3 Transformation,INTERREG,FALSE,PRORATA_PAYROLL,8.666666666666666,,,257.17
378,2017,2025-05-01,694,INTERREG: Capacity2Transform LUMP,4398,WP3 Transformation,INTERREG,FALSE,PRORATA_PAYROLL,4,,,166.17
378,2017,2025-06-01,694,INTERREG: Capacity2Transform LUMP,4398,WP3 Transformation,INTERREG,FALSE,PRORATA_PAYROLL,39.6,,,1298.77
378,2017,2025-07-01,694,INTERREG: Capacity2Transform LUMP,4398,WP3 Transformation,INTERREG,FALSE,PRORATA_PAYROLL,54.666666666666664,,,1481.11
378,2017,2025-08-01,694,INTERREG: Capacity2Transform LUMP,4398,WP3 Transformation,INTERREG,FALSE,PRORATA_PAYROLL,14,,,1246.3
378,2017,2025-04-01,808,INTERREG: DINAMIC Danube,4939,SO1 Capacity Building and skills Upscaling P1 - 04. - 09.2025,INTERREG,FALSE,PRORATA_PAYROLL,44.13333333333333,,,1375.08
378,2017,2025-05-01,808,INTERREG: DINAMIC Danube,4939,SO1 Capacity Building and skills Upscaling P1 - 04. - 09.2025,INTERREG,FALSE,PRORATA_PAYROLL,32,,,1329.38
378,2017,2025-06-01,808,INTERREG: DINAMIC Danube,4939,SO1 Capacity Building and skills Upscaling P1 - 04. - 09.2025,INTERREG,FALSE,PRORATA_PAYROLL,39.6,,,1298.77
378,2017,2025-07-01,808,INTERREG: DINAMIC Danube,4939,SO1 Capacity Building and skills Upscaling P1 - 04. - 09.2025,INTERREG,FALSE,PRORATA_PAYROLL,54.666666666666664,,,1481.11
378,2017,2025-08-01,808,INTERREG: DINAMIC Danube,4939,SO1 Capacity Building and skills Upscaling P1 - 04. - 09.2025,INTERREG,FALSE,PRORATA_PAYROLL,14,,,1246.3
380,2017,2025-05-01,694,INTERREG: Capacity2Transform LUMP,4398,WP3 Transformation,INTERREG,FALSE,PRORATA_PAYROLL,13.5,,,425.3
380,2017,2025-06-01,694,INTERREG: Capacity2Transform LUMP,4398,WP3 Transformation,INTERREG,FALSE,PRORATA_PAYROLL,15.5,,,425.3
380,2017,2025-07-01,694,INTERREG: Capacity2Transform LUMP,4398,WP3 Transformation,INTERREG,FALSE,PRORATA_PAYROLL,20.25,,,492.14
380,2017,2025-08-01,694,INTERREG: Capacity2Transform LUMP,4398,WP3 Transformation,INTERREG,FALSE,PRORATA_PAYROLL,12,,,434.03
380,2017,2025-05-01,807,INTERREG: Danube Crafts,4951,SO1 - Establishing Route strategy,INTERREG,FALSE,PRORATA_PAYROLL,13.5,,,425.3
380,2017,2025-06-01,807,INTERREG: Danube Crafts,4951,SO1 - Establishing Route strategy,INTERREG,FALSE,PRORATA_PAYROLL,15.5,,,425.3
380,2017,2025-07-01,807,INTERREG: Danube Crafts,4951,SO1 - Establishing Route strategy,INTERREG,FALSE,PRORATA_PAYROLL,20.25,,,492.14
380,2017,2025-08-01,807,INTERREG: Danube Crafts,4951,SO1 - Establishing Route strategy,INTERREG,FALSE,PRORATA_PAYROLL,12,,,434.03
381,2017,2025-06-01,838,Review-Salome-TU-Clausthal-One-stage-FixedFee-HORIZON-CL4-INDUSTRY-2025-01-TWIN-TRANSITION-36,5125,Review and feedback meeting,EU-KONFORM,FALSE,PRORATA_PAYROLL,15.25,,,0
381,2017,2025-06-01,840,Full-Flight-ALADIN-DITF-One-stage-UpfrontFee-HORIZON-CL4-INDUSTRY-2025-01-MATERIALS-31,5077,P2 Concept development,EU-KONFORM,FALSE,PRORATA_PAYROLL,23.2,,,0
381,2017,2025-07-01,840,Full-Flight-ALADIN-DITF-One-stage-UpfrontFee-HORIZON-CL4-INDUSTRY-2025-01-MATERIALS-31,5077,P2 Concept development,EU-KONFORM,FALSE,PRORATA_PAYROLL,19.604166666666668,,,0
381,2017,2025-08-01,840,Full-Flight-ALADIN-DITF-One-stage-UpfrontFee-HORIZON-CL4-INDUSTRY-2025-01-MATERIALS-31,5077,P2 Concept development,EU-KONFORM,FALSE,PRORATA_PAYROLL,1.875,,,0
381,2017,2025-07-01,840,Full-Flight-ALADIN-DITF-One-stage-UpfrontFee-HORIZON-CL4-INDUSTRY-2025-01-MATERIALS-31,5081,P4.1 Excellence,EU-KONFORM,FALSE,PRORATA_PAYROLL,3.6666666666666665,,,0
381,2017,2025-08-01,840,Full-Flight-ALADIN-DITF-One-stage-UpfrontFee-HORIZON-CL4-INDUSTRY-2025-01-MATERIALS-31,5081,P4.1 Excellence,EU-KONFORM,FALSE,PRORATA_PAYROLL,8.358333333333333,,,0
381,2017,2025-07-01,840,Full-Flight-ALADIN-DITF-One-stage-UpfrontFee-HORIZON-CL4-INDUSTRY-2025-01-MATERIALS-31,5082,P4.2 Impact,EU-KONFORM,FALSE,PRORATA_PAYROLL,6.645833333333333,,,0
381,2017,2025-08-01,840,Full-Flight-ALADIN-DITF-One-stage-UpfrontFee-HORIZON-CL4-INDUSTRY-2025-01-MATERIALS-31,5082,P4.2 Impact,EU-KONFORM,FALSE,PRORATA_PAYROLL,3.0833333333333335,,,0
381,2017,2025-07-01,840,Full-Flight-ALADIN-DITF-One-stage-UpfrontFee-HORIZON-CL4-INDUSTRY-2025-01-MATERIALS-31,5083,P4.3 Implementation,EU-KONFORM,FALSE,PRORATA_PAYROLL,10.016666666666667,,,0
381,2017,2025-08-01,840,Full-Flight-ALADIN-DITF-One-stage-UpfrontFee-HORIZON-CL4-INDUSTRY-2025-01-MATERIALS-31,5083,P4.3 Implementation,EU-KONFORM,FALSE,PRORATA_PAYROLL,10.108333333333333,,,0
381,2017,2025-06-01,840,Full-Flight-ALADIN-DITF-One-stage-UpfrontFee-HORIZON-CL4-INDUSTRY-2025-01-MATERIALS-31,5087,Project meetings,EU-KONFORM,FALSE,PRORATA_PAYROLL,21.8875,,,0
381,2017,2025-07-01,840,Full-Flight-ALADIN-DITF-One-stage-UpfrontFee-HORIZON-CL4-INDUSTRY-2025-01-MATERIALS-31,5087,Project meetings,EU-KONFORM,FALSE,PRORATA_PAYROLL,27.129166666666666,,,0
381,2017,2025-08-01,840,Full-Flight-ALADIN-DITF-One-stage-UpfrontFee-HORIZON-CL4-INDUSTRY-2025-01-MATERIALS-31,5087,Project meetings,EU-KONFORM,FALSE,PRORATA_PAYROLL,28.125,,,0
381,2017,2025-06-01,841,Full-Flight-REBEL-TU-Clausthal-One-stage-UpfrontFee-HORIZON-CL5-2025-02-D2-03,5091,Project meetings,EU-KONFORM,FALSE,PRORATA_PAYROLL,15.1375,,,0
381,2017,2025-07-01,841,Full-Flight-REBEL-TU-Clausthal-One-stage-UpfrontFee-HORIZON-CL5-2025-02-D2-03,5091,Project meetings,EU-KONFORM,FALSE,PRORATA_PAYROLL,24.579166666666666,,,0
381,2017,2025-08-01,841,Full-Flight-REBEL-TU-Clausthal-One-stage-UpfrontFee-HORIZON-CL5-2025-02-D2-03,5091,Project meetings,EU-KONFORM,FALSE,PRORATA_PAYROLL,8.75,,,0
381,2017,2025-06-01,841,Full-Flight-REBEL-TU-Clausthal-One-stage-UpfrontFee-HORIZON-CL5-2025-02-D2-03,5093,P2 Concept development,EU-KONFORM,FALSE,PRORATA_PAYROLL,9.75,,,0
381,2017,2025-07-01,841,Full-Flight-REBEL-TU-Clausthal-One-stage-UpfrontFee-HORIZON-CL5-2025-02-D2-03,5093,P2 Concept development,EU-KONFORM,FALSE,PRORATA_PAYROLL,6.55,,,0
381,2017,2025-08-01,841,Full-Flight-REBEL-TU-Clausthal-One-stage-UpfrontFee-HORIZON-CL5-2025-02-D2-03,5093,P2 Concept development,EU-KONFORM,FALSE,PRORATA_PAYROLL,1.9,,,0
381,2017,2025-06-01,841,Full-Flight-REBEL-TU-Clausthal-One-stage-UpfrontFee-HORIZON-CL5-2025-02-D2-03,5094,P3.1-2 Admin- General and participants,EU-KONFORM,FALSE,PRORATA_PAYROLL,1.7,,,0
381,2017,2025-08-01,841,Full-Flight-REBEL-TU-Clausthal-One-stage-UpfrontFee-HORIZON-CL5-2025-02-D2-03,5094,P3.1-2 Admin- General and participants,EU-KONFORM,FALSE,PRORATA_PAYROLL,5.041666666666667,,,0
381,2017,2025-07-01,841,Full-Flight-REBEL-TU-Clausthal-One-stage-UpfrontFee-HORIZON-CL5-2025-02-D2-03,5097,P4.1 Excellence,EU-KONFORM,FALSE,PRORATA_PAYROLL,30.3125,,,0
381,2017,2025-08-01,841,Full-Flight-REBEL-TU-Clausthal-One-stage-UpfrontFee-HORIZON-CL5-2025-02-D2-03,5097,P4.1 Excellence,EU-KONFORM,FALSE,PRORATA_PAYROLL,31.858333333333334,,,0
381,2017,2025-07-01,841,Full-Flight-REBEL-TU-Clausthal-One-stage-UpfrontFee-HORIZON-CL5-2025-02-D2-03,5098,P4.2 Impact,EU-KONFORM,FALSE,PRORATA_PAYROLL,27.433333333333334,,,0
381,2017,2025-08-01,841,Full-Flight-REBEL-TU-Clausthal-One-stage-UpfrontFee-HORIZON-CL5-2025-02-D2-03,5098,P4.2 Impact,EU-KONFORM,FALSE,PRORATA_PAYROLL,4.375,,,0
381,2017,2025-07-01,841,Full-Flight-REBEL-TU-Clausthal-One-stage-UpfrontFee-HORIZON-CL5-2025-02-D2-03,5099,P4.3 Implementation,EU-KONFORM,FALSE,PRORATA_PAYROLL,28.4375,,,0
381,2017,2025-08-01,841,Full-Flight-REBEL-TU-Clausthal-One-stage-UpfrontFee-HORIZON-CL5-2025-02-D2-03,5099,P4.3 Implementation,EU-KONFORM,FALSE,PRORATA_PAYROLL,34.94166666666667,,,0
381,2017,2025-08-01,841,Full-Flight-REBEL-TU-Clausthal-One-stage-UpfrontFee-HORIZON-CL5-2025-02-D2-03,5101,P5 Quality Control,EU-KONFORM,FALSE,PRORATA_PAYROLL,20.583333333333332,,,0
381,2017,2025-06-01,842,Full-Flight-LICUREE-TU-BAF-One-stage-UpfrontFee-HORIZON-CL4-2025-INDUSTRY-MATERIALS-01-62,5064,P2 Concept development,EU-KONFORM,FALSE,PRORATA_PAYROLL,8.3125,,,0
381,2017,2025-06-01,842,Full-Flight-LICUREE-TU-BAF-One-stage-UpfrontFee-HORIZON-CL4-2025-INDUSTRY-MATERIALS-01-62,5075,Project meetings,EU-KONFORM,FALSE,PRORATA_PAYROLL,27.8125,,,0
381,2017,2025-07-01,842,Full-Flight-LICUREE-TU-BAF-One-stage-UpfrontFee-HORIZON-CL4-2025-INDUSTRY-MATERIALS-01-62,5075,Project meetings,EU-KONFORM,FALSE,PRORATA_PAYROLL,2,,,0
381,2017,2025-06-01,843,Full-Flight-THALAMUS-UVIGO-One-stage-UpfrontFee-HORIZON-CL4-2025-04-DATA-02,5104,P3.1-2 Admin- General and participants,EU-KONFORM,FALSE,PRORATA_PAYROLL,4.45,,,0
381,2017,2025-07-01,843,Full-Flight-THALAMUS-UVIGO-One-stage-UpfrontFee-HORIZON-CL4-2025-04-DATA-02,5104,P3.1-2 Admin- General and participants,EU-KONFORM,FALSE,PRORATA_PAYROLL,4.125,,,0
382,2017,2025-08-01,842,Full-Flight-LICUREE-TU-BAF-One-stage-UpfrontFee-HORIZON-CL4-2025-INDUSTRY-MATERIALS-01-62,5064,P2 Concept development,EU-KONFORM,FALSE,PRORATA_PAYROLL,11.25,,,485.46
382,2017,2025-08-01,842,Full-Flight-LICUREE-TU-BAF-One-stage-UpfrontFee-HORIZON-CL4-2025-INDUSTRY-MATERIALS-01-62,5065,P3.1-2 Admin- General and participants,EU-KONFORM,FALSE,PRORATA_PAYROLL,9.5,,,409.94
382,2017,2025-08-01,842,Full-Flight-LICUREE-TU-BAF-One-stage-UpfrontFee-HORIZON-CL4-2025-INDUSTRY-MATERIALS-01-62,5068,P4.1 Excellence,EU-KONFORM,FALSE,PRORATA_PAYROLL,7.666666666666667,,,330.83
382,2017,2025-08-01,842,Full-Flight-LICUREE-TU-BAF-One-stage-UpfrontFee-HORIZON-CL4-2025-INDUSTRY-MATERIALS-01-62,5069,P4.2 Impact,EU-KONFORM,FALSE,PRORATA_PAYROLL,40.833333333333336,,,1762.04
382,2017,2025-08-01,842,Full-Flight-LICUREE-TU-BAF-One-stage-UpfrontFee-HORIZON-CL4-2025-INDUSTRY-MATERIALS-01-62,5070,P4.3 Implementation,EU-KONFORM,FALSE,PRORATA_PAYROLL,20.916666666666668,,,902.6
382,2017,2025-08-01,842,Full-Flight-LICUREE-TU-BAF-One-stage-UpfrontFee-HORIZON-CL4-2025-INDUSTRY-MATERIALS-01-62,5075,Project meetings,EU-KONFORM,FALSE,PRORATA_PAYROLL,45.083333333333336,,,1945.44
386,2136,2025-08-01,715,EUB: 2024 - 2025,4415,EUB 2025,INSTITUTIONELLE FÖRDERUNG,FALSE,PRORATA_PAYROLL,160,,,0
4,,,572,Enterprise Europe Network 2022 - 2024,,,HEU,TRUE,HEU_DAILY_RATE,61,7.625,92.95413953488372,708.7753139534884
4,,,621,CANMILK,,,HEU,TRUE,HEU_DAILY_RATE,52.041666666666664,6.505208333333333,92.95413953488372,604.686043120155
4,,,623,ROBIN,,,HEU,TRUE,HEU_DAILY_RATE,73.04166666666667,9.130208333333334,92.95413953488372,848.6906593992248
4,,,628,INVEST4NATURE,,,HEU,TRUE,HEU_DAILY_RATE,49.875,6.234375,92.95413953488372,579.5109636627907
4,,,646,POSITIVE,,,HEU,TRUE,HEU_DAILY_RATE,32.625,4.078125,92.95413953488372,379.0786002906977
8,,,617,Flex4Fact (mit MwSt),,,HEU,TRUE,HEU_DAILY_RATE,183.52777777777777,22.94097222222222,216.15994134897358,4958.919210043988
8,,,626,REEsilience (mit MwSt.),,,HEU,TRUE,HEU_DAILY_RATE,83.33333333333334,10.416666666666668,216.15994134897358,2251.666055718475
8,,,652,H2GLASS (mit MwSt),,,HEU,TRUE,HEU_DAILY_RATE,76.66666666666667,9.583333333333334,216.15994134897358,2071.532771260997
8,,,656,REHOUSE (mit MwSt),,,HEU,TRUE,HEU_DAILY_RATE,35.55555555555556,4.444444444444445,216.15994134897358,960.7108504398826
8,,,700,MAGICIAN (mit MwSt.),,,HEU,TRUE,HEU_DAILY_RATE,135.38888888888889,16.92361111111111,216.15994134897358,3658.2067851906154
8,,,704,MULTICLIMACT (mit MwSt),,,HEU,TRUE,HEU_DAILY_RATE,48.77777777777778,6.097222222222222,216.15994134897358,1317.975197947214
8,,,719,MOBILITIES (mit MwSt),,,HEU,TRUE,HEU_DAILY_RATE,70,8.75,216.15994134897358,1891.3994868035188
8,,,722,NENUPHAR (mit MwSt),,,HEU,TRUE,HEU_DAILY_RATE,184.30555555555557,23.038194444444446,216.15994134897358,4979.93475989736
8,,,725,HARMONY (mit MwSt),,,HEU,TRUE,HEU_DAILY_RATE,32.22222222222222,4.027777777777778,216.15994134897358,870.6442082111436
8,,,727,COREU (mit MwSt),,,HEU,TRUE,HEU_DAILY_RATE,22.22222222222222,2.7777777777777777,216.15994134897358,600.4442815249266
8,,,728,HYGHER (mit MwSt),,,HEU,TRUE,HEU_DAILY_RATE,32.22222222222222,4.027777777777778,216.15994134897358,870.6442082111436
8,,,758,PROTEUS (mit MwSt),,,HEU,TRUE,HEU_DAILY_RATE,146.66666666666669,18.333333333333336,216.15994134897358,3962.932258064516
8,,,760,BioFibreLoop (inkl. MwSt),,,HEU,TRUE,HEU_DAILY_RATE,23.77777777777778,2.9722222222222223,216.15994134897358,642.4753812316715
8,,,763,STUNNED,,,HEU,TRUE,HEU_DAILY_RATE,108.77777777777779,13.597222222222223,216.15994134897358,2939.174758064516
8,,,811,DECIRE-WATER,,,HEU,TRUE,HEU_DAILY_RATE,6.666666666666667,0.8333333333333334,216.15994134897358,180.133284457478
10,,,572,Enterprise Europe Network 2022 - 2024,,,HEU,TRUE,HEU_DAILY_RATE,1538,192.25,450.600097799511,86627.86880195599
11,,,572,Enterprise Europe Network 2022 - 2024,,,HEU,TRUE,HEU_DAILY_RATE,382.7291666666667,47.841145833333336,665.7926099706744,31852.28134836266
11,,,616,MOSTH2,,,HEU,TRUE,HEU_DAILY_RATE,59.25,7.40625,665.7926099706744,4931.026517595307
11,,,622,LongCovid,,,HEU,TRUE,HEU_DAILY_RATE,55.791666666666664,6.973958333333333,665.7926099706744,4643.2099205767345
11,,,625,OPeraTIC,,,HEU,TRUE,HEU_DAILY_RATE,43.625,5.453125,665.7926099706744,3630.6503262463343
11,,,627,Distender,,,HEU,TRUE,HEU_DAILY_RATE,36.375,4.546875,665.7926099706744,3027.27577346041
11,,,628,INVEST4NATURE,,,HEU,TRUE,HEU_DAILY_RATE,72.04166666666667,9.005208333333334,665.7926099706744,5995.601159579668
11,,,647,EDIH-AICS,,,HEU,TRUE,HEU_DAILY_RATE,59.125,7.390625,665.7926099706744,4920.623508064516
11,,,648,GOFORESTS,,,HEU,TRUE,HEU_DAILY_RATE,47.291666666666664,5.911458333333333,665.7926099706744,3935.805272482893
11,,,650,ECODALLI,,,HEU,TRUE,HEU_DAILY_RATE,42.958333333333336,5.369791666666667,665.7926099706744,3575.167608748778
11,,,651,Every1,,,HEU,TRUE,HEU_DAILY_RATE,176.5,22.0625,665.7926099706744,14689.049457478004
11,,,653,MARS,,,HEU,TRUE,HEU_DAILY_RATE,61.125,7.640625,665.7926099706744,5087.071660557184
11,,,654,NetworkNaturePlus,,,HEU,TRUE,HEU_DAILY_RATE,106.70833333333333,13.338541666666666,665.7926099706744,8880.70246945259
11,,,655,PrAEctiCe,,,HEU,TRUE,HEU_DAILY_RATE,188.125,23.515625,665.7926099706744,15656.529343841641
11,,,658,ENDOTARGET,,,HEU,TRUE,HEU_DAILY_RATE,50.354166666666664,6.294270833333333,665.7926099706744,4190.679005987292
11,,,660,SHIFT-HUB,,,HEU,TRUE,HEU_DAILY_RATE,70,8.75,665.7926099706744,5825.685337243402
11,,,682,FIBSUN,,,HEU,TRUE,HEU_DAILY_RATE,90.83333333333333,11.354166666666666,665.7926099706744,7559.520259042032
11,,,703,atTRACTION/LUMP,,,HEU,TRUE,HEU_DAILY_RATE,24.666666666666668,3.0833333333333335,665.7926099706744,2052.86054740958
11,,,709,MASTT2040,,,HEU,TRUE,HEU_DAILY_RATE,64.95833333333333,8.119791666666666,665.7926099706744,5406.097286168132
11,,,714,STREAM IT,,,HEU,TRUE,HEU_DAILY_RATE,26.125,3.265625,665.7926099706744,2174.228991935484
11,,,721,SEADE,,,HEU,TRUE,HEU_DAILY_RATE,68.875,8.609375,665.7926099706744,5732.058251466276
11,,,723,TOXBOX,,,HEU,TRUE,HEU_DAILY_RATE,84.08333333333333,10.510416666666666,665.7926099706744,6997.757744379276
11,,,726,INVERSE,,,HEU,TRUE,HEU_DAILY_RATE,109.91666666666667,13.739583333333334,665.7926099706744,9147.71304740958
11,,,754,GREENE,,,HEU,TRUE,HEU_DAILY_RATE,95.54166666666667,11.942708333333334,665.7926099706744,7951.366951368524
11,,,761,pHYBi,,,HEU,TRUE,HEU_DAILY_RATE,30.541666666666668,3.8177083333333335,665.7926099706744,2541.8019953567937
12,,,572,Enterprise Europe Network 2022 - 2024,,,HEU,TRUE,HEU_DAILY_RATE,397.9583333333333,49.744791666666664,699.4758944281526,34795.282644183775
12,,,625,OPeraTIC,,,HEU,TRUE,HEU_DAILY_RATE,92,11.5,699.4758944281526,8043.9727859237555
12,,,627,Distender,,,HEU,TRUE,HEU_DAILY_RATE,23.75,2.96875,699.4758944281526,2076.5690615835783
12,,,628,INVEST4NATURE,,,HEU,TRUE,HEU_DAILY_RATE,183.375,22.921875,699.4758944281526,16033.299017595311
12,,,651,Every1,,,HEU,TRUE,HEU_DAILY_RATE,653.875,81.734375,699.4758944281526,57171.225058651034
12,,,654,NetworkNaturePlus,,,HEU,TRUE,HEU_DAILY_RATE,190.375,23.796875,699.4758944281526,16645.340425219943
12,,,655,PrAEctiCe,,,HEU,TRUE,HEU_DAILY_RATE,156.625,19.578125,699.4758944281526,13694.426495601176
12,,,714,STREAM IT,,,HEU,TRUE,HEU_DAILY_RATE,108.91666666666667,13.614583333333334,699.4758944281526,9523.072854349954
12,,,721,SEADE,,,HEU,TRUE,HEU_DAILY_RATE,141.83333333333334,17.729166666666668,699.4758944281526,12401.124711632458
12,,,754,GREENE,,,HEU,TRUE,HEU_DAILY_RATE,276.0416666666667,34.505208333333336,699.4758944281526,24135.56146138808
15,,,624,EQATOR (inkl. MwSt.),,,HEU,TRUE,HEU_DAILY_RATE,31,3.875,171.6491921005386,665.1406193895871
15,,,627,Distender,,,HEU,TRUE,HEU_DAILY_RATE,70.5,8.8125,171.6491921005386,1512.6585053859965
15,,,651,Every1,,,HEU,TRUE,HEU_DAILY_RATE,45.5,5.6875,171.6491921005386,976.2547800718133
15,,,655,PrAEctiCe,,,HEU,TRUE,HEU_DAILY_RATE,20,2.5,171.6491921005386,429.1229802513465
15,,,656,REHOUSE (mit MwSt),,,HEU,TRUE,HEU_DAILY_RATE,53.5,6.6875,171.6491921005386,1147.903972172352
15,,,687,SMARTeeStory (mit MwSt),,,HEU,TRUE,HEU_DAILY_RATE,56,7,171.6491921005386,1201.5443447037703
15,,,719,MOBILITIES (mit MwSt),,,HEU,TRUE,HEU_DAILY_RATE,124.375,15.546875,171.6491921005386,2668.6085334380614
15,,,720,metaCCAZE (mit MwSt.),,,HEU,TRUE,HEU_DAILY_RATE,274.375,34.296875,171.6491921005386,5887.03088532316
15,,,756,SIRCULAR (mit MwSt),,,HEU,TRUE,HEU_DAILY_RATE,54.5,6.8125,171.6491921005386,1169.3601211849193
15,,,759,SUPREMAS (mit MwSt),,,HEU,TRUE,HEU_DAILY_RATE,112.25,14.03125,171.6491921005386,2408.4527266606824
18,,,572,Enterprise Europe Network 2022 - 2024,,,HEU,TRUE,HEU_DAILY_RATE,1197.0833333333333,149.63541666666666,552.5566259168704,82682.04095099836
18,,,637,EEN2EIC,,,HEU,TRUE,HEU_DAILY_RATE,95.91666666666667,11.989583333333334,552.5566259168704,6624.923712815811
21,,,572,Enterprise Europe Network 2022 - 2024,,,HEU,TRUE,HEU_DAILY_RATE,728.6,91.075,979.7589442815249,89231.54585043988
21,,,623,ROBIN,,,HEU,TRUE,HEU_DAILY_RATE,54.208333333333336,6.776041666666667,979.7589442815249,6638.887429740958
21,,,637,EEN2EIC,,,HEU,TRUE,HEU_DAILY_RATE,58.9,7.3625,979.7589442815249,7213.475227272727
21,,,651,Every1,,,HEU,TRUE,HEU_DAILY_RATE,41.3,5.1625,979.7589442815249,5058.005549853372
21,,,709,MASTT2040,,,HEU,TRUE,HEU_DAILY_RATE,48.5,6.0625,979.7589442815249,5939.788599706745
21,,,721,SEADE,,,HEU,TRUE,HEU_DAILY_RATE,63.90833333333333,7.988541666666666,979.7589442815249,7826.845149682306
21,,,723,TOXBOX,,,HEU,TRUE,HEU_DAILY_RATE,49.94166666666667,6.242708333333334,979.7589442815249,6116.349326124145
21,,,754,GREENE,,,HEU,TRUE,HEU_DAILY_RATE,49.125,6.140625,979.7589442815249,6016.332267228739
22,,,656,REHOUSE (mit MwSt),,,HEU,TRUE,HEU_DAILY_RATE,75.25,9.40625,553.8015249266862,5209.195593841642
22,,,720,metaCCAZE (mit MwSt.),,,HEU,TRUE,HEU_DAILY_RATE,180.29166666666666,22.536458333333332,553.8015249266862,12480.724991446723
24,,,626,REEsilience (mit MwSt.),,,HEU,TRUE,HEU_DAILY_RATE,681.1416666666667,85.14270833333333,309.7218768328446,26370.55942363148
24,,,656,REHOUSE (mit MwSt),,,HEU,TRUE,HEU_DAILY_RATE,1032.3333333333333,129.04166666666666,309.7218768328446,39967.02718963832
24,,,720,metaCCAZE (mit MwSt.),,,HEU,TRUE,HEU_DAILY_RATE,112.94166666666666,14.117708333333333,309.7218768328446,4372.563121578691
27,,,572,Enterprise Europe Network 2022 - 2024,,,HEU,TRUE,HEU_DAILY_RATE,167.26666666666668,20.908333333333335,692.0030205278592,14468.629820869992
27,,,616,MOSTH2,,,HEU,TRUE,HEU_DAILY_RATE,72.89583333333333,9.111979166666666,692.0030205278592,6305.517106320259
27,,,623,ROBIN,,,HEU,TRUE,HEU_DAILY_RATE,162.85416666666666,20.356770833333332,692.0030205278592,14086.946904860091
27,,,648,GOFORESTS,,,HEU,TRUE,HEU_DAILY_RATE,61.0875,7.6359375,692.0030205278592,5284.09181456195
27,,,649,CLASCO,,,HEU,TRUE,HEU_DAILY_RATE,96.925,12.115625,692.0030205278592,8384.049095582845
27,,,650,ECODALLI,,,HEU,TRUE,HEU_DAILY_RATE,138.34166666666667,17.292708333333334,692.0030205278592,11966.60639977395
27,,,653,MARS,,,HEU,TRUE,HEU_DAILY_RATE,247.27916666666667,30.909895833333334,692.0030205278592,21389.74128086816
27,,,660,SHIFT-HUB,,,HEU,TRUE,HEU_DAILY_RATE,33.391666666666666,4.173958333333333,692.0030205278592,2888.3917742240956
27,,,682,FIBSUN,,,HEU,TRUE,HEU_DAILY_RATE,175.39583333333334,21.924479166666668,692.0030205278592,15171.805806833456
27,,,703,atTRACTION/LUMP,,,HEU,TRUE,HEU_DAILY_RATE,229.65833333333333,28.707291666666666,692.0030205278592,19865.532544507576
27,,,709,MASTT2040,,,HEU,TRUE,HEU_DAILY_RATE,55.925,6.990625,692.0030205278592,4837.533615377566
27,,,723,TOXBOX,,,HEU,TRUE,HEU_DAILY_RATE,211.1,26.3875,692.0030205278592,18260.229704178884
27,,,726,INVERSE,,,HEU,TRUE,HEU_DAILY_RATE,368.9625,46.1203125,692.0030205278592,31915.395557688782
27,,,749,TWIN SYNERGIES,,,HEU,TRUE,HEU_DAILY_RATE,153.1375,19.1421875,692.0030205278592,13246.45156951063
27,,,761,pHYBi,,,HEU,TRUE,HEU_DAILY_RATE,112.875,14.109375,692.0030205278592,9763.730117760264
27,,,824,FABULOSE,,,HEU,TRUE,HEU_DAILY_RATE,12.8,1.6,692.0030205278592,1107.2048328445749
27,,,828,Circular-C,,,HEU,TRUE,HEU_DAILY_RATE,22.53333333333333,2.8166666666666664,692.0030205278592,1949.14184115347
30,,,617,Flex4Fact (mit MwSt),,,HEU,TRUE,HEU_DAILY_RATE,87.66666666666667,10.958333333333334,110.64686849574267,1212.5052672658467
30,,,624,EQATOR (inkl. MwSt.),,,HEU,TRUE,HEU_DAILY_RATE,37.25,4.65625,110.64686849574267,515.1994814333018
30,,,626,REEsilience (mit MwSt.),,,HEU,TRUE,HEU_DAILY_RATE,163.66666666666666,20.458333333333332,110.64686849574267,2263.6505179754017
30,,,652,H2GLASS (mit MwSt),,,HEU,TRUE,HEU_DAILY_RATE,63.25,7.90625,110.64686849574267,874.8018040444655
30,,,657,AI REDGIO 5.0 (mit MwSt.),,,HEU,TRUE,HEU_DAILY_RATE,159.33333333333334,19.916666666666668,110.64686849574267,2203.716797540208
30,,,680,LUCRA (mit MwSt),,,HEU,TRUE,HEU_DAILY_RATE,39.75,4.96875,110.64686849574267,549.7766278382213
30,,,687,SMARTeeStory (mit MwSt),,,HEU,TRUE,HEU_DAILY_RATE,91.91666666666667,11.489583333333334,110.64686849574267,1271.28641615421
30,,,695,POSEIDON (mit MwSt),,,HEU,TRUE,HEU_DAILY_RATE,147.66666666666666,18.458333333333332,110.64686849574267,2042.3567809839167
30,,,719,MOBILITIES (mit MwSt),,,HEU,TRUE,HEU_DAILY_RATE,61.75,7.71875,110.64686849574267,854.0555162015137
30,,,727,COREU (mit MwSt),,,HEU,TRUE,HEU_DAILY_RATE,82.66666666666667,10.333333333333334,110.64686849574267,1143.3509744560076
30,,,756,SIRCULAR (mit MwSt),,,HEU,TRUE,HEU_DAILY_RATE,76,9.5,110.64686849574267,1051.1452507095553
30,,,760,BioFibreLoop (inkl. MwSt),,,HEU,TRUE,HEU_DAILY_RATE,76.83333333333333,9.604166666666666,110.64686849574267,1062.6709661778618
32,,,572,Enterprise Europe Network 2022 - 2024,,,HEU,TRUE,HEU_DAILY_RATE,1191.75,148.96875,527.3551562499999,78559.43843261717
35,,,631,EARASHI (inkl. MwSt.),,,HEU,TRUE,HEU_DAILY_RATE,271.5,33.9375,466.71905511811025,15839.277933070867
35,,,647,EDIH-AICS,,,HEU,TRUE,HEU_DAILY_RATE,432.6666666666667,54.083333333333336,466.71905511811025,25241.72223097113
35,,,709,MASTT2040,,,HEU,TRUE,HEU_DAILY_RATE,598.3333333333334,74.79166666666667,466.71905511811025,34906.69599737533
37,,,572,Enterprise Europe Network 2022 - 2024,,,HEU,TRUE,HEU_DAILY_RATE,850.7416666666667,106.34270833333333,725.0208778625954,77100.68375011928
37,,,637,EEN2EIC,,,HEU,TRUE,HEU_DAILY_RATE,50.125,6.265625,725.0208778625954,4542.708937857824
53,,,615,EcoReFibre (inkl. MwSt.),,,HEU,TRUE,HEU_DAILY_RATE,340.85833333333335,42.60729166666667,378.8751026392962,16142.842003390762
53,,,616,MOSTH2,,,HEU,TRUE,HEU_DAILY_RATE,30.95,3.86875,378.8751026392962,1465.7730533357771
53,,,621,CANMILK,,,HEU,TRUE,HEU_DAILY_RATE,61.525,7.690625,378.8751026392962,2913.7863362353373
53,,,648,GOFORESTS,,,HEU,TRUE,HEU_DAILY_RATE,140.15833333333333,17.519791666666666,378.8751026392962,6637.812865927419
53,,,652,H2GLASS (mit MwSt),,,HEU,TRUE,HEU_DAILY_RATE,128.775,16.096875,378.8751026392962,6098.705167796921
53,,,660,SHIFT-HUB,,,HEU,TRUE,HEU_DAILY_RATE,60.18333333333334,7.522916666666667,378.8751026392962,2850.2458242302055
53,,,680,LUCRA (mit MwSt),,,HEU,TRUE,HEU_DAILY_RATE,163.8761904761905,20.48452380952381,378.8751026392962,7761.076060850441
53,,,682,FIBSUN,,,HEU,TRUE,HEU_DAILY_RATE,130.11666666666667,16.264583333333334,378.8751026392962,6162.245679802053
53,,,695,POSEIDON (mit MwSt),,,HEU,TRUE,HEU_DAILY_RATE,129.08333333333334,16.135416666666668,378.8751026392962,6113.307645711144
53,,,698,CAPTUS (mit MwSt),,,HEU,TRUE,HEU_DAILY_RATE,177.76785714285714,22.220982142857142,378.8751026392962,8418.976890120968
53,,,722,NENUPHAR (mit MwSt),,,HEU,TRUE,HEU_DAILY_RATE,145.00833333333333,18.126041666666666,378.8751026392962,6867.505896902492
53,,,723,TOXBOX,,,HEU,TRUE,HEU_DAILY_RATE,226.85,28.35625,378.8751026392962,10743.477129215542
53,,,727,COREU (mit MwSt),,,HEU,TRUE,HEU_DAILY_RATE,189.65119047619046,23.706398809523808,378.8751026392962,8981.764282166421
53,,,728,HYGHER (mit MwSt),,,HEU,TRUE,HEU_DAILY_RATE,66.35119047619048,8.29389880952381,378.8751026392962,3142.35176273827
53,,,760,BioFibreLoop (inkl. MwSt),,,HEU,TRUE,HEU_DAILY_RATE,197.28452380952382,24.660565476190477,378.8751026392962,9343.274275934751
53,,,761,pHYBi,,,HEU,TRUE,HEU_DAILY_RATE,61.641666666666666,7.705208333333333,378.8751026392962,2919.3115981488268
53,,,824,FABULOSE,,,HEU,TRUE,HEU_DAILY_RATE,39.666666666666664,4.958333333333333,378.8751026392962,1878.5890505865102
53,,,828,Circular-C,,,HEU,TRUE,HEU_DAILY_RATE,13.466666666666667,1.6833333333333333,378.8751026392962,637.7730894428153
54,,,614,AeroSolfd (mit MwSt.),,,HEU,TRUE,HEU_DAILY_RATE,246.58333333333334,30.822916666666668,435.21912499999996,13414.722821614583
54,,,624,EQATOR (inkl. MwSt.),,,HEU,TRUE,HEU_DAILY_RATE,68.75,8.59375,435.21912499999996,3740.16435546875
54,,,625,OPeraTIC,,,HEU,TRUE,HEU_DAILY_RATE,131.5,16.4375,435.21912499999996,7153.914367187499
54,,,626,REEsilience (mit MwSt.),,,HEU,TRUE,HEU_DAILY_RATE,209.125,26.140625,435.21912499999996,11376.899939453124
54,,,627,Distender,,,HEU,TRUE,HEU_DAILY_RATE,171.75,21.46875,435.21912499999996,9343.610589843749
54,,,628,INVEST4NATURE,,,HEU,TRUE,HEU_DAILY_RATE,28.75,3.59375,435.21912499999996,1564.06873046875
54,,,654,NetworkNaturePlus,,,HEU,TRUE,HEU_DAILY_RATE,95.25,11.90625,435.21912499999996,5181.82770703125
54,,,655,PrAEctiCe,,,HEU,TRUE,HEU_DAILY_RATE,215,26.875,435.21912499999996,11696.513984374998
54,,,704,MULTICLIMACT (mit MwSt),,,HEU,TRUE,HEU_DAILY_RATE,77,9.625,435.21912499999996,4188.9840781249995
54,,,721,SEADE,,,HEU,TRUE,HEU_DAILY_RATE,406.875,50.859375,435.21912499999996,22134.972685546873
54,,,725,HARMONY (mit MwSt),,,HEU,TRUE,HEU_DAILY_RATE,274.625,34.328125,435.21912499999996,14940.256525390623
54,,,754,GREENE,,,HEU,TRUE,HEU_DAILY_RATE,192.125,24.015625,435.21912499999996,10452.059298828124
54,,,758,PROTEUS (mit MwSt),,,HEU,TRUE,HEU_DAILY_RATE,81.125,10.140625,435.21912499999996,4413.393939453124
72,,,617,Flex4Fact (mit MwSt),,,HEU,TRUE,HEU_DAILY_RATE,465.5,58.1875,370.9122873900293,21582.45872250733
72,,,626,REEsilience (mit MwSt.),,,HEU,TRUE,HEU_DAILY_RATE,339.5,42.4375,370.9122873900293,15740.590196114368
72,,,647,EDIH-AICS,,,HEU,TRUE,HEU_DAILY_RATE,156,19.5,370.9122873900293,7232.789604105571
72,,,657,AI REDGIO 5.0 (mit MwSt.),,,HEU,TRUE,HEU_DAILY_RATE,60,7.5,370.9122873900293,2781.8421554252195
72,,,660,SHIFT-HUB,,,HEU,TRUE,HEU_DAILY_RATE,20,2.5,370.9122873900293,927.2807184750732
72,,,688,ADMIRAL (mit MwSt.),,,HEU,TRUE,HEU_DAILY_RATE,421,52.625,370.9122873900293,19519.25912390029
72,,,709,MASTT2040,,,HEU,TRUE,HEU_DAILY_RATE,162.5,20.3125,370.9122873900293,7534.15583760997
83,,,623,ROBIN,,,HEU,TRUE,HEU_DAILY_RATE,451.73333333333335,56.46666666666667,456.5970703125,25782.5145703125
83,,,749,TWIN SYNERGIES,,,HEU,TRUE,HEU_DAILY_RATE,638.9833333333333,79.87291666666667,456.5970703125,36469.73974731446
90,,,631,EARASHI (inkl. MwSt.),,,HEU,TRUE,HEU_DAILY_RATE,630.2833333333333,78.78541666666666,133.31915343915344,10503.60505335097
97,,,725,HARMONY (mit MwSt),,,HEU,TRUE,HEU_DAILY_RATE,33,4.125,0,0
110,,,572,Enterprise Europe Network 2022 - 2024,,,HEU,TRUE,HEU_DAILY_RATE,205.78333333333333,25.722916666666666,425.5740625,10947.006145182293
110,,,616,MOSTH2,,,HEU,TRUE,HEU_DAILY_RATE,49.854166666666664,6.231770833333333,425.5740625,2652.080030110677
110,,,622,LongCovid,,,HEU,TRUE,HEU_DAILY_RATE,43.75,5.46875,425.5740625,2327.358154296875
110,,,623,ROBIN,,,HEU,TRUE,HEU_DAILY_RATE,82.09166666666667,10.261458333333334,425.5740625,4367.010510091146
110,,,649,CLASCO,,,HEU,TRUE,HEU_DAILY_RATE,120.55,15.06875,425.5740625,6412.869154296875
110,,,650,ECODALLI,,,HEU,TRUE,HEU_DAILY_RATE,89.30833333333334,11.163541666666667,425.5740625,4750.913778971355
110,,,660,SHIFT-HUB,,,HEU,TRUE,HEU_DAILY_RATE,31.008333333333333,3.8760416666666666,425.5740625,1649.5427985026042
110,,,726,INVERSE,,,HEU,TRUE,HEU_DAILY_RATE,65.76666666666667,8.220833333333333,425.5740625,3498.5734388020833
110,,,749,TWIN SYNERGIES,,,HEU,TRUE,HEU_DAILY_RATE,126.58749999999999,15.823437499999999,425.5740625,6734.044579589844
112,,,614,AeroSolfd (mit MwSt.),,,HEU,TRUE,HEU_DAILY_RATE,133.5,16.6875,211.6479234449761,3531.8747224880385
112,,,626,REEsilience (mit MwSt.),,,HEU,TRUE,HEU_DAILY_RATE,846,105.75,211.6479234449761,22381.767904306223
112,,,628,INVEST4NATURE,,,HEU,TRUE,HEU_DAILY_RATE,353,44.125,211.6479234449761,9338.964622009571
112,,,725,HARMONY (mit MwSt),,,HEU,TRUE,HEU_DAILY_RATE,774.5,96.8125,211.6479234449761,20490.16458851675
112,,,754,GREENE,,,HEU,TRUE,HEU_DAILY_RATE,585.1666666666666,73.14583333333333,211.6479234449761,15481.163733652313
113,,,647,EDIH-AICS,,,HEU,TRUE,HEU_DAILY_RATE,51,6.375,363.79905537459285,2319.2189780130293
113,,,649,CLASCO,,,HEU,TRUE,HEU_DAILY_RATE,1026.8333333333333,128.35416666666666,363.79905537459285,46695.124586726386
113,,,657,AI REDGIO 5.0 (mit MwSt.),,,HEU,TRUE,HEU_DAILY_RATE,464.5,58.0625,363.79905537459285,21123.0826526873
113,,,726,INVERSE,,,HEU,TRUE,HEU_DAILY_RATE,775.0666666666667,96.88333333333334,363.79905537459285,35246.06514820847
124,,,616,MOSTH2,,,HEU,TRUE,HEU_DAILY_RATE,330.0416666666667,41.255208333333336,329.92143695014664,13610.977615011
124,,,652,H2GLASS (mit MwSt),,,HEU,TRUE,HEU_DAILY_RATE,386.7916666666667,48.348958333333336,329.92143695014664,15951.3578083761
124,,,727,COREU (mit MwSt),,,HEU,TRUE,HEU_DAILY_RATE,157.0625,19.6328125,329.92143695014664,6477.2857113728005
124,,,728,HYGHER (mit MwSt),,,HEU,TRUE,HEU_DAILY_RATE,933.8333333333334,116.72916666666667,329.92143695014664,38511.45440065983
126,,,654,NetworkNaturePlus,,,HEU,TRUE,HEU_DAILY_RATE,504.75,63.09375,258.6817749603803,16321.203238906495
126,,,704,MULTICLIMACT (mit MwSt),,,HEU,TRUE,HEU_DAILY_RATE,357.25,44.65625,258.6817749603803,11551.758013074485
126,,,805,INNOVATE-EU,,,HEU,TRUE,HEU_DAILY_RATE,421.25,52.65625,258.6817749603803,13621.212212757526
132,,,623,ROBIN,,,HEU,TRUE,HEU_DAILY_RATE,184.21666666666667,23.027083333333334,436.1399413489736,10043.030774437928
132,,,646,POSITIVE,,,HEU,TRUE,HEU_DAILY_RATE,176.41666666666666,22.052083333333332,436.1399413489736,9617.794331622677
132,,,650,ECODALLI,,,HEU,TRUE,HEU_DAILY_RATE,156.53333333333333,19.566666666666666,436.1399413489736,8533.804852394916
132,,,749,TWIN SYNERGIES,,,HEU,TRUE,HEU_DAILY_RATE,632.4166666666666,79.05208333333333,436.1399413489736,34477.770988514174
132,,,805,INNOVATE-EU,,,HEU,TRUE,HEU_DAILY_RATE,165.83333333333334,20.729166666666668,436.1399413489736,9040.8175342131
145,,,614,AeroSolfd (mit MwSt.),,,HEU,TRUE,HEU_DAILY_RATE,129.5,16.1875,263.1623778501629,4259.940991449512
145,,,680,LUCRA (mit MwSt),,,HEU,TRUE,HEU_DAILY_RATE,29.875,3.734375,263.1623778501629,982.7470047842021
147,,,572,Enterprise Europe Network 2022 - 2024,,,HEU,TRUE,HEU_DAILY_RATE,726.9916666666667,90.87395833333333,398.1035483870968,36177.24526848119
147,,,827,Enterprise Europe Network 2025 - 2028,,,HEU,TRUE,HEU_DAILY_RATE,9.083333333333334,1.1354166666666667,398.1035483870968,452.0134038978495
149,,,687,SMARTeeStory (mit MwSt),,,HEU,TRUE,HEU_DAILY_RATE,486,60.75,98.73810666666667,5998.33998
164,,,623,ROBIN,,,HEU,TRUE,HEU_DAILY_RATE,827.7666666666667,103.47083333333333,399.4706613226453,41333.56221927188
164,,,749,TWIN SYNERGIES,,,HEU,TRUE,HEU_DAILY_RATE,57.516666666666666,7.189583333333333,399.4706613226453,2872.027608800935
166,,,572,Enterprise Europe Network 2022 - 2024,,,HEU,TRUE,HEU_DAILY_RATE,80,10,489.36340175953075,4893.634017595307
166,,,621,CANMILK,,,HEU,TRUE,HEU_DAILY_RATE,52,6.5,489.36340175953075,3180.86211143695
166,,,628,INVEST4NATURE,,,HEU,TRUE,HEU_DAILY_RATE,40,5,489.36340175953075,2446.8170087976537
166,,,649,CLASCO,,,HEU,TRUE,HEU_DAILY_RATE,50,6.25,489.36340175953075,3058.521260997067
166,,,653,MARS,,,HEU,TRUE,HEU_DAILY_RATE,39.5,4.9375,489.36340175953075,2416.231796187683
166,,,714,STREAM IT,,,HEU,TRUE,HEU_DAILY_RATE,60,7.5,489.36340175953075,3670.2255131964807
166,,,721,SEADE,,,HEU,TRUE,HEU_DAILY_RATE,60,7.5,489.36340175953075,3670.2255131964807
166,,,723,TOXBOX,,,HEU,TRUE,HEU_DAILY_RATE,152,19,489.36340175953075,9297.904633431084
169,,,572,Enterprise Europe Network 2022 - 2024,,,HEU,TRUE,HEU_DAILY_RATE,922.25,115.28125,177.17376884422112,20424.813539572864
179,,,624,EQATOR (inkl. MwSt.),,,HEU,TRUE,HEU_DAILY_RATE,100.75,12.59375,218.42956375838926,2750.847318582215
179,,,626,REEsilience (mit MwSt.),,,HEU,TRUE,HEU_DAILY_RATE,503.25,62.90625,218.42956375838926,13740.584745176175
179,,,721,SEADE,,,HEU,TRUE,HEU_DAILY_RATE,1250.75,156.34375,218.42956375838926,34150.09710885067
179,,,754,GREENE,,,HEU,TRUE,HEU_DAILY_RATE,744,93,218.42956375838926,20313.949429530203
179,,,758,PROTEUS (mit MwSt),,,HEU,TRUE,HEU_DAILY_RATE,228,28.5,218.42956375838926,6225.242567114094
182,,,572,Enterprise Europe Network 2022 - 2024,,,HEU,TRUE,HEU_DAILY_RATE,533.5,66.6875,233.78629032258064,15590.623235887097
182,,,623,ROBIN,,,HEU,TRUE,HEU_DAILY_RATE,130,16.25,233.78629032258064,3799.0272177419356
182,,,680,LUCRA (mit MwSt),,,HEU,TRUE,HEU_DAILY_RATE,155.125,19.390625,233.78629032258064,4533.26228578629
183,,,572,Enterprise Europe Network 2022 - 2024,,,HEU,TRUE,HEU_DAILY_RATE,115.25,14.40625,194.97397694524497,2808.8438553674355
183,,,700,MAGICIAN (mit MwSt.),,,HEU,TRUE,HEU_DAILY_RATE,53.224999999999994,6.653124999999999,194.97397694524497,1297.186240363833
184,,,617,Flex4Fact (mit MwSt),,,HEU,TRUE,HEU_DAILY_RATE,1531,191.375,259.9375284090909,49745.54449928977
184,,,626,REEsilience (mit MwSt.),,,HEU,TRUE,HEU_DAILY_RATE,41,5.125,259.9375284090909,1332.1798330965908
184,,,650,ECODALLI,,,HEU,TRUE,HEU_DAILY_RATE,18.5,2.3125,259.9375284090909,601.1055344460226
184,,,653,MARS,,,HEU,TRUE,HEU_DAILY_RATE,522.5,65.3125,259.9375284090909,16977.16982421875
184,,,726,INVERSE,,,HEU,TRUE,HEU_DAILY_RATE,411,51.375,259.9375284090909,13354.290522017043
185,,,572,Enterprise Europe Network 2022 - 2024,,,HEU,TRUE,HEU_DAILY_RATE,340,42.5,194.1964895330113,8253.350805152979
185,,,637,EEN2EIC,,,HEU,TRUE,HEU_DAILY_RATE,209.75,26.21875,194.1964895330113,5091.58920994364
187,,,727,COREU (mit MwSt),,,HEU,TRUE,HEU_DAILY_RATE,142,17.75,,
191,,,688,ADMIRAL (mit MwSt.),,,HEU,TRUE,HEU_DAILY_RATE,1403.6666666666667,175.45833333333334,109.12378299120235,19146.677090664714
191,,,700,MAGICIAN (mit MwSt.),,,HEU,TRUE,HEU_DAILY_RATE,1460.3333333333333,182.54166666666666,109.12378299120235,19919.637220185727
193,,,617,Flex4Fact (mit MwSt),,,HEU,TRUE,HEU_DAILY_RATE,445.6666666666667,55.708333333333336,351.8529658792651,19601.142307524064
193,,,682,FIBSUN,,,HEU,TRUE,HEU_DAILY_RATE,153.95833333333334,19.244791666666668,351.8529658792651,6771.337025645233
193,,,695,POSEIDON (mit MwSt),,,HEU,TRUE,HEU_DAILY_RATE,705.1041666666666,88.13802083333333,351.8529658792651,31011.62403693679
193,,,723,TOXBOX,,,HEU,TRUE,HEU_DAILY_RATE,227,28.375,351.8529658792651,9983.827906824148
193,,,727,COREU (mit MwSt),,,HEU,TRUE,HEU_DAILY_RATE,213.16666666666666,26.645833333333332,351.8529658792651,9375.415486657917
198,,,572,Enterprise Europe Network 2022 - 2024,,,HEU,TRUE,HEU_DAILY_RATE,738.625,92.328125,210.85753665689148,19468.08100164956
198,,,827,Enterprise Europe Network 2025 - 2028,,,HEU,TRUE,HEU_DAILY_RATE,80.5,10.0625,210.85753665689148,2121.7539626099706
203,,,627,Distender,,,HEU,TRUE,HEU_DAILY_RATE,20,2.5,,
204,,,572,Enterprise Europe Network 2022 - 2024,,,HEU,TRUE,HEU_DAILY_RATE,472.2083333333333,59.026041666666664,255.56348973607035,15084.901193640027
206,,,631,EARASHI (inkl. MwSt.),,,HEU,TRUE,HEU_DAILY_RATE,626.9,78.3625,296.90926686217006,23266.5524244868
206,,,647,EDIH-AICS,,,HEU,TRUE,HEU_DAILY_RATE,38.78333333333333,4.847916666666666,296.90926686217006,1439.3913833088952
206,,,700,MAGICIAN (mit MwSt.),,,HEU,TRUE,HEU_DAILY_RATE,1482.85,185.35625,296.90926686217006,55033.9882958211
206,,,703,atTRACTION/LUMP,,,HEU,TRUE,HEU_DAILY_RATE,421.8,52.725,296.90926686217006,15654.541095307917
213,,,572,Enterprise Europe Network 2022 - 2024,,,HEU,TRUE,HEU_DAILY_RATE,539.7708333333334,67.47135416666667,277.83730205278596,18746.059007514665
213,,,616,MOSTH2,,,HEU,TRUE,HEU_DAILY_RATE,690.1458333333334,86.26822916666667,277.83730205278596,23968.532044538126
213,,,621,CANMILK,,,HEU,TRUE,HEU_DAILY_RATE,150.125,18.765625,277.83730205278596,5213.790621334311
213,,,723,TOXBOX,,,HEU,TRUE,HEU_DAILY_RATE,667.1875,83.3984375,277.83730205278596,23171.19687041789
220,,,572,Enterprise Europe Network 2022 - 2024,,,HEU,TRUE,HEU_DAILY_RATE,1815.5,226.9375,224.26125970664364,50893.28962467644
224,,,572,Enterprise Europe Network 2022 - 2024,,,HEU,TRUE,HEU_DAILY_RATE,448.4583333333333,56.057291666666664,179.70062663185377,10073.530439784594
225,,,572,Enterprise Europe Network 2022 - 2024,,,HEU,TRUE,HEU_DAILY_RATE,781.3333333333334,97.66666666666667,185.7527840909091,18141.855246212122
225,,,626,REEsilience (mit MwSt.),,,HEU,TRUE,HEU_DAILY_RATE,194.66666666666666,24.333333333333332,185.7527840909091,4519.984412878788
225,,,688,ADMIRAL (mit MwSt.),,,HEU,TRUE,HEU_DAILY_RATE,317,39.625,185.7527840909091,7360.454069602273
228,,,628,INVEST4NATURE,,,HEU,TRUE,HEU_DAILY_RATE,303.5,37.9375,116.17892961876832,4407.538142412023
228,,,656,REHOUSE (mit MwSt),,,HEU,TRUE,HEU_DAILY_RATE,102.5,12.8125,116.17892961876832,1488.542535740469
228,,,719,MOBILITIES (mit MwSt),,,HEU,TRUE,HEU_DAILY_RATE,1540.625,192.578125,116.17892961876832,22373.520430489367
228,,,756,SIRCULAR (mit MwSt),,,HEU,TRUE,HEU_DAILY_RATE,291.375,36.421875,116.17892961876832,4231.454452208577
230,,,572,Enterprise Europe Network 2022 - 2024,,,HEU,TRUE,HEU_DAILY_RATE,586.4166666666666,73.30208333333333,145.49693548387097,10665.228489583333
230,,,614,AeroSolfd (mit MwSt.),,,HEU,TRUE,HEU_DAILY_RATE,228,28.5,145.49693548387097,4146.662661290323
230,,,652,H2GLASS (mit MwSt),,,HEU,TRUE,HEU_DAILY_RATE,200,25,145.49693548387097,3637.423387096774
231,,,572,Enterprise Europe Network 2022 - 2024,,,HEU,TRUE,HEU_DAILY_RATE,1231.875,153.984375,319.91627565982407,49262.10775980572
278,,,614,AeroSolfd (mit MwSt.),,,HEU,TRUE,HEU_DAILY_RATE,248.5690476190476,31.07113095238095,273.475546875,8497.194529227121
278,,,615,EcoReFibre (inkl. MwSt.),,,HEU,TRUE,HEU_DAILY_RATE,147.1940476190476,18.39925595238095,273.475546875,5031.74658367048
278,,,617,Flex4Fact (mit MwSt),,,HEU,TRUE,HEU_DAILY_RATE,79.85416666666667,9.981770833333334,273.475546875,2729.7702374267583
278,,,656,REHOUSE (mit MwSt),,,HEU,TRUE,HEU_DAILY_RATE,235.46309523809524,29.432886904761904,273.475546875,8049.174842389789
278,,,690,DaWetRest (mit MwSt),,,HEU,TRUE,HEU_DAILY_RATE,158.91309523809522,19.864136904761903,273.475546875,5432.355703229631
278,,,698,CAPTUS (mit MwSt),,,HEU,TRUE,HEU_DAILY_RATE,5.566666666666666,0.6958333333333333,273.475546875,190.2934013671875
278,,,719,MOBILITIES (mit MwSt),,,HEU,TRUE,HEU_DAILY_RATE,110.82619047619048,13.85327380952381,273.475546875,3788.5316310686385
278,,,720,metaCCAZE (mit MwSt.),,,HEU,TRUE,HEU_DAILY_RATE,80.54166666666667,10.067708333333334,273.475546875,2753.2720422363286
278,,,725,HARMONY (mit MwSt),,,HEU,TRUE,HEU_DAILY_RATE,55.36666666666667,6.920833333333333,273.475546875,1892.6786806640628
278,,,727,COREU (mit MwSt),,,HEU,TRUE,HEU_DAILY_RATE,37.608333333333334,4.701041666666667,273.475546875,1285.6199406738283
278,,,728,HYGHER (mit MwSt),,,HEU,TRUE,HEU_DAILY_RATE,78.83333333333333,9.854166666666666,273.475546875,2694.8736181640625
278,,,758,PROTEUS (mit MwSt),,,HEU,TRUE,HEU_DAILY_RATE,54.516666666666666,6.814583333333333,273.475546875,1863.621903808594
278,,,759,SUPREMAS (mit MwSt),,,HEU,TRUE,HEU_DAILY_RATE,49.58333333333333,6.197916666666666,273.475546875,1694.9786499023437
278,,,760,BioFibreLoop (inkl. MwSt),,,HEU,TRUE,HEU_DAILY_RATE,14.141666666666666,1.7677083333333332,273.475546875,483.42500317382815
279,,,615,EcoReFibre (inkl. MwSt.),,,HEU,TRUE,HEU_DAILY_RATE,298.35,37.29375,183.52008797653957,6844.152280975073
279,,,622,LongCovid,,,HEU,TRUE,HEU_DAILY_RATE,53.06666666666666,6.633333333333333,183.52008797653957,1217.3499169110457
279,,,648,GOFORESTS,,,HEU,TRUE,HEU_DAILY_RATE,425.2166666666667,53.15208333333334,183.52008797653957,9754.475009469697
279,,,660,SHIFT-HUB,,,HEU,TRUE,HEU_DAILY_RATE,96.4,12.05,183.52008797653957,2211.417060117302
279,,,680,LUCRA (mit MwSt),,,HEU,TRUE,HEU_DAILY_RATE,176.88333333333333,22.110416666666666,183.52008797653957,4057.7056118646133
279,,,698,CAPTUS (mit MwSt),,,HEU,TRUE,HEU_DAILY_RATE,181.65,22.70625,183.52008797653957,4167.052997617302
279,,,760,BioFibreLoop (inkl. MwSt),,,HEU,TRUE,HEU_DAILY_RATE,100.43333333333334,12.554166666666667,183.52008797653957,2303.9417711388073
280,,,617,Flex4Fact (mit MwSt),,,HEU,TRUE,HEU_DAILY_RATE,246.66666666666666,30.833333333333332,286.2508504398827,8826.06788856305
280,,,621,CANMILK,,,HEU,TRUE,HEU_DAILY_RATE,552.5,69.0625,286.2508504398827,19769.1993585044
280,,,660,SHIFT-HUB,,,HEU,TRUE,HEU_DAILY_RATE,404.5,50.5625,286.2508504398827,14473.55862536657
280,,,723,TOXBOX,,,HEU,TRUE,HEU_DAILY_RATE,289.3333333333333,36.166666666666664,286.2508504398827,10352.73909090909
280,,,761,pHYBi,,,HEU,TRUE,HEU_DAILY_RATE,819,102.375,286.2508504398827,29304.93081378299
280,,,824,FABULOSE,,,HEU,TRUE,HEU_DAILY_RATE,36,4.5,286.2508504398827,1288.1288269794723
284,,,624,EQATOR (inkl. MwSt.),,,HEU,TRUE,HEU_DAILY_RATE,227.58333333333334,28.447916666666668,136.3484017595308,3878.8279708883188
284,,,656,REHOUSE (mit MwSt),,,HEU,TRUE,HEU_DAILY_RATE,203.75,25.46875,136.3484017595308,3472.62335731305
284,,,687,SMARTeeStory (mit MwSt),,,HEU,TRUE,HEU_DAILY_RATE,187.08333333333334,23.385416666666668,136.3484017595308,3188.564186980694
284,,,704,MULTICLIMACT (mit MwSt),,,HEU,TRUE,HEU_DAILY_RATE,52.75,6.59375,136.3484017595308,899.0472741019062
284,,,719,MOBILITIES (mit MwSt),,,HEU,TRUE,HEU_DAILY_RATE,531.35,66.41875,136.3484017595308,9056.090409365836
284,,,720,metaCCAZE (mit MwSt.),,,HEU,TRUE,HEU_DAILY_RATE,208.6,26.075,136.3484017595308,3555.2845758797653
284,,,756,SIRCULAR (mit MwSt),,,HEU,TRUE,HEU_DAILY_RATE,74.875,9.359375,136.3484017595308,1276.1358227181086
284,,,759,SUPREMAS (mit MwSt),,,HEU,TRUE,HEU_DAILY_RATE,605.25,75.65625,136.3484017595308,10315.608770619501
284,,,763,STUNNED,,,HEU,TRUE,HEU_DAILY_RATE,96.25,12.03125,136.3484017595308,1640.4417086693547
289,,,704,MULTICLIMACT (mit MwSt),,,HEU,TRUE,HEU_DAILY_RATE,383,47.875,152.7818814229249,7314.43257312253
289,,,721,SEADE,,,HEU,TRUE,HEU_DAILY_RATE,141.375,17.671875,152.7818814229249,2699.9423107707507
289,,,811,DECIRE-WATER,,,HEU,TRUE,HEU_DAILY_RATE,44.75,5.59375,152.7818814229249,854.6236492094862
293,,,624,EQATOR (inkl. MwSt.),,,HEU,TRUE,HEU_DAILY_RATE,384,48,40.35131964809384,1936.8633431085045
294,,,720,metaCCAZE (mit MwSt.),,,HEU,TRUE,HEU_DAILY_RATE,878.0583333333333,109.75729166666666,237.66161993769472,26085.09573747404
294,,,756,SIRCULAR (mit MwSt),,,HEU,TRUE,HEU_DAILY_RATE,418.8208333333333,52.352604166666666,237.66161993769472,12442.204714206906
295,,,614,AeroSolfd (mit MwSt.),,,HEU,TRUE,HEU_DAILY_RATE,681.25,85.15625,222.48530386740333,18946.014157458565
295,,,625,OPeraTIC,,,HEU,TRUE,HEU_DAILY_RATE,642.125,80.265625,222.48530386740333,17857.921968232047
295,,,627,Distender,,,HEU,TRUE,HEU_DAILY_RATE,42.75,5.34375,222.48530386740333,1188.9058425414366
295,,,714,STREAM IT,,,HEU,TRUE,HEU_DAILY_RATE,221.25,27.65625,222.48530386740333,6153.109185082873
295,,,754,GREENE,,,HEU,TRUE,HEU_DAILY_RATE,125.625,15.703125,222.48530386740333,3493.714537292818
295,,,759,SUPREMAS (mit MwSt),,,HEU,TRUE,HEU_DAILY_RATE,67.5,8.4375,222.48530386740333,1877.2197513812157
296,,,572,Enterprise Europe Network 2022 - 2024,,,HEU,TRUE,HEU_DAILY_RATE,736.65,92.08125,142.56459358687547,13127.525983221476
296,,,614,AeroSolfd (mit MwSt.),,,HEU,TRUE,HEU_DAILY_RATE,556.625,69.578125,142.56459358687547,9919.37711316182
296,,,616,MOSTH2,,,HEU,TRUE,HEU_DAILY_RATE,8,1,142.56459358687547,142.56459358687547
296,,,651,Every1,,,HEU,TRUE,HEU_DAILY_RATE,4,0.5,142.56459358687547,71.28229679343774
296,,,680,LUCRA (mit MwSt),,,HEU,TRUE,HEU_DAILY_RATE,144,18,142.56459358687547,2566.1626845637584
296,,,690,DaWetRest (mit MwSt),,,HEU,TRUE,HEU_DAILY_RATE,53,6.625,142.56459358687547,944.49043251305
296,,,720,metaCCAZE (mit MwSt.),,,HEU,TRUE,HEU_DAILY_RATE,4,0.5,142.56459358687547,71.28229679343774
297,,,624,EQATOR (inkl. MwSt.),,,HEU,TRUE,HEU_DAILY_RATE,171.16666666666666,21.395833333333332,95.6449120234604,2046.4025968352883
297,,,628,INVEST4NATURE,,,HEU,TRUE,HEU_DAILY_RATE,960.5416666666666,120.06770833333333,95.6449120234604,11483.865400400171
297,,,687,SMARTeeStory (mit MwSt),,,HEU,TRUE,HEU_DAILY_RATE,367.875,45.984375,95.6449120234604,4398.171501328812
297,,,759,SUPREMAS (mit MwSt),,,HEU,TRUE,HEU_DAILY_RATE,124.9375,15.6171875,95.6449120234604,1493.7045244913857
297,,,763,STUNNED,,,HEU,TRUE,HEU_DAILY_RATE,235.6875,29.4609375,95.6449120234604,2817.7887753161654
298,,,654,NetworkNaturePlus,,,HEU,TRUE,HEU_DAILY_RATE,422.25,52.78125,96.47819648093842,5092.239808009531
298,,,656,REHOUSE (mit MwSt),,,HEU,TRUE,HEU_DAILY_RATE,1831.5416666666667,228.94270833333334,96.47819648093842,22087.97959746151
300,,,626,REEsilience (mit MwSt.),,,HEU,TRUE,HEU_DAILY_RATE,846.3333333333334,105.79166666666667,102.55549853372435,10849.517115713588
300,,,651,Every1,,,HEU,TRUE,HEU_DAILY_RATE,1120,140,102.55549853372435,14357.76979472141
301,,,621,CANMILK,,,HEU,TRUE,HEU_DAILY_RATE,265.3333333333333,33.166666666666664,138.5090909090909,4593.884848484848
301,,,660,SHIFT-HUB,,,HEU,TRUE,HEU_DAILY_RATE,712.6666666666666,89.08333333333333,138.5090909090909,12338.851515151513
301,,,723,TOXBOX,,,HEU,TRUE,HEU_DAILY_RATE,134,16.75,138.5090909090909,2320.0272727272727
304,,,614,AeroSolfd (mit MwSt.),,,HEU,TRUE,HEU_DAILY_RATE,55.455568053993254,6.931946006749157,26.080413793103446,180.78802024746906
304,,,680,LUCRA (mit MwSt),,,HEU,TRUE,HEU_DAILY_RATE,269.88376452943385,33.73547056617923,26.080413793103446,879.8350318710161
304,,,698,CAPTUS (mit MwSt),,,HEU,TRUE,HEU_DAILY_RATE,254.66066741657295,31.83258342707162,26.080413793103446,830.2069478815148
305,,,647,EDIH-AICS,,,HEU,TRUE,HEU_DAILY_RATE,116,14.5,107.56912848158132,1559.752362982929
305,,,653,MARS,,,HEU,TRUE,HEU_DAILY_RATE,680,85,107.56912848158132,9143.375920934412
305,,,709,MASTT2040,,,HEU,TRUE,HEU_DAILY_RATE,140,17.5,107.56912848158132,1882.459748427673
305,,,726,INVERSE,,,HEU,TRUE,HEU_DAILY_RATE,540,67.5,107.56912848158132,7260.916172506739
306,,,614,AeroSolfd (mit MwSt.),,,HEU,TRUE,HEU_DAILY_RATE,575.5833333333334,71.94791666666667,226.2713676042677,16279.753500444554
306,,,624,EQATOR (inkl. MwSt.),,,HEU,TRUE,HEU_DAILY_RATE,49,6.125,226.2713676042677,1385.9121265761398
306,,,625,OPeraTIC,,,HEU,TRUE,HEU_DAILY_RATE,363.5,45.4375,226.2713676042677,10281.205265518915
306,,,655,PrAEctiCe,,,HEU,TRUE,HEU_DAILY_RATE,1540.5,192.5625,226.2713676042677,43571.3802242968
306,,,720,metaCCAZE (mit MwSt.),,,HEU,TRUE,HEU_DAILY_RATE,87.41666666666667,10.927083333333334,226.2713676042677,2472.486089759134
306,,,725,HARMONY (mit MwSt),,,HEU,TRUE,HEU_DAILY_RATE,24,3,226.2713676042677,678.8141028128032
307,,,572,Enterprise Europe Network 2022 - 2024,,,HEU,TRUE,HEU_DAILY_RATE,204.41666666666666,25.552083333333332,331.94137829912023,8481.793760080645
307,,,637,EEN2EIC,,,HEU,TRUE,HEU_DAILY_RATE,1071.3333333333333,133.91666666666666,331.94137829912023,44452.482910557184
311,,,622,LongCovid,,,HEU,TRUE,HEU_DAILY_RATE,874,109.25,381.1094428152493,41636.20662756598
311,,,647,EDIH-AICS,,,HEU,TRUE,HEU_DAILY_RATE,183.75,22.96875,381.1094428152493,8753.607514662757
311,,,653,MARS,,,HEU,TRUE,HEU_DAILY_RATE,133.25,16.65625,381.1094428152493,6347.854156891496
311,,,658,ENDOTARGET,,,HEU,TRUE,HEU_DAILY_RATE,1318,164.75,381.1094428152493,62787.78070381232
311,,,709,MASTT2040,,,HEU,TRUE,HEU_DAILY_RATE,35.5,4.4375,381.1094428152493,1691.1731524926686
314,,,660,SHIFT-HUB,,,HEU,TRUE,HEU_DAILY_RATE,758.125,94.765625,199.5733101045296,18912.689465374562
315,,,652,H2GLASS (mit MwSt),,,HEU,TRUE,HEU_DAILY_RATE,459,57.375,114.80217008797655,6586.774508797655
316,,,654,NetworkNaturePlus,,,HEU,TRUE,HEU_DAILY_RATE,393,49.125,280.1224340175953,13761.01457111437
316,,,655,PrAEctiCe,,,HEU,TRUE,HEU_DAILY_RATE,706,88.25,280.1224340175953,24720.804802052786
316,,,721,SEADE,,,HEU,TRUE,HEU_DAILY_RATE,1618.2166666666667,202.27708333333334,280.1224340175953,56662.348929313295
317,,,690,DaWetRest (mit MwSt),,,HEU,TRUE,HEU_DAILY_RATE,1111.3333333333333,138.91666666666666,107.0894623655914,14876.511146953404
318,,,623,ROBIN,,,HEU,TRUE,HEU_DAILY_RATE,678.875,84.859375,282.01665689149564,23931.757243401764
318,,,650,ECODALLI,,,HEU,TRUE,HEU_DAILY_RATE,948.6666666666666,118.58333333333333,282.01665689149564,33442.475229716525
318,,,805,INNOVATE-EU,,,HEU,TRUE,HEU_DAILY_RATE,307.75,38.46875,282.01665689149564,10848.828269794723
321,,,614,AeroSolfd (mit MwSt.),,,HEU,TRUE,HEU_DAILY_RATE,82,10.25,214.5424340175953,2199.0599486803517
321,,,617,Flex4Fact (mit MwSt),,,HEU,TRUE,HEU_DAILY_RATE,130,16.25,214.5424340175953,3486.3145527859238
321,,,624,EQATOR (inkl. MwSt.),,,HEU,TRUE,HEU_DAILY_RATE,122.66666666666667,15.333333333333334,214.5424340175953,3289.6506549364613
321,,,631,EARASHI (inkl. MwSt.),,,HEU,TRUE,HEU_DAILY_RATE,104,13,214.5424340175953,2789.0516422287387
321,,,652,H2GLASS (mit MwSt),,,HEU,TRUE,HEU_DAILY_RATE,136,17,214.5424340175953,3647.2213782991203
321,,,688,ADMIRAL (mit MwSt.),,,HEU,TRUE,HEU_DAILY_RATE,172.66666666666669,21.583333333333336,214.5424340175953,4630.540867546432
321,,,695,POSEIDON (mit MwSt),,,HEU,TRUE,HEU_DAILY_RATE,40,5,214.5424340175953,1072.7121700879766
321,,,698,CAPTUS (mit MwSt),,,HEU,TRUE,HEU_DAILY_RATE,115.33333333333333,14.416666666666666,214.5424340175953,3092.9867570869988
321,,,700,MAGICIAN (mit MwSt.),,,HEU,TRUE,HEU_DAILY_RATE,58.666666666666664,7.333333333333333,214.5424340175953,1573.3111827956989
321,,,759,SUPREMAS (mit MwSt),,,HEU,TRUE,HEU_DAILY_RATE,76,9.5,214.5424340175953,2038.1531231671554
322,,,714,STREAM IT,,,HEU,TRUE,HEU_DAILY_RATE,403.2422619047619,50.40528273809524,145.7334164222874,7345.734059153969
322,,,721,SEADE,,,HEU,TRUE,HEU_DAILY_RATE,1453.9244047619047,181.7405505952381,145.7334164222874,26485.671340711626
323,,,572,Enterprise Europe Network 2022 - 2024,,,HEU,TRUE,HEU_DAILY_RATE,310.4,38.8,173.97781094527363,6750.3390646766165
323,,,657,AI REDGIO 5.0 (mit MwSt.),,,HEU,TRUE,HEU_DAILY_RATE,377.25,47.15625,173.97781094527363,8204.14114738806
324,,,622,LongCovid,,,HEU,TRUE,HEU_DAILY_RATE,637.25,79.65625,342.7169208211144,27299.544724156895
324,,,649,CLASCO,,,HEU,TRUE,HEU_DAILY_RATE,436.25,54.53125,342.7169208211144,18688.782088526394
324,,,658,ENDOTARGET,,,HEU,TRUE,HEU_DAILY_RATE,643.75,80.46875,342.7169208211144,27578.00222232405
324,,,660,SHIFT-HUB,,,HEU,TRUE,HEU_DAILY_RATE,460,57.5,342.7169208211144,19706.22294721408
325,,,646,POSITIVE,,,HEU,TRUE,HEU_DAILY_RATE,243.79166666666666,30.473958333333332,227.31458396369138,6927.175160268533
325,,,650,ECODALLI,,,HEU,TRUE,HEU_DAILY_RATE,596.3333333333334,74.54166666666667,227.31458396369138,16944.407946293497
325,,,690,DaWetRest (mit MwSt),,,HEU,TRUE,HEU_DAILY_RATE,1044.75,130.59375,227.31458396369138,29685.86394950832
325,,,749,TWIN SYNERGIES,,,HEU,TRUE,HEU_DAILY_RATE,172.35416666666666,21.544270833333332,227.31458396369138,4897.326961280257
326,,,615,EcoReFibre (inkl. MwSt.),,,HEU,TRUE,HEU_DAILY_RATE,351.28214285714284,43.910267857142856,213.25895006402052,9364.257620244194
326,,,682,FIBSUN,,,HEU,TRUE,HEU_DAILY_RATE,266.5625,33.3203125,213.25895006402052,7105.854859555059
326,,,698,CAPTUS (mit MwSt),,,HEU,TRUE,HEU_DAILY_RATE,110.20625,13.77578125,213.25895006402052,2937.8086456866204
326,,,722,NENUPHAR (mit MwSt),,,HEU,TRUE,HEU_DAILY_RATE,617.0032738095238,77.12540922619047,213.25895006402052,16447.683794835302
327,,,704,MULTICLIMACT (mit MwSt),,,HEU,TRUE,HEU_DAILY_RATE,184.79166666666666,23.098958333333332,174.03721407624633,4020.0783563966274
327,,,719,MOBILITIES (mit MwSt),,,HEU,TRUE,HEU_DAILY_RATE,1106.2083333333333,138.27604166666666,174.03721407624633,24065.177065157623
327,,,720,metaCCAZE (mit MwSt.),,,HEU,TRUE,HEU_DAILY_RATE,662.5,82.8125,174.03721407624633,14412.45679068915
331,,,614,AeroSolfd (mit MwSt.),,,HEU,TRUE,HEU_DAILY_RATE,341.3833333333333,42.672916666666666,244.09944625407167,10416.435328379479
331,,,704,MULTICLIMACT (mit MwSt),,,HEU,TRUE,HEU_DAILY_RATE,527.525,65.940625,244.09944625407167,16096.070048147394
331,,,719,MOBILITIES (mit MwSt),,,HEU,TRUE,HEU_DAILY_RATE,63.833333333333336,7.979166666666667,244.09944625407167,1947.7101649022802
331,,,758,PROTEUS (mit MwSt),,,HEU,TRUE,HEU_DAILY_RATE,979.7416666666667,122.46770833333333,244.09944625407167,29894.299788171826
332,,,627,Distender,,,HEU,TRUE,HEU_DAILY_RATE,312,39,173.6217302052786,6771.247478005866
332,,,704,MULTICLIMACT (mit MwSt),,,HEU,TRUE,HEU_DAILY_RATE,812,101.5,173.6217302052786,17622.60561583578
332,,,714,STREAM IT,,,HEU,TRUE,HEU_DAILY_RATE,376,47,173.6217302052786,8160.221319648094
332,,,725,HARMONY (mit MwSt),,,HEU,TRUE,HEU_DAILY_RATE,316.5,39.5625,173.6217302052786,6868.909701246334
332,,,754,GREENE,,,HEU,TRUE,HEU_DAILY_RATE,508,63.5,173.6217302052786,11024.97986803519
334,,,695,POSEIDON (mit MwSt),,,HEU,TRUE,HEU_DAILY_RATE,1100.5833333333333,137.57291666666666,190.68102639296188,26232.54495387341
334,,,727,COREU (mit MwSt),,,HEU,TRUE,HEU_DAILY_RATE,1221.9166666666667,152.73958333333334,190.68102639296188,29124.540520833336
335,,,615,EcoReFibre (inkl. MwSt.),,,HEU,TRUE,HEU_DAILY_RATE,107,13.375,109.35883597883598,1462.6744312169312
335,,,617,Flex4Fact (mit MwSt),,,HEU,TRUE,HEU_DAILY_RATE,299.35833333333335,37.41979166666667,109.35883597883598,4092.184859237214
335,,,623,ROBIN,,,HEU,TRUE,HEU_DAILY_RATE,451.3,56.4125,109.35883597883598,6169.205334656085
335,,,650,ECODALLI,,,HEU,TRUE,HEU_DAILY_RATE,184.9,23.1125,109.35883597883598,2527.556096560847
335,,,660,SHIFT-HUB,,,HEU,TRUE,HEU_DAILY_RATE,68.5,8.5625,109.35883597883598,936.3850330687831
335,,,690,DaWetRest (mit MwSt),,,HEU,TRUE,HEU_DAILY_RATE,313.95,39.24375,109.35883597883598,4291.650819444444
335,,,695,POSEIDON (mit MwSt),,,HEU,TRUE,HEU_DAILY_RATE,58.949999999999996,7.3687499999999995,109.35883597883598,805.8379226190476
335,,,698,CAPTUS (mit MwSt),,,HEU,TRUE,HEU_DAILY_RATE,177.09166666666667,22.136458333333334,109.35883597883598,2420.817316027337
335,,,727,COREU (mit MwSt),,,HEU,TRUE,HEU_DAILY_RATE,71.63333333333333,8.954166666666666,109.35883597883598,979.2172438271605
335,,,760,BioFibreLoop (inkl. MwSt),,,HEU,TRUE,HEU_DAILY_RATE,118.51666666666667,14.814583333333333,109.35883597883598,1620.1055888447972
336,,,727,COREU (mit MwSt),,,HEU,TRUE,HEU_DAILY_RATE,1220.75,152.59375,,
337,,,680,LUCRA (mit MwSt),,,HEU,TRUE,HEU_DAILY_RATE,417.2083333333333,52.151041666666664,209.56343891402716,10928.951634615385
337,,,698,CAPTUS (mit MwSt),,,HEU,TRUE,HEU_DAILY_RATE,559.0833333333334,69.88541666666667,209.56343891402716,14645.428246606336
338,,,624,EQATOR (inkl. MwSt.),,,HEU,TRUE,HEU_DAILY_RATE,392.5,49.0625,118.29598039215686,5803.8965379901965
338,,,651,Every1,,,HEU,TRUE,HEU_DAILY_RATE,528,66,118.29598039215686,7807.534705882353
338,,,719,MOBILITIES (mit MwSt),,,HEU,TRUE,HEU_DAILY_RATE,723,90.375,118.29598039215686,10690.999227941176
338,,,817,MOBILITIES: Secondment,,,HEU,TRUE,HEU_DAILY_RATE,479,59.875,118.29598039215686,7082.971825980392
339,,,687,SMARTeeStory (mit MwSt),,,HEU,TRUE,HEU_DAILY_RATE,263.25,32.90625,228.64903633491312,7523.982351895735
339,,,720,metaCCAZE (mit MwSt.),,,HEU,TRUE,HEU_DAILY_RATE,731.75,91.46875,228.64903633491312,20914.241542259086
339,,,756,SIRCULAR (mit MwSt),,,HEU,TRUE,HEU_DAILY_RATE,249.5,31.1875,228.64903633491312,7130.991820695103
340,,,682,FIBSUN,,,HEU,TRUE,HEU_DAILY_RATE,418,52.25,359.3911340206185,18778.186752577316
340,,,723,TOXBOX,,,HEU,TRUE,HEU_DAILY_RATE,1425,178.125,359.3911340206185,64016.54574742267
340,,,828,Circular-C,,,HEU,TRUE,HEU_DAILY_RATE,68,8.5,359.3911340206185,3054.8246391752573
341,,,624,EQATOR (inkl. MwSt.),,,HEU,TRUE,HEU_DAILY_RATE,393.875,49.234375,196.03746130030962,9651.781883707432
341,,,656,REHOUSE (mit MwSt),,,HEU,TRUE,HEU_DAILY_RATE,913.375,114.171875,196.03746130030962,22381.96452689629
341,,,759,SUPREMAS (mit MwSt),,,HEU,TRUE,HEU_DAILY_RATE,487,60.875,196.03746130030962,11933.780456656348
342,,,617,Flex4Fact (mit MwSt),,,HEU,TRUE,HEU_DAILY_RATE,901.3333333333334,112.66666666666667,90.77437950360287,10227.246757405925
342,,,657,AI REDGIO 5.0 (mit MwSt.),,,HEU,TRUE,HEU_DAILY_RATE,336,42,90.77437950360287,3812.5239391513205
342,,,688,ADMIRAL (mit MwSt.),,,HEU,TRUE,HEU_DAILY_RATE,688,86,90.77437950360287,7806.596637309847
342,,,703,atTRACTION/LUMP,,,HEU,TRUE,HEU_DAILY_RATE,136,17,90.77437950360287,1543.1644515612488
343,,,616,MOSTH2,,,HEU,TRUE,HEU_DAILY_RATE,231,28.875,172.28685816876123,4974.78302962298
343,,,652,H2GLASS (mit MwSt),,,HEU,TRUE,HEU_DAILY_RATE,832.4,104.05,172.28685816876123,17926.447592459604
343,,,723,TOXBOX,,,HEU,TRUE,HEU_DAILY_RATE,209,26.125,172.28685816876123,4500.994169658887
343,,,728,HYGHER (mit MwSt),,,HEU,TRUE,HEU_DAILY_RATE,855.3,106.9125,172.28685816876123,18419.618723967684
345,,,614,AeroSolfd (mit MwSt.),,,HEU,TRUE,HEU_DAILY_RATE,1085.25,135.65625,138.71506493506493,18817.565527597402
345,,,719,MOBILITIES (mit MwSt),,,HEU,TRUE,HEU_DAILY_RATE,91.45833333333333,11.432291666666666,138.71506493506493,1585.8310808982683
345,,,758,PROTEUS (mit MwSt),,,HEU,TRUE,HEU_DAILY_RATE,947.125,118.390625,138.71506493506493,16422.563234577923
346,,,615,EcoReFibre (inkl. MwSt.),,,HEU,TRUE,HEU_DAILY_RATE,859.0658164761068,107.38322705951335,183.5025231910946,19705.093113822924
346,,,760,BioFibreLoop (inkl. MwSt),,,HEU,TRUE,HEU_DAILY_RATE,1296.9341835238934,162.11677294048667,183.5025231910946,29748.836886177076
347,,,624,EQATOR (inkl. MwSt.),,,HEU,TRUE,HEU_DAILY_RATE,149,18.625,146.13202797202797,2721.709020979021
347,,,756,SIRCULAR (mit MwSt),,,HEU,TRUE,HEU_DAILY_RATE,481.75,60.21875,146.13202797202797,8799.88805944056
347,,,759,SUPREMAS (mit MwSt),,,HEU,TRUE,HEU_DAILY_RATE,609.25,76.15625,146.13202797202797,11128.867255244755
348,,,615,EcoReFibre (inkl. MwSt.),,,HEU,TRUE,HEU_DAILY_RATE,479.7755878284924,59.97194847856155,174.27082969432317,10451.361219744123
348,,,722,NENUPHAR (mit MwSt),,,HEU,TRUE,HEU_DAILY_RATE,360.2474066390041,45.030925829875514,174.27082969432317,7847.576806275933
348,,,760,BioFibreLoop (inkl. MwSt),,,HEU,TRUE,HEU_DAILY_RATE,991.9770055325033,123.99712569156291,174.27082969432317,21609.081973979944
349,,,614,AeroSolfd (mit MwSt.),,,HEU,TRUE,HEU_DAILY_RATE,31.5,3.9375,153.5848951048951,604.7405244755245
349,,,615,EcoReFibre (inkl. MwSt.),,,HEU,TRUE,HEU_DAILY_RATE,89.5,11.1875,153.5848951048951,1718.231013986014
349,,,626,REEsilience (mit MwSt.),,,HEU,TRUE,HEU_DAILY_RATE,138.45833333333334,17.307291666666668,153.5848951048951,2658.1385751748253
349,,,656,REHOUSE (mit MwSt),,,HEU,TRUE,HEU_DAILY_RATE,24.125,3.015625,153.5848951048951,463.1544493006993
349,,,680,LUCRA (mit MwSt),,,HEU,TRUE,HEU_DAILY_RATE,186.875,23.359375,153.5848951048951,3587.647159090909
349,,,687,SMARTeeStory (mit MwSt),,,HEU,TRUE,HEU_DAILY_RATE,24,3,153.5848951048951,460.75468531468533
349,,,688,ADMIRAL (mit MwSt.),,,HEU,TRUE,HEU_DAILY_RATE,84,10.5,153.5848951048951,1612.6413986013986
349,,,700,MAGICIAN (mit MwSt.),,,HEU,TRUE,HEU_DAILY_RATE,104.25,13.03125,153.5848951048951,2001.4031643356643
349,,,704,MULTICLIMACT (mit MwSt),,,HEU,TRUE,HEU_DAILY_RATE,164.375,20.546875,153.5848951048951,3155.689641608392
349,,,719,MOBILITIES (mit MwSt),,,HEU,TRUE,HEU_DAILY_RATE,185.08333333333334,23.135416666666668,153.5848951048951,3553.250541958042
349,,,720,metaCCAZE (mit MwSt.),,,HEU,TRUE,HEU_DAILY_RATE,32,4,153.5848951048951,614.3395804195804
349,,,727,COREU (mit MwSt),,,HEU,TRUE,HEU_DAILY_RATE,266.875,33.359375,153.5848951048951,5123.49611013986
349,,,728,HYGHER (mit MwSt),,,HEU,TRUE,HEU_DAILY_RATE,136,17,153.5848951048951,2610.943216783217
349,,,758,PROTEUS (mit MwSt),,,HEU,TRUE,HEU_DAILY_RATE,64.70833333333333,8.088541666666666,153.5848951048951,1242.2778234265734
349,,,763,STUNNED,,,HEU,TRUE,HEU_DAILY_RATE,11.625,1.453125,153.5848951048951,223.1780506993007
351,,,616,MOSTH2,,,HEU,TRUE,HEU_DAILY_RATE,136.9162429378531,17.114530367231637,308.2881180811808,5276.206358757062
351,,,621,CANMILK,,,HEU,TRUE,HEU_DAILY_RATE,100.70635593220338,12.588294491525422,308.2881180811808,3880.8216186440673
351,,,682,FIBSUN,,,HEU,TRUE,HEU_DAILY_RATE,147.5572033898305,18.444650423728813,308.2881180811808,5686.26656779661
351,,,761,pHYBi,,,HEU,TRUE,HEU_DAILY_RATE,513.9430790960452,64.24288488700564,308.2881180811808,19805.3180819209
351,,,824,FABULOSE,,,HEU,TRUE,HEU_DAILY_RATE,85.85494350282485,10.731867937853107,308.2881180811808,3308.5073700564967
351,,,828,Circular-C,,,HEU,TRUE,HEU_DAILY_RATE,99.02217514124294,12.377771892655367,308.2881180811808,3815.920002824859
359,,,759,SUPREMAS (mit MwSt),,,HEU,TRUE,HEU_DAILY_RATE,151.75,18.96875,99.10137142857144,1879.8291392857145
359,,,763,STUNNED,,,HEU,TRUE,HEU_DAILY_RATE,224.25,28.03125,99.10137142857144,2777.935317857143
360,,,625,OPeraTIC,,,HEU,TRUE,HEU_DAILY_RATE,334.59361471861473,41.82420183982684,287.38261111111115,12019.548332367576
360,,,628,INVEST4NATURE,,,HEU,TRUE,HEU_DAILY_RATE,179.90800865800864,22.48850108225108,287.38261111111115,6462.804160992364
360,,,655,PrAEctiCe,,,HEU,TRUE,HEU_DAILY_RATE,522.4853896103896,65.3106737012987,287.38261111111115,18769.151941704997
360,,,721,SEADE,,,HEU,TRUE,HEU_DAILY_RATE,403.01298701298697,50.37662337662337,287.38261111111115,14477.365564935066
361,,,572,Enterprise Europe Network 2022 - 2024,,,HEU,TRUE,HEU_DAILY_RATE,345.1666666666667,43.145833333333336,175.08277777777778,7554.092349537037
362,,,749,TWIN SYNERGIES,,,HEU,TRUE,HEU_DAILY_RATE,411.56666666666666,51.44583333333333,298.60272222222227,15361.865880324076
363,,,624,EQATOR (inkl. MwSt.),,,HEU,TRUE,HEU_DAILY_RATE,13.176190476190477,1.6470238095238097,78.36131736526946,129.06295544625036
363,,,656,REHOUSE (mit MwSt),,,HEU,TRUE,HEU_DAILY_RATE,75.5220238095238,9.440252976190475,78.36131736526946,739.75065947569135
363,,,680,LUCRA (mit MwSt),,,HEU,TRUE,HEU_DAILY_RATE,24.917857142857144,3.114732142857143,78.36131736526946,244.0745139542344
363,,,690,DaWetRest (mit MwSt),,,HEU,TRUE,HEU_DAILY_RATE,27.704166666666666,3.463020833333333,78.36131736526946,271.36687456337324
363,,,725,HARMONY (mit MwSt),,,HEU,TRUE,HEU_DAILY_RATE,69.1595238095238,8.644940476190476,78.36131736526946,677.4289242586256
363,,,759,SUPREMAS (mit MwSt),,,HEU,TRUE,HEU_DAILY_RATE,79.12202380952381,9.890252976190476,78.36131736526946,775.0132522900627
368,,,616,MOSTH2,,,HEU,TRUE,HEU_DAILY_RATE,409.55,51.19375,50.21540889526542,2570.7150891319943
368,,,652,H2GLASS (mit MwSt),,,HEU,TRUE,HEU_DAILY_RATE,544.45,68.05625,50.21540889526542,3417.4724216284076
369,,,680,LUCRA (mit MwSt),,,HEU,TRUE,HEU_DAILY_RATE,307.45,38.43125,,
369,,,698,CAPTUS (mit MwSt),,,HEU,TRUE,HEU_DAILY_RATE,311.3833333333333,38.922916666666666,,
369,,,727,COREU (mit MwSt),,,HEU,TRUE,HEU_DAILY_RATE,535.6666666666666,66.95833333333333,,
378,,,650,ECODALLI,,,HEU,TRUE,HEU_DAILY_RATE,105.6,13.2,91.471376146789,1207.4221651376147
378,,,805,INNOVATE-EU,,,HEU,TRUE,HEU_DAILY_RATE,323.06666666666666,40.38333333333333,91.471376146789,3693.9190733944956
379,,,650,ECODALLI,,,HEU,TRUE,HEU_DAILY_RATE,464,58,,
380,,,647,EDIH-AICS,,,HEU,TRUE,HEU_DAILY_RATE,53.95801104972376,6.74475138121547,307.1143119266055,2071.4096795580112
380,,,653,MARS,,,HEU,TRUE,HEU_DAILY_RATE,52.99447513812155,6.624309392265194,307.1143119266055,2034.4202209944754
380,,,726,INVERSE,,,HEU,TRUE,HEU_DAILY_RATE,163.56022099447515,20.445027624309393,307.1143119266055,6278.960591160222
380,,,805,INNOVATE-EU,,,HEU,TRUE,HEU_DAILY_RATE,165.48729281767956,20.685911602209945,307.1143119266055,6352.939508287293
383,,,690,DaWetRest (mit MwSt),,,HEU,TRUE,HEU_DAILY_RATE,121,15.125,,
