dwt_id,dcox_id,dwt_date,dwt_trueentrydate,dwt_start,dwt_end,dwt_break,ltt_id,dwt_comment,dwt_worktime,dwt_leave,llt_id,du_id,dwt_uncommon,update_timestamp,dwt_uuid
241447,,2024-01-16,2025-08-27,32400,67500,2700,,,,0,,284,FALSE,2025-08-27T14:09:44Z,35654b33-c3ea-4bdf-8589-92bc594a1fde
245095,,2024-03-12,2025-08-26,30600,68400,3600,,,,0,,331,FALSE,2025-08-26T10:13:34Z,432c8abf-8807-47ae-8ae0-3a81c75d4107
245734,,2024-03-21,2025-08-26,25200,63000,3600,,,,0,,331,FALSE,2025-08-26T10:14:24Z,f17ea4bc-8d84-4163-aa5f-7e37c36365e7
246025,,2024-04-02,2025-09-02,27900,65700,2700,,,,0,,339,FALSE,2025-09-02T07:23:22Z,609b7113-abe5-41c9-a769-18f43db936b9
246274,,2024-04-03,2025-09-02,29700,68400,2700,,,,0,,339,FALSE,2025-09-02T07:24:46Z,e27bb0f1-4fd2-4ae5-8f7a-f683791fdebf
246272,,2024-04-05,2025-09-02,31500,60300,1800,,,,0,,339,FALSE,2025-09-02T07:18:12Z,375a2732-efbf-48a2-b0ba-023e88d72325
246772,,2024-04-11,2025-08-28,31500,69300,2700,,,,0,,339,FALSE,2025-08-28T09:52:41Z,66cfc64c-d1b1-4df7-95e3-a0cc3a5859e1
246767,,2024-04-12,2025-08-27,29700,67500,2700,,,,0,,284,FALSE,2025-08-27T13:57:29Z,02f6954e-9d6a-40cf-a995-de6612c7f724
246773,,2024-04-12,2025-08-28,32400,68400,2700,,,,0,,339,FALSE,2025-08-28T09:53:05Z,84b03943-537c-4e35-9183-b43976cb1eca
247058,,2024-04-17,2025-08-28,28800,66600,2700,,,,0,,339,FALSE,2025-08-28T09:53:35Z,feafe528-4aaf-4489-95d8-d1ccc5e66eb7
247007,,2024-04-16,2025-09-25,22500,61200,2700,,,,0,,296,FALSE,2025-09-25T10:00:35Z,cab905df-4608-4fc2-8c21-b9ad02669136
247092,,2024-04-14,2025-08-18,39600,72000,1800,,,,0,,147,TRUE,2025-08-18T07:00:39Z,50cdf287-57f7-4946-8682-6fc7b51b696b
247413,,2024-04-23,2025-08-28,31500,61200,1800,,,,0,,339,FALSE,2025-08-28T09:54:06Z,bc662706-a17b-4a4d-b6a0-4cf1391b4500
247545,,2024-04-24,2025-08-28,28800,67500,2700,,,,0,,339,FALSE,2025-08-28T09:54:39Z,35558657-0394-4901-9edc-ff5d69158659
247498,,2024-04-23,2025-08-26,30600,70200,3600,,,,0,,307,FALSE,2025-08-26T14:18:47Z,83e40e92-f9b5-4f08-b0f4-ffe0c095c8df
248068,,2024-04-29,2025-08-28,28800,64800,2700,,,,0,,339,FALSE,2025-08-28T09:56:06Z,d3bf911c-8279-4e2f-b28c-6927042e557a
248150,,2024-04-30,2025-08-26,27000,59400,3600,,,,0,,307,FALSE,2025-08-26T14:19:20Z,f67ddcb0-2cf3-47a4-8379-18df32d78413
248839,,2024-05-07,2025-08-28,27000,63900,3600,,,,0,,297,FALSE,2025-08-28T10:18:28Z,6d191107-190f-424f-8e7f-e7d2fb54fc46
249216,,2024-05-15,2025-08-28,28800,65700,2700,,,,0,,339,FALSE,2025-08-28T10:12:47Z,d52ab21b-2f38-44d3-a652-569483280b52
249217,,2024-05-16,2025-08-28,28800,75600,10800,,,,0,,339,FALSE,2025-08-28T10:20:59Z,e8edcbe6-475b-445d-89bb-83b9ec269b1b
249343,,2024-05-22,2025-09-02,28800,65700,2700,,,,0,,339,FALSE,2025-09-02T07:25:22Z,0ee07c99-d612-4905-bcf2-a20db78a2d0e
249284,,2024-05-17,2025-09-10,27000,52200,1800,,,,0,,327,FALSE,2025-09-10T06:48:33Z,41a6c331-3e4c-4390-b539-ae79269bc3e1
249706,,2024-05-28,2025-09-02,31500,67500,2700,,,,0,,339,FALSE,2025-09-02T07:26:04Z,aced8ae7-37cc-4003-8891-d8f71e4fa0bb
249777,,2024-05-31,2025-08-28,30600,67500,2700,,,,0,,339,FALSE,2025-08-28T10:18:59Z,4e547821-a05c-47e0-9884-9e744fadea79
249875,,2024-05-31,2025-08-28,36000,41400,,,FUSILLI GA,,0,,297,FALSE,2025-08-28T10:16:44Z,10632558-426c-4d36-a2b5-0eeb10b556ba
249872,,2024-05-29,2025-08-28,30600,66600,3600,,FUSILLI GA,,0,,297,FALSE,2025-08-28T10:17:36Z,bc9c24f6-a8f0-4acc-a32f-288a13e4ccd6
249991,,2024-06-04,2025-08-12,29700,66600,2700,,,,0,,12,FALSE,2025-08-12T10:06:37Z,bbcb235c-8144-42aa-a1c9-40e4e3676582
250271,,2024-06-10,2025-08-12,31500,67500,2700,,,,0,,12,FALSE,2025-08-12T10:13:34Z,f175816f-50b5-4426-b4fe-45b917d03c11
250262,,2024-06-10,2025-09-02,32400,61200,1800,,,,0,,10,FALSE,2025-09-02T08:23:01Z,22abe4da-dccd-4ce8-8f1a-a686d4026a6c
250441,,2024-06-03,2025-08-28,28800,65700,2700,,,,0,,339,FALSE,2025-08-28T10:23:32Z,ee1203ab-eb88-4a55-806d-14a7efeb5cde
251085,,2024-06-17,2025-08-28,43200,66600,1800,,,,0,,339,FALSE,2025-08-28T10:24:28Z,5ee0d065-1913-4ada-80b5-ffcc1aa0bc86
251693,,2024-06-19,2025-08-28,29700,67500,2700,,,,0,,339,FALSE,2025-08-28T10:24:59Z,5ac43896-441d-4687-8e69-5aa2c0b9f7f8
251690,,2024-06-24,2025-08-28,29700,66600,2700,,,,0,,339,FALSE,2025-08-28T10:25:21Z,0c2161c6-e194-4942-a317-a9730fb30ab2
252064,,2024-06-28,2025-08-28,30600,66600,2700,,,,0,,339,FALSE,2025-08-28T10:25:44Z,d8d9a3ca-a3ae-44cd-9ff5-ebe8ca6cd14e
252517,,2024-07-04,2025-08-26,25200,63000,3600,,,,0,,331,FALSE,2025-08-26T10:14:59Z,05cdf509-045e-479e-95f4-ff4c702573ce
252960,,2024-07-04,2025-09-25,23400,60300,2700,,,,0,,296,FALSE,2025-09-25T10:00:14Z,c262fb84-5bfd-43e4-8cf8-6de983944b71
252948,,2024-07-09,2025-08-28,32400,68400,3600,,,,0,,297,FALSE,2025-08-28T10:19:57Z,59b68a83-474d-4971-929b-f807d3aaecf2
252995,,2024-07-10,2025-08-28,29700,67500,2700,,,,0,,339,FALSE,2025-08-28T10:29:58Z,fbd7a1dc-80c0-4eb8-9abd-cfc15e97aa6c
254516,,2024-08-01,2025-09-18,30600,60360,1800,,,,0,,183,FALSE,2025-09-18T08:32:44Z,9f715145-f663-4fea-82bf-9c033544dc7a
255657,,2024-08-19,2025-09-18,29700,63900,1800,,,,0,,183,FALSE,2025-09-18T08:30:57Z,326b0e9b-605c-4fd4-a73f-191c413ef6f5
255786,,2024-08-22,2025-08-26,25200,63000,3600,,,,0,,331,FALSE,2025-08-26T10:16:02Z,8f090407-c255-4d5c-8017-d75654b03982
256229,,2024-08-29,2025-09-25,25200,62100,2700,,,,0,,296,FALSE,2025-09-25T09:59:55Z,fab15fa2-128c-4f57-b236-680145bbf074
241854,,2024-01-24,2025-08-26,25200,63000,3600,,,,0,,331,FALSE,2025-08-26T10:11:51Z,d2fedfeb-0d43-45a8-833c-1d0a8a2435ab
257234,,2024-09-16,2025-09-25,25200,62100,2700,,,,0,,296,FALSE,2025-09-25T09:59:41Z,890165fe-2be3-419c-a331-e9e40e7080af
257431,,2024-09-06,2025-10-15,30000,79200,20400,,,,0,,206,FALSE,2025-10-15T11:55:20Z,8c1e70d8-91e8-4e16-b57a-0dbaa953e09b
257480,,2024-09-18,2025-09-18,30600,63000,1800,,,,0,,183,FALSE,2025-09-18T08:34:34Z,1d5f7921-5495-4637-b01a-c943779f6d36
257439,,2024-09-13,2025-10-15,31800,85800,25200,,,,0,,206,FALSE,2025-10-15T11:57:14Z,c4629dde-ce34-42c2-8469-13326372fc73
257550,,2024-09-13,2025-08-28,28800,63900,2700,,,,0,,297,FALSE,2025-08-28T10:21:08Z,ae9b152c-d0bc-49ef-b26c-f00a4875cac9
258337,,2024-10-08,2025-08-28,28800,64800,2700,,,,0,,339,FALSE,2025-08-28T10:35:52Z,5cdc82ce-9dd3-4fe3-966b-f041241680ee
259118,,2024-09-18,2025-10-15,30600,73800,7200,,,,0,,206,FALSE,2025-10-15T11:56:36Z,a9216317-28b1-4f00-ba8d-5f612f0367ca
259119,,2024-09-19,2025-10-15,31500,70200,2700,,,,0,,206,FALSE,2025-10-15T11:57:37Z,7bfecd57-5d0e-43b7-92c1-22de77e93178
260680,,2024-11-08,2025-09-18,30600,57600,1800,,,,0,,183,FALSE,2025-09-18T08:36:55Z,48cd06cd-386c-4c77-b3e1-a43e0ba61978
262451,,2024-12-02,2025-08-28,28800,52200,1800,,,,0,,339,FALSE,2025-08-28T10:39:17Z,8db6c2f0-7395-4650-9fd4-1a8cb9d2a8a8
262955,,2025-01-07,2025-09-16,31500,61200,2700,,,,,,351,FALSE,2025-09-16T13:21:27Z,653f1546-6c6a-4359-a996-2ef25a438d99
263404,,2024-12-11,2025-09-10,27000,63000,2700,,,,0,,327,FALSE,2025-09-10T06:48:58Z,29890e54-c57c-4f2d-844c-f4f466fa285c
263563,,2024-12-12,2025-08-28,32400,63000,1800,,,,0,,339,FALSE,2025-08-28T10:39:56Z,a263eb6a-8945-4f1a-8ddc-b7c857fcf8af
263609,,2024-12-10,2025-08-28,28800,66600,3600,,,,0,,297,FALSE,2025-08-28T10:21:59Z,44ee6213-74d1-496f-ae12-61d8bf6115ba
263631,,2024-12-17,2025-09-25,27000,63900,2700,,,,0,,296,FALSE,2025-09-25T10:01:07Z,a074e038-10db-4c7a-96ad-4bfb078be18c
264154,,2024-05-02,,,,0,,,,21600,12,110,,2025-10-20T14:25:56Z,b17d38bc-d3ed-421e-b7a5-ae05081615db
264344,,2025-01-02,2025-09-11,30600,63000,3600,,,,0,,11,FALSE,2025-09-11T16:02:26Z,4c224322-dfc1-4669-aa11-a8105ebe82c7
264345,,2025-01-03,2025-09-11,29700,62100,3600,,,,0,,11,FALSE,2025-09-11T16:02:30Z,81746734-b69f-495c-9e87-ea0a0bf11d50
264589,,2025-01-07,2025-09-11,30600,63000,3600,,,,0,,11,FALSE,2025-09-11T16:02:45Z,a38e708c-bf8f-47f8-9113-a63575bfe3c6
264639,,2025-01-02,2025-09-22,30600,63000,3600,,,,0,,345,FALSE,2025-09-22T11:31:10Z,aefa817d-9be8-4a24-a18b-88e56ef8ef8f
264640,,2025-01-03,2025-09-22,30600,64800,3600,,,,0,,345,FALSE,2025-09-22T07:50:58Z,d7acb3a4-51f7-4bb6-a6b9-296281f743a3
264651,,2025-01-07,2025-09-08,27000,57600,1800,,,,0,,327,FALSE,2025-09-08T06:19:59Z,9ffc2dbd-942d-49fa-b442-0d99ac45dde6
264652,,2025-01-08,2025-09-08,27000,55800,1800,,,,0,,327,FALSE,2025-09-08T06:20:06Z,11edf210-38bf-4085-aaad-f78abbcc1897
264676,,2025-01-08,2025-09-11,31500,68400,4500,,,,0,,11,FALSE,2025-09-11T16:03:12Z,815200e8-5cc3-4db8-b5a5-2382dd319201
264641,,2025-01-07,2025-09-22,30600,59400,1800,,,,0,,345,FALSE,2025-09-22T07:51:23Z,ff3f0b5f-1da3-4579-853b-d3d2aae64dfd
264739,,2025-01-09,2025-08-13,32400,48600,,,,,0,,30,FALSE,2025-08-13T11:15:10Z,99f5c9a2-d9dd-4174-ae28-2b8f7d6e1b82
264793,,2025-01-09,2025-09-15,31500,57600,4500,,,,0,,335,FALSE,2025-09-15T11:36:59Z,4ec8a630-8b56-4921-82cc-43d2ba993116
264771,,2025-07-07,2025-07-07,29700,62100,1800,,,,,,339,FALSE,2025-07-07T15:25:17Z,bd4e3cd1-2442-413e-8f54-d624ceef8bb8
264772,,2025-07-08,2025-07-08,33300,63000,1800,,,,,,339,FALSE,2025-07-08T15:25:50Z,6a5a6428-ff30-4601-8b40-076ab32eaaa5
264763,,2025-06-25,2025-08-06,30600,62100,2700,,,,,,339,FALSE,2025-08-06T16:10:40Z,1a5ffa1f-81c9-4e44-a115-4f6ae6fb0ff2
264773,,2025-07-09,2025-07-09,30600,62100,2700,,,,,,339,FALSE,2025-07-09T15:21:35Z,ef5bd1eb-1904-4401-bc01-fa11f272f47c
264775,,2025-07-11,2025-08-05,32400,63000,1800,,,,,,339,FALSE,2025-08-05T11:54:59Z,8f9eae05-351c-4247-9e2b-f0d00042779d
264765,,2025-06-27,2025-08-05,31500,62100,1800,,,,,,339,FALSE,2025-08-05T13:55:08Z,b9daad56-c904-42e8-8dc8-65b55287d753
264886,,2025-01-08,2025-07-10,31500,63900,3600,,,,0,,332,FALSE,2025-07-10T12:14:57Z,9df039fa-2d8a-4125-a9f6-73721a4bb383
1000742000,,2025-01-13,,,,0,,,,21600,2,134,,2025-09-08T09:43:33Z,7ad77fba-7912-406e-9980-c03a18273911
1000742001,,2025-01-14,,,,0,,,,21600,2,134,,2025-09-08T09:43:33Z,9b586591-eed0-4ecb-9654-2197914ae7db
1000742002,,2025-01-15,,,,0,,,,21600,2,134,,2025-09-08T09:43:33Z,9e20f23b-4e48-461c-8847-fcab86c602ac
1000742003,,2025-01-16,,,,0,,,,21600,2,134,,2025-09-08T09:43:33Z,bafa2011-258c-41ae-9e6f-f87af31c143a
1000742004,,2025-01-17,,,,0,,,,21600,2,134,,2025-09-08T09:43:33Z,6e18908d-9c37-4beb-9e4a-a911d48fdf9f
265174,,2025-01-14,2025-09-11,29700,62100,3600,,,,0,,11,FALSE,2025-09-11T16:03:35Z,359d5f67-fe6a-4a04-ab38-338026e50cd0
265135,,2025-01-10,2025-09-11,28800,55800,2520,,,,0,,331,FALSE,2025-09-11T08:29:36Z,dae1af33-589f-48e5-a6ec-b2e45eeab5b2
265161,,2025-01-13,2025-09-30,28800,64800,7200,,,,0,,22,FALSE,2025-09-30T10:52:18Z,84e4affc-7c91-4b89-8870-02c7010f8c01
265196,,2025-01-13,2025-09-22,28800,57600,1800,,,,0,,345,FALSE,2025-09-22T07:53:43Z,325607e8-82e5-4fec-970c-6d9095c17ad8
265189,,2025-01-15,2025-09-22,27000,66600,3600,,,,0,,345,FALSE,2025-09-22T07:54:02Z,b5654c6d-da0e-4dae-a154-50b72a459e2d
265344,,2025-01-15,2025-09-29,30600,61200,1800,,,,0,,22,FALSE,2025-09-29T11:49:05Z,b143513c-b406-45fe-8a69-e6f20f4b1407
265358,,2025-01-14,2025-09-22,27000,57600,7200,,,,0,,345,FALSE,2025-09-22T07:53:53Z,b2a6ddc6-5a8e-4440-af79-230bb6c79289
265366,,2025-01-16,2025-08-01,30600,65700,2700,,"TP1.2, H4U JF, REEsiience AMD, H4U folien, H4U Sign, Spengler frage, ReGenCity proposal",,0,,24,FALSE,2025-08-01T09:26:09Z,11cbaef8-be59-4994-92be-cdf1952cc816
265554,,2025-01-20,2025-07-08,28800,60300,1800,,,,0,,18,FALSE,2025-07-08T06:44:43Z,d1422d36-d113-4a92-979a-f509cc985800
265562,,2025-01-20,2025-07-30,32400,63000,1800,,,,0,,331,FALSE,2025-07-30T10:16:51Z,0669db17-e5cc-408d-84a9-42748c9a5809
265651,,2025-01-17,2025-07-10,32400,64800,3600,,,,0,,332,FALSE,2025-07-10T12:15:13Z,7d2646ba-a382-4ff0-b4ef-77cff64d07c3
265678,,2025-01-20,2025-07-14,30600,59400,2700,,,,0,,295,FALSE,2025-07-14T11:52:22Z,d636e731-a314-45d5-9de0-be704cee9ee3
265785,,2025-01-23,2025-07-08,28800,43200,,,,,0,,18,FALSE,2025-07-08T06:43:23Z,3e7ae392-486b-4d75-8717-31bc7401cac5
265769,,2025-01-21,2025-07-30,32400,63000,1800,,,,0,,331,FALSE,2025-07-30T10:13:15Z,1759a7b8-d076-425d-b4f1-e8fcc5bc162a
265768,,2025-01-22,2025-07-30,30600,61200,10800,,,,0,,331,FALSE,2025-07-30T10:14:24Z,55347bf3-cf18-4e09-b65f-d36388e5aa29
265796,,2025-01-23,2025-08-13,32400,39600,,,,,0,,30,FALSE,2025-08-13T11:15:29Z,3155f7af-2118-46a7-a228-2f1555337774
1000770000,,2025-01-27,,,,0,,,,21600,2,134,,2025-09-08T09:44:09Z,ee4ea069-7b03-4eea-8b18-ca65416f1cd2
266057,,2025-01-27,2025-07-08,27900,61200,5400,,,,0,,18,FALSE,2025-07-08T06:43:36Z,7670e9a9-b264-44a5-880f-2f73fcae62f3
266084,,2025-01-24,2025-09-11,28800,54000,3600,,,,0,,331,FALSE,2025-09-11T08:27:54Z,f58e7b1e-b8e5-4992-b8c8-906f0e46aba5
266251,,2025-01-30,2025-08-13,32400,39600,,,,,0,,30,FALSE,2025-08-13T11:15:45Z,f2eabd8e-6279-4c71-b8e9-b65d569dd620
266279,,2025-01-29,2025-08-05,32400,67500,3600,,,,0,,307,FALSE,2025-08-05T12:13:51Z,95f179c7-e5d8-4d5c-a75a-c3e91e78d54d
266278,,2025-01-30,2025-08-05,28800,63900,3600,,,,0,,307,FALSE,2025-08-05T12:14:03Z,27765d5e-c0a2-45fb-ab8d-9fa1ec55da10
266383,,2025-07-31,,,,0,,,,24480,1,295,,2025-07-08T13:24:43Z,cf7ed640-1dd1-46c7-9a4d-0b6f863b84f5
266356,,2025-01-28,2025-07-08,28800,66600,3600,,,,0,,213,FALSE,2025-07-08T07:18:02Z,50f78b29-efec-4ca2-9f71-19571bb5bdf7
266384,,2025-08-04,,,,0,,,,24480,1,295,,2025-07-08T13:25:07Z,cdc60079-2bd5-49cf-b144-c2c06e78db0b
266385,,2025-08-05,,,,0,,,,24480,1,295,,2025-07-08T13:25:07Z,502c727a-eab7-41f0-a386-3867beb5da7c
266386,,2025-08-06,,,,0,,,,24480,1,295,,2025-07-08T13:25:07Z,32bd76b1-6015-43d1-bed4-53e19c1892a1
266387,,2025-08-07,,,,0,,,,24480,1,295,,2025-07-08T13:25:07Z,5b53a241-71b5-4013-bd6e-14e34cc63e37
266388,,2025-08-11,,,,0,,,,24480,1,295,,2025-07-08T13:28:15Z,d5114707-80c8-48c5-ac4c-1bfa5bbc3c9e
266389,,2025-08-12,,,,0,,,,24480,1,295,,2025-07-08T13:28:15Z,53bfba78-5d8d-4cc6-99df-1f50d0755c82
266390,,2025-08-13,,,,0,,,,24480,1,295,,2025-07-08T13:28:15Z,b282e363-b572-41c7-a4da-8a3a64b7e984
266391,,2025-08-14,,,,0,,,,24480,1,295,,2025-07-08T13:28:15Z,df60ebf9-403c-4df4-811c-d2960c7e6108
266392,,2025-08-18,,,,0,,,,24480,1,295,,2025-07-08T13:28:36Z,40469ce2-6804-412e-99f8-e60658ed90ca
266393,,2025-08-19,,,,0,,,,24480,1,295,,2025-07-08T13:28:36Z,18c4a4b3-45c4-4258-b966-5f95e7460e8e
266394,,2025-08-20,,,,0,,,,24480,1,295,,2025-07-08T13:28:36Z,30cfdedf-182d-4798-b416-601f29d4b72e
266469,,2025-02-03,2025-07-08,27900,60300,5400,,,,0,,18,FALSE,2025-07-08T06:41:34Z,4ef3ae24-a656-4c18-8e72-7f467801695c
266515,,2025-01-29,2025-07-10,32400,64800,3600,,,,0,,332,FALSE,2025-07-10T12:15:23Z,67736543-7cde-4499-8f88-4f7a2aa69fdc
266502,,2025-01-31,2025-09-11,30600,54000,3600,,,,0,,331,FALSE,2025-09-11T08:27:38Z,ba7ddd4d-41ad-4868-b86f-f6ab45eaeb77
266529,,2025-02-04,2025-07-08,27900,60300,5400,,,,0,,18,FALSE,2025-07-08T06:41:45Z,5f144569-2cd6-4f52-a4be-331f31816c88
266517,,2025-01-31,2025-07-10,32400,64800,3600,,,,0,,332,FALSE,2025-07-10T12:15:34Z,def2203c-25c2-46df-91aa-17870e9b542b
266674,,2025-01-31,2025-09-08,27000,62100,2700,,,,0,,327,FALSE,2025-09-08T06:19:41Z,78b7811c-e49c-4991-a8a3-ed64422b9eeb
266847,,2025-02-10,2025-07-08,29700,60300,5400,,,,0,,18,FALSE,2025-07-08T06:41:57Z,55da7e5c-1f5f-410f-8726-056c83dd7e87
266857,,2025-02-10,2025-07-21,27000,59400,2700,,,,0,,314,FALSE,2025-07-21T14:56:26Z,5f80a631-f363-4ece-bdc8-a4760df8526f
266982,,2025-02-10,2025-07-30,32400,61200,1800,,,,0,,331,FALSE,2025-07-30T10:17:46Z,d227ad04-a3b6-4d99-a4c3-de58c0e99a4d
266960,,2025-01-21,2025-09-30,28800,59400,3600,,,,0,,22,FALSE,2025-09-30T10:59:03Z,cf953168-c57c-4f59-af19-fdc30335d29d
267005,,2025-02-11,2025-07-08,30600,77400,14400,,,,0,,18,FALSE,2025-07-08T06:42:12Z,c7e0aac7-a8c0-4591-8b6c-c7b22f02d899
267001,,2025-02-11,2025-08-05,32400,51300,3600,,,,0,,307,FALSE,2025-08-05T12:50:18Z,c32c8da7-9339-4e4c-be5c-e2f102c42ead
267156,,2025-02-11,2025-10-16,29700,64800,2700,,,,0,,297,FALSE,2025-10-16T07:32:35Z,6afef695-2a50-439f-b5c2-40435f2e6797
267520,,2025-02-17,2025-07-08,28800,59400,5400,,,,0,,18,FALSE,2025-07-08T06:42:44Z,0b567612-8a0b-4335-aecd-1b8dddd8b50d
267576,,2025-08-08,,,,0,,,,,12,185,,2025-07-09T11:16:04Z,2364e58d-acb8-48dd-bf29-525ecb5248a5
267577,,2025-08-11,,,,0,,,,0,12,185,,2025-07-22T15:15:45Z,c6733f90-8b60-4fd5-b4f2-4ec3de40bcec
267572,,2025-08-04,2025-08-06,28800,55800,3600,,,,,,185,FALSE,2025-08-06T07:15:59Z,ac807359-ab0d-444a-9f96-e8c44440e78f
267573,,2025-08-05,2025-08-06,29700,62100,9000,,Kindbetreuung,,,,185,FALSE,2025-08-06T07:15:40Z,3c223115-c4f7-4003-a1e7-f795be72ea81
267575,,2025-08-07,2025-08-07,30600,55800,1800,,,,,,185,FALSE,2025-08-07T13:37:35Z,6129feba-40a3-47a4-882a-c312f15bb1f2
267565,,2025-08-25,,,,0,,,,,,32,,2025-09-10T10:35:33Z,26d67e56-a7d0-4c2f-9c82-5a542b677146
267538,,2025-01-22,2025-09-17,28800,63000,4500,,,,0,,198,FALSE,2025-09-17T10:54:18Z,9fcc060d-9a49-4071-93bb-7e4560a70594
267549,,2025-02-06,2025-09-17,32400,68400,3600,,,,0,,198,FALSE,2025-09-17T11:32:45Z,63d116af-5644-4beb-87a7-53cf1feceee9
267634,,2025-02-17,2025-09-08,27000,62100,2700,,,,0,,327,FALSE,2025-09-08T06:19:10Z,2ec8579b-5647-4484-ae48-bd27ef214b7f
267757,,2025-02-19,2025-07-10,32400,63900,2700,,,,0,,332,FALSE,2025-07-10T12:15:54Z,bacd8909-0518-4378-9e2c-071e62ac8192
267957,,2025-01-08,2025-07-08,34200,55800,3600,,,,0,,124,FALSE,2025-07-08T13:27:52Z,dc49bc32-9585-4045-a8bb-c63ca71d6f12
267965,,2025-01-22,2025-07-08,34200,59400,3600,,,,0,,124,FALSE,2025-07-08T13:29:17Z,a8ccd660-b550-4dc5-b760-3cb2e7dc9a87
267964,,2025-01-21,2025-07-08,34200,62100,3600,,,,0,,124,FALSE,2025-07-08T13:31:28Z,27e450e8-4f42-461c-a53e-3b1e80fdd5e0
267967,,2025-01-24,2025-07-08,32400,57600,3600,,,,0,,124,FALSE,2025-07-08T13:30:08Z,e52b3433-47cb-4225-ac1a-e29d8f33d5a5
267969,,2025-02-04,2025-07-08,32400,61200,3600,,,,0,,124,FALSE,2025-07-08T13:38:00Z,c57c3bcf-3288-424f-86ab-711b3ba39ca9
267970,,2025-02-05,2025-07-08,34200,59400,3600,,,,0,,124,FALSE,2025-07-08T13:39:05Z,8970a2c0-987d-4048-8654-3c525f269988
267978,,2025-02-18,2025-07-08,32400,57600,3600,,,,0,,124,FALSE,2025-07-08T13:39:40Z,2c1e3d65-69a8-453a-8415-dab4222e2a6a
267983,,2025-02-22,2025-07-08,28800,43200,,,,,0,,124,TRUE,2025-07-08T13:41:01Z,ac7f6f45-959f-4bdf-8323-53528c09c0a8
267981,,2025-02-21,2025-07-08,34200,59400,3600,,,,0,,124,FALSE,2025-07-08T13:41:29Z,47212e19-bff4-4040-899d-ad760bb3f948
267977,,2025-02-17,2025-07-08,34200,59400,3600,,,,0,,124,FALSE,2025-07-08T13:44:08Z,fec7a0ac-718d-409b-b709-7ffd997e22c8
267968,,2025-02-03,2025-07-08,34200,61200,3600,,,,0,,124,FALSE,2025-07-08T13:45:41Z,d8ad1d78-e912-4c9b-9118-bfa8c37b6e40
268160,,2025-02-21,2025-09-11,28800,59400,2880,,,,0,,331,FALSE,2025-09-11T08:30:48Z,c3f83007-343d-410b-9ed4-cc97f36dafde
268191,,2025-02-24,2025-07-08,34200,64800,12600,,,,0,,124,FALSE,2025-07-08T13:44:57Z,32366ded-84ed-4e53-a7dd-08af5e60be1a
268251,,2025-02-26,2025-07-08,31500,55800,4500,,,,0,,213,FALSE,2025-07-08T06:48:17Z,ec133fdc-e703-4678-a775-4cd244d64d93
268364,,2025-02-17,2025-07-14,30600,52200,3600,,,,0,,295,FALSE,2025-07-14T11:56:19Z,2c8738f4-f71b-4990-b448-47ad971591a5
268412,,2025-02-26,2025-09-19,32400,65700,2700,,,,0,,297,FALSE,2025-09-19T11:50:27Z,3708b797-50ad-4651-bb08-68da7eadb51f
268407,,2025-02-18,2025-10-16,32400,68400,2700,,,,0,,297,FALSE,2025-10-16T07:33:27Z,1c9aadfa-631d-4bf2-93b7-a1c32a3bd831
268586,,2025-02-28,2025-07-08,30600,62100,3600,,,,0,,124,FALSE,2025-07-08T13:50:18Z,53350a61-c6a4-4a98-98d5-db0354da1b10
268581,,2025-03-03,2025-10-14,30600,65700,2700,,,,0,,284,FALSE,2025-10-14T14:32:49Z,58806ed9-8877-4875-be54-b42680ddcb12
268588,,2025-03-04,2025-07-08,32400,57600,3600,,,,0,,124,FALSE,2025-07-08T13:53:15Z,599d007f-4e1b-42b9-82b1-bc37ba5b7739
268589,,2025-03-03,2025-07-08,32400,61200,7200,,,,0,,124,FALSE,2025-07-08T13:52:38Z,c88a819a-b416-4005-ad89-10f949a1716a
268694,,2025-03-04,2025-09-11,30600,57600,3600,,,,0,,331,FALSE,2025-09-11T08:32:14Z,7fb7c2f7-9969-4ec9-98b4-6b6ce091c819
268716,,2025-03-05,2025-08-13,36000,63000,3600,,,,0,,30,FALSE,2025-08-13T11:18:45Z,e28219c0-3bab-408f-af9e-d566c78bbc97
268936,,2025-03-05,2025-10-08,28800,61200,3600,,,,0,,22,FALSE,2025-10-08T05:23:19Z,cb3158c0-6676-4091-9b4d-b25fa86f3502
269039,,2025-03-06,2025-08-05,30600,68400,3600,,,,0,,307,FALSE,2025-08-05T12:53:24Z,db6b2693-7140-49a6-8c95-ff202e0a8de9
269162,,2025-03-10,2025-09-22,28800,63000,1800,,,,0,,345,FALSE,2025-09-22T11:07:02Z,d25c2ff0-c68d-4b53-93df-f90e2fd936b6
269152,,2025-03-10,2025-07-21,27000,63000,3600,,,,0,,314,FALSE,2025-07-21T14:59:10Z,00610ac4-c4ec-46c0-a6e3-73ffd2b8e717
269251,,2025-10-27,,,,0,,,,28800,8,132,,2025-07-15T14:56:32Z,9ac7ac02-a420-49d3-9815-3e0e45de6df2
269252,,2025-10-28,,,,0,,,,28800,8,132,,2025-07-15T14:56:32Z,0565e58f-3801-4605-92b2-c1385e8d7967
269253,,2025-10-29,,,,0,,,,28800,8,132,,2025-07-15T14:56:32Z,b733a13c-c9dc-4b11-8142-31e7268fa5f7
269254,,2025-10-30,,,,0,,,,28800,8,132,,2025-07-15T14:56:32Z,3b8303a2-040d-4168-ab32-6f9f6ca5f76b
269255,,2025-10-31,,,,0,,,,28800,8,132,,2025-07-15T14:56:32Z,e77faff5-6eec-4cdf-b539-aa9862fac5a0
269308,,2025-03-10,2025-07-08,28800,72900,15300,,,,0,,18,FALSE,2025-07-08T06:39:08Z,38413876-fab7-4ac5-9a00-bf68cde5262c
269309,,2025-03-11,2025-07-08,31500,73800,13500,,,,0,,18,FALSE,2025-07-08T06:39:22Z,79f0933a-4a82-4065-b6eb-23afe57935ad
269304,,2025-03-11,2025-09-08,27000,62100,2700,,,,0,,327,FALSE,2025-09-08T06:18:45Z,9788f3e2-05b5-42c5-b176-94fb02d4028e
269460,,2025-03-13,2025-09-22,29700,62100,1800,,,,0,,345,FALSE,2025-09-22T11:24:29Z,9c797ff3-5287-4b9d-b6cc-ff5a1b090327
269447,,2025-03-03,2025-10-16,33300,68400,2700,,,,0,,297,FALSE,2025-10-16T07:43:05Z,c2ba48dc-f9a0-4286-9b2e-fadd9c085cb4
269421,,2025-03-13,2025-07-08,30600,37800,,,,,0,,18,FALSE,2025-07-08T06:34:01Z,3730eaf0-eca2-4fc6-aaaa-97b693d952c0
269420,,2025-03-12,2025-07-08,30600,72900,13500,,,,0,,18,FALSE,2025-07-08T06:39:36Z,19e330a9-ec29-4070-a4ab-d262fe3d1589
269545,,2025-03-13,2025-07-08,32400,64800,1800,,,,0,,54,FALSE,2025-07-08T16:32:26Z,5c2bd17b-4e19-47e3-8835-e7fa215e36f4
269627,,2025-08-20,,,,0,,,,28800,1,179,,2025-08-14T07:08:54Z,d1835b38-a47f-4656-9960-80e035412eea
269628,,2025-08-21,,,,0,,,,28800,1,179,,2025-08-14T07:09:36Z,0b593aaf-a39c-40fe-8e41-5b6cfec0a251
269629,,2025-08-22,,,,0,,,,28800,1,179,,2025-08-14T07:09:36Z,b6bd54b9-a7c1-4cfb-a7d0-c8a5b244af7d
269630,,2025-08-25,,,,0,,,,28800,1,179,,2025-08-14T07:09:37Z,30b934be-673e-4588-b701-cf40852cf558
269631,,2025-08-26,,,,0,,,,28800,1,179,,2025-08-14T07:09:37Z,1cb04a1e-cd19-4efb-8aad-87e3d41c2893
269632,,2025-08-27,,,,0,,,,28800,1,179,,2025-08-14T07:09:37Z,2c3d94ee-ef47-4b19-8856-4e4969d16e2b
269625,,2025-08-18,,,,0,,,,0,12,179,,2025-08-14T11:52:39Z,44847cca-0976-417e-90c0-ec4b11068160
269613,,2025-04-07,2025-10-02,32400,64800,3600,,,,,,191,FALSE,2025-10-02T15:38:35Z,8655a2aa-ee04-45db-af56-7ab3ed4988d3
269638,,2025-09-04,,,,0,,,,28800,1,179,,2025-08-14T07:08:58Z,7b1af64e-cb07-47ab-8480-cec9f21ab3ae
269639,,2025-09-05,,,,0,,,,28800,1,179,,2025-08-14T07:08:58Z,b89903e4-c73d-4cea-808e-03e358da7203
269633,,2025-08-28,,,,0,,,,28800,1,179,,2025-08-14T07:09:37Z,fd03ff65-5afc-4f87-9527-d4b1229880a8
269634,,2025-08-29,,,,0,,,,28800,1,179,,2025-08-14T07:09:38Z,dbbcd76c-303d-4f4c-8c20-d3ded2ce1605
269635,,2025-09-01,,,,0,,,,28800,1,179,,2025-08-14T07:09:38Z,e613d6d7-8ec8-4df1-9f8d-20ef595026c3
269636,,2025-09-02,,,,0,,,,28800,1,179,,2025-08-14T07:09:38Z,00e4cb2d-2bed-4b07-a38e-53eb3356af37
269695,,2025-03-13,2025-09-11,25200,59400,3600,,,,0,,331,FALSE,2025-09-11T08:42:31Z,35d5bb91-4d98-4fa2-8235-9e0606cb7eef
269739,,2025-03-18,2025-07-08,28800,60300,6300,,,,0,,18,FALSE,2025-07-08T06:34:16Z,93b83f9f-146c-4a5e-b57d-ff773248e2c3
269820,,2025-03-19,2025-07-08,27000,52200,5400,,,,0,,18,FALSE,2025-07-08T06:34:26Z,c7815918-3f67-4170-b124-12bd9fb99722
269821,,2025-03-18,2025-07-21,27000,66600,5400,,,,0,,314,FALSE,2025-07-21T14:59:29Z,16a81c30-6a61-481e-9486-8fd765c1c155
269955,,2025-03-20,2025-07-08,28800,41400,,,,,0,,18,FALSE,2025-07-08T06:34:40Z,fe9c3845-77fc-4c78-bed5-47c2adc9378f
269886,,2025-03-28,,,,0,,,,27000,1,351,,2025-08-18T06:38:08Z,7f2ba60b-3b67-46c3-8e15-f94dd5bca591
269887,,2025-03-31,,,,0,,,,27000,1,351,,2025-08-18T06:38:08Z,ff1cfa61-8b80-4b0a-af32-73a57ade3c7b
269888,,2025-04-01,,,,0,,,,27000,1,351,,2025-08-18T06:38:08Z,1b68bbf4-52e1-49f1-941b-2bf1a7a92de9
269889,,2025-04-03,,,,0,,,,27000,1,351,,2025-08-18T06:38:08Z,36847766-e858-4cb4-9f14-1af6eed219f0
269890,,2025-04-04,,,,0,,,,27000,1,351,,2025-08-18T06:38:08Z,e5e63aa7-74bf-4afe-97f3-b60b3cd09daf
270029,,2025-03-21,2025-09-22,33300,61200,3600,,,,0,,345,FALSE,2025-09-22T10:46:21Z,1bd172bd-bffa-4efb-a32d-e78642086d07
270099,,2025-03-21,2025-07-08,30600,66600,9000,,,,0,,54,FALSE,2025-07-08T16:33:01Z,498a5372-6b6a-4f91-b46e-51b885a3cc1b
270146,,2025-03-24,2025-07-08,28800,50400,,,,,0,,18,FALSE,2025-07-08T06:40:40Z,2edb1cbf-911f-40b5-bf03-93f0740f9156
270172,,2025-03-21,2025-07-10,32400,64800,3600,,,,0,,332,FALSE,2025-07-10T12:16:28Z,1afd99c0-6b5f-4674-a1c8-62ee56fa9ba5
270204,,2025-03-25,2025-07-08,28800,50400,,,,,0,,18,FALSE,2025-07-08T06:41:02Z,8fd45f05-aae4-4a4e-91bf-ce1439e35095
270229,,2025-08-27,,,,0,,,,21600,2,134,,2025-09-22T08:23:31Z,b3b2d2a0-8c6c-40da-9ac5-90af1e57834d
270230,,2025-08-28,,,,0,,,,21600,2,134,,2025-09-22T08:23:31Z,71dbad64-11e2-4764-9960-3480cd8b2ffa
270231,,2025-08-29,,,,0,,,,21600,2,134,,2025-09-22T08:23:31Z,a327a765-b217-42c1-8323-1eb207e4e7e6
270239,,2025-10-06,,,,0,,,,0,12,296,,2025-10-02T15:05:20Z,d7ab10be-c2de-40e0-9bb6-ebcab4ae0bd5
270240,,2025-10-07,,,,0,,,,0,12,296,,2025-10-02T15:05:20Z,09537659-9e1b-44c7-85e8-5e5d8f16e0b8
270241,,2025-10-08,,,,0,,,,0,12,296,,2025-10-02T15:05:20Z,14aa03d8-fcae-4648-a3d1-965ce55ca981
270242,,2025-10-09,,,,0,,,,27360,1,296,,2025-10-21T13:40:55Z,c7e90e11-957c-4d41-85d4-c679757da6b6
270243,,2025-10-10,,,,0,,,,27360,1,296,,2025-10-21T13:40:55Z,908e8956-bff8-4d18-a68c-af253f73f1b8
270244,,2025-10-13,,,,0,,,,27360,1,296,,2025-10-21T13:40:55Z,5456da7a-0e41-4417-8594-0e2a3244a4be
270245,,2025-10-14,,,,0,,,,27360,1,296,,2025-10-21T13:40:56Z,13496055-10e2-4de6-8ba1-5a2830aba5d3
270246,,2025-10-15,,,,0,,,,27360,1,296,,2025-10-21T13:40:56Z,73c88339-8f1b-437e-9fe6-b161d1702edd
270247,,2025-10-16,,,,0,,,,27360,1,296,,2025-10-21T13:40:56Z,adf0f91f-d0da-4ac2-9967-668ae2a72ac6
270248,,2025-10-17,,,,0,,,,27360,1,296,,2025-10-21T13:40:57Z,af50177c-ef2b-4cd0-8834-4126b4dea761
270249,,2025-10-20,,,,0,,,,27360,1,296,,2025-10-21T13:40:57Z,d6c749c6-cae8-4d8c-9be7-b701192baa8c
270250,,2025-10-21,,,,0,,,,27360,1,296,,2025-10-21T13:40:57Z,da552584-ef84-476b-a7b0-5903e0a65804
270251,,2025-10-22,,,,0,,,,27360,1,296,,2025-10-21T13:40:57Z,dfa26abf-f658-4f08-9047-7bfab2e48bad
270253,,2025-10-24,,,,0,,,,27360,1,296,,2025-10-21T13:40:58Z,19db1a95-d387-4e7d-93bb-4068823891e7
270254,,2025-10-27,,,,0,,,,27360,1,296,,2025-10-21T13:40:58Z,5fa228b6-eab6-48b5-874a-1076be9a286a
270255,,2025-10-28,,,,0,,,,27360,1,296,,2025-10-21T13:40:59Z,6d7d9c81-3fda-4503-a75b-29f6475571ed
270256,,2025-10-29,,,,0,,,,27360,1,296,,2025-10-21T13:40:59Z,d2c08ad4-5c4a-467b-8a15-daf468f53373
270257,,2025-10-30,,,,0,,,,27360,1,296,,2025-10-21T13:40:59Z,f9d26dcb-ca2f-435b-ba78-a0ab55bf95ef
270258,,2025-10-31,,,,0,,,,27360,1,296,,2025-10-21T13:41:00Z,79492cd9-eb8b-4ef1-bfa9-becf90049ec5
270324,,2025-03-20,2025-09-11,25200,61200,6480,,,,0,,331,FALSE,2025-09-11T08:32:38Z,b4b74050-1ec1-43ca-96d0-337862b8a427
270320,,2025-03-25,2025-09-11,32400,66600,3600,,,,0,,331,FALSE,2025-09-11T08:42:49Z,0f14162f-2dc4-4777-a090-541557758b51
270375,,2025-02-13,2025-09-22,30600,61200,1800,,,,0,,345,FALSE,2025-09-22T07:58:34Z,8c17367a-f774-4dae-bb4c-562b3e854689
270386,,2025-02-28,2025-09-22,28800,59400,1800,,,,0,,345,FALSE,2025-09-22T08:15:46Z,02cb94ef-fe6a-4014-9060-dfbea3eefec3
270374,,2025-02-12,2025-09-22,27000,63000,1800,,,,0,,345,FALSE,2025-09-22T07:58:24Z,3ab041e8-6bbe-43c1-971c-9bdb75fa2eda
270408,,2025-03-26,2025-07-08,34200,64800,1800,,,,0,,54,FALSE,2025-07-08T16:28:43Z,ef0c719e-9171-4ae8-a283-29620a2fe91a
270376,,2025-02-14,2025-09-22,28800,57600,1800,,,,0,,345,FALSE,2025-09-22T07:58:45Z,0f2569c3-3a73-4198-8564-b821f070153f
270382,,2025-02-24,2025-09-22,28800,57600,1800,,,,0,,345,FALSE,2025-09-22T10:10:24Z,b645043c-ac20-4b77-a186-4fdfdcc10826
270444,,2025-03-27,2025-08-13,32400,39600,,,,,0,,30,FALSE,2025-08-13T11:17:39Z,dd07fc67-f162-4fad-ba27-05773a5938c1
270442,,2025-03-27,2025-09-22,28800,60300,2700,,,,0,,345,FALSE,2025-09-22T10:10:41Z,8507291e-6a98-4e6b-86f5-bad676326351
270480,,2025-03-11,2025-07-14,29700,53100,3600,,,,0,,295,FALSE,2025-07-14T12:01:12Z,65029215-d3d2-4cf4-88e6-b6a26674d0e0
270486,,2025-03-25,2025-07-14,33300,52200,7200,,,,0,,295,FALSE,2025-07-14T12:02:02Z,9627a063-5463-4b98-87ce-5ff20f243386
270482,,2025-03-18,2025-07-14,30600,46800,4500,,,,0,,295,FALSE,2025-07-14T12:03:10Z,f89dc1a4-09c4-4630-8c4d-0abd5df73cbb
270558,,2025-03-31,2025-07-08,28800,50400,,,,,0,,18,FALSE,2025-07-08T06:40:17Z,5cf479ae-5aa5-4bdc-abf0-3e184db3acea
270675,,2025-04-01,2025-08-28,32400,66600,3600,,Training,,0,,339,FALSE,2025-08-28T09:57:56Z,c85ed29e-8e9b-4674-b79b-c60fac737f9b
270686,,2025-06-05,,,,0,,,,21600,1,134,,2025-09-08T09:43:04Z,79ec83fb-e0e7-4dee-bc5f-d7ed1261c122
270669,,2025-04-01,2025-07-08,31500,44100,,,,,0,,18,FALSE,2025-07-08T06:22:24Z,0b436eeb-6633-46fe-a4ee-1ec561f49e50
270687,,2025-06-06,,,,0,,,,21600,1,134,,2025-09-08T09:43:04Z,6c7e854c-a09f-463a-b2f9-9476e530dd91
270688,,2025-06-10,,,,0,,,,21600,1,134,,2025-09-08T09:43:04Z,30fefc6b-43f7-42c1-81df-c3cac007207d
270689,,2025-06-11,,,,0,,,,21600,1,134,,2025-09-08T09:43:04Z,9955785f-5a7c-4fe7-abde-55540921e148
270690,,2025-06-12,,,,0,,,,21600,1,134,,2025-09-08T09:43:04Z,a3e0067d-6663-4b64-9057-b74b781c0c93
270691,,2025-06-13,,,,0,,,,21600,1,134,,2025-09-08T09:43:04Z,3e5e959b-9de6-4b0e-9120-1724fa178e2e
270793,,2025-04-01,2025-08-22,27000,72000,9000,,NetworkNature GA (Freiburg),,0,,298,FALSE,2025-08-22T08:29:36Z,abf9e050-4c46-4e56-810c-bd0990463c82
270805,,2025-04-02,2025-07-08,28800,57600,7200,,,,0,,18,FALSE,2025-07-08T06:23:51Z,26757721-c957-438d-9922-5ac90f547151
270884,,2025-04-03,2025-07-08,28800,41400,,,,,0,,18,FALSE,2025-07-08T06:18:01Z,27cc4080-0c3a-4413-b10b-a4fb5019fdf8
270922,,2025-04-03,2025-07-08,34200,66600,3600,,,,0,,54,FALSE,2025-07-08T16:36:34Z,aab8a3c3-b68b-4453-bcae-f62964b47542
270927,,2025-04-03,2025-08-05,32400,56700,3600,,,,0,,307,FALSE,2025-08-05T12:54:24Z,502664a4-87eb-4eb7-ac2a-8736ad85a3e1
270997,,2025-03-12,2025-07-08,32400,57600,3600,,,,0,,124,FALSE,2025-07-08T13:54:39Z,352c96ef-d8ff-4324-98a2-904e61490338
270999,,2025-03-14,2025-07-08,32400,57600,3600,,,,0,,124,FALSE,2025-07-08T13:55:13Z,baadb3c6-6b81-44fd-a2b6-68dbda5144e0
271001,,2025-03-17,2025-07-08,34200,59400,3600,,,,0,,124,FALSE,2025-07-08T13:55:43Z,7508e7b6-d445-48cd-bd38-4b5e4b1a2ea5
271006,,2025-03-24,2025-07-08,34200,59400,3600,,,,0,,124,FALSE,2025-07-08T13:58:10Z,7cf7d50e-d330-4a74-a4bb-0cb94016b948
271010,,2025-03-28,2025-07-08,27000,72000,21600,,,,0,,124,FALSE,2025-07-08T14:01:00Z,6ef899fc-6c39-4911-a2cb-d77044f3c4ee
271003,,2025-03-19,2025-07-08,34200,59400,3600,,,,0,,124,FALSE,2025-07-08T13:57:14Z,b1c3c65e-43e4-4ebb-a5f5-bbd85cca76a6
270986,,2025-04-01,2025-09-29,28800,64800,7200,,,,0,,22,FALSE,2025-09-29T13:29:57Z,c79455b2-cadb-4602-91ff-4c6ac32b926c
270994,,2025-03-07,2025-07-08,32400,57600,3600,,,,0,,124,FALSE,2025-07-08T13:53:43Z,c3fc9195-447c-4bc6-8cd1-29acb4a65fcb
271002,,2025-03-18,2025-07-08,28800,61200,3600,,,,0,,124,FALSE,2025-07-08T13:56:44Z,0794b2c0-2513-46bb-8b6b-bd81dbe06600
270995,,2025-03-10,2025-07-08,34200,66600,10800,,,,0,,124,FALSE,2025-07-08T13:56:17Z,7031bc1e-224e-491b-a595-3deb2426ac70
271004,,2025-03-20,2025-07-08,32400,57600,3600,,,,0,,124,FALSE,2025-07-08T13:57:45Z,c95db802-4de1-4411-a75d-669cd3f3ea70
271013,,2025-04-01,2025-07-09,28800,57600,7200,,,,0,,124,FALSE,2025-07-09T05:12:16Z,e618966d-1318-4dc8-8d80-777f890304f7
271007,,2025-03-25,2025-07-08,34200,64800,5400,,,,0,,124,FALSE,2025-07-08T14:00:10Z,51f46ec8-21bb-4589-be72-178d7ea90f6c
271008,,2025-03-26,2025-07-08,30600,61200,3600,,,,0,,124,FALSE,2025-07-08T14:01:32Z,b3771701-a4e2-41a3-86ed-205112eb6f57
271009,,2025-03-27,2025-07-08,34200,82800,21600,,,,0,,124,FALSE,2025-07-08T14:04:21Z,87f7caf4-9836-4c8e-a598-de67b942c8fa
271015,,2025-04-03,2025-07-09,30600,59400,3600,,,,0,,124,FALSE,2025-07-09T05:12:46Z,c90f54af-a3e2-4716-8f89-98d7c36c035f
270963,,2025-04-04,2025-09-11,25200,55800,3600,,,,0,,230,FALSE,2025-09-11T10:47:52Z,9531639a-6772-456b-b413-6331fff3c28a
271016,,2025-04-04,2025-07-09,30600,63000,10800,,,,0,,124,FALSE,2025-07-09T05:13:09Z,89e992de-6dcc-4310-8bfa-162cb9430a02
271280,,2025-04-02,2025-08-22,27000,59400,1800,,,,0,,327,FALSE,2025-08-22T06:13:31Z,84ea8f77-0f00-4e5f-a227-98c18b5f6011
271287,,2025-04-03,2025-08-22,23400,75600,23400,,,,0,,327,FALSE,2025-08-22T06:13:16Z,67454c9e-1c2a-43a5-a5f4-0077dd57c671
271285,,2025-04-04,2025-08-22,32400,70200,9000,,,,0,,327,FALSE,2025-08-22T06:13:40Z,1ee78203-95f6-4bbe-b824-2ad068d03c34
271319,,2025-04-02,2025-09-11,32400,64800,3600,,,,0,,331,FALSE,2025-09-11T08:33:53Z,785471d6-da3f-4d48-99ec-d63f5f4a2f11
271297,,2025-04-07,2025-07-08,28800,58500,5400,,,,0,,18,FALSE,2025-07-08T06:18:14Z,f6a2f683-0ec9-4147-a612-f41c6afedaa4
271339,,2025-04-04,2025-07-10,32400,64800,3600,,,,0,,332,FALSE,2025-07-10T12:16:46Z,2600e29c-6198-467c-9d23-740b2e60e66f
271347,,2025-04-08,2025-07-08,27900,57600,7200,,,,0,,18,FALSE,2025-07-08T06:23:06Z,68cbd9a3-7fac-42d1-9a68-1eb9427e8fd9
271348,,2025-06-04,,,,0,,,,21600,1,134,,2025-09-08T09:43:04Z,bf5c2505-e374-46d0-8327-7f7a36cc326b
271349,,2025-06-16,,,,0,,,,21600,1,134,,2025-09-08T09:43:04Z,d9792859-9312-4d98-b1c2-147c421242d3
271350,,2025-06-17,,,,0,,,,21600,1,134,,2025-09-08T09:43:04Z,26376e93-6508-45d0-aed4-cd093afda9a3
271351,,2025-06-18,,,,0,,,,21600,1,134,,2025-09-08T09:43:04Z,58839ee5-e03b-42eb-a271-786fd6252c7c
271318,,2025-04-01,2025-09-11,28800,61200,3600,,,,0,,331,FALSE,2025-09-11T08:33:35Z,c7bc7354-04fa-488d-b86d-eae34e9f0bab
271320,,2025-04-03,2025-09-11,32400,66600,3600,,,,0,,331,FALSE,2025-09-11T08:34:10Z,87a66752-b615-4e7f-86d6-d2c778feabc1
271321,,2025-04-04,2025-09-11,32400,68400,3600,,,,0,,331,FALSE,2025-09-11T08:34:19Z,8e94fbc3-9cf3-44b9-a9c4-fa9411bc2a4b
271315,,2025-03-27,2025-09-11,25200,61200,3600,,,,0,,331,FALSE,2025-09-11T08:41:55Z,49c8ac11-b384-4029-8a17-f4f23c630d06
271383,,2025-06-04,2025-07-23,28800,46800,,,,,,,164,FALSE,2025-07-23T12:11:37Z,0736ecc3-915d-4fde-8110-7f6411a2d565
271422,,2025-10-06,2025-10-17,30600,63000,3600,,,,,,184,FALSE,2025-10-17T10:17:56Z,ba7c3503-c4a9-43e7-b228-7d0fe76feeab
271483,,2025-04-08,2025-09-11,28200,58800,3600,,,,0,,230,FALSE,2025-09-11T10:48:04Z,d56e1a6a-9ca0-48aa-9dcb-5bd003a3ad00
271552,,2025-04-09,2025-07-08,30600,41400,,,,,0,,18,FALSE,2025-07-08T06:18:37Z,1b8dcf18-7be4-4103-a2dc-5fab062db4e1
271584,,2025-04-09,2025-07-08,33300,67500,5400,,,,0,,54,FALSE,2025-07-08T16:35:19Z,5ab16498-1a59-4949-9b8f-cd2652c86036
271603,,2025-04-10,2025-07-08,31500,46800,,,,,0,,18,FALSE,2025-07-08T06:19:07Z,1b532680-d031-49d5-b97f-32f0bfa26cc5
271675,,2025-04-10,2025-09-11,30600,63900,5400,,,,0,,230,FALSE,2025-09-11T10:49:41Z,037949f2-0fa2-4abb-b938-190c8796d0a1
271673,,2025-04-09,2025-07-10,34200,64800,1800,,,,0,,332,FALSE,2025-07-10T12:17:07Z,42ee0360-af5e-4320-8f33-80c574688783
271747,,2025-04-11,2025-09-22,30600,61200,1800,,,,0,,345,FALSE,2025-09-22T10:01:10Z,e48ca1b6-adee-475c-bda7-1d46ceba94ef
271713,,2025-04-11,2025-09-11,27000,57600,3600,,,,0,,230,FALSE,2025-09-11T10:48:15Z,19859a0b-4a7c-480c-9150-02e7aea5b39f
271838,,2025-04-14,2025-07-08,32400,64800,1800,,,,0,,213,FALSE,2025-07-08T07:11:51Z,9b00d97b-c13d-4281-a06a-84df13996b24
271767,,2025-04-14,2025-07-08,28800,45900,,,,,0,,18,FALSE,2025-07-08T06:19:16Z,2f360315-afde-4386-93bd-85f9fce9c0c7
271801,,2025-04-14,2025-07-21,27000,61200,2700,,,,0,,314,FALSE,2025-07-21T15:02:39Z,7847c1ca-8a2a-4c64-8494-e831477497f8
271809,,2025-04-11,2025-07-10,34200,64800,1800,,,,0,,332,FALSE,2025-07-10T12:18:13Z,920fc809-51ea-4886-ac73-0ea7141ad468
271789,,2025-04-11,2025-10-21,32400,46800,,,,,0,,15,FALSE,2025-10-21T10:07:32Z,bb784b5b-77f4-4a1d-93f0-fc33209a1e42
271875,,2025-04-15,2025-09-11,28800,63000,3600,,,,0,,230,FALSE,2025-09-11T10:48:23Z,673f5d40-83d7-4738-a3c6-7c9d93dee2b4
271842,,2025-04-15,2025-07-08,28800,61200,7200,,,,0,,18,FALSE,2025-07-08T06:21:52Z,dedd06cd-2222-4cf6-94e4-09c5976d1f45
271947,,2025-04-16,2025-07-08,28800,57600,9000,,,,0,,18,FALSE,2025-07-08T06:23:33Z,3a07554c-4d38-42e0-b3c2-7010a624dc31
272072,,2025-08-05,,,,0,,,,21600,1,345,,2025-07-17T07:28:44Z,f1fc77cb-5dff-4829-a6ac-e065a10be1a6
272073,,2025-08-06,,,,0,,,,21600,1,345,,2025-07-17T07:28:44Z,9c8e1877-1b4f-46c6-8c62-b84c2b6048e5
272074,,2025-08-07,,,,0,,,,21600,1,345,,2025-07-17T07:28:44Z,a2060cfc-a353-4e76-bdb2-c6d2822a6214
272075,,2025-08-08,,,,0,,,,21600,1,345,,2025-07-17T07:28:44Z,920f1a58-8c89-4dae-a4ef-b2934a03a610
272076,,2025-08-11,,,,0,,,,21600,1,345,,2025-07-17T07:28:44Z,901abbc8-c728-40a2-aae8-2b2dc15daf2f
271996,,2025-04-15,2025-09-22,32400,64800,3600,,,,0,,345,FALSE,2025-09-22T10:00:50Z,b7964658-f660-4fe1-bf46-d8e68586b86f
272071,,2025-08-04,,,,0,,,,21600,1,345,,2025-07-17T07:28:44Z,ca7c1d3a-b179-49a2-8352-e955b828d343
272162,,2025-04-17,2025-09-19,32400,63900,2700,,,,0,,297,FALSE,2025-09-19T11:50:40Z,7c8c147a-5d49-4165-a2f6-31bfb92bd08b
272125,,2025-04-17,2025-09-11,27900,60300,3600,,,,0,,230,FALSE,2025-09-11T10:48:40Z,e1666bab-9b78-4103-8010-19fea4b9e330
272159,,2025-04-16,2025-10-16,28800,64800,2700,,,,0,,297,FALSE,2025-10-16T07:42:15Z,0511e95b-033e-4b50-9f23-c4654c64a9aa
272180,,2025-09-02,,,,0,,,,21600,2,278,,2025-09-08T15:59:11Z,f76db059-bd2d-4a89-88a8-12f24c97f99f
272182,,2025-09-04,,,,0,,,,21600,2,278,,2025-09-08T15:59:11Z,03b11cf2-b451-495f-96ce-39cffd7f4db1
272183,,2025-09-05,,,,0,,,,21600,2,278,,2025-09-08T15:59:11Z,804aa4a1-36b6-4599-a843-56a5c9c97ff5
272238,,2025-04-16,2025-09-11,25200,59400,3600,,,,0,,331,FALSE,2025-09-11T08:44:06Z,231fdc18-c47c-49b2-9dd7-dea9cd839a01
272282,,2025-04-22,2025-07-08,32400,41400,,,,,0,,18,FALSE,2025-07-08T06:20:05Z,b903b6ad-2e7d-4e4e-9205-d2b942db3481
272283,,2025-04-23,2025-07-08,29700,58500,5400,,,,0,,18,FALSE,2025-07-08T06:20:20Z,6fd5c023-e035-4855-bbf5-a51a7d9a03f6
272239,,2025-04-17,2025-09-11,28800,66600,3600,,,,0,,331,FALSE,2025-09-11T08:44:22Z,bb80d550-a844-4b0f-a31d-9f7e4ab081d0
272313,,2025-04-23,2025-09-08,27000,62100,2700,,,,0,,327,FALSE,2025-09-08T06:18:27Z,c1c40b01-a1cd-443b-99d4-bb7da7cfe57e
272349,,2025-04-23,2025-09-11,30600,61200,3600,,,,0,,230,FALSE,2025-09-11T10:49:03Z,d710ead1-b2db-489d-9e8a-ecc7beca95a6
272440,,2025-04-24,2025-07-10,34200,64800,1800,,,,0,,332,FALSE,2025-07-10T12:18:24Z,83f38195-b0d2-4649-a654-e7d63554cc2b
272458,,2025-04-24,2025-09-11,28800,64800,3600,,,,0,,331,FALSE,2025-09-11T08:44:39Z,86a2334d-c0a7-4872-a82b-a7fbb8023177
272431,,2025-04-24,2025-09-11,28800,60300,3600,,,,0,,230,FALSE,2025-09-11T10:49:21Z,a619afa6-146d-4339-a2a6-5a65b7fdb59f
272509,,2025-04-08,2025-07-09,28800,61200,3600,,,,0,,124,FALSE,2025-07-09T05:13:50Z,b0f82d86-948f-42f2-8ae6-32ca95be887e
272510,,2025-04-09,2025-07-09,30600,59400,3600,,,,0,,124,FALSE,2025-07-09T05:14:13Z,4f8b33ef-9053-439b-97c0-810db455c1c1
272493,,2025-04-28,2025-08-06,29700,62100,1800,,,,0,,339,FALSE,2025-08-06T16:20:04Z,2527692e-870a-4133-b432-5d612fc10996
272517,,2025-04-17,2025-07-09,34200,59400,3600,,,,0,,124,FALSE,2025-07-09T05:10:35Z,4a780a32-7742-4a51-8992-7db7f9c7aff3
272511,,2025-04-10,2025-07-09,34200,66600,3600,,,,0,,124,FALSE,2025-07-09T05:14:35Z,897ddd3b-9546-44d6-a190-3d4f7ab25b77
272534,,2025-04-23,2025-07-08,34200,66600,3600,,,,0,,54,FALSE,2025-07-08T16:35:55Z,fec7e39b-049b-4b7f-b3a7-7208cfeac53c
272488,,2025-04-28,2025-07-08,27900,60300,7200,,,,0,,18,FALSE,2025-07-08T06:22:09Z,b704832a-456c-4f1c-bb6b-9c6fd45541b9
272514,,2025-04-14,2025-07-09,34200,59400,3600,,,,0,,124,FALSE,2025-07-09T05:09:00Z,04b3f376-6123-410e-84ab-8c71a57ab555
272515,,2025-04-15,2025-07-09,34200,59400,3600,,,,0,,124,FALSE,2025-07-09T05:09:30Z,7e00b0de-8d18-4551-a421-c32c731527cf
272516,,2025-04-16,2025-07-09,34200,59400,3600,,,,0,,124,FALSE,2025-07-09T05:10:06Z,578b1cd0-8ece-4e50-8e93-6f35792c17d4
272519,,2025-04-19,2025-07-09,34200,43200,,,"RHYNE-UP proposal: section 3, WPs",,0,,124,TRUE,2025-07-09T05:11:17Z,90614b0b-1063-4033-a7db-0c64c3bef8a3
272518,,2025-04-18,2025-07-09,32400,50400,3600,,COMPHEAT Proposal,,0,,124,TRUE,2025-07-09T05:11:45Z,343bdc7a-f9ac-4572-bbda-892b16c5ff50
272507,,2025-04-07,2025-07-09,27000,59400,3600,,,,0,,124,FALSE,2025-07-09T05:13:28Z,a997b351-f215-44ea-a8ea-4abda4c83226
272512,,2025-04-11,2025-07-09,34200,66600,3600,,,,0,,124,FALSE,2025-07-09T05:15:02Z,1c145623-e9be-41ba-8b57-bff8a09187c1
272521,,2025-04-22,2025-07-09,32400,64800,3600,,,,0,,124,FALSE,2025-07-09T05:15:33Z,213c9b88-bd54-4694-899a-60a5a88f2fdd
272483,,2025-04-25,2025-09-11,27000,60300,3600,,,,0,,230,FALSE,2025-09-11T10:48:53Z,e699d551-4633-4f33-9557-237936565bda
272557,,2025-04-28,2025-09-11,27000,63000,3600,,,,0,,331,FALSE,2025-09-11T08:44:59Z,b1b98e8c-0490-414b-8c52-d5bdcb85d37d
272631,,2025-06-04,,,,0,,,,28800,2,198,,2025-07-22T15:10:04Z,b4da270d-fe1d-4829-8bfb-ae6a8b253b43
272628,,2025-05-30,,,,0,,,,28800,1,198,,2025-08-04T09:58:24Z,6cfddb98-8054-4a83-9c6b-d7288dbb677a
272629,,2025-06-02,,,,0,,,,28800,1,198,,2025-08-04T09:58:25Z,c399c17c-0555-47bb-af48-9f6f66f8985f
272630,,2025-06-03,,,,0,,,,28800,1,198,,2025-08-04T09:58:26Z,3b67c375-eb57-4b07-a77f-a2f2d6b0466d
272740,,2025-04-30,2025-07-08,30600,41400,,,,,0,,18,FALSE,2025-07-08T06:21:25Z,f9af1058-8b6a-4d76-b76b-6d2c09adce02
272694,,2025-04-29,2025-07-08,28800,59400,5400,,,,0,,18,FALSE,2025-07-08T06:20:59Z,6f3ec5a2-0e34-4510-96b8-3d29cb78f192
272922,,2025-03-11,2025-07-10,34200,70200,3600,,,,0,,27,FALSE,2025-07-10T16:34:57Z,6fd1fc03-6245-49f3-83f8-4ab37bdab90a
272896,,2025-04-25,2025-07-10,34200,66600,3600,,,,0,,332,FALSE,2025-07-10T12:18:30Z,c7b6e084-3b08-442e-bf74-0dfd019f5d93
272901,,2025-05-02,2025-07-01,28800,43200,,,,,0,12,110,FALSE,2025-10-20T14:24:06Z,6274f9ab-a57d-47da-bb52-13e515d389ba
272940,,2025-04-09,2025-07-10,34200,68400,7200,,,,0,,27,FALSE,2025-07-10T15:42:42Z,fb3be81f-3355-422a-a5e3-1430f60b720b
272948,,2025-04-29,2025-07-10,34200,70200,9000,,,,0,,27,FALSE,2025-07-10T15:43:22Z,99b16e89-c5f2-4bda-8397-90b450b3a8bc
272928,,2025-03-19,2025-07-10,34200,68400,7200,,,,0,,27,FALSE,2025-07-10T15:39:30Z,b9067e85-8b76-491f-b854-b2e115359ae1
272939,,2025-04-08,2025-07-10,32400,70200,5400,,,,0,,27,FALSE,2025-07-10T16:15:38Z,0df5b94b-2e1a-4ff7-a448-77b191b2dfd9
272933,,2025-03-26,2025-07-10,33300,67500,7200,,,,0,,27,FALSE,2025-07-10T15:40:05Z,b523ca10-bd6d-4971-b0a2-2a2d3a78ac02
272943,,2025-04-14,2025-07-10,32400,70200,5400,,,,0,,27,FALSE,2025-07-10T16:16:30Z,a8c16fa2-0826-4f0f-9e48-9a62dc53304a
272931,,2025-03-24,2025-07-10,34200,70200,3600,,,,0,,27,FALSE,2025-07-10T16:36:29Z,a4948478-0800-408a-821a-977fa24e994e
273061,,2025-05-05,2025-09-11,30600,70200,10800,,,,0,,230,FALSE,2025-09-11T11:08:14Z,c6c9de07-a958-45fb-84f0-af358b5efef7
273075,,2025-05-06,2025-07-08,27900,61200,5400,,,,0,,18,FALSE,2025-07-08T06:09:37Z,58fe6ee5-0a10-4cb1-8b07-e20bb2a570d7
273106,,2025-05-28,2025-10-01,28800,61200,3600,,,,,,364,FALSE,2025-10-01T14:53:13Z,41b17534-aeb1-4652-aad4-8d4233d44b78
273098,,2025-05-02,2025-08-28,32400,55800,3600,,,,0,,380,FALSE,2025-08-28T14:42:07Z,a7dfa006-dd08-4414-8a9d-bcea470965f4
273143,,2025-05-05,2025-08-28,32400,64800,3600,,,,0,,380,FALSE,2025-08-28T08:17:12Z,e0717b4c-fd52-4346-937a-8a43f51761fc
273188,,2025-05-07,2025-07-08,30600,45000,,,,,0,,18,FALSE,2025-07-08T06:10:47Z,5f1dffa0-e7e8-4b3e-b21e-63ad2a201c5e
273298,,2025-05-14,,,,0,,,,24000,2,8,,2025-08-04T09:57:49Z,9f27fecb-ff27-44db-8084-7f28ce542215
273299,,2025-05-15,,,,0,,,,24000,2,8,,2025-08-04T09:57:49Z,836c8c3c-6c9b-4069-95a6-33ad8b842526
273290,,2025-05-07,2025-08-28,28800,64800,3600,,,,0,,380,FALSE,2025-08-28T14:42:45Z,ef5afffb-0709-4919-add1-71a3a0ee3b34
273289,,2025-05-06,2025-08-28,27000,64800,3600,,,,0,,380,FALSE,2025-08-28T14:42:32Z,86d38cb9-27c2-448c-ba65-5d691b20dfd9
273272,,2025-05-07,2025-09-22,32400,63000,1800,,,,0,,360,FALSE,2025-09-22T12:28:19Z,d2b37535-6923-40c7-b590-5656e22fd7a8
273392,,2025-05-08,2025-09-22,33300,65700,3600,,,,0,,360,FALSE,2025-09-22T12:28:29Z,a9d45145-438b-4404-986a-69ae64e37764
273344,,2025-05-08,,,,0,,,,23040,6,37,,2025-07-08T13:17:53Z,f91e0ead-9934-42c9-adb5-1164d3add6eb
273345,,2025-05-09,,,,0,,,,23040,6,37,,2025-07-08T13:17:53Z,d80b2634-55a4-440a-ba62-0232b35f4f5e
273346,,2025-05-12,,,,0,,,,23040,6,37,,2025-07-08T13:17:53Z,d249343b-852f-4830-b80e-d4915becd1fd
273347,,2025-05-13,,,,0,,,,23040,6,37,,2025-07-08T13:17:53Z,206316a4-be17-4670-bbc3-5e650ffb5b79
273348,,2025-05-14,,,,0,,,,23040,6,37,,2025-07-08T13:17:53Z,b72f823f-b953-4475-8a4d-9e45957cdf1b
273349,,2025-05-15,,,,0,,,,23040,6,37,,2025-07-08T13:17:53Z,09b4ff33-db94-49e9-8e1b-4dc9063d95f6
273350,,2025-05-16,,,,0,,,,23040,6,37,,2025-07-08T13:17:53Z,b0878657-d1fa-40d6-bba4-546c562777bf
273351,,2025-05-19,,,,0,,,,23040,6,37,,2025-07-08T13:17:53Z,b7613a27-5a7c-466c-81ad-c96d8398b031
273352,,2025-05-20,,,,0,,,,23040,6,37,,2025-07-08T13:17:53Z,5fc78193-91eb-4da6-aa76-a72de1c44a65
273353,,2025-05-21,,,,0,,,,23040,6,37,,2025-07-08T13:17:53Z,99be3a1f-e484-411a-9fcd-3c873ffec880
273354,,2025-05-22,,,,0,,,,23040,6,37,,2025-07-08T13:17:53Z,f8bb1a6d-7f86-4308-9f7d-958087f63a50
273355,,2025-05-23,,,,0,,,,23040,6,37,,2025-07-08T13:17:53Z,9d1d39fb-a574-4aba-ad08-78439d29a4a4
273356,,2025-05-26,,,,0,,,,23040,6,37,,2025-07-08T13:17:53Z,7ffc28e1-7524-4245-872a-bb81aea7e517
273357,,2025-05-27,,,,0,,,,23040,6,37,,2025-07-08T13:17:53Z,2b4d2024-ad68-444c-8466-badeec6c16bd
273358,,2025-05-28,,,,0,,,,23040,6,37,,2025-07-08T13:17:53Z,da5d7977-77c4-44ea-a21b-766b43b150da
273359,,2025-05-30,,,,0,,,,23040,6,37,,2025-07-08T13:17:53Z,6ee5c617-fbfa-471f-9f20-f873618e9a23
273338,,2025-05-06,2025-07-21,34200,72000,5400,,,,0,,314,FALSE,2025-07-21T15:04:10Z,468eb84c-6da3-4841-8f3d-b4742e9fea9c
273385,,2025-05-06,2025-08-22,28800,59400,2700,,,,0,,298,FALSE,2025-08-22T08:31:27Z,d49d5753-3147-49da-a791-650ea9494cd4
273404,,2025-05-08,2025-08-28,32400,64800,3600,,,,0,,380,FALSE,2025-08-28T14:36:29Z,34081c0d-dedb-4adc-a928-abf9637cbad9
273443,,2025-05-08,2025-09-11,27000,63000,3600,,,,0,,331,FALSE,2025-09-11T08:35:47Z,41240681-04a9-4ebb-bea2-39fd7520015e
273483,,2025-05-08,2025-07-08,28800,70200,9000,,,,0,,18,FALSE,2025-07-08T06:09:43Z,ea235da0-14f1-4bb9-bb95-c25c0bba8b10
273494,,2025-05-09,2025-09-11,24300,72900,18000,,,,0,,230,FALSE,2025-09-11T10:57:09Z,679a06a2-3d91-4897-a5ea-8d1f1253d37d
273491,,2025-05-07,2025-09-11,30600,75600,27000,,,,0,,230,FALSE,2025-09-11T10:56:25Z,e0526301-345b-425b-9a0d-8ff96caf7dfd
273482,,2025-05-12,2025-07-08,28800,61200,5400,,,,0,,18,FALSE,2025-07-08T06:09:51Z,7b33a83c-1301-4283-9262-dd5b2ae36c8a
273570,,2025-05-13,2025-07-08,28800,59400,5400,,,,0,,18,FALSE,2025-07-08T06:09:56Z,793e884d-8cf3-459e-a9c4-7b51889d992a
273562,,2025-05-12,2025-05-13,28800,63900,2700,,,,,,11,FALSE,2025-07-28T07:47:02Z,3dc096ef-e352-4f55-a9f6-60c64ffa9b15
273563,,2025-05-13,2025-05-13,29700,59400,1800,,,,,,11,FALSE,2025-07-28T07:47:02Z,69dcdcc4-b1e2-4891-b394-65b57a481d26
273655,,2025-05-09,2025-08-28,32400,54000,1800,,,,0,,380,FALSE,2025-08-28T14:38:55Z,81e1f5aa-2a21-4037-9a0b-fcceedfd26dc
273656,,2025-05-12,2025-08-28,28800,64800,3600,,,,0,,380,FALSE,2025-08-28T14:39:32Z,93461efe-50a7-402f-af5a-ee8e42d37a86
273660,,2025-05-13,2025-08-28,32400,66600,3600,,,,0,,380,FALSE,2025-08-28T14:40:53Z,639c2c7a-ba06-48a5-8c92-64e66fda9916
273752,,2025-10-02,,,,0,,,,16200,2,10,,2025-10-21T13:39:15Z,6e309dde-5255-4761-b1a6-426c175a3a93
273831,,2025-05-14,2025-05-16,29700,61200,2700,,,,,,11,FALSE,2025-07-28T07:47:02Z,465ad1bf-c98a-48c5-93ca-9a138a1f782c
273830,,2025-05-15,2025-05-31,27000,64800,3600,,,,,,11,FALSE,2025-07-28T07:47:02Z,72635028-9220-4a2c-93b2-19499c277451
273859,,2025-05-15,2025-09-26,28800,68400,3600,,,,0,,112,FALSE,2025-09-26T12:54:59Z,1431cf50-e908-4904-a2cc-9aa2d368d6f3
273858,,2025-05-16,2025-09-26,28800,64800,3600,,,,0,,112,FALSE,2025-09-26T12:55:15Z,4aff3ee0-a0cc-45f5-bef8-daabe7f5d469
273905,,2025-05-19,2025-07-08,28800,59400,5400,,,,0,,18,FALSE,2025-07-08T06:10:02Z,3849f687-8513-4fad-a842-18a824a31b3b
273976,,2025-05-20,2025-07-08,28800,59400,5400,,,,0,,18,FALSE,2025-07-08T06:10:07Z,81bb8f72-bbe4-4496-b419-58e7321851ac
274007,,2025-05-19,2025-09-11,32400,64800,3600,,,,0,,331,FALSE,2025-09-11T08:35:13Z,2637d630-b686-45cd-93b6-1e5c86a24df4
273958,,2025-05-19,2025-10-16,31500,67500,2700,,,,0,,297,FALSE,2025-10-16T07:40:55Z,95354109-2058-477c-ac85-bfac6158e8ce
274173,,2025-05-21,2025-07-08,28800,43200,,,,,0,,18,FALSE,2025-07-08T06:10:38Z,4270fc42-6ebd-4849-8d43-fbfda3970f20
274190,,2025-05-02,,,,0,,,,23040,6,37,,2025-07-08T13:17:53Z,72a292b3-e1ec-4246-bc14-7e7d1ffd2bba
274166,,2025-05-20,2025-08-18,27000,70200,7200,,Infotag Breslau,,0,,12,FALSE,2025-08-18T13:27:58Z,61fa8589-eda8-4fc8-8fc4-c9a3fe2d6f52
274714,,2025-04-28,2025-07-14,30600,54900,3600,,,,0,,295,FALSE,2025-07-14T12:06:27Z,563b8ddc-1c35-423c-a497-b0e20fb453ec
274716,,2025-04-30,2025-07-14,30600,46800,3600,,,,0,,295,FALSE,2025-07-14T12:07:16Z,e93629f2-b39a-4195-9d0a-b2efbcebdaf5
274720,,2025-05-07,2025-07-14,28800,61200,3600,,,,0,,295,FALSE,2025-07-14T12:08:45Z,86ae1c5c-50ec-498c-b2c0-2b60f0350cf9
274721,,2025-05-08,2025-07-14,28800,61200,3600,,,,0,,295,FALSE,2025-07-14T12:08:55Z,30c2dc79-9fc1-4bf4-ab25-aba1e110fea0
274723,,2025-05-12,2025-07-14,32400,59400,3600,,,,0,,295,FALSE,2025-07-14T12:09:45Z,67fa28b4-2b28-47f2-bbe4-5fa9a191a3d7
274719,,2025-05-06,2025-07-14,27000,45000,3600,,,,0,,295,FALSE,2025-07-14T12:11:08Z,e9b757be-5d7d-47f3-8982-9ebd219f697f
274729,,2025-05-21,2025-07-14,30600,59400,5400,,,,0,,295,FALSE,2025-07-14T12:10:17Z,0d4175e0-a104-4c05-83fd-41161b7bd61d
274889,,2025-05-22,2025-07-10,32400,64800,3600,,,,0,,332,FALSE,2025-07-10T12:18:50Z,4883c909-d851-4ee0-80de-c5da4e977657
274942,,2025-09-18,,,,0,,,,28800,7,198,,2025-08-04T09:59:54Z,815bbfb5-778b-41c5-a21c-8d874205c713
274961,,2025-05-21,2025-09-08,27000,62100,2700,,,,0,,327,FALSE,2025-09-08T06:17:27Z,49124ab2-9d03-466f-8d09-cf4421859c05
275053,,2025-05-26,2025-07-08,27900,59400,5400,,,,0,,18,FALSE,2025-07-08T06:10:14Z,868bf97f-7299-44e1-8cad-a5cb6798dc00
275100,,2025-05-26,2025-07-09,30600,45000,,,,,0,,15,FALSE,2025-07-09T06:14:25Z,b6efaac5-07b2-4a6c-9dd9-136e6c4efaa3
275111,,2025-05-22,2025-10-08,34200,66600,3600,,,,0,,338,FALSE,2025-10-08T08:58:48Z,02bad992-8fdb-4286-8d4d-28b3330ce67e
275185,,2025-05-27,2025-07-08,28800,59400,5400,,,,0,,18,FALSE,2025-07-08T06:10:20Z,3c1fe136-2e9e-4be3-8d36-1fb40cbe393f
275192,,2025-05-27,2025-07-09,30600,45000,,,,,0,,15,FALSE,2025-07-09T06:14:34Z,d3828199-22e4-4744-8e66-68e93f1d6c92
275122,,2025-05-26,2025-09-26,30600,63000,3600,,,,0,,332,FALSE,2025-09-26T14:29:38Z,8a99c96e-a911-4b04-9a16-5a64f33f3ab9
275136,,2025-05-19,2025-08-28,32400,64800,3600,,,,0,,380,FALSE,2025-08-28T14:40:26Z,84e84a22-34ca-496e-82de-88c2ac139a4e
275273,,2025-05-28,2025-07-08,30600,45000,,,,,0,,18,FALSE,2025-07-08T06:10:27Z,6855523d-41b9-445c-96b5-efbc55ed7248
275254,,2025-05-27,2025-07-08,34200,66600,3600,,,,0,,213,FALSE,2025-07-08T08:18:50Z,28c0dde4-c560-48c4-8303-d01ac1724a5e
275253,,2025-05-27,2025-07-15,29700,61200,2700,,,,0,,12,FALSE,2025-07-15T15:30:34Z,a16f6a8e-844c-443e-a5ed-67f298d2d40d
275202,,2025-05-23,2025-08-05,30600,68400,3600,,,,0,,307,FALSE,2025-08-05T12:56:00Z,e292d381-d4a8-4cca-8547-a9c4331b41a1
275259,,2025-05-27,2025-08-05,28800,63900,3600,,,,0,,307,FALSE,2025-08-05T12:56:10Z,0fe8d53c-69a1-4041-8cc0-4a8006596420
275334,,2025-05-28,2025-10-16,28800,63900,2700,,,,0,,297,FALSE,2025-10-16T07:40:21Z,81e82973-ef36-4be0-b52f-0948af6c01b8
275351,,2025-05-26,2025-09-26,28800,64800,7200,,,,0,,112,FALSE,2025-09-26T12:49:03Z,22bf6144-a698-412e-b9f2-1319472eddc2
275311,,2025-05-28,2025-09-11,32400,77400,27000,,,,0,,230,FALSE,2025-09-11T10:56:07Z,c9a33591-d066-471e-9eac-678afb5ba789
275296,,2025-05-28,2025-07-23,28800,66600,2700,,,,0,,228,FALSE,2025-07-23T08:29:06Z,fb3f4105-b0ad-4535-a3cb-9286ea05e9dd
275313,,2025-05-30,2025-08-05,28800,61200,1800,,,,0,,307,FALSE,2025-08-05T12:55:47Z,c3f6b4fd-277b-4f9d-ad53-d2ca337ba61a
275353,,2025-05-28,2025-09-26,28800,46800,3600,,,,0,,112,FALSE,2025-09-26T12:54:41Z,aa2b1850-1478-452c-9f01-6f71d0cf5439
275445,,2025-06-02,2025-08-05,28800,61200,3600,,,,0,,307,FALSE,2025-08-05T12:57:26Z,0096238c-cae0-48ab-bccc-37c06bb6cfc7
275486,,2025-05-27,2025-09-08,27000,62100,2700,,,,0,,327,FALSE,2025-09-08T06:17:41Z,b226a879-3985-4b46-9577-112cbe44caf5
275446,,2025-06-02,2025-09-29,27000,65700,3600,,,,0,,11,FALSE,2025-09-29T06:12:07Z,443c4d5a-503b-4c92-b54c-3045697ba77b
275488,,2025-05-30,2025-09-08,27000,62100,2700,,,,0,,327,FALSE,2025-09-08T06:17:56Z,800718c8-1bd3-4157-a3d0-12615aa848f1
275470,,2025-06-03,2025-07-08,30600,43200,,,,,0,,18,FALSE,2025-07-08T06:06:17Z,9d7dde2b-5c68-42e7-aa0f-9f7f5a7ccf0d
275456,,2025-06-02,2025-07-08,28800,63000,6300,,,,0,,18,FALSE,2025-07-08T06:06:23Z,f3ba736e-d937-47a6-aa34-f30307c9b7f4
275297,,2025-05-28,2025-07-08,30600,65700,2700,,,,0,,213,FALSE,2025-07-08T07:12:33Z,f00557ff-d7cd-47cc-82cd-b28124009058
275420,,2025-06-02,2025-08-27,28800,66600,2700,,,,0,,339,FALSE,2025-08-27T16:05:31Z,d2332bdf-88a2-46fb-b883-f2ae98ab8038
275561,,2025-06-03,2025-09-29,28800,61200,3600,,,,0,,11,FALSE,2025-09-29T06:14:09Z,c86d9190-0332-45dc-ad21-a1b559d13dba
275560,,2025-06-04,2025-09-29,28800,61200,3600,,,,0,,11,FALSE,2025-09-29T06:14:32Z,b1f8be5b-cd8a-4d37-a965-37d893bdf931
275564,,2025-05-23,2025-07-14,32400,43200,1800,,,,0,,295,TRUE,2025-07-14T12:12:14Z,391fe9cd-9b46-42f9-bf53-e2638d53c813
275565,,2025-05-26,2025-07-14,28800,50400,3600,,,,0,,295,FALSE,2025-07-14T12:12:59Z,10e44051-92d0-41f9-a59d-dbd953d239c1
275567,,2025-05-28,2025-07-14,28800,43200,2700,,,,0,,295,FALSE,2025-07-14T12:13:45Z,14365551-039f-4022-b0d1-b103a5293c1a
275563,,2025-05-22,2025-07-14,29700,46800,4500,,,,0,,295,FALSE,2025-07-14T12:14:56Z,3aeb31fb-f888-4996-93e8-2207c269aa86
275498,,2025-06-03,2025-07-30,32400,61200,1800,,,,0,,331,FALSE,2025-07-30T10:19:34Z,f44715f2-afc7-40d1-9789-544fda75d8f3
275507,,2025-06-03,2025-08-05,27900,58500,1800,,,,0,,307,FALSE,2025-08-05T12:57:33Z,12d6a491-e01b-45ee-8508-c61a258ad90e
275551,,2025-06-04,2025-08-05,30600,63000,3600,,,,0,,307,FALSE,2025-08-05T12:58:01Z,5ff5d168-5395-4154-b217-614bf1885af0
275553,,2025-06-04,2025-08-27,28800,65700,2700,,,,0,,339,FALSE,2025-08-27T16:05:49Z,ff7b06c8-45db-478f-b02f-f7a89663375c
275489,,2025-06-02,2025-09-08,27000,62100,2700,,,,0,,327,FALSE,2025-09-08T06:16:46Z,51482437-1e53-4098-ac8b-0bc563f7381d
275581,,2025-06-04,2025-07-10,29700,60300,5400,,,,0,,344,FALSE,2025-07-10T11:20:12Z,1bdcadb2-9b6a-4b06-a3bb-99ca6e755263
275568,,2025-05-30,2025-07-14,37800,48600,,,,,0,,295,TRUE,2025-07-14T12:15:33Z,08cbd2bb-7614-4328-a520-358227f715c4
275569,,2025-06-02,2025-07-14,31500,50400,2700,,,,0,,295,FALSE,2025-07-14T12:18:38Z,a615e4a9-1df3-429b-b6bf-2effa4a1c66f
275571,,2025-06-04,2025-07-14,28800,50400,2700,,,,0,,295,FALSE,2025-07-14T12:19:01Z,bd684883-910e-46d6-83b1-1d4e6c3db3ba
275599,,2025-06-25,2025-08-29,28800,64800,3600,,,,,,331,FALSE,2025-08-29T10:08:11Z,0ae0c016-90ab-4c20-8eb5-8480a842be41
275570,,2025-06-03,2025-09-17,28800,61200,3600,,,,0,,295,FALSE,2025-09-17T14:49:22Z,3042ce81-f272-43df-8641-58d440f16016
275660,,2025-06-05,2025-09-11,25200,61200,3600,,,,0,,331,FALSE,2025-09-11T08:46:16Z,e52940b1-a23f-471a-bb76-9757687726c6
275678,,2025-06-04,2025-10-08,30600,66600,3600,,,,0,,338,FALSE,2025-10-08T08:54:45Z,a2ad25ce-9f0d-47f6-a6b6-0d859e9fdad2
275679,,2025-06-05,2025-10-08,28800,68400,3600,,,,0,,338,FALSE,2025-10-08T08:51:57Z,d41cd11a-f7b6-42df-9c5a-d39951a9b6ae
275734,,2025-06-06,2025-07-07,33300,61200,4500,,,,0,,213,FALSE,2025-07-07T16:40:46Z,a0810e02-2e4d-4080-b468-254564ecc837
275771,,2025-06-05,2025-08-28,32400,64800,3600,,,,0,,380,FALSE,2025-08-28T14:11:37Z,c5ff6f5a-e02b-4eff-b7c6-45a72518065c
275832,,2025-06-11,2025-07-08,32400,43200,,,,,0,,18,FALSE,2025-07-08T06:05:21Z,2e9d4d62-8bee-4e75-97a4-4994c005e189
275825,,2025-06-10,2025-07-08,34200,66600,1800,,,,0,,213,FALSE,2025-07-08T07:13:06Z,8e5ac80d-21db-4e5a-a4cd-8cb8d5b2068d
275830,,2025-06-05,2025-07-08,28800,68400,10800,,,,0,,18,FALSE,2025-07-08T06:05:52Z,020297f2-14cc-44d1-be23-f5219d5626a1
275829,,2025-06-04,2025-07-08,36000,68400,10800,,,,0,,18,FALSE,2025-07-08T06:06:08Z,9fd6a499-900f-4fc8-9ada-5a0fe988fa3d
275831,,2025-06-06,2025-07-08,28800,72000,12600,,,,0,,18,TRUE,2025-07-08T06:06:55Z,71d1f8fe-dc12-4cdf-8391-fc19cdd2a33c
275886,,2025-09-22,,,,0,,,,14400,1,15,,2025-09-10T10:36:18Z,28507440-35fc-434b-9add-b44505802245
275887,,2025-09-23,,,,0,,,,14400,1,15,,2025-09-10T10:36:18Z,3618b955-9458-4d19-89c9-f0c795d0e988
275881,,2025-09-15,2025-09-15,30600,45000,,,,,,,15,FALSE,2025-09-15T10:29:54Z,a69f6b6a-99f2-4134-84eb-4b0aeb4e3000
275882,,2025-09-16,2025-09-16,31500,45900,,,,,,,15,FALSE,2025-09-16T10:31:50Z,489f6f17-f24a-44ac-b471-f9ee332a01e4
275883,,2025-09-17,2025-09-17,30600,45900,,,,,,,15,FALSE,2025-09-17T10:46:16Z,9200fdb7-00cf-4256-9ebd-f92cebeaa6fb
275885,,2025-09-19,2025-09-19,30600,44100,,,,,,,15,FALSE,2025-09-19T10:16:22Z,60f5c908-4eff-40c3-9c91-d4fd4531ff3c
275877,,2025-10-02,,,,0,,,,28800,1,327,,2025-09-25T11:16:20Z,b5c30f27-c082-42df-a0c9-aef1ac1d9aee
275874,,2025-09-29,2025-09-29,28800,59400,1800,,,,,,327,FALSE,2025-09-29T08:27:49Z,5effbf19-f968-4e58-b1c7-092b9b697dce
275875,,2025-09-30,2025-10-01,27000,57600,1800,,,,,,327,FALSE,2025-10-01T10:50:21Z,4f2d5a7e-45eb-4a09-8a6b-9cf0a59f6457
275876,,2025-10-01,2025-10-01,30600,59400,1800,,,,,,327,FALSE,2025-10-01T10:50:45Z,7511c604-0e10-4466-8992-6d7b4e90b879
275968,,2025-06-10,2025-07-07,27000,57600,1800,,,,0,,300,FALSE,2025-07-07T14:04:24Z,7fc93333-81d2-4537-80e0-94db84c17106
275969,,2025-06-11,2025-07-07,30600,61200,1800,,,,0,,300,FALSE,2025-07-07T14:04:31Z,415ba839-fdbd-4c7c-99c3-75ac02d39848
275971,,2025-06-11,2025-07-07,32400,64800,3600,,,,0,,213,FALSE,2025-07-07T16:39:50Z,822d27fe-b290-4122-b4e6-05cc7e856b92
275888,,2025-09-24,,,,0,,,,14400,1,15,,2025-09-10T10:36:19Z,16a3b6cb-a37c-4bcc-8013-f23295e075d6
275889,,2025-09-25,,,,0,,,,14400,1,15,,2025-09-10T10:36:19Z,3a6808ea-00b3-4643-aa72-c6ac60b32d6c
275890,,2025-09-26,,,,0,,,,14400,1,15,,2025-09-10T10:36:19Z,f96983d5-8453-4f1e-a127-45b0dd2cd898
275908,,2025-10-07,2025-10-08,34200,73800,3600,,,,,,347,FALSE,2025-10-08T16:11:31Z,99ff2373-d31b-4820-af09-9e6ae7631e8b
275909,,2025-10-08,2025-10-08,32400,72000,7200,,,,,,347,FALSE,2025-10-08T16:12:31Z,f4885398-b564-43cd-a7d3-906e5fbacf4b
275910,,2025-10-09,2025-10-13,36000,81000,10800,,,,,,347,FALSE,2025-10-13T13:46:29Z,2a072407-42d1-415c-884d-6767cb1dd8ac
275911,,2025-10-10,2025-10-13,29700,81000,16200,,,,,,347,FALSE,2025-10-13T13:49:02Z,588fede6-ae16-4970-861f-a8e74d24252f
276008,,2025-05-14,2025-09-15,28800,61200,3600,,,,0,,335,FALSE,2025-09-15T12:39:39Z,a0c3f1ce-45ed-423c-9564-957b328daac6
275973,,2025-06-12,2025-07-08,28800,45000,,,,,0,,18,FALSE,2025-07-08T06:05:31Z,752de34b-e4b2-44ba-a6c9-3293aa87653c
276109,,2025-06-11,2025-10-08,29700,61200,2700,,,,0,,338,FALSE,2025-10-08T08:52:08Z,ceddc0ac-253f-4fa8-af76-ba3bbc83f9e6
275994,,2025-06-12,2025-08-27,32400,67500,2700,,,,0,,339,FALSE,2025-08-27T16:06:11Z,7fd3dc3a-bcf9-4e60-adef-a9e6fdd87d98
276087,,2025-06-12,2025-09-26,32400,64800,3600,,,,0,,332,FALSE,2025-09-26T14:30:28Z,105500d1-a0bc-40b6-8d06-e3be0e3537ef
276179,,2025-06-16,2025-07-08,27000,60300,6300,,,,0,,18,FALSE,2025-07-08T06:05:08Z,fc9141db-ffc7-4f5e-af10-baaa06c28104
276182,,2025-06-13,2025-08-05,28800,61200,3600,,,,0,,307,FALSE,2025-08-05T12:58:26Z,2f05a187-3782-43d2-9b4a-99689ad726f0
276145,,2025-06-13,2025-09-08,23400,58500,2700,,,,0,,327,FALSE,2025-09-08T06:17:03Z,e382048c-f6fb-4486-8583-139f78556795
276180,,2025-06-13,2025-08-06,31500,63000,1800,,,,0,,339,FALSE,2025-08-06T16:14:41Z,47341957-1089-4ca0-bd2e-401e20e8dafb
276181,,2025-06-16,2025-08-27,30600,65700,2700,,,,0,,339,FALSE,2025-08-27T16:06:43Z,6af707cb-992b-4276-b9e7-66b94aa67f85
276165,,2025-06-13,2025-10-08,41400,73800,3600,,,,0,,338,FALSE,2025-10-08T08:51:22Z,d18aa199-5c2c-43cf-8340-4a2f3d95a300
276241,,2025-12-22,,,,0,,,,,,331,,2025-09-10T12:19:54Z,a81acd24-9add-46bd-8381-c3bdffa7ddbe
276217,,2025-06-13,2025-07-07,30600,50400,,,,,0,,213,FALSE,2025-07-07T16:40:34Z,5915eaaf-ae2a-40ca-a2ae-490c8dcd4852
276229,,2025-06-17,2025-07-08,27000,59400,7200,,,,0,,18,FALSE,2025-07-08T06:06:33Z,830ddba3-2ab3-4382-8282-5d3ccb4e75a7
276242,,2025-12-23,,,,0,,,,,,331,,2025-09-10T12:19:54Z,317d88d5-fabd-4f87-9708-a9dbafd4cb39
276243,,2025-12-24,,,,0,,,,,,331,,2025-09-10T12:19:54Z,7526d038-fde8-4847-a690-d41e49a8a01a
276244,,2025-12-29,,,,0,,,,,,331,,2025-09-10T12:19:55Z,a63e39c8-ad7d-4676-b408-64deb65cd2cb
276245,,2025-12-30,,,,0,,,,,,331,,2025-09-10T12:19:56Z,d8fc812c-ca7b-4852-bde1-cfd9b9c22576
276246,,2025-12-31,,,,0,,,,,,331,,2025-09-10T12:19:56Z,f37068c6-096b-4560-9640-6929ec49028c
276239,,2025-06-17,2025-09-22,29700,62100,1800,,,,0,,345,FALSE,2025-09-22T10:34:48Z,a0bcb058-a59f-43e3-bd56-d788ec24f251
276199,,2025-06-16,2025-09-29,26100,63000,4500,,,,0,,11,FALSE,2025-09-29T06:14:58Z,3f75d3cb-7a6e-41a8-9812-defdf3a8b82d
276351,,2025-06-17,2025-09-29,30600,67500,3600,,,,0,,11,FALSE,2025-09-29T06:12:42Z,9c7bfadb-25c0-46d8-a199-9608661238a6
276409,,2025-06-05,2025-07-08,32400,64800,3600,,,,0,,53,FALSE,2025-07-08T12:10:43Z,fe2935fb-b486-4f58-bd4e-37ac4c57d443
276433,,2025-06-16,2025-08-05,30600,63000,3600,,,,0,,307,FALSE,2025-08-05T12:58:44Z,eebf48af-bca5-4590-a32f-4e8921658f84
276418,,2025-06-18,2025-08-27,30600,65700,2700,,,,0,,339,FALSE,2025-08-27T16:06:28Z,33945c83-1792-43b6-945b-79fdf5c2b382
276381,,2025-06-18,2025-09-22,30600,64800,1800,,,,0,,345,FALSE,2025-09-22T10:36:31Z,0dacbc6d-3bcc-4fc4-a092-264109f0cc2a
276468,,2025-06-17,2025-08-28,32400,63000,3600,,,,0,,380,FALSE,2025-08-28T14:08:02Z,649443f4-1481-411d-90c7-e61b5ade77e1
276489,,2025-06-17,2025-09-26,32400,64800,3600,,,,0,,332,FALSE,2025-09-26T14:30:58Z,66a8e7b7-6c8a-44e8-9db3-19972468d216
276482,,2025-06-23,2025-07-08,28800,60300,5400,,,,0,,18,FALSE,2025-07-08T06:04:57Z,2e674a16-980c-4208-88be-8cc60ba4ae10
276458,,2025-06-20,2025-08-05,27000,57600,1800,,,,0,,307,FALSE,2025-08-05T12:58:16Z,c25e7091-12ee-4145-88f5-91b8bad15eeb
276442,,2025-06-20,2025-08-06,31500,60300,1800,,,,0,,339,FALSE,2025-08-06T16:12:16Z,59d33975-a4a6-489d-9cbd-892c10e32c2b
276443,,2025-06-20,2025-09-29,27900,55800,1800,,,,0,,11,FALSE,2025-09-29T06:12:51Z,ae80d28c-de41-43bc-a257-4f39d597a5b8
276463,,2025-06-10,2025-08-28,32400,64800,3600,,,,0,,380,FALSE,2025-08-28T14:12:13Z,cf322b11-a6fa-4b8d-8e51-4ceef9a7adb4
276533,,2025-06-20,2025-07-10,29700,63000,5400,,,,0,,344,FALSE,2025-07-10T11:20:25Z,f3a2c281-167c-41ac-ab7e-a6faf8bca945
276534,,2025-06-23,2025-07-10,29700,61200,3600,,,,0,,344,FALSE,2025-07-10T11:20:46Z,beefa6ef-0225-4ce1-8b62-9f64aff74b8c
276551,,2025-06-13,2025-07-24,32400,43200,,,,,10800,1,340,TRUE,2025-07-24T08:12:26Z,116b7c99-5e7a-4274-baab-23e744043c5d
276553,,2025-08-13,,,,0,,,,25200,1,340,,2025-07-29T16:01:07Z,62836cda-ae1a-4af8-95e3-95f294c8d098
276554,,2025-08-14,,,,0,,,,25200,1,340,,2025-07-29T16:01:07Z,3a48bc5f-826e-4e73-947b-6e49fa2278b1
276556,,2025-08-18,,,,0,,,,25200,1,340,,2025-07-29T16:01:07Z,ac828bd1-38b7-4f0f-982e-0296d15c833d
276557,,2025-08-19,,,,0,,,,25200,1,340,,2025-07-29T16:01:07Z,43b1e515-9b57-4686-b1e8-3c13bd4a76a8
276558,,2025-08-20,,,,0,,,,25200,1,340,,2025-07-29T16:01:07Z,8ced5372-2d35-48ac-9598-a8254f92b3cb
276559,,2025-08-21,,,,0,,,,25200,1,340,,2025-07-29T16:01:07Z,c5912857-9ebc-4110-b5ce-249d23cd7073
276561,,2025-08-25,,,,0,,,,25200,1,340,,2025-07-29T16:01:07Z,ad23c988-9b93-4126-bdf3-c0ed4c15fab7
276562,,2025-08-26,,,,0,,,,25200,1,340,,2025-07-29T16:01:07Z,e1f33d6e-1fa4-401b-bdde-44b04537e739
276555,,2025-08-15,,,,0,,,,,,340,,2025-07-29T16:01:27Z,ac16c37f-1799-471c-bf02-d8499daa3500
276560,,2025-08-22,,,,0,,,,,,340,,2025-07-29T16:01:45Z,6cc1f79c-9598-410d-a993-dc9409cce51a
276635,,2025-06-02,2025-09-26,43200,82800,10800,,,,0,,112,FALSE,2025-09-26T15:06:21Z,9e2be6ab-8882-4191-96cf-8f05ed33bb23
276639,,2025-06-06,2025-09-26,28800,61200,3600,,,,0,,112,FALSE,2025-09-26T15:06:33Z,f9b7c563-f44a-46ab-84b3-5b2c1f055bb3
276638,,2025-06-05,2025-09-26,28800,61200,3600,,,,0,,112,FALSE,2025-09-26T15:06:27Z,87eb2f28-6188-48ed-92b6-b6202a091b4d
276714,,2025-06-24,2025-07-08,27900,58500,5400,,,,0,,18,FALSE,2025-07-08T06:04:35Z,68aef37d-2092-49ff-9e07-9dce21ba0b30
276715,,2025-06-25,2025-07-08,30600,41400,,,,,0,,18,FALSE,2025-07-08T06:06:46Z,68817979-5994-4b52-b695-c11792b0a090
276726,,2025-06-23,2025-07-30,32400,59400,1800,,,,0,,331,FALSE,2025-07-30T10:21:31Z,3cf84911-5740-4c33-9a06-bf8c40fa5252
276761,,2025-06-24,2025-09-22,30600,63000,1800,,,,0,,345,FALSE,2025-09-22T10:33:39Z,a991bc1a-d6e5-442e-a872-2c5b6581fe95
276828,,2025-06-25,2025-07-09,28800,61200,3600,,,,0,,112,FALSE,2025-07-09T06:24:29Z,1410eb3f-951c-4afc-92ed-9917a76b58b0
276821,,2025-06-26,2025-07-08,29700,40500,,,,,0,,18,FALSE,2025-07-08T06:04:46Z,5bf3dc6e-abd4-4f60-bbe6-44c978311f5d
276836,,2025-06-26,2025-08-13,32400,52200,1800,,,,0,,30,FALSE,2025-08-13T11:11:39Z,4e2885d6-aa59-4e0f-bd0a-da05d3209079
276879,,2025-06-24,2025-09-26,34200,66600,3600,,,,0,,332,FALSE,2025-09-26T14:31:14Z,3e05968c-78de-4e8c-838d-901c497848e2
276888,,2025-06-26,2025-07-09,28800,61200,3600,,,,0,,112,FALSE,2025-07-09T06:24:34Z,87e90c9a-9223-4adc-ada2-3181e9f5c9c4
276886,,2025-06-26,2025-07-28,27000,66600,3600,,,,0,,11,FALSE,2025-07-28T07:46:02Z,ad7114fc-aff2-4729-8f3f-b7661f806a14
276893,,2025-06-27,2025-08-01,30600,69300,2700,,"H4U, REEsilience intern, REHOUSE DC JF",,0,,24,FALSE,2025-08-01T09:24:13Z,83a76557-ee7e-4928-9ebe-b1ed3c57aaaa
276883,,2025-06-26,2025-08-05,27900,60300,2700,,,,0,,307,FALSE,2025-08-05T12:58:56Z,7d5673d7-f8c1-489f-b5f2-5adb7a200ba9
276881,,2025-06-24,2025-09-09,28800,63000,1800,,,,0,,307,FALSE,2025-09-09T05:51:31Z,f29dfc2c-8d6b-40a5-afba-95d29a386672
276905,,2025-06-18,2025-10-15,30600,50400,,,,,0,,368,FALSE,2025-10-15T08:40:19Z,9d943e99-abf4-45ce-984a-9c3e211db584
276908,,2025-06-24,2025-10-15,30600,52200,,,,,0,,368,FALSE,2025-10-15T08:40:44Z,40aa551d-f446-48d1-a6c5-5ab15bf34db5
276950,,2025-06-27,2025-09-22,34200,59400,1800,,,,0,,345,FALSE,2025-09-22T10:35:57Z,a6d62097-973d-4ac3-8290-e58cb4dca5f9
276980,,2025-06-27,2025-07-07,27900,63000,4500,,,,0,,213,FALSE,2025-07-07T16:40:24Z,42cb027d-eb99-4930-b7b7-58a21db1a990
276932,,2025-06-27,2025-07-14,31500,54000,,,,,0,,335,FALSE,2025-07-14T13:53:34Z,ec50b2d9-7953-48c6-a06e-50a165623f31
276969,,2025-06-27,2025-08-05,28800,60300,2700,,,,0,,307,FALSE,2025-08-05T12:56:54Z,26844205-1bc1-4a6e-830b-446a2e8ca404
276974,,2025-06-27,2025-07-21,27000,61200,3600,,,,0,,314,FALSE,2025-07-21T15:05:03Z,45b1dc18-2861-4a48-9924-59cdae92df7b
277016,,2025-06-30,2025-07-14,34200,54000,5400,,,,0,,295,FALSE,2025-07-14T13:48:35Z,aeb55ae0-1a27-4f7a-ba9c-f38d9ad82969
277025,,2025-06-26,2025-07-14,28800,61200,3600,,,,0,,295,FALSE,2025-07-14T13:50:19Z,4586eee5-b021-4b2f-94b8-cc94491e49d9
277027,,2025-06-30,2025-07-08,30600,57600,5400,,,,0,,18,FALSE,2025-07-08T06:04:24Z,1d9a3114-5a8e-4645-86e8-af0ee15d72c9
277007,,2025-06-30,2025-09-22,30600,61200,1800,,,,0,,345,FALSE,2025-09-22T10:41:38Z,3c943915-68a4-4419-bd0e-b4ccc35f99e1
277018,,2025-06-06,2025-07-14,25200,54000,12600,,,,0,,295,TRUE,2025-07-14T12:19:23Z,52766f4f-4bce-4c11-9daa-7ed297548958
277019,,2025-06-18,2025-07-14,28800,54000,3600,,,,0,,295,FALSE,2025-07-14T12:19:33Z,4d05f165-ab30-48e1-9625-b70105834218
277021,,2025-06-20,2025-07-14,34200,54000,3600,,,,0,,295,TRUE,2025-07-14T12:19:44Z,70408d58-7a24-4f98-b6ab-30e290d2fd83
277026,,2025-06-27,2025-07-14,28800,43200,3600,,,,0,,295,TRUE,2025-07-14T12:20:56Z,07ad0e70-3c01-4ca0-82d1-06e10710dfdd
277023,,2025-06-24,2025-07-14,32400,61200,7200,,,,0,,295,FALSE,2025-07-14T12:21:52Z,e4e90b85-62ad-486f-84c0-733d6a29e732
277022,,2025-06-23,2025-07-14,25200,43200,3600,,,,0,,295,FALSE,2025-07-14T13:48:20Z,18d5f18b-e61a-412c-8cde-d7ec56325c73
277043,,2025-06-26,2025-09-11,25200,61200,3600,,,,0,,331,FALSE,2025-09-11T08:45:44Z,286d51b0-8a0f-4a09-ac6c-c1d9a44ca403
277024,,2025-06-25,2025-07-14,28800,57600,3600,,,,0,,295,FALSE,2025-07-14T13:50:14Z,9c9ed64b-58b3-4686-bb97-77eb28639907
277017,,2025-06-05,2025-09-17,27900,56700,3600,,,,0,,295,FALSE,2025-09-17T14:51:03Z,cb351a4c-c0ec-4200-b3ad-7e1cfc993b52
277105,,2025-06-27,2025-07-27,36000,68400,1800,,,,0,,364,FALSE,2025-07-27T17:27:37Z,2a46db3f-5826-4392-8b1c-1210996711e7
277103,,2025-06-30,2025-07-08,33300,72900,5400,,,,0,,213,FALSE,2025-07-08T08:36:37Z,c9c7d5d2-f717-41c5-8ae5-2ec30ad96f1a
277208,,2025-07-01,2025-07-21,26100,61200,2700,,,,0,,289,FALSE,2025-07-21T15:41:18Z,1fafa637-5589-45a0-a18d-8c57d9a8010e
277212,,2025-07-01,2025-07-14,27900,54000,3600,,,,0,,335,FALSE,2025-07-14T13:48:35Z,03f4d1c2-d69d-4c5e-b694-677e6d2c7b9d
277167,,2025-08-25,,,,0,,,,0,12,185,,2025-07-22T15:16:02Z,895f92dd-ce55-4fc6-a24e-44f22f39d5b3
277235,,2025-06-04,2025-09-23,32400,54000,7200,,,,0,,152,FALSE,2025-09-23T12:10:18Z,39299821-8b67-4734-8432-c63e1ea85537
277237,,2025-06-05,2025-09-23,32400,63000,1800,,,,0,,152,FALSE,2025-09-23T12:10:29Z,148359bd-dba7-425f-b1fd-e77c6ea7d503
277234,,2025-06-03,2025-09-23,28800,59400,1800,,,,0,,152,FALSE,2025-09-23T12:10:36Z,2eac25db-c7ea-4199-9979-49450454bdf3
277238,,2025-06-17,2025-09-23,28800,61200,3600,,,,0,,152,FALSE,2025-09-23T12:10:44Z,b10ba039-b78a-41c7-9d1f-8765f9b4d27f
277239,,2025-06-18,2025-09-23,32400,57600,10800,,,,0,,152,FALSE,2025-09-23T12:13:40Z,e91eb554-1b99-40cd-94ae-7efeae0ad1ac
277240,,2025-06-24,2025-09-23,28800,61200,3600,,,,0,,152,FALSE,2025-09-23T12:11:04Z,271de01e-8c8a-4d26-8c50-e2aef288d38c
277241,,2025-06-25,2025-09-23,32400,54000,7200,,,,0,,152,FALSE,2025-09-23T12:11:13Z,7db68d55-a692-4095-a97d-088f89f2da87
277242,,2025-06-26,2025-09-23,32400,63000,1800,,,,0,,152,FALSE,2025-09-23T12:11:21Z,af51aabc-a16d-41b9-a242-84856c1e19a8
277222,,2025-06-30,2025-09-29,28800,68400,3600,,,,0,,11,FALSE,2025-09-29T06:13:41Z,52d30695-85e2-4835-aae8-e2ed22edab6a
277273,,2025-07-01,2025-07-30,32400,59400,1800,,,,0,,331,FALSE,2025-07-30T10:22:34Z,f20ca96b-251a-487d-907f-b0a2f05aa9f3
277310,,2025-06-20,2025-08-28,32400,66600,3600,,,,0,,380,FALSE,2025-08-28T14:12:53Z,1095dc45-849a-4ba3-af88-ced8e60ef96d
277311,,2025-06-23,2025-08-28,28800,64800,3600,,,,0,,380,FALSE,2025-08-28T14:13:20Z,438c82ab-1b66-431c-bb79-78da7cd3d873
277313,,2025-06-25,2025-08-28,28800,64800,3600,,,,0,,380,FALSE,2025-08-28T14:13:50Z,f1d41af8-1a82-4794-b0ef-1c999f5727de
277315,,2025-06-27,2025-08-28,28800,64800,3600,,,,0,,380,FALSE,2025-08-28T14:14:13Z,41fde514-dfef-441c-9542-692cab5182f1
277314,,2025-06-26,2025-08-28,32400,63000,3600,,,,0,,380,FALSE,2025-08-28T14:21:28Z,4429db0d-8808-4557-977d-c3617ad225a6
277316,,2025-06-30,2025-08-28,28800,63000,3600,,,,0,,380,FALSE,2025-08-28T14:21:53Z,9497f3cf-ffb9-4002-a34f-a9b9c4d5d8fd
277317,,2025-07-01,2025-08-28,28800,61200,3600,,,,0,,380,FALSE,2025-08-28T14:52:19Z,200719bb-7247-4a56-a690-b07fd5b66646
277284,,2025-07-01,2025-09-11,29700,62100,2700,,,,0,,230,FALSE,2025-09-11T10:50:14Z,fcb2e550-01c7-4416-8a3c-039a30164af8
277274,,2025-07-01,2025-09-22,28800,63900,1800,,,,0,,345,FALSE,2025-09-22T10:38:52Z,82ebd6a4-ff34-49b7-a908-8b22a9060f00
277401,,2025-07-02,2025-07-30,34200,63000,1800,,,,0,,331,FALSE,2025-07-30T10:28:40Z,aed0fcee-25a6-487a-8f74-ca3adf4aedcb
277457,,2025-07-03,2025-09-30,27000,64800,1800,,"1 Stunde LicuREE, Spartan, ReWind",,0,,382,FALSE,2025-09-30T08:56:11Z,1d584d22-c9c4-456b-a781-7b3aaa5b9399
277463,,2025-07-02,2025-09-30,27900,64800,1800,,2 Stunden LiCuREE,,0,,382,FALSE,2025-09-30T09:03:32Z,19f28a58-d441-4437-b9f7-92eaa23b460a
277415,,2025-07-02,2025-07-28,25200,65700,4500,,,,0,,11,FALSE,2025-07-28T07:45:11Z,a5c97a5d-3719-4fb7-b2ad-a0ce4ce8a618
277474,,2025-07-03,2025-07-21,29700,62100,4500,,,,0,,298,FALSE,2025-07-21T06:02:36Z,c87f60d9-b9ad-41d7-b915-90ee71b9898c
277443,,2025-07-02,2025-07-27,28800,68400,3600,,,,0,,364,FALSE,2025-07-27T17:26:02Z,7e35f96a-5f3d-4ab9-9fbc-a578c73bd7f7
277437,,2025-07-01,2025-07-31,32400,63000,1800,,,,0,,344,FALSE,2025-07-31T11:00:09Z,df76b189-7741-4d71-a196-ebfd6f6e7649
277504,,2025-07-03,2025-09-11,28800,66600,7200,,,,0,,230,FALSE,2025-09-11T10:50:58Z,8d2cf18d-0323-41ef-842a-3dd49382ec6d
277503,,2025-07-04,2025-09-11,25200,59400,3600,,,,0,,230,FALSE,2025-09-11T10:51:22Z,b93b570c-772a-48cd-96a2-c1ca5ce72391
277620,,2025-07-07,2025-09-26,30600,63000,3600,,,,0,,332,FALSE,2025-09-26T14:31:41Z,956d484a-6182-4b10-b9e6-52c9624289e9
277601,,2025-07-04,2025-07-07,30600,61200,3600,,,,0,,231,FALSE,2025-07-07T11:35:37Z,b4075c31-b053-400e-b6f1-998da538963a
277602,,2025-07-07,2025-07-07,27900,49500,0,,,,0,,110,FALSE,2025-07-07T11:49:01Z,43afeff8-17ee-43bf-a3df-c34ffaab83ba
277604,,2025-07-07,2025-07-07,30600,55800,1800,,,,0,,167,FALSE,2025-07-07T12:13:47Z,7081c373-cba1-449c-9672-950d20bd67cc
277587,,2025-07-07,2025-07-07,29700,60300,1800,,,,0,,349,FALSE,2025-07-07T06:50:42Z,23cff22f-cd9a-405d-8a71-351a0f6b02e2
277588,,2025-07-04,2025-07-07,29700,60300,1800,,,,0,,349,FALSE,2025-07-07T06:51:32Z,92c930f1-5737-4205-893f-d6b77147b2f4
277589,,2025-07-07,2025-07-07,31500,62100,1800,,,,0,,383,FALSE,2025-07-07T07:15:11Z,4896be88-a302-4f2f-b6a6-7375ba1efddb
277590,,2025-07-01,2025-07-07,28800,59400,1800,,,,0,,164,FALSE,2025-07-07T07:18:01Z,0024d5f8-5402-4b4d-8989-69ca1d9cde58
277591,,2025-07-02,2025-07-07,28800,59400,1800,,,,0,,164,FALSE,2025-07-07T07:18:10Z,ff6f4282-44fc-4f01-bb21-e3cf1d20c967
277592,,2025-07-03,2025-07-07,28800,59400,1800,,,,0,,164,FALSE,2025-07-07T07:18:20Z,9bd1d320-cf2a-4077-80a1-a7131a046743
277593,,2025-07-07,2025-07-07,28800,59400,1800,,,,0,,164,FALSE,2025-07-07T07:18:35Z,a5bc8034-ad69-4f75-af3d-142d5cf26164
277594,,2025-07-04,2025-07-07,27900,61200,4500,,,,0,,344,FALSE,2025-07-07T07:27:00Z,03e97269-ef03-4ea8-be34-3526c476d17a
277595,,2025-07-07,2025-07-07,31500,63000,4500,,,,0,,344,FALSE,2025-07-07T07:27:31Z,6e17986d-2bba-4a19-a004-aab135312a0d
277596,,2025-07-04,2025-07-07,32400,46800,0,,,,0,,37,FALSE,2025-07-07T07:54:26Z,c011aab4-1401-4ea0-992d-a61160491c03
277597,,2025-07-04,2025-07-07,28800,64800,3600,,,,0,,147,FALSE,2025-07-07T08:39:59Z,c3620e64-3f5f-48e1-b872-83e066d632b5
277598,,2025-07-07,2025-07-07,30600,43200,0,,,,0,,97,FALSE,2025-07-07T09:55:42Z,32620811-bf0f-4c4d-8ce4-4fa415c5ef89
277599,,2025-07-04,2025-07-07,32400,63000,1800,,,,0,,332,FALSE,2025-07-07T10:58:46Z,ede13c0a-fab3-4ec5-9ea5-50a0c591ef0f
277605,,2025-07-04,2025-07-07,29700,60300,1800,,,,0,,378,FALSE,2025-07-07T12:44:15Z,c0396a64-25c7-4c37-9427-f6eb99f644c3
277606,,2025-07-07,2025-07-07,29700,60300,1800,,,,0,,378,FALSE,2025-07-07T12:45:00Z,2d4c3204-2b1f-4e87-93d1-77dbb05d2230
277608,,2025-07-03,2025-07-07,30600,63000,3600,,,,0,,179,FALSE,2025-07-07T13:36:30Z,dc61f322-2c3b-450e-a2f5-8ab168ed2bf9
277609,,2025-07-04,2025-07-07,28800,57600,3600,,,,0,,179,FALSE,2025-07-07T13:36:59Z,996e3d06-1c1a-4cad-bb93-e59c3514116a
277611,,2025-07-07,2025-07-07,32400,57600,3600,,,,0,,278,FALSE,2025-07-07T14:03:24Z,765a935f-4bab-49ba-94c9-466ed4ef6368
277612,,2025-07-07,2025-07-07,27000,59400,3600,,,,0,,324,FALSE,2025-07-07T14:03:49Z,af419e75-951b-4f19-957b-3fdabf77507a
277613,,2025-07-04,2025-07-07,28800,59400,1800,,,,0,,300,FALSE,2025-07-07T14:03:50Z,802b8807-3ca1-4f35-a5b1-8611b778ab92
277614,,2025-07-07,2025-07-07,27000,57600,1800,,,,0,,300,FALSE,2025-07-07T14:04:06Z,d4664012-75a0-4a50-8f1f-04a1d6d35144
277615,,2025-06-27,2025-07-07,28800,59400,1800,,,,0,,300,FALSE,2025-07-07T14:04:55Z,65a436a1-d852-43e1-870c-e6467bce4cb7
277619,,2025-07-07,2025-07-07,28800,58500,2700,,,,0,,37,FALSE,2025-07-07T14:15:45Z,3be844d1-04a1-4c6f-990a-49f66351d591
277554,,2025-07-04,2025-09-30,27900,65700,1800,,"1,5 St LicuREE",,0,,382,FALSE,2025-09-30T09:03:55Z,eef68bb1-f8c8-4221-8658-44421a46af9e
277621,,2025-07-07,2025-07-07,29700,59400,2700,,,,0,,126,FALSE,2025-07-07T14:30:23Z,9365a9a6-f0fa-47ee-8e09-ff6be714d5b1
277618,,2025-07-07,2025-07-07,32400,59400,1800,,,,0,,30,FALSE,2025-07-07T14:30:29Z,c64e1b24-024a-49ad-a224-251f10286f53
277623,,2025-07-07,2025-07-07,30600,61200,1800,,,,0,,360,FALSE,2025-07-07T14:47:34Z,365aa573-d270-494b-bac1-8f8314a441fe
277607,,2025-07-07,2025-07-08,32400,62100,2700,,,,0,,289,FALSE,2025-07-08T08:17:22Z,fbf3a302-40d4-4ffa-a58a-4ef210d253fb
277600,,2025-07-07,2025-09-22,30600,64800,5400,,,,0,,345,FALSE,2025-09-22T11:15:35Z,a6c8cd02-b4d9-4ffe-95b8-23c8068857f3
277582,,2025-07-04,2025-07-10,32400,63000,1800,,mmm,,0,,54,FALSE,2025-07-10T10:23:08Z,86f29368-1f78-4416-b427-e211e4d66bbb
277603,,2025-07-04,2025-08-05,28800,64800,3600,,,,0,,307,FALSE,2025-08-05T13:02:58Z,4982a0b7-d20e-4254-bdd4-3f0b22cc458c
277617,,2025-07-04,2025-09-11,27000,52560,3600,,,,0,,331,FALSE,2025-09-11T08:48:36Z,59dcde33-ec7b-43e5-8bb3-14a21bed79a8
277616,,2025-07-03,2025-09-11,27000,61200,3600,,,,0,,331,FALSE,2025-09-11T08:47:10Z,1c943254-6308-40f7-943a-d5a01288eccc
277622,,2025-07-07,2025-09-11,28800,63000,3600,,,,0,,230,FALSE,2025-09-11T10:52:04Z,ace4cc2c-c620-4d81-88e1-b888e409b11c
277579,,2025-07-04,2025-10-20,34200,65700,2700,,,,0,,213,FALSE,2025-10-20T12:06:10Z,4e6935e3-6beb-45d1-80d9-f4bb3640e355
277584,,2025-07-07,2025-07-07,27000,61200,1800,,,,0,,18,FALSE,2025-07-07T14:51:12Z,c568abc3-7aab-4ef7-baab-8e07eb3e5769
277624,,2025-07-01,2025-07-07,29400,61800,3600,,,,0,,379,FALSE,2025-07-07T14:54:19Z,6a6bdc0f-ea24-458c-94cf-332f2e9b8392
277625,,2025-07-07,2025-07-07,28800,61200,2700,,,,0,,10,FALSE,2025-07-07T14:54:41Z,761211ba-ea02-43b1-be69-186c580b3208
277626,,2025-07-02,2025-07-07,28800,60300,2700,,,,0,,379,FALSE,2025-07-07T14:55:21Z,e602e245-c887-4273-a782-21b6613caddf
277627,,2025-07-03,2025-07-07,29400,61200,3000,,,,0,,379,FALSE,2025-07-07T14:55:55Z,60373022-0103-4c35-8bfd-5ec4c16ff36d
277628,,2025-07-04,2025-07-07,29400,61800,3600,,,,0,,379,FALSE,2025-07-07T14:56:23Z,e910f456-91df-4d43-be0f-dedeac5b1d24
277629,,2025-06-25,2025-07-07,27000,57600,1800,,,,0,,327,FALSE,2025-07-07T15:00:53Z,2862dc55-a8f4-4865-8fc6-8a91a1d469a7
277630,,2025-06-26,2025-07-07,27000,57600,1800,,,,0,,327,FALSE,2025-07-07T15:01:01Z,73626905-f07e-4329-a1bc-b09e311960df
277631,,2025-06-27,2025-07-07,27000,57600,1800,,,,0,,327,FALSE,2025-07-07T15:01:10Z,a7d8001b-9b66-43a6-bdd1-7302f66fa28e
277632,,2025-07-07,2025-07-07,27000,61200,3600,,,,0,,311,FALSE,2025-07-07T15:02:23Z,0b3573f8-261a-4c27-99d0-aaae0323d1c8
277634,,2025-06-30,2025-07-07,27000,57600,1800,,,,0,,327,FALSE,2025-07-07T15:05:12Z,1cc19f47-592f-446a-bacc-7739a450fa0f
277636,,2025-07-04,2025-07-07,27000,57600,1800,,,,0,,327,FALSE,2025-07-07T15:05:36Z,5a6858c7-9620-487e-9345-3e0aac87c719
277637,,2025-07-03,2025-07-07,27000,59400,3600,,,,0,,327,FALSE,2025-07-07T15:05:47Z,3820d03a-7543-4161-8f57-dae2a2f222fc
277638,,2025-07-02,2025-07-07,27000,57600,1800,,,,0,,327,FALSE,2025-07-07T15:06:01Z,92a14eb9-7628-4160-8634-1545e23329f2
277639,,2025-07-01,2025-07-07,28800,59400,1800,,,,0,,327,FALSE,2025-07-07T15:06:10Z,1d6f8b07-bd6f-4f64-a2b5-04ddb675a07e
277642,,2025-07-07,2025-07-07,34200,62100,2700,,,,0,,295,FALSE,2025-07-07T15:09:59Z,9ce79774-53f6-410e-b543-c7a45c92c6d3
277643,,2025-07-07,2025-07-07,30600,62400,3600,,,,0,,379,FALSE,2025-07-07T15:21:05Z,371db842-1307-4d36-969e-7bc7f90c7059
277644,,2025-07-07,2025-07-07,36000,64800,3600,,,,0,,185,FALSE,2025-07-07T15:52:08Z,470a4f07-c4a7-44ce-b506-799eb963df28
277645,,2025-07-07,2025-07-07,27900,64800,3600,,,,0,,381,FALSE,2025-07-07T15:58:55Z,bda63beb-1c70-42fd-aae5-60cb54c49816
277646,,2025-07-07,2025-07-07,30600,61200,3600,,,,0,,304,FALSE,2025-07-07T16:03:00Z,4530323f-a606-49de-bad0-54d9a1bb2261
277647,,2025-07-07,2025-07-07,31500,64800,2700,,,,0,,284,FALSE,2025-07-07T16:03:30Z,b84d1470-e413-45dd-987c-09e44d4158c8
277649,,2025-07-07,2025-07-07,28800,66600,2700,,,,0,,11,FALSE,2025-07-07T16:25:38Z,2d06cc88-edc9-4e7e-8e4e-04b0f1c02148
277650,,2025-07-07,2025-07-07,35100,66600,2700,,,,0,,54,FALSE,2025-07-07T16:33:14Z,5d11d2d6-4034-4af2-9356-8e352d39864a
277652,,2025-07-07,2025-07-07,30600,63900,2700,,,,0,,224,FALSE,2025-07-07T19:02:00Z,05ad50f7-9f9f-4609-9150-1fe6eaf6eb58
277653,,2025-07-03,2025-07-07,30600,59400,3600,,,,0,,224,FALSE,2025-07-07T19:03:20Z,6c4628b0-11a5-4602-a7c0-beb97db8c8bb
277654,,2025-07-02,2025-07-07,32400,64800,3600,,,,0,,224,FALSE,2025-07-07T19:03:41Z,05f0a1c0-3690-4a0e-b9eb-67277d2fc1c5
277655,,2025-07-04,2025-07-07,32400,61200,3600,,,,0,,224,FALSE,2025-07-07T19:04:09Z,41e18d99-fc4f-443d-a119-ee3d584061cd
277656,,2025-07-07,2025-07-07,32400,68400,3600,,,,0,,35,FALSE,2025-07-07T20:53:48Z,e65d5b05-6756-41eb-a338-36f5eea0baea
277657,,2025-07-07,2025-07-08,27000,63900,2700,,,,0,,376,FALSE,2025-07-08T05:34:35Z,760eee26-0c0d-4213-be5c-62b01d1cc087
277658,,2025-07-08,2025-07-08,28800,59400,1800,,,,0,,18,FALSE,2025-07-08T06:00:03Z,0f6992d5-e03e-44a8-b824-46eb1150a94a
277659,,2025-07-07,2025-07-08,27000,67500,4500,,Büro KA-Tag,,0,,12,FALSE,2025-07-08T06:20:28Z,d574a185-2f8d-484c-9da2-811d15bd3532
277660,,2025-07-04,2025-07-08,27000,61200,3600,,,,0,,343,FALSE,2025-07-08T06:42:16Z,f779eff4-9202-45d6-bf7a-cd6771adcd54
277661,,2025-07-07,2025-07-08,28800,61200,3600,,,,0,,343,FALSE,2025-07-08T06:42:53Z,7235db50-c39b-43d1-9028-6c4890397687
277663,,2025-07-07,2025-07-08,28800,61200,3600,,,,0,,147,FALSE,2025-07-08T06:55:28Z,ba2d1451-4dc7-4ad9-88e2-7e1634fd1b09
277666,,2025-07-08,2025-07-08,28800,61200,3600,,,,0,,32,FALSE,2025-07-08T08:29:43Z,9d2c8d35-09a3-454d-87df-0acd9db526f3
277670,,2025-07-08,2025-07-08,30600,41400,0,,,,0,,97,FALSE,2025-07-08T09:19:15Z,9ca3f451-3e0c-4c4b-b2fd-d2f87350a9f4
1000975001,,2025-06-16,2025-07-08,32400,63000,3600,,,,0,,166,,2025-07-08T10:04:36Z,a5bcef7c-1d7f-4996-a5ed-26fc21d08dda
1000975002,,2025-06-17,2025-07-08,30600,64800,3600,,,,0,,166,,2025-07-08T10:04:38Z,7f4b545c-49b4-4a3b-b0e3-cddc702ea21c
1000975003,,2025-06-18,2025-07-08,28800,66600,3600,,,,0,,166,,2025-07-08T10:04:42Z,b3a255f6-ad23-4c4d-b93e-3cc0214672ae
277672,,2025-06-23,2025-07-08,36000,64800,3600,,,,0,,166,FALSE,2025-07-08T10:04:47Z,b9087350-acbd-43e4-9d05-1486d4c58d42
1000975004,,2025-06-24,2025-07-08,32400,66600,3600,,,,0,,166,,2025-07-08T10:05:09Z,578b1cbd-a261-46dd-b14a-0729aff2d737
1000975005,,2025-06-25,2025-07-08,30600,64800,3600,,,,0,,166,,2025-07-08T10:05:14Z,a8b26c19-a6e0-4459-aeec-c40789030637
1000975006,,2025-06-26,2025-07-08,32400,63000,3600,,,,0,,166,,2025-07-08T10:05:18Z,3328041e-f0f5-4d10-847b-c4f9cce7fee2
1000975007,,2025-06-27,2025-07-08,32400,66600,3600,,,,0,,166,,2025-07-08T10:05:23Z,fd73b037-b8ec-4418-b301-614e9785e99e
1000975008,,2025-06-30,2025-07-08,30600,64800,3600,,,,0,,166,,2025-07-08T10:05:29Z,3a57aaec-4acb-43b7-b563-dcd472cb7106
1000975009,,2025-07-01,2025-07-08,28800,61200,3600,,,,0,,166,,2025-07-08T10:05:33Z,eaccc51e-b409-49ef-9e36-9f006308bbdf
1000975010,,2025-07-02,2025-07-08,32400,63000,3600,,,,0,,166,,2025-07-08T10:05:37Z,654f0e3a-912f-4b82-b334-88b7b02cadd3
1000975011,,2025-07-03,2025-07-08,28800,64800,3600,,,,0,,166,,2025-07-08T10:05:41Z,be7c0ecb-5911-459e-835f-b8a084318a44
1000975012,,2025-07-04,2025-07-08,30600,63000,3600,,,,0,,166,,2025-07-08T10:05:44Z,5553e10c-0a27-4c22-b48b-38f55a445fb3
277673,,2025-07-07,2025-07-08,29700,46800,0,,,,0,,15,FALSE,2025-07-08T10:24:45Z,b8b494c1-4f12-4a53-9fb2-4b7520ca2ea1
277674,,2025-07-08,2025-07-08,28800,44100,0,,,,0,,15,FALSE,2025-07-08T10:24:53Z,b1797289-83e6-46cb-87c6-900bd3f41970
277675,,2025-07-08,2025-07-08,30600,61200,1800,,,,0,,383,FALSE,2025-07-08T10:25:16Z,61afa66e-181d-4a84-bc13-34beeae17eaa
277676,,2025-07-08,2025-07-08,28800,46800,0,,,,0,,35,FALSE,2025-07-08T11:11:10Z,51f5784e-f8b8-46b3-8275-d130bc231247
277671,,2025-07-08,2025-07-08,32400,48600,,,,,0,,30,FALSE,2025-07-08T11:19:46Z,c5277dcc-216e-4eff-ae9d-69f0456bc7df
277677,,2025-05-02,2025-07-08,30600,63000,3600,,,,0,,53,FALSE,2025-07-08T11:35:00Z,0b25952e-1b9c-43a6-b149-ba22a26c0f59
277678,,2025-05-05,2025-07-08,30600,63000,3600,,,,0,,53,FALSE,2025-07-08T11:38:24Z,d40335e4-2906-4b53-9b70-2f87ae2f6b98
277679,,2025-05-06,2025-07-08,33300,63900,1800,,,,0,,53,FALSE,2025-07-08T11:40:29Z,392b9e8d-7429-49bd-9cf0-dbec4ce5b3ae
277680,,2025-07-08,2025-07-08,32400,50400,0,,,,0,,126,FALSE,2025-07-08T11:41:27Z,be46d933-e858-4425-b9b4-bd23491e48c6
277682,,2025-05-12,2025-07-08,29700,62100,3600,,,,0,,53,FALSE,2025-07-08T11:43:03Z,4151ff0a-bec3-491f-a534-2c214951312f
277683,,2025-05-13,2025-07-08,33300,63900,1800,,,,0,,53,FALSE,2025-07-08T11:43:47Z,65059db3-102c-4c64-af05-38bb22178154
277684,,2025-05-14,2025-07-08,32400,68400,7200,,,,0,,53,FALSE,2025-07-08T11:44:48Z,45c99cd3-0c61-47ef-aa72-497cc05f1d6a
277685,,2025-05-15,2025-07-08,28800,64800,7200,,,,0,,53,FALSE,2025-07-08T11:46:28Z,699a4e8c-6c76-4a84-a5d3-59bb68a19367
277686,,2025-05-16,2025-07-08,25200,61200,7200,,,,0,,53,FALSE,2025-07-08T11:46:50Z,83e5119a-efea-4ab6-b6cb-407c7711e8d2
277687,,2025-05-19,2025-07-08,30600,63000,3600,,,,0,,53,FALSE,2025-07-08T11:48:35Z,3e58345c-ec4c-4f6a-befc-1e8a42b1e2f3
277688,,2025-05-20,2025-07-08,30600,63000,3600,,,,0,,53,FALSE,2025-07-08T11:56:25Z,f8dea5fb-e457-447b-b6c7-e93c0e4243c0
277689,,2025-05-21,2025-07-08,30600,63000,3600,,,,0,,53,FALSE,2025-07-08T11:56:43Z,7233e686-360a-4840-8fa4-c1d75912c680
277690,,2025-05-22,2025-07-08,33300,63900,1800,,,,0,,53,FALSE,2025-07-08T11:57:22Z,8390d6c4-cc8f-4c69-a084-392ef7dfacc1
277691,,2025-05-23,2025-07-08,30600,63000,3600,,,,0,,53,FALSE,2025-07-08T11:59:50Z,3e1c66b7-7325-46ae-a4e3-895f97ffe2ca
277692,,2025-05-26,2025-07-08,32400,64800,3600,,,,0,,53,FALSE,2025-07-08T12:01:33Z,57ba023f-b419-4ff0-8ab1-d00f7491b9f9
277667,,2025-05-05,,,,0,,,,23040,6,37,,2025-07-08T13:17:53Z,fc083432-4af5-4a0b-84dc-49ade574d3ca
277668,,2025-05-06,,,,0,,,,23040,6,37,,2025-07-08T13:17:53Z,37b07575-5c19-4f28-9da7-07e068df7065
277669,,2025-05-07,,,,0,,,,23040,6,37,,2025-07-08T13:17:53Z,a83de856-fcb6-4144-90c0-955638c312d3
277640,,2025-07-02,2025-07-30,28800,55800,2700,,2:45 h from overtime,,0,,295,FALSE,2025-07-30T14:42:02Z,b47a017c-d294-4a2e-b01d-0d4f0ed63ac6
277662,,2025-07-08,2025-07-08,29700,60300,1800,,,,0,,228,FALSE,2025-07-08T14:36:12Z,34561d81-2813-48b7-a09f-5365756c8802
277665,,2025-07-08,2025-07-09,28800,70200,5400,,,,0,,289,FALSE,2025-07-09T16:22:24Z,80be2865-b0f7-48e5-9130-dc1738c3f058
277641,,2025-07-03,2025-07-30,28800,55800,2700,,2:30 h from overtime,,0,,295,FALSE,2025-07-30T14:42:29Z,fca83e0d-eacb-468b-b8eb-b76e262ed1de
277633,,2025-07-07,2025-08-05,29700,64800,3600,,,,0,,307,FALSE,2025-08-05T13:02:50Z,c6f14d61-b1b9-471a-a96a-5352086c40b6
277635,,2025-07-07,2025-09-08,27000,62100,2700,,,,0,,327,FALSE,2025-09-08T06:16:30Z,57d9e20c-d715-4830-993c-ae5d1364c200
277651,,2025-07-07,2025-10-20,30600,63900,4500,,,,0,,213,FALSE,2025-10-20T13:04:48Z,6e54b403-d554-4fe6-894a-939cc19b00b4
277648,,2025-07-07,2025-09-30,27000,70200,7200,,,,0,,382,FALSE,2025-09-30T08:50:58Z,b673e716-5677-4a0a-b8cd-955dc787dc3e
277693,,2025-05-27,2025-07-08,32400,63000,1800,,,,0,,53,FALSE,2025-07-08T12:02:51Z,74778d9e-8120-4e27-97ab-88e0243a071b
277694,,2025-05-28,2025-07-08,32400,63000,1800,,,,0,,53,FALSE,2025-07-08T12:03:26Z,05a393f7-10f1-4c35-89fe-114e8252926a
277681,,2025-05-07,2025-07-08,29700,60300,1800,,,,0,,53,FALSE,2025-07-08T12:04:02Z,2f43380c-61a1-4f3c-b9be-da680859ab28
277695,,2025-06-02,2025-07-08,30600,63000,3600,,,,0,,53,FALSE,2025-07-08T12:07:34Z,4d450a03-36fb-48f7-ac1e-5447d6409e77
277696,,2025-06-03,2025-07-08,32400,63000,1800,,,,0,,53,FALSE,2025-07-08T12:07:49Z,2d86ca9e-2479-4579-8b03-2dc14d5d061e
277697,,2025-06-04,2025-07-08,29700,62100,3600,,,,0,,53,FALSE,2025-07-08T12:09:14Z,6b9a64e1-f0b1-4e4e-a4c3-90f17ff453c4
277698,,2025-06-06,2025-07-08,32400,63000,1800,,,,0,,53,FALSE,2025-07-08T12:11:03Z,4941e0c9-6281-4375-94e6-9d0ed1e7d858
277699,,2025-06-10,2025-07-08,30600,63000,3600,,,,0,,53,FALSE,2025-07-08T12:14:06Z,cf169e94-8a03-47f6-9394-1ebfbab56354
277700,,2025-06-11,2025-07-08,28800,61200,3600,,,,0,,53,FALSE,2025-07-08T12:16:26Z,767c715f-699d-4e57-901a-f650bdf621b5
277701,,2025-06-12,2025-07-08,32400,63000,1800,,,,0,,53,FALSE,2025-07-08T12:17:39Z,95acbf6f-46ea-4d42-9a85-4ac1f68295d2
277702,,2025-06-13,2025-07-08,30600,63000,3600,,,,0,,53,FALSE,2025-07-08T12:18:50Z,542c4140-02d6-439f-b6e9-90bbe56d86c8
277703,,2025-06-16,2025-07-08,30600,63000,3600,,,,0,,53,FALSE,2025-07-08T12:21:03Z,1be27269-12c9-4d6d-827d-5c5002656040
277704,,2025-06-17,2025-07-08,32400,63000,1800,,,,0,,53,FALSE,2025-07-08T12:21:53Z,acb0f77e-fabb-46bb-8ab0-90f036e3ae4f
277705,,2025-06-18,2025-07-08,30600,63000,3600,,,,0,,53,FALSE,2025-07-08T12:22:58Z,5851c8a6-6c40-4071-bbd3-bba8ac68cada
277706,,2025-06-19,2025-07-08,30600,63000,3600,,,,0,,53,TRUE,2025-07-08T12:23:48Z,80cd2f6f-f92c-4f45-a242-daec093293d3
277707,,2025-06-20,2025-07-08,30600,61200,1800,,,,0,,53,FALSE,2025-07-08T12:25:09Z,310746ba-a7fa-4b5f-bff1-47e82a68bff3
277708,,2025-06-23,2025-07-08,28800,64800,1800,,,,0,,53,FALSE,2025-07-08T12:25:37Z,3abdefd5-0eac-4e5b-b374-13cd91332213
277709,,2025-06-24,2025-07-08,25200,64800,3600,,,,0,,53,FALSE,2025-07-08T12:26:21Z,48637f10-188b-4d13-adac-f30ab8f9407f
277710,,2025-06-25,2025-07-08,30600,63000,3600,,,,0,,53,FALSE,2025-07-08T12:26:45Z,a4c1fb18-e555-4003-b26d-ef893c1689af
277711,,2025-06-26,2025-07-08,33300,63900,1800,,,,0,,53,FALSE,2025-07-08T12:27:14Z,fa35e070-8046-42c4-aaa2-8df27100be37
277712,,2025-06-27,2025-07-08,30600,57600,3600,,,,0,,53,FALSE,2025-07-08T12:28:13Z,30503114-d83a-4c0e-a772-1efa5c831cd2
277713,,2025-06-30,2025-07-08,30600,63000,3600,,,,0,,53,FALSE,2025-07-08T12:29:14Z,0148396f-2c90-43ea-90fc-0c1a9ba66c00
277714,,2025-04-28,2025-07-08,28800,63000,3600,,,,0,,124,FALSE,2025-07-08T13:08:59Z,337c2c92-e3f7-4f97-a608-b9fcef59616c
277715,,2025-04-29,2025-07-08,34200,64800,3600,,,,0,,124,FALSE,2025-07-08T13:09:30Z,4c1e4f1b-f54c-4686-b2ac-58b0767eb6f2
277718,,2025-05-05,2025-07-08,28800,63000,3600,,,,0,,124,FALSE,2025-07-08T13:11:10Z,b9d43090-a722-48ff-bf15-1c414f6a9a7a
277716,,2025-04-30,2025-07-09,28800,59400,3600,,,,0,,124,FALSE,2025-07-09T05:15:55Z,6f200bf6-05d6-4f4c-b204-dc80950bf530
277720,,2025-05-08,2025-07-08,28800,64800,3600,,,,0,,124,FALSE,2025-07-08T13:12:30Z,b359f56c-9727-4833-926f-d60182f3bdef
277721,,2025-05-09,2025-07-08,28800,64800,3600,,,,0,,124,FALSE,2025-07-08T13:12:47Z,67298e19-fb65-46de-96f7-5f2028a2e28b
277722,,2025-05-12,2025-07-08,27000,63000,3600,,,,0,,124,FALSE,2025-07-08T13:13:06Z,8bf5fdef-3f8c-45c8-9c51-20f2a896c7ef
277723,,2025-05-13,2025-07-08,28800,64800,3600,,,,0,,124,FALSE,2025-07-08T13:13:30Z,d1fbc9da-ed99-47de-947f-479b80877c48
277724,,2025-05-14,2025-07-08,32400,64800,3600,,,,0,,124,FALSE,2025-07-08T13:13:41Z,f89bebf7-9a69-4bd8-b395-8171634f7603
277726,,2025-05-16,2025-07-08,28800,54000,3600,,,,0,,124,FALSE,2025-07-08T13:14:13Z,d5fc3569-0a83-43e0-b838-adbae439d87e
277728,,2025-06-02,2025-07-08,34200,68400,3600,,,,0,,124,FALSE,2025-07-08T13:15:04Z,253a6c74-0339-4535-899f-29a5df676237
277729,,2025-06-03,2025-07-08,30600,64800,3600,,,,0,,124,FALSE,2025-07-08T13:15:23Z,91e0844a-731c-476c-9c0b-849076bb60d0
277730,,2025-06-04,2025-07-08,28800,64800,3600,,,,0,,124,FALSE,2025-07-08T13:15:41Z,ba442bef-db30-4c1c-8011-900e2d07c21e
277731,,2025-06-05,2025-07-08,30600,66600,7200,,,,0,,124,FALSE,2025-07-08T13:16:27Z,b5acae03-3df5-4374-a7b6-0ac12e19d2f2
277732,,2025-06-06,2025-07-08,28800,64800,3600,,,,0,,124,FALSE,2025-07-08T13:16:46Z,8abbf58e-60ad-4ca1-af36-7c980200d63f
277733,,2025-06-10,2025-07-08,30600,64800,3600,,,,0,,124,FALSE,2025-07-08T13:17:16Z,e94c3251-5983-4d12-a1e9-952b476aaa64
277734,,2025-06-11,2025-07-08,32400,64800,3600,,,,0,,124,FALSE,2025-07-08T13:17:37Z,b893cbdb-d917-472f-9f4a-a9b8b6b8b5f9
277735,,2025-06-12,2025-07-08,28800,66600,3600,,,,0,,124,FALSE,2025-07-08T13:17:55Z,78ffca2a-c259-42c1-9240-07a22249ae7b
277736,,2025-06-13,2025-07-08,28800,64800,3600,,,,0,,124,FALSE,2025-07-08T13:18:16Z,536bbed7-fde8-4883-a365-279bc91197bb
277737,,2025-06-16,2025-07-08,28800,63000,3600,,,,0,,124,FALSE,2025-07-08T13:18:45Z,520c1615-c35c-4a63-8370-975c09ceb541
277738,,2025-06-17,2025-07-08,30600,64800,3600,,,,0,,124,FALSE,2025-07-08T13:19:00Z,054d2f93-eb24-42ce-ada6-0257a0dad474
277739,,2025-06-18,2025-07-08,28800,66600,7200,,,,0,,124,FALSE,2025-07-08T13:19:34Z,87df9424-d5c9-485b-a355-4071cd6ce9bb
277741,,2025-06-24,2025-07-08,32400,64800,3600,,,,0,,124,FALSE,2025-07-08T13:20:25Z,9b3d2918-ad11-47ab-8217-3ed9138a8d94
277742,,2025-06-25,2025-07-08,30600,64800,3600,,,,0,,124,FALSE,2025-07-08T13:20:51Z,60e969d5-35b5-4d2f-a7fe-1cc2bb22ddfc
277743,,2025-06-26,2025-07-08,32400,63000,3600,,,,0,,124,FALSE,2025-07-08T13:21:10Z,1c83a1db-35e3-4d1b-8edd-72615f978737
277744,,2025-06-27,2025-07-08,30600,68400,10800,,,,0,,124,FALSE,2025-07-08T13:21:31Z,af93cf19-1acc-4f57-b5f3-4e4b3ebc5ae2
277745,,2025-06-30,2025-07-08,28800,64800,3600,,,,0,,124,FALSE,2025-07-08T13:22:05Z,cce84763-e7aa-4068-9702-0d03ce17d312
277740,,2025-06-23,2025-07-08,28800,61200,3600,,,,0,,124,FALSE,2025-07-08T13:22:39Z,dcf297f1-5eda-4313-bb7c-3bf1e6c07ae9
277746,,2025-08-08,,,,0,,,,24480,1,295,,2025-07-08T13:25:07Z,dcc14f70-b40b-4de1-ba05-2411e6fb56fb
277747,,2025-07-08,2025-07-08,30600,54900,2700,,,,0,,278,FALSE,2025-07-08T13:26:02Z,d8378d03-b1f4-4f68-a882-a31a21bf4064
277748,,2025-08-15,,,,0,,,,24480,1,295,,2025-07-08T13:28:15Z,20095dd2-8009-4d4f-9293-32fbecc6de3d
277750,,2025-07-08,2025-07-08,29700,57600,2700,,,,0,,311,FALSE,2025-07-08T13:55:15Z,520821f9-764d-4ffa-9354-cc8bc2d9d567
277751,,2025-07-08,2025-07-08,33300,56700,1800,,,,0,,340,FALSE,2025-07-08T13:59:54Z,d9db0b75-4228-43db-8319-2b2cf75e217a
277752,,2025-07-07,2025-07-08,30600,54000,1800,,,,0,,340,FALSE,2025-07-08T14:01:17Z,56d50c0b-311a-4298-a0f6-110b64739d8c
271012,,2025-03-30,2025-07-08,39600,82800,21600,,RHYNE-UP Regional ecosystem description + financial plan,,0,,124,TRUE,2025-07-08T14:02:20Z,b2bed60c-ca24-4a48-9bea-dd3f166e37ec
277753,,2025-07-08,2025-07-08,27000,58500,2700,,,,0,,300,FALSE,2025-07-08T14:07:32Z,e5d0c2c5-95be-48de-a71e-d60108f43eeb
277755,,2025-07-08,2025-07-08,28200,58800,1800,,,,0,,345,FALSE,2025-07-08T14:20:52Z,9a9c57ca-e319-42da-a9af-6bc867bc7af9
277756,,2025-07-08,2025-07-08,28800,61200,3600,,,,0,,147,FALSE,2025-07-08T14:31:09Z,ce0a4407-1cdb-4c6e-8736-9741a62fc30c
277757,,2025-07-04,2025-07-08,31500,57600,1800,,,,0,,363,FALSE,2025-07-08T14:42:00Z,f728059d-f282-4f27-b2d1-c122bb74508b
277758,,2025-07-07,2025-07-08,30600,62100,1800,,,,0,,363,FALSE,2025-07-08T14:42:34Z,706cdbfc-8028-4fc1-b4ac-311fe8f47f6d
277760,,2025-07-08,2025-07-08,28800,61200,2700,,,,0,,338,FALSE,2025-07-08T14:47:34Z,f45c7a2a-22fc-47d6-a25a-4adb9c31b237
277759,,2025-07-07,2025-07-08,30600,64800,3600,,,,0,,338,FALSE,2025-07-08T14:47:47Z,6403ceae-24a8-487c-b7b6-b43d8a7bb3ca
277762,,2025-07-07,2025-07-08,30600,61200,3600,,,,0,,347,FALSE,2025-07-08T14:57:10Z,f6897742-1801-49eb-a836-d9ce8bc25a48
277764,,2025-07-08,2025-07-08,30600,61200,1800,,,,0,,349,FALSE,2025-07-08T14:57:23Z,a6270b44-12e9-4944-9751-7dddbd94424d
277761,,2025-07-08,2025-07-08,34200,73800,10800,,,,0,,230,FALSE,2025-07-08T18:40:26Z,bcf96677-018a-4b4f-a81b-79f6b629ba53
277766,,2025-07-08,2025-07-08,30600,61200,1800,,,,0,,381,FALSE,2025-07-08T14:59:20Z,5104985e-1566-42e0-abc8-0fd552ca0cc2
277664,,2025-07-08,2025-07-08,29700,61200,1800,,"I4N kosten, H4U RW folien, REEsilience Sept Meeting Planung",,0,,24,FALSE,2025-07-08T15:01:15Z,062aabe8-183a-4138-b3f4-26a9f65408b5
277768,,2025-07-08,2025-07-08,30600,62100,1800,,,,0,,360,FALSE,2025-07-08T15:12:41Z,e8e8cca6-d947-48da-b1f7-7769f20f1899
277717,,2025-05-06,2025-07-09,30600,59400,3600,,,,0,,124,FALSE,2025-07-09T05:02:14Z,fcf0d8b5-960d-4739-b79b-dc2489ef9846
277725,,2025-05-15,2025-07-09,28800,57600,3600,,,,0,,124,FALSE,2025-07-09T05:03:26Z,0a0db846-19b3-47e1-9a81-f93e787d7af1
277727,,2025-05-19,2025-07-09,34200,63000,3600,,,,0,,124,FALSE,2025-07-09T05:04:00Z,13a06ead-9fed-4b86-aa7d-53bfcbc1a7fd
277719,,2025-05-07,2025-07-09,32400,66600,3600,,,,0,,124,FALSE,2025-07-09T05:04:51Z,25d4735b-897d-4c89-9dfa-9c3de3fec08e
277767,,2025-07-08,2025-07-10,28800,63000,6300,,,,0,,12,FALSE,2025-07-10T17:00:17Z,78ec317d-a8e8-4e82-aa04-4fe8194db959
277754,,2025-07-08,2025-07-30,34200,61200,1800,,,,0,,331,FALSE,2025-07-30T10:23:15Z,9c9c036c-f8b5-4186-8e65-4218d6ead0d5
277769,,2025-07-08,2025-08-19,31500,65700,2700,,,,0,,325,FALSE,2025-08-19T08:25:56Z,846ee587-4c22-4b6a-8bbb-ebc3a4d17b87
277765,,2025-07-08,2025-09-30,27900,66600,3600,,,,0,,382,FALSE,2025-09-30T08:52:41Z,1df4cf98-7163-4b8e-85a9-150b6ef7fbdd
277749,,2025-07-08,2025-08-20,26400,53400,1800,,,,0,,110,FALSE,2025-08-20T13:19:04Z,6d33dbc8-7778-4f30-9c05-d7c14b5b5e20
277772,,2025-07-08,2025-07-08,31500,63000,1800,,,,0,,189,FALSE,2025-07-08T15:19:31Z,10c65589-6331-4c9c-9faa-9b22e2318601
277773,,2025-07-08,2025-07-08,30600,63000,1800,,,,0,,167,FALSE,2025-07-08T15:30:31Z,b121e01a-90bf-4eb1-97c0-821c0b30da9c
277763,,2025-07-08,2025-07-08,32400,63900,2700,,,,0,,347,FALSE,2025-07-08T15:42:22Z,23eec756-30ee-4c9b-9d34-466c675b47d3
277774,,2025-07-07,2025-07-08,31500,63900,2700,,,,0,,179,FALSE,2025-07-08T15:44:20Z,d7a2ce9f-1721-47ab-8f03-2820910e6851
277775,,2025-07-08,2025-07-08,30600,63900,3600,,,,0,,179,FALSE,2025-07-08T15:46:41Z,d607f990-2663-499c-8e9f-6c2f4dd79d9e
277776,,2025-07-08,2025-07-08,31500,64800,4500,,,,0,,37,FALSE,2025-07-08T16:04:46Z,a87242fc-075f-4c94-971b-de8d62875d15
277777,,2025-07-08,2025-07-08,27000,65700,7200,,,,0,,296,FALSE,2025-07-08T16:08:28Z,51490913-04ac-4b3d-8f38-9685397634df
277779,,2025-07-08,2025-07-08,29700,66600,2700,,,,0,,284,FALSE,2025-07-08T16:52:54Z,1fa0c900-a021-4872-a7c3-c59ca7b16066
277771,,2025-07-04,2025-08-19,34200,72000,3600,,,,0,,325,FALSE,2025-08-19T08:22:57Z,feadb482-344d-4609-ab93-8d376623d70f
277781,,2025-06-30,2025-07-09,28800,61200,3600,,,,0,,112,FALSE,2025-07-09T06:23:44Z,cc47f35a-4299-4eb0-9bdc-fa6b84b254b3
277782,,2025-07-09,2025-07-09,29700,44100,0,,,,0,,18,FALSE,2025-07-09T06:24:03Z,3307eb4e-e891-4edd-873d-b693d6453e26
277783,,2025-07-08,2025-07-09,27000,59400,1800,,,,0,,304,FALSE,2025-07-09T06:30:44Z,1df63156-e1c1-4532-b731-78db7eb5e4de
277784,,2025-07-08,2025-07-09,29700,63000,3600,,,,0,,307,FALSE,2025-07-09T06:42:28Z,67ea8d41-ff70-4cc0-b2bd-15bb150f2437
277785,,2025-07-08,2025-07-09,27900,65700,7200,,,,0,,344,FALSE,2025-07-09T06:47:17Z,cacb8bbf-fc26-498d-bb0b-5621d8cee051
277786,,2025-07-09,2025-07-09,30600,63900,1800,,,,0,,344,FALSE,2025-07-09T06:47:38Z,9d6ffe1f-0c1e-4d89-9003-8c7ae7c216c0
277787,,2025-07-08,2025-07-09,28800,59400,1800,,,,0,,378,FALSE,2025-07-09T06:53:08Z,9be8c8a3-e4ab-44a1-b968-b28281112e4d
277788,,2025-07-08,2025-07-09,27000,53100,1800,,,,0,,376,FALSE,2025-07-09T07:10:03Z,441198ad-a17b-46ab-a468-612c0b228bc2
277789,,2025-07-03,2025-07-09,32400,63000,1800,,,,0,,316,FALSE,2025-07-09T07:32:06Z,c79d9b90-1728-4910-94f7-883e214ea19c
277790,,2025-07-08,2025-07-09,30600,63000,3600,,,,0,,316,FALSE,2025-07-09T07:32:34Z,b2234f68-a02b-415f-97f5-86d0d870ab2b
277791,,2025-07-09,2025-07-09,32400,63000,1800,,,,0,,316,FALSE,2025-07-09T07:32:52Z,d514a4a3-da58-4981-8dbb-e2331458bab5
277792,,2025-07-03,2025-07-09,30600,54000,1800,,,,0,,134,FALSE,2025-07-09T07:39:35Z,7dde5733-9dbf-46fd-a6f5-bfa7291c1f10
277793,,2025-07-04,2025-07-09,28800,52200,1800,,,,0,,134,FALSE,2025-07-09T07:39:46Z,e68a197d-3988-41f1-a7af-6e0644a899c8
277794,,2025-07-07,2025-07-09,28800,52200,1800,,,,0,,134,FALSE,2025-07-09T07:39:59Z,bc89b0b5-822b-45bb-b05e-8286a464a09f
277795,,2025-07-08,2025-07-09,28800,52200,1800,,,,0,,134,FALSE,2025-07-09T07:40:15Z,5ba311b0-adcd-4560-a790-9e19e4681e6c
277796,,2025-07-09,2025-07-09,30600,54000,1800,,,,0,,134,FALSE,2025-07-09T07:40:28Z,a1bf0051-2be3-4d69-8cbb-8708b9529814
277797,,2025-07-09,2025-07-09,32400,59400,1800,,,,0,,30,FALSE,2025-07-09T08:33:38Z,9dc1953d-0357-4c67-8dfa-058c331f7532
277798,,2025-07-09,2025-07-09,32400,63000,1800,,,,0,,383,FALSE,2025-07-09T08:54:40Z,096a695e-2126-45b1-a9d7-7705ae864b41
277799,,2025-07-08,2025-07-09,30600,61200,2700,,,,0,,10,FALSE,2025-07-09T10:04:55Z,f608f7a3-bb25-4e7b-89ea-7472ac91e048
277800,,2025-07-09,2025-07-09,28800,44100,0,,,,0,,15,FALSE,2025-07-09T10:23:27Z,94417b57-7cfd-457e-bf24-b1e3220d2101
277801,,2025-07-09,2025-07-09,28800,45900,0,,,,0,,10,FALSE,2025-07-09T10:53:36Z,ee5d329b-b4e8-4a04-8bb4-e1c2d51561fe
277802,,2025-07-31,,,,0,,,,30600,1,220,,2025-07-09T11:08:06Z,59575fb0-1158-4546-a178-4f9ba34d1401
277805,,2025-07-31,,,,0,,,,23040,1,167,,2025-07-09T11:08:32Z,90532c39-86c1-4470-bd58-c23cea8be0dd
277806,,2025-08-01,,,,0,,,,23040,1,167,,2025-07-09T11:08:32Z,67c68509-7e48-4cde-9b5a-30b5bb126aad
277807,,2025-08-04,,,,0,,,,23040,1,167,,2025-07-09T11:08:32Z,677cf1cf-9b4d-4d6c-a96e-b24be32c8a2b
277808,,2025-08-05,,,,0,,,,23040,1,167,,2025-07-09T11:08:32Z,17e17cd2-b71f-4f53-a62d-28c70209f6ac
277809,,2025-08-06,,,,0,,,,23040,1,167,,2025-07-09T11:08:32Z,9909f017-b54b-48cf-a53f-8936900b80b8
277810,,2025-08-07,,,,0,,,,23040,1,167,,2025-07-09T11:08:32Z,bd5fda68-3985-4c96-baa4-276c292c7098
277811,,2025-08-08,,,,0,,,,23040,1,167,,2025-07-09T11:08:32Z,7bb5bb91-9a13-4f47-a04e-30c794d77bbf
277812,,2025-08-18,,,,0,,,,23040,1,167,,2025-07-09T11:08:41Z,49620a0a-adf2-444d-aae3-60503f66002d
277813,,2025-08-19,,,,0,,,,23040,1,167,,2025-07-09T11:08:41Z,3b800bcc-a1c5-4d45-8774-0a1efbb08c95
277814,,2025-08-20,,,,0,,,,23040,1,167,,2025-07-09T11:08:41Z,99da280f-976a-4d0e-89ae-2042a734bbb0
277815,,2025-08-21,,,,0,,,,23040,1,167,,2025-07-09T11:08:41Z,ea8d3ff8-26d0-4069-b6d7-9bff14aa2f41
277816,,2025-08-22,,,,0,,,,23040,1,167,,2025-07-09T11:08:41Z,ec47e695-e2c2-42fe-9900-f1b36886c48c
277818,,2025-09-30,,,,0,,,,23040,1,167,,2025-07-09T11:08:45Z,c81ae9ad-36f3-4877-9345-e3373e6ca582
277819,,2025-10-01,,,,0,,,,23040,1,167,,2025-07-09T11:08:45Z,aca1d0aa-afd9-4074-a1a8-7bb5f451e973
277820,,2025-10-02,,,,0,,,,23040,1,167,,2025-07-09T11:08:45Z,223cfa91-f411-43e1-97fb-c9d1d2a82a27
277821,,2025-08-04,,,,0,,,,28800,1,351,,2025-07-09T11:08:54Z,8934e4dd-08dc-44f3-8e17-82f08c68dc85
277822,,2025-08-05,,,,0,,,,28800,1,351,,2025-07-09T11:08:54Z,93a64456-276a-48d3-ab82-77325bb3191e
277823,,2025-08-07,,,,0,,,,28800,1,351,,2025-07-09T11:08:54Z,a79a4db3-6f21-49a9-8824-9f307a42fbfe
277824,,2025-08-08,,,,0,,,,28800,1,351,,2025-07-09T11:08:54Z,83011ff9-734a-406f-9364-c17078b5b96f
277825,,2025-09-08,,,,0,,,,28800,1,351,,2025-07-09T11:08:57Z,497145de-7856-4a93-ac5c-39baaa9ff3c7
277826,,2025-09-09,,,,0,,,,28800,1,351,,2025-07-09T11:08:57Z,e4b556e5-7e93-4f15-bc44-da50139202d3
277827,,2025-06-10,,,,0,,,,28800,1,345,,2025-07-09T11:09:27Z,a9638af0-2f73-43de-bc54-a13c33a0338c
277828,,2025-06-11,,,,0,,,,28800,1,345,,2025-07-09T11:09:27Z,83bde8ba-aee8-47c6-9a58-384b7f395d66
277830,,2025-06-04,,,,0,,,,14400,1,345,,2025-07-09T11:09:50Z,f7c74655-44fe-4069-9f88-d22b132fa443
277831,,2025-08-14,,,,0,,,,18000,1,90,,2025-07-09T11:10:33Z,b54065e8-ca3a-4a0d-974a-4ab3e062ced4
277832,,2025-08-18,,,,0,,,,18000,1,90,,2025-07-09T11:10:36Z,467613ec-6fd8-4d5b-8044-2c71629866fc
277836,,2025-07-03,,,,0,,,,14400,1,72,,2025-07-09T11:11:02Z,aced917e-d325-4bb9-bcda-1acb4ef96752
277837,,2025-07-14,,,,0,,,,28800,1,72,,2025-07-09T11:11:06Z,fd16a83e-0828-4c7f-80e9-a790f63b56ce
277838,,2025-07-15,,,,0,,,,28800,1,72,,2025-07-09T11:11:06Z,4bfc5712-e7c2-41f0-8198-d3950f7d2b4e
277839,,2025-07-16,,,,0,,,,28800,1,72,,2025-07-09T11:11:06Z,2af04226-b940-4c0e-9611-8a6d9fde627b
277840,,2025-07-17,,,,0,,,,28800,1,72,,2025-07-09T11:11:06Z,c330258e-6121-4275-a5a8-aabcd50a0c85
277841,,2025-07-28,,,,0,,,,28800,1,72,,2025-07-09T11:11:13Z,f232835b-03f5-47da-b4e1-0a6defabb734
277842,,2025-07-29,,,,0,,,,28800,1,72,,2025-07-09T11:11:13Z,ba5375cb-7b99-4c70-a849-96688c1c9677
277843,,2025-07-30,,,,0,,,,28800,1,72,,2025-07-09T11:11:13Z,c1088185-da89-41ae-9597-20d2bdf6cea9
277844,,2025-07-31,,,,0,,,,28800,1,72,,2025-07-09T11:11:13Z,eb29b519-7815-4ff0-9e5c-d9953150677e
277845,,2025-08-01,,,,0,,,,28800,1,72,,2025-07-09T11:11:13Z,f4ba0cce-9a43-4a00-bd3e-efde3e78f54f
277846,,2025-08-04,,,,0,,,,28800,1,72,,2025-07-09T11:11:13Z,d5be2b5c-eee8-4951-836d-9deb8ae7c654
277847,,2025-08-05,,,,0,,,,28800,1,72,,2025-07-09T11:11:13Z,2f32a3de-267d-465f-bd4b-d5fdc8285b3e
277848,,2025-08-06,,,,0,,,,28800,1,72,,2025-07-09T11:11:13Z,d402c6e8-09c2-4f7f-8790-2957ffe44d4f
277849,,2025-08-07,,,,0,,,,28800,1,72,,2025-07-09T11:11:13Z,f7f99863-fddb-4161-afec-1d933ff036aa
277850,,2025-08-08,,,,0,,,,28800,1,72,,2025-07-09T11:11:13Z,184810c9-d28a-4050-94ed-0a19d684d74c
277851,,2025-08-14,,,,0,,,,28800,1,206,,2025-07-09T11:11:23Z,f5058ff9-ac75-408d-ae53-0ba002a6877d
277852,,2025-08-15,,,,0,,,,28800,1,206,,2025-07-09T11:11:23Z,f192875b-29c4-4434-8468-834bca08cd4d
277853,,2025-08-18,,,,0,,,,28800,1,206,,2025-07-09T11:11:23Z,86c766f0-3ca4-4c35-80cb-5f644776db7e
277854,,2025-08-19,,,,0,,,,28800,1,206,,2025-07-09T11:11:23Z,3fe33ae7-22ef-4aaf-be13-0ef0110a6c18
277855,,2025-08-20,,,,0,,,,28800,1,206,,2025-07-09T11:11:23Z,1fac441f-071e-40e7-9008-2417d1f5f739
277856,,2025-08-21,,,,0,,,,28800,1,206,,2025-07-09T11:11:23Z,cdc27af9-62fb-4af0-91d2-177e2b1647b3
277857,,2025-08-22,,,,0,,,,28800,1,206,,2025-07-09T11:11:23Z,36c0e084-b3f9-4064-a634-2675ef14fdb8
277858,,2025-07-17,,,,0,,,,28800,1,53,,2025-07-09T11:11:31Z,52e73b39-27a3-4a69-bec1-901a9a1ea2bd
277778,,2025-07-07,2025-07-17,27000,64800,1800,,,,0,,296,FALSE,2025-07-17T12:37:48Z,94061a52-3026-4353-bfb5-61679d110987
277780,,2025-07-08,2025-07-28,28800,68400,3600,,,,0,,11,FALSE,2025-07-28T07:45:26Z,d3942dda-f331-46be-9b4c-f8bd7c9a748c
277770,,2025-07-07,2025-08-19,31500,64800,2700,,,,0,,325,FALSE,2025-08-19T08:25:03Z,151161b8-98b8-4634-80eb-44f5b25d6946
277833,,2025-08-19,,,,0,,,,,,90,,2025-09-10T10:35:43Z,03969fb7-4fbe-4940-a8d9-a6886c201a80
277834,,2025-06-17,2025-10-10,34200,48600,,,,,14400,1,72,TRUE,2025-10-10T14:42:54Z,bd41db89-7ea4-4f93-8894-04d07054a1a1
277835,,2025-06-18,2025-10-10,34200,48600,,,,,14400,1,72,TRUE,2025-10-10T14:43:10Z,04e1df58-d0f5-474f-9d63-5003a2de15c6
277803,,2025-10-09,,,,0,,,,,,220,,2025-10-13T07:45:06Z,4fcc4dec-5e06-4dca-bed6-b5ea838c6dad
277804,,2025-10-13,,,,0,,,,,,220,,2025-10-13T07:45:07Z,3cde0d15-a02a-4097-b0a6-c938615f8fb9
277817,,2025-09-29,2025-10-21,31500,60300,1800,,,,,,167,FALSE,2025-10-21T13:57:05Z,d9b1f8ec-8bbd-48bf-a868-0d407364eacf
277859,,2025-07-18,,,,0,,,,28800,1,53,,2025-07-09T11:11:31Z,66269d8e-77ac-4a55-ae97-7abea3af911a
277860,,2025-07-21,,,,0,,,,28800,1,53,,2025-07-09T11:11:31Z,38af7fe7-9674-4dba-a53e-d72dd3b5ef93
277861,,2025-07-22,,,,0,,,,28800,1,53,,2025-07-09T11:11:31Z,870aae2e-3ada-4fb3-9562-46f4a5efb6de
277862,,2025-07-23,,,,0,,,,28800,1,53,,2025-07-09T11:11:31Z,030a858c-c05f-4c14-b051-c4dddae41374
277863,,2025-07-24,,,,0,,,,28800,1,53,,2025-07-09T11:11:31Z,5a8f534b-3ac4-4c1b-bcdc-8cd37123c03a
277864,,2025-07-25,,,,0,,,,28800,1,53,,2025-07-09T11:11:31Z,e233fb2c-c706-490b-b067-38bc66ebe775
277865,,2025-08-15,,,,0,,,,28800,1,24,,2025-07-09T11:11:40Z,bcac1ac8-f3f8-4647-8579-1a117b0ecbba
277866,,2025-08-18,,,,0,,,,28800,1,24,,2025-07-09T11:11:40Z,6740c3c4-ae2c-481b-a47f-36f2a5dfc19d
277867,,2025-10-13,,,,0,,,,28800,1,24,,2025-07-09T11:11:45Z,2d88844e-ab86-4466-8346-5aaa8af204fb
277868,,2025-10-14,,,,0,,,,28800,1,24,,2025-07-09T11:11:45Z,eb44cd12-71d0-4343-90f2-b9f05a7f45d5
277869,,2025-10-15,,,,0,,,,28800,1,24,,2025-07-09T11:11:45Z,261e1145-7bab-463e-87a7-41f76251fa35
277870,,2025-10-16,,,,0,,,,28800,1,24,,2025-07-09T11:11:45Z,5786ac67-ee9c-4132-9ea2-9dc98b93d2b3
277871,,2025-10-17,,,,0,,,,28800,1,24,,2025-07-09T11:11:45Z,30054c3a-6629-49f1-be1a-83ad9bd49d07
277872,,2025-10-20,,,,0,,,,28800,1,24,,2025-07-09T11:11:45Z,a4fdc7d0-b690-4504-8e86-77efc3c38559
277873,,2025-10-21,,,,0,,,,28800,1,24,,2025-07-09T11:11:45Z,2f1e9708-eb13-4316-b9c5-64b40af5329d
277874,,2025-10-22,,,,0,,,,28800,1,24,,2025-07-09T11:11:45Z,44feae7c-418f-48ec-a3e3-2b89b9f00f96
277875,,2025-10-23,,,,0,,,,28800,1,24,,2025-07-09T11:11:45Z,250bf25e-f683-421d-8c78-89ddd0060bf8
277876,,2025-10-24,,,,0,,,,28800,1,24,,2025-07-09T11:11:45Z,89b6faa0-f5dd-4d76-b603-494107feaa31
277877,,2025-10-27,,,,0,,,,28800,1,24,,2025-07-09T11:11:45Z,0fb9dbc0-c92b-4408-b238-b5bba15fa63e
277878,,2025-12-24,,,,0,,,,14400,1,24,,2025-07-09T11:11:51Z,fae7575e-6208-442d-b1e6-b9b076a66005
277879,,2025-12-29,,,,0,,,,28800,1,24,,2025-07-09T11:11:51Z,84754ed4-b7e5-4541-ab08-59b631c1330d
277880,,2025-12-30,,,,0,,,,28800,1,24,,2025-07-09T11:11:51Z,a5888ea9-f7ad-4f90-9b2d-7dde11802449
277881,,2025-12-31,,,,0,,,,14400,1,24,,2025-07-09T11:11:51Z,facfabe1-8874-4a11-8d56-94dc6b7ad4e4
277882,,2025-07-22,,,,0,,,,28800,1,231,,2025-07-09T11:11:59Z,9f8f24c2-4314-4feb-b68a-cc44c711bbff
277883,,2025-08-11,,,,0,,,,28800,1,231,,2025-07-09T11:12:04Z,1e9eca29-d32f-4992-899a-fbe668848124
277884,,2025-08-12,,,,0,,,,28800,1,231,,2025-07-09T11:12:04Z,2b3aa7ac-5350-491d-8a61-3c4cbeeec0da
277885,,2025-08-13,,,,0,,,,28800,1,231,,2025-07-09T11:12:04Z,31c0e866-bdcc-4e3f-8d96-b8044ec8f3f4
277886,,2025-08-14,,,,0,,,,28800,1,231,,2025-07-09T11:12:04Z,c970061a-5854-40ea-9305-eaf53f7ac659
277887,,2025-08-15,,,,0,,,,28800,1,231,,2025-07-09T11:12:04Z,aafa203c-879b-4278-aad3-01a1ac76333b
277888,,2025-08-18,,,,0,,,,28800,1,231,,2025-07-09T11:12:04Z,1f43a746-751c-4ef3-a7d3-bb5053ec58ec
277889,,2025-08-19,,,,0,,,,28800,1,231,,2025-07-09T11:12:04Z,d2d74a0a-4099-4b00-9b58-ae8a54835eb4
277890,,2025-08-20,,,,0,,,,28800,1,231,,2025-07-09T11:12:04Z,e9f6d2c4-9d64-4057-ba6e-55011cafbee3
277891,,2025-08-21,,,,0,,,,28800,1,231,,2025-07-09T11:12:04Z,d98f876a-11c4-4969-93d0-6d74c716bc5c
277892,,2025-08-22,,,,0,,,,28800,1,231,,2025-07-09T11:12:04Z,9abd6acc-9b70-4c80-a8b7-f10ae94e4eac
277893,,2025-12-15,,,,0,,,,28800,1,231,,2025-07-09T11:12:08Z,8b08b2d5-cfad-4a82-b6b1-8aac48d46824
277894,,2025-12-16,,,,0,,,,28800,1,231,,2025-07-09T11:12:08Z,9c1bac0b-48d5-4f75-b105-c2ef659582f7
277895,,2025-12-17,,,,0,,,,28800,1,231,,2025-07-09T11:12:08Z,d50338c0-d17e-4a0c-80a3-61524ece6456
277896,,2025-12-18,,,,0,,,,28800,1,231,,2025-07-09T11:12:08Z,46aeaf6e-825f-4741-9af6-fa8015a17c43
277897,,2025-12-19,,,,0,,,,28800,1,231,,2025-07-09T11:12:08Z,f3d5f1e4-5084-4ca1-8bdf-a0a3064de574
277898,,2025-12-22,,,,0,,,,28800,1,231,,2025-07-09T11:12:08Z,2c9f86f5-5a4c-4d3b-8d5e-0bd364d8b0b5
277899,,2025-12-23,,,,0,,,,28800,1,231,,2025-07-09T11:12:08Z,571bc512-0f9c-4987-8f12-b52a3c7a2be6
277900,,2025-12-24,,,,0,,,,14400,1,231,,2025-07-09T11:12:08Z,e550217d-94c2-451d-acab-f6709886fccc
277901,,2025-12-29,,,,0,,,,28800,1,231,,2025-07-09T11:12:08Z,084f2e9f-adfa-4d87-8889-47a8b15b8749
277902,,2025-12-30,,,,0,,,,28800,1,231,,2025-07-09T11:12:08Z,ab4c8845-01eb-4a6c-9790-ac046ccad394
277903,,2025-12-31,,,,0,,,,14400,1,231,,2025-07-09T11:12:08Z,6e113abd-1bb3-4508-9bcb-e27aa3c16081
277904,,2025-07-28,,,,0,,,,28800,1,284,,2025-07-09T11:12:53Z,ed034f3c-7f30-48a5-a393-ac88b88fae8a
277905,,2025-07-29,,,,0,,,,28800,1,284,,2025-07-09T11:12:53Z,6f6a75ec-a91b-4ba7-b493-f60055b6c37c
277906,,2025-07-30,,,,0,,,,28800,1,284,,2025-07-09T11:12:53Z,576baacf-17ca-4a5d-b462-feb9ad94454e
277907,,2025-07-31,,,,0,,,,28800,1,284,,2025-07-09T11:12:53Z,bad82866-bf2b-4d1e-bc3a-cfb8d3e7f873
277908,,2025-08-01,,,,0,,,,28800,1,284,,2025-07-09T11:12:53Z,e3ed525b-dce7-41fe-92e7-2e2c8b8cdd3d
277909,,2025-11-10,,,,0,,,,28800,1,284,,2025-07-09T11:12:58Z,9f1670ef-50e1-44eb-ab63-7fd3e5ac6966
277910,,2025-11-11,,,,0,,,,28800,1,284,,2025-07-09T11:12:58Z,fbab64d0-27c1-4214-9d4d-945de810ba5e
277911,,2025-11-12,,,,0,,,,28800,1,284,,2025-07-09T11:12:58Z,360e13e7-0630-436c-a47b-da5d60616597
277912,,2025-11-13,,,,0,,,,28800,1,284,,2025-07-09T11:12:58Z,caa0e051-85fc-49c8-8f5a-36aeb56c602f
277913,,2025-11-14,,,,0,,,,28800,1,284,,2025-07-09T11:12:58Z,f9f4c56f-5f34-4b7f-a0e9-5bbdd376760b
277916,,2025-08-12,,,,0,,,,28800,1,376,,2025-07-09T11:13:10Z,e7232d29-c82c-47ba-bb57-afa48c66294d
277917,,2025-08-13,,,,0,,,,28800,1,376,,2025-07-09T11:13:10Z,307c72d2-96ac-4c1e-94f3-a293cbdac0a4
277918,,2025-08-14,,,,0,,,,28800,1,376,,2025-07-09T11:13:10Z,5430fba5-c095-4c05-a3a2-098f33f2b62d
277919,,2025-08-18,,,,0,,,,28800,1,376,,2025-07-09T11:13:15Z,75227cdb-f40d-45b4-a4d9-68c07e56627f
277920,,2025-12-23,,,,0,,,,28800,1,376,,2025-07-09T11:13:23Z,816ce413-d2db-40f6-bf5e-97de77fd17bc
277921,,2025-08-28,,,,0,,,,28800,1,325,,2025-07-09T11:13:43Z,d9970f63-814b-4840-bc01-50b39b949ab6
277922,,2025-08-29,,,,0,,,,28800,1,325,,2025-07-09T11:13:43Z,ad807dff-251a-41ef-9b7b-87c49fed7492
277923,,2025-07-14,,,,0,,,,0,12,185,,2025-07-09T11:14:14Z,4367adf5-1bb4-450f-a57a-615cf16427df
277924,,2025-07-18,,,,0,,,,0,12,185,,2025-07-09T11:14:26Z,9b531730-00c0-4b2d-a887-91cb4ff95b37
277926,,2025-08-01,,,,0,,,,0,12,179,,2025-07-09T11:20:02Z,a190b467-09c5-4728-b7c5-f3b34601f181
277927,,2025-05-08,,,,0,,,,0,12,53,,2025-07-09T11:20:46Z,55342997-84df-4d7c-b9b2-a510e95107bd
277928,,2025-05-30,,,,0,,,,0,12,53,,2025-07-09T11:20:54Z,ffee3e81-2436-4b8f-9310-f95971dca1cc
277929,,2025-07-04,,,,0,,,,0,12,346,,2025-07-09T11:21:24Z,3eceb4ca-b760-4141-9e03-53c2a9c75bc0
277930,,2025-07-04,,,,0,,,,0,12,24,,2025-07-09T11:22:15Z,7a7054b7-dffa-4fcf-8492-8d7809445e1e
277931,,2025-07-07,,,,0,,,,0,12,24,,2025-07-09T11:22:23Z,d2f05187-a7bd-4f77-927a-428460eeb627
277925,,2025-07-09,2025-07-09,31500,62100,2700,,"H4U RW meeting, REEsilience call HSPF/SEZ, VB H4U, Proposal",,0,,24,FALSE,2025-07-09T11:30:00Z,090a741f-c0e7-4989-90e6-46ff9cd46b12
277932,,2025-07-09,2025-07-09,29700,60300,3600,,,,0,,228,FALSE,2025-07-09T11:45:48Z,f7093236-d1a0-4fb8-9e6b-c20090749900
277933,,2025-07-08,2025-07-09,30600,55800,1800,,,,0,,185,FALSE,2025-07-09T12:24:19Z,3a3e0469-f828-49a9-81e8-5464b0c7526c
277934,,2025-07-01,2025-07-09,27000,57600,1800,,,,0,,369,FALSE,2025-07-09T12:26:45Z,add7b78e-1b93-4c10-85a7-a5e9a247e427
277935,,2025-07-02,2025-07-09,27000,61200,1800,,,,0,,369,FALSE,2025-07-09T12:26:55Z,b82eac7d-fa8c-4da5-a394-199698c4b03b
277936,,2025-07-03,2025-07-09,27000,61200,1800,,,,0,,369,FALSE,2025-07-09T12:27:07Z,323aae9e-6d2a-4458-9593-fc8b39b96b33
277937,,2025-07-04,2025-07-09,28800,52200,1800,,,,0,,369,FALSE,2025-07-09T12:27:22Z,958b5acb-dfcc-452e-9f0c-702727d353ab
277938,,2025-07-07,2025-07-09,28800,59400,1800,,,,0,,369,FALSE,2025-07-09T12:27:41Z,1c2a4d0f-c72c-449d-aa7f-d3c0a62ca6db
277939,,2025-07-08,2025-07-09,27000,64800,3600,,,,0,,369,FALSE,2025-07-09T12:27:54Z,4acb39a9-61fa-49b5-bbb4-d295ba5690c5
277940,,2025-07-09,2025-07-09,27000,57600,1800,,,,0,,369,FALSE,2025-07-09T12:28:08Z,4af71495-f8d3-4a58-af1c-cf285a2a0a9a
277942,,2025-06-27,2025-07-09,28800,59400,1800,,,,0,,346,FALSE,2025-07-09T13:17:11Z,00ea83b2-b39c-4cf0-8e09-f9257faeb942
277943,,2025-07-03,2025-07-09,28800,61200,3600,,,,0,,346,FALSE,2025-07-09T13:17:32Z,3c16f6df-f132-4afe-9493-9f83ba160c60
277944,,2025-07-07,2025-07-09,28800,59400,1800,,,,0,,346,FALSE,2025-07-09T13:17:57Z,5c9e4300-35a1-466a-9e0d-642c393b6cd6
277945,,2025-07-08,2025-07-09,28800,61200,3600,,,,0,,346,FALSE,2025-07-09T13:18:22Z,8e0b88fd-7414-48bc-b476-11f224befa75
277948,,2025-07-09,2025-07-09,32400,56700,2700,,,,0,,278,FALSE,2025-07-09T13:45:40Z,1acb036f-31aa-4ebd-923e-83215d3caa1a
277949,,2025-07-09,2025-07-09,27900,58500,1800,,,,0,,304,FALSE,2025-07-09T14:17:23Z,92c9b4fb-3e99-497c-bb47-3d2ae6b7194c
277950,,2025-07-09,2025-07-09,27000,59400,1800,,,,0,,311,FALSE,2025-07-09T14:18:38Z,0b91e9e5-bbc8-4b6b-8a81-cc14502af60a
277914,,2025-08-05,2025-08-06,27000,59400,1800,,,,,,376,FALSE,2025-08-06T05:38:13Z,c54754fc-417d-4fce-b707-c3430fee4604
277947,,2025-07-09,2025-08-20,26400,51600,1800,,,,0,,110,FALSE,2025-08-20T13:17:27Z,d6720e1b-03dc-4c8d-9fd7-de56711b118d
277915,,2025-08-06,2025-08-07,27900,58500,1800,,,,,,376,FALSE,2025-08-07T14:01:47Z,e3aeffde-5cb9-4169-a6bc-1ced4d27b43a
277946,,2025-07-09,2025-09-11,28800,61200,3600,,,,0,,230,FALSE,2025-09-11T10:52:42Z,a88ee181-ed13-445a-9036-2f3fe1a3d4e2
277951,,2025-07-08,2025-07-09,28800,60300,2700,,,,0,,324,FALSE,2025-07-09T14:37:30Z,bc75ff9b-65be-45e3-a968-74e9a6a3ad2b
277952,,2025-07-09,2025-07-09,28800,59400,2700,,,,0,,324,FALSE,2025-07-09T14:37:55Z,01fa0cbc-856c-4d01-b6a6-974c7d5532c0
277953,,2025-07-09,2025-07-09,29700,60300,4500,,,,0,,147,FALSE,2025-07-09T14:38:41Z,5c15ffe2-08cb-45e4-b955-71d4204a8ff8
277954,,2025-07-09,2025-07-09,32400,64800,3600,,,,0,,347,FALSE,2025-07-09T15:07:21Z,2228cf8f-ea22-42e0-9aad-a99043fc3a75
277955,,2025-07-09,2025-07-09,30600,63000,1800,,,,0,,97,FALSE,2025-07-09T15:21:36Z,3fc3ecb0-22ae-480e-af7f-375ef918a89a
