dpr_id,dpr_start,dpr_end,dpr_target_hours,dpr_title,dpr_blockbefore,dpr_number,dpr_funding_rate,dpr_virtual,dpr_dow,lpc_id,du_id,update_timestamp,dpr_uuid,main_dcc_number,extern_number
300,2017-01-01,2019-06-30,,DANTE Interreg,,720419,85,f,,10,63,2024-07-10 10:16:51+00,0755ae5c-e6d6-4957-9f8c-7bea6c4d099f,,
194,,,,KFZ Norbert Höptner,,720365,,t,,,,2024-07-10 10:16:51+00,ca0b10c9-cf86-4fc3-ba66-48f2e334bd76,,
441,2019-01-23,2019-04-23,,EU-KONFORM: H2VALLEY Antrag,,720558,100,f,,4,124,2024-07-10 10:16:51+00,d1cc2c04-27df-4399-a849-6a07521171ab,,
195,2013-11-01,2015-12-31,,Antragsberatung Wallenrodt,,720328,,f,,,,2024-07-10 10:16:51+00,23267035-5794-42da-9ebb-1e65e3fff5d0,,
91,2010-11-15,2014-12-31,,Concerto Premium,,259120,,f,,,12,2024-07-10 10:16:51+00,ce171e43-ec7a-4c1d-9167-0ba6a7c75651,,
306,2017-01-01,2017-12-31,,CI2B 2017 WM,,720425,100,f,,,27,2024-07-10 10:16:51+00,6210c714-f078-436e-ab9f-dc79fefbba23,,
309,2017-09-01,2020-08-31,,INVITE,,720428,100,f,,8,145,2024-07-10 10:16:51+00,d5e313ee-4e94-4547-af54-da20b10a9d5c,,
209,,,,Kfz Höptner,,65079,,t,,,,2024-07-10 10:16:51+00,03ac60fb-cb51-4b73-a2f4-e74d99a298e7,,
212,,,,Kfz Herrmann,,720333,,t,,,,2024-07-10 10:16:51+00,b6a0e61f-0bf3-43e0-a666-f270ec257a40,,
215,,,,Auslagenersatz (Kreativwirtschaft),,720367,,t,,,,2024-07-10 10:16:51+00,ed6ab94f-e2ee-4f0b-bb24-b41b529116d8,,
114,2011-10-01,2013-09-30,,TANOCOMP,,147426,75,f,,,,2024-07-10 10:16:51+00,f8a201e6-4139-4762-8af4-d2f576e71a31,,
111,2011-09-01,2015-09-30,,Interreg IV Oberrhein,,413300,,f,,,,2024-07-10 10:16:51+00,54a941f2-9dad-4193-9426-4f74fde1601e,,
224,2013-12-11,2013-12-11,,DanuClus Veranstaltung,,720326,,f,,,,2024-07-10 10:16:51+00,150ab0d5-d4b0-4e8e-851e-6963135ff9b0,,
225,,,,Wirtschaftsförderung Main-Tauber,,97941,,t,,,,2024-07-10 10:16:51+00,ca783407-b553-44c5-b57f-85cd91f56d91,,
229,,,,Veranstaltung 11.12.2009,,111209,,t,,,,2024-07-10 10:16:51+00,fc8fc8d3-1eb5-459c-9a06-ddbabfd70084,,
231,,,,SEZ-Jubiläum 2010,,140410,,t,,,,2024-07-10 10:16:51+00,0d1d8349-8550-440c-bc86-5c8aa6bd3816,,
232,,,,Gemeinnützige Kleinprojekte,,201202,,t,,,,2024-07-10 10:16:51+00,13590a06-eaef-42c4-832e-594fc9e5a1a5,,
235,,,,Sibe Zertifikatslehrgang,,720345,,t,,,,2024-07-10 10:16:51+00,de9acc7b-bfc6-497e-b86c-d3c2442fb541,,
236,,,,Projekt Papyrus,,466181,,t,,,,2024-07-10 10:16:51+00,1b219cd5-6f7c-43f2-9cf7-65595ff73319,,
268,2016-01-01,2016-06-30,,CI2B 2016 MFW,,720388,100,f,,,73,2024-07-10 10:16:51+00,2cebc291-19a0-43bf-9b7c-195564faf508,,
241,,,,Broschüre - DanuClus,,720324,,t,,,,2024-07-10 10:16:51+00,1a23a644-a1f1-48ec-ac89-05c32764219f,,
274,2016-01-01,2016-12-31,,Capnomed GmbH,,720392,100,f,,,88,2024-07-10 10:16:51+00,4d0ad542-b8b0-4893-8cd9-7cbcae54b35a,,
276,2016-02-01,2016-12-31,,Leichtbau BW - Antragstellung,,720394,100,f,,,11,2024-07-10 10:16:51+00,2ce181cf-1db9-49f8-9ca6-7ba81440cc53,,
286,2017-01-01,2018-12-31,,BW KAM 3,,720404,100,f,,8,37,2024-07-10 10:16:51+00,44fad3ab-ebca-434d-a6db-598812a0dcaf,,
299,2017-01-01,2018-12-31,,DTC Maribor,,720418,100,f,,11,83,2024-07-10 10:16:51+00,b1c2927b-dddc-4c7d-8f09-9e491edc11ea,,
390,2019-01-01,2020-12-31,,WM KMU Unterstützung 2019-2020,,720507,100,f,,14,73,2024-07-10 10:16:51+00,32a9ffaf-5d99-4cf7-aeaa-9120e0084c57,,
107,2011-09-01,2014-02-28,,alps4eu,,173111,76,f,,,,2024-07-10 10:16:51+00,20dd9341-d4b7-4b40-af02-d168b2e9eebf,,
242,2011-07-01,2013-06-30,,MobilViz,,666666,,f,,,,2024-07-10 10:16:51+00,45c5bfcc-fc1c-432e-a815-c48d38010edd,,
243,2013-01-01,2013-03-01,,Dalim Antragsberatung,,720325,,f,,,,2024-07-10 10:16:51+00,b6b596e0-d219-4d76-91fc-682ac3e14c86,,
244,,,,Unbekannt,,183912,,t,,,,2024-07-10 10:16:51+00,0f8b12d2-83b8-43bb-b9c6-2d02eb19f709,,
248,,,,Unbekannt,,577215,,t,,,,2024-07-10 10:16:51+00,00cd2273-39be-432f-bea9-f4ec7489600d,,
252,,,,Unbekannt,,150410,,t,,,,2024-07-10 10:16:51+00,b7e04f8b-f46f-4fef-8f0a-9aa563a36300,,
200,2015-01-01,2016-12-31,,BW KAM 2,,720371,100,f,,,37,2024-07-10 10:16:51+00,c6ec94ef-7011-45bc-a8d5-40edff61c1b2,,
289,2016-01-01,2016-12-31,,MWK AK-EU,,720407,100,f,,,97,2024-07-10 10:16:51+00,c850be17-2830-4ac7-9117-22e51e2742d6,,
279,2016-01-01,2016-12-31,,Antragstellung NMI,,720397,100,f,,,23,2024-07-10 10:16:51+00,a0583cab-64b5-4ab0-a27d-3690a2d116e3,,
262,2016-03-01,2018-08-31,,AGRIFORVALOR,,720383,100,f,,8,41,2024-07-10 10:16:51+00,a58c50cf-efc8-4d1e-8cff-0c6bb269d9f5,,
282,2016-07-01,2019-06-30,,NUCLEI Interreg,,720400,80,f,,10,160,2024-07-10 10:16:51+00,0a4ba70d-b4dc-4637-b913-32b86ad4a1b1,,
285,2016-10-01,2019-03-31,,NEWBITS,,720403,100,f,,8,117,2024-07-10 10:16:51+00,7434e888-c5ce-4708-92b3-c681dbf69f6a,,
399,2018-10-15,2018-11-30,,TRAINING: Antragstellung & PM Donauländer,,720516,100,f,,6,12,2024-07-10 10:16:51+00,61eb2045-90ab-43c2-802f-63a07e9cd1e8,,
193,2015-01-01,2015-12-31,,Parlamentarischer Abend 11.03.2015,,720360,,f,,,11,2024-07-10 10:16:51+00,9905eed8-88d9-4617-a78f-677717bb28f8,,
275,2016-01-01,2018-12-31,,Expertentätigkeit,,720393,100,f,,17,,2024-07-10 10:16:51+00,31806de5-36dd-4463-bb81-2e22888e1def,,
258,2016-01-01,2018-02-28,,RespiceSME,,720379,100,f,,8,33,2024-07-10 10:16:51+00,b4bb6202-e934-4d12-8f31-93eae52cc9cf,,
341,2019-01-01,2019-12-31,,BW KAM 4,,720459,100,f,,8,37,2024-07-10 10:16:51+00,405f6e91-c23c-4139-bb2e-c55ba791edfe,,
218,2014-01-01,2015-12-31,,Ebersbächer Catem,,720349,,f,,,,2024-07-10 10:16:51+00,fe4978a6-7e5e-446c-b9bb-b05eb3141e8b,,
305,2017-06-01,2018-11-30,,BW-SCALE-UP,,720424,90,f,,8,52,2024-07-10 10:16:51+00,5c32016e-3211-4be6-b25a-e7c5e15bd57a,,
273,2016-01-01,2016-12-31,,HSM GmbH,,720391,100,f,,,,2024-07-10 10:16:51+00,ae8581c2-46ea-4a09-902c-2c6ff7aa6fce,,
281,2015-05-30,2016-11-30,,PRObiTECH,,720399,,f,,,,2024-07-10 10:16:51+00,7efe8fca-f4fe-4525-a3c5-0d8ccea574c7,,
239,2015-09-01,2019-02-28,,OptEEmAL,,720375,100,f,,8,154,2024-07-10 10:16:51+00,0274d1aa-5d50-4c0d-bbfc-2b99ec462f6a,,
280,2016-01-01,2019-06-30,,Made in Danube Interreg,,720398,85,f,,10,83,2024-07-10 10:16:51+00,dcb98f6c-0f8b-4990-a538-3a02812d8eae,,
263,2016-01-01,2018-03-31,,MFW Vanguard,,720384,100,f,,14,18,2024-07-10 10:16:51+00,4a9e4eab-7829-4201-aeab-2a93985d10f8,,
272,2016-02-01,2016-12-31,,EUSALP MFW,,720390,100,f,,,,2024-07-10 10:16:51+00,c7e2cdfe-f2ec-4975-9a39-8f3cb91d1c0b,,
240,2015-07-21,2015-12-31,,MFW Website Relaunch,,720376,100,f,,,11,2024-07-10 10:16:51+00,bf1bbd4a-3f54-4763-8990-c98968418bc3,,
146,2013-09-01,2016-08-31,,Reborn,,720301,100,f,,,40,2024-07-10 10:16:51+00,26130668-27cd-4603-b917-b91fb2d7118d,,
296,2016-11-01,2018-12-31,,Platforms4CPS,,720415,100,f,,8,72,2024-07-10 10:16:51+00,fbbdd36c-3cae-4d6b-867f-aba2d3820ec6,,
237,2015-07-01,2015-12-31,,Navigationskonferenz 2015,,720373,100,f,,,11,2024-07-10 10:16:51+00,41cc10cc-a027-4d30-b1fe-b300067409f3,,
171,2014-01-01,2015-12-31,,MWK     Zusatz,,120400,100,f,,,11,2024-07-10 10:16:51+00,7a8de0ce-8a63-48de-ad34-333d37c7d91a,,
257,2015-11-01,2017-04-30,,MFW Open Innovation,,720378,100,f,,,37,2024-07-10 10:16:51+00,fe84ef94-0b38-4057-9b16-7b2c2f74582d,,
302,2016-12-01,2017-02-28,,KMU Auftaktveranstaltung 2017,,720421,100,f,,,97,2024-07-10 10:16:51+00,0bacb9d7-aa97-4d30-b4fe-7d087dc18b48,,
256,2015-09-01,2016-04-30,,InnoWest,,720377,100,f,,,11,2024-07-10 10:16:51+00,02b85782-d1b5-45f0-95ac-111e94831690,,
310,2017-04-01,2018-02-28,,InnoMedia,,720429,100,f,,8,132,2024-07-10 10:16:51+00,dea13fc7-0619-4df6-a131-f64520fe6692,,
398,2018-09-01,2018-12-31,,E4Y/CI2B,,720515,0,f,,5,27,2024-07-10 10:16:51+00,52cbcb34-3f97-4234-beb6-8a3ee178f47f,,
125,2012-10-01,2015-09-30,,Dragon-STAR,,309794,100,f,,,68,2024-07-10 10:16:51+00,57f31d53-5c41-4d3b-ae9b-7195573d1435,,
303,2016-10-27,2019-10-26,,Kfz Loeffler S EU 800,,720422,,t,,,,2024-07-10 10:16:51+00,bf858e26-d4db-4dbb-b738-4b9483022bc7,,
219,2010-01-01,2010-12-31,,Kfz Loeffler 2010,,20079,,t,,,,2024-07-10 10:16:51+00,aed0b02b-14a0-4c34-8116-3dc2d9c11043,,
220,2010-01-01,2014-12-31,,Kfz Loeffler S EU 7000 Touran,,30079,,t,,,,2024-07-10 10:16:51+00,4ae11cda-77c1-44d2-8d4a-e559ecb8ea8c,,
293,2016-11-01,2016-11-01,,Edu4Society,,720412,100,f,,,,2024-07-10 10:16:51+00,23031de4-c3cc-4546-8e09-cd697bf1925e,,
307,2017-02-22,2020-02-21,,KFZ Höptner S-EU 20 (E),,720426,,t,,,,2024-07-10 10:16:51+00,fe775439-e42f-4806-9016-568d670a20b7,,
315,2017-04-01,2020-03-31,,Kfz Knöbel-French,,720434,,t,,,,2024-07-10 10:16:51+00,8e3b7dc0-54a9-43b2-8e0b-24941b88c974,,
316,,,,KFZ French ab Mai 2017,,720435,,t,,,,2024-07-10 10:16:51+00,9a8b02f0-5db6-4d05-b248-2b43f6245c2d,,
319,2018-01-01,2022-08-31,,PANBioRA,,720438,100,f,,8,166,2024-07-10 10:16:51+00,44aa163d-175c-412c-bee9-b061bd6403ee,,
337,2018-01-01,2018-06-30,,Beratungsauftrag: HR Harman,,720455,100,f,,17,83,2024-07-10 10:16:51+00,bea196af-a54e-4383-bc94-b2ac730cb222,,
199,2015-01-01,2015-05-31,,Venture Capital Day / MFW,,720370,,f,,,,2024-07-10 10:16:51+00,ca620ecf-2f8d-4114-8f1e-11fbaaf1beec,,
308,2017-01-01,2017-06-30,,WM Open Innovation Kongress 2017,,720427,100,f,,,32,2024-07-10 10:16:51+00,c08859b9-2ffc-4e16-9cbc-b2d527be92eb,,
471,2019-12-01,2022-11-30,,ConnectedFactories2,,720588,100,f,,8,72,2024-07-10 10:16:51+00,1dba80b3-049b-43b0-9432-6c12557faacc,,
206,2010-01-01,2100-12-31,,Fortbildung S2i,,26133,,t,,21,4,2024-08-27 12:07:04+00,ed91f574-201c-45f5-acb8-560f009eb430,,
761,2024-10-01,2028-09-30,,pHYBi,,720878,100,f,,24,280,2025-10-15 07:04:13+00,03b4ed0b-b700-4627-8680-c810fa741e27,2017,
297,2017-01-01,2021-12-31,,INN-BALANCE,,720416,96,f,,8,124,2024-07-10 10:16:51+00,47961fe9-80ea-4a76-a1f2-ac556fe7aa11,,
317,2017-10-01,2021-06-30,,eTEACHER H2020,,720436,100,f,,8,54,2024-07-10 10:16:51+00,6e44ba1e-980f-4e03-8981-cd916e7583b2,,
261,2016-01-01,2019-02-28,,MinWaterCSP,,720382,100,f,,8,24,2024-07-10 10:16:51+00,01e16243-0062-4a83-a1de-60c737c69fc8,,
348,2018-05-01,2019-03-31,,InnTense H2020 INNOSUP (o. Vst),,720466,100,f,,8,83,2024-07-10 10:16:51+00,64fc5756-8251-4800-a528-a71798a32a53,,
360,2018-06-01,2022-11-30,,MedTech4Europe Interreg,,720478,85,f,,10,53,2024-07-10 10:16:51+00,89d29cab-4edd-4bca-a579-665037a36ce0,,
438,2019-03-01,2019-04-30,,EU-KONFORM: KVVH 2019,,720555,100,f,,4,27,2024-07-10 10:16:51+00,244a554d-7321-4268-9c6f-203dd2346bdd,,
295,2017-01-01,2021-02-28,,COSMHYC,,720414,96,f,,8,124,2024-07-10 10:16:51+00,1d815167-5360-435e-9d22-1d8215bcb92e,,
387,2019-03-01,2022-12-31,,IDIH,,720504,94,f,,8,117,2024-07-10 10:16:51+00,5f8a610e-b2b9-4210-ba12-3d617b220344,,
290,2016-12-01,2022-09-30,,MySmartLife,,720409,100,f,,8,114,2024-07-10 10:16:51+00,d58a203d-86cf-417b-84ce-7085cfe3690b,,
368,2018-10-01,2022-12-31,,FIT4FoF,,720486,100,f,,8,35,2024-07-10 10:16:51+00,34e1bdaa-eea2-451f-85dc-140b90abd2e3,,
472,2020-01-01,2023-03-31,,DigiFed (mit MwSt),,720589,100,f,,8,72,2024-07-10 10:16:51+00,997b68c3-9158-47d8-bbff-1876723ee41f,,
414,2019-01-01,2019-12-31,,SEZ Sonstiges,,720531,,f,,21,22,2024-07-10 10:16:51+00,7837dc8e-7b3f-43b5-8937-358fb1211722,,
313,2017-03-28,2020-03-27,,KFZ Herrmann ab März 2017,,720432,,t,,26,,2024-07-10 10:16:51+00,648d77b0-1087-4df9-be44-5e536c70a529,,
301,2017-01-01,2020-12-31,,ERICENA,,720420,100,f,,8,157,2024-07-10 10:16:51+00,0b06b89e-6a2b-4038-ac94-c9369b99e245,,
352,2018-01-01,2019-12-31,,Projekt Geschäftsbesorgung EUB von S2i 2018-2019,,720470,100,f,,,,2024-07-10 10:16:51+00,b6005fbd-b2f7-4d30-859d-fe963dd40377,,
388,2019-01-01,2021-06-30,,FCHgo!,,720505,96,f,,8,124,2024-07-10 10:16:51+00,f8c8d9ec-2823-4aea-a4f9-13ecc29dac18,,
383,2019-01-01,2022-06-30,,SENET,,720500,100,f,,8,117,2024-07-10 10:16:51+00,6952db4f-51aa-40c2-8fb5-c847433cfdc4,,
304,2017-01-01,2018-12-31,,WM KMU Unterstützung 2017-2018,,720423,100,f,,14,73,2024-07-10 10:16:51+00,2ec90aa2-1c54-4a86-82b1-044a931353a4,,
207,,,,Kfz Löffler,,40079,,t,,,,2024-07-10 10:16:51+00,8396b854-5ee4-41e8-8dd8-6779e47eeaf3,,
213,,,,Kfz Gohla,,720334,,t,,,,2024-07-10 10:16:51+00,b49e7280-3a13-48e9-a1ca-1fd7255724a2,,
216,,,,Auslagenersatz MfW,,720366,,t,,,,2024-07-10 10:16:51+00,a79584d9-0d8e-4fcb-bcc6-b0e660922afb,,
226,,,,Company Visit,,72030,,t,,,,2024-07-10 10:16:51+00,3b09fe14-48ee-4419-815e-d3d1ac33ac21,,
230,,,,Veranstaltung 13.02.2012,,130212,,t,,,,2024-07-10 10:16:51+00,8a3986a5-5660-4595-8431-6e0e7d70dfcc,,
233,,,,Kleinprojekte Schlicke,,174018,,t,,,,2024-07-10 10:16:51+00,7433a3a4-dd46-4f40-8d24-ccf3686a3b5b,,
245,,,,Unbekannt,,193039,,t,,,,2024-07-10 10:16:51+00,a57a6296-447c-4da1-8289-ec0e44d25faa,,
577,2021-03-01,2021-12-31,,EU-KONFORM: Phytosolutions,,720694,100,f,,4,145,2024-07-10 10:16:51+00,1d3c6bc0-5d70-4375-b1d5-446070b07fe3,,
249,,,,Unbekannt,,246073,,t,,,,2024-07-10 10:16:51+00,eb9d2567-6e24-4933-8275-a5139588fa9e,,
253,,,,Unbekannt,,265367,,t,,,,2024-07-10 10:16:51+00,b461e323-a63a-43f3-9fbf-2f8c2041efa2,,
221,2008-01-01,2014-12-31,,Kfz Püchner,,50079,,t,,,,2024-07-10 10:16:51+00,0e230273-7c2a-4780-89a7-56494e4db759,,
67,2008-10-01,2015-09-30,,ebtc,,160241,75,f,,,,2024-07-10 10:16:51+00,77452773-ad59-4b77-8204-5a23b63415ca,,
298,2016-12-01,2019-07-31,,Phablabs4.0,,720417,100,f,,8,124,2024-07-10 10:16:51+00,5c9152bc-1499-4c63-b105-8fd3de5a7564,,
203,2017-01-01,2050-12-31,,Interne Verrechnungen,,10,,t,,,,2024-07-10 10:16:51+00,8e51d874-18b0-4736-ab6a-692e1a4e0428,,
334,2017-10-01,2018-01-31,,DEFYMED,,720452,100,f,,4,27,2024-07-10 10:16:51+00,e83939f7-1b51-43bb-a268-23adf2f1dbb1,,
365,2018-07-01,2021-05-16,,SmartAltitude Interreg,,720483,85,f,,10,124,2024-07-10 10:16:51+00,c0a7584d-ce1a-41d9-b7f1-ef89e0542795,,
322,2017-01-01,2025-12-31,,SIG Personal in Gemeinkosten,,2224,100,f,,21,,2024-07-10 10:16:51+00,b1f88b8a-aab7-4716-b016-e78d40521f74,,
338,2018-01-01,2019-12-31,,EUB IF 2018-2019,,720456,100,f,,19,167,2024-07-10 10:16:51+00,99bb5b74-8185-4c82-8271-6e635ab3dad1,,
402,2018-11-01,2019-01-31,,EU-KONFORM: Harms & Wende KMU Ph 2,,720519,100,f,,4,159,2024-07-10 10:16:51+00,d7138c11-7a90-4e89-8e42-ebc37bc35ef1,,
394,,,,Erlöse KFZ-Nutzung,,720511,,t,,,,2024-07-10 10:16:51+00,b373b5ed-a5fe-45a0-b4cf-9d13d7d53443,,
323,2018-02-01,2020-01-31,,ROSEWOOD,,720441,100,f,,8,53,2024-07-10 10:16:51+00,65a3c1a1-e322-4d5f-84f6-eb4d1c6ddf5c,,
266,2016-06-01,2019-05-31,,VicInAqua,,720386,100,f,,8,54,2024-07-10 10:16:51+00,bfbd2e1f-0f05-43ff-8231-aeea755554ae,,
210,2011-01-01,2017-12-31,,Kleinerlöse WB,,201201,100,f,,,,2024-07-10 10:16:51+00,d61eb1a1-e873-4eb9-8d86-7f0bf3cf4106,,
361,2018-07-01,2018-07-01,,OPE.R.A (Projekt nicht angenommen),,720479,,f,,,12,2024-07-10 10:16:51+00,ef4e18e5-9539-43b2-bd9c-f1be7dea9f64,,
71,2008-06-01,2010-05-31,,Innosound,,222104,,f,,,,2024-07-10 10:16:51+00,81c24fee-eaf9-4e42-9baf-72b75175ffa2,,
47,2007-01-01,2007-12-31,,IRC STEZ Cofi 2007,,,,f,,,,2024-07-10 10:16:51+00,75efccc4-36b1-4cb7-a088-237935a5599d,,
201,2014-11-01,2015-10-31,,MFW-CMT,,720372,,f,,,11,2024-07-10 10:16:51+00,8a377785-003e-4e40-a31a-abd0d62a8415,,
5,2004-01-01,2004-12-31,,WP1,,,,f,,,,2024-07-10 10:16:51+00,f7636b25-815c-4639-9726-500f5137abfe,,
6,2005-01-01,2005-12-31,,WP2,,,,f,,,,2024-07-10 10:16:51+00,2f6f4542-930f-48de-8149-e8f6c3d89ce4,,
60,2008-01-01,2008-01-31,,Wenett,,,,f,,,,2024-07-10 10:16:51+00,91b13e85-ea86-4eda-b5dc-1d2bee28251d,,
75,2009-11-01,2011-10-31,,MaPEeR SME,,245419,,f,,,,2024-07-10 10:16:51+00,ec7942db-c36a-446f-89ba-38bf57d3546b,,
18,2004-01-01,2006-06-12,,Projekte KA,,,,f,,,,2024-07-10 10:16:51+00,82e735e8-70a8-485d-ba31-b6828f852822,,
44,2006-01-01,2008-12-31,,PM Karlsruhe,,,,f,,,,2024-07-10 10:16:51+00,0d775f22-d376-4e33-8242-0dc4aaaf8999,,
46,2007-01-01,2007-07-31,,bga,,,,f,,,,2024-07-10 10:16:51+00,36f119f8-11f0-4654-bfc8-017772b82a57,,
23,2002-01-01,2008-12-31,,Ohne Zuordnung,,,,f,,,,2024-07-10 10:16:51+00,208fc0a1-8834-47b7-8228-2a0de5898822,,
49,2007-01-01,2008-02-28,,WM Cluster,,,,f,,,,2024-07-10 10:16:51+00,ef219aca-5830-4ee2-b0bd-be63c4d8e3a1,,
7,2002-03-01,2006-12-31,,Overheads,2007-01-01,,,f,,,,2024-07-10 10:16:51+00,739f0a0f-3d95-4def-9bb7-1c46a7f6121f,,
58,2008-02-01,2008-06-05,,MicroTec Südwest,,,,f,,,,2024-07-10 10:16:51+00,e8416ae3-52c2-4dc2-8b05-d33cf3839478,,
50,2007-08-01,2007-12-31,,Schaustelle Europa,,,,f,,,,2024-07-10 10:16:51+00,5d620da6-9299-4f9f-a690-17d57b9d349f,,
8,2000-01-01,2010-12-31,,WM,,10000,,f,,,,2024-07-10 10:16:51+00,de6ef34d-cd83-4ef2-a2ec-9a1658d25def,,
51,2008-03-01,2010-10-31,,CReATE,,201485,,f,,,,2024-07-10 10:16:51+00,3e5ed668-f228-4dd5-86d7-05d6d529a6d5,,
65,2009-01-01,2009-04-30,,MSTBW,,,,f,,,,2024-07-10 10:16:51+00,f7d884a0-880d-48da-bc26-b39487c071f4,,
59,2008-05-01,2010-04-30,,PhotonicRoadSME,,224572,,f,,,,2024-07-10 10:16:51+00,06928dc6-87a4-4a9c-8735-9910010f053d,,
265,2016-01-01,2018-06-30,,Thinking Smart,,720385,75,f,,12,37,2024-07-10 10:16:51+00,9cacad3c-c7c8-4efe-936c-b66a023aea81,,
57,2007-12-01,2009-11-30,,Success SIG,,396901,,f,,,,2024-07-10 10:16:51+00,ed5259d5-c4b2-40b6-bf51-57ac5f42c371,,
36,2006-01-01,2007-12-31,,EU-Trends 2007,,16221,,f,,,,2024-07-10 10:16:51+00,043caf24-a1e4-413b-b06f-f3c7f958e76a,,
38,2006-11-01,2007-12-31,,EURFuture,,18874,,f,,,,2024-07-10 10:16:51+00,8088ca26-49f2-46e8-9904-f6463bcb8c94,,
9,2005-07-01,2006-10-31,,BMBF-TF,,30502,,f,,,,2024-07-10 10:16:51+00,4f6e6586-5320-4b17-a3a2-6e09f1725620,,
48,2007-07-01,2008-05-31,,Boost Biosystem,,37486,,f,,,,2024-07-10 10:16:51+00,5fbf601b-0a34-4104-89f7-c37d0dd84d84,,
11,2004-09-01,2006-12-31,,Boosting Baltic,,44923,,f,,,,2024-07-10 10:16:51+00,b4b068d5-3379-49fe-858e-a6632b0d6389,,
12,2004-09-01,2006-08-31,,Emtech,,18607,,f,,,,2024-07-10 10:16:51+00,22f3f709-f0cc-4f92-b810-d8b4a975b57e,,
13,2005-09-15,2008-04-14,,Epistep,2006-09-15,23295,,f,,,,2024-07-10 10:16:51+00,99b480b3-334a-4361-bbfe-7f374430d803,,
31,2006-09-01,2009-02-28,,FemStart,,36538,,f,,,,2024-07-10 10:16:51+00,a4dd354e-00e3-406d-a640-2bda76d0dd02,,
40,2007-01-01,2008-12-31,,ForTransRIS,,43015,,f,,,,2024-07-10 10:16:51+00,6f12f23d-c5c8-4385-afbf-517f02e1c314,,
14,2005-06-01,2008-01-31,,Gal-Edge,,14648,,f,,,,2024-07-10 10:16:51+00,fd6fe0aa-754c-45c7-8066-6a423ec6015c,,
4,2004-01-01,2007-12-31,,IRC D/CH,,40050,,f,,,,2024-07-10 10:16:51+00,0f730c29-7e56-4958-843d-186f0b4839f7,,
15,2006-04-04,2007-04-03,,IRC STEZ 06,2007-04-03,43050,,f,,,,2024-07-10 10:16:51+00,abda47f9-63d1-46b0-8268-1014ed945c43,,
45,2007-04-04,2008-04-03,,IRC STEZ 07,,44050,,f,,,,2024-07-10 10:16:51+00,143134b5-0789-4671-ba1d-a641f2c6e808,,
34,2006-06-01,2008-05-31,,ISOPTT,,30628,,f,,,,2024-07-10 10:16:51+00,368d7964-7489-4612-8f85-fd8645865d30,,
28,2006-05-01,2009-04-30,,MediaTrans,,23196,,f,,,,2024-07-10 10:16:51+00,f35326f5-63c6-486e-b46a-ae996a05ee88,,
37,2005-01-01,2006-12-31,,Mismec,2007-01-01,18507,,f,,,,2024-07-10 10:16:51+00,c39ca4b0-3cdc-438e-b1a4-27f62b0b243c,,
16,2004-07-01,2006-06-30,,ITE,2006-07-01,14890,,f,,,,2024-07-10 10:16:51+00,e5a6f9ef-1a6c-4e82-af77-2cb900d4c93f,,
29,2006-06-01,2008-05-31,,Newtickett,,30582,,f,,,,2024-07-10 10:16:51+00,4cb74d19-757f-42f8-bfeb-8bb6e0e61109,,
42,2005-12-18,2008-05-31,,Omninet,,22452,,f,,,,2024-07-10 10:16:51+00,72213f0e-7f54-4039-bdba-a24a61152277,,
161,2013-01-01,2013-09-30,,Tunesien,,,,f,,,,2024-07-10 10:16:51+00,3e455893-5bb5-4ff4-83eb-8d9e25dc364d,,
291,2016-11-01,2018-02-28,,Studie Soziale Innovation,,720410,100,f,,14,126,2024-07-10 10:16:51+00,e1afa70f-dda7-4179-9589-7a1c11766486,,
332,2017-12-01,2021-03-31,,Social Seeds Interreg,,720450,85,f,,10,126,2024-07-10 10:16:51+00,56e14974-25e6-4625-9c67-dece1cc0e37b,,
35,2005-05-06,2010-10-05,,Polycity,,20461,,f,,,12,2024-07-10 10:16:51+00,8fa4d843-525c-41fd-a509-c2a446359c39,,
354,2018-02-24,2018-04-30,,IMG: Lightshape,,720472,100,f,,7,41,2024-07-10 10:16:51+00,8223e984-73f6-4505-875e-df3c60c86e75,,
292,2016-10-01,2019-09-30,,Forwarder 2020 H2020,,720411,100,f,,8,53,2024-07-10 10:16:51+00,ea551535-bbd2-45f6-b663-16b0fe55fa86,,
351,2018-02-01,2018-07-31,,EVENT: WM Symposium TeRess,,720469,100,f,,5,97,2024-07-10 10:16:51+00,bb92193f-70ab-400a-8c0a-d87cf088d1ab,,
330,2017-09-01,2018-06-30,,EVENT: Open Innovation Kongress 2018 (WM),,720448,100,f,,5,32,2024-07-10 10:16:51+00,f5ca2891-cea5-4025-8883-df34142ceb61,,
287,2016-09-01,2018-05-31,,EUUSEHEALTHWORK,,720405,100,f,,8,23,2024-07-10 10:16:51+00,1ee5edf6-4500-4ad9-8b2a-12426c1d580c,,
366,2018-04-01,2018-05-03,,EU-KONFORM: Ribler KMU-Instr,,720484,100,f,,4,37,2024-07-10 10:16:51+00,a79d808b-2cfe-47f1-82c2-9188cd264a6f,,
371,2018-04-16,2018-07-31,,EU-KONFORM: MRN Innovationsmanagement,,720489,100,f,,4,35,2024-07-10 10:16:51+00,d4e2a741-4977-425a-8bd7-576dee9c9438,,
346,2018-01-01,2018-04-30,,EU-KONFORM: Mann+Hummel RIA 1st stage (2018),,720464,,f,,4,37,2024-07-10 10:16:51+00,e33062bc-a2ea-4427-b231-eeda8ea502fa,,
401,2018-09-01,2018-10-31,,EU-KONFORM: IAS-Mexis | Korrektur WS,,720518,100,f,,4,40,2024-07-10 10:16:51+00,81c6fd19-4fd2-43b9-988d-4880a2a79f1b,,
288,2016-10-01,2019-09-30,,eHealth Hub,,720406,100,f,,8,23,2024-07-10 10:16:51+00,d9c88db0-2ed7-43e6-b9f9-070c14ba593c,,
270,2016-03-01,2018-06-30,,DTC Vukovar,,720389,100,f,,11,83,2024-07-10 10:16:51+00,4b407577-8330-4397-9d83-dc6823b1d35e,,
333,2017-12-01,2019-11-30,,Donauplattform StaMi,,720451,75,f,,14,83,2024-07-10 10:16:51+00,ce2e11a9-5726-4c5f-908d-f4643dfa65b6,,
196,2015-04-01,2015-12-31,,Donauforum 2015,,720342,,f,,,11,2024-07-10 10:16:51+00,63c19972-50bc-4fac-9acf-0b506e6dd299,,
19,2006-01-01,2007-12-31,,Regstrat,2007-01-01,30071,,f,,,,2024-07-10 10:16:51+00,431966db-0a1a-41f4-ad08-2f27062e11f1,,
21,2006-01-01,2008-12-31,,Secure Force,2007-01-01,23426,,f,,,,2024-07-10 10:16:51+00,b74ad51a-7e62-4497-8831-cfa034079236,,
20,2005-06-01,2008-05-31,,Ris Bridge,2006-06-01,17519,,f,,,,2024-07-10 10:16:51+00,544d4b68-4888-4b10-99a6-5ed151538d66,,
32,2006-05-01,2008-04-30,,Sincere,,23404,,f,,,,2024-07-10 10:16:51+00,b1012c79-1e35-448e-adb9-d23208506a8e,,
22,2005-06-01,2008-01-31,,Upris,2006-06-01,14628,,f,,,,2024-07-10 10:16:51+00,02b96c68-0f22-471c-8970-07d71ae561ce,,
64,2008-10-22,2009-02-27,,WM Buczek,,221008,,f,,,,2024-07-10 10:16:51+00,ac81effc-0248-4c06-87cb-6659038fcdcb,,
30,2006-06-01,2008-05-31,,Wenett,,30602,,f,,,,2024-07-10 10:16:51+00,6048db7c-73f5-4d2b-959a-ace025aee8d3,,
342,2019-01-01,2019-12-31,,Enterprise Europe Network 2019,,720460,100,f,,8,18,2024-07-10 10:16:51+00,617ac5a3-ed0a-4ca4-bfd0-a1c2ea3ef840,,
344,2018-02-01,2018-04-30,,TRAINING: Inhouse | Admin PM Film Akademie LB,,720462,100,f,,6,12,2024-07-10 10:16:51+00,1c084ba2-8474-4f47-9a6f-3a9f643769f2,,
439,2019-04-04,2019-10-31,,EVENT: Unicorn oder Transformer,,720556,100,f,,5,97,2024-07-10 10:16:51+00,836f7658-d40f-4bb9-bbc4-82137f1bd240,,
435,2019-01-01,2019-02-28,,EU-KONFORM: halbautomaten KMU Ph 1 Korrektur,,720552,100,f,,4,18,2024-07-10 10:16:51+00,e60264fb-6df2-4f77-acba-0b7bcdaca2c5,,
480,2020-01-01,2020-12-31,,Districts of Creativity 2020,,720597,100,f,,17,147,2024-07-10 10:16:51+00,13096d83-c4bd-4a77-9593-d54448ad9253,,
681,2023-01-02,2024-12-31,,TENDER: Citizen Led 1,,720798,100,f,,16,198,2024-07-10 10:16:51+00,c4abee02-4ddd-46ff-ac1b-a88b97657243,,
350,2018-03-01,2018-04-30,,EU-KONFORM: Agro-Energie,,720468,100,f,,4,145,2024-07-10 10:16:51+00,de66dae7-10d0-4afb-a8b9-5d74174d8432,,
349,2018-03-01,2018-03-31,,Popup Labor Sch. Gmünd,,720467,100,f,,5,,2024-07-10 10:16:51+00,17b03972-3097-4224-ba04-818a4f3fbe4c,,
364,2018-04-17,2021-04-16,,ASIS Interreg,,720482,85,f,,10,83,2024-07-10 10:16:51+00,bc45f7be-3602-4abc-a47d-515c0d876dc1,,
335,2018-01-01,2021-01-09,,KFZ Püchner ab Januar 2018,,720453,,t,,,,2024-07-10 10:16:51+00,f71bd874-6aac-453e-ac3e-fc08cbd19000,,
68,2009-05-01,2009-12-31,,WM Cluster 2009,,120609,,f,,,,2024-07-10 10:16:51+00,5bfb3f97-56bb-46da-a1bf-f34434ca0a64,,
24,2006-06-01,2008-05-31,,connect-2-ideas,,30583,,f,,,,2024-07-10 10:16:51+00,e5e560f1-ffe7-484a-b97d-a2bf2fac0305,,
27,2003-12-18,2006-06-17,,Nanomat,2006-06-18,10175,,f,,,,2024-07-10 10:16:51+00,2aefeba6-5147-4427-b66e-c255df5e5b12,,
79,2010-01-01,2012-06-30,,ChinaAccess4EU,,244459,,f,,,,2024-07-10 10:16:51+00,eb9fba40-3b0d-43db-a8f2-e39cfdc9ef14,,
53,2008-02-01,2010-03-31,,PRESTO,,217429,,f,,,,2024-07-10 10:16:51+00,6da71f2d-70a1-42eb-a56d-8c690dd677ce,,
135,2013-04-01,2014-12-31,,Danube PIE,,720310,,f,,,52,2024-07-10 10:16:51+00,dc3cea62-3782-4e62-af2b-37f43d7d4329,,
62,2008-07-01,2011-06-30,,Kappa,2010-01-01,202008,,f,,,,2024-07-10 10:16:51+00,c5c62cd4-37c4-42b2-b71e-50b6e5bd6959,,
69,2009-06-02,2010-07-31,,Interreg-WM,,64346,,f,,,,2024-07-10 10:16:51+00,c7eadc60-0e3d-4e53-8b81-6e68757a646f,,
52,2008-02-01,2010-04-30,,ECOINNO2SME,,217453,,f,,,,2024-07-10 10:16:51+00,edd21f8b-cb31-45f7-ac77-4e55c65cb508,,
82,2010-05-01,2012-04-30,,ESMI,,250406,,f,,,,2024-07-10 10:16:51+00,b8536fdb-906f-4da8-90da-be27c77b8a00,,
84,2010-08-01,2011-07-31,,ZIM Nemo,,161087,,f,,,,2024-07-10 10:16:51+00,0d2e79a4-2c89-4348-a0bb-d754c6a42415,,
54,2008-02-01,2010-09-30,,Use_and_Diffuse,,216741,,f,,,,2024-07-10 10:16:51+00,d5d7a7d7-4835-4e17-a4fa-8e6bac9f12e1,,
63,2008-10-01,2011-03-31,,EU-TrendsII,,16222,,f,,,,2024-07-10 10:16:51+00,533f7a6d-3221-42b4-b92b-e53312b21ce8,,
88,2010-09-01,2014-02-28,,BioNexGen,,246039,,f,,,,2024-07-10 10:16:51+00,3b6ac12c-b67c-4d67-85b1-cff259aec519,,
41,2007-01-01,2011-06-30,,XPRESS,,26674,,f,,,,2024-07-10 10:16:51+00,a7b63aa2-a7bd-4620-97f4-1185ce80af38,,
90,2010-10-01,2013-09-30,,Fit 4 Health,,260748,,f,,,,2024-07-10 10:16:51+00,2466ef9c-728f-43c9-b225-4275d3dcd467,,
72,2009-08-01,2011-07-31,,FemENA-DE,2010-10-28,248073,,f,,,,2024-07-10 10:16:51+00,3d30fb54-b56d-4746-9e9b-600a8f5f46b2,,
85,2010-10-01,2013-09-30,,STRATCLU,,165205,,f,,,,2024-07-10 10:16:51+00,eb30b515-a09a-40e1-ae11-f2623ca628f2,,
156,2013-11-08,2015-07-06,,IPR Mercosur,,720321,100,f,,,,2024-07-10 10:16:51+00,0392ac2b-0748-45fb-ac68-288c6fcdbb98,,
96,2011-01-01,2013-07-31,,ENVIMPACT,,265275,,f,,,,2024-07-10 10:16:51+00,8ea7503d-54a8-4b60-bbba-5b4848650adb,,
374,2018-01-01,2018-12-31,,Vanguard Treasurer,,720492,100,f,,14,18,2024-07-10 10:16:51+00,45dfa6be-3765-40fa-b57e-5927cdbcdd60,,
98,2010-11-01,2012-03-31,,Interreg BW 2010-2012,,434665,,f,,,,2024-07-10 10:16:51+00,6853172c-b5dd-4a9a-9fcd-4b0e461055a5,,
106,2011-09-01,2014-08-31,,KnoholEM,,285229,,f,,,,2024-07-10 10:16:51+00,2f508137-41d8-4f5d-bace-cb9228ee84ae,,
147,2013-10-01,2018-03-31,,BRICKER,,720307,100,f,,9,68,2024-07-10 10:16:51+00,9a9915ad-5349-45a9-a82a-f1f6b468404c,,
116,2011-11-25,2013-11-24,,Go4EMAS,,283757,80,f,,,52,2024-07-10 10:16:51+00,abe07719-a798-4f91-b360-926c942178f3,,
97,2009-01-01,2009-03-31,,WM,,123,,f,,,,2024-07-10 10:16:51+00,f0b3f081-db15-4d00-a8b4-b13dc3a92ffe,,
105,2011-07-01,2013-11-30,,Transnational Partnership Romania,,,,f,,,,2024-07-10 10:16:51+00,181285a0-de04-4823-93b1-9534cd623450,,
81,2010-01-01,2011-08-31,,Stop4Business,,250409,,f,,,,2024-07-10 10:16:51+00,c2e7b3f2-bd53-438f-b890-955f29d2d580,,
99,2010-12-09,2012-12-08,,Tender Innovation Policy,,578633,,f,,,,2024-07-10 10:16:51+00,955302c3-c472-4e0b-aac8-01f1e324aeaf,,
112,2011-09-01,2013-08-31,,Nemo II,,162087,,f,,,,2024-07-10 10:16:51+00,e710db61-227a-459e-93af-5fad7b8396ac,,
113,2011-10-01,2014-09-30,,CluStrat,,20402,,f,,,,2024-07-10 10:16:51+00,29c1927e-1e8a-4dee-8534-b11075cc9ac4,,
227,,,,Event 05.11.2010,,51110,,t,,,,2024-07-10 10:16:51+00,8e50c724-3da8-459f-b21a-db3407310c44,,
101,2011-05-01,2012-10-31,,Buildingup,,267024,,f,,,,2024-07-10 10:16:51+00,12d8d9a6-65ab-4022-a9b6-538428a003f5,,
118,2012-01-01,2013-04-30,,STW Engineering Studie,,183966,,f,,,,2024-07-10 10:16:51+00,78f24b54-2e53-4e28-ba2a-0477f485588a,,
576,2021-02-01,2021-04-30,,TRAINING: Projektmanagement 2/2021,,720693,100,f,,6,15,2024-07-10 10:16:51+00,bbb3738d-5222-4830-bad9-b7576d87b115,,
77,2010-01-01,2012-02-29,,Posmetrans,,234200,,f,,,,2024-07-10 10:16:51+00,56361778-7922-44ba-8058-6491a43f309b,,
74,2009-09-01,2011-06-30,,SM-Bio Power,,201119,,f,,,,2024-07-10 10:16:51+00,48e951a3-39a1-4fb9-93db-6567b6ce1df0,,
76,2009-11-01,2012-04-30,,Gendera,,244499,,f,,,,2024-07-10 10:16:51+00,12676463-fd32-4c6f-8a13-7cf2eb46614f,,
43,2007-04-01,2010-03-31,,Dinamics,,26804,,f,,,,2024-07-10 10:16:51+00,e9b9d3a7-db85-4862-820f-66174429fcef,,
124,2012-09-01,2014-02-28,,Donaustrategie,,148900,,f,,,,2024-07-10 10:16:51+00,05020018-d2bd-45c5-a025-87627c92cb36,,
202,2010-01-01,2100-12-31,,Gemeinkosten S2i,,1,,t,,21,11,2025-09-23 16:15:54+00,22c69111-24e9-40eb-b2c0-7a53df5b246f,,
89,2013-01-01,2013-11-30,,Transparency,,246273,,f,,,,2024-07-10 10:16:51+00,27a3480e-600b-4140-a39d-325f4b3a474e,,
80,2010-04-01,2012-03-31,,EURESP,,250428,,f,,,52,2024-07-10 10:16:51+00,41417caf-9d00-4508-9af7-ab1ca120ee01,,
110,2011-08-01,2013-12-31,,Reeddesign,,286539,,f,,,,2024-07-10 10:16:51+00,f5746788-ad3d-4e3e-a939-b8bd3bfbb542,,
100,2011-01-01,2016-12-31,,Antragsberatungen,,100100,,f,,,,2024-07-10 10:16:51+00,f6d078df-cce0-4250-94de-db9720bf010c,,
73,2009-07-15,2013-06-30,,SATNAV,,281112,,f,,,,2024-07-10 10:16:51+00,c1dd7eab-bb39-46ed-8644-c1b2bd5d25ec,,
153,2014-04-01,2019-03-31,,Cityfied (ab 2016 in S2i),,720309,100,f,,9,135,2024-07-10 10:16:51+00,db2bb658-65ca-445b-8599-2d052b36dd04,,
155,2014-01-01,2015-12-31,,Tender Matchmaking,,720327,100,f,,,11,2024-07-10 10:16:51+00,fbbeb541-e9d5-49d3-9c82-f97c4e188f9f,,
131,2013-04-15,2014-12-31,,Hafen Strasbourg,,720311,,f,,,,2024-07-10 10:16:51+00,65b14320-bd7b-4e21-989c-4d0200dc110d,,
133,2012-11-28,2012-11-28,,SATNAV - 28.11.2012 Konstanz,,720316,,f,,,,2024-07-10 10:16:51+00,1643dcc1-8bd8-4ef2-ab0f-19e6db6192b9,,
134,2013-05-01,2014-12-31,,ProExcellence Strategie-Excellence,,720315,,f,,,,2024-07-10 10:16:51+00,c7b0bd23-2a1c-4f3f-9d11-52cd1e63f193,,
136,2012-09-01,2014-08-31,,ZIM Food - BioBackhaus Wüst,,720318,,f,,,,2024-07-10 10:16:51+00,66f138a5-b82a-4d09-bd9d-8c1db698da20,,
411,2018-12-01,2018-12-31,,Expert Contract PanBioRa,,720528,100,f,,17,166,2024-07-10 10:16:51+00,5e7f8017-38f1-45a0-a06a-5449d7fd6655,,
144,2013-01-01,2013-12-31,,MWK Sonstiges,,,,f,,,,2024-07-10 10:16:51+00,22b766a8-eaad-433a-9ee7-dbb875924c85,,
109,2011-10-01,2014-02-28,,Road2SoS,,288274,,f,,,,2024-07-10 10:16:51+00,4fe1ee6e-8dd9-4a9d-ae7e-ce7c17c52abe,,
157,2016-01-01,2017-03-31,,GeNergie,,720329,100,f,,,95,2024-07-10 10:16:51+00,aa63eee0-ac0c-41ec-9d43-39d80171ab18,,
108,2010-09-01,2015-06-30,,IQ MicroTEC,,165238,,f,,,11,2024-07-10 10:16:51+00,ecd09b6c-6fdb-497e-bfe6-1d1cc28079fe,,
139,2013-07-01,2018-06-30,,R2CITIES,,720308,100,f,,9,117,2024-07-10 10:16:51+00,56d56499-21d0-4cb5-bbc0-e11d99284544,,
162,2014-01-01,2017-12-31,,Trainings,,17060,100,f,,,12,2024-07-10 10:16:51+00,cc18626d-c350-4eea-9284-99b33829947a,,
137,2013-01-01,2015-12-31,,XGATE (Teil 2),,720304,,f,,,,2024-07-10 10:16:51+00,06db8fd5-2e7c-4e8a-bd98-d569282e455d,,
179,2015-02-01,2017-01-31,,TAMS4CPS,,720356,100,f,,,72,2024-07-10 10:16:51+00,e1ea77f1-c29f-4fc2-a657-9be9b67a9523,,
152,2013-12-18,2015-05-31,,KET Tender,,720330,,f,,,37,2024-07-10 10:16:51+00,c0829732-0c5a-4cf0-bb1e-c2b67e9525b0,,
425,2018-01-01,2018-12-31,,Verrechnung Personal,,720542,,t,,,,2024-07-10 10:16:51+00,6cdd0629-f869-4ab8-86c5-5848f97b44c8,,
104,2011-07-01,2014-02-28,,Transnational Partnership Romania,,720289,100,f,,,,2024-07-10 10:16:51+00,17575246-8f54-4ab9-9bff-fb11e6176d1f,,
143,2013-11-01,2017-10-31,,Fit4HealthII,,720319,100,f,,,23,2024-07-10 10:16:51+00,d3621ef5-e830-4e97-88d4-faf5ffae737e,,
130,2013-04-01,2014-12-31,,MFW Cluster WG,,720306,,f,,,,2024-07-10 10:16:51+00,03b96315-5e02-4d56-9ac6-023cccab513b,,
163,2014-01-01,2014-12-31,,Horizon 2020 10.Februar 2014,,720336,,f,,,,2024-07-10 10:16:51+00,c0647595-23ed-49fd-8e76-b8aeed5ec90f,,
115,2011-12-02,2013-12-01,,Optimes,,283773,,f,,,12,2024-07-10 10:16:51+00,19e3e2d4-469b-4029-b735-b0acd615920d,,
166,2014-01-01,2015-01-31,,Tender GIZ Tunesien,,720337,,f,,,,2024-07-10 10:16:51+00,42cab904-1660-4d90-a7a0-d0e802299b89,,
168,2014-01-01,2014-12-31,,Clusterforum 08.05.2014,,720339,,f,,,,2024-07-10 10:16:51+00,9d5a4502-891c-40fd-9537-5f60e494dcc4,,
169,2014-06-01,2014-12-31,,MFW Berufsbildungskongress,,720340,,f,,,,2024-07-10 10:16:51+00,d6b4840e-3abe-4fe5-b1a7-de6f3a133eb0,,
123,2012-10-01,2015-08-31,,INTUITEL,,318496,100,f,,,,2024-07-10 10:16:51+00,76f36f24-59af-44c0-9791-faf166c307c8,,
185,2015-01-01,2015-12-31,,MWK 2015,,20400,100,f,,,11,2024-07-10 10:16:51+00,9b45b102-863c-4667-9a1a-52c7365bb1ae,,
238,2015-07-01,2017-12-31,,MFW Unterstützung von KMU im Handwerksbereich,,720374,100,f,,,24,2024-07-10 10:16:51+00,7d85710a-2a26-40a8-9fa3-f2fc24e5a249,,
39,2006-12-01,2009-05-31,,WE-Mentor,,23274,,f,,,12,2024-07-10 10:16:51+00,541a5528-7c5a-4eb3-b7d9-c11707ca0705,,
128,2012-11-01,2015-12-31,,EXA2GREEN,,318793,100,f,,,45,2024-07-10 10:16:51+00,daa532cc-dddc-48a9-a685-2dbe0aa34103,,
167,2014-04-11,2014-12-31,,BW KAM 1,,720338,100,f,,,,2024-07-10 10:16:51+00,d3a90c4a-c7bb-43dd-ad48-05bfc1e135fb,,
132,2013-04-01,2015-12-31,,INSEM SW eEfficiency,,720303,100,f,,,,2024-07-10 10:16:51+00,4323ec59-e5e8-4037-97b7-ea525dacac1f,,
95,2011-01-01,2012-12-31,,Enterprise Europe 2011-2012,,250228,60,f,,,,2024-07-10 10:16:51+00,4ca36991-cd58-4d21-bb40-5483ab821733,,
126,2013-01-01,2014-12-31,,Enterprise Europe 3 2013-2014,,720300,100,f,,,,2024-07-10 10:16:51+00,a5564e30-9b7e-4ee4-b1a6-7acf32794fd6,,
138,2013-01-01,2013-12-31,,INSTINCT (Teil 2),,720305,100,f,,,,2024-07-10 10:16:51+00,c341dea3-0331-47aa-a7f3-cba86f44897c,,
159,2014-01-01,2015-12-31,,Bundesanstalt für Wasserbau,,720335,100,f,,,,2024-07-10 10:16:51+00,9224e616-aa8a-42d7-bcaa-b6e024696505,,
151,2013-11-01,2016-10-31,,TraFooN,,720317,100,f,,,41,2024-07-10 10:16:51+00,ca8b9dd6-ff22-452c-8854-957d6109292a,,
122,2012-10-01,2014-09-30,,TIPS,,314455,100,f,,,,2024-07-10 10:16:51+00,b3cf3ce8-0b7a-4297-bfb2-2b7497920555,,
117,2011-11-22,2013-11-21,,Euresp+,,283523,,f,,,19,2024-07-10 10:16:51+00,9d5d30e4-f272-4089-b5d6-fc3899049f53,,
347,2017-12-01,2018-03-31,,EU-KONFORM: Circular Farming,,720465,100,f,,4,145,2024-07-10 10:16:51+00,216a412b-e66c-4e0e-b2a6-d2cc643a146b,,
246,,,,Unbekannt,,171638,,t,,,,2024-07-10 10:16:51+00,36ca4cdd-9514-4014-80cc-cab62a3dac58,,
250,,,,Unbekannt,,684719,,t,,,,2024-07-10 10:16:51+00,95b0d9ca-f995-4eaa-9c34-fd2c428b5886,,
154,2014-01-01,2017-07-30,,Danube Inco.Net,,720313,100,f,,9,83,2024-07-10 10:16:51+00,1cb260c9-1c23-42af-8185-138d4230bf2d,,
127,2012-10-01,2015-11-30,,I-Ramp,,314329,99,f,,,40,2024-07-10 10:16:51+00,d5e4e8e7-8afc-48ea-a76d-4a1cd0df4f57,,
175,2014-07-21,2014-10-31,,Frauenwirtschaftstage,,720359,,f,,,,2024-07-10 10:16:51+00,9ea0d720-685f-44a3-b415-2f1d62574f79,,
148,2013-10-01,2017-11-30,,IMMODGEL,,720314,100,f,,9,88,2024-07-10 10:16:51+00,1261cd17-244b-4527-8fe2-b655c7c5d315,,
329,2017-10-20,2021-04-30,,SCIS Tender,,720447,100,f,,16,152,2024-07-10 10:16:51+00,51e18a86-5dc9-42a3-878b-d451dddc9f17,,
222,,,,Kfz Loeffler,,60079,,t,,,,2024-07-10 10:16:51+00,cd81fcfb-be0a-47c7-9833-061ecb365583,,
176,2013-12-26,2015-03-31,,EULAC-REGIO (RIS),,720347,,f,,,,2024-07-10 10:16:51+00,31a87508-167a-4f54-b2d8-092e67e4820a,,
197,2015-01-01,2016-12-31,,DANUBALT,,720361,100,f,,,23,2024-07-10 10:16:51+00,549bea9d-8563-4c87-9cec-a90ae8665afb,,
180,2015-02-01,2018-06-30,,CPSELabs,,720354,100,f,10886400,8,72,2024-07-10 10:16:51+00,da644e85-8835-458a-8be5-cf0566ebaa7f,,
393,2018-08-22,2018-10-31,,TRAINING: SIBE Brazil 9.2018,,720510,100,f,,6,157,2024-07-10 10:16:51+00,6bf3a144-538c-4937-a9f4-65b11caa7f2a,,
314,2017-10-01,2019-09-30,,STUNNING,,720433,100,f,,8,112,2024-07-10 10:16:51+00,c0bfa682-7a2f-4738-bc59-eed3b94c76a6,,
405,2018-11-01,2018-11-30,,TRAINING: SIBE Brazil 11.2018,,720522,100,f,,6,157,2024-07-10 10:16:51+00,dc68ffaa-0fe6-474b-81c9-95695b221e0e,,
189,2015-02-01,2020-01-31,,Triangulum,,720363,100,f,,8,24,2024-07-10 10:16:51+00,258e14e1-d0f4-48d4-a5be-e81e3cacb36c,,
440,2019-04-01,2019-04-30,,TRAINING: SIBE Brazil 04.2019,,720557,100,f,,6,157,2024-07-10 10:16:51+00,7e054343-34bb-4787-a0d8-797df8303656,,
56,2008-01-01,2010-12-31,,Enterprise Europe,,150228,,f,,,,2024-07-10 10:16:51+00,38aae72f-8f4b-4cbc-a6f0-19a9db70389c,,
384,2018-09-01,2018-12-31,,EVENT: MediWa 2018,,720501,100,f,,5,154,2024-07-10 10:16:51+00,224227c3-bd07-4ed0-a4b6-09591bd3888c,,
181,2015-01-01,2017-02-28,,Co-FACTOR,,720351,100,f,,,40,2024-07-10 10:16:51+00,b0a6acfe-ed0a-4641-9c60-809055180747,,
174,2014-10-01,2017-12-31,,Cluster UnterstützungsAgentur,,720362,100,f,,,41,2024-07-10 10:16:51+00,dc1404f0-d50d-4645-b4d6-70468000ffa1,,
469,2019-11-01,2019-12-31,,TRAINING: SIG Projektmgt Q4/2019,,720586,100,f,,6,24,2024-07-10 10:16:51+00,ff30dd67-350e-4fa7-8d9f-20994ffb0102,,
255,2016-01-01,2018-12-31,,MWK HAW/DHBW Beratung,,720408,100,f,,14,54,2024-07-10 10:16:51+00,a32abc41-2d94-43bf-912d-8de82e44cdcc,,
173,2014-07-01,2015-11-30,,Cluj Clusters,,720343,100,f,,,83,2024-07-10 10:16:51+00,b258955b-9172-41ac-ad78-4808c3ebee65,,
379,2018-08-01,2018-12-31,,EVENT: Brexit-Veranstaltung,,720496,100,f,,5,97,2024-07-10 10:16:51+00,5f7cf524-322e-4e14-a57f-a9b631067812,,
311,2017-07-01,2020-08-31,,KETGATE Interreg,,720430,80,f,,10,155,2024-07-10 10:16:51+00,2642218a-d7f8-45dc-b98d-1a2d4bdd6ead,,
578,2021-03-01,2021-03-31,,HEU Vortrag,,720695,100,f,,14,15,2024-07-10 10:16:51+00,950e755d-e924-44c8-b74a-ad8717db67a4,,
192,,,,Kfz Petra Püchner,,720348,,t,,,,2024-07-10 10:16:51+00,bcd539e2-c874-4b39-8400-ecc333ba985f,,
103,2011-02-01,2015-11-30,,Mobypost,,256834,67,f,,,53,2024-07-10 10:16:51+00,e8fd2953-4632-46dc-8b8e-bb26f8e6562c,,
150,2013-09-01,2018-09-30,,Netzwerk BPL,,720322,100,f,,18,41,2024-07-10 10:16:51+00,f9ed706c-bbf7-40ae-8df9-d849788609b8,,
187,2015-02-01,2018-01-31,,DragonStar+,,720357,100,f,,8,68,2024-07-10 10:16:51+00,8f3c8021-3acd-4ee2-85d4-5d1e1facffe2,,
183,2015-01-01,2019-02-28,,NETFFICIENT,,720369,100,f,,8,133,2024-07-10 10:16:51+00,8af3feb9-b639-4654-911a-96e9b5e01e8c,,
184,2015-01-01,2018-02-28,,ReProMag,,720350,100,f,,8,49,2024-07-10 10:16:51+00,ed464b03-55f4-472d-912c-7d3736390bbd,,
367,2018-07-01,2018-12-31,,EVENT: Women4Energy 2018,,720485,100,f,,5,147,2024-07-10 10:16:51+00,f2c6942e-8c50-4bd6-b787-7c28c53ff8fe,,
479,2020-01-01,2023-12-31,,IC2PerMed,,720596,100,f,,8,218,2024-07-10 10:16:51+00,3d14a9e8-95fb-46ba-83fe-70478c4f6654,,
205,,,,Erlöse Seminare,,18060,,t,,,,2024-07-10 10:16:51+00,2d9f5fbd-3582-4a10-9e57-1aff82b981d9,,
208,,,,Kfz Püchner,,55079,,t,,,,2024-07-10 10:16:51+00,f8ab1170-b6db-4f65-b803-6bb5103661ad,,
211,,,,Kfz French,,720332,,t,,,,2024-07-10 10:16:51+00,1ab5b4d1-a86d-4133-9309-df33c2fcba5b,,
340,2018-06-01,2018-08-31,,TRAINING: Projektadministration,,720458,100,f,,6,12,2024-07-10 10:16:51+00,0462fe53-62c2-41d3-a958-0e08d0541e1b,,
380,2018-07-05,2018-12-31,,EU-KONFORM: Dalim KMU Ph 1 & Ph 2,,720497,100,f,,4,124,2024-07-10 10:16:51+00,0428d0be-209c-4606-88e0-c3640acf4a7e,,
223,,,,Veranstaltung,,101110,,t,,,,2024-07-10 10:16:51+00,e508e93f-8f62-40dc-b6bd-313b1028d034,,
228,,,,Veranstaltung 11.12.2010,,111210,,t,,,,2024-07-10 10:16:51+00,5a304a15-d929-4c3a-8ce4-440a8d790506,,
234,,,,Betriebsausflug 2014,,250714,,t,,,,2024-07-10 10:16:51+00,75868c41-f53f-4766-b4d2-01ec701e88cc,,
247,,,,Unbekannt,,670910,,t,,,,2024-07-10 10:16:51+00,d515b047-c4ba-4c5b-afaa-a29d5497dfab,,
251,,,,Unbekannt,,11405,,t,,,,2024-07-10 10:16:51+00,31c5db85-2273-49d6-bbb7-9aee8047221d,,
762,2024-01-01,2024-12-31,,EU-KONFORM: MRN Reg Wasserstoff,,720879,100,f,,4,225,2024-07-10 10:16:51+00,f0f6618d-3e2a-4740-aaaf-eea5329523c1,,
254,,,,Unbekannt,,309724,,t,,,,2024-07-10 10:16:51+00,489aaa63-c958-430c-a137-3f3743b56e3b,,
145,2013-09-01,2014-12-30,,AlpsCluster 2020,,720320,76,f,,,,2024-07-10 10:16:51+00,640b1609-6fd0-43f6-8737-e88c53afbba7,,
177,2015-02-01,2017-01-31,,Road2CPS,,720355,100,f,,,72,2024-07-10 10:16:51+00,ab75d873-272e-4a85-86da-2dad9f6e0a36,,
182,2015-01-01,2016-12-31,,EFFECTIVE,,720352,80,f,,,40,2024-07-10 10:16:51+00,d93216e8-147d-4516-8e0d-a0afdb21a5c4,,
421,2019-02-04,2019-04-25,,EU-KONFORM: Leclanché LC-BAT2-2019,,720538,100,f,,4,73,2024-07-10 10:16:51+00,62779039-b988-43da-9c5f-a9610940cd1e,,
386,2019-01-01,2021-07-31,,INNOWWIDE,,720503,100,f,,8,157,2024-07-10 10:16:51+00,67652d32-5fb5-4d20-b2e2-f7c3fc74eda2,,
278,2016-01-01,2017-12-31,,Auftrag_Antragstellung (Kleinprojekte unter 5 TEUR Bereich Antragstellung),,720396,,f,,,,2024-07-10 10:16:51+00,c15860df-c003-4e44-bad4-bed5770bdab3,,
413,2018-01-01,2018-12-31,,SEZ Leitung - Überstunden,,720530,,f,,17,22,2024-07-10 10:16:51+00,2a16d750-3c01-4668-a6b4-a16e1ae64761,,
408,2019-03-01,2020-04-30,,STUDIE: Döhler Agrar,,720525,100,f,,13,145,2024-07-10 10:16:51+00,9ccf70b3-147a-4efc-9de5-6defe04b665a,,
400,2018-10-01,2020-09-30,,Netzwerk BPL 2018 - 2020,,720517,100,f,,18,41,2024-07-10 10:16:51+00,ad5a5673-5647-4d8a-add7-b877d9233526,,
385,2018-06-22,2018-08-31,,TRAINING: MINT Workshop 2018,,720502,100,f,,6,154,2024-07-10 10:16:51+00,257fe46b-ffb2-49b0-af05-9fdb12744e0e,,
375,2018-07-01,2018-08-31,,IMG: MATTECO,,720493,100,f,,7,41,2024-07-10 10:16:51+00,e248c5d5-81c7-4ce4-8770-768fadf7c69d,,
353,2018-01-01,2018-12-31,,TRAINING: Inhouse Lohrberg PM,,720471,100,f,,6,12,2024-07-10 10:16:51+00,7248ecae-cd33-49ac-a230-d7c60df5c471,,
417,2020-01-01,2021-12-31,,BW KAM 5,,720534,100,f,,8,37,2024-07-10 10:16:51+00,c8d1f305-9e5d-45c6-9769-2ba389357c5b,,
355,2018-03-01,2018-06-30,,TRAINING: PM Soft Skills (öffentlich),,720473,100,f,,6,12,2024-07-10 10:16:51+00,aee3531d-5f49-4f88-b94e-1cb6c70e15a1,,
191,2015-01-01,2017-02-28,,Photonics4All,,720358,100,f,,,73,2024-07-10 10:16:51+00,b6e86d1a-d579-45f7-ada2-80dd4df03455,,
217,2014-01-01,2018-12-31,,Sibe Zertifikatslehrgang,,720346,100,f,,6,12,2024-07-10 10:16:51+00,57d76a9d-0868-4a18-98c3-58379801f1d2,,
141,2013-06-01,2015-12-31,,Road4Fame,,720302,100,f,,,72,2024-07-10 10:16:51+00,8c8f2bd0-131d-4c9e-8f8c-baeacf559157,,
149,2013-09-01,2016-10-31,,No GAP,,720312,100,f,,,83,2024-07-10 10:16:51+00,143414a7-e452-42c2-a3b8-5b60a7069c7b,,
172,2014-04-15,2016-02-29,,MFW Unterstützung Interreg V in BW,,720341,100,f,,,51,2024-07-10 10:16:51+00,bd1733f2-8103-4324-8b23-dd4e402a6fb2,,
87,2010-01-01,2017-12-31,,KIC InnoEnergy,,160225,100,f,,,73,2024-07-10 10:16:51+00,e3fa3f4f-a735-40b0-ba10-023d8f9f74b2,,
363,2018-07-01,2018-07-01,,INSIGHT-MENA (Projekt nicht angenommen),,720481,,f,,,37,2024-07-10 10:16:51+00,2cf4efb8-11dc-4488-a0c7-fc0d9a98862d,,
86,2010-09-06,2015-03-31,,Futures International,,720281,100,f,,,49,2024-07-10 10:16:51+00,6de8882b-a1b3-46ec-bfd8-def9ae16f078,,
407,2018-10-15,2019-01-31,,EU-KONFORM: Stadt Karlsruhe UIA,,720524,100,f,,4,126,2024-07-10 10:16:51+00,4fe99c7a-3033-488a-8a67-0f753ff3eee9,,
403,2018-10-01,2018-11-15,,EU-KONFORM: Ribler KMU Ph 1 / Wiedereinreichung,,720520,100,f,,4,37,2024-07-10 10:16:51+00,2bdaf202-2642-4cb7-a6b8-5f9bfc36c780,,
378,2018-04-01,2018-10-31,,EU-KONFORM: Mann+Hummel RIA 2nd stage (2018),,720495,100,f,,4,37,2024-07-10 10:16:51+00,d51b0fee-2fec-4cce-87c2-ab45dad873d7,,
391,2018-08-14,2018-10-10,,EU-KONFORM: Loreical KMU Ph 2,,720508,100,f,,4,157,2024-07-10 10:16:51+00,1824018a-fc5b-4142-8296-2f5432e423ae,,
410,2018-11-01,2019-01-31,,EU-KONFORM: imed Medical KMU Inst Ph 2,,720527,100,f,,4,37,2024-07-10 10:16:51+00,ecc7c3bb-03d3-4d8d-91e2-bb0224375451,,
412,2019-01-01,2019-04-03,,EU-KONFORM: Geltz KMU Ph 2,,720529,100,f,,4,73,2024-07-10 10:16:51+00,440a5764-6863-4a5b-beda-ea4a2730bea9,,
178,2015-01-01,2016-12-31,,Enterprise Europe Network 2015 - 2016,,720344,100,f,,,37,2024-07-10 10:16:51+00,6d23b6f1-7313-4c3d-94d8-a480470d7ea6,,
186,2015-02-01,2017-01-31,,EeB-CA2,,720353,100,f,,,40,2024-07-10 10:16:51+00,8e402d00-761f-4e1f-848f-b997671f9f48,,
362,2019-01-01,2019-12-31,,Districts of Creativity 2019,,720480,100,f,,14,147,2024-07-10 10:16:51+00,0d2a72e7-4305-4a62-bf50-b63d151f3a52,,
420,2019-01-01,2019-12-31,,EU-KONFORM: Topalis KMU Ph 2,,720537,100,f,,4,18,2024-07-10 10:16:51+00,b9e20a7f-fe7b-4dbd-aa86-619997931d67,,
418,2018-11-01,2018-11-30,,Expert Contract eTEACHER,,720535,100,f,,17,54,2024-07-10 10:16:51+00,8dc91aeb-28aa-4d28-a265-08e56f1ce756,,
397,2018-09-01,2019-06-30,,STUDIE: Internationale Steinbeis Kooperationsindex,,720514,100,f,,13,153,2024-07-10 10:16:51+00,e158083e-cd73-447d-b0fe-464025e4ba74,,
485,2019-10-01,2019-10-31,,PRO-RES: Expert Contract,,720602,100,f,,20,54,2024-07-10 10:16:51+00,e32cefbb-81ea-4247-bd23-6989ea269e18,,
331,2018-01-01,2019-06-30,,DTC Zagreb,,720449,100,f,,11,83,2024-07-10 10:16:51+00,075a6811-8b32-4350-92d5-a3c95044be83,,
190,2015-01-01,2020-06-30,,REMOURBAN,,720364,100,f,,8,114,2024-07-10 10:16:51+00,01f1a25b-b5c3-4418-a577-99e39107eee7,,
327,2018-04-01,2020-04-30,,Vanguard WM 2018 - 2020,,720445,100,f,,14,18,2024-07-10 10:16:51+00,b04ff590-29e5-4ee8-96c5-039a5c03aa76,,
423,2019-02-01,2019-02-28,,TRAINING: 1 x 1 der Antragstellung 02/2019,,720540,100,f,,6,12,2024-07-10 10:16:51+00,5090da20-720c-4f9a-977d-e818b5291ad8,,
345,2018-01-01,2018-02-28,,TRAINING: 1 x 1 der Antragstellung (Crash Course),,720463,100,f,,6,12,2024-07-10 10:16:51+00,b7e3767c-34b6-4749-bc2e-323565edec8e,,
357,2018-07-01,2021-12-31,,KnowING IPR Interreg,,720475,85,f,,10,193,2024-07-10 10:16:51+00,dc9b1ca1-2a90-4633-b1f8-b645e655df2c,,
260,2016-02-01,2022-07-31,,SmartEnCity,,720381,100,f,,8,149,2024-07-10 10:16:51+00,cb7cba7d-0d72-4e0c-9503-69e280d25bee,,
582,2021-02-01,2021-12-31,,Kooperation WiFö NSW,,720699,100,f,,17,203,2024-07-10 10:16:51+00,0bc6fff7-f59a-4847-b28e-7a4d01bb695d,,
377,2018-10-01,2021-06-30,,CSA-Industry4.E,,720494,100,f,,8,72,2024-07-10 10:16:51+00,b9ca9a2f-b4c9-4ff7-8083-49ecf64bc9db,,
430,2019-01-11,2023-07-10,,H2SHIPS,,720547,60,f,,10,124,2024-07-10 10:16:51+00,59c54de4-d2ce-4d0a-bdd8-824c91ef0c89,,
395,2018-01-01,2050-12-31,,geldwerter Vorteil KFZ,,720512,,t,,26,,2024-07-10 10:16:51+00,9fd7dfbf-2f4c-47c5-9a02-968751ae7a2d,,
376,2018-01-01,2100-12-31,,Gemeinkosten EUB,,4,,t,,21,,2024-07-10 10:16:51+00,90d8811a-3746-4fe6-b287-5f7ce92c7e9e,,
392,2018-07-01,2018-09-30,,TRAINING: SIBE Brazil 7.2018,,720509,100,f,,6,157,2024-07-10 10:16:51+00,bd529a13-cfa5-405a-b0fa-12f66ff47cd5,,
676,2023-01-15,2023-03-15,,EVENT: WM Übergang Schule-Beruf,,720793,100,f,,5,204,2024-07-10 10:16:51+00,27783eb2-9d6b-4720-b346-5317dd8c0559,,
427,2018-01-01,2018-02-28,,Expert Contract Circular Farming,,720544,100,f,,17,145,2024-07-10 10:16:51+00,5f3fce82-0213-40b4-8739-fee16601024d,,
426,2019-02-25,2019-04-30,,EU-KONFORM: Universitätsklinikum Tübingen SC1-BHC-07-2019,,720543,100,f,,4,23,2024-07-10 10:16:51+00,e02281b7-c1c8-445a-92ef-09ff95aa8db4,,
415,2019-01-01,2019-12-31,,Enterprise Europe Network 2019: Expert Contract,,720532,100,f,,20,18,2024-07-10 10:16:51+00,f3021087-f603-44dd-aa7b-24da28ed4ff3,,
416,2020-01-01,2021-12-31,,Enterprise Europe Network 2020 - 2021,,720533,100,f,,8,37,2024-07-10 10:16:51+00,00074726-4853-4732-8a2f-211b846af143,,
404,2019-01-01,2020-12-19,,SCIS Unterauftrag in SIG,,720521,100,f,,20,12,2024-07-10 10:16:51+00,4363f641-7a77-4782-9e48-658b1d4a8018,,
434,2019-02-01,2019-04-30,,EU-KONFORM: DEFYMED SC1-BHC-07,,720551,100,f,,4,53,2024-07-10 10:16:51+00,fa891345-6d29-4160-9bf5-33ce0a1aae48,,
267,2016-05-01,2021-03-31,,UpGradeSME Interreg,,720387,85,f,,10,83,2024-07-10 10:16:51+00,17a1f544-e769-4044-804c-9fb473df58d1,,
373,2018-10-01,2018-12-31,,TRAINING: (Storniert) 1 x 1 der Antragstellung (Lehrgang),,720491,100,f,,6,12,2024-07-10 10:16:51+00,aea3bfec-1f3b-4e69-b3bb-daff5857b425,,
459,2019-06-01,2019-06-30,,TRAINING: InnoCapacity Webinar (IT),,720576,100,f,,6,33,2024-07-10 10:16:51+00,a17d54de-3c16-4fa7-b2f3-305bbdae0901,,
343,2019-01-01,2019-12-31,,MWK HAW/DHBW Beratung 2019,,720461,100,f,,14,54,2024-07-10 10:16:51+00,8ac754ef-0124-4e4c-b45d-892069308add,,
198,2015-01-01,2016-12-31,,MFW KMU Unterstützung 2015-2016,,720368,100,f,,,37,2024-07-10 10:16:51+00,6270b4b4-6524-4793-bc83-99bf8b60e130,,
382,2018-07-01,2019-05-31,,EVENT: Open Innovation Kongress 2019,,720499,100,f,,5,32,2024-07-10 10:16:51+00,7a5827eb-8c97-4161-a505-871facd7e2d1,,
121,2008-01-01,2018-03-31,,Europabeauftragung durch das Land Baden-Württemberg,,10087,100,f,,19,11,2024-07-10 10:16:51+00,fcadabe1-bfe4-461c-9ae8-9d3ca8236663,,
284,2017-01-01,2018-12-31,,Enterprise Europe Network 2017 - 2018,,720402,100,f,,8,23,2024-07-10 10:16:51+00,5a09405b-3d8f-473a-b227-2f1452140557,,
452,2019-01-01,2021-12-31,,ClusterAgentur 2018-2021: Expert Contract,,720569,100,f,,20,12,2024-07-10 10:16:51+00,9eab6e5c-b34f-4e7b-ad96-ed86f6da63df,,
369,2018-01-01,2018-12-31,,EEN Unterauftrag,,720487,100,f,,8,12,2024-07-10 10:16:51+00,58e5ac60-332e-41fa-be9b-6940982434ac,,
448,2019-01-01,2019-12-31,,IMG: sbp sonne,,720565,100,f,,7,41,2024-07-10 10:16:51+00,f8cfaf9f-5b88-4375-be19-b9a060aa8fb3,,
450,2019-04-01,2019-09-30,,EUSDR PA8 WG ITT 1,,720567,100,f,,14,83,2024-07-10 10:16:51+00,12a7fd87-b3bc-46f9-85ba-dd8bb654049b,,
454,2019-05-15,2019-07-31,,EU-KONFORM: ASB,,720571,100,f,,4,145,2024-07-10 10:16:51+00,dd9e9a49-1fc0-4c48-b194-16306de517c2,,
455,2019-05-27,2019-09-12,,EU-KONFORM: Aelcod | HS Offenburg MG-2-8-2019,,720572,100,f,,4,124,2024-07-10 10:16:51+00,5d35061e-cb84-4235-9276-cc362a4ca480,,
320,2017-01-01,2025-12-31,,S2i flexible Stunden,,720439,100,f,,20,11,2024-07-10 10:16:51+00,0b8a3c73-b1da-49a1-9bdc-1d237bfb11fc,,
460,2019-05-16,2019-06-15,,EU-KONFORM: Systematic KMU Ph 2,,720577,100,f,,4,33,2024-07-10 10:16:51+00,c502eb86-7678-4a7c-9261-7b155438c396,,
456,2019-06-04,2019-10-31,,EVENT: Donaujustizministerkonferenz,,720573,100,f,,5,32,2024-07-10 10:16:51+00,b71ab6b7-b7e8-4402-aaff-8166a52159ca,,
158,2014-01-01,2018-12-31,,Districts of Creativity 2018,,720323,100,f,,14,147,2024-07-10 10:16:51+00,f34833a8-69f0-494a-bafd-5b4ec10f99f0,,
381,2018-09-01,2019-05-31,,EVENT: DoC Reverse Mission BW,,720498,100,f,,5,147,2024-07-10 10:16:51+00,67ce7209-40d9-4804-8e07-b8cf18a5b6b8,,
579,,,,Ausgleichskst s2i,,720696,,t,,,,2024-07-10 10:16:51+00,112b5364-e277-4c74-9acb-5f2b23c086e0,,
496,2020-03-01,2022-08-31,,NanoFabNet,,720613,100,f,,8,72,2024-07-10 10:16:51+00,6740e2cf-af6b-4679-b76b-cb5f172fdf96,,
277,2016-01-01,2018-12-31,,Auftrag_Innovation (Kleinprojekte unter 5 TEUR Inn.bereich),,720395,100,f,,,11,2024-07-10 10:16:51+00,39bda42a-d764-48cc-ac1b-22a350755a7a,,
461,2019-01-01,2019-12-31,,EVENT: Women4Energy 2019,,720578,100,f,,5,147,2024-07-10 10:16:51+00,26c6d62c-8b03-4795-8787-3e93e4732897,,
463,2019-08-01,2019-09-30,,Expert Contract: TRIANGULUM Event,,720580,100,f,,20,24,2024-07-10 10:16:51+00,7fbc183f-56ce-42ea-9a64-9007515e1a68,,
464,2019-08-01,2019-12-31,,TRAINING: IASI Antragstellung,,720581,100,f,,6,83,2024-07-10 10:16:51+00,03746ef2-cc5e-41fb-855a-5ffd6ff4c759,,
465,2019-08-01,2019-12-31,,TRAINING: IASI InnoMgt,,720582,100,f,,6,83,2024-07-10 10:16:51+00,fe1d0753-c0ef-48bd-9296-f37a53745b4b,,
466,2019-09-01,2019-12-31,,EUSDR-BarCamp,,720583,100,f,,14,83,2024-07-10 10:16:51+00,c35825e2-1796-44e8-a97a-eda0214a36b7,,
312,2017-09-01,2019-08-31,,Smart4Europe H2020,,720431,100,f,,8,72,2024-07-10 10:16:51+00,051d6d3e-127f-4a21-8a94-806e336b6c6e,,
372,2018-01-01,2018-12-31,,MWK HAW/DHBW S2i Unterauftrag 2018,,720490,,f,,20,54,2024-07-10 10:16:51+00,c6b948cd-1352-4df8-aee2-2b91f09f3594,,
429,2019-04-01,2019-07-31,,TRAINING: Das Projekt läuft an – in der Projektadministration durchblicken,,720546,100,f,,6,24,2024-07-10 10:16:51+00,38f849b3-77c4-46a5-8af4-e429c260b812,,
483,2020-01-01,2021-12-31,,BW KAM 5: Expert Contract,,720600,100,f,,20,37,2024-07-10 10:16:51+00,785efe97-b8da-4e46-8acd-a04770a739d1,,
482,2019-09-01,2019-12-31,,BW KAM 4: Expert Contract,,720599,100,f,,20,37,2024-07-10 10:16:51+00,d0a53d82-053e-466b-99d7-a123174ce80c,,
484,2019-10-01,2019-12-31,,TRAINING: 1 x 1 der Antragstellung | 10.10.2019,,720601,100,f,,6,15,2024-07-10 10:16:51+00,5d3f66df-4ba6-43ed-a240-ba4329d4b4bd,,
486,2019-10-01,2019-11-30,,TRAINING: WRS Project Management 10/2019,,720603,100,f,,6,24,2024-07-10 10:16:51+00,ca98e901-bba8-4181-98f0-e11e9648ec9d,,
451,2019-01-01,2019-12-31,,MWK HAW/DHBW Beratung 2019: Expert Contract,,720568,100,f,,20,54,2024-07-10 10:16:51+00,b31495d9-5592-4437-9a5b-440298602ec7,,
492,2019-10-24,2026-12-31,,KFZ S-EU 2030 LJ ab Nov 2019,,720609,,t,,26,,2024-07-10 10:16:51+00,83875d29-e6a0-4545-85b7-fd1e7d8c3cdb,,
476,2019-08-29,2022-08-28,,EIP-SCC: Expert Contract,,720593,100,f,,20,152,2024-07-10 10:16:51+00,5886ec3a-f6d2-447f-bee1-f253168bf246,,
437,2019-01-01,2019-12-31,,STW Kurzberatungspauschale (S2i),,720554,100,f,,17,11,2024-07-10 10:16:51+00,b8b842cc-da69-4281-90c0-97e33be78f1c,,
474,2019-06-21,2021-05-31,,WM Social Innovation Challenge: Expert Contract,,720591,100,f,,20,126,2024-07-10 10:16:51+00,813d358e-32b1-43ec-a501-699e1b66fdff,,
488,2019-08-30,2019-09-30,,EU-KONFORM: HyPerformer NOW/BMWi,,720605,100,f,,22,124,2024-07-10 10:16:51+00,4f325d2f-9a80-4665-a9b8-506408faadf7,,
436,2019-01-01,2020-06-30,,Gendered Innovation Expert Group - Beratungsauftrag,,720553,100,f,,17,22,2024-07-10 10:16:51+00,902e7e03-de66-41b2-96f5-128168c26397,,
467,2019-07-16,2023-08-31,,EIFER: Beratungsauftrag,,720584,100,f,,17,193,2024-07-10 10:16:51+00,3acda0f1-756f-40a1-b8fb-44f3feb455f4,,
490,2019-01-01,2019-12-31,,STW Kurzberatungspauschale (SIG),,720607,100,f,,17,11,2024-07-10 10:16:51+00,9f15b0d4-2024-4040-9f44-312aebb74b76,,
478,2020-01-01,2021-12-31,,EUB IF 2020-2021,,720595,100,f,,19,167,2024-07-10 10:16:51+00,7155e778-afbb-4dd0-bcdd-4abad7a67514,,
283,2016-09-01,2020-02-29,,ConnectedFactories,,720401,100,f,,8,72,2024-07-10 10:16:51+00,314dc31e-caca-46b2-9b2e-18eaa65f2da3,,
339,2018-05-09,2019-12-31,,WM Begleitstudien,,720457,100,f,,14,167,2024-07-10 10:16:51+00,8f04430d-6b9f-4618-a478-cb06487ac431,,
500,2020-01-01,2020-07-31,,EU-KONFORM: VERVE FTI,,720617,100,f,,4,33,2024-07-10 10:16:51+00,3995b091-73b1-4a9b-9c20-9bbe9233bc60,,
487,2019-10-01,2020-03-31,,EU-KONFORM: Industrial Solar | Accelerator,,720604,100,f,,4,73,2024-07-10 10:16:51+00,c6f5a18f-5bb7-4ccc-8e71-74f58acef072,,
498,2020-01-01,2020-12-31,,STW Kurzberatungspauschale (S2i),,720615,,f,,17,11,2024-07-10 10:16:51+00,abd61166-f2a6-4073-9549-dd14eeece031,,
499,2020-01-01,2020-12-31,,STW Kurzberatungspauschale (SIG),,720616,,f,,17,11,2024-07-10 10:16:51+00,a32394d5-a367-4b64-966a-4966609c5762,,
422,2019-01-01,2019-02-28,,Expert Contract NETFFICIENT,,720539,100,f,,20,133,2024-07-10 10:16:51+00,0bed88f0-f9a9-4626-8b8e-80fce86c8a0b,,
468,2019-09-01,2020-06-30,,EVENT: OIK 2020,,720585,100,f,,5,32,2024-07-10 10:16:51+00,d0298b7b-2aa5-4662-8963-126a269113be,,
453,2020-01-01,2021-12-31,,Enterprise Europe Network 2020 - 2021: Expert Contract,,720570,100,f,,20,18,2024-07-10 10:16:51+00,70d7752f-51ed-444a-afae-0160f637e016,,
446,2020-07-01,2021-03-14,,DTC Craiova,,720563,100,f,,11,83,2024-07-10 10:16:51+00,16b792ca-0b77-4e47-a605-c53f747cb24a,,
457,2019-11-01,2021-04-30,,INNOADDITIVE,,720574,100,f,,8,18,2024-07-10 10:16:51+00,ccc34e2c-0f93-4bde-b263-cddf3dae328e,,
494,2020-04-01,2023-03-31,,PITCHH,,720611,100,f,,8,182,2024-07-10 10:16:51+00,2dedcddf-17b4-4c2e-bf5c-263940ba0e54,,
442,2019-10-01,2023-03-31,,INEDIT (mit MwSt),,720559,100,f,,8,72,2024-07-10 10:16:51+00,f3d9e3e1-1343-4ae0-b7d7-4e90eed2a35a,,
458,2020-01-01,2022-06-30,,ROSEWOOD 4.0 - S2i Anteil,,720575,100,f,,8,53,2024-07-10 10:16:51+00,2a5d4128-c7c4-4153-998a-23c3fd443d52,,
473,2020-01-01,2022-08-31,,Smart4Europe2,,720590,100,f,,8,72,2024-07-10 10:16:51+00,0d9f5a2e-c346-4d3e-9aa6-8f1febdae1fe,,
481,2020-01-01,2021-06-30,,EVENT: WM Spitzenfrauen Netzwerktreffen,,720598,100,f,,17,147,2024-07-10 10:16:51+00,0b8363d4-f486-466a-9091-02c38006b454,,
477,2020-01-01,2022-06-30,,ROSEWOOD 4.0 - SIG Anteil (mit MwSt),,720594,100,f,,8,53,2024-07-10 10:16:51+00,63d9ef5a-b84a-42e4-9375-31a82f336e7e,,
389,2019-01-01,2023-06-30,,COSMHYC-XL,,720506,96,f,,8,124,2024-07-10 10:16:51+00,dd4619f8-cc40-4f69-9b2a-e0cbdcd47c3d,,
396,2019-01-01,2022-04-30,,Agriplus - EIP-AGRI,,720513,100,f,,14,145,2024-07-10 10:16:51+00,38fe0fb1-2b04-4740-82b0-64ecfd6d618d,,
419,2019-04-01,2023-11-30,,INSULAE (mit MwSt),,720536,100,f,,8,193,2024-07-10 10:16:51+00,2035e1b5-ecd7-4e74-a0f9-b998a199d469,,
431,2020-01-01,2020-12-31,,MWK HAW/DHBW Beratung 2020,,720548,100,f,,17,54,2024-07-10 10:16:51+00,1221fd72-ead8-4f08-8423-0d5a1b02aba0,,
495,2020-06-01,2023-07-31,,NetworkNature,,720612,100,f,,8,126,2024-07-10 10:16:51+00,05011c69-dc7d-48a0-beca-76f23837b08d,,
325,2018-01-01,2022-10-31,,ClusterAgentur 2018-2021,,720443,100,f,,16,41,2024-07-10 10:16:51+00,c7dd41ee-94c2-4144-9654-df0dfa814399,,
493,2019-12-03,2020-09-30,,AgileProjektteams,,720610,100,f,,14,154,2024-07-10 10:16:51+00,9d294b6e-2ec4-465e-9445-fa4f46e8bbc2,,
470,2019-10-01,2020-07-31,,EVENT: Cloud Mall,,720587,100,f,,5,33,2024-07-10 10:16:51+00,dc289779-bbb0-42e1-9b9a-7abf6398d5a1,,
447,2019-01-01,2022-03-31,,ZIM: Mediri,,720564,100,f,,23,166,2024-07-10 10:16:51+00,7b545584-2bf4-4e28-a1dc-a07c7fc72b2f,,
489,2019-01-01,2020-10-31,,Scale-EU2p (SIG) (o.Vst),,720606,100,f,,8,33,2024-07-10 10:16:51+00,6c8c34f2-2ad8-499c-84f0-bd8f11c1f1b2,,
428,2018-03-01,2018-04-30,,Expert Contract Agro-Energie,,720545,100,f,,17,145,2024-07-10 10:16:51+00,d65eadfc-2a6b-427a-afe6-667fbe9e535b,,
424,2020-01-01,2020-12-31,,MWK HAW/DHBW Beratung 2020: Expert Contract,,720541,100,f,,20,40,2024-07-10 10:16:51+00,b2cea4cc-03f0-436a-92a8-7eb905e99614,,
537,2020-08-01,2020-10-07,,EU-KONFORM: Unisphere | Accelerator,,720654,100,f,,4,185,2024-07-10 10:16:51+00,7e9c6bf1-ae90-4d47-a9b4-8bbf6d35e983,,
510,2020-04-01,2021-06-30,,FUTURE PROOF,,720627,100,f,,8,35,2024-07-10 10:16:51+00,9717f298-5f1b-4b89-9b19-344993bd6ff2,,
580,,,,Ausgleichskst SIG,,720697,,t,,,,2024-07-10 10:16:51+00,9a30a693-8c8a-4237-b332-10acd7f03f26,,
370,2020-02-01,2020-06-30,,TRAINING: 1x1 der Antragstellung (öffentlich) 2/2020,,720488,100,f,,6,24,2024-07-10 10:16:51+00,339d1a33-f249-40ed-89fd-2b282f4835ae,,
544,2020-01-01,2020-09-30,,STUDIE: Döhler Agrar - Expert Contract 2020,,720661,100,f,,20,145,2024-07-10 10:16:51+00,87264733-60fb-48fc-a9bc-390be2ac5376,,
506,2020-02-01,2020-06-30,,EU-KONFORM: IT-Kompass | FTI,,720623,100,f,,4,33,2024-07-10 10:16:51+00,f65f3ade-0f82-460f-a984-c63d686ebee4,,
507,2020-02-01,2020-08-31,,EVENT: Start-up BW Summit - Akquise,,720624,100,f,,5,33,2024-07-10 10:16:51+00,cc033e43-d78f-4df0-b3d7-33b6e6d9210a,,
509,2020-03-01,2020-04-30,,STUDIE: Agro Energie Bericht Landratsamt 2020,,720626,100,f,,13,145,2024-07-10 10:16:51+00,a7600380-9c64-4700-9d68-c44480607966,,
515,2020-03-17,2020-05-19,,EU-KONFORM: HiLabs | Accelerator,,720632,100,f,,4,73,2024-07-10 10:16:51+00,26eeadbd-1e4d-4521-8880-244665bc54b5,,
516,2020-01-01,2020-06-30,,EU-KONFORM: FarmingRevolution | EIC Accelerator,,720633,100,f,,4,33,2024-07-10 10:16:51+00,61a90812-d2b8-42b4-a43e-01651442ee21,,
679,2023-01-01,2024-07-31,,EU-KONFORM: SASS,,720796,100,f,,4,83,2024-07-10 10:16:51+00,b3f3d169-0503-420e-aa0f-15119b301851,,
523,2020-02-01,2020-12-10,,DTC Iasi - ERASMUS,,720640,100,f,,11,132,2024-07-10 10:16:51+00,bda401bf-de4f-42f9-a169-bab0f3f2443f,,
528,2020-06-01,2022-05-31,,ZIM: ASCon,,720645,100,f,,23,166,2024-07-10 10:16:51+00,eca9b39b-fd0b-4d64-9021-daeebf374084,,
517,2020-05-25,2022-04-30,,Vanguard WM 2020 - 2022,,720634,100,f,,14,18,2024-07-10 10:16:51+00,2d766a0f-1d71-4a2d-80ff-d72b131c2856,,
541,2020-07-01,2020-07-31,,Auftakt H2Ruhr,,720658,100,f,,17,124,2024-07-10 10:16:51+00,c14ea994-0522-48f2-84dd-3cb3ca71daa0,,
504,2019-04-01,2019-12-31,,Gendered Innovation Expert Group - Auftrag S2i,,720621,100,f,,20,,2024-07-10 10:16:51+00,181124b3-c11b-4a43-94dc-141fbbd3074a,,
514,2020-09-01,2023-08-31,,BrainTwin,,720631,100,f,,8,132,2024-07-10 10:16:51+00,bc8194e0-96f4-4917-9152-ede70f50e576,,
328,2017-01-01,2017-12-31,,TRAINING: 1x1 der Antragstellung (Zertifikatslehrgang),,720446,100,f,,6,12,2024-07-10 10:16:51+00,c748eda2-0dee-4624-9b21-7563d6f70c2b,,
502,2020-02-01,2020-06-30,,TRAINING: Projektmanagement 2/2020,,720619,100,f,,6,24,2024-07-10 10:16:51+00,2346804f-2093-456a-becf-cd9187cc2ef3,,
535,2020-07-01,2020-12-31,,TRAINING: Projektmanagement 7/2020,,720652,100,f,,6,15,2024-07-10 10:16:51+00,ac37898a-80df-493d-b9c4-9d33927de877,,
529,2020-06-25,2023-06-30,,EQ Volvo S-EU 2050E,,720646,,t,,26,,2024-07-10 10:16:51+00,4b2fed3c-fe6e-42f9-bd13-bdc526c71284,,
525,2020-01-01,2020-12-31,,WM KMU Unterstützung 2019-2020: Expert Contract,,720642,100,f,,20,11,2024-07-10 10:16:51+00,79b41436-6ee8-4706-8f24-e8c054cf01f4,,
518,2020-03-27,2020-05-19,,EU-KONFORM: Oceanergy,,720635,100,f,,4,124,2024-07-10 10:16:51+00,ecd8c8c1-8978-41b8-b8bc-e3be795f6fad,,
505,2020-01-01,2021-12-31,,Geschäftsbesorgung EUB von S2i,,720622,100,f,,20,167,2024-07-10 10:16:51+00,3c0eb856-8bc3-47ca-ba5e-2e19b49ee528,,
511,2020-03-01,2020-11-30,,EU-KONFORM: NC Vision | EIC Accelerator,,720628,100,f,,4,18,2024-07-10 10:16:51+00,65408f00-4d7c-4c2b-92a0-7df85acb2327,,
521,2020-04-01,2020-12-31,,Kooperation WiFö NSW,,720638,100,f,,17,73,2024-07-10 10:16:51+00,09db1558-9e92-4dd7-9b6b-cdf8fab384da,,
540,2020-07-15,2021-02-15,,H2Ruhr: Beratungsauftrag,,720657,100,f,,17,124,2024-07-10 10:16:51+00,ad8de4c2-9f40-4810-a74b-ed1cfdeaba23,,
501,2020-01-01,2020-12-31,,EU-KONFORM: BRC-Solar | Accelerator,,720618,100,f,,4,33,2024-07-10 10:16:51+00,9efa390d-c848-4ede-a494-fcc530fa872b,,
527,2020-05-01,2020-12-31,,STUDIE: Uni HD Strategieentwicklung,,720644,100,f,,13,41,2024-07-10 10:16:51+00,a0463685-4f7b-4161-a4db-2b53dc356740,,
545,2020-01-01,2020-12-31,,EVENT: REDIWA 2020,,720662,100,f,,5,154,2024-07-10 10:16:51+00,66b48350-e1c1-4752-bb88-32579044e0a3,,
549,2020-10-01,2022-09-30,,DTC Bucharest,,720666,100,f,,11,27,2024-07-10 10:16:51+00,f434ed5b-a05d-4f8a-8547-f8c9c898b7f7,,
550,2020-10-01,2020-12-31,,TRAINING: Projektmanagement 10/2020,,720667,100,f,,6,15,2024-07-10 10:16:51+00,fcf884b5-f1a3-43ac-89ca-ec539e3f1f66,,
519,2020-02-17,2020-09-30,,Brexit und neue Brücken: Expert Contract,,720636,100,f,,20,126,2024-07-10 10:16:51+00,97bc61d0-5583-472d-8c0e-cb383dace5a0,,
522,2020-04-01,2023-12-31,,Projektmanagement HelixPflanzen,,720639,100,f,,17,24,2024-07-10 10:16:51+00,6c104963-59b5-45ea-9297-9fc7b4d68eea,,
552,2020-09-23,2020-10-07,,EU-KONFORM: NC Vision | EIC Accelerator - Review der Übersetzung,,720669,100,f,,4,37,2024-07-10 10:16:51+00,e4e25f06-f7fb-488d-8da3-ad1815ea3ffe,,
554,2020-01-01,2020-07-31,,Gendered Innovation - 2020 Unterauftrag S2i,,720671,100,f,,20,154,2024-07-10 10:16:51+00,90792351-ae0f-47e5-bd10-60c9908429ef,,
524,2020-03-16,2020-12-31,,DTC Iasi - Marketing,,720641,100,f,,11,132,2024-07-10 10:16:51+00,286830b8-5fa6-486e-ab9e-bc81695e9857,,
555,2020-10-01,2020-12-31,,TRAINING: DTC Zagreb | Proposal writing,,720672,100,f,,6,132,2024-07-10 10:16:51+00,5880c5ff-95bc-4793-80e2-11e110193de5,,
556,2020-11-01,2020-12-31,,TRAINING: DTC Iasi | Proposal writing,,720673,100,f,,6,132,2024-07-10 10:16:51+00,94ab7488-0f33-42c1-b74d-4596d045982d,,
548,2020-10-01,2020-12-31,,H2020 Internship | Uni Iasi,,720665,100,f,,17,27,2024-07-10 10:16:51+00,21d1b178-c286-44e2-9352-161c840f0f27,,
559,2020-10-01,2021-12-31,,EU-KONFORM: Arculus,,720676,100,f,,4,40,2024-07-10 10:16:51+00,1479400f-e517-4473-8879-8218e6446bca,,
534,2020-07-01,2020-12-31,,IMG: SuJ Co-Creation,,720651,,f,,7,35,2024-07-10 10:16:51+00,9b44bf36-1e9d-4dea-9721-f313b79adf0e,,
561,2020-11-01,2021-03-31,,IMG: Co-Creation SuJ (11/2020),,720678,100,f,,7,168,2024-07-10 10:16:51+00,e7c2e2b7-e4a1-41b1-88b7-90505878c7ed,,
539,2020-07-01,2020-12-31,,EU-KONFORM: HSM FTI,,720656,100,f,,4,53,2024-07-10 10:16:51+00,caa0b883-b2f6-4668-bac4-ef7a660fe38e,,
565,2021-01-01,2021-12-31,,EVENT: OIK 2021,,720682,100,f,,5,32,2024-07-10 10:16:51+00,09bfb0e6-65b5-41c0-a181-c2a482dc37a1,,
567,2021-01-01,2021-08-31,,Frontex Biometrics,,720684,100,f,,16,35,2024-07-10 10:16:51+00,874486b4-eb6a-4f88-a6a2-f432d90e353f,,
491,2020-09-01,2021-01-31,,EU-KONFORM: InnoSup 8,,720608,100,f,,4,182,2024-07-10 10:16:51+00,53aeb9b3-2b87-483e-90cf-dff860ff7d16,,
546,2020-09-01,2023-06-30,,TITAN-E,,720663,50,f,,10,53,2024-07-10 10:16:51+00,f86c8aa5-db8a-4b6f-b169-6138029aeed4,,
358,2018-07-01,2021-12-31,,Danube S3 Cluster Interreg,,720476,85,f,,10,203,2024-07-10 10:16:51+00,43d39762-db46-4a09-b401-e1c63899bbf3,,
536,2020-07-15,2023-07-14,,French Audi Q3 S-EU 711  ab 15.07.2020,,720653,,t,,26,,2024-07-10 10:16:51+00,95998440-84dc-4f98-a42b-3c0d090569f5,,
503,2020-01-01,2030-12-31,,SEZ Sonstiges,,720620,,f,,21,22,2024-07-10 10:16:51+00,24a24914-f9cf-4b76-bf12-2834e830127d,,
409,2019-06-01,2024-03-31,,SUSMAGPRO  (mit MwSt),,720526,100,f,,8,112,2024-10-01 08:01:44+00,5f46a9fd-efe5-4e16-bbf9-15ef216f6340,,
318,2017-01-01,2100-12-31,,SIG flexible Stunden,,720437,100,f,,20,11,2024-10-02 11:25:01+00,f36a170c-ebc4-4f69-abbb-be9cb9649970,,
530,2020-10-01,2025-09-30,,ISLANDER (mit MwSt),,720647,100,f,,8,27,2025-10-15 07:05:15+00,d46df887-f967-4661-a54c-2724c8a566ab,2016,
508,2020-02-17,2023-12-31,,Brexit und neue Brücken,,720625,100,f,,13,32,2024-07-10 10:16:51+00,34c2d9d5-81fa-4b9e-88b7-ac3a59617881,,
560,2020-12-01,2023-11-30,,KFZ RG DB,,720677,,t,,26,,2024-07-10 10:16:51+00,0caa0267-08a8-4e36-b631-554181b4eac8,,
553,2021-01-01,2024-06-30,,EiA,,720670,100,f,,8,54,2024-07-10 10:16:51+00,c2a1aa77-e3e8-4675-92c2-b5f3758f32e9,,
563,2021-02-01,2023-12-31,,InterOpera (mit MwSt),,720680,100,f,,22,117,2024-07-10 10:16:51+00,6388037c-b659-404b-915b-ff2d24612c28,,
564,2021-01-01,2021-12-31,,Districts of Creativity 2021,,720681,100,f,,17,147,2024-07-10 10:16:51+00,08b3e768-f9d9-4b71-b058-d2e445c9d8e8,,
543,2020-12-21,2022-03-31,,DE-FR Vernetzung Digi4.0 & KI,,720660,100,f,,14,18,2024-07-10 10:16:51+00,295a33cb-8441-4db7-b518-02075ef0613d,,
526,2020-01-01,2020-12-31,,STUDIE: Uni HD Screening FuE Projekte 2019,,720643,100,f,,13,41,2024-07-10 10:16:51+00,56275f3d-a938-4000-94e0-d5cc4df3f2bf,,
531,2020-07-01,2022-12-31,,ReStart4Danube,,720648,85,f,,10,164,2024-07-10 10:16:51+00,c5569e33-1001-4547-949f-7487bdef3e09,,
513,2020-11-01,2023-10-31,,W4RES,,720630,100,f,,8,228,2024-07-10 10:16:51+00,5630896d-447a-4b57-b3f7-e0ec8e6e9b4d,,
512,2020-10-01,2023-09-30,,AI REGIO (inkl. MwSt),,720629,100,f,,8,72,2024-07-10 10:16:51+00,68f1bd1f-5252-45d1-b99b-67ee488be9cb,,
551,2020-07-01,2021-06-30,,EVENT: Horizon Europe Auftakt,,720668,100,f,,5,32,2024-07-10 10:16:51+00,e9974731-a3e6-4b61-b0a4-66e10bbd607e,,
432,2021-01-01,2021-12-31,,MWK HAW/DHBW Beratung 2021,,720549,100,f,,17,54,2024-07-10 10:16:51+00,fa49ae5f-c1ed-42f4-946e-209a31a51c63,,
433,2022-01-01,2022-12-31,,MWK HAW/DHBW Beratung 2022,,720550,100,f,,17,112,2024-07-10 10:16:51+00,e91de9c5-896a-4b3d-927a-52778c433cde,,
542,2020-08-01,2021-06-30,,BERATUNGSAUFTRAG: Erdgas Südwest I,,720659,100,f,,17,124,2024-07-10 10:16:51+00,a49759d1-69b9-4808-830b-452310da883b,,
497,2020-06-01,2023-05-31,,METABUILDING (mit MwSt),,720614,100,f,,8,198,2024-07-10 10:16:51+00,9cdd9931-0de0-497b-9f48-d936b2627259,,
558,2021-02-01,2024-04-30,,AEDIB|NET (mit MwSt),,720675,100,f,,8,225,2024-07-10 10:16:51+00,e9208451-7073-4fa6-adce-df48a25b0fe7,,
635,2022-06-01,2022-08-31,,KI-Champions 2022,,720752,100,f,,5,32,2024-07-10 10:16:51+00,237e467a-e4de-42f9-b10b-58b345138148,,
569,2021-01-25,2021-02-28,,EVENT: PflegeDigital@BW,,720686,100,f,,5,147,2024-07-10 10:16:51+00,e20dfc2c-4230-455a-9dca-d1a99e3cd164,,
566,2021-02-01,2023-01-31,,EU Island Secretariat,,720683,100,f,,16,152,2024-07-10 10:16:51+00,3bd7d4ce-c429-4d36-a63f-07cd191daad3,,
570,2021-02-01,2023-01-31,,EU Island Secretariat: Expert Contract,,720687,100,f,,20,152,2024-07-10 10:16:51+00,5e797df0-c64b-4318-8062-d0d13db47fde,,
572,2022-01-01,2025-06-30,,Enterprise Europe Network 2022 - 2024,,720689,100,f,,24,18,2024-07-10 10:16:51+00,0dfbd22c-4135-40d8-975f-c0a735e7ba90,,
574,2021-01-01,2022-12-31,,WM KMU 2021 - 2022,,720691,100,f,,14,73,2024-07-10 10:16:51+00,688af6f7-a0c3-4b1a-975e-28cf42cda7fc,,
581,2021-03-29,2021-09-30,,EVENT: 4. @MINT Netzwerkveranstaltung,,720698,100,f,,5,147,2024-07-10 10:16:51+00,a4e2a5a5-ba01-49b6-8363-a9c1945ef3e1,,
583,2021-01-01,2021-12-31,,MWK HAW/DHBW Beratung 2021: Expert Contract,,720700,100,f,,20,112,2024-07-10 10:16:51+00,58c49892-d994-4d45-b47c-fc0ec8157c9d,,
575,2021-03-01,2022-02-28,,EFFECT-SME,,720692,100,f,,8,185,2024-07-10 10:16:51+00,a2952e8d-9d7d-4de8-96d7-dd792ee69fe7,,
585,2021-03-01,2021-04-30,,EU-KONFORM: LeichtbauBW,,720702,100,f,,4,117,2024-07-10 10:16:51+00,7cf4dea7-9046-49f3-b9e1-af02a4a51467,,
605,2021-10-01,2022-09-30,,UpGrade SME Extension,,720722,85,f,,10,191,2024-07-10 10:16:51+00,460a63c2-2f79-4d9d-9f27-6fbb72c1ae0e,,
584,2021-04-01,2021-09-30,,TRAINING:1 x 1 der Antragstellung 4/2021,,720701,100,f,,6,24,2024-07-10 10:16:51+00,38a000c8-d54e-4b1a-b01e-4cc9d234f5e8,,
445,2019-09-01,2022-02-28,,DepoSIt (mit MwSt),,720562,100,f,,8,132,2024-07-10 10:16:51+00,4b7aad46-4112-4630-b37c-1940471cb417,,
444,2019-09-01,2021-10-31,,200SME Challenge (mit MwSt),,720561,100,f,,8,132,2024-07-10 10:16:51+00,a3837ea1-7cf3-40f0-a59f-a4555697d0f2,,
588,2022-01-01,2022-12-31,,MWK HAW/DHBW Beratung 2022: Expert Contract,,720705,100,f,,20,112,2024-07-10 10:16:51+00,ae87c75f-6331-496c-913d-fbc14992a681,,
617,2022-06-01,2025-11-30,,Flex4Fact (mit MwSt),,720734,100,f,,24,184,2024-07-10 10:16:51+00,a4bdc8ff-886f-4642-bba4-35a8d91bb7b8,,
547,2020-11-10,2021-09-30,,IMG: 3D Druck ABB Striebel & John,,720664,100,f,,7,35,2024-07-10 10:16:51+00,1c84ff2a-cd0f-4e37-a517-b58b3554250f,,
589,2021-04-15,2021-04-30,,BERATUNGSAUFTRAG: Erdgas Südwest 2021,,720706,100,f,,17,124,2024-07-10 10:16:51+00,38e771ed-fcf5-4a05-a1a6-d68b43997960,,
591,2021-06-01,2021-06-30,,TRAINING: AXEL - Energie Accelerator,,720708,100,f,,6,33,2024-07-10 10:16:51+00,f3045ed4-1036-48b3-9d89-47056b590374,,
359,2018-07-01,2021-12-31,,Finance4SocialChange Interreg,,720477,85,f,,10,164,2024-07-10 10:16:51+00,ba185295-ea6e-4acc-9f9b-2435e3968807,,
336,2018-05-01,2021-10-31,,PRO-RES,,720454,100,f,,8,54,2024-07-10 10:16:51+00,2edffa75-10c0-4ee2-838b-f7e8e05f834f,,
462,2019-06-21,2021-08-31,,WM Social Innovation Challenge BW (mit MwSt),,720579,100,f,,14,126,2024-07-10 10:16:51+00,d5d9b275-0775-4674-b55e-90542a36202c,,
622,2022-06-01,2026-05-31,,LongCovid,,720739,100,f,,24,311,2024-07-10 10:16:51+00,9be37e3f-cd46-4f42-b0d7-b217960247db,,
324,2017-12-01,2020-12-31,,Scale-EU2p (S2i),,720442,70,f,,8,33,2024-07-10 10:16:51+00,7d171445-a8c1-4148-8b1e-31852701503d,,
606,2022-01-01,2023-12-31,,EUB: 2022 - 2023,,720723,100,f,,19,167,2024-07-10 10:16:51+00,f516b494-c4cb-45e0-8726-498e98f048d9,,
594,2021-01-01,2021-12-31,,Weiterbildung S2i,,720711,,f,,21,11,2024-07-10 10:16:51+00,d79fab34-2746-4f90-aae1-7baa24994011,,
595,2021-01-01,2021-12-31,,Weiterbildung SIG,,720712,,f,,21,11,2024-07-10 10:16:51+00,226651d4-f990-4a73-8eea-1cf355da8dea,,
596,2021-06-01,2021-12-31,,EU-KONFORM: HEALAN 2021,,720713,100,f,,4,117,2024-07-10 10:16:51+00,96a0e7f8-86b6-4ce1-9182-4bb42aea3acf,,
612,2022-01-01,2023-12-31,,ChemForesight,,720729,100,f,,16,35,2024-07-10 10:16:51+00,b3a4403b-500a-4a4c-98bb-5b5ba169916b,,
597,2021-05-01,2025-01-15,,BBSR,,720714,100,f,,22,24,2024-07-10 10:16:51+00,a0fe54a9-7198-474a-8c96-066f82edbe7b,,
624,2022-06-01,2025-11-30,,EQATOR (inkl. MwSt.),,720741,100,f,,24,341,2024-07-10 10:16:51+00,af4156cd-b43b-4f1f-882a-0b961f3088bb,,
636,2022-09-27,2024-08-31,,Vanguard 2022-2024,,720753,100,f,,14,185,2024-07-10 10:16:51+00,d9aa0d7b-2a95-40cb-b853-5e132eae5ff2,,
601,2021-10-01,2022-05-31,,EVENT: OIK 2022,,720718,100,f,,5,32,2024-07-10 10:16:51+00,e53a050a-ed3d-44d3-98df-04d08e4b7e13,,
604,2021-10-01,2022-09-30,,Social Seeds Extension,,720721,85,f,,10,192,2024-07-10 10:16:51+00,33387c53-68d0-41ce-94df-72be9ca1ac04,,
602,2022-01-01,2022-12-31,,Districts of Creativity 2022,,720719,100,f,,14,147,2024-07-10 10:16:51+00,5cea8d09-9baa-49b9-8374-11ab5febe0e0,,
326,2018-01-15,2021-09-30,,KET4CleanProduction,,720444,100,f,,8,117,2024-07-10 10:16:51+00,bb674c35-2a03-4acb-9864-1bdd9273fcbc,,
607,2019-01-01,2020-12-31,,Scale-EU2p(SIG)WB,,720724,,f,,8,4,2024-07-10 10:16:51+00,0e22d476-9f05-49e3-aa04-3bdaa9f9f4fc,,
598,2021-07-01,2021-11-30,,EU-KONFORM: LHS CallTopicSuche,,720715,100,f,,4,149,2024-07-10 10:16:51+00,3e97e3e6-8b41-40d7-8e87-efde5691efe0,,
637,2022-09-01,2025-08-31,,EEN2EIC,,720754,100,f,,24,18,2025-01-08 08:52:39+00,e6bc965e-e5df-45f3-aff6-db24f73eb439,,
627,2022-06-01,2025-11-30,,Distender,,720744,100,f,,24,331,2025-10-14 15:48:42+00,2155514d-5a9f-4d25-8e01-c854da3a8711,2017,101056836
614,2022-05-01,2025-08-31,,AeroSolfd (mit MwSt.),,720731,100,f,,24,295,2025-04-23 09:09:24+00,a1568152-db2a-46a6-a45d-b6abd2bbd04f,,
571,2021-05-01,2025-04-30,,FlashPhos (mit MwSt),,720688,100,f,,8,53,2025-10-14 07:22:50+00,8da06837-702e-43cb-b1f4-93751d3641b8,2016,958267
632,2022-01-01,2025-12-31,,Geschäftsbesorgung EUB von S2i  2022-2025,,720749,100,f,,20,167,2025-06-17 08:26:41+00,f3c1a1c1-815b-485f-a922-4911347e2d3b,,
573,2022-01-01,2025-06-30,,Enterprise Europe Network 2022 - 2024: Expert Contract,,720690,100,f,,20,18,2025-07-30 08:55:10+00,1f769c80-7149-4375-8193-c10d56799798,,
720,2024-01-01,2027-12-31,,metaCCAZE (mit MwSt.),,720837,100,f,,24,149,2025-09-08 09:15:36+00,a3f1a556-0d78-4254-84a2-44f065e12040,,
725,2024-01-01,2026-12-31,,HARMONY (mit MwSt),,720842,100,f,,24,54,2025-10-14 07:35:00+00,b8a3f4c8-e1f8-4eff-9208-d72d30479da8,2016,101138767
626,2022-07-01,2026-06-30,,REEsilience (mit MwSt.),,720743,100,f,,24,54,2025-10-14 07:35:30+00,32ed1821-6c25-4e79-8611-cef0d1d8ff86,2016,101058598
631,2022-09-01,2026-02-28,,EARASHI (inkl. MwSt.),,720748,100,f,,24,90,2025-10-15 08:41:57+00,2413f56c-e2cf-4b86-bcb9-b8744f6ce290,2016,101069994
623,2022-09-01,2025-08-31,,ROBIN,,720740,100,f,,24,164,2025-10-20 12:40:45+00,6e73f3fd-e88a-42e9-b564-c279ac8097d4,2017,101060504
592,2021-10-01,2027-03-31,,OpenLab (inkl. MwSt),,720709,100,f,,8,339,2025-10-22 08:37:48+00,c0165b23-f8bb-4fb9-919c-4f9adf1097b1,,
600,2021-08-16,2021-10-15,,EVENT: Besuch des EU-Kommissars,,720717,100,f,,5,32,2024-07-10 10:16:51+00,fc06394d-3a25-47c8-a366-7f9b07ef5c02,,
356,2018-07-01,2021-12-31,,DanubeChance2.0 Interreg,,720474,85,f,,10,164,2024-07-10 10:16:51+00,f72801ea-ac6e-4a85-8bf5-7195b6521746,,
608,2021-10-01,2021-12-31,,TRAINING: 1x1 der Antragstellung,,720725,100,f,,6,12,2024-07-10 10:16:51+00,4375817e-45cd-4a2e-89ee-b61dbc501a18,,
610,2021-11-16,2021-12-31,,EU-KONFORM: Stadt Pforzheim,,720727,100,f,,4,114,2024-07-10 10:16:51+00,7ff64671-d0f9-4e33-90a2-861064831118,,
609,2021-06-15,2021-07-31,,Auftrag: SBZ-IFM,,720726,100,f,,17,124,2024-07-10 10:16:51+00,a6ab13fd-16cc-4883-ace4-dddfd30c97e8,,
611,2021-10-01,2021-12-31,,WM Auftrag: Recherche Green Deal,,720728,100,f,,17,27,2024-07-10 10:16:51+00,102e1c35-2a91-40e1-bd76-92b8ee0785de,,
599,2021-08-16,2021-10-31,,Flyer: Wirtschaftliche Positionierung,,720716,100,f,,17,147,2024-07-10 10:16:51+00,a4878b06-ebd4-4401-85b5-475f24cc1cef,,
586,2020-12-15,2022-12-31,,Danube Alliance,,720703,100,f,,16,203,2024-07-10 10:16:51+00,80daf8c3-49e8-4d6a-afc4-017c3a6588bc,,
406,2019-05-01,2022-04-30,,SmartX (ehem. ASTERIX) (mit MwSt),,720523,100,f,,8,114,2024-07-10 10:16:51+00,c7e94029-f4e0-48e0-aee3-8ffa9f88b4cf,,
618,2021-11-01,2021-12-31,,EVENT: VI Regional Conference,,720735,100,f,,5,18,2024-07-10 10:16:51+00,032fa724-27c4-4c8a-8246-f18e8e975716,,
443,2019-10-01,2023-09-30,,RECLAIM (mit MwSt),,720560,100,f,,8,220,2024-07-10 10:16:51+00,24b152ef-2407-498a-99a9-a100d65bddde,,
620,2022-02-01,2022-12-31,,TRAINING: 1x1 der Antragstellung 2/2022 bw-i,,720737,100,f,,6,15,2024-07-10 10:16:51+00,b72689d9-bdc7-449a-9c51-ca16eee018ac,,
593,2021-10-01,2025-09-30,,RESTORE,,720710,100,f,,8,289,2024-07-10 10:16:51+00,e81ebbab-a28e-4bb7-a9a9-32e2eb63b8fe,,
587,2021-06-01,2021-12-31,,Vanguard KI Pilot 2021,,720704,100,f,,14,185,2024-07-10 10:16:51+00,8090c624-f491-439b-9938-3cc1c0ba882b,,
630,2022-03-01,2023-03-31,,Vanguard SME Success Stories,,720747,100,f,,14,185,2024-07-10 10:16:51+00,458e48c5-872f-4de5-856f-17c88b5ab725,,
638,2022-05-01,2022-12-31,,TRAINING: 1x1 der Antragstellung 31.05.2022 | IONOS,,720755,100,f,,6,15,2024-07-10 10:16:51+00,86178479-9f12-4ac8-b6f7-4ff35169c97a,,
633,2022-04-01,2022-07-31,,Expert Contract: SmartEnCity EVENT,,720750,100,f,,20,204,2024-07-10 10:16:51+00,3f902457-e75d-4627-b7a8-92d903d614e2,,
634,2022-06-01,2022-12-31,,MWK Landesforschungspreis 2022,,720751,100,f,,5,204,2024-07-10 10:16:51+00,b48b8d6f-0a76-437c-85b7-2623f4f88f83,,
639,2022-05-01,2022-06-30,,TU Iasi: Antragstellung,,720756,100,f,,16,215,2024-07-10 10:16:51+00,9a20e283-308f-4725-8771-b91f81b46fdb,,
590,2021-06-01,2022-10-31,,EU-KONFORM: Mann+Hummel CL-5 Retrofit-HEU,,720707,100,f,,4,145,2024-07-10 10:16:51+00,bc22ef32-aec9-44df-ba87-473958042170,,
619,2021-06-01,2022-12-31,,EU-KONFORM: Partnervermittlung M+H Indoor Air,,720736,100,f,,4,218,2024-07-10 10:16:51+00,99b5b600-5fe6-4dd6-963f-877be5e1d8df,,
613,2021-12-10,2022-04-30,,EU-KONFORM: LHS CERV Global Europe,,720730,100,f,,4,12,2024-07-10 10:16:51+00,73884f24-9a4e-419f-b905-38eac2df9f8b,,
640,2022-06-01,2022-09-30,,Expert Contract: MySmartLife,,720757,100,f,,20,204,2024-07-10 10:16:51+00,69c1f66a-23ff-4903-a35f-cd5e97674553,,
321,2017-01-01,2024-12-31,,SIG Business,,720440,100,f,,20,11,2024-07-10 10:16:51+00,bc8e6ad4-196a-48ed-a1f8-1cf91405baa9,,
642,2022-08-01,2025-07-31,,TENDER: DTA,,720759,100,f,,16,185,2024-07-10 10:16:51+00,5df79ac1-5ab4-4e1b-a06f-fea2e6d010ed,,
669,2022-09-01,2023-06-30,,EVENT: OIK 2023,,720786,100,f,,5,32,2024-07-10 10:16:51+00,744647b3-9b75-44d7-b5e9-4120e88703bb,,
657,2023-01-01,2025-12-31,,AI REDGIO 5.0 (mit MwSt.),,720774,100,f,,24,113,2024-07-10 10:16:51+00,5b4c1f43-51b5-45f1-acd9-973243bffd88,,
688,2023-05-01,2026-04-30,,ADMIRAL (mit MwSt.),,720805,100,f,,24,191,2024-07-10 10:16:51+00,80c5ee45-bbf3-4608-8ace-97a605af7238,,
667,2023-01-01,2024-09-30,,TENDER: SKIIVE,,720784,100,f,,16,54,2024-07-10 10:16:51+00,61d228cc-2c27-4cc1-9841-4cb40de948a3,,
710,2023-01-01,2023-12-31,,EU-KONFORM: BioFibreLoop,,720827,100,f,,4,145,2024-07-10 10:16:51+00,4c27b1bf-1b5d-4deb-badc-c521ead938c1,,
685,2022-11-01,2022-11-30,,MOSTH2: Expert Contract,,720802,100,f,,20,124,2024-07-10 10:16:51+00,149d030e-132c-4a4a-9996-0cf01912e1d4,,
689,2023-02-22,2023-03-31,,BERATUNG: Green Hydrogen CAT-BW MWK,,720806,100,f,,17,124,2024-07-10 10:16:51+00,bf05876f-bf5d-4340-b50d-0d782272cfde,,
700,2023-10-01,2027-09-30,,MAGICIAN (mit MwSt.),,720817,100,f,,24,206,2024-07-10 10:16:51+00,331d6bab-5035-4096-899f-3173d5c9be0d,,
692,2023-03-16,2023-06-30,,Meet&Match Future Medicine,,720809,100,f,,5,147,2024-07-10 10:16:51+00,1c320380-709b-434f-88c0-df297f62270a,,
686,2023-03-15,2024-12-31,,EVENT: Netzwerktreffen MINT 2023 & 2024,,720803,100,f,,5,147,2024-07-10 10:16:51+00,49294e10-4e5b-4ed9-a41e-adc6c8fefb18,,
644,2022-08-29,2026-08-28,,TENDER: Smart Cities Marketplace 2.0,,720761,100,f,,16,152,2024-07-10 10:16:51+00,0b9f4a7f-34f0-4801-8619-8f87f9266f1d,,
520,2020-06-01,2020-12-31,,EU-KONFORM: TUM LC-SC3-RES-34-2020,,720637,100,f,,4,41,2024-07-10 10:16:51+00,07892f1d-ed8e-468c-bcff-97b58ed8fe12,,
661,2022-08-25,2022-10-27,,EU-KONFORM: EIFER EDF 2022,,720778,100,f,,4,193,2024-07-10 10:16:51+00,9faf3a3c-b86a-47dc-b932-39dc6c0d50b4,,
662,2022-08-10,2022-08-20,,EU-KONFORM: X Wind,,720779,100,f,,4,124,2024-07-10 10:16:51+00,8f110662-b788-47db-bbbb-f87e5c981b8a,,
259,2016-01-01,2030-12-31,,S2i Business,,720380,100,f,,20,11,2024-07-10 10:16:51+00,37dbd6a4-ee4e-43e6-a9dd-4d72699a88bf,,
663,2022-07-01,2022-09-06,,EU-KONFORM: INIT,,720780,100,f,,4,183,2024-07-10 10:16:51+00,26294c20-3cd2-4f1c-8b9a-7df429a84f8d,,
664,2022-08-31,2022-12-31,,EVENT: Ukraine Delegation Start-up,,720781,100,f,,5,32,2024-07-10 10:16:51+00,b461ac86-75e8-452b-9035-10b3fd85ba09,,
701,2023-05-01,2023-07-31,,TRAINING: Inhouse STC PM 5.2023,,720818,100,f,,6,15,2024-07-10 10:16:51+00,8a1117f2-410d-4138-bbc3-b2ab8446fb7b,,
702,2023-05-01,2023-11-30,,EVENT: WM Incoming Mission 4-Motoren,,720819,100,f,,5,204,2024-07-10 10:16:51+00,cb56b15b-f80c-40d8-a89d-9cad87f56a26,,
691,2023-03-01,2023-05-31,,TRAINING: 1x1 der Antragstellung 3.2023,,720808,100,f,,6,15,2024-07-10 10:16:51+00,687331a5-efde-424c-b5c1-4cbd50b77726,,
665,2023-01-01,2023-12-31,,Districts of Creativity 2023,,720782,100,f,,14,147,2024-07-10 10:16:51+00,a2747bd3-5e51-4792-a4b8-a141e480ef72,,
641,2023-05-01,2023-06-30,,TRAINING: 1x1 5.2023,,720758,100,f,,6,15,2024-07-10 10:16:51+00,a45befe5-5e1b-44c1-8aca-a4fefdb61948,,
697,2023-01-01,2023-12-31,,MARS: Expert Contract,,720814,100,f,,20,72,2024-07-10 10:16:51+00,5e96aafa-6036-4d8c-9008-80a9c62a45db,,
668,2022-10-01,2022-12-31,,TRAINING: 1x1 der Antragstellung 10.2022,,720785,100,f,,6,15,2024-07-10 10:16:51+00,32f5ac36-f46e-42e5-b65b-6a89cb088f2a,,
643,2022-03-29,2022-05-31,,Lunch&Learn BioPro,,720760,100,f,,5,32,2024-07-10 10:16:51+00,423b3090-e13c-44fd-8e16-7c55e0beae4c,,
568,2021-06-01,2026-05-31,,Hydro4U (mit MwSt),,720685,100,f,,8,24,2025-09-08 09:14:23+00,332aff4b-f433-441f-950b-df64b3cb30e7,,
719,2024-01-01,2028-12-31,,MOBILITIES (mit MwSt),,720836,100,f,,24,388,2025-09-08 09:14:55+00,12ebb46f-04c8-416e-9a96-faf7145f9a3e,,
557,2021-01-01,2026-01-31,,METABUILDING LABS (mit MwSt),,720674,100,f,,8,54,2025-10-14 15:54:09+00,96d1ea5f-d9c4-4034-93d0-8d9167a87f73,2016,953193
271,2000-01-01,2100-12-31,,S2i Personal in Gemeinkosten,,2223,100,f,,21,11,2025-09-25 14:12:22+00,7b67b88e-239c-45e2-9bc2-3728b044ec91,,
682,2023-06-01,2027-05-31,,FIBSUN,,720799,100,f,,24,340,2025-10-15 07:02:58+00,23498581-b8ba-4424-8b61-93e1f210ec4c,2017,
615,2022-05-01,2026-04-30,,EcoReFibre (inkl. MwSt.),,720732,100,f,,24,346,2025-10-14 07:22:18+00,0f2ddac3-d678-4cfe-a34b-0e65dc64fcc4,2016,101057473
645,2023-04-01,2026-03-31,,NanodiagBW (mit MwSt.),,720762,100,f,,22,314,2025-10-14 07:44:42+00,3564b3da-b2b4-4b1e-9e00-6ab4c122e93c,2016,03ZU1208DF
621,2022-09-01,2027-07-28,,CANMILK,,720738,100,f,,24,280,2025-10-14 10:35:02+00,30690ddb-75bd-4e28-aba8-fc236b610ac8,2017,
625,2022-10-01,2026-03-31,,OPeraTIC,,720742,100,f,,24,306,2025-10-14 15:57:38+00,b10cec4a-3239-4522-85c6-3e5ef3b52f43,2017,101058409
655,2022-11-01,2026-10-31,,PrAEctiCe,,720772,100,f,,24,306,2025-10-14 15:59:46+00,40d9bfff-4c67-4ce9-a504-0bf2135f856f,2017,101084248
616,2022-06-01,2026-05-31,,MOSTH2,,720733,100,f,,24,368,2025-10-15 06:08:13+00,cbfa6249-488e-46aa-a73d-73a204f789c2,2017,101058547
648,2023-01-01,2025-12-31,,GOFORESTS,,720765,100,f,,24,53,2025-10-15 07:03:08+00,da5a6114-bd94-4b14-96ba-38a0e2af544f,2017,
647,2023-02-01,2026-01-31,,EDIH-AICS,,720764,100,f,,24,35,2025-10-15 08:45:50+00,4b76ead4-2f7f-4370-9de9-5d910cef911f,2017,101083994
653,2023-01-01,2026-12-31,,MARS,,720770,100,f,,24,184,2025-10-17 12:34:57+00,707eded0-b6e4-44f6-a7a2-54f7e6185338,0,101091783
670,2022-10-01,2022-12-31,,Flagship Project EUSDR PA8,,720787,100,f,,16,132,2024-07-10 10:16:51+00,c2ca73fe-e6af-4735-867f-c00056528440,,
684,2023-02-09,2025-02-08,,TENDER: EU Island 2.0: Expert Contract,,720801,100,f,,20,152,2024-07-10 10:16:51+00,71e7c767-b3fb-4ce3-a130-b94b4d72b667,,
699,2023-05-01,2023-06-30,,KI-Champions Videos 2023,,720816,100,f,,14,32,2024-07-10 10:16:51+00,04d46b3a-36c1-4e80-9566-28a762c200f7,,
671,2022-06-16,2022-07-15,,LongCovid: Expert Contract,,720788,100,f,,20,191,2024-07-10 10:16:51+00,50ac359b-6067-47da-b2e2-cc1706484878,,
672,2022-10-01,2022-12-31,,WM: Green Deal (nur KoFi),,720789,100,f,,14,27,2024-07-10 10:16:51+00,029ea0da-f9f9-48a5-b378-4046a791103c,,
673,2022-10-27,2022-12-31,,Meet und Match BioPro,,720790,100,f,,5,147,2024-07-10 10:16:51+00,f127ad6b-247a-42eb-9ca5-de3e650e941b,,
674,2022-12-01,2022-12-15,,TRAINING: IP Workshop HSKA Hoinkis,,720791,100,f,,6,54,2024-07-10 10:16:51+00,7f288cac-9dd2-4b19-aa33-5c269c496a35,,
204,2018-01-01,2100-12-31,,Personalkosten,,2222,,t,,26,,2024-07-10 10:16:51+00,d6ad4c70-b7a5-4631-a0b6-7dba7156f4f6,,
706,2023-04-01,2023-06-30,,AU-EU Innovation Festival,,720823,100,f,,5,54,2024-07-10 10:16:51+00,fa51797c-aa72-48fc-a3ab-8aeb903e9dde,,
705,2023-01-01,2023-12-31,,EU-KONFORM: Wörwag RIA,,720822,100,f,,4,311,2024-07-10 10:16:51+00,4fb18f3e-17b0-41c0-9fd9-47cd8d0014ca,,
659,2022-09-01,2022-12-31,,EVENT: KI Innovationspark BER,,720776,100,f,,5,32,2024-07-10 10:16:51+00,1a264e37-657c-40ac-8d2c-4b7803bcad01,,
538,2020-08-01,2024-06-30,,EU-KONFORM: Aquarray ProjMgt,,720655,100,f,,4,24,2024-07-10 10:16:51+00,c5c8de0e-19f3-4e05-b0bc-476a442e4e47,,
708,2023-07-01,2023-12-31,,EU-KONFORM: GREENE (2nd Stage),,720825,100,f,,4,112,2024-07-10 10:16:51+00,f5664625-5941-4c6b-a021-170bb15cfb51,,
713,2023-07-01,2023-09-30,,EU-KONFORM BioFibreLoop: Expert Contract,,720830,100,f,,20,145,2024-07-10 10:16:51+00,ac12411c-6a20-4ce9-ae0e-6530f88b1f74,,
712,2023-02-14,2023-04-18,,EU-KONFORM Stack4Ships: Expert Contract,,720829,100,f,,20,53,2024-07-10 10:16:51+00,3f67d45f-3dd7-4785-8777-785641ec4e90,,
649,2023-01-01,2026-06-30,,CLASCO,,720766,100,f,,24,113,2024-07-10 10:16:51+00,7ae8016f-9cdc-450a-8100-0572a9b6cf3a,,
716,2023-07-01,2024-01-31,,EU-KONFORM: Eurostars PointTwelve,,720833,100,f,,4,193,2024-07-10 10:16:51+00,d83d0e0e-705e-4fd1-9a1c-76555b84b957,,
696,2023-02-14,2023-04-18,,EU-KONFORM: Stack4Ships,,720813,100,f,,4,193,2024-07-10 10:16:51+00,b4602466-7c87-4e97-83c2-3e7da18e6d1c,,
188,1990-01-01,2100-12-31,,Gemeinkosten SIG,,2,,t,,21,,2024-07-10 10:16:51+00,4dab8879-72f6-40cc-aed9-7fb3c95daa1c,,
711,2023-07-01,2023-12-31,,ISLANDER: Expert Contract,,720828,100,f,,20,53,2024-07-10 10:16:51+00,2a9a7e35-1b22-49d0-8adb-92e7f69670cd,,
709,2024-01-01,2025-12-31,,MASTT2040,,720826,100,f,,25,35,2024-07-10 10:16:51+00,c78307d7-747d-4974-9893-b7821317bf1c,,
707,2023-06-01,2023-12-31,,DaWetRest: Expert Contract,,720824,100,f,,20,317,2024-07-10 10:16:51+00,5cab358e-54a0-4822-8bb3-54e88330a5c7,,
658,2023-01-01,2026-12-31,,ENDOTARGET,,720775,100,f,,24,311,2024-07-10 10:16:51+00,0ddd17a4-240b-4fcf-9fab-5e9d4d75c428,,
717,2023-11-01,2026-10-31,,KFZ French ab 11/2023,,720834,,t,,26,,2024-07-10 10:16:51+00,e3d3be12-8ab2-48b9-9479-19cbccc0c315,,
656,2022-10-01,2026-09-30,,REHOUSE (mit MwSt),,720773,100,f,,24,24,2024-07-10 10:16:51+00,cbfb019f-0aff-443e-8b05-8d614f416713,,
666,2022-08-29,2026-08-28,,TENDER: Smart Cities Marketplace 2.0: Expert Contract,,720783,100,f,,20,152,2024-07-10 10:16:51+00,1876241b-7998-4cf3-a975-99fb77cbbd7b,,
724,2023-09-01,2023-12-31,,EVENT: SCEWC 2023,,720841,100,f,,5,204,2024-07-10 10:16:51+00,b6a6ff30-f47d-48d1-a5e5-6f509f38d675,,
765,2024-01-01,2024-10-31,,SMARTeeStory: ExCo 2024,,720882,100,f,,20,284,2024-07-10 10:16:51+00,edb40730-cedb-4d0f-aea2-09e872ecb18c,,
767,2024-04-01,2024-12-31,,MOBILITIES: ExCo 2024,,720884,100,f,,20,284,2024-07-10 10:16:51+00,e48f3434-9cf4-426f-9526-75a787551f6e,,
771,2024-01-01,2024-12-31,,REEsilience: ExCo 2024,,720888,100,f,,20,54,2024-07-10 10:16:51+00,dae9a35f-e24e-4297-a255-ce039586330b,,
773,2024-05-01,2024-12-31,,EU-KONFORM: HORIZON-JU-CBE-2024-IA-06-IGB-Upfront payment,,720890,100,f,,4,220,2024-07-10 10:16:51+00,2acfa119-cb68-43bd-a39a-b2e4cfb5c2a4,,
774,2024-04-01,2027-03-31,,KFZ Gohla ab 04/2024 S EZ 80E,,720891,,t,,26,,2024-07-10 10:16:51+00,744ba201-1d99-4772-9b69-8f0ccaa59c63,,
776,2024-06-01,2024-12-31,,EVENT: Global Connect 2024,,720893,100,f,,5,32,2024-07-10 10:16:51+00,273efee1-fe8e-403e-9d24-89caef98fe96,,
777,2024-06-05,2024-07-31,,EVENT: Ukrainische Delegation 2024,,720894,100,f,,14,32,2024-07-10 10:16:51+00,edb4acce-d167-4d12-a786-64493c203153,,
726,2024-01-01,2027-12-31,,INVERSE,,720843,100,f,,24,113,2024-07-10 10:16:51+00,29f339a0-ca0d-493f-834e-142f31c446be,,
779,2024-06-01,2024-08-31,,TRAINING: WOIS Innovationsmanagement,,720896,100,f,,6,225,2024-07-10 10:16:51+00,c97bb80f-e536-415a-9690-a107734a0353,,
768,2024-01-01,2024-12-31,,EVERY1: ExCo 2024,,720885,100,f,,20,284,2024-07-10 10:16:51+00,27aaabd7-cd99-415a-a230-8289cb59e09a,,
729,2023-10-01,2024-05-31,,EVENT: OIK 2024,,720846,100,f,,5,32,2024-07-10 10:16:51+00,7824cbb0-809f-4663-8018-bede7f9a1fa0,,
769,2024-01-01,2024-12-31,,GREENE: ExCo 2024,,720886,100,f,,20,54,2024-07-10 10:16:51+00,beb2086b-997f-44f2-af1e-e300203a3a41,,
730,2024-01-01,2024-12-31,,Districts of Creativity 2024,,720847,100,f,,14,147,2024-07-10 10:16:51+00,a57b6259-dd0c-435f-8c3d-2e486b72d03a,,
533,2021-02-01,2024-07-31,,LEVIS (ohne Vorsteuerabzug),,720650,100,f,,8,145,2024-07-10 10:16:51+00,dc4cf584-0805-4eae-83b0-53a272b07402,,
721,2024-01-01,2025-12-31,,SEADE,,720838,100,f,,24,54,2025-10-14 08:56:16+00,70c0dafc-e9b4-4a6a-bd66-5e5d421193bd,2017,101135194
654,2023-08-01,2027-07-31,,NetworkNaturePlus,,720771,100,f,,24,316,2025-10-14 15:56:03+00,63cb09b6-595a-4643-8a12-c2b5ec610fa9,2017,101082213
718,2023-02-01,2024-02-29,,ATELIER: Expert Contract 2023,,720835,100,f,,20,12,2024-09-16 05:45:03+00,eeb888cb-cbee-4f54-9b54-e2c9117fa3e1,,
766,2024-01-01,2024-12-31,,MULTICLIMACT: ExCo 2024,,720883,100,f,,20,54,2024-09-16 14:44:30+00,4997ef5a-b3a0-4825-bdb5-b80a9e7e5421,,
770,2024-01-01,2024-12-31,,Invest4Nature: ExCo 2024,,720887,100,f,,20,54,2024-10-14 06:16:43+00,ec453a2f-c907-445b-950e-c4fa93610349,,
772,2024-06-01,2024-06-30,,LongCovid: ExCo 2024,,720889,100,f,,20,72,2024-11-11 15:09:12+00,40f3edbd-9c19-48b4-b210-e2dbb925bed5,,
764,2024-01-01,2024-12-31,,FUSILLI: ExCo 2024,,720881,100,f,,20,289,2024-11-13 15:22:16+00,44d8b0c0-e518-4ee9-aa69-8c8fc83a16b1,,
687,2023-05-01,2028-04-30,,SMARTeeStory (mit MwSt),,720804,100,f,,24,339,2025-10-22 08:11:53+00,51f86217-d51c-494f-aa35-2344bc06250a,,
646,2023-01-01,2024-10-31,,POSITIVE,,720763,100,f,,25,132,2025-03-12 12:13:13+00,75ca85d1-3fb5-4438-a8fe-92f8385c30d9,,
693,2023-04-03,2025-02-28,,TENDER: FWC Hydrogen 2023,,720810,100,f,,16,147,2025-04-09 08:22:07+00,8e932357-b043-45fb-8e17-ef8e601760f4,,
703,2023-09-01,2026-02-28,,atTRACTION/LUMP,,720820,100,f,,25,206,2025-06-04 12:56:00+00,b1305b26-9796-44ad-b723-3fdfc9456d5a,,
775,2024-06-05,2024-08-31,,KI-Champions Videos 2024,,720892,100,f,,17,147,2025-06-17 10:16:28+00,4b38ee1e-b79a-44ae-bde1-68717f719ffb,,
651,2022-11-01,2026-04-30,,Every1,,720768,100,f,,24,338,2025-09-08 09:14:08+00,b01a4eea-2173-402a-8467-44c78c6ee99e,,
728,2024-01-01,2027-12-31,,HYGHER (mit MwSt),,720845,96,f,,24,124,2025-10-15 07:03:23+00,d15543d0-2a17-4c4c-8af9-b2ce62e81292,2016,101137867
715,2024-01-01,2025-12-31,,EUB: 2024 - 2025,,720832,100,f,,19,167,2025-10-13 06:47:13+00,4793734f-bcb5-4a4a-aff6-2b888aa1218d,2136,WM3-4332-166/141/2
680,2023-07-01,2027-06-30,,LUCRA (mit MwSt),,720797,100,f,,24,369,2025-10-14 11:53:21+00,3d55ee04-2a16-4f2b-a8ea-3379002aff76,2016,101112452
650,2023-01-01,2027-01-31,,ECODALLI,,720767,100,f,,24,379,2025-10-14 13:25:49+00,c5d0110d-4fb9-444d-8c2a-1345beb4941f,2017,101093908
695,2023-09-01,2027-08-31,,POSEIDON (mit MwSt),,720812,100,f,,24,193,2025-10-15 07:03:48+00,5db6534a-619d-473c-83ea-ce8afac422d3,2016,
714,2024-01-01,2026-12-31,,STREAM IT,,720831,100,f,,24,203,2025-10-14 16:02:18+00,76153ef1-6279-4010-81f8-94523c3d098c,2017,101131843
698,2023-06-01,2027-05-31,,CAPTUS (mit MwSt),,720815,100,f,,24,369,2025-10-14 11:53:01+00,3c72fa4f-8652-43f9-af93-c51e71a629d2,2016,101118265
704,2023-10-01,2027-03-31,,MULTICLIMACT (mit MwSt),,720821,100,f,,25,331,2025-10-14 15:55:46+00,42d90ab5-12ec-4551-a5a2-e54c0cd47525,2016,101123538
723,2024-01-01,2027-12-31,,TOXBOX,,720840,100,f,,24,340,2025-10-15 07:03:56+00,b8227a82-674c-4650-adc0-3287f95a605e,2017,
690,2023-06-01,2027-05-31,,DaWetRest (mit MwSt),,720807,100,f,,24,317,2025-10-16 15:21:57+00,a94fa7e5-d478-4db4-bcbf-722ff29327d0,2016,101113015
757,2024-01-01,2024-12-31,,EU-KONFORM: DE/2023-06-13/Wörwag 2. Stufe,,720874,100,f,,4,323,2024-07-10 10:16:51+00,01c6a96b-7271-490a-ab86-6837c82afbd1,,
778,2024-09-01,2024-09-30,,POSITIVE: ExCo,,720895,100,f,,20,132,2024-07-10 10:16:51+00,ea32029e-9721-48ad-9877-d6c5bfb8e254,,
735,2023-09-01,2023-12-31,,EVENT: GACS 2023 LEVIS Stand,,720852,100,f,,5,145,2024-07-10 10:16:51+00,06a91328-5b42-4a7f-b313-fc7156317b6d,,
737,2023-10-01,2023-11-30,,TRAINING: 1x1 11-2023,,720854,100,f,,6,15,2024-07-10 10:16:51+00,3b390a9b-f441-44b3-86cb-f2dee1404ecc,,
740,2023-10-01,2023-12-31,,EVENT: BBSR (GIZ Auftrag),,720857,100,f,,5,32,2024-07-10 10:16:51+00,97cbd2fe-6af1-4ff5-9bc2-7c37d213916f,,
731,2023-01-01,2023-12-31,,Flex4Fact: Expert Contract,,720848,100,f,,20,53,2024-07-10 10:16:51+00,1e6a6cb4-f968-4cbc-a12a-3c8d782cd9a0,,
743,2024-01-01,2024-12-31,,EU-KONFORM: TNO (2 Stage) CircBio,,720860,100,f,,4,145,2024-07-10 10:16:51+00,77fb6570-abb9-445b-958c-68a6689e0326,,
746,2024-01-01,2024-04-30,,EVENT: EU-Forschungsförderung MWK 08.03.2024,,720863,100,f,,5,204,2024-07-10 10:16:51+00,8f8fba7d-fc60-49ea-a04c-39b1028b2518,,
747,2024-01-01,2024-02-29,,EU-KONFORM: MRN Antrag RIS,,720864,100,f,,4,35,2024-07-10 10:16:51+00,8d1c2d8e-f372-45d7-8aaa-0cd0590268be,,
733,2023-01-01,2023-12-31,,H2GLASS: Expert Contract,,720850,100,f,,20,53,2024-07-10 10:16:51+00,c6e691b9-5a93-4003-a1b2-bd35fcd09157,,
742,2023-06-01,2023-12-31,,REHOUSE: Expert Contract,,720859,100,f,,20,284,2024-07-10 10:16:51+00,26f04f64-88db-4352-9ec1-3f8c968b4d84,,
734,2023-01-01,2023-12-31,,SOPHIA: Expert Contract,,720851,100,f,,20,53,2024-07-10 10:16:51+00,e12bae27-0c21-4769-b31b-66968d281b8b,,
751,2024-01-19,2024-04-30,,EVENT: StaMi 4 Motoren 2024,,720868,100,f,,5,147,2024-07-10 10:16:51+00,a06bd10a-0c58-4d39-a652-e0a8e05693b2,,
753,2023-03-01,2023-06-30,,EU-KONFORM: MAGICIAN Partnervermittlung,,720870,100,f,,4,72,2024-07-10 10:16:51+00,e828a81e-403c-4b58-9408-3eb2923c4712,,
752,2023-10-01,2023-12-31,,AEDIBNET: Expert Contract,,720869,100,f,,20,72,2024-07-10 10:16:51+00,3d576ffe-d3c0-4f84-965f-d0ae0f4a86ca,,
629,2022-01-01,2024-12-31,,Vanguard KI Pilot 2022-2023,,720746,100,f,,14,185,2024-07-10 10:16:51+00,913c28fc-34a8-42f6-a056-893472f189b3,,
755,2024-01-01,2024-06-30,,EU-KONFORM: BioFibreLoop Fee,,720872,100,f,,4,37,2024-07-10 10:16:51+00,c9c2db98-bdde-4505-90c5-92a429d3b3ef,,
780,2024-08-01,2024-12-31,,EU-KONFORM: H2Valley Phase 1 Projektanbahnung 2024,,720897,100,f,,4,37,2024-07-11 09:07:09.555012+00,1dfce52e-bb6b-45e0-8b30-852c7e8b88e6,,
759,2024-05-01,2028-04-30,,SUPREMAS (mit MwSt),,720876,100,f,,24,341,2024-07-10 10:16:51+00,4e0aa7da-57a6-44e2-bc69-792fa121c200,,
678,2023-01-01,2024-09-30,,TENDER: SKIIVE: Expert Contract,,720795,100,f,,20,72,2024-07-10 10:16:51+00,81a960d4-b4b3-4760-9bfc-ef7eb1ab73ef,,
782,2024-07-01,2024-09-18,,EU-KONFORM: HORIZON-JU-CBE-2024-RIA-01 (wood) - RISE - upfront payment,,720899,100,f,,4,220,2024-07-11 09:44:38+00,6f0c2079-9eb1-4aee-a329-466ae3c1a566,,
683,2023-02-10,2027-02-09,,TENDER: EU Island 2.0,,720800,100,f,,16,152,2024-07-11 11:04:17+00,356503c0-2cc9-48d5-9986-7124f0526a7e,,
475,2019-08-29,2023-08-31,,EIP-SCC,,720592,100,f,,16,152,2024-07-11 13:03:24+00,25afcf30-3a0e-44c9-a715-3180dd13ce01,,
677,2023-01-01,2024-12-31,,WM KMU Unterstützung 2023-2024,,720794,100,f,,14,323,2024-07-17 15:57:10+00,2ac7fcbc-818d-42ac-84a8-09ccceac9e93,,
785,2024-06-01,2024-12-31,,EU-KONFORM: HORIZON-JU-CBE-2024-RIA-02,,720902,100,f,,4,220,2024-07-25 06:54:29+00,62d13cfd-3c8b-4fd5-b80d-c4852399439c,,
789,2024-06-01,2025-11-30,,BERATUNG: RUDOLFOVO 2024-2025,,720906,100,f,,17,132,2024-07-29 15:05:27+00,3117cc49-5f61-41c4-b01e-7538ac4b9cd8,,
790,2024-06-01,2025-11-30,,BERATUNG: SASS 2024-2025,,720907,100,f,,17,132,2024-07-29 15:08:23+00,81d614f9-4374-4063-987f-5fc35870eeae,,
791,2024-01-01,2024-12-31,,EU-KONFORM: Call Screening Stadt Asperg,,720908,100,f,,4,307,2024-07-31 06:55:36+00,15b847bb-bb5c-4e43-ae52-e44392cf41c0,,
788,2024-06-01,2025-11-30,,BERATUNG: FIS CT 2024-2025,,720905,100,f,,17,132,2024-08-05 12:05:26+00,a5bb31f4-a43f-4853-8378-e0398d41bee9,,
792,2024-06-01,2024-12-31,,EU-KONFORM: DECIRE-WATER Stufe 2 KIT,,720909,100,f,,4,225,2024-08-07 13:34:41+00,33f4b166-e5c8-4051-87a4-9d324fcdd8cc,,
793,2024-07-01,2025-02-28,,EU-KONFORM: BioLINKAGE Upfront,,720910,100,f,,4,225,2024-08-20 08:52:50+00,fa73824e-3edd-4da8-ba2a-4d5f25d2edc6,,
756,2024-06-01,2027-11-30,,SIRCULAR (mit MwSt),,720873,100,f,,24,347,2025-09-08 09:15:09+00,9788eedf-e2e9-48a9-ba50-8899ab701298,,
795,2024-10-01,2024-10-31,,ATELIER: Expert Contract 2024,,720912,100,f,,20,284,2024-09-17 05:22:09+00,8319e2c9-9e0e-4c7c-8a92-032f0ba83c90,,
794,2024-01-01,2100-12-31,,Fortbildung SIG,,720911,,t,,21,321,2024-08-27 12:09:45+00,20e15c73-de2a-4c7f-bb7a-d224f12fd7b8,,
532,2021-01-01,2024-12-31,,FUSILLI (mit MwSt.),,720649,100,f,,8,289,2024-09-11 08:19:48+00,b45ba009-5305-4d09-9891-3ec589d4fc8e,,
628,2022-07-01,2026-06-30,,INVEST4NATURE,,720745,100,f,,24,54,2025-10-14 15:52:32+00,20e750ea-ab0e-42b3-8cba-f53bd0d0d419,2017,101061083
741,2023-06-01,2023-12-31,,FUSILLI: Expert Contract,,720858,100,f,,20,289,2024-10-14 06:18:20+00,a9c4bb50-05be-4a4b-8a51-42ebdd7f48e1,,
748,2024-10-01,2024-11-30,,SHIFT-HUB: Expert Contract,,720865,100,f,,20,72,2024-11-13 11:28:21+00,e874677e-0f37-43a3-9446-8fa48899a015,,
799,2024-01-01,2024-12-31,,Aerosolfd: ExCo 2024,,720916,100,f,,20,295,2024-11-13 12:33:12+00,26c2d225-565e-4255-b991-69330ae1e5db,,
675,2022-11-15,2024-12-31,,WM: Social Innovation Challenge 2.0,,720792,100,f,,14,126,2024-11-14 07:18:20+00,ce0e0f9b-c6c5-4ae8-a311-43b86758b4e3,,
801,2024-12-10,2025-07-31,,EVENT: 10. MINT Netzwerktreffen,,720918,100,f,,5,147,2024-12-15 18:47:25+00,fa189189-c800-43be-b346-b4339a7cc765,,
800,2025-01-01,2025-12-31,,EVENT: Umwelttechnikpreis 2025,,720917,100,f,,5,32,2024-12-15 18:49:04+00,29d72086-61d6-4665-a54b-3c95669c79ee,,
802,2024-07-01,2025-06-30,,BERATUNG: Uni Maribor,,720919,100,f,,17,132,2024-12-16 11:01:14+00,1e70d4a9-a954-4b14-80b3-ae4a246103e9,,
449,2019-11-01,2025-10-31,,ATELIER  (o.Vst),,720566,100,f,,8,149,2025-09-08 09:13:56+00,d378fb5d-9aca-49c0-b1c7-c871d7b81c70,,
745,2024-01-01,2024-12-31,,EU-KONFORM: DTU/Impact 07.02.2024,,720862,100,f,,4,145,2025-02-18 09:04:28+00,3f475795-d177-4d9b-97d7-214118536ce4,,
786,2024-09-01,2025-08-31,,INTERREG: IN4SeRMat,,720903,80,f,,10,83,2025-03-12 11:55:09+00,c71a51a3-7833-4db5-9858-1d3533eff8d3,,
750,2024-01-01,2025-12-31,,TENDER: Citizen Led 2,,720867,100,f,,16,227,2025-04-03 12:50:26+00,a6dcfdae-d001-495e-bada-eba657ba20da,,
787,2024-09-01,2025-08-31,,INTERREG: ForeDanube,,720904,80,f,,10,383,2025-10-20 11:22:34+00,f37befea-14f5-4a1d-a799-ba07aa4823b8,2017,DRP0401011
749,2024-05-01,2026-04-30,,TWIN SYNERGIES,,720866,100,f,,24,132,2025-10-13 10:31:18+00,80488f0f-f5d8-4e7a-b08e-fbc6d0eb8fee,2017,101160135
732,2023-01-01,2023-12-31,,EcoReFibre: Secondment,,720849,100,f,,24,53,2025-06-02 13:00:12+00,70c19a50-3939-45b2-97ad-317bb3a4a7d2,,
736,2023-01-01,2024-12-31,,EQATOR: Secondment,,720853,100,f,,24,341,2025-06-04 09:49:13+00,cc320c00-6b13-4d2b-8841-9aa41ef357e7,,
783,2024-01-01,2025-07-31,,TRAINING: M+H Workshops,,720900,100,f,,6,323,2025-06-12 10:17:23+00,5cdb5731-dc1b-45c2-ae28-5eb91af50a56,,
744,2024-01-01,2024-12-31,,"EU-KONFORM: KIT Antragskorr (Stage 1, 22.2.2024)",,720861,100,f,,4,145,2025-06-17 08:03:13+00,49c45191-8433-46b4-87c4-190b64226124,,
760,2024-06-01,2027-11-30,,BioFibreLoop (inkl. MwSt),,720877,100,f,,24,346,2025-10-15 07:02:01+00,244185f9-11ab-43d7-b052-e619e717e777,2016,
763,2024-11-01,2028-04-30,,STUNNED,,720880,100,f,,24,388,2025-09-08 09:15:20+00,f89b909a-914a-4811-b571-0dd1181cc7ba,,
796,2024-06-01,2025-02-28,,TENDER: FWC Hydrogen FP2,,720913,100,f,,16,53,2025-10-15 07:04:45+00,9968b1a8-82d7-4073-b7c6-7544e707156a,2017,
660,2023-01-01,2025-12-31,,SHIFT-HUB,,720777,100,f,,24,314,2025-10-14 07:45:42+00,3f62ab92-df14-4a2f-b756-3fdb99053b36,2017,101095720
739,2024-01-01,2026-06-30,,INTERREG: Culinary Trail,,720856,80,f,,10,83,2025-10-13 10:29:02+00,184ad292-6ebf-4943-83f3-15d307c4f854,2017,DRP0200312
738,2024-01-01,2026-06-30,,INTERREG: BrAIn,,720855,80,f,,10,132,2025-10-14 07:00:40+00,afa9a1e4-bdfd-41b1-a802-1be770f560f1,2017,DRP0200025
754,2024-06-01,2028-05-31,,GREENE,,720871,100,f,,24,112,2025-10-14 07:32:36+00,8c982f89-9058-4ebd-958a-9fe51a0eac79,2017,101129888
758,2024-05-01,2028-04-30,,PROTEUS (mit MwSt),,720875,100,f,,24,331,2025-10-14 08:57:39+00,0da2ca5a-26ba-4776-8bc4-ec632db694e7,2016,101156960
784,2024-09-01,2025-08-31,,INTERREG: RuBIO,,720901,80,f,,10,164,2025-10-20 12:39:26+00,20c0d6aa-708d-46d4-9118-bc016c5a9c31,2017,DRP0400980
804,2025-01-01,2025-12-31,,SUCCESS FEE: DECIRE WATER,,720921,100,f,,28,225,2024-12-18 06:36:40+00,bf88d64a-abf1-471d-92a5-77b8bbc5b44a,,
848,2025-01-01,2025-12-31,,EU-KONFORM-NovisGmbH-OneStage-Erfolgsbasiert-HORIZON-CL5-2026-02-D3-24,,720965,100,f,,4,307,2025-08-07 10:27:44+00,1bd1c199-aae8-4aa2-9bae-16b32bc39d83,,
827,2025-07-01,2028-12-31,,Enterprise Europe Network 2025 - 2028,,720944,100,f,,24,18,2025-05-06 13:32:29+00,f33c35e9-26ff-4608-b93a-4e0af5aecf38,,
831,2025-01-01,2027-03-31,,BERATUNG: SASS 2024-2027 (zu 720925),,720948,100,f,,17,164,2025-06-24 09:45:33+00,37d417ab-d3b7-41c2-a1a5-a334f457896f,,
814,2024-09-16,2024-09-30,,EU-KONFORM: TenderLink-One-Stage-FixedFee-240478 - EC-JRC_IPR_2024_OP_1301,,720931,100,f,,4,37,2025-01-23 11:01:22+00,98a964d6-181d-433a-8938-5d00751bca5f,,
818,2025-03-01,2026-08-31,,TENDER: CH JU Clean Hydrogen 2025-2026,,720935,100,f,,16,147,2025-02-12 17:16:16+00,ac140d53-2da1-4439-8443-3763e58482bc,,
820,2025-01-01,2025-12-31,,Districts of Creativity 2025,,720937,100,f,,14,147,2025-02-13 08:28:45+00,3f216d0d-4219-4931-98aa-feadf69711c2,,
798,2024-01-01,2024-12-31,,DISTENDER: ExCo 2024,,720915,100,f,100800,20,331,2025-04-07 12:45:22+00,be854998-c449-43b4-9586-f86c37044ce7,,
833,2025-01-01,2027-05-31,,BERATUNG FIS 2024-2027 (zu 720923),,720950,100,f,,17,164,2025-06-24 09:48:06+00,05da9e48-34c9-4930-9b3f-0cea5a29499c,,
826,2025-05-01,2025-06-30,,EVENT: Ukrainische Delegation Metaverse 2025,,720943,100,f,,5,230,2025-05-06 14:35:53+00,7c39432f-271e-48de-8cf9-bca12430d245,,
824,2025-06-01,2028-11-30,,FABULOSE,,720941,100,f,,24,53,2025-10-15 07:02:50+00,2033f756-dc6e-4db1-ae3f-5a4bce202214,2017,
825,2025-04-01,2025-12-31,,EU-KONFORM: CallScreening-MANN+HUMMEL-FixedFee-HORIZON-CL5-2026-02-D3-24,,720942,100,f,,4,307,2025-05-14 08:31:46+00,c30c0e80-c866-41d7-b930-771eea228cf0,,
822,2025-02-01,2025-12-31,,EU-KONFORM-CallScreening-MANN+HUMMEL-FixedFee-HORIZON-JU-CLEANH2-2025-05-02,,720939,100,f,,4,307,2025-05-14 08:31:53+00,e22deace-9d7e-49f0-859a-234935121bf0,,
816,2025-01-01,2025-12-31,,EU-KONFORM: RHYNEUP-emobilBW-One-stage-FixedFee-HORIZON-JU-CLEANH2-2025-06-01,,720933,100,f,,4,307,2025-05-14 08:32:00+00,ecdf1b5b-73fc-4d22-800e-9cfb81cab4c4,,
810,2025-01-01,2025-12-31,,SUCCESS FEE: FABULOSE,,720927,100,f,,28,220,2025-05-20 15:26:43+00,18359818-c20b-4eea-be42-4702131c9876,,
812,2025-01-14,2025-12-31,,EU-KONFORM: BioSmart-TUE-One-stage-FixedFee-HORIZON CL5 D3-02-03,,720929,100,f,,4,307,2025-05-23 10:09:07+00,21ce34a3-96e7-4b4e-af1b-be180a7c69b7,,
829,2025-05-01,2025-09-30,,EVENT: Ukrainische Delegation Start-Up Summit 2025,,720946,100,f,,5,230,2025-05-26 11:26:53+00,215b3a48-b3f2-4c86-8664-1fed44a2894a,,
815,2024-01-01,2024-12-31,,FUSILLI: Secondment,,720932,100,f,,8,54,2025-05-30 11:29:48+00,b4191347-018d-40d2-b431-d93c4b02ff80,,
817,2024-04-01,2024-10-31,,MOBILITIES: Secondment,,720934,100,f,,24,284,2025-06-02 12:59:47+00,a4b0cd06-5a4e-43ce-94d1-7c06872c31d8,,
830,2025-01-01,2025-12-31,,EU-KONFORM: EIC Pathfinder Open 2025 PSI,,720947,100,f,,4,185,2025-06-11 15:37:33+00,307c48d8-98d2-462d-b5ba-bb5a9cd68b68,,
832,2025-01-01,2027-05-31,,BERATUNG: Rudolfovo 2024-2027 (zu 720925),,720949,100,f,,17,164,2025-06-24 09:45:21+00,15890a06-c93a-4458-9394-f6b495ff7ee8,,
835,2025-01-01,2027-03-31,,BERATUNG: SASS 2024-2027 (zu 720923),,720952,100,f,,17,164,2025-06-24 09:51:25+00,45695c17-33d4-4a54-9d32-dc27707d9d6b,,
834,2025-01-01,2027-05-31,,BERATUNG: Rudolfovo 2024-2027 (zu 720923),,720951,100,f,,17,164,2025-06-24 09:58:50+00,161d6418-ce0c-4831-bf51-2047c195e2e6,,
836,2025-01-01,2027-05-31,,BERATUNG: RUDOLFOVO 2025-2027 (zu 720952),,720953,100,f,,17,164,2025-06-24 10:01:38+00,c2ddba19-d9fe-4e3a-91eb-c349ca3d9b0b,,
838,2025-06-01,2025-09-30,,Review-Salome-TU-Clausthal-One-stage-FixedFee-HORIZON-CL4-INDUSTRY-2025-01-TWIN-TRANSITION-36,,720955,100,f,,4,220,2025-06-27 06:27:26+00,cddefabb-bb9d-4c76-a011-201093c1a748,,
839,2025-06-01,2025-09-30,,Review-ReWind-SE-C-IKE-One-stage-UpfrontFee-HORIZON-CL5-2025-02-D2-03,,720956,100,f,,4,220,2025-06-27 06:28:24+00,c3408f44-3382-49ac-9ef2-8df1e0fb02d0,,
841,2025-06-01,2025-09-30,,Full-Flight-REBEL-TU-Clausthal-One-stage-UpfrontFee-HORIZON-CL5-2025-02-D2-03,,720958,100,f,,4,220,2025-06-27 06:37:57+00,bbac978b-32b5-48da-9a5c-3ccccd53db63,,
842,2025-06-01,2025-09-30,,Full-Flight-LICUREE-TU-BAF-One-stage-UpfrontFee-HORIZON-CL4-2025-INDUSTRY-MATERIALS-01-62,,720959,100,f,,4,220,2025-06-27 06:38:13+00,d16a476e-c462-48cb-ae01-f56f4455ecef,,
843,2025-06-01,2025-09-30,,Full-Flight-THALAMUS-UVIGO-One-stage-UpfrontFee-HORIZON-CL4-2025-04-DATA-02,,720960,100,f,,4,220,2025-06-27 06:38:32+00,a5d0e493-e291-4dd1-9ddd-9cd27b1badff,,
837,2025-01-01,2025-12-31,,EU-KONFORM-FullFlight-HOLISTIC-UpfrontFee-HORIZON-HLTH-2025-01-DISEASE-06,,720954,100,f,,4,307,2025-07-10 09:53:28+00,a0f170be-b674-4525-8fa4-0833a0cf4cd0,,
821,2024-06-01,2024-12-31,,ExCo: SUCCESS FEE BioFibreLoop,,720938,100,f,,20,145,2025-07-30 09:02:34+00,e718cb79-c2ee-40b5-99c3-6abb5569fb80,,
847,2025-01-01,2025-12-31,,Aerosolfd: ExCo 2025,,720964,100,f,,20,54,2025-08-01 13:03:01+00,66c71c8c-1414-4c7c-8f4a-a538420388c8,,
803,2025-01-01,2025-12-31,,SUCCESS FEE: Circular-C,,720920,100,f,,28,220,2025-08-06 12:51:06+00,a584881d-d160-4a97-9aca-827df1d6f4ee,,
849,2025-01-01,2025-12-31,,EVERY1: ExCo 2025,,720966,100,f,,20,284,2025-08-08 07:35:45+00,6e42408e-141b-47e0-b592-0cd113e6c1b3,,
850,2025-01-01,2025-12-31,,IANUS: ExCo 2025,,720967,100,f,,20,284,2025-08-08 07:36:44+00,6276adbc-9c40-44eb-ac68-d78cde8a3aed,,
852,2025-01-01,2025-12-31,,MOBILITIES: ExCo,,720969,100,f,,20,284,2025-08-12 15:24:15+00,8e83b8ba-c903-436a-8377-e96930a34014,,
853,2025-01-01,2025-12-31,,AdminSupport_Only-NimbleEY3D-IKERLAN-One-stage-UpfrontFee-HORIZON-CL4-2025-04-DIGITAL-EMERGING-01,,720970,100,f,,4,220,2025-08-20 15:46:58+00,8a255d0d-9216-413c-b527-d97f5a5ee9cf,,
854,2025-01-01,2025-12-31,,VisualsUpgrade-ReWind-SEC-IKE-One-stage-HORIZON-CL4-INDUSTRY-2025-01-MATERIALS-61_SE-C,,720971,100,f,,4,220,2025-08-20 16:57:36+00,6e1fe90f-282c-4351-bb72-74cf081f07e1,,
855,2025-09-01,2025-09-30,,VisualsUpgrade-TiBeRIUM-SEC-IKE-One-stage-HORIZON-CL4-2025-INDUSTRY-MATERIALS-01-62,,720972,100,f,,4,220,2025-09-08 08:56:00+00,098d8ab8-5adb-4a88-be44-e23ff34034f1,,
844,2025-01-01,2025-09-30,,Review-TiBeRIUM-TU-BAF-One-stage-UpfrontFee-HORIZON-CL4-2025-INDUSTRY-MATERIALS-01-62,,720961,100,f,,4,220,2025-09-08 08:56:53+00,f8ad3bfd-9e39-498d-937b-b42e0484f588,,
840,2025-06-01,2025-09-30,,Full-Flight-ALADIN-DITF-One-stage-UpfrontFee-HORIZON-CL4-INDUSTRY-2025-01-MATERIALS-31,,720957,100,f,,4,220,2025-09-08 08:57:11+00,6e187da0-a878-4d19-b64d-3230c8817331,,
823,2025-01-01,2025-12-31,,EU-KONFORM-PEMPIRE-FraunhoferISE-One-stage-FixedFee-HORIZON-JU-CLEANH2-2025-01-01,,720940,100,f,,4,307,2025-09-23 07:38:59+00,bc0d52c6-e4ff-4e4b-a524-0262a4df47e2,,
851,2025-01-01,2025-12-31,,SIRCULAR: ExCo 2025,,720968,100,f,,20,284,2025-09-29 08:06:16+00,b7f9f3cf-8b1b-4ce5-9585-7e9bd1341fb3,,
813,2025-04-01,2028-03-31,,IANUS,,720930,100,f,,24,347,2025-10-10 08:27:51+00,8746c977-46d3-46ed-85c5-914a65e6a9c1,2017,101202110
806,2025-04-01,2027-09-30,,INTERREG: SMILE INCUBATOR,,720923,80,f,,10,344,2025-10-10 14:18:42+00,43227f7e-39b6-4e2e-9dad-f3f0e9fa5ff9,2017,DRP0301090
846,2025-01-01,2025-12-31,,NetworkNaturePlus: ExCo2025,,720963,100,f,,20,54,2025-10-14 15:56:17+00,7a6db3a5-706d-4bb9-b56d-9c9f341119bd,2016,
808,2025-04-01,2028-03-31,,INTERREG: DINAMIC Danube,,720925,80,f,,10,132,2025-10-13 10:32:44+00,fb595967-5194-4acf-a717-01da1354a87b,2017,DRP0300867
809,2025-06-01,2029-05-31,,SoS2LearnDBS,,720926,,f,,24,318,2025-10-14 13:26:32+00,40134d42-b06f-405b-ad70-11c1d7e7e087,2017,101217667
819,2025-06-11,2028-04-30,,WM KMU 2025-2027,,720936,100,f,,14,45,2025-10-14 13:12:26+00,eb5161a1-62cd-48d5-8c43-cba7161ef14f,2017,WM3-4332-156/142/3
811,2025-06-01,2028-05-31,,DECIRE-WATER,,720928,100,f,,24,289,2025-10-14 15:47:32+00,3e4e7867-f36f-4d37-a24d-98e7d8cf590d,2016,101182154
828,2025-06-01,2029-05-31,,Circular-C,,720945,100,f,,24,53,2025-10-15 07:02:36+00,f8c0de14-291e-4e9b-9633-8779ca469128,2017,
807,2025-04-01,2027-09-30,,INTERREG: Danube Crafts,,720924,80,f,,10,164,2025-10-16 15:25:25+00,0f780204-044d-4a89-b956-1041dd0f1385,2017,DRP0300982
805,2025-01-01,2026-12-31,,INNOVATE-EU,,720922,100,f,,24,318,2025-10-16 15:27:04+00,18c5e637-dfbe-48fc-b4fb-bfbff2746f57,2017,101193439
294,2016-01-01,2100-12-31,,SIG Overheads Rechnung,,720413,100,f,,21,11,2025-09-23 16:31:38+00,3ef2d709-44ed-463a-9f7d-73effb1f9682,,
858,2025-09-01,2025-12-31,,EVENT: SCEWC Barcelona 2025,,720975,100,f,,5,147,2025-09-24 14:39:26+00,123186b4-acc6-4060-954d-37b7e7563183,,
781,2024-09-01,2027-08-31,,INTERREG: RECENTRE,,720898,75,f,,10,344,2025-10-10 12:59:47+00,70e388f8-7a09-457a-9071-322812f1dc61,2017,ASP0500348
797,2024-11-15,2025-11-15,,PA8 Lighthouse Projects WM,,720914,100,f,,16,344,2025-10-13 10:26:48+00,84516633-2e55-4961-b790-832c9fb7afb9,2017,
603,2021-10-01,2025-09-30,,SOPHIA (inkl. MwSt),,720720,100,f,,8,326,2025-10-14 07:19:31+00,db76b0d2-c167-4335-bffa-96234e836832,2016,101036836
722,2023-11-01,2027-04-30,,NENUPHAR (mit MwSt),,720839,100,f,,24,53,2025-10-14 07:23:18+00,3f57a587-96bd-4f7a-8623-5ecfb6671828,2016,101082169
727,2024-01-01,2027-12-31,,COREU (mit MwSt),,720844,100,f,,24,369,2025-10-14 11:53:10+00,e125837e-5a5e-455e-be85-ad736832ebce,2016,101136217
860,2025-01-01,2025-12-31,,GREENE: ExCo 2025,,720977,100,f,,20,54,2025-10-14 15:49:09+00,c8ce2cb8-078a-4bff-935a-6a0178eebfde,2016,
845,2025-01-01,2025-12-31,,Invest4Nature: ExCo 2025,,720962,100,f,,20,54,2025-10-14 15:52:53+00,88e120ad-36cd-4b62-b74d-b6b94ed6ccde,2016,
859,2025-01-01,2025-12-31,,RESTORE: ExCo 2025,,720976,100,f,,20,54,2025-10-14 16:00:24+00,0bcc4c8f-2dfc-4c69-bccf-0e79f7d25329,2016,
652,2023-01-01,2026-12-31,,H2GLASS (mit MwSt),,720769,100,f,,24,368,2025-10-15 06:10:20+00,a434b930-40d8-43a9-9c28-e4d4d53b1ead,2016,101092153
856,2025-09-01,2029-08-31,,WoodTreat,,720973,100,f,,24,326,2025-10-15 07:04:04+00,cbe15fb3-d80b-4ec0-962e-0dcccfee0c60,2017,
562,2021-01-01,2025-09-30,,COSMHYC DEMO (mit MwSt),,720679,100,f,,8,124,2025-10-15 08:35:11+00,f85fa74c-589e-4045-84fe-fe32d41b7c05,2016,101007173
862,2025-06-01,2025-10-15,,CallScreening-PIT-2025,,720979,100,f,,4,220,2025-10-15 11:14:50+00,ba40f515-f836-48bf-a26d-f35829a564aa,,
861,2026-02-01,2029-01-31,,EDIH AICS 2.0,,720978,100,f,,24,35,2025-10-15 13:10:13+00,1760ec54-8786-4ac8-91fa-43030f7b30bf,2017,101256788
694,2023-03-01,2026-02-28,,INTERREG: Capacity2Transform LUMP,,720811,80,f,,29,164,2025-10-16 15:28:47+00,640bd407-6ff7-47aa-9d5c-25765f71e5b8,2017,CE0100048
863,2025-10-21,2025-11-07,,FeasibilityCheck_EWMA_2025,,720980,100,f,,4,220,2025-10-21 12:53:01+00,8139cf65-aeaa-4d85-9500-85dd8f057527,,
857,2025-01-01,2025-12-31,,SUCCESS FEE: PEMPIRE,,720974,100,f,,28,307,2025-10-22 08:51:53+00,492c71d3-c0e0-4c27-85d8-1c77fe368f0c,2017,
