dwp_id,dwp_title,dwp_start,dwp_end,dwp_eternal,dpr_id,dwp_target_seconds,dcc_id,dwp_id_parent,update_timestamp,dwp_uuid
84,Mismec,2005-01-01,2006-12-31,f,37,,,,2024-07-10 10:18:37,bd1a2301-ec2c-402f-9997-2b29ad551db7
102,WP6 Quality and Evaluation,2007-01-01,2008-12-31,f,40,504000,,,2024-07-10 10:18:37,7de5ab98-b06a-40db-9d25-d981d91d2b2a
155,C,2008-01-01,2009-06-30,f,56,11160000,,,2024-07-10 10:18:37,07273354-68a2-4209-a20e-97b22937e7ce
17,WP3 Monitor + Report,2006-04-04,2007-04-03,f,15,2160000,,,2024-07-10 10:18:37,e707635e-83da-4379-804b-7385a0d5fe5c
81,Hauptprojekt,2006-01-01,2007-12-31,f,36,4896000,,,2024-07-10 10:18:37,55db589a-2e3d-4ba6-81c4-529af372295f
121,WP TRAIN1 Multivariant production,2008-07-01,2011-06-30,f,41,2520000,,,2024-07-10 10:18:37,71e6220a-e965-4942-939e-7c1b13356bb6
126,WP 5 Dissemination,2005-12-18,2008-05-31,f,42,1080000,,,2024-07-10 10:18:37,105b0b04-657b-4788-8f83-05ff24570706
13,WP5 Support,2006-01-15,2007-09-15,f,13,1591200,,,2024-07-10 10:18:37,24921017-60bc-4494-a381-86cc07e8bbc3
9,Hauptpaket,2005-07-01,2006-10-31,f,9,5400000,,,2024-07-10 10:18:37,571d95b9-13a3-48cd-9b79-fc405c380f7b
63,WP3 Implementing Events,2006-09-01,2009-02-28,f,31,756000,,,2024-07-10 10:18:37,2e367d0f-9dea-4236-84fb-1de4dee98ea7
78,WP4 Improving,2006-06-01,2008-05-31,f,34,3600000,,,2024-07-10 10:18:37,724c0f7c-b21d-45ae-83bd-58205047ce78
18,WP4 Management,2006-04-04,2007-04-03,f,15,2160000,,,2024-07-10 10:18:37,8550bb54-9002-485b-b9bb-d066b3e02789
77,WP3 Enhancing,2006-06-01,2008-05-31,f,34,2880000,,,2024-07-10 10:18:37,51447c00-8cb9-4da0-953d-8b8517e0cffc
15,WP1 TTT+RTD exploit,2006-04-01,2007-04-03,f,15,29520000,,,2024-07-10 10:18:37,604397e7-2d75-4255-b8c9-06099410831d
6,WP1,2004-01-01,2007-04-03,f,4,,,,2024-07-10 10:18:37,6da2347c-540b-469d-bbd3-4f4f4805a8fa
7,WP2,2004-01-01,2007-04-03,f,4,,,,2024-07-10 10:18:37,d020b03b-8675-44f4-b27d-f84f0c0ddbb4
12,WP 2 Dissemination,2005-09-15,2008-04-14,f,13,3600,,,2024-07-10 10:18:37,c239acc3-9a1b-4b87-b0b0-f2e3bd607f29
41,WP1: Benchmarking,2006-05-01,2008-04-01,f,28,252000,,,2024-07-10 10:18:37,63f977dc-8ee2-4578-8ed9-061846a70a58
54,WP 7 Assessment,2006-09-15,2008-04-14,f,13,100800,,,2024-07-10 10:18:37,1e500f48-3ceb-4b94-b752-bd9f30d1bf5b
87,WP4,2006-11-01,2007-12-31,f,38,187200,,,2024-07-10 10:18:37,527a17f5-2eb2-49f3-a3ae-28f9548e8629
93,WP5 Dissemination,2006-12-01,2009-05-31,f,39,1386000,,,2024-07-10 10:18:37,8eae50b6-725f-47dd-811c-bd434ada23b4
14,Hauptprojekt,2005-06-01,2008-01-31,f,14,4032000,,,2024-07-10 10:18:37,596cab62-b43e-4d8a-a24b-18d9a9ca7e64
99,WP3 Reg. and Transregional Foresight,2007-01-01,2008-12-31,f,40,655200,,,2024-07-10 10:18:37,87babf94-3bed-48d2-bdf6-647baf438c71
79,WP5 Promotion results,2006-06-01,2008-05-31,f,34,1260000,,,2024-07-10 10:18:37,a2d3944c-167b-43f9-adb6-670214f5d58b
105,WP 2 Exchange of knowledge,2005-12-18,2007-06-17,f,42,360000,,,2024-07-10 10:18:37,d3dd7e7b-61f4-429e-8294-142be18016b1
186,WM Cluster 2009,2009-05-01,2009-12-31,f,68,360000,,,2024-07-10 10:18:37,15895132-39a3-407c-8101-873fd60eb141
42,WP2: Dev. Roadmaps,2006-10-01,2008-04-30,f,28,252000,,,2024-07-10 10:18:37,7df7c7de-1a81-4fdf-865a-88870248a8f8
90,WP2 Mentoring scheme,2006-03-01,2009-05-31,f,39,1764000,,,2024-07-10 10:18:37,e6ed3714-7c37-43e3-97a5-e4eac519e496
114,WP2 Promote Network,2007-04-04,2008-04-03,f,45,12600000,,,2024-07-10 10:18:37,df16e2e1-276c-49cc-89d8-ca848c64b3d4
131,Boost Biosystem,2007-07-01,2008-05-31,f,48,1080000,,,2024-07-10 10:18:37,b3c50ba5-48f3-45d5-992b-450adba656b9
96,WP5 Support,2007-06-01,2008-12-31,f,21,1008000,,,2024-07-10 10:18:37,2111588f-b094-44be-a779-eacf5fbcf8ee
108,Innopipe,2006-01-01,2008-12-31,f,44,,,,2024-07-10 10:18:37,d3bd00ce-a575-44bd-8236-4903260a54d3
111,Forstinno,2006-01-01,2008-12-31,f,44,,,,2024-07-10 10:18:37,16e62b93-6a60-40c6-b466-db891a623368
178,WP 6 stat. Analysis of 10 KAPPA Factors,2008-07-01,2011-06-30,f,62,756000,1,,2024-07-10 10:18:37,a3d9adac-72a7-4475-8e72-90fbb8b5c486
67,WP1a Management,2006-09-01,2009-02-28,f,31,1080000,,,2024-07-10 10:18:37,70164fb2-15e7-4d06-ac6a-9863171bf312
16,WP2 Promote Network,2006-04-04,2007-04-03,f,15,12600000,,,2024-07-10 10:18:37,b6b67ff1-306c-4d57-a674-cbc09cacd645
10,Hauptprojekt,2004-09-01,2006-12-31,f,11,2880000,,,2024-07-10 10:18:37,c43471ed-d104-4f02-974d-e2d16ef24d2a
66,WP1b Dissemination,2006-09-01,2009-02-28,f,31,252000,,,2024-07-10 10:18:37,7d6e39c2-e524-48f8-b0ae-3f4852f67eda
62,WP2 Preparing events,2006-09-01,2009-02-28,f,31,612000,,,2024-07-10 10:18:37,77378783-a5a0-4bd9-b796-e2fb2f0386d8
130,IRC STEZ Cofi 2007,2007-01-01,2008-12-31,f,47,,,,2024-07-10 10:18:37,643c27f2-39d5-433a-9818-0dff2765bc36
64,WP4 Assessment/Monitoring,2006-09-01,2009-02-28,f,31,144000,,,2024-07-10 10:18:37,3918b52a-7013-474f-9aac-9e88c6441c21
65,WP5 Follow-up,2006-09-01,2009-02-28,f,31,,,,2024-07-10 10:18:37,0b6a0bb2-96b7-4dcb-b0a2-1da8f3b2ad8a
168,We-Mentor Jahr 2,2008-06-01,2009-05-31,f,39,10800000,,,2024-07-10 10:18:37,29f351ce-e979-4dba-8bd1-58f32c3bfde6
43,WP3: Impl. Roadmaps,2006-12-01,2008-04-30,f,28,1814400,,,2024-07-10 10:18:37,f4dd888d-96d2-4af8-a5fa-896dd4bac419
80,WP6 Management,2006-06-01,2008-05-31,f,34,180000,,,2024-07-10 10:18:37,e40ad18d-1f0f-443b-acf0-0f0075bd4862
162,Jahr 3,2008-05-01,2009-04-30,f,28,5760000,,,2024-07-10 10:18:37,a2bf9bc5-20ea-4f86-b398-f2b4fed9de37
650,WP2 Community Building GmbH,2016-01-01,2017-01-31,,186,,8,,2024-07-10 10:18:37,79b42322-bc90-4058-94dd-e1fa4cfb390a
75,WP1 Identifying,2006-06-02,2006-10-31,f,34,1008000,,,2024-07-10 10:18:37,f6694dbe-a61f-4b1d-854d-600b15d6ae36
76,WP2 Promotion objectives,2006-07-01,2007-01-31,f,34,1008000,,,2024-07-10 10:18:37,356c68ee-2269-4ab7-aeca-bfd3632cf973
19,WP2 Stimulation SME,2004-01-11,2006-06-30,f,16,,,,2024-07-10 10:18:37,a31734ee-1909-4d86-99f0-a68b7ef083f1
11,Hauptpaket,2004-09-01,2006-08-31,f,12,1080000,,,2024-07-10 10:18:37,1bbba3f2-f830-49a1-a2de-527fc90c65be
20,WP5 Dissemination,2006-01-01,2006-06-30,f,16,,,,2024-07-10 10:18:37,aae6bf45-80d3-4979-b64b-09a3da9e80c1
40,Nanomat 2006,2006-01-01,2006-06-17,f,27,,,,2024-07-10 10:18:37,a562210a-e976-4273-a7ed-0ade22338b62
46,WP4: Knowledge transfer,2006-05-01,2008-04-30,f,28,608400,,,2024-07-10 10:18:37,b9441dc3-12a9-4bbb-8d76-cda389c5bf9c
85,WP1,2006-11-01,2007-12-31,f,38,2394000,,,2024-07-10 10:18:37,87a2bc22-e9a2-4d4d-843e-89292f321c41
52,Hauptprojekt,2006-06-01,2008-05-31,f,29,11520000,,,2024-07-10 10:18:37,b359a879-6829-4c69-89ad-39dab20b48f0
127,WP 6 Project Management,2005-12-18,2007-06-17,f,42,151200,,,2024-07-10 10:18:37,e152653c-cba9-4131-9592-db06a2dc3759
118,WP INNO 2 Dissemination,2007-07-01,2011-06-30,f,41,5418000,,,2024-07-10 10:18:37,3e4e17c3-2814-4734-b4af-954f9106a934
88,WP3,2006-11-01,2007-12-31,f,38,1033200,,,2024-07-10 10:18:37,f8313d4e-8cae-4e24-9e7c-337075d0cf2e
106,WP 3 Joint projects,2005-12-18,2008-05-31,f,42,1800000,,,2024-07-10 10:18:37,36b92f4d-e1dd-4f09-b697-3a9e26d81122
100,WP4 Road Maps Develop.,2007-01-01,2008-12-31,f,40,604800,,,2024-07-10 10:18:37,56d4395e-d2f1-4e5c-8862-f48004742f44
82,Regstrat management,2006-01-01,2008-05-31,f,19,,,,2024-07-10 10:18:37,c4798ec0-b18c-4827-b76d-7ee35d178847
50,WP8: Recommendations,2007-08-01,2008-04-30,f,28,1764000,,,2024-07-10 10:18:37,ec760e4e-1b59-476c-b02f-72510ee7dd4d
2611,WP0 GK,2018-01-01,2018-12-31,f,329,,8,,2024-07-10 10:18:37,f11d37c2-05e5-42ca-854e-38b79d3dc0f8
159,WP5 Coordination,2007-12-01,2009-11-30,f,57,1728000,,,2024-07-10 10:18:37,6601e163-b84c-4171-9946-f389f584c51c
97,WP6 Management,2006-01-01,2008-12-31,f,21,756000,,,2024-07-10 10:18:37,e2325d0d-8c65-471e-b02f-b3f2fffa13ca
109,Elfe,2006-01-01,2008-12-31,f,44,,,,2024-07-10 10:18:37,a8ab1ff2-9480-4062-a54d-48941005be27
112,Craft,2006-01-01,2008-12-31,f,44,,,,2024-07-10 10:18:37,79ba1ade-5f3a-437a-b842-53b5e0e3459f
48,WP6: Matching RTD projects,2007-05-01,2008-04-30,f,28,3276000,,,2024-07-10 10:18:37,a998dc25-364e-4665-a9a7-e969d6d5fd7b
51,WP9: Management,2006-05-01,2008-04-30,f,28,2167200,,,2024-07-10 10:18:37,28af0a12-9753-4008-a420-31ed488d183a
153,A,2008-01-01,2009-06-30,f,56,2520000,,,2024-07-10 10:18:37,3c25a740-1216-4007-a54a-0b26d3d1e6de
94,WP6 Management,2006-12-01,2006-05-31,f,39,2217600,,,2024-07-10 10:18:37,162a842b-f387-475e-baf6-40bc64f9a9dc
91,WP3 Implementation of WE,2007-11-01,2009-03-31,f,39,378000,,,2024-07-10 10:18:37,c7ee3b71-e9ed-420d-97bf-e828f102a406
49,WP7: Transc. Learning,2006-12-01,2008-04-30,f,28,435600,,,2024-07-10 10:18:37,a1946aa6-f908-4b0d-a111-08de3098cacd
115,WP3 Monitoring+Reporting,2007-04-04,2008-04-03,f,45,2160000,,,2024-07-10 10:18:37,4eec3f65-13f7-4dc2-9c61-6f780470bbac
47,WP5: Information events,2007-05-01,2008-04-30,f,28,1512000,,,2024-07-10 10:18:37,8d4aab2e-0cb8-40ff-980b-d05377cde4ae
86,WP2,2006-11-01,2007-12-31,f,38,1134000,,,2024-07-10 10:18:37,35e0f5c5-910e-4a88-8b59-b637f2a85399
98,WP2 Foresight Meth. Definition,2007-01-01,2008-12-31,f,40,504000,,,2024-07-10 10:18:37,8ad8a6cb-0817-48e5-aa32-3ea4e28c521b
154,B,2008-01-01,2009-06-30,f,56,111600000,,,2024-07-10 10:18:37,3d69ac54-3f91-43ab-aa57-4ba0734f7379
83,Upris management,2005-06-01,2008-01-31,f,22,,,,2024-07-10 10:18:37,229921d4-9a55-4045-9a2b-b092eb2cc792
53,WP 6 Engagement,2006-07-15,2008-01-15,f,13,3376800,,,2024-07-10 10:18:37,44ff0771-aa8f-483e-8bb9-f387f53f2390
23,Mismec,2004-01-01,2006-06-12,f,18,,,,2024-07-10 10:18:37,74d02904-e419-4c3d-b479-16946a1ad945
24,Nanomat,2004-01-01,2006-06-12,f,18,,,,2024-07-10 10:18:37,43128ea0-0b6f-420f-942c-4cc40278f770
157,WP 4 Interface with ETPs,2008-01-15,2008-04-14,f,13,1008000,,,2024-07-10 10:18:37,10f19c1b-e4a8-44f4-aaad-0462d5f3a23a
181,WM Buczek,2008-10-22,2009-02-27,f,64,1800000,,,2024-07-10 10:18:37,d2cdc33b-af93-4174-9176-0db908fc2fbf
103,WP INNO 1 Knowledge Management,2007-01-01,2011-06-30,f,41,13978800,,,2024-07-10 10:18:37,7ff85427-183c-44ad-a63b-0856aea92287
117,Fachtagung,2007-01-01,2007-07-31,f,46,2880000,1,,2024-07-10 10:18:37,c0e041dc-56d4-4210-b9df-4332d6a1a847
466,MWK KA  2015,2015-01-01,2015-12-31,f,185,,2,,2024-07-10 10:18:37,1902e59a-9e7f-45b3-8e79-a917d34ea215
132,WM Cluster/4-Motoren,2007-01-01,2010-12-31,f,49,1512000,,,2024-07-10 10:18:37,5e933e22-756a-4476-a5a7-e6b6405092ee
120,WP MANAGE Project Management,2007-01-01,2011-08-31,f,41,12096000,,,2024-07-10 10:18:37,e10c1404-121d-41b6-9502-a9b8e7491265
518,Antrag CTC Cartech (Michaux),2015-01-01,2015-12-31,f,100,,2,,2024-07-10 10:18:37,a95a8c66-4084-41e3-996f-04ebb54a6daa
187,Interreg-WM 2009,2009-06-02,2010-07-31,f,69,12600000,,,2024-07-10 10:18:37,433dc059-83d7-43ce-a98c-cb2e607b06f2
156,RTD,2008-01-01,2011-05-31,f,35,,,,2024-07-10 10:18:37,2cd2d9e4-a986-4603-9aff-34de51ebd897
539,KA 2015,2015-01-01,2015-12-31,f,217,,2,,2024-07-10 10:18:37,053a2932-2eb4-4415-bcef-c0664e5e2c46
191,FemENA-DE,2009-08-01,2011-07-31,f,72,6480000,,,2024-07-10 10:18:37,967d7b7d-8bf0-4321-bc16-6a08975e4a4e
135,WP2 Assessment,2008-07-01,2009-01-31,f,52,1512000,1,,2024-07-10 10:18:37,044dcbb1-4ff3-49cc-9be6-07e4f3f2ed57
2281,Q1,2018-01-01,2018-03-31,f,305,,8,1148,2024-07-10 10:18:37,f404783e-c48d-4925-81be-01a2405be79e
138,WP5 PM,2008-02-01,2010-05-31,f,52,2520000,1,,2024-07-10 10:18:37,6648af0b-bee6-4354-884e-2fd99098eb1d
137,WP4 Dissemination,2008-02-01,2010-05-31,f,52,1890000,1,,2024-07-10 10:18:37,2accfe82-4066-4b80-a2cd-c01364ec3263
134,WP1 Identification,2008-02-01,2008-09-30,f,52,1663200,1,,2024-07-10 10:18:37,a8d193c7-0405-4ea2-95c0-5c168fae7456
170,WP2 Mobilisation,2008-12-01,2010-10-31,f,74,3312000,1,,2024-07-10 10:18:37,6ca4c79d-ed2c-4ee4-995a-b741862c7fe2
163,WP2 Analysis of SME needs,2008-05-01,2009-09-30,f,59,1638000,2,,2024-07-10 10:18:37,4dd79477-aa0d-4962-ab91-bd3769111f96
166,WP5 Consensus building,2008-05-01,2010-09-30,f,59,1512000,2,,2024-07-10 10:18:37,c43920ed-b585-4561-9b96-8023923e2d68
165,WP4 Integration in industry,2009-11-01,2010-10-31,f,59,1764000,2,,2024-07-10 10:18:37,fe300b49-ea97-4d1a-bbf4-4d51bb4d4594
177,WP 5 Valuation,2008-07-01,2011-06-30,f,62,1152000,1,,2024-07-10 10:18:37,78a20e9f-3c04-434c-a6c1-200ebf49b407
179,WP 7 dissemin.+infor. campaign,2008-07-01,2011-06-30,f,62,756000,1,,2024-07-10 10:18:37,521e9963-ce10-4b93-9ea1-b3be7429440b
176,WP 4 Implementation,2008-07-01,2011-06-30,f,62,1152000,1,,2024-07-10 10:18:37,56d8f35b-39cb-497c-87b2-e8605674c70d
22,Sonstiges,2006-01-01,2008-12-31,f,185,20520000,,,2024-07-10 10:18:37,6c585198-96c5-438b-865c-78c8f324aa55
237,MWK 2011,2011-01-01,2011-12-31,f,185,18000000,,,2024-07-10 10:18:37,84ef1c84-cccc-4b86-9bdf-a9a20b962e28
567,PRObiTECH,2015-05-30,2016-11-30,f,281,,8,,2024-07-10 10:18:37,4213c9a7-e5fb-4d0a-b5a1-a31d4d560e9d
368,WP8 Other activities,2013-09-01,2015-12-31,f,146,,2,,2024-07-10 10:18:37,75d04314-8a1e-4c63-bec2-cb839cdff063
496,VCD Stuttgart,2015-01-01,2015-02-28,f,199,,1,,2024-07-10 10:18:37,abf94dd4-5755-4028-be29-6aa0d931894a
264,alps4eu,2011-09-01,2014-02-28,t,107,12600000,1,,2024-07-10 10:18:37,7461ef66-32d3-4fe4-80f5-2e92eb324085
8,WP1,2000-01-01,2010-12-31,f,8,,,,2024-07-10 10:18:37,5d5f0a76-3cfe-4e04-82b9-a16bdf87c5ad
190,Innosound,2008-06-01,2010-05-31,f,71,3060000,,,2024-07-10 10:18:37,67212f0f-e6d5-4b5b-b5fd-a14a270f6e4b
188,D,2008-01-01,2009-06-30,f,56,19800000,,,2024-07-10 10:18:37,e7e23a6d-e47b-48bf-8f29-c4e63d1956a9
92,WP4 Transnat. networking,2006-08-01,2009-05-31,f,39,,,,2024-07-10 10:18:37,3dd7ac6b-3072-4017-a491-6d4f32fee369
5,Büroorganisation,,,f,7,,,,2024-07-10 10:18:37,40085ccd-86ff-4f7b-92a3-5560f29b1cc8
25,Hauptprojekt,2006-01-01,2008-05-31,f,19,18144000,,,2024-07-10 10:18:37,f4084bd9-42b2-42f3-9768-730f6d1a7229
110,Innova,2006-01-01,2008-06-30,f,44,,,,2024-07-10 10:18:37,4c1c0964-2ce7-4efe-ba54-e05b2b1a21dc
101,WP5 Promotion and Dissemination,2007-01-01,2008-12-31,f,40,504000,,,2024-07-10 10:18:37,269e8216-beaa-40de-bb66-a0384ecbf1a8
31,Hauptpaket,2005-06-01,2008-01-31,f,22,7200000,,,2024-07-10 10:18:37,3fcd3cf8-d086-4afa-af1b-69b5862dc630
95,WP4 Awareness and Audits,2006-08-01,2008-05-31,f,21,2016000,,,2024-07-10 10:18:37,ed3309ca-766e-4ec2-8da6-3f865bca484d
2,EDV,,2008-12-31,f,7,,,,2024-07-10 10:18:37,52f4d179-871e-405c-88a7-2316991e8bae
60,WP6 Dissemination,2006-06-01,2008-05-31,f,30,1008000,,,2024-07-10 10:18:37,c856fa69-d813-4f12-9457-e38e51df9c1a
174,WP 2 Identification of potential KPF,2008-07-01,2011-06-30,f,62,1512000,1,,2024-07-10 10:18:37,605cd239-53d9-4b56-93b5-ecf907d377aa
68,wp1 mapping of strategies,2006-05-01,2008-04-30,f,32,3600,,,2024-07-10 10:18:37,94f007f8-3893-4147-8533-747833a825a0
56,WP2 Awareness,2006-06-01,2007-07-31,f,30,972000,,,2024-07-10 10:18:37,51c66e60-4e89-43c8-ae0e-1f921b73f4dc
30,WP6 Dissemination,2006-01-01,2009-02-28,f,21,1008000,,,2024-07-10 10:18:37,da1edcf8-f91f-4b6b-8644-3e87b9faa590
27,WP1 Methodology,2006-01-01,2008-12-31,f,21,3600,,,2024-07-10 10:18:37,bbf8ae48-42ee-472a-9a24-83c69d0c728d
61,WP7 Management,2006-06-01,2008-06-30,f,30,2052000,,,2024-07-10 10:18:37,db453d8e-7803-4813-a20a-32caa9d78608
69,wp2 workshops and seminars,2006-06-01,2008-05-31,f,32,2268000,,,2024-07-10 10:18:37,af064b98-cc1c-4a02-a7f4-a4c946307bba
38,wp4:Dissemination Activities,2006-06-01,2008-05-31,f,24,2016000,,,2024-07-10 10:18:37,00d50b59-1e52-477f-bf6d-3c10935f30af
39,wp5:Management+Coordination,2006-06-01,2008-05-31,f,24,403200,,,2024-07-10 10:18:37,ce9896aa-b439-4344-9e71-76fc5b4de3aa
35,wp1:company networking,2006-06-01,2008-05-31,f,24,2217600,,,2024-07-10 10:18:37,a45f3338-aa2f-4566-99e9-aa3d2ecb4171
37,wp3:Capacity Building,2006-06-01,2008-05-31,f,24,3276000,,,2024-07-10 10:18:37,1b370cf6-9590-4487-9ef9-0b963a8bba89
36,wp2:Processing of Opportunities,2006-06-01,2008-05-31,f,24,2671200,,,2024-07-10 10:18:37,43c8eb62-8482-4bb6-9876-71e184c0765a
28,WP2 Inventory A.,2006-01-01,2006-12-31,f,21,3600,,,2024-07-10 10:18:37,95916255-daa4-4f3f-93e7-49f2fe54cb0c
29,WP3 Web,2006-03-01,2008-12-31,f,21,216000,,,2024-07-10 10:18:37,7c68b742-aecd-4e93-a131-ce8b5255fc60
59,WP5 Promotion,2006-06-01,2008-05-31,f,30,1260000,,,2024-07-10 10:18:37,fabf0d1e-18bd-4805-8007-602140119d3c
133,Schaustelle Europa,2007-08-01,2007-12-31,f,50,,,,2024-07-10 10:18:37,fbdc0124-7965-45af-a88d-0208d1261960
70,wp3 analysis future need,2007-01-01,2008-04-30,f,32,446400,,,2024-07-10 10:18:37,9e54a658-2005-4c1e-b6b9-f9bb3208ed45
107,WP 4 Methodology,2005-12-18,2008-02-28,f,42,720000,,,2024-07-10 10:18:37,7260cea0-39c2-443d-9899-5fb57c0da674
160,MSTBW,2008-02-01,2008-08-05,f,58,,,,2024-07-10 10:18:37,eaad6442-89e2-4daf-aef5-ba97efe1809a
26,Hauptprojekt,2005-06-01,2008-05-31,f,20,4032000,,,2024-07-10 10:18:37,152e8fb2-adb7-41cc-8460-e64d03c081cc
34,MiniWP,,2008-12-31,f,7,14400,,,2024-07-10 10:18:37,d27bd67e-a752-4c2f-a6d2-878f638c916f
89,"WP1 Review, expert tours",2006-12-01,2007-06-30,f,39,655200,,,2024-07-10 10:18:37,53c27442-3e3f-474c-a24f-9b42d7b54875
71,wp4 transnational networking,2006-09-01,2007-11-30,f,32,961200,,,2024-07-10 10:18:37,0a7ce2a3-c10c-4fd1-8992-0adccffb215d
55,WP1 Reg. Networks,2006-06-01,2006-11-30,f,30,504000,,,2024-07-10 10:18:37,39926fa6-329d-451f-9e4e-3166206fedd0
57,WP3 Capacity Build.,2006-06-01,2008-02-28,f,30,1188000,,,2024-07-10 10:18:37,35c23aa5-1fb4-46f4-8161-4358274b9ca8
58,WP4 Role Models,2006-06-01,2008-05-31,f,30,1656000,,,2024-07-10 10:18:37,91fc565e-311a-4aa6-b76f-d5520e62b1c4
3,Buchhaltung,,2008-12-31,f,7,,,,2024-07-10 10:18:37,27d54a9d-cc4c-4040-a930-12cc887f56ed
72,wp5 dissemination,2006-05-01,2008-04-30,f,32,180000,,,2024-07-10 10:18:37,aea69e29-44dd-4bb0-a1ba-73d0985d1541
73,wp6 process design,2007-07-01,2008-03-31,f,32,1246500,,,2024-07-10 10:18:37,17e287aa-a909-481c-908e-ac8a987a9877
74,wp7 pm+total cons.management,2006-05-01,2008-04-30,f,32,288000,,,2024-07-10 10:18:37,e8ec38a3-600e-4451-915b-c27da1ab85bb
151,CReATE,2009-08-01,2010-12-31,f,51,14868000,,,2024-07-10 10:18:37,716d1140-45ad-45c5-b2fa-e8d8cbd6651a
113,WP1 TTT+RTD exploit.,2007-04-04,2008-04-03,f,45,29520000,,,2024-07-10 10:18:37,ab9ed3ca-ac15-42e3-81d5-4d145523050a
116,WP4 Management,2007-04-04,2008-04-03,f,45,2160000,,,2024-07-10 10:18:37,16a182ec-352f-4dd0-9d64-1c1bd56fc8b6
651,WP3 Supporting platform development GmbH,2016-01-01,2017-01-31,,186,,8,,2024-07-10 10:18:37,e5157345-a080-456a-aeba-f66266d715f1
158,wp4 Dissemination,2007-12-01,2009-11-30,f,57,3456000,,,2024-07-10 10:18:37,6bb84218-017f-490f-9392-ca15d9367709
180,EU-TrendsII,2008-10-01,2011-03-31,f,63,7200000,,,2024-07-10 10:18:37,758fb10d-369a-44c3-a386-5b69e6c4c294
189,EnterpriseEurope P2,2009-07-01,2010-12-31,f,56,86400000,,,2024-07-10 10:18:37,491515f2-2c0a-4591-9ed3-d758a3fd2805
192,SATNAV,2009-07-15,2009-11-30,t,73,864000,,,2024-07-10 10:18:37,591edd84-ce2d-411d-87ba-759fceb83c83
684,MWF Open Innovation GmbH,2016-01-01,2017-04-30,f,257,,8,,2024-07-10 10:18:37,99a9182a-5189-4e2d-9d98-abad271b1177
183,MSTBW,2009-01-01,2009-04-30,t,65,2304000,,,2024-07-10 10:18:37,d95b7e16-ab91-40d6-99e8-0faa7157ec10
211,AP1 Innovationsanalysen,2010-08-01,2011-07-31,f,84,1080000,,,2024-07-10 10:18:37,bf49b535-e7ee-474b-8715-21d42b0c7c7f
230,WP2 TMD,2010-11-15,2014-01-31,f,91,1008000,1,,2024-07-10 10:18:37,396daaeb-d189-4077-ad41-260ba76564b9
213,AP3 Marketing,2010-08-01,2011-07-31,f,84,936000,,,2024-07-10 10:18:37,bf731d1a-6070-45ef-8c9e-ab52acd0ce92
214,AP4 Marken+Schutzrechte,2010-08-01,2011-07-31,f,84,756000,,,2024-07-10 10:18:37,f5c2ceb4-e35a-46be-aaeb-ead3dbd5d5aa
215,AP5 Öffentlichkeitsarbeit,2010-08-01,2011-07-31,f,84,1188000,,,2024-07-10 10:18:37,90d190b7-b5d9-43f6-9e04-eadfab871baf
216,AP6 Management,2010-08-01,2011-07-31,f,84,1656000,,,2024-07-10 10:18:37,b1a1f60f-cf9a-4bbd-b0ba-97ea9868b6f5
399,Wallenrodt,2013-10-01,2014-12-31,f,195,,1,,2024-07-10 10:18:37,21f52c1d-b887-4a7d-9a21-2adf6824619c
212,AP2 FuE,2010-08-01,2011-07-31,f,84,1944000,,,2024-07-10 10:18:37,97ad252f-cbac-4a9b-9870-2c38ee3c65c0
150,WP6 Management,2008-02-01,2010-09-30,f,54,306000,2,,2024-07-10 10:18:37,318152ca-1de7-4ac3-a313-0e44ac1c2939
122,WP TRAIN2 Production configuration,2009-07-01,2011-06-30,f,41,2520000,,,2024-07-10 10:18:37,f677a596-454a-4e3e-843c-b3b7b64d84e2
119,WP INNO 3 Exploitation,2007-10-01,2011-06-30,f,41,4788000,,,2024-07-10 10:18:37,e41c3640-c6ff-4bdf-ad37-c1b890a640a8
32,Hauptprojekt,2002-01-01,2010-12-31,f,23,,,,2024-07-10 10:18:37,48665bb3-904b-44c9-8d67-dd2405ae912f
205,EURESP Year 2,2011-04-01,2012-03-31,f,80,9900000,1,,2024-07-10 10:18:37,b6679c32-3189-4d31-b1e1-d585f720b8e8
540,S 2015,2015-01-01,2015-12-31,f,217,,1,,2024-07-10 10:18:37,7572ea46-4494-4190-986e-d188b0439bee
184,MWK 2009,2009-01-01,2009-12-31,f,185,6480000,,,2024-07-10 10:18:37,44783269-1ac4-4864-a0d7-dc913aa517fd
314,ebtc 8,2012-04-01,2012-09-30,f,67,,1,,2024-07-10 10:18:37,56ccb867-d6b1-4495-bb38-cf1ccbab6681
307,Europabeauftragter 2012 - Karlsruhe,2012-01-01,2012-12-31,f,121,,2,,2024-07-10 10:18:37,bae4635b-8c57-4160-bd40-844d41ac710c
196,Gendera period 1,2009-11-01,2010-10-31,f,76,3816000,1,,2024-07-10 10:18:37,2ce46f8d-d2b9-4dce-8fea-b6c8cd42a8d7
411,MFW Berufsbildungskongress,2014-06-01,2014-12-31,f,169,,1,,2024-07-10 10:18:37,fca7c8d8-5e9c-4862-9da2-4df4bed1bbc6
332,ebtc 9,2012-10-01,2013-03-31,f,67,,1,,2024-07-10 10:18:37,19bd43f1-31b1-4230-899a-8ace5fce744b
217,STRATCLU,2010-10-01,2013-09-30,f,85,29232000,1,,2024-07-10 10:18:37,aa13ab3c-7ba6-4173-a6b3-c949cf0916fe
21,Hauptprojekt,2004-01-01,2011-05-31,f,35,7200000,,,2024-07-10 10:18:37,0438afe1-2cec-49c9-89db-25efbcafef9a
129,WP 7c Internal Training,2007-04-01,2011-03-31,f,43,1512000,,,2024-07-10 10:18:37,97e48ffd-cb3d-4f4b-be0f-f0bc919768db
229,WP1 indicators,2010-11-15,2014-01-31,f,91,2016000,1,,2024-07-10 10:18:37,c4c417d1-8225-469c-a800-f3d46e5ccc30
204,EURESP Year 1,2010-04-01,2011-03-31,f,80,9900000,1,,2024-07-10 10:18:37,6fe9016d-c958-47c5-bf0d-ff7c36e28b17
231,WP3 assessment,2010-11-15,2014-01-31,f,91,1512000,1,,2024-07-10 10:18:37,b2fb164d-91b3-40f9-891c-2ffc4b8624dd
206,Stop4Business,2010-01-01,2011-12-31,f,81,1440000,,,2024-07-10 10:18:37,379496b9-f670-461b-8c4e-54a6eb846f5f
221,BioNexGen RTD,2010-09-01,2014-02-28,f,88,3600000,2,,2024-07-10 10:18:37,cba092d7-a13e-41ae-9436-e743c83bca79
227,period 1,2010-10-01,2012-03-30,f,90,1368000,1,,2024-07-10 10:18:37,990f094e-d095-4cdb-a04d-b4fb19855320
525,InnoWest,2015-09-01,2015-12-31,f,256,,1,,2024-07-10 10:18:37,45024ebd-430e-4b29-9e78-44369819f8d7
390,POSDRU 2014,2014-01-01,2014-02-28,f,104,,2,,2024-07-10 10:18:37,c72350f2-16c9-47e0-9648-cf1d84500adc
322,Posdru 2013,2013-01-01,2013-12-31,f,104,,2,,2024-07-10 10:18:37,e4772171-af86-4ad6-b98f-eee43621d52c
207,WP 1 Year 1,2010-05-01,2011-04-30,f,82,2232000,1,,2024-07-10 10:18:37,a03b6fa5-bdd1-4540-8e81-aef4cad7920c
199,Posmetrans management p1,2010-01-01,2010-12-31,f,77,1512000,2,,2024-07-10 10:18:37,f67bd200-0a16-42ab-a0f5-28fb89c80163
104,WP 7a Knowledge Management,2007-04-01,2011-03-31,f,43,15120000,,,2024-07-10 10:18:37,32d9e074-9fdd-4893-8f21-8cb49ea09bb9
200,Posmetrans p2,2011-01-01,2011-12-31,f,77,4032000,2,,2024-07-10 10:18:37,2ec5c35f-ae34-4484-b349-38401404d47a
337,ebtc10,2013-04-01,2013-09-30,f,67,,1,,2024-07-10 10:18:37,cb79fa77-9a29-4e86-997b-e80c591a2821
303,ebtc 8,2011-10-01,2012-03-31,f,67,,1,,2024-07-10 10:18:37,87e7227b-edd9-4491-b647-5ea181709282
219,ebtc 5,2010-10-01,2011-03-31,f,67,792000,1,,2024-07-10 10:18:37,7b5fc455-b263-448c-b882-437cda5a2f44
297,ebtc 7,2011-10-01,2012-03-31,f,67,,1,,2024-07-10 10:18:37,8ba630c0-c79d-463b-9510-4538b9c31f68
317,INTUITEL Management,2012-10-01,2015-08-31,f,123,,2,,2024-07-10 10:18:37,4401462d-bbce-4b9a-9c6f-b145f4876231
249,EU Mobypost,2011-02-01,2014-01-31,f,,18000000,,,2024-07-10 10:18:37,2509f645-c0a2-432b-96ce-35909466eca9
1866,T5.3 Organisation of fairs and events,2017-01-01,2018-01-31,f,180,,9,592,2024-07-10 10:18:37,5d9955f4-f9ce-4b34-8166-cbc11f42e953
161,WP1 Analysis of RTD results,2008-05-01,2008-12-31,f,59,1260000,2,,2024-07-10 10:18:37,789094c0-e143-48b4-b3f0-b87f61e253f7
195,Jahr 2,2010-11-01,2011-10-31,f,75,5760000,1,,2024-07-10 10:18:37,e39ea13e-17db-468b-8b4e-f7f31cec34eb
167,WP6 Management,2008-05-01,2010-10-31,f,59,3024000,2,,2024-07-10 10:18:37,987e0be8-3371-44a5-863c-f37b1be585d9
142,WP4 Rapprochement,2008-02-01,2010-01-31,f,53,792000,2,,2024-07-10 10:18:37,f7c6bd13-8629-45e8-ad4c-daa9966ce0b1
141,WP3 Determination of ETPs,2008-02-01,2010-01-31,f,53,1080000,2,,2024-07-10 10:18:37,2a62e7a1-d18a-4d41-a9a5-b75484763741
143,WP5 Awareness,2008-02-01,2010-01-31,f,53,1800000,2,,2024-07-10 10:18:37,efa2adc4-22b7-48c4-bdd0-29263c0e6954
144,WP6 Management,2008-02-01,2010-03-31,f,53,2448000,2,,2024-07-10 10:18:37,b9419a90-d0f4-4bb6-946d-46790efdffbd
139,WP1 Identification of SME,2008-02-01,2010-01-31,f,53,1224000,2,,2024-07-10 10:18:37,e65217ea-0fc4-4b9a-b253-459f331245e1
146,WP4 Ex Events 2009,2008-06-01,2010-07-31,f,54,1800000,2,,2024-07-10 10:18:37,ba1fd26f-4543-410b-ae20-6b563c2e4db2
148,WP4 Exchange Events,2009-08-01,2010-07-31,f,54,1224000,2,,2024-07-10 10:18:37,c228a782-1f6b-4e30-99fc-85f2d44913ad
145,WP1 Identification,2008-02-01,2010-07-31,f,54,900000,2,,2024-07-10 10:18:37,1db9055a-797c-4ad0-8bf2-eb0be4ab28c0
149,WP5 Dissemination,2008-02-01,2010-07-31,f,54,612000,2,,2024-07-10 10:18:37,3102dd1d-906a-447e-9d16-770f8aaae71f
202,MWK 2010,2010-01-01,2010-12-31,f,185,9000000,,,2024-07-10 10:18:37,79622839-afb5-4cf2-9254-39bbbe5e48c5
391,KET Tender,2013-12-18,2015-06-30,f,152,,1,,2024-07-10 10:18:37,64bcd5e5-7bcf-4fca-a677-7d8ed43a5999
241,WM,2009-01-01,2009-03-31,f,97,,,,2024-07-10 10:18:37,7d78d6e5-018f-4635-b26d-d5283261d357
250,WP7 Training+Knowledge Transfer,2011-02-01,2014-01-31,f,,,,,2024-07-10 10:18:37,2ee59833-e5de-4a33-ab3e-2980a43763e3
251,WP7 Training+Knowledge Transfer,2011-02-01,2014-01-31,t,,7200000,,,2024-07-10 10:18:37,66cf9dae-a514-4c1e-abf3-8bf06db9992c
252,WP7: Training & Knowledge Transfer,2011-02-01,2014-01-31,f,,7200000,,,2024-07-10 10:18:37,c1a3e975-49e7-4425-86de-e2b53ff953fa
245,Fuel-Flex - Stuttgart,2011-01-01,2014-03-31,f,87,720000,1,,2024-07-10 10:18:37,e0ed16d7-cbd4-4b1e-8cfa-42cc42bf54cf
319,Management,2011-10-01,2013-12-30,f,110,,2,,2024-07-10 10:18:37,9543265c-2a9e-4fa1-8fa2-6b88259927b9
136,WP3 Implementation,2008-09-01,2010-03-31,f,52,4334400,1,,2024-07-10 10:18:37,d5968116-77a7-4422-9acb-eb8de6f3c6bc
267,Road2SoS Management,2011-10-01,2014-02-28,f,109,3780000,2,,2024-07-10 10:18:37,7c8b2edc-c46b-4658-8f41-51bb4bc5d0cb
633,W4E SIG,2016-01-01,2016-12-31,f,87,,9,,2024-07-10 10:18:37,8737f0dd-7357-4312-a834-5a9480071f12
294,Euresp+,2011-11-22,2013-11-21,f,117,,1,,2024-07-10 10:18:37,83b071aa-eb18-4c07-af60-75f6d8eacf29
243,Tender Innovation Policy,2010-12-09,2012-12-08,f,99,3600000,1,,2024-07-10 10:18:37,25db660a-57d0-4c11-8e33-077948e5e555
225,Transparency Other,2010-09-01,2013-11-30,f,89,7560000,2,,2024-07-10 10:18:37,5fa78976-d533-4975-922c-3dca7f961227
374,INSEM-SW Stuttgart,2013-04-01,2014-12-31,f,132,,1,,2024-07-10 10:18:37,66f0add4-7c28-40ff-9c11-85546cc6fd82
228,period 2,2012-04-01,2013-09-30,f,90,1368000,1,,2024-07-10 10:18:37,17f94449-ad7a-4edb-8583-f885b0c05809
265,IQ Micro TEC,2013-01-01,2015-06-30,f,108,3600000,1,,2024-07-10 10:18:37,6614381d-760a-4fd1-8b3c-7652e771fc69
400,Tunesien,2013-01-01,2013-09-30,f,161,,1,,2024-07-10 10:18:37,6f5f4df3-f0a2-4ad7-ade1-0ab81d473d6a
278,WPs,2011-10-01,2015-02-28,f,113,,1,,2024-07-10 10:18:37,624031f3-127c-4a04-8142-d260d5344076
536,CI2B 2016 KA,2016-01-01,2016-06-30,f,87,,8,,2024-07-10 10:18:37,f8cbd3ac-a938-464f-b176-171dd1f59b64
224,Transparency RTD,2010-09-01,2013-11-30,f,89,3780000,2,,2024-07-10 10:18:37,8ca33360-b1c2-4334-9ea7-9da71a904333
209,Gendera managem. 1,2009-11-01,2010-10-31,f,76,1440000,1,,2024-07-10 10:18:37,345e2096-5c99-42f4-9b92-d655a51bd834
281,WP4,2011-11-01,2013-04-30,f,113,,1,,2024-07-10 10:18:37,cdf03dcd-b7df-444d-8da5-0b8b966339bb
238,een 2011,2011-01-01,2011-12-31,f,95,39600000,,,2024-07-10 10:18:37,87cbe428-1618-4f5d-ac43-2086c7740460
128,WP 8 Project Management,2007-04-01,2011-04-30,f,43,5544000,,,2024-07-10 10:18:37,003e42c4-913e-45f3-9d32-3da01336bfba
248,Buildingup,2011-05-01,2012-10-31,f,101,,2,,2024-07-10 10:18:37,7a884c35-3b8f-426e-b77c-ea6099b9bb9f
279,WP2,2011-10-01,2014-09-30,f,113,,1,,2024-07-10 10:18:37,9bacf5ba-5653-4369-b993-09eae750179f
283,WP6,2013-09-01,2014-09-30,f,113,,1,,2024-07-10 10:18:37,f47ca169-631f-4a0c-8844-230719b583a4
308,een 2012 - Karlsruhe,2012-01-01,2012-12-31,f,95,,2,,2024-07-10 10:18:37,238cb96d-8eac-4e9c-acbe-8ba02d7fe5db
185,ebtc,2008-10-01,2013-09-30,f,67,7200000,1,,2024-07-10 10:18:37,b00e6324-4195-4c44-9634-f82f473078f2
280,WP3,2011-10-01,2014-09-30,f,113,,1,,2024-07-10 10:18:37,89f81ab1-847a-44e3-ac4f-f3f5c2fc0d31
282,WP5,2012-10-01,2014-09-30,f,113,,1,,2024-07-10 10:18:37,9c41d6c0-917c-4bd8-a990-fbd1868b8dd0
306,XGate / Marktstudie,2012-01-01,2014-12-31,f,87,,2,,2024-07-10 10:18:37,9d0c576a-e9dc-4f30-ac6e-2434b5f04729
244,DEMITAR - Karlsruhe,2011-01-01,2014-03-31,f,87,1440000,2,,2024-07-10 10:18:37,2872eb19-1f6a-461c-9f7f-0efe8bf86c7f
246,ebtc 6,2011-04-01,2011-09-30,f,67,1080000,1,,2024-07-10 10:18:37,c77fd0a3-e706-4fa0-a59f-6e84c9133ea7
277,WP0,2010-01-01,2011-02-11,f,113,,1,,2024-07-10 10:18:37,6023e327-cf5f-49b6-ac10-b7a8a84326d2
262,Trans. Natio. Partnership 2011,2011-07-01,2011-12-31,f,104,3888000,2,,2024-07-10 10:18:37,7b7e5070-a89a-4809-8765-9aaf68416609
260,WP5 Management,2011-01-01,2012-06-30,f,79,,2,,2024-07-10 10:18:37,345a7677-5360-4324-a61e-491c5da8b590
288,WP5 Technology Transfer,2011-10-01,2013-09-30,f,114,,2,,2024-07-10 10:18:37,5ad01de8-53a3-4f81-b05a-f090daa6d596
284,WP1 Management,2011-10-01,2013-09-30,f,114,,2,,2024-07-10 10:18:37,8265dd21-d7f6-4692-b09c-938f4a7135f9
285,WP2 Dissemination,2011-10-01,2013-09-30,f,114,,2,,2024-07-10 10:18:37,eb465f19-d74a-4b20-aebb-c005738012b8
289,WP6 Delivery of the e-learning,2011-10-01,2013-09-30,f,114,,2,,2024-07-10 10:18:37,01a654e8-3ec0-4409-8efb-35a8ccf8988c
363,MWK Sonstiges,2013-01-01,2013-12-31,f,144,,1,,2024-07-10 10:18:37,ea5529d2-fbfd-4306-8320-c81d07f7b59f
290,WP7 Exploitation,2011-10-01,2013-09-30,f,114,,2,,2024-07-10 10:18:37,80dc124c-553d-4ffd-a320-b6579f4a60e5
287,WP4 Definition and Development,2011-10-01,2013-09-30,f,114,,2,,2024-07-10 10:18:37,b22726f9-d94b-4ce2-bbf8-395c65a5863e
291,Verlängerung 2011,2011-11-01,2011-12-31,f,75,,1,,2024-07-10 10:18:37,4dd1a582-3392-4f29-a93d-f52e1fee87f3
300,STW Engineering Studie 2012-2013,2012-01-01,2013-04-30,f,118,3600000,2,,2024-07-10 10:18:37,1f5dee20-d55d-436d-bb49-af8d36b95d49
268,AGATE,2011-01-01,2014-12-31,f,87,,2,,2024-07-10 10:18:37,9aa50ada-13f2-4f8b-a496-b39b615ac200
338,Europabeauftragter 2013 - Stuttgart,2013-01-01,2013-12-31,f,121,,1,,2024-07-10 10:18:37,a4ad7f45-9d8b-4963-8cb5-e32d7d22f0a8
272,AP FuE,2011-09-01,2013-08-31,f,112,,1,,2024-07-10 10:18:37,e4a36755-efdf-49e5-9048-03cb0cb71e38
273,AP Marketing,2011-09-01,2013-08-31,f,112,,1,,2024-07-10 10:18:37,8347a03d-aaa3-4c90-8af7-17b1bb6ecffd
274,AP Marken-u.Schutzrechte,2011-09-01,2013-08-31,f,112,,1,,2024-07-10 10:18:37,ab4f5e67-de8e-44b5-8699-fa336cf854bc
360,Road2SoS - Stuttgart,2013-06-01,2013-12-31,f,109,,1,,2024-07-10 10:18:37,d10e9530-7f7c-4f07-802f-03b93e75be98
276,AP Management,2011-09-01,2013-08-31,f,112,,1,,2024-07-10 10:18:37,2670b3ce-61e2-448d-8c95-7e499e5dfca9
275,AP PR,2011-09-01,2013-08-31,f,112,,1,,2024-07-10 10:18:37,cc8c8c9f-fb04-420c-9297-cd46842b9e2b
310,DEMITAR - Stuttgart,2012-01-01,2014-12-31,f,87,,1,,2024-07-10 10:18:37,80bbe411-339c-483a-b765-9874830ab940
232,WP4 visualisation,2010-11-15,2014-01-31,f,91,1512000,1,,2024-07-10 10:18:37,644a2ea2-a7d5-4932-bd5a-35b60054cc34
296,Trans.Natio. Partnership 2012,2012-01-20,2012-12-31,f,104,,2,,2024-07-10 10:18:37,421e93f7-bec6-48cf-b15a-518e88415c0c
357,wp7 Road4 Fame man,2013-06-01,2015-12-31,f,141,,2,,2024-07-10 10:18:37,6dd52127-eb0c-44d4-be1c-98f9b46a41c7
197,Gendera period 2,2010-11-01,2012-04-30,f,76,5688000,1,,2024-07-10 10:18:37,22d1d377-1e7f-4c51-8d33-e5708cd0d95d
240,Envimpact,2011-01-01,2013-07-31,f,96,4320000,1,,2024-07-10 10:18:37,657eeaaa-39d9-4df2-8232-f86400c3f1bb
342,Hafen Strasbourg,2013-04-15,2014-12-31,f,131,,2,,2024-07-10 10:18:37,1ed5bd41-0804-456d-8425-79773c7694b7
295,een 2012 - Stuttgart,2012-01-01,2012-12-31,f,95,,1,,2024-07-10 10:18:37,cbf423b5-20f4-49f6-a5a1-62b69d200cab
606,WP0 Proposal Preparation,2015-01-01,2016-12-31,f,280,,9,,2024-07-10 10:18:37,17b1c3bd-c7e5-439b-bc4b-fb4fb6998ece
208,WP 2 Year 2,2011-05-01,2012-04-30,f,82,2232000,1,,2024-07-10 10:18:37,21e72e39-756b-4764-bb4b-de8709a0dca3
420,MWK 2014 Zusatz,2014-01-01,2014-12-31,f,171,,1,,2024-07-10 10:18:37,3f6f2c6c-68cc-46fa-a9f2-bcf539bc88b4
198,Posmetrans p1,2010-01-01,2010-12-31,f,77,4032000,2,,2024-07-10 10:18:37,eeb93804-8886-40e1-9551-b46f370fbc3a
257,WP2 Dissemination,2011-01-01,2012-06-30,f,79,,2,,2024-07-10 10:18:37,3a7cfed1-c89f-4dc6-89a5-48a646fe6b2a
201,Posmetrans management p2,2011-01-01,2012-02-29,f,77,1512000,2,,2024-07-10 10:18:37,cc57dc12-68af-4b3a-964f-6660c727c02f
301,Europabeauftragter 2012 - Stuttgart,2012-01-01,2012-12-31,f,121,,1,,2024-07-10 10:18:37,0e46dc1c-0f56-4072-a59a-e8c5c7def431
269,UPGRADE,2011-01-01,2012-12-31,f,87,,2,,2024-07-10 10:18:37,cbead371-6ca7-4f31-a27d-3c8ac416f6d0
419,BW KAM 1 Karlsruhe,2014-04-11,2014-12-31,f,167,,2,,2024-07-10 10:18:37,8e5a9222-54d1-4c00-b241-4c5054c3841c
256,WP1 Mapping,2011-01-01,2012-06-30,f,79,,2,,2024-07-10 10:18:37,fe24f4d5-2c60-43c2-9324-32f3b8b9e8f3
258,WP3 Monitoring,2011-01-01,2012-06-30,f,79,,2,,2024-07-10 10:18:37,b3a16843-52c0-4537-80d2-0e7cf2a71dad
259,WP4 Feedback,2011-01-01,2012-06-30,f,79,,2,,2024-07-10 10:18:37,adcfc18e-3676-42a4-b189-366a236f7b39
430,Frauenwirtschaftstage,2014-07-21,2014-10-31,f,175,,1,,2024-07-10 10:18:37,e31c907e-8ef0-48c5-968c-87c194dc2534
784,Task 3.2 SRA,2016-01-01,2016-12-31,f,179,1044000,8,663,2024-07-10 10:18:37,f154bdde-d6a5-40c5-9b31-6873023cc62d
270,INSTINCT,2011-01-01,2014-12-31,f,87,,2,,2024-07-10 10:18:37,ca866727-e1d3-4f77-b939-0f2b83f02b4a
364,WP1 RTD,2012-10-01,2015-09-30,f,127,,2,,2024-07-10 10:18:37,3f3e8490-373a-41e7-92c8-fb789ce26ad3
242,Interreg BW 2010-2012,2010-11-01,2012-09-30,f,98,7200000,1,,2024-07-10 10:18:37,df953504-eb13-41e0-83a9-369e46eb2e94
234,WP6 policy recommendation,2010-11-15,2014-01-31,f,91,2520000,1,,2024-07-10 10:18:37,39cff08c-5c1e-459c-b329-c7f20e2378ad
147,WP3 Methodology,2009-01-01,2010-07-31,f,54,1224000,2,,2024-07-10 10:18:37,d9de54bb-02a8-4a6e-a709-0d5484198fb0
341,SATNAV - 28.11.2012,2012-01-01,2013-06-30,f,133,,1,,2024-07-10 10:18:37,5f862d24-bcea-49f1-a14a-139eb47098e9
318,Donaustrategie,2012-09-01,2014-02-28,f,124,,2,,2024-07-10 10:18:37,3632ff99-ecce-4fa4-a1de-9f943f158d48
286,WP3 Evaluation und Monitoring,2011-10-01,2013-09-30,f,114,,2,,2024-07-10 10:18:37,79872d34-310e-4d1c-a2fd-e384eb97a2ed
422,Cluj Clusters,2014-07-01,2015-06-30,f,173,,2,,2024-07-10 10:18:37,af76a5a4-f1f1-43f2-969a-7b448471f3f0
320,Dragon-STAR zu allgemein!,2012-10-01,2015-09-30,f,125,,2,,2024-07-10 10:18:37,af92b912-57e6-4c96-ab17-8515f255ead6
346,ZIM Food - BioBackhaus Wüst,2012-09-01,2014-08-31,f,136,,1,,2024-07-10 10:18:37,7e1f681e-1240-4c33-96d2-36279b523639
835,WP DTC Vukovar2017,2017-01-01,2017-12-31,f,270,1080000,8,,2024-07-10 10:18:37,93f671ed-79df-4d08-b08e-d96f1f433ce8
542,PK in OH KA 2015,2015-01-01,2015-12-31,f,271,,2,,2024-07-10 10:18:37,e6eb310c-83f7-4ef3-983d-06bb2b9965e0
352,WP0 Marktstudie,2013-01-01,2014-12-31,f,137,,2,,2024-07-10 10:18:37,b480be69-5c53-4f6f-856f-d30e53cc70b2
355,OPEX CC Germany,2013-01-01,2014-12-31,f,138,,2,,2024-07-10 10:18:37,8e8b8bb4-0551-4d5d-accb-5384cd2ed09a
354,WP8 Management,2013-01-01,2014-12-31,f,137,,2,,2024-07-10 10:18:37,11268db2-547f-4367-a8ed-633c5ad44332
293,Go4EMAS,2011-11-25,2013-11-24,f,116,7200000,1,,2024-07-10 10:18:37,5b102cc2-6450-4dc6-9aa3-21493b9eb4e7
343,INSEM SW,2013-04-01,2015-12-31,f,132,,2,,2024-07-10 10:18:37,3eb4d944-bc56-44b3-843d-62efffe41d5e
345,Danube PIE,2013-04-01,2015-02-28,f,135,,1,,2024-07-10 10:18:37,f0f27e19-a926-40a2-b94d-6b0420bec6ef
426,Cluj Clusters,2014-07-01,2015-11-30,f,173,,2,,2024-07-10 10:18:37,06e30877-eb75-4a3f-8ec9-6da9281c8af0
625,MFW Unterstützung Interreg V in BW Gmbh,2015-01-01,2016-02-29,,172,,8,,2024-07-10 10:18:37,01d72312-bd5a-4b52-a11d-58e66a20c365
467,MWK Stgt 2015,2015-01-01,2015-12-31,f,185,,1,,2024-07-10 10:18:37,3f383f55-2381-4216-b8e1-a1ed6f01c16e
550,Capnomed FTI KA,2016-01-01,2016-12-31,f,274,,8,,2024-07-10 10:18:37,674b35d2-5198-40dd-910c-8fd63ec2e22f
236,MFW,2011-01-01,2011-12-31,f,121,,,,2024-07-10 10:18:37,9278af2a-7fe0-4693-84a2-8f7aef45298f
313,MWK 2012 - Karlsruhe,2012-01-01,2012-12-31,f,185,,2,,2024-07-10 10:18:37,307894c1-e39b-4613-9f67-28ee876891bf
506,BRICKER,2015-04-01,2015-12-31,f,147,,1,,2024-07-10 10:18:37,a0278210-b3e8-4fe1-b185-21ee35138832
333,MWK 2013 - Stuttgart,2013-01-01,2013-12-31,f,185,,1,,2024-07-10 10:18:37,30bfe4a6-9d55-4c05-b5c4-16b83ef289c7
366,WP2 Other,2012-10-01,2015-09-30,f,127,,2,,2024-07-10 10:18:37,ea3b197b-608b-4d81-ba1f-3e9d500bf131
393,WP 5 DTC,2014-01-01,2015-12-31,f,154,3960000,2,,2024-07-10 10:18:37,68ddc159-4ced-41d7-84fe-41479f8e24f4
499,DanuBalt,2015-01-01,2015-12-31,f,197,,1,,2024-07-10 10:18:37,9f0cdb60-3984-4c0a-9947-346a7dee22c3
622,DanuBalt GmbH,2016-01-01,2016-12-31,,197,,8,,2024-07-10 10:18:37,2cf8152e-8d5c-42d9-9f02-ecff362f3b1e
624,EEN 2016 GmbH,2016-01-01,2016-12-31,,178,,8,,2024-07-10 10:18:37,5fa9fc41-9f30-45ab-af39-c3fd59c36de8
623,WP9 Management GmbH,2016-01-01,2016-01-31,,103,,8,,2024-07-10 10:18:37,a586e553-7281-47c3-b9a1-9425e209ab98
494,BW KAM 2 Stuttgart,2015-01-01,2015-12-31,f,200,,1,,2024-07-10 10:18:37,8a06ede1-8a37-479a-96ca-e72b637ce6c4
1733,T1.2,,,f,147,,8,1730,2024-07-10 10:18:37,cfc6e17d-6b31-4d53-b7f8-414711066802
226,Transparency management,2010-09-01,2013-11-30,f,89,13860000,2,,2024-07-10 10:18:37,6b46129a-7830-43df-8b87-176fe2574186
203,ChinaAccess4EU,2010-01-01,2012-06-30,f,79,3312000,2,,2024-07-10 10:18:37,e362bd3a-659e-48c4-9856-3086259b443e
223,BioNexGen Management,2010-09-01,2014-04-30,f,88,22680000,2,,2024-07-10 10:18:37,3f720f87-a447-4342-98ca-97b2b2fac5a2
321,Dragon-STAR WP1 man.,2012-10-01,2015-09-30,f,125,,2,,2024-07-10 10:18:37,5743a142-539f-4331-b56b-4fd95e9c720e
375,INSTINCT 2013,2013-01-01,2013-12-31,f,138,252000,2,,2024-07-10 10:18:37,d0ac26ba-2eae-4d36-b63f-2ae95ecdda93
451,WP1 Management,2015-02-01,2015-12-31,f,180,,2,,2024-07-10 10:18:37,b3f562ce-cf33-4b26-881b-7bcd1792b480
344,Strategie-Excellence,2013-05-01,2014-12-31,f,134,,1,,2024-07-10 10:18:37,89e0cc27-9c14-4ea2-9d85-32fdc80c29df
535,WP5 Technology outlook,2015-01-01,2015-12-31,f,181,,2,,2024-07-10 10:18:37,e4c8be15-ff35-4ba8-be7a-c2293e25cbac
402,Horizon 2020 Feb 14,2014-01-01,2014-03-31,f,163,,1,,2024-07-10 10:18:37,0acacc8d-23dd-4595-8519-87450e5763c8
437,EEN 2015 S,2015-01-01,2015-12-31,f,178,,1,,2024-07-10 10:18:37,f0dd010b-1a88-4df2-b12d-8923f9eec111
1863,Task 1.3 Project comm. and knowledge mgt,2017-01-01,2018-01-31,f,180,1684800,9,591,2024-07-10 10:18:37,3c123865-51ae-40cc-af06-7b1d6451bb40
292,Optimes,2011-12-02,2013-12-01,f,115,10800000,1,,2024-07-10 10:18:37,05d466a5-71d0-468e-a24e-988e5d3a4d71
471,WP3 Supporting platform development,2015-02-01,2015-12-31,f,186,,2,,2024-07-10 10:18:37,9e2b951b-b105-4781-82e9-63f7b338a8bb
339,Europabeauftragter 2013 - Karlsruhe,2013-01-01,2013-12-31,f,121,,2,,2024-07-10 10:18:37,ada7ce27-ba9b-4c66-9894-e2c0e98d7449
398,Bundesanstalt für Wasserbau,2014-01-01,2020-12-31,f,159,,2,,2024-07-10 10:18:37,fc8d8a0d-bd91-44f5-96a1-13b8673a4ddd
340,MFW Cluster WG,2013-04-01,2014-12-31,f,130,,1,,2024-07-10 10:18:37,82a44343-3b25-4fad-aacb-c0dd66a2a198
266,Road2SoS,2011-10-01,2014-02-28,f,109,14364000,2,,2024-07-10 10:18:37,6e68228a-370c-45fd-938f-3eb233b5fba6
586,Edu4Society,2016-11-01,2018-10-31,f,293,,8,,2024-07-10 10:18:37,511ef670-bd27-469f-a728-66c9be4b3697
326,INTUITEL Dissemination,2012-10-01,2015-08-31,f,123,,2,,2024-07-10 10:18:37,da9a841b-0ff8-4579-bec2-f664ef879e7c
508,Navigationskonferenz,2015-06-01,2015-12-31,f,237,,1,,2024-07-10 10:18:37,29987baa-16ca-4208-9d40-d650c0887415
312,Fuel-Flex - Karlsruhe,2012-01-01,2014-12-31,f,87,,2,,2024-07-10 10:18:37,f04fb0f3-21ee-49aa-a181-06cbd7d89b3e
406,Tender GIZ Tunesien,2014-01-01,2015-01-31,f,166,,1,,2024-07-10 10:18:37,1b9b9b37-6354-44b3-81a3-af9331330d09
635,Trainings GmbH,2016-01-01,2018-12-31,,162,,8,,2024-07-10 10:18:37,73ea71d7-4fb4-4624-a08a-79af1b3d0320
365,WP9 MAN,2012-10-01,2015-11-30,f,127,,2,,2024-07-10 10:18:37,1f01520a-4394-452f-b4d7-b50f010d55d7
425,BRICKER other Karlsruhe,2014-09-01,2014-10-31,f,147,,2,,2024-07-10 10:18:37,11e92ef4-79a5-4fc9-a3c7-5b3fe51c78db
222,BioNexGen Other,2010-09-01,2014-02-28,f,88,17280000,2,,2024-07-10 10:18:37,95f0b914-2cea-496b-a1db-234865ff3663
373,Dragon-STAR WP5 Scient.Policy,2012-10-01,2015-09-30,f,125,,2,,2024-07-10 10:18:37,fde931fa-37e6-4097-ae96-0c04d2e9f3ff
372,Dragon-STAR WP4 Res+Innov.,2012-10-01,2015-09-30,f,125,,2,,2024-07-10 10:18:37,8c82467a-aecb-4de9-af34-905d43982cdc
233,WP5 dissemination,2010-11-15,2014-12-31,f,91,15120000,1,,2024-07-10 10:18:37,c76874bc-ec10-4ea0-9dd6-89cf9c73b7a2
371,Dragon-STAR WP2 operation in China,2012-10-01,2015-09-30,f,125,,2,,2024-07-10 10:18:37,111bbcc3-3b70-4e6a-af8b-a25694b90487
414,R2Cities - Karlsruhe,2014-01-01,2014-04-30,f,139,,2,,2024-07-10 10:18:37,a621afa5-449f-4489-aa09-426c59d9bcf1
164,WP3 Technology roadmapping,2008-05-01,2010-10-31,f,59,4212000,2,,2024-07-10 10:18:37,939e8785-0dab-4fc2-9167-9ac4a7f7696b
449,WP4 Dissemination,2015-02-01,2015-12-31,f,179,,2,,2024-07-10 10:18:37,6da1fcc4-0fcd-49ac-a56e-169f6543b24f
410,Clusterforum 08.05.2014,2014-01-01,2014-06-30,f,168,,1,,2024-07-10 10:18:37,4822449a-46b0-4d1e-b10b-246cdcbaf05c
408,Europabeauftragter 2014 - Stuttgart,2014-01-01,2014-12-31,f,121,,1,,2024-07-10 10:18:37,4e24a095-a742-4cf0-9d56-7291f95c52c5
235,Management,2010-11-15,2014-12-31,f,91,10584000,1,,2024-07-10 10:18:37,1dd5c1d1-42c9-42b7-a33b-67eb701fab70
353,WP6 Exploitation,2013-01-01,2014-12-31,f,137,,2,,2024-07-10 10:18:37,4dd3b74a-2c48-492a-ac3a-3516fea9ce70
385,TraFooN,2013-11-01,2015-12-31,f,151,,1,,2024-07-10 10:18:37,c7639a75-c806-4a8a-8f89-9372e99646ac
2041,PK in OH 2017,2017-01-01,2017-12-31,f,271,,8,,2024-07-10 10:18:37,21803f81-4fdf-4419-9034-24afcbca146c
194,Jahr 1,2009-11-01,2010-10-31,f,75,5760000,1,,2024-07-10 10:18:37,5bb3e1f2-468d-4f8c-99d7-d92c7567c80e
379,IMMODGEL other,2013-10-01,2015-12-31,f,148,9171000,2,,2024-07-10 10:18:37,c4546b21-93f2-439b-a3ee-a374a7987794
416,WP 2 Policy Dialog,2014-01-01,2015-12-31,f,154,1584000,2,,2024-07-10 10:18:37,b09349b8-76a3-44b1-b03f-00b24935f808
421,MFW Unterstützung Interreg V in BW,2014-04-15,2015-12-31,f,172,,1,,2024-07-10 10:18:37,71c4471c-c7f3-43d1-a7d0-8245585bd09a
2587,Knowing IPR Planung,2018-07-01,2021-06-30,f,357,10080000,8,,2024-07-10 10:18:37,6f5b8377-336d-45e3-8e52-0ccd67f9da54
407,BW KAM 1 Stuttgart,2014-04-11,2014-12-31,f,167,,1,,2024-07-10 10:18:37,bcb66b79-49ef-4b75-90d4-8ae6d4ce6926
1815,CITyFiED 2016,2016-01-01,2016-12-31,f,153,6305400,8,630,2024-07-10 10:18:37,fe6c7bdb-1c7f-4ab5-bef1-62bdffcf7412
323,Enterprise Europe Network 3 - Stuttgart,2013-01-01,2014-12-31,f,126,,1,,2024-07-10 10:18:37,54ddbb47-80e6-4f16-a4a4-ad3497dbddde
311,Business Creation - Stuttgart,2012-01-01,2015-12-31,f,87,,1,,2024-07-10 10:18:37,3aa4289a-fb18-44ce-a487-f5cb376ddfa5
324,Enterprise Europe Network 3 - Karlsruhe,2013-01-01,2014-12-31,f,126,,2,,2024-07-10 10:18:37,7e2c3a73-b870-4557-b921-798b3d5caff1
572,NEWBITS,2016-10-01,2019-03-31,f,285,12700800,8,,2024-07-10 10:18:37,b32ccadb-e5ad-4972-a423-aa4e97450911
367,AlpsCluster 2020,2013-09-01,2014-12-31,f,145,,1,,2024-07-10 10:18:37,be23dd28-f26a-4e61-b9e1-8acf39b9d804
302,envimpact man,2011-01-01,2013-07-31,f,96,,1,,2024-07-10 10:18:37,6eb8b797-6d1a-4bb4-a9e6-782d3ef7be44
359,Road4Fame coordination,2013-06-01,2015-10-31,f,141,,2,,2024-07-10 10:18:37,ee8cc4d0-7d3b-45f9-9e43-157d5de2da09
533,Vanguard,2016-01-01,2018-03-31,f,263,,8,,2024-07-10 10:18:37,f853346b-b421-40cb-9721-206a8c78672e
537,Donau Forum Karlsruhe,2015-04-01,2015-11-30,f,196,,2,,2024-07-10 10:18:37,14d1c84c-aedf-42e4-9ccf-8e35ff0b6c18
409,Europabeauftragter 2014 - Karlsruhe,2014-01-01,2014-12-31,f,121,,2,,2024-07-10 10:18:37,ab52f391-a99d-43a6-a17a-92980b24120c
450,WP5 Management,2015-02-01,2015-12-31,f,179,,2,,2024-07-10 10:18:37,e5ecaa4e-5e4b-4a67-93f5-76162d9c122d
432,EULAC-REGIO (RIS),2013-12-26,2015-03-31,f,176,,1,,2024-07-10 10:18:37,d96aec90-b8f6-42ba-ab1c-c7c3ff4f1802
315,TIPS Other,2012-10-01,2014-09-30,f,122,,1,,2024-07-10 10:18:37,811a766a-403c-45d6-952c-f98ce412b346
380,TIPS management,2012-10-01,2014-09-30,f,122,,1,,2024-07-10 10:18:37,a5fcec49-bf02-4cc0-9e60-0904dbf40f4e
692,BRICKER management GmbH,2016-01-01,2017-09-30,f,147,,8,,2024-07-10 10:18:37,cec4988c-f43c-4d01-95be-2a28ee383a58
427,Proeli,2014-07-01,2015-11-30,f,173,,2,,2024-07-10 10:18:37,cc54b326-6920-46ee-92e4-f9a2cc318eb9
2101,WP6 Stunning 2017,2017-10-01,2017-12-31,f,314,1594800,8,,2024-07-10 10:18:37,7e59a764-2ff4-46ea-ae2f-7f189c7325e2
386,NoGAP Clusteraktivitäten,2013-09-01,2015-12-31,f,149,,2,,2024-07-10 10:18:37,6c61d0d1-f101-4ee2-86c7-6864d21e5af1
418,WP 7 Communication Dissemination,2014-01-01,2015-12-31,f,154,180000,2,,2024-07-10 10:18:37,b1a976d7-71b9-4dac-9407-6ef43079968a
503,Photonics4All dissemination,2015-01-01,2015-12-31,f,191,,2,,2024-07-10 10:18:37,280b4ca4-d390-42be-97ee-47820eaeeadf
381,NoGAP Coordination,2013-09-01,2015-12-31,f,149,,2,,2024-07-10 10:18:37,e243370a-6eed-4e80-a042-c7aa1bf967df
441,WP3 Case Studies,2015-02-01,2015-12-31,f,177,,2,,2024-07-10 10:18:37,e44d0092-0bc1-4033-ba0e-f041ae6952c9
263,KnoholEM,2011-09-01,2014-08-31,f,106,5400000,1,,2024-07-10 10:18:37,e759e93b-86a5-43d6-bd74-a4ef9293eada
423,WP Management,2014-04-01,2015-06-30,f,153,,1,,2024-07-10 10:18:37,07cea2e6-d96a-4d88-82b3-b27e14af91f0
2797,2018 Überstunden,2018-01-01,2018-12-31,f,413,,9,,2024-07-10 10:18:37,ac805cc9-fb85-4b6b-95c6-d496c76a4913
504,MWK 2015 Zusatz,2015-01-01,2015-12-31,f,171,,1,,2024-07-10 10:18:37,e7645478-d342-4a1f-bbff-2974fe77f716
377,BRICKER other Stuttgart,2013-10-01,2015-06-30,f,147,,1,,2024-07-10 10:18:37,8b0b376f-6a4f-46d1-8305-9387322ccd12
486,Parlamentarischer Abend 11.03.15,2015-01-01,2015-05-31,f,193,,1,,2024-07-10 10:18:37,063ee9ab-bfcb-4fe0-9e35-455b641a5a94
456,WP7 Management,2015-01-01,2015-12-31,f,182,,2,,2024-07-10 10:18:37,30fa0eea-3bdc-4e9a-9331-0a6665f25690
626,Tender Matchmaking GmbH,2016-01-01,2016-12-31,,155,,8,,2024-07-10 10:18:37,5e741cd7-84d4-4fad-8801-6f536fd7269d
383,NoGAP Other,2013-09-01,2015-12-31,f,149,,2,,2024-07-10 10:18:37,fed2370f-0002-4927-bcb9-c5278b53afab
444,WP6 Dissemination,2015-02-01,2015-12-31,t,177,,2,,2024-07-10 10:18:37,8d18864f-d009-4de4-98af-bdd968c1b0bc
543,Clusteragentur KA 2015,2015-10-01,2015-12-31,f,174,,2,,2024-07-10 10:18:37,c22ff1ea-58ec-441e-893d-bba0b2c95429
442,WP4 Recommendations,2016-01-01,2015-12-31,f,177,,2,,2024-07-10 10:18:37,40b9c341-475e-408d-9dcc-c1d6fecf68b0
445,WP7 Management,2015-02-01,2015-12-31,f,177,,2,,2024-07-10 10:18:37,76afa17a-5c79-448b-8470-901c8cd81b1e
448,WP3 SRA,2015-04-01,2015-12-31,f,179,,2,,2024-07-10 10:18:37,17f2ac83-6e7e-40be-baec-24219485dc03
495,BW KAM 2 Karlsruhe,2015-01-01,2015-12-31,f,200,,2,,2024-07-10 10:18:37,b314c098-7c48-4e4f-b8a3-e33cacc1b3a8
1768,WP CI2B 2017,2017-04-01,2017-12-31,f,306,,8,,2024-07-10 10:18:37,d933fed4-d8f6-455e-b3e1-6739ddb87a32
378,IMMODGEL man,2013-10-01,2015-12-31,f,148,10278300,2,,2024-07-10 10:18:37,160c31ec-4069-46ea-91c9-7fae469f301e
459,2015 wp5 Demo/Valid,2015-01-01,2015-12-31,f,183,,2,,2024-07-10 10:18:37,c5a6f05d-be55-4f68-96d3-04f0ff67ee38
254,"WP8 Dissemination, exploitation + Mgt of IP",2011-02-01,2015-11-30,f,103,7200000,2,,2024-07-10 10:18:37,2df08dbb-c6b6-47be-8074-22bc05dfb2e5
384,Netzwerk BPL,2013-09-01,2015-12-31,f,150,,1,,2024-07-10 10:18:37,9d695e1a-3066-4227-8b2c-eb5d97624059
370,Dragon-STAR WP3 Res. Collaboration,2012-10-01,2015-09-30,f,125,,2,,2024-07-10 10:18:37,28679782-37ad-45dc-ba3c-2132915aa59a
395,IPR Mercosur,2013-11-08,2015-07-07,f,156,,1,,2024-07-10 10:18:37,de79f462-0045-4687-80a5-0ceeff390646
440,WP2 Roadmap,2015-02-01,2015-12-31,f,177,,2,,2024-07-10 10:18:37,7d54b9f0-ba46-4896-aa26-31a21370dbac
417,WP 1 Management,2014-01-01,2015-12-31,f,154,144000,2,,2024-07-10 10:18:37,50ba6d26-3bf0-4942-8e5a-7ae6474e5451
369,WP9 Management,2013-09-01,2015-12-31,f,146,,2,,2024-07-10 10:18:37,e6921251-4f19-451a-8f70-52bb82fe374e
382,NoGAP Management,2013-09-01,2015-12-31,f,149,,2,,2024-07-10 10:18:37,0072d65a-8aef-458a-9584-ce2205a25b2b
271,Interreg IV Oberrhein,2011-09-01,2015-09-30,f,111,,2,,2024-07-10 10:18:37,ea28bd14-cabd-4c33-91b3-69ff3d3f2251
519,MFW Open Innovation - Stuttgart,2015-11-01,2015-12-31,f,257,12355200,1,,2024-07-10 10:18:37,d8857709-1891-41fe-ba23-d9851365e5db
358,Road4Fame other,2013-06-01,2015-10-31,f,141,,2,,2024-07-10 10:18:37,60548a52-7244-4fbb-96ac-6c9c33d5a28b
588,CITyFiED KA,2016-09-01,2015-12-31,f,153,,2,,2024-07-10 10:18:37,75d0a010-77e5-42c5-84e8-f41878588ce9
428,Smart Furniture,2014-07-01,2015-11-30,f,173,,2,,2024-07-10 10:18:37,9b3dd5ba-8156-405e-9889-f4d78b05b7cb
334,MWK 2013 - Karlsruhe,2013-01-01,2013-12-31,f,185,,2,,2024-07-10 10:18:37,b1a99d8e-40cc-40e3-a3dd-17e695de1ad1
404,MWK 2014 Karlsruhe,2014-01-01,2014-12-31,f,185,,2,,2024-07-10 10:18:37,4ade3951-8197-4fad-8d33-665799195407
1762,"Task 7.1 D+C Secretariat, 1 PM ab 2017",2017-01-01,2020-01-30,f,189,518400,9,1120,2024-07-10 10:18:37,81c5388a-5bcf-4abe-9246-539c45cb8afc
401,Trainings - Stuttgart,2014-01-01,2015-12-31,f,162,,1,,2024-07-10 10:18:37,aceb4259-c306-418c-94cf-6f1b223b3458
253,WP7: Training & Knowledge Transfer,2011-02-01,2015-11-30,f,103,7200000,2,,2024-07-10 10:18:37,aec8a2a7-7719-4eee-8e46-acc2da075583
394,Tender Matchmaking,2014-01-01,2015-12-31,f,155,,1,,2024-07-10 10:18:37,86d50ab3-76d5-42c0-8551-73629c0c3efc
309,Futures International - Stuttgart,2010-09-06,2015-03-31,f,86,,1,,2024-07-10 10:18:37,3b165779-dd16-4a41-b2c1-dea8d4576f67
218,Futures International - Karlsruhe,2010-09-06,2014-12-31,f,86,25704000,2,,2024-07-10 10:18:37,dce2b776-e2f5-404c-b967-062ffd6436ea
1760,"Triangulum 2017-2020 PM 30,65",2017-01-01,2020-01-31,f,189,15888600,9,,2024-07-10 10:18:37,b457b118-10fc-46ad-a8c9-9406ea518573
175,WP 3 Identific. of successfull FP6/7 particip.,2008-07-01,2011-06-30,f,62,756000,1,,2024-07-10 10:18:37,76bcbe14-8c0a-47c8-a40f-f98e499e5110
140,WP2 Analysis +Def. SME,2008-02-01,2010-01-31,f,53,3600000,2,,2024-07-10 10:18:37,1be4e38d-9adc-4e43-a0f5-b805150d3818
172,WP4 Competence Development,2009-01-01,2009-08-31,f,74,1656000,1,,2024-07-10 10:18:37,1700c101-9ac6-4e09-9a4c-0e7bcc1d392b
576,EUUSEHEALTHWORK,2016-09-01,2018-02-28,f,287,,8,,2024-07-10 10:18:37,b7c753b5-d985-4977-9a37-796e19c7f7bf
328,RTD - Karlsruhe,2012-11-01,2015-10-31,f,128,,2,,2024-07-10 10:18:37,0c43ab18-850d-451b-b483-fef339e65978
493,DonauForum Stuttgart,2015-04-01,2015-11-30,f,196,,1,,2024-07-10 10:18:37,47d64924-c44f-42af-8189-aa43475b62e7
505,CMT Stuttgart,2015-01-01,2015-12-31,f,201,,1,,2024-07-10 10:18:37,906cf5fc-768a-4462-9ab1-4ae580550d06
330,Other - Karlsruhe,2012-11-01,2015-10-31,f,128,,2,,2024-07-10 10:18:37,c3d02eff-99c0-4741-bf1c-66f1640d0b15
1778,"T9.3.2 EMDESK set up (0,5PM)",2016-10-01,2016-12-31,f,292,273600,9,894,2024-07-10 10:18:37,d4c6fe48-61e2-434a-a22d-df0f52e60c42
513,Europabeauftragter 2010 - Stuttgart,2010-01-01,2010-12-31,f,121,,1,,2024-07-10 10:18:37,1fd3d46a-4048-4337-8d0b-71cc6f4ff442
173,WP5 Strat. Information,2008-09-01,2009-08-31,f,74,1080000,1,,2024-07-10 10:18:37,9f11623a-12f7-4d22-9c6f-02b8d4b83b4b
376,BRICKER management,2013-10-01,2015-06-30,f,147,,1,,2024-07-10 10:18:37,63e19224-253a-4fa6-ba21-5ca47f363119
500,Wallenrodt Auftrag,2015-01-01,2017-12-31,f,195,,1,,2024-07-10 10:18:37,91496b9b-ebf5-44bd-a10c-1d0073861010
431,Stuttgart,2014-12-01,2015-12-31,f,128,,1,,2024-07-10 10:18:37,b074ba44-13ad-4c64-ba8a-55b70f777c12
169,WP1 Management,2008-09-01,2009-08-31,f,74,288000,1,,2024-07-10 10:18:37,0e3e92e5-c91b-4243-81ed-2f3f64a87ff2
171,WP3 Coaching,2008-11-01,2010-12-31,f,74,1080000,1,,2024-07-10 10:18:37,eae4dc01-0f94-4984-ac3a-33970c6d8080
193,SM-Bio Power 2,2009-09-01,2011-06-30,f,74,6804000,1,,2024-07-10 10:18:37,fe60a4b9-c882-468d-af1c-ea0dd2f45108
484,Photonics4All management,2015-01-01,2015-12-31,f,191,,2,,2024-07-10 10:18:37,ec0bcc33-1f86-4fe3-813e-68b0409af209
511,MFW Website Relaunch,2015-07-21,2015-12-31,f,240,,1,,2024-07-10 10:18:37,e64a7301-7721-48a7-9386-0590b1f4f85d
2195,WP2: Design and integration,2018-04-01,2019-11-01,f,309,3369600,9,2193,2024-07-10 10:18:37,5183f087-cbcc-47b0-9d58-43e2a039b6a5
1779,Sub-task T6.1.1: Strategy update M30,2017-04-01,2017-06-30,f,183,144000,9,719,2024-07-10 10:18:37,07ca062a-d03c-4bab-a189-a4a48cb29de6
2772,Antragsunterstützung,,,f,403,57600,8,,2024-07-10 10:18:37,aee957aa-23dc-4d10-b409-14c03c7ab92c
476,WP3 Improving STI framework conditions,2015-02-01,2015-12-31,f,187,,2,,2024-07-10 10:18:37,f658450d-4e3f-44f2-ac3b-04a0fcf7ea3c
472,WP6 Monitoring and future priorities,2015-02-01,2015-12-31,f,186,,2,,2024-07-10 10:18:37,4a3a17b6-b772-4bd4-b23b-53e01bf2ab26
630,CITyFiED GmbH,2016-01-01,2019-03-31,f,153,25900800,8,,2024-07-10 10:18:37,80372bd3-cebf-453d-afb5-4cf960567c30
479,"Triangulum 2015 PM 14,5",2015-02-01,2015-12-31,f,189,7492200,1,,2024-07-10 10:18:37,d8eaf9ba-b285-41ea-90af-a2be3564b992
2282,TRAINING: STC Trainings 2017,2017-03-01,2017-12-31,f,259,,8,602,2024-07-10 10:18:37,ff8a1750-3cd0-4177-a2ca-fb1eaba5fe9c
615,WP Dante,2017-01-01,2019-06-30,f,300,,9,,2024-07-10 10:18:37,ca0ec28b-2ffa-460c-b17f-8e4b75d0e6ae
453,WP1 MGT,2015-01-01,2015-12-31,f,181,,2,,2024-07-10 10:18:37,1b5c1fc4-9c64-49a7-8f68-0e97f099a210
405,Trainings - Karlsruhe,2014-01-01,2015-12-31,f,162,,9,,2024-07-10 10:18:37,96dfa089-a183-4ea3-b4c0-52e8a3ef968d
468,Europabeauftragter 2015 - Stuttgart,2015-01-01,2015-12-31,f,121,,1,,2024-07-10 10:18:37,e4cc98d7-3b4f-4277-8084-f06fc8e2a38e
545,PK in OH S 2015,2015-01-01,2015-12-31,f,271,,1,,2024-07-10 10:18:37,f1482340-06c8-4300-b7c5-5ce6db128166
2491,EEN 2019,2019-01-01,2019-12-31,f,342,,8,,2024-07-10 10:18:37,bf420a12-281a-4f6f-95e2-d5376e0f00a2
551,Gmbh 2016,2016-01-01,2016-12-31,f,217,,8,,2024-07-10 10:18:37,8ed444bc-97bf-48a2-b1a1-3a2fe4056ef8
596,REMOURBAN  2016,2016-01-01,2019-12-31,f,190,7628400,9,,2024-07-10 10:18:37,dae085d2-c6be-4459-bd27-3b30a30aae7f
2680,WP1,2018-09-01,2018-11-30,f,384,115200,8,,2024-07-10 10:18:37,c466b1dc-11e1-4e55-bafb-31d3849e2973
562,Dreher - Workshop,2016-01-01,2016-04-30,f,277,,8,,2024-07-10 10:18:37,a09404ad-8eb9-4a4b-9193-6479e953ef65
2674,Organisation & Durchführung,2018-08-01,2018-12-31,f,379,,8,,2024-07-10 10:18:37,ca73002e-b956-4a0c-bcdb-6dff76c674f9
2664,DHBW Mannheim Unterauftrag,2018-01-01,2018-06-30,f,372,,9,,2024-07-10 10:18:37,67790d77-faf7-446e-884b-8f3538049039
439,WP1 Gap analysis,2015-02-01,2015-12-31,f,177,,2,,2024-07-10 10:18:37,c45b0ef6-09c4-4374-82f4-6eaa88cb3e1a
577,MWK AK-EU,2016-01-01,2016-12-31,f,289,,8,,2024-07-10 10:18:37,defddb4e-c403-446a-b7d7-8368c3a2e57a
604,PHABLAB4.0 GmbH,2016-12-01,2019-05-31,f,298,,8,,2024-07-10 10:18:37,cb1d0366-acae-460c-a9e7-c013fc7dff7a
605,"Triangulum 2016 PM 11,28",2016-01-01,2016-12-31,f,189,5851800,9,,2024-07-10 10:18:37,85802b63-15f8-4e45-9fd5-6132afc0e380
1268,T8.1 Core group,2017-01-01,2017-12-31,f,266,1033200,8,1460,2024-07-10 10:18:37,be068f6d-1220-43c4-91e5-32cf016a2ec0
597,WP 5 Demo/Valid SIG; (6 PM),2016-01-01,2018-12-31,f,183,3110400,9,,2024-07-10 10:18:37,4732a936-3038-40fe-ba48-7c4046af858c
785,Final Event (Vorbereitung Q4 2016),2016-11-21,2016-12-31,f,179,86400,8,784,2024-07-10 10:18:37,fd1c3cae-dc48-4798-9fb0-f7ba442aba04
653,WP5 Tech transfer GmbH,2016-01-01,2017-01-31,f,186,2196000,8,,2024-07-10 10:18:37,42821ea3-ae16-41c6-a0cd-b49526324b21
585,OptEEmAL 2016,2016-01-01,2016-12-31,f,239,3858300,9,1759,2024-07-10 10:18:37,20d3efbf-b66c-406c-84cf-d361ca58bebc
591,WP1 Management SIG,2016-01-01,2018-03-31,f,180,,9,,2024-07-10 10:18:37,245aa710-fe07-497c-8a72-db7581f58dc9
592,WP5 Dissemination SIG,2017-01-01,2018-01-31,f,180,,9,,2024-07-10 10:18:37,d74d6108-f225-4930-b3b3-e08d9766d3e6
809,"Subtask 8.3.1 Roadmap of exploitable products, ... PM 4,5",2018-06-01,2019-11-30,f,290,2332800,9,806,2024-07-10 10:18:37,2d2e2090-8149-4fc7-8e8f-b1e6855ebebf
1864,T5.1 Overall outreach,2017-01-01,2018-01-31,f,180,,9,592,2024-07-10 10:18:37,91eba430-4ec2-481f-aa5d-cddb9471ceea
929,KMU Unterstützung 2017-2018,2017-01-01,2017-12-31,f,304,,8,,2024-07-10 10:18:37,0e845720-d9e6-4a76-a5a1-7dbd55c2b6b4
565,WP10 Dissem. & Exploit. 2016,2016-06-01,2016-12-31,f,266,799200,8,,2024-07-10 10:18:37,b6e230dc-893b-41fc-bec0-9c61f97f7d47
3971,WP8 MGT,2022-10-01,2026-03-31,f,625,1036800,8,,2024-07-10 10:18:37,2f1978c6-3546-41c6-810d-314cd902d6fa
524,WP6 Dissemination,2015-01-01,2015-12-31,f,182,162000,2,,2024-07-10 10:18:37,7dc71500-2cec-4e35-8482-98b2ec2cd0f7
460,2015 wp6 Diss./Exploit.,2015-01-01,2015-12-31,f,183,,2,,2024-07-10 10:18:37,9ac565e5-e6d2-4ec8-a24a-223bb792d413
580,WP Forschung,2016-11-01,2017-10-31,f,291,,9,,2024-07-10 10:18:37,32b2c368-49d2-42ee-9cc1-0723150d1324
627,Netzwerk BPL GmbH,2016-01-01,2018-09-30,f,150,,8,,2024-07-10 10:18:37,4cdab628-f72b-4d40-8411-9109f03d12b1
1625,Konferenz PM1,2017-07-01,2017-12-31,f,87,518400,9,1623,2024-07-10 10:18:37,6d3f100d-2e12-497d-9a11-0813807b016d
553,Europabeauftragter 2017 SIG,2017-01-01,2017-12-31,f,121,,9,,2024-07-10 10:18:37,6fa46146-8f26-4e78-be64-8854c85407b4
554,Europabeauftragter 2017 - Karlsruhe,2017-01-01,2017-12-31,f,121,,9,,2024-07-10 10:18:37,ca0937df-4cd2-45bb-a550-0992b8924095
514,Europabeauftragter 2016 SIG,2016-01-01,2016-12-31,f,121,,9,,2024-07-10 10:18:37,a9ddcfc0-c321-4834-b370-39d3ae30e08f
589,HOE Overheads 2016,2016-01-01,2016-12-31,f,271,,9,,2024-07-10 10:18:37,ed8ac870-5daa-4936-b149-377506ab0f50
1867,"Subtask 1.3.1 Meetings (1,5PM)",2017-01-01,2019-12-31,f,295,777600,8,962,2024-07-10 10:18:37,9107d514-336c-4122-954d-a212b9c3fde2
510,OptEEmAL sez 2015,2015-09-01,2015-12-31,f,239,1602900,1,1759,2024-07-10 10:18:37,56580f2c-f7f8-413e-8376-237435aa3b5c
531,MinWaterCSP 2016,2016-01-01,2016-12-31,f,261,4228200,8,,2024-07-10 10:18:37,0d67859a-7b56-4b80-be4a-6169adafc5bc
563,FTI JOOS,2016-01-01,2016-12-31,f,279,,8,,2024-07-10 10:18:37,8c588061-ef98-4156-a029-a622bf4ec71d
527,SEZ Business 2016,2016-01-01,2016-12-31,f,259,,8,,2024-07-10 10:18:37,196a0bf8-14b6-47a3-bd2c-72c6bee59c87
557,Leichtbau BW - Antragstellung,2016-02-01,2016-12-31,f,276,,8,,2024-07-10 10:18:37,cb0b3c51-356b-4cd5-a0ac-96c774b65de2
555,Districts of Creativity GmbH,2016-01-01,2017-12-31,f,158,,8,,2024-07-10 10:18:37,5d556689-c367-4dd4-a910-fd8e9d68afe2
628,Fit4HealthII GmbH,2016-01-01,2017-10-31,,143,,8,,2024-07-10 10:18:37,06873a94-1568-41cf-8e67-e64e501123de
362,Fit4HealthII,2013-11-01,2015-12-31,f,143,,1,,2024-07-10 10:18:37,6bcf6a00-c3e4-44fe-8c0a-dc87e10ab1c7
629,TraFooN GmbH,2016-01-01,2016-10-31,,151,,8,,2024-07-10 10:18:37,b6497bee-d5c3-41f9-9e6a-76e9c504b876
356,R2Cities - Stuttgart,2013-07-01,2015-12-31,f,139,,1,,2024-07-10 10:18:37,3409b571-18aa-4f50-96c6-b7abe7398ba2
220,Business Creation - Karlsruhe,2010-01-01,2015-12-31,f,87,18000000,2,,2024-07-10 10:18:37,fb7e41fe-28a1-485d-b6a1-41217928f8ce
529,W4E,2016-01-01,2016-12-31,f,87,,2,,2024-07-10 10:18:37,5b7d9325-0f0e-448a-9b8a-ee0eb0edf358
556,Expertentätigkeit,2016-01-01,2018-12-31,f,275,,8,,2024-07-10 10:18:37,49cf7518-7c63-4eb6-9b4b-659a70332805
454,WP2 Diss.,2015-01-01,2015-12-31,f,181,,2,,2024-07-10 10:18:37,7254c44b-cdfc-4e25-a79c-53031f7ca92b
455,WP3 Technology review,2015-01-01,2015-12-31,f,181,,2,,2024-07-10 10:18:37,c7826682-2925-4942-aa1c-babb8f86e238
654,WP6 Monitoring and future priorities GmbH,2016-01-01,2017-01-31,,186,,8,,2024-07-10 10:18:37,ed52f1b2-5c25-478d-bd49-395fb2f0944a
474,WP5 Tech transfer,2015-02-01,2015-12-31,f,186,,2,,2024-07-10 10:18:37,6a64afd6-d683-4c56-8af3-dcd4a681e6bc
443,WP5 Constituency building,2015-02-01,2015-12-31,f,177,,2,,2024-07-10 10:18:37,555cfc95-a744-4ae9-a402-4f395e790f94
546,CI2B 2016 KA,2016-01-01,2016-06-30,f,268,,8,,2024-07-10 10:18:37,8132d7f4-aef4-4d78-8dd0-bfac9e61f73f
452,WP5 Dissemination,2015-02-01,2015-12-31,f,180,,2,,2024-07-10 10:18:37,c679ad16-9514-4bb8-992d-721b42c1fd09
497,KMU Unterstützung - Stuttgart,2015-01-01,2015-12-31,f,198,,1,,2024-07-10 10:18:37,48a09326-28cc-4b5b-95e3-2cc0dca6703b
397,Districts of Creativity,2014-01-01,2015-12-31,f,158,,1,,2024-07-10 10:18:37,1ef2139b-2e9b-4612-ac32-b7b244a30748
438,EEN 2015 KA,2015-01-01,2015-12-31,f,178,,2,,2024-07-10 10:18:37,20294504-3b7d-4b56-bf62-d75910ef2fb1
620,BW KAM 2 GmbH,2016-01-01,2016-12-31,f,200,,8,,2024-07-10 10:18:37,04cfa452-8ee6-47b2-b359-d55027ce42c7
571,EEN 2017 - 2018 GmbH,2017-01-01,2018-12-31,f,284,,8,,2024-07-10 10:18:37,d220b97b-8250-4bda-ab9a-3142f8b0e1d2
507,CITyFiED,2015-04-01,2015-12-31,f,153,,1,,2024-07-10 10:18:37,34f7d13d-8678-4ce7-955f-b20102577143
636,BRICKER other GmbH,2016-01-01,2016-12-31,,147,,8,,2024-07-10 10:18:37,2c8461f7-186a-4969-964b-f6f90c6b2291
329,Management - Karlsruhe,2012-11-01,2015-10-31,f,128,,2,,2024-07-10 10:18:37,9a1c9d43-f46e-4011-9826-fb7e1c3d760d
637,WP Exploitation GmbH,2016-09-01,2016-09-30,,147,,8,,2024-07-10 10:18:37,08248ce1-3d15-4201-a705-1e037d6f217e
469,Europabeauftragter 2015 - Karlsruhe,2015-01-01,2015-12-31,f,121,,2,,2024-07-10 10:18:37,a818186b-4843-4e5d-b9ab-3fd0b5753f4e
512,Europabeauftragter 2009 - Stuttgart,2009-01-01,2009-12-01,f,121,,1,,2024-07-10 10:18:37,03f5aadd-b441-41f3-a2e7-e08035a127f3
619,MFW Website Relaunch GmbH,2016-01-01,2016-12-31,,240,,8,,2024-07-10 10:18:37,3aa2eb82-25d0-4ec3-abfd-2841979ce9fc
501,Road4FAME Stuttgart,2015-01-01,2015-06-30,f,141,,1,,2024-07-10 10:18:37,e3fd3eac-93e4-4b2d-ba8a-27fc7e026568
361,Rest MWK 2013,2013-01-01,2013-12-31,f,171,,1,,2024-07-10 10:18:37,1cc8c1f4-4290-43ed-b0d9-b783eca13678
299,MWK 2012 - Stuttgart,2012-01-01,2012-12-31,f,185,6048000,1,,2024-07-10 10:18:37,b522f9ec-ce55-49c3-add0-cb70d5e6314b
403,MWK 2014 Stuttgart,2014-01-01,2014-12-31,f,185,,1,,2024-07-10 10:18:37,6ab291da-ce0f-47ef-9e9d-4836ade9941c
2497,SIG FlexSt 2019,2019-01-01,2019-12-31,f,318,,9,,2024-07-10 10:18:37,6260b9b7-4eeb-4df2-ad98-64779c9b02d1
569,WP 2 GmbH (2016 - Task 2.1),2016-09-01,2016-12-31,f,283,437400,8,,2024-07-10 10:18:37,54b5f62c-7d84-4c35-a88a-3fec78099671
687,WP3 Strengthening innovation capacities GmbH,2016-01-01,2017-12-31,f,258,,8,,2024-07-10 10:18:37,37eb231a-2251-4b64-85b0-3532c3df850f
446,WP1 Definition of Framework,2015-02-01,2015-04-30,f,179,,2,,2024-07-10 10:18:37,4808acaa-f4a9-4406-8dad-0c4fdc72df8f
931,WP1 Strategic Inputs GmbH,2016-01-01,2016-12-31,f,182,493200,8,,2024-07-10 10:18:37,2154bd8e-ddd6-4b73-b0a1-40f6d0909b1c
677,WP8 Other activities GmbH,2016-01-01,2016-08-31,,146,,8,,2024-07-10 10:18:37,7734e872-f65c-4d29-ab3b-99d70f805344
2681,WP1,2018-06-22,2018-08-31,f,385,18000,8,,2024-07-10 10:18:37,cc3ed63d-3f39-4c43-bda2-fabffa5d62df
482,REMOURBAN 2015,2015-01-01,2015-12-31,f,190,6687900,1,,2024-07-10 10:18:37,38db6d83-9473-4178-bb52-c30b4a6bc911
2218,"T5.1, T5.2, T5.3 (2016)",2016-11-01,2016-12-31,f,296,288000,8,845,2024-07-10 10:18:37,8c7600bf-7852-41b3-83af-f58ff35bd816
638,PK in OH 2016,2016-01-01,2016-12-31,f,271,,8,,2024-07-10 10:18:37,faa5296e-e56d-4237-bbba-e70bca68afff
470,WP2 Community Building,2015-02-01,2015-12-31,f,186,,2,,2024-07-10 10:18:37,6996bd21-82ee-41d4-95aa-2646b83319ee
613,WP7 (6PM) Monitoring & Evaluation,2017-01-01,2020-12-31,f,301,3110400,8,,2024-07-10 10:18:37,534bcc02-c1d3-4969-98c5-62de0854994c
616,WP Made in Danube,2017-01-01,2019-06-30,f,280,,9,,2024-07-10 10:18:37,b9df3e1e-398e-4c4b-a23c-48e834be780d
1626,Netzwerk PM4,2017-01-01,2017-12-31,f,87,2073600,9,1623,2024-07-10 10:18:37,a4d55e79-1804-48d5-931e-40bd67fce80d
559,Auftrag Innovation,2016-01-01,2018-12-31,f,277,,8,,2024-07-10 10:18:37,8c42bd62-c999-4d93-b26f-ec47c6448be4
1874,T6.5 (1PM),2018-02-01,2019-06-30,f,297,518400,8,603,2024-07-10 10:18:37,b5776f50-275d-4c04-8c8e-a5df06cb9325
1976,WP4 Assessment,2016-09-01,2018-02-28,f,287,1008000,8,576,2024-07-10 10:18:37,640f4adb-756a-4c0b-8eb9-8e856a1c8d8a
642,WP8 Dissemination GmbH 2016,2016-01-01,2016-12-31,f,184,2338200,8,,2024-07-10 10:18:37,544c0dd6-1b93-4d7f-911d-0ac9312ee026
640,IMMODGEL other GmbH,2016-01-01,2017-09-30,,148,,8,,2024-07-10 10:18:37,d953733b-c58d-4cbd-94cd-dc9ffdaff633
1128,Jour Fixe WM,2016-01-01,2017-12-31,f,174,907200,8,691,2024-07-10 10:18:37,524b2cd2-a9a9-4667-98bb-f9c446281753
2614,WP0 GK,2018-01-01,2018-12-31,f,298,,8,,2024-07-10 10:18:37,ce7ab660-7da3-4964-92d5-09f48c8fe16c
609,WP3 (7 PM) Diss. & Marketing,2017-01-01,2020-12-31,f,301,3628800,8,,2024-07-10 10:18:37,bab6aa26-fa45-450f-ba3b-90139e065991
2073,NEWBITS 2016,2016-10-01,2016-12-31,f,285,1040760,8,572,2024-07-10 10:18:37,735fb98f-f7d1-44fe-9ae6-a888c93860c8
644,WP1 MGT GmbH,2016-01-01,2017-02-28,f,181,,8,,2024-07-10 10:18:37,7d4bec12-56dd-4aa9-85ba-1932d968c1d6
645,WP3 Diss. GmbH,2016-01-01,2016-12-31,,181,,8,,2024-07-10 10:18:37,1da23d18-aa7c-4c25-8b5c-f7358b829e1a
646,WP3 Technology review GmbH,2016-01-01,2016-12-31,,181,,8,,2024-07-10 10:18:37,a2eeb5b5-f5e8-47c6-9c9b-8dc6c3d3698b
534,WP4 Technology Transfer,2015-01-01,2015-12-31,f,181,,2,,2024-07-10 10:18:37,67f1f14c-c84e-4512-960c-628b7a2d0625
647,WP4 Technology Transfer GmbH,2016-01-01,2016-12-31,,181,,8,,2024-07-10 10:18:37,865ad587-4fc9-4848-8fc5-18e7028a60d2
648,WP5 Technology outlook GmbH,2016-01-01,2016-12-31,,181,,8,,2024-07-10 10:18:37,23b1564d-f928-45d5-ae43-89135c941847
652,WP4 Dissemination GmbH,2016-01-01,2017-01-31,,186,,8,,2024-07-10 10:18:37,0406d4bd-54f8-409e-b2fa-bb19b54377ae
473,WP4 Dissemination,2015-02-01,2015-12-31,f,186,,2,,2024-07-10 10:18:37,6cd7aef1-91f3-4bd1-9da6-2b80110daef8
656,WP2 Roadmap GmbH,2016-01-01,2017-01-31,,177,,8,,2024-07-10 10:18:37,b192f74c-619f-4170-b040-d2c8b0b1de66
657,WP3 Case Studies GmbH,2016-01-01,2017-01-31,,177,,8,,2024-07-10 10:18:37,7155e203-3be2-40b8-b3e3-0fc83ce24b54
658,WP4 Recommendations GmbH,2016-01-01,2017-01-31,,177,,8,,2024-07-10 10:18:37,d4b532bf-a921-4b9a-b890-ba0c6ab6b03e
659,WP5 Constituency building GmbH,2016-01-01,2017-01-31,,177,,8,,2024-07-10 10:18:37,da717eb0-6912-4c80-aee3-4183622afb3f
660,WP6 Dissemination GmbH,2016-01-01,2017-01-31,,177,,8,,2024-07-10 10:18:37,5bc87d0a-6bab-4422-8cad-ab1f3dd49806
661,WP7 Management GmbH,2016-01-01,2017-01-31,,177,,8,,2024-07-10 10:18:37,7e69c187-e42f-482c-9825-03c680313c81
678,WP9 Management GmbH,2016-01-01,2016-10-31,,146,,8,,2024-07-10 10:18:37,4a85fea9-5ad7-4c63-b6b0-75839d3ede11
655,WP1 Gap analysis GmbH,2016-01-01,2017-01-31,,177,,8,,2024-07-10 10:18:37,46efb052-a804-4312-ba5f-f95d9ad6d0a8
649,WP3 Clustering FoF actvs GmbH,2016-01-01,2016-12-31,f,182,259200,8,,2024-07-10 10:18:37,daa9dc69-24df-44ea-b16f-d7e463752cbf
447,WP2 M&S for CPS themes,2015-05-01,2015-12-31,f,179,,2,,2024-07-10 10:18:37,c01e48a9-2b83-410d-b048-aa3636f06aa4
662,WP2 M&S for CPS themes GmbH,2016-01-01,2016-12-31,,179,,8,,2024-07-10 10:18:37,9452e378-a724-40af-8e56-22e290751427
663,WP3 SRA GmbH,2016-01-01,2016-12-31,,179,,8,,2024-07-10 10:18:37,00f97467-e52b-461a-aae7-29180f3ca5b6
664,WP4 Dissemination GmbH,2016-01-01,2017-01-31,,179,,8,,2024-07-10 10:18:37,426b5526-3314-4285-ad19-c58bd996be6b
665,WP5 Management GmbH,2016-01-01,2017-01-31,,179,,8,,2024-07-10 10:18:37,4c30b479-2f4a-4f28-adc5-9e17ed70a0a7
666,WP3 Improving STI framework conditions GmbH,2016-01-01,2018-01-31,,187,,8,,2024-07-10 10:18:37,234dfcef-a7f1-402d-a3a5-4850a43d3928
667,WP5 Project mgt GmbH,2016-01-01,2018-01-31,,187,,8,,2024-07-10 10:18:37,71090ce8-3e78-4436-ac94-c0fd2a30aa73
477,WP5 Project mgt,2015-02-01,2015-12-31,f,187,,2,,2024-07-10 10:18:37,6307d8df-dc68-48f6-a45f-c273aaa06c58
668,Photonics4All communication GmbH,2016-01-01,2016-12-31,,191,,8,,2024-07-10 10:18:37,28c596d0-94a1-4feb-9616-4d61e2cfab7e
670,Photonics4All management GmbH,2016-01-01,2017-02-28,,191,,8,,2024-07-10 10:18:37,c5ad5336-51e3-4116-8fa4-e5296863091a
502,Photonics4All communication,2015-01-01,2015-12-31,f,191,,2,,2024-07-10 10:18:37,527938b4-f67e-4da9-b6f2-b927985163aa
669,Photonics4All dissemination GmbH,2016-01-01,2016-12-31,,191,,8,,2024-07-10 10:18:37,6f7d4e46-0201-4a5d-8f73-c0e7baabed77
671,Photonics4All project GmbH,2016-01-01,2016-12-31,,191,,8,,2024-07-10 10:18:37,d4384351-206f-488c-8c4d-c13174c7863e
680,NoGAP Clusteraktivitäten GmbH,2016-01-01,2016-03-31,,149,,8,,2024-07-10 10:18:37,8378a511-75dc-400d-8883-28c286f43705
485,Photonics4All project,2015-01-01,2015-12-31,f,191,,2,,2024-07-10 10:18:37,6eb3a780-1423-46b0-869c-171903e8623c
688,WP4 Dissemination GmbH,2016-01-01,2017-12-31,f,258,,8,,2024-07-10 10:18:37,db1bdcf5-b042-4319-848b-a51d59cce612
1763,"subtask 9.5.0 D+C Secretariat 1,17 PM ab 2017",2017-01-01,2021-07-31,f,260,604800,9,1105,2024-07-10 10:18:37,800c21dc-4a56-4524-8ebf-6a393d104dc1
564,WP09 Communication 2016,2016-06-01,2016-12-31,f,266,878400,8,,2024-07-10 10:18:37,508a09c3-8214-47b3-a8ca-adc8d2b4daea
632,WP AG2 EUSALP,2016-01-01,2016-07-31,f,272,,8,,2024-07-10 10:18:37,1f6bd6a0-7c6c-4e63-81d9-357d9bf77963
673,WP 1 Management SIG,2016-01-01,2016-12-31,,154,,9,,2024-07-10 10:18:37,2bfb5d69-dc7c-47e3-a0d0-fe9147a63296
674,WP 2 Policy Dialog SIG,2016-01-01,2016-12-31,,154,,9,,2024-07-10 10:18:37,41af7ecc-d1a0-4886-aa97-2e427ea773b0
675,WP 5 DTC SIG,2016-01-01,2016-12-31,,154,,9,,2024-07-10 10:18:37,a103e736-6b85-4dbd-822e-973709a18965
676,WP 7 Communication Dissemination SIG,2016-01-01,2016-12-31,,154,,9,,2024-07-10 10:18:37,444e1327-bf70-4ac4-b0c3-b6a0ed1dcaae
681,NoGAP Coordination GmbH,2016-01-01,2016-03-31,,149,,8,,2024-07-10 10:18:37,49110095-4463-476a-ac95-7edebe7e8b5c
682,NoGAP Management GmbH,2016-01-01,2016-03-31,,149,,8,,2024-07-10 10:18:37,7f0a7d6a-3e45-432d-a08e-ba34db5e1347
683,NoGAP Other GmbH,2016-01-01,2016-03-31,,149,,8,,2024-07-10 10:18:37,1c658982-6564-48fd-b9d3-cd50363d4135
621,KMU Unterstützung GmbH,2016-01-01,2016-12-31,,198,,8,,2024-07-10 10:18:37,15b266b1-94d8-4d18-8c63-21ed7f562d3e
255,WP9 Management,2011-02-01,2015-12-31,f,103,10800000,2,,2024-07-10 10:18:37,b0c80b3c-52e1-4ba1-9efa-044fc8bc4e6b
617,InnoWest GmbH,2016-01-01,2016-04-30,,256,,8,,2024-07-10 10:18:37,f28685a9-27a1-4c2d-aa3a-07f68b03e82a
583,"WP9 Management (13,5PM)",2016-10-01,2019-11-30,f,292,6998400,9,,2024-07-10 10:18:37,9decb276-8382-4fbe-893f-26b850e7afc9
498,KMU Unterstützung - Karlsruhe,2015-01-01,2015-12-31,f,198,,2,,2024-07-10 10:18:37,f9019192-6e91-4d63-ace9-34dd769ee27c
689,WP5 Communication GmbH,2016-01-01,2017-12-31,f,258,,8,,2024-07-10 10:18:37,8403b178-d1f7-4971-8dfb-a52e86f94905
639,IMMODGEL man GmbH,2016-01-01,2017-09-30,f,148,,8,,2024-07-10 10:18:37,5f6a1ce3-ecec-4b26-b115-e3a1e263d4d5
690,WP6 Project Management GmbH,2016-01-01,2018-02-28,f,258,,8,,2024-07-10 10:18:37,c6a93830-50d3-460e-96f2-0af760b41552
520,WP1 Enabling innovation potential GmbH,2016-01-01,2017-12-31,f,258,,8,,2024-07-10 10:18:37,75ea3bc9-f21e-4114-8cee-4b892e97e7a6
686,WP2 Business collaborations GmbH,2016-01-01,2017-12-31,f,258,,8,,2024-07-10 10:18:37,22af9dcc-9d2c-4b89-bd0a-8192dbd849cb
549,HSM Antrag KA,2016-01-01,2016-02-29,f,273,,8,,2024-07-10 10:18:37,4b010e92-17eb-4218-9b7a-dcce471aafe1
429,Clusteragentur S 2014-2015,2014-10-01,2015-12-31,f,174,,1,,2024-07-10 10:18:37,212a483b-2ccd-4975-a78a-2974dab73154
587,SIG Overheads 2016,2016-01-01,2016-12-31,f,294,,8,,2024-07-10 10:18:37,4f700ec7-f13c-4934-9081-659975194e44
695,SIG Overheads 2017,2017-01-01,2017-12-31,f,294,,8,,2024-07-10 10:18:37,bbb51566-83e5-4bf9-bed8-acecb4c3bddc
1837,T6.6 Techno Implementation Plan (D6.8),2017-01-01,2019-01-31,f,153,2808000,8,1819,2024-07-10 10:18:37,6773ce98-abae-49a4-bac8-7593c91b3520
2076,WP 7 2017 Rest,2017-01-01,2017-12-31,f,285,,8,2001,2024-07-10 10:18:37,407ee6f6-8cb7-49e6-83e5-fa11581291a7
424,WP Other,2014-04-01,2015-06-30,f,153,,1,,2024-07-10 10:18:37,3306f9c8-b629-4d94-a600-97b914fa3f17
700,T5.1 Test,2016-01-01,2016-10-31,f,186,1080000,8,653,2024-07-10 10:18:37,fa2f823f-b981-429e-9b6c-f7199e99299e
701,T5.2 Test,2017-01-01,2017-01-31,f,186,1080000,8,653,2024-07-10 10:18:37,4dde08db-1b70-47d7-8e95-7e9491b4540c
844,WP7 Management (2017 Q1),2017-01-01,2017-03-31,f,177,504000,8,661,2024-07-10 10:18:37,1ee385f0-259f-4bb1-bd4d-5d05b500f71a
610,WP4 (2PM) Requirements,2017-01-01,2020-12-31,f,301,1036800,8,,2024-07-10 10:18:37,5e201a16-8e8f-4ed1-b4e0-919b07545d9a
713,T8.03 Internal project communication & knowledge management,2016-01-01,2018-12-31,f,183,72000,9,600,2024-07-10 10:18:37,ba1d0e18-a377-438b-98ef-ffc58c2d9d3a
2263,WP1 Teilnahme an Sitzungen - 2018,2018-01-01,2018-03-31,f,263,,8,533,2024-07-10 10:18:37,c2b8c512-c7da-4c6a-887a-5cf15b3239f4
465,WP10 Management 2015-SEZ,2015-01-01,2015-12-31,f,184,2626200,2,,2024-07-10 10:18:37,4e587ca5-9560-479e-87bb-a99c731823ef
780,Continious Management,2017-01-01,2018-12-31,f,183,864000,9,698,2024-07-10 10:18:37,2f7499cd-9e0f-4f25-ad0d-f58febdb294c
2550,Task 5.1 Communication,2016-03-01,2018-08-31,f,262,,8,1935,2024-07-10 10:18:37,ae0d39a5-44d4-4fa6-a131-a5c0d59c64bc
631,R2Cities GmbH,2016-01-01,2018-06-30,f,139,,8,,2024-07-10 10:18:37,73aca9f8-a673-4ec1-a53a-5d831f341069
2615,WP0 GK,2018-04-01,2018-12-31,f,153,,8,,2024-07-10 10:18:37,b0eabbb7-09bd-4a00-96ca-44b45f09534f
679,WM KMU Auftaktveranstaltung 2017,2016-12-01,2018-02-28,f,302,,8,,2024-07-10 10:18:37,0a95f87f-1c44-468d-b71d-22f338684e43
806,task 8.3 Business cases and business models  PM 5,2018-06-01,2021-02-28,f,290,2592000,9,708,2024-07-10 10:18:37,6a37f356-d4b7-45b9-8142-2dcd49e2bcc1
1641,Task 1.4 (contribution),2017-06-01,2017-09-30,f,301,273600,8,607,2024-07-10 10:18:37,a11f9873-0647-45fa-9b49-ad0593377196
1775,"T8.1.1 D8.1 (0,55PM)",2016-10-01,2017-04-30,f,292,280800,9,898,2024-07-10 10:18:37,ab33c61d-1d31-4a8c-87e8-77f614bfee6c
1817,WP1 Replication,2017-01-01,2019-03-31,f,153,738000,8,1816,2024-07-10 10:18:37,dd5cf433-0e4d-44f1-8de5-f4c81415b6a3
1822,T1.5 Eval. of replication Potential (D1.6),2017-01-01,2018-09-30,f,153,131400,8,1817,2024-07-10 10:18:37,a14734a0-1b15-4c89-8110-fefd50f58751
521,WP1 Strategic inputs,2015-01-01,2015-12-31,f,182,493200,2,,2024-07-10 10:18:37,cff48447-9c79-4186-b804-d02948ace674
932,WP2 Industrial exploit network GmbH,2016-01-01,2016-12-31,f,182,288000,8,,2024-07-10 10:18:37,d3a28210-b8bb-4007-bd31-be7ac8f8fe49
938,QT1 2017 WP1 Manage,2017-01-01,2017-03-31,f,300,180000,9,937,2024-07-10 10:18:37,62ed9f49-101e-43da-8e5e-2ddb7753e019
396,GeNergie,2016-01-01,2016-12-31,f,157,,9,,2024-07-10 10:18:37,459e1fac-9fb7-4c45-96a0-bc99cec0e513
547,WP DTC Vukovar,2016-03-01,2016-12-31,f,270,,8,,2024-07-10 10:18:37,c5521f4d-7096-46b1-a68e-76ee727d6022
933,WP4 Best practices and case studies GmbH,2016-12-01,2016-12-31,f,182,1278000,8,,2024-07-10 10:18:37,e0ddd9c1-69a1-4fcf-acf8-70bc272bbc16
934,WP5 Beyond project GmbH,2016-12-01,2016-12-31,f,182,208800,8,,2024-07-10 10:18:37,8fc3ab5a-11f0-496a-a3fc-aa52a638376a
939,QT2 2017 WP1 Manage,2017-04-01,2017-06-30,f,300,216000,9,937,2024-07-10 10:18:37,640e0847-4016-46a3-ba74-66201366a006
715,T5.09 (2 PM);  D5.14 : Regulation analysis and barriers identification report [36],2017-01-01,2017-12-31,f,183,1036800,9,597,2024-07-10 10:18:37,c2a82050-98c7-46f4-8d14-406047548efd
788,"Subtask 8.5.1 Corporate identity design, M1-6, 1,5 PM",2016-12-01,2017-02-28,f,290,777600,9,786,2024-07-10 10:18:37,1e2fa332-acdd-4ea8-9f44-8c4ac22eeb3e
1788,"WP 7 2016 (6,68 PM)",2016-01-01,2016-12-31,f,183,3463500,9,599,2024-07-10 10:18:37,218aa62b-ac96-4afe-ae64-487c4bfc30ec
783,D Newsletter (3),2017-01-01,2018-12-31,f,183,432000,9,718,2024-07-10 10:18:37,4e5d1199-1e4b-48de-b605-c0083cb50e37
790,"Subtask 8.5.3 Dissemination Materials in English, incl. Giveaways, M1-12, 3 PM",2016-12-01,2017-11-30,f,290,1555200,9,786,2024-07-10 10:18:37,52fa2e4e-c70b-4be6-aba9-94028720468e
709,task 8.1 Exploitation & Market Deployment Support PM 8,2016-12-01,2020-01-31,f,290,4147200,9,708,2024-07-10 10:18:37,773c099c-3fff-400f-9d3b-c038e3848cc4
776,D8.10 Final report M48,2018-10-01,2018-12-31,f,183,576000,9,699,2024-07-10 10:18:37,23d0069a-9dea-447f-84f2-50df5e62579e
1791,"Sub-Task T6.4.2: market segments, size & growth",2017-01-01,2017-12-31,f,183,1440000,9,722,2024-07-10 10:18:37,23135ca2-d18f-400b-a599-453bc0396118
696,T9.1 Scientific coordination (4PM),2016-10-01,2019-09-30,f,292,2217600,9,583,2024-07-10 10:18:37,02f8ca70-52f2-48d8-9987-817ac5d81caf
774,D8.7 30-months interim progress report M31,2017-07-01,2017-07-31,f,183,144000,9,698,2024-07-10 10:18:37,25563dc9-1076-4b71-bab5-f767d9a6a872
810,"Subtask 8.3.2 Business plan: Identification and evaluation ... PM 0,5",2019-12-01,2021-02-28,f,290,259200,9,806,2024-07-10 10:18:37,e84dbd9c-fc69-411b-9449-039843db628f
1327,T8.8 - Best practices handbook,2017-06-01,2017-12-31,f,184,396000,8,1424,2024-07-10 10:18:37,363a22a7-1271-4015-98b0-8617f1ac9177
2214,WP2 Project Communication,2017-01-01,2019-06-30,f,300,504000,9,,2024-07-10 10:18:37,149f9f03-7ff4-4dbe-afa2-a3b80893bc3d
1269,T8.2 Knowledge Platform,2017-01-01,2019-05-31,f,266,1198800,8,1460,2024-07-10 10:18:37,e3da29b8-bfaf-4995-be68-d6c98b735ffb
710,Subtask 8.1.1 Exploitation & Market Deployment Strategy Setup PM 2,2016-12-01,2017-07-31,f,290,1036800,9,709,2024-07-10 10:18:37,5b760226-078a-4bd4-bd73-baea2fe6550a
771,D7.4 Report on Press releases M48,2018-10-01,2018-12-31,f,183,54000,9,718,2024-07-10 10:18:37,0e6b7f7e-cd34-4734-89a5-7a63fcdfce6c
599,"WP 7 Communic. SIG (17 PM - 8,19(2015) - 6,68(2016) = 2,13 PM f. 2017-18)",2016-01-01,2018-12-31,f,183,4568400,9,,2024-07-10 10:18:37,bf4b6523-93b0-4c94-8bf3-a4b3804067c6
823,"task 7.1 Cooperation with Lighhouse Projects M1-60, 1PM",2016-12-01,2022-09-30,f,290,518400,9,822,2024-07-10 10:18:37,99e0b64e-f930-432b-9e7d-0d44e74d9426
827,"task 7.2 Other EU ininiatives in SC collaboration  M1-60, 1PM",2016-12-01,2022-09-30,f,290,518400,9,822,2024-07-10 10:18:37,9b9d86b6-b920-4dae-a518-9328290ec485
708,"WP8 Communication, Dissemination & Exploitation PM 45",2016-12-01,2022-09-30,f,290,23328000,9,,2024-07-10 10:18:37,d730f042-ac3f-4466-b5ff-67cf29dceb19
803,task 8.2 Technology and market supervision activities PM 5,2017-12-01,2022-09-30,f,290,2592000,9,708,2024-07-10 10:18:37,9798eb3f-7104-4798-a769-e27c9287078b
805,Subtask 8.2.2 Technology & Market Watch PM 4,2017-12-01,2022-09-30,f,290,2073600,9,803,2024-07-10 10:18:37,b35881d3-a475-4746-993b-a27b812cf297
798,task 8.4 Knowledge-Transfer Events PM6,2017-09-01,2022-09-30,f,290,3110400,9,708,2024-07-10 10:18:37,f1e743cf-e6e4-475f-a820-c754eda02a99
786,"task 8.5 Dissemination and Communication strategy M1-60, 14 PM",2016-12-01,2022-09-30,f,290,7257600,9,708,2024-07-10 10:18:37,e9de55f0-028c-4ae2-833a-cb153f20670c
795,"Subtask 8.7.1 Event Participation M1-60, 3PM",2017-01-01,2022-09-30,f,290,1555200,9,794,2024-07-10 10:18:37,8cac91ec-6a70-42da-91fb-43a92c256933
1780,Sub-task T6.1.2: Strategy update M36,2017-10-01,2017-12-31,f,183,144000,9,719,2024-07-10 10:18:37,c8a51907-cf3c-48d2-91e3-0b190ecf2731
766,D6.3 Report on IPR/Exploitation workshops M27,2017-01-01,2017-03-31,f,183,288000,9,721,2024-07-10 10:18:37,6bd33868-00e7-474d-9cf9-67ba5ad0f959
711,Subtask 8.1.2 Clarification of exploitable results and guiding towards market deployment PM 6,2016-12-01,2020-01-31,f,290,3110400,9,709,2024-07-10 10:18:37,fa185653-3c8a-4bec-867f-308aca4663b5
1769,"Subtask 1.1.1 Raising social awareness and acceptance of change, 1PM",2016-12-01,2019-11-30,f,290,518400,9,814,2024-07-10 10:18:37,4e97d15f-bfaa-4860-bd09-af3f5a9beba2
818,"task 6.3 Social Acceptance M1-34, 3PM",2016-12-01,2019-10-31,f,290,1555200,9,817,2024-07-10 10:18:37,72db2d70-dbab-450b-b3fb-38750d045cc1
838,Task 2.5,2016-01-01,2017-01-31,f,177,504000,8,656,2024-07-10 10:18:37,87b8dee8-c8dc-43a9-a98b-0f255b599e74
848,Task 1.2 Admin and financial mgt,2017-01-01,2018-03-31,f,180,1843200,9,591,2024-07-10 10:18:37,0e975d51-4bf5-4073-b334-d43d5974c922
839,Strategy roadmap (Q4-2016),2016-11-01,2016-12-31,f,177,180000,8,838,2024-07-10 10:18:37,e571afaf-e88d-4925-8922-e4907612728b
840,Strategy Roadmap (Q1-2017),2017-01-01,2017-01-31,f,177,180000,8,838,2024-07-10 10:18:37,f367a22f-0114-43a3-9ae7-51f060af2bfc
841,Workshop Strategy roadmap (Q4-2017),2016-10-01,2016-12-31,f,177,144000,8,838,2024-07-10 10:18:37,b23237a5-7f82-4ef9-8b39-fd833fdbf45a
845,"WP5 - Comm., Diss. Explo.",2016-11-01,2018-10-31,f,296,3060000,8,,2024-07-10 10:18:37,7e971b09-da45-48f9-81fc-afd2d526a9dc
842,WP 4 Final deliverables SEZ (2017 Q1),2017-01-01,2017-01-31,f,177,504000,8,658,2024-07-10 10:18:37,cb88a3f4-e206-40f4-a9c0-02c0def52d7f
843,WP 6 Final Event & Publication (2017 Q1),2017-01-01,2017-01-31,f,177,288000,8,660,2024-07-10 10:18:37,50cc8c7e-c843-4292-8634-3f3938e644d4
730,"WP8 Exploitation, Dissemination and IPR Management of Results (16 PM)",2017-01-01,2019-12-31,f,297,8035200,8,,2024-07-10 10:18:37,79dddf4d-5d94-415a-a2b6-e0948b56beb2
1740,WP0 Rest Finanzierung,2017-01-01,2018-02-28,f,184,,8,,2024-07-10 10:18:37,7e3f1309-f501-42e2-90d2-f8c9946d74ae
2103,SIG FlexSt 2017,2017-01-01,2017-12-31,f,318,,9,,2024-07-10 10:18:37,9a2ca5b7-a465-40dc-b6f5-53bed53bba7a
1865,T5.2 Representation of CPSELabs,2017-01-01,2018-01-31,f,180,,9,592,2024-07-10 10:18:37,4764229d-2bf8-4d80-97c9-c701e4b54c37
634,Business Creation GmbH,2016-01-01,2016-12-31,,87,,9,,2024-07-10 10:18:37,9a5d70b6-56e9-4fc7-ae49-2c7ef523ae7a
601,WP DTC Maribor,2017-01-01,2018-10-31,f,299,,8,,2024-07-10 10:18:37,b4935526-b825-4ef0-b316-21211091bcbc
1902,T1.3 Analysis of demand of DTC,2017-04-01,2017-06-30,f,299,57600,8,880,2024-07-10 10:18:37,ad496139-b6d3-4631-b25e-6bf674fb0656
854,T1.2 Financial PM and accounting,2017-01-01,2019-06-30,f,280,,9,850,2024-07-10 10:18:37,4d0af72e-6c15-41f9-87d2-c042341f4164
1999,WP6 Exploitation,2017-01-01,2018-06-30,f,139,4946400,8,,2024-07-10 10:18:37,4de6c02d-3971-444a-ae09-1f3f72d14a4c
836,WP3 Meetings and Events Conference Vukovar,2017-01-01,2017-06-30,f,270,252000,8,835,2024-07-10 10:18:37,9b47ed6c-a1ab-4797-93e1-c049871b4f04
816,"Subtask 1.2.4 Innovative Business Models PM 1,5",2016-12-01,2019-03-31,f,290,777600,9,813,2024-07-10 10:18:37,20286ff4-c458-4b42-9884-5f61475bc36a
1854,T2.5 Updating the Photonics Challenger Projects Material (1/2),2018-02-01,2018-04-30,f,298,144000,8,1844,2024-07-10 10:18:37,72b72c5e-1204-4a41-8c45-7bc2f9f7761f
2199,WP6: Dissemination,2017-09-01,2020-08-31,f,309,1296000,9,2193,2024-07-10 10:18:37,12c09975-904c-4ca0-b919-58b508120801
614,WP8 (1PM) Management,2017-01-01,2020-12-31,f,301,518400,8,,2024-07-10 10:18:37,fbd1edb5-2b26-43ce-9dd3-a4183a4c1030
895,"T7.1 Corporate Identity (0,5PM)",2016-10-01,2017-01-31,f,292,259200,9,581,2024-07-10 10:18:37,bd425b61-bf86-4e1f-b177-4b46e55ef2a8
1838,T6.8 Coop with cluster of cities (D6.9),2017-01-01,2018-11-30,f,153,1782000,8,1819,2024-07-10 10:18:37,fdac54c4-69c3-4cd2-a764-c9c4554ef8d6
1777,"T9.3.1 Meetings (1,5PM)",2016-10-01,2019-09-30,f,292,763200,9,894,2024-07-10 10:18:37,e6c32f68-e21a-48a9-949a-6c863be90c2d
1789,"WP 8 - 2016 (7,32 PM)",2016-01-01,2016-12-31,f,183,3794400,9,600,2024-07-10 10:18:37,141b54f9-75fb-4b51-9d79-4d249c3d8ffe
716,T5.10 (4PM); D5.15: Proposal of market measures [48],2018-01-01,2018-12-31,f,183,2073600,9,597,2024-07-10 10:18:37,339ac4f7-940b-410f-9df0-e157118a187a
804,Subtask 8.2.1 Analysis of the market PM 1,2017-12-01,2019-05-31,f,290,518400,9,803,2024-07-10 10:18:37,11350e37-4016-45cd-92bc-93488061f2da
770,D7.3 NETFFICIENT project leaflet M36,2017-07-01,2017-12-31,f,183,216000,9,718,2024-07-10 10:18:37,b14f5610-510d-4a0e-ac0a-de6ca4f460da
717,"T7.02 Task 7.2: NETFFICIENT website, web presence and social media",2016-01-01,2018-12-31,f,183,1296000,9,599,2024-07-10 10:18:37,c97e083f-8f55-4dd9-a8a2-aa8001c80804
1825,D1.8 Info Packs,2017-01-01,2018-09-30,f,153,415800,8,1823,2024-07-10 10:18:37,c728b519-72ba-4f51-bc6b-84fdc2224f46
2262,KETGATE: Lump-Sum Preparation 1. HJ 2017 (15.000 Euro 80% finanziert!!!),2017-01-01,2017-06-30,f,259,720000,8,602,2024-07-10 10:18:37,30c90974-bb17-43ca-833c-b20beb44d461
919,WP T4 Sustainability of i-service across CE,2018-01-01,2018-12-31,f,282,612000,9,,2024-07-10 10:18:37,22c7cf0c-44f5-4175-8bd7-c7d0981bfe77
2261,S2i GmbH 2018,2018-01-01,2018-12-31,f,217,,8,,2024-07-10 10:18:37,f33d93a3-8b34-4494-8e0e-e8ae43f16f3c
2266,Unterauftrag von SIG 1 x 1 Antragstellung,2017-10-01,2017-12-31,f,217,,8,,2024-07-10 10:18:37,ba241566-a2c5-4850-a7ef-f26f2a57c56d
2265,2017: Training 1 x 1 (Zertifikatslehrgang),2017-01-01,2017-12-31,f,328,,9,,2024-07-10 10:18:37,86e929fd-1aa6-42ac-81fe-2837b2ff4700
2781,WP2018,2018-11-01,2018-12-31,f,402,,8,,2024-07-10 10:18:37,7802c0ee-da05-455e-9cd1-f709f52ebe1c
813,task 1.2 Smart Economy PM 3,2016-12-01,2019-03-31,f,290,1555200,9,811,2024-07-10 10:18:37,80da21a5-baaf-45c0-b1d6-ad2ec5a9e085
2264,"EVENT: '"Öffentliche Beschaffung von Innovationen'"",2017-10-01,2017-12-31,f,259,,8,602,2024-07-10 10:18:37,dd2a9e72-a3dd-4517-bf00-94b540cfabd3
915,WP T1 Profiling existing tech transfer services,2016-07-01,2017-06-30,f,282,1404000,9,,2024-07-10 10:18:37,7d70e2e4-1624-4570-82be-fdfe17c5f414
815,"Subtask 1.2.1 City business model PM 1,5",2016-12-01,2019-03-31,f,290,777600,9,813,2024-07-10 10:18:37,79d35fc0-8005-4feb-9ba5-0affcd0cd7ce
699,T8.02 Financial & accounting management,2017-01-01,2018-12-31,f,183,216000,9,600,2024-07-10 10:18:37,ef1065e5-a5f0-4547-a429-acfe64ff9676
718,T7.03 Printed and digital materials for communication,2016-01-01,2018-12-31,f,183,810000,9,599,2024-07-10 10:18:37,b800e1e0-01e0-4a1f-9add-badc50869fae
729,WP9 Communication (7PM),2017-01-01,2019-12-31,f,297,3888000,8,,2024-07-10 10:18:37,88868c0f-8c2e-4097-adcb-2b0e6e77c030
896,"T7.2 Website and web presence (1,5PM)",2016-10-01,2019-09-30,f,292,921600,9,581,2024-07-10 10:18:37,ac891716-9ee7-4c17-9c18-7bb081670b48
773,D8.6 24-months interim progress report M25,2017-01-01,2017-01-31,f,183,144000,9,698,2024-07-10 10:18:37,38bf37ad-579f-427f-a2c5-1b283ca66ac7
777,D8.9 42- months interim progress report M43,2018-04-01,2018-07-31,f,183,144000,9,698,2024-07-10 10:18:37,aa4deefd-73a1-4d2a-9f36-68ba212e439a
775,D8.08 Mid-term report II (36 months) M38,2018-01-01,2018-03-01,f,183,432000,9,699,2024-07-10 10:18:37,d12c9c7c-2250-489f-b28b-55926fc9b964
698,T8.01 Administrative management of the project,2017-01-01,2018-12-31,f,183,216000,9,600,2024-07-10 10:18:37,23c7662d-f7d2-49e3-89dd-8d218a13cc5f
782,D  Press Releases (3),,,f,183,108000,9,718,2024-07-10 10:18:37,39614b83-9618-490a-8f5b-ce7eec0e5a40
1790,Sub-Task T6.4.1: Result characterization,2017-01-01,2017-12-31,f,183,900000,9,722,2024-07-10 10:18:37,4bee301e-d6c6-400e-b05f-3cfc1d8f8d45
724,T6.07 Scientific/industrial publications & visit of international conferences and fairs,2016-01-01,2018-12-31,f,183,288000,9,598,2024-07-10 10:18:37,32308bbb-fd5a-40d3-81ff-a1fa765b580d
722,T6.04 Roadmap towards exploitation of the results through viable business cases,2016-07-01,2017-12-31,f,183,7056000,9,598,2024-07-10 10:18:37,8cd86b79-cb97-496c-a2bf-e090bf1fe360
900,"T8.3 Roadmaps towards exploitation (3,55PM)",2018-10-01,2019-09-30,f,292,1699200,9,582,2024-07-10 10:18:37,eee73460-07d8-42ab-b6b1-d858c7d4c7f0
764,Sub-task 6.6.1. Showroom and virtual site visits,2017-07-01,2018-10-31,f,183,900000,9,723,2024-07-10 10:18:37,299503ff-6334-4f38-bb47-64ad5b409492
723,T6.06 Activities to support technology and knowledge transfer,2016-01-01,2018-12-31,f,183,2700000,9,598,2024-07-10 10:18:37,e7a87824-b6a2-45f7-adb9-8c9b63dfc921
598,"WP 06 Diss./Exploit. SIG (39 PM - 1,7(2015) - 5,23(2016) = 32,11 PM f. 2017-18 (= 4623.84h))",2016-01-01,2018-12-31,f,183,19353600,9,,2024-07-10 10:18:37,d67b33a4-3be6-425b-8164-d03bfaa4e096
765,Sub-task 6.6.2. Real study visits,2017-10-01,2018-10-31,f,183,900000,9,723,2024-07-10 10:18:37,b5d658a2-19ba-4e62-8549-fecd55654716
725,T6.08 Organisation of final NETFFICIENT conference (M47),2018-04-01,2018-12-31,f,183,1548000,9,598,2024-07-10 10:18:37,32c93be0-1143-496d-a17f-8e01388d4e19
726,T6.09 Handbook on best practices (final project results) - final publication M48,2018-04-01,2018-12-31,f,183,1036800,9,598,2024-07-10 10:18:37,fda903e5-55c4-46f4-a1aa-694e32931736
720,T6.02 Technology watch and business intelligence - D6.2 Update on business intelligence (M42),2016-01-01,2018-12-31,f,183,900000,9,598,2024-07-10 10:18:37,e6a83d86-f766-4b43-a2f3-17d0189f55b0
727,T6.10  Interacting Workshops between projects under LCE6-10,2016-01-01,2018-12-31,f,183,360000,9,598,2024-07-10 10:18:37,78182d26-47a9-493c-8fc4-6ab4587eadb0
719,T6.01 Dissemination and exploitation strategy -  D6.1 6monthly Updates (M42),2016-01-01,2018-12-31,f,183,432000,9,598,2024-07-10 10:18:37,719ed5ca-b42f-43e0-8f93-3147f44b1289
767,D6.4 Roadmap towards exploitation of project results M36,2016-10-01,2017-12-31,f,183,756000,9,722,2024-07-10 10:18:37,3e6a731f-de75-4093-8e59-8cad1094b868
461,2015 wp7 Communic.,2015-01-01,2015-12-31,f,183,,2,,2024-07-10 10:18:37,26a5e0e6-2488-4471-9e50-f09a65ac0c46
581,WP7 Communication (4PM),2016-10-01,2019-09-30,f,292,2332800,9,,2024-07-10 10:18:37,6b0eca34-0a59-49ae-a01b-51492fd3de0b
2987,WM SI 2020,,,f,462,,9,,2024-07-10 10:18:37,1ac5bc0a-0746-4d8f-8c00-353293f2f581
2639,WP1. Project management,2018-07-01,2021-12-31,f,359,939600,8,2589,2024-07-10 10:18:37,a4c94533-4a28-4817-add9-bee3daf11964
793,"task 8.6 Webinars M37-66, 2PM",2019-07-01,2021-11-30,f,290,1036800,9,708,2024-07-10 10:18:37,164c4bc0-7467-4927-9ca0-2e89ab2d897d
789,"Subtask 8.5.2 Website, M3-60, 3 PM",2017-02-01,2022-09-30,f,290,1555200,9,786,2024-07-10 10:18:37,db6b3646-c8fd-4dc3-b939-409650f323b6
796,"Subtask 8.7.2 Final Conference M50-60, 2PM",2021-01-01,2022-09-30,f,290,1036800,9,794,2024-07-10 10:18:37,4918c69f-4668-4686-bce3-66106d2bb341
600,"WP 8 project management SIG (19 PM - 10,7(2015) - 7,32(2016) = 0,96 PM f. 2017-18)",2016-01-01,2018-12-31,f,183,4291200,9,,2024-07-10 10:18:37,b2693fba-7499-48a5-88ab-70237dfc0bc1
787,Subtask 8.5.0 Dissemination and Communication plan PM 0!!,2016-12-01,2017-03-31,f,290,,9,786,2024-07-10 10:18:37,e7ada026-056f-4afa-9c3a-a2579017d586
917,WP T2 Genetic modif. business services,2017-01-01,2018-05-31,f,282,972000,9,,2024-07-10 10:18:37,a2a26dee-249d-437b-8df1-8720d3541ed3
918,WP T3 Fast-lane to CE adv. manuf. inno.,2017-03-01,2018-09-30,f,282,3276000,9,,2024-07-10 10:18:37,272ce02d-6be5-4764-81d7-d0c4f90fbc9a
2325,WP2_2018,2018-01-15,2018-12-31,f,326,1699200,8,2271,2024-07-10 10:18:37,3954a44b-204f-4b87-83ae-b95341b4e7c0
2815,EIMC,2020-01-01,2021-12-31,f,417,,8,,2024-07-10 10:18:37,2ce88ffa-3f3e-48bc-9ad5-e186aa3d039c
2887,MWK 2020,2020-01-01,2020-12-31,f,431,,8,,2024-07-10 10:18:37,7d1876bd-7f3b-42fe-90ae-9799f2d52ac9
457,WP2  Industrial exploit network,2015-01-01,2015-12-31,f,182,288000,2,,2024-07-10 10:18:37,4a5f648f-8ef4-442b-8f60-6c16b4ee9a41
523,WP5 Beyond project,2015-12-01,2015-12-31,f,182,,2,,2024-07-10 10:18:37,a925e968-099f-485e-a8eb-5497deeb946a
1672,WP1 CPS-IoT Landscape,2016-11-01,2018-10-31,f,296,259200,8,,2024-07-10 10:18:37,36774ed0-b0fa-4cd3-bf56-8a6b99e179b5
834,Genergie,2017-01-01,2017-03-31,f,157,,9,396,2024-07-10 10:18:37,22eec3d3-74de-4f73-afff-92dab0b7d2b5
1824,D1.7 Replication Plan,2017-01-01,2018-09-30,f,153,118800,8,1823,2024-07-10 10:18:37,9d628ee2-d020-4a2a-b221-9ef6af5e7c59
898,"T8.1 Diss and Expl plan (1,5PM)",2016-10-01,2019-09-30,f,292,748800,9,582,2024-07-10 10:18:37,bb2dafd0-e3b6-4396-a260-d70d323c4472
1818,WP5 Dissem Comm,2017-01-01,2019-03-31,f,153,5190000,8,1816,2024-07-10 10:18:37,7917cda3-491c-4a4b-bd62-216483ccbf9c
811,WP1 Definition of an innovative Urban Transformation Strategy PM 5,2016-12-01,2019-11-30,f,290,2592000,9,,2024-07-10 10:18:37,cdca5319-d67e-4833-9c61-2e24bae1bfe1
1770,"Subtask 1.1.2 Citizen Engagement in Urban Transformation, 1PM",2016-12-01,2019-11-30,f,290,518400,9,814,2024-07-10 10:18:37,47ee460b-2dcb-4ba0-a1b9-1a8cefea8018
697,"T9.2 Admin and financial (7,5PM) management",2016-10-01,2019-11-30,f,292,3744000,9,583,2024-07-10 10:18:37,6e17288c-4a91-4467-83da-01dc9a310601
1821,T1.1 City secretariat (D1.1),2017-01-01,2019-03-31,f,153,72000,8,1817,2024-07-10 10:18:37,c71e32d7-9802-463c-bbd7-70e799b228e5
894,T9.3 Project Communication and Knowldege management (2PM),2016-10-01,2019-09-30,f,292,1036800,9,583,2024-07-10 10:18:37,4335bb1c-825d-44ff-b51a-b59f067c9d1b
2134,Planung 2018 (später löschen),2018-01-01,2018-12-31,f,147,,8,,2024-07-10 10:18:37,52c714bd-62a8-424e-ba61-c6e4ffb2828f
1826,T5.01 Dissem Comm Exploit Plan (D5.1),2017-01-01,2018-05-31,f,153,540000,8,1818,2024-07-10 10:18:37,ffe387a9-b415-49c0-9d52-0f7ea2edab13
1793,Sub-Task T6.4.3: Business development strategy,2017-01-01,2017-12-31,f,183,1260000,9,722,2024-07-10 10:18:37,49e03bf6-842d-459d-9ced-a4de484afd86
858,WP4  Tools and services,2017-02-01,2019-03-31,f,280,630000,9,,2024-07-10 10:18:37,2a249380-933d-4821-a740-8b83cbdb1442
2135,Planung 2018 (später löschen),2018-01-01,2018-12-31,f,314,,8,,2024-07-10 10:18:37,acf46abf-0f4d-4aa4-af25-05ffe5f976c5
2850,WP 1,2019-02-01,2019-02-28,f,423,,8,,2024-07-10 10:18:37,a4403593-c803-404d-8e90-e85251113ef2
859,T4.1 Analysis of innovation capability,2017-02-01,2019-03-31,f,280,,9,858,2024-07-10 10:18:37,66533ed1-a690-4f13-90ae-0e8a5652298a
851,WP2 Communication Activities,2017-01-01,2019-06-30,f,280,3607200,9,,2024-07-10 10:18:37,dddc2608-d60b-47e1-9e4e-4ea69b6cc28a
884,T2.1 Legal framework support for DTC,2017-01-01,2017-10-31,f,299,201600,8,883,2024-07-10 10:18:37,23fe07e8-3588-4be9-b102-1b10400ab104
1127,HF4 - Photonics BW,2016-11-01,2017-06-30,f,174,475200,8,691,2024-07-10 10:18:37,83a738ab-8f15-4ae0-b5df-a3b1edd7c728
864,WP1 Management&Communication,2017-01-01,2017-06-30,f,267,734400,9,,2024-07-10 10:18:37,1704f66f-b504-496e-a24a-8f9a9f537017
867,WP2 Exchange of Experience,2017-01-01,2017-06-30,f,267,576000,9,,2024-07-10 10:18:37,2eb33f08-2f2f-4d3a-83ec-eda17d1e0779
870,WP3 Methodology and Policy Dialog,2017-01-01,2017-06-30,f,267,547200,9,,2024-07-10 10:18:37,dc99df1b-d152-461a-be6a-49f3aa10ef69
2104,"T8.7 fairs, conferences, final conference (0,5 PM)",2017-01-01,2019-12-31,f,297,259200,8,730,2024-07-10 10:18:37,4b02bddf-b45f-4e14-9755-d0c1171bbb86
532,"SmartEnCity 2016 10,95PM",2016-02-01,2016-12-31,f,260,5674200,9,,2024-07-10 10:18:37,d0d91e17-d44f-4122-8238-f2e2af5c2460
1739,DanuBalt Reporting,2017-01-01,2017-03-02,f,197,,8,,2024-07-10 10:18:37,af4e6c27-b820-4eba-a698-e20e2d0528e7
751,"T8.6 scientific publications (0,5PM)",2017-07-01,2019-12-31,f,297,259200,8,730,2024-07-10 10:18:37,36067ef3-7c29-4426-822e-18e98b7ded54
897,T7.3 Printed and digitals materials (2PM),2016-10-01,2019-09-30,f,292,1152000,9,581,2024-07-10 10:18:37,152e429e-d76a-406a-937f-edc0672921ac
1781,Sub-task T6.1.3: Strategy update M42,2018-04-01,2018-06-30,f,183,144000,9,719,2024-07-10 10:18:37,a217d096-f869-4afe-87f2-df55abfba927
1792,"Sub-task T6.3.1 6monthly Exploitation WS (M30, 39, 42)",2017-01-01,2018-06-30,f,183,432000,9,721,2024-07-10 10:18:37,f78dbc0f-05fa-446d-b919-75a9cf1caf96
1798,Upgrade SME 2016,2016-05-01,2016-12-31,f,267,,9,548,2024-07-10 10:18:37,865d3c72-db9b-4705-af5f-5687604ffd81
1624,"Role Models PM 0,2",2017-01-01,2017-12-31,f,87,104400,9,1623,2024-07-10 10:18:37,9be95e5b-2ec8-437e-ae92-5323047d9e06
1796,Sub-task 6.6.3. Webinars & Training materials,2017-07-01,2018-10-31,f,183,900000,9,723,2024-07-10 10:18:37,1cf60d1b-e84b-4720-a4bd-cd84f1317579
2492,MWK-Auftrag 2019,2019-01-01,2019-12-31,f,343,,8,,2024-07-10 10:18:37,d60fe224-ad7c-4338-9ddf-1debef1eb923
2384,T1.1 Needs+Potentials,2018-01-15,2018-12-31,f,326,568800,8,2323,2024-07-10 10:18:37,c2189309-d056-4b67-9caf-d048e716248e
2277,OI Konferenz Organisation,2017-10-01,2018-05-31,f,330,,8,,2024-07-10 10:18:37,333388e7-5ec7-49ca-b550-b95edea2d91c
458,WP3 Clustering FoF actvs,2015-01-01,2015-12-31,f,182,259200,2,,2024-07-10 10:18:37,928fea82-ce38-4db0-b372-71f01102be8d
1801,WP other 2016,2016-01-01,2016-12-31,f,148,7397100,8,640,2024-07-10 10:18:37,70a970aa-c5f3-45e6-9879-092ac10f75d3
935,WP 6 Dissemination GmbH,2016-01-01,2016-12-31,f,182,356400,8,,2024-07-10 10:18:37,bd2dbc38-6a9a-4afb-843d-185afc019484
1800,WP man 2016,2016-01-01,2016-12-31,f,148,7722900,8,639,2024-07-10 10:18:37,a1209949-5d7b-42b2-9f71-8b0d0cf6aaa6
1813,"D7.3 social media, website",2017-01-01,2017-09-30,f,148,576000,8,1807,2024-07-10 10:18:37,c99850f1-f0e2-4f0a-93e2-ac9b35c55b3c
1802,WP man 2017 (8 PM),2017-01-01,2017-09-30,f,148,4147200,8,639,2024-07-10 10:18:37,0a896d91-37c5-4e80-b2d3-bdc9d02f2eda
1807,T7.3 Diss. material,2017-01-01,2017-09-30,f,148,1080000,8,1803,2024-07-10 10:18:37,d191f273-9e1d-4542-83f3-e1adcd08f1ff
2130,SIG FlexSt 2018,2018-01-01,2018-12-31,f,318,,9,,2024-07-10 10:18:37,b60e9f13-10b6-4747-aca9-dd89bae618b8
745,"T8.1 Dissemination and exploitation plan (1,5)",2017-01-01,2019-12-31,f,297,1036800,8,730,2024-07-10 10:18:37,9fcdfa84-3d3a-49e4-a691-c91307967a05
901,"T8.4 Knowledge transfer (0,5PM)",2018-10-01,2019-09-30,f,292,259200,9,582,2024-07-10 10:18:37,889430a2-1097-42f1-9c03-4b50ff3b640f
1845,WP4 Dissem Comm Monitoring and Coordination,2017-01-01,2019-05-31,f,298,432000,8,1842,2024-07-10 10:18:37,a142f87e-64f6-4db7-8447-6a8af9aae29e
855,T2.1 Communication activities to stakeholders,2017-01-01,2019-06-30,f,280,,9,851,2024-07-10 10:18:37,fccf8ec9-10b0-4176-b549-9ca9804207ab
1804,T8.1 Adm. man +report,2017-01-01,2017-09-30,f,148,2419200,8,1802,2024-07-10 10:18:37,1e5bfff0-87e5-483d-a84b-2c2db5af5571
1827,T5.02 Dissem Comm Secretariat (D5.2),2017-01-01,2019-03-31,f,153,201600,8,1818,2024-07-10 10:18:37,47f4d525-f64a-49dd-9f38-02ff83acf38b
853,T1.1 PM coordination activities,2017-01-01,2019-06-30,f,280,,9,850,2024-07-10 10:18:37,a4a0b1f4-4639-4d57-9b32-1bc6a2d9beb0
752,"T8.9 Best practices handbook (0,84PM)",2019-07-01,2019-12-31,f,297,435600,8,730,2024-07-10 10:18:37,ab53e8e0-e3ce-4adf-86f2-cc44c132935c
850,WP1 Project Management,2017-01-01,2019-06-30,f,280,8640000,9,,2024-07-10 10:18:37,2ba997cc-9923-40ec-8fda-6aaac239a48b
728,WP10 Management and quality (2PM),2017-01-01,2019-12-31,f,297,1036800,8,,2024-07-10 10:18:37,e31c048a-8d24-4c3d-89df-bd53bef06684
856,"T2.2 Newsletter, website and social media",2017-01-01,2019-06-30,f,280,,9,851,2024-07-10 10:18:37,e8301916-c072-4ad1-9857-5acc804a9109
733,"T9.2 website, social media and web presence (2,86PM)",2017-01-01,2019-12-31,f,297,1584000,8,729,2024-07-10 10:18:37,cf153053-43c9-4067-b425-5dda8f84a3db
734,"T9.3 Printed and digital materials for dissemination (3,14PM)",2017-01-01,2019-12-31,f,297,1641600,8,729,2024-07-10 10:18:37,7883dac2-96e5-4453-a1bb-373245135331
2500,Popup Labor Durchführung Gmünd,2018-03-01,2018-03-31,f,349,,9,,2024-07-10 10:18:37,1ce2fe6f-24e5-49fe-b960-5b4d5f963d40
1855,T2.4 Roll-out Tests of Photonics Challenger Projects (15 Teilnehmer),2018-04-01,2019-05-31,f,298,540000,8,1844,2024-07-10 10:18:37,a2145621-94a4-4b79-b2bf-200035e80924
1819,WP6 Exploitation,2017-01-01,2019-03-31,f,153,13568400,8,1816,2024-07-10 10:18:37,e2dc5431-5c23-45f2-8c18-c997d933f7ff
1840,T7.1 Management,2017-01-01,2019-03-31,f,153,99000,8,1820,2024-07-10 10:18:37,9f13cb91-1529-4eea-9775-058e6aa93de9
3004,OH,2019-11-01,2019-11-30,f,469,,8,,2024-07-10 10:18:37,e2f67bf1-332e-48c0-999a-2a787c392aab
594,WP7 - Comm & Exploitation (18PM),2017-01-01,2020-09-30,f,295,9331200,8,,2024-07-10 10:18:37,6523b7c1-3bdf-477a-ae3d-9607df26b5ea
970,"T7.1.2 Project website, social media and web presence (2PM)",2017-01-01,2020-09-30,f,295,1296000,8,594,2024-07-10 10:18:37,d06130b3-0551-4ca9-b018-ee1be140fd5f
972,"T 7.2 - Dissemination and exploitation plan (1,5PM)",2017-01-01,2020-09-30,f,295,1296000,8,594,2024-07-10 10:18:37,38cf4e0b-db82-4918-b2b0-13e72681d4c0
748,"T8.4 Roadmap towards exploitation of the results (4,5PM)",2017-12-01,2019-12-31,f,297,2073600,8,730,2024-07-10 10:18:37,970d31fe-4555-4adc-b6b7-016922b21936
732,T9.1 Corporate identity (1PM),2017-01-01,2017-04-30,f,297,662400,8,729,2024-07-10 10:18:37,2267fe5b-37fa-461e-9745-07ccf9ea80a3
750,"T8.5 Site visits, demonstration, ... knowledge transfer (2,16PM)",2017-12-01,2019-12-31,f,297,1119600,8,730,2024-07-10 10:18:37,c716d926-bf33-4701-90e1-af0de2c500de
822,WP7 Cooperation with other Lighhouse projects PM 6,2016-12-01,2022-09-30,f,290,3110400,9,,2024-07-10 10:18:37,9d50d106-c516-41bc-9e11-ad213b6e9329
828,task 7.3 Cooperation of networks of cities... PM 4,2016-12-01,2022-09-30,f,290,2073600,9,822,2024-07-10 10:18:37,b2165a91-e6e5-4fce-95c5-4aeb79acb4bd
791,"Subtask 8.5.4 Publications M1-60, 4 PM",2016-12-01,2022-09-30,f,290,2073600,9,786,2024-07-10 10:18:37,5f840a49-5e2c-4d63-b7e5-1e9b3ad1c2d8
794,"task 8.7 Events M1-60, 5 PM",2017-01-01,2022-09-30,f,290,2592000,9,708,2024-07-10 10:18:37,107941b3-4442-4afc-aab4-18c877bcdb17
603,WP6 Manufacturing and cost... (2PM),2017-01-01,2019-06-30,f,297,1036800,8,,2024-07-10 10:18:37,ff6a796a-437b-4947-aa8a-22931553ccf2
747,"T8.3 Management of IP (3,5PM)",2017-04-01,2019-10-31,f,297,1555200,8,730,2024-07-10 10:18:37,663eb346-a679-40c0-9189-164419784bc0
1924,BW KAM 3 2018,2018-01-01,2018-12-31,f,286,,8,,2024-07-10 10:18:37,dd33471a-0e04-4720-a171-f09cdb72453f
2617,WP0 GK,2018-01-01,2018-12-31,f,319,,8,,2024-07-10 10:18:37,0c59ddc6-27c9-42ba-9464-b61cba637c8b
2273,WP4-Dissemination,2018-01-15,2021-01-14,f,326,2901600,8,,2024-07-10 10:18:37,20f839f7-bba9-4ae7-94cb-438e661c6dcc
740,"T10.1 management and Reporting (0,9PM)",2017-01-01,2019-12-31,f,297,460800,8,728,2024-07-10 10:18:37,8dd409ae-2935-490b-8ad3-e468edde5776
1873,"T6.1, 6.2 and 6.3 (1PM)",2017-01-01,2018-11-30,f,297,518400,8,603,2024-07-10 10:18:37,d30ff244-afb0-4469-8628-d3508313c0f6
2105,WP1 Management 2016 Q4,2016-09-01,2016-12-31,f,287,115200,8,1973,2024-07-10 10:18:37,ad427a4c-ed91-4b67-849e-92aefcbef052
746,T8.2 Technology watch and business intelligence (2PM),2017-07-01,2019-06-30,f,297,1036800,8,730,2024-07-10 10:18:37,3c2b52f8-10a8-4a93-bc03-e6ba9befbefb
1928,KAM 2018,2018-01-01,2018-12-31,f,286,36129600,8,1924,2024-07-10 10:18:37,e67f0070-d4a6-451c-a93c-d8df9833d997
860,T3.2 Policy dialogue,2017-06-01,2019-04-30,f,280,,9,852,2024-07-10 10:18:37,996bbd45-a884-4447-972c-60e952ffe0ba
861,T4.2 E-innovation TIN portal,2017-02-01,2018-06-30,f,280,,9,858,2024-07-10 10:18:37,3dac0686-cb2e-4300-8298-6f931728c26f
862,WP5 Implementation of pilot projects,2018-01-01,2019-06-30,f,280,6066000,9,,2024-07-10 10:18:37,2c98b13f-0507-439f-a855-0abbc28b9780
863,WP6 Policy recommendations,2018-07-01,2019-06-30,f,280,2700000,9,,2024-07-10 10:18:37,59cc6ac0-db5f-49b2-83b2-90903d43f336
857,T3.1 Framework condition analysis,2017-02-01,2018-03-31,f,280,,9,852,2024-07-10 10:18:37,e6f8d558-722c-4a91-b1ed-4e309f875ef1
1929,OI Konferenz Organisation,2017-01-01,2017-06-30,f,308,,8,,2024-07-10 10:18:37,cc343782-675e-4868-aaf5-e56442ffe541
1930,WP4: New Business Models,2017-09-01,2018-08-31,f,262,518400,8,530,2024-07-10 10:18:37,84a4659f-9bf4-4784-92ca-273ae3f98f97
1931,WP3: Innovation Exploitation Support,2017-05-01,2018-08-31,f,262,1814400,8,530,2024-07-10 10:18:37,b961b3bc-0ba1-45d9-8cdc-7d359690c9bb
1932,Task 3.2: Exploitation Support,2017-05-01,2018-05-31,f,262,1036800,8,1931,2024-07-10 10:18:37,fdb9c9ca-ce16-4422-9dfa-e9e06ebb50bc
1933,Task 3.3: Missions,2017-05-01,2018-04-30,f,262,518400,8,1931,2024-07-10 10:18:37,e168fedd-1d85-4fee-b87f-ea8391b5ae70
2044,T6.3 Implementation of Network Activities,2019-01-01,2019-03-31,f,285,72000,8,2031,2024-07-10 10:18:37,e76b7df6-c689-41b0-ac06-aad37bb68d4e
721,T6.03 Management of IP: IPR exploitation workshops and development of exploitation strategies,2017-01-01,2018-09-30,f,183,720000,9,598,2024-07-10 10:18:37,e73cefc9-fc56-43c6-92b0-57662f00e570
873,WP1 Support of DTC Management,2017-01-01,2017-06-30,f,270,172800,9,835,2024-07-10 10:18:37,3da50052-fa37-4671-8022-643713b09b6f
874,WP QT1,2017-01-01,2017-03-31,f,270,86400,9,873,2024-07-10 10:18:37,aa532332-7270-47fe-a5b6-c6727a96d918
875,WP QT2,2017-04-01,2017-06-30,f,270,86400,9,873,2024-07-10 10:18:37,38b43ddf-5e49-454d-99d4-49ab978d8927
1878,"T10.4 internal project communication (1,1PM)",2017-01-01,2019-12-31,f,297,576000,8,728,2024-07-10 10:18:37,474bc5ec-b8a2-4142-b3c9-a7bc8c497822
876,WP QT1,2017-01-01,2017-03-31,f,270,144000,8,837,2024-07-10 10:18:37,075ea741-9897-4175-ba62-2a85a1e538b1
877,WP QT2,2017-04-01,2017-06-30,f,270,86400,9,837,2024-07-10 10:18:37,4d41c56d-2984-4899-8ec9-ed645956b93d
878,WP QT1,2017-01-01,2017-03-31,f,270,144000,8,836,2024-07-10 10:18:37,569975c7-a022-4bed-8d06-dd7c8e180e8e
879,WP QT2,2017-04-01,2017-06-30,f,270,108000,8,836,2024-07-10 10:18:37,b8bc5320-4613-4a19-b3fb-c12a71ca5f85
837,"WP2 Support Antrag H2020, Interreg",2017-01-01,2017-06-30,f,270,230400,8,835,2024-07-10 10:18:37,9236ba37-a30f-435a-b671-1ff23304be7e
3025,WP 2019,2019-07-16,2019-12-31,f,467,,8,,2024-07-10 10:18:37,7432199a-f55b-4029-900d-cf741589f2d7
883,WP2 DTC Support Step5-6,2017-01-01,2018-10-31,f,299,374400,8,,2024-07-10 10:18:37,8e4c245d-432f-4019-a9b5-ed329b184e85
886,WP3 DTC Qualification&Proposals Step 7-8,2017-01-01,2018-10-31,f,299,1152000,8,,2024-07-10 10:18:37,609f415f-5403-44df-aa08-be417d443e79
1903,T1.3 Quality Control,2017-01-01,2019-06-30,f,280,,9,850,2024-07-10 10:18:37,a42337c4-f3d6-4367-becc-1cc7694e067a
882,T1.4 Business Plan,2018-04-01,2018-06-30,f,299,57600,8,880,2024-07-10 10:18:37,2323c276-e9b2-4439-b1e2-0b01d755774c
936,WP 7 Management GmbH,2016-01-01,2016-12-31,f,182,,8,,2024-07-10 10:18:37,0d285cc0-d94a-46a8-bbea-62699fa7c21b
1934,Task 3.1: Steering Committee Exploitation,2017-05-01,2018-08-31,f,262,259200,8,1931,2024-07-10 10:18:37,9d723e2d-4e43-4c83-9477-af27e0fb8b54
522,WP4 Best practices and case studies,2015-01-01,2015-12-31,f,182,277200,2,,2024-07-10 10:18:37,afe58a3f-e438-43d7-9153-f01409522b1b
903,"T8.5 Publications (0,25PM)",2017-03-01,2019-09-30,f,292,129600,9,582,2024-07-10 10:18:37,36e75832-3079-4200-bdc6-bacc828d13fb
2109,WP1 Management 2018 Q1,2018-01-01,2018-07-31,f,287,140400,8,1973,2024-07-10 10:18:37,5fd760a9-ec31-4a51-8ba0-63fd7a5db63a
1937,WP 1 2016,2016-01-01,2016-12-31,f,258,828000,8,520,2024-07-10 10:18:37,c0ebf073-8d6d-483b-ab45-49cc1d5b7804
2323,WP1_2018,2018-01-15,2018-12-31,f,326,1260000,8,2269,2024-07-10 10:18:37,06517eea-3a5c-44f4-87b4-f5b814a9d65a
462,2015 wp8 project management,2015-01-01,2015-12-31,f,183,,2,600,2024-07-10 10:18:37,c4dfea26-2909-47c9-8f83-e24f4bcaa3ea
892,WP1 QT1 Virtual Meetings,2017-01-01,2017-03-31,f,154,32400,9,417,2024-07-10 10:18:37,f65064c1-ec9a-4a84-86e2-2f168df51280
893,"WP1 QT2 Virtual Meetings, SCOM Chisinau, Final Report, Form C",2017-04-01,2017-06-30,f,154,126000,9,417,2024-07-10 10:18:37,36cb310e-da44-4d3c-b558-96bf0334cca1
548,Upgrade SME,2016-04-01,2021-03-31,f,267,,9,,2024-07-10 10:18:37,50740d53-fc9c-4760-8578-ae12a4880768
1797,T6.05 Business Plan,2018-01-01,2018-09-30,f,183,1080000,9,598,2024-07-10 10:18:37,c482317f-fc36-45dd-b951-969141f9b55b
1794,Sub-Task T6.4.4: Commercialisation,2017-01-01,2017-12-31,f,183,1800000,9,722,2024-07-10 10:18:37,9b607a7b-a425-43dc-9de3-7dee5834e473
1805,T8.2 Fin. man,2017-01-01,2017-09-30,f,148,1728000,8,1802,2024-07-10 10:18:37,58448049-95b6-4eac-8dba-439c3c7bcce1
969,"T7.1.1 - Corporate Identity (0,5PM)",2017-01-01,2017-03-31,f,295,518400,8,594,2024-07-10 10:18:37,be87f489-7504-49f8-8b49-d72c78eeb7f7
987,WP3 Initiierung/Koord eines Vanguard-Projektantrages - Q1,2017-01-01,2017-03-31,f,263,,8,,2024-07-10 10:18:37,8ae27c03-8222-4e41-bdf6-bcb9ba8146d1
1803,WP other 2017 (7 PM),2017-01-01,2017-09-30,f,148,3628800,8,640,2024-07-10 10:18:37,f18c5b82-7aca-4a1f-afa0-ac7d44e109d6
1868,"Subtask 1.3.2 Intranet (0,5PM)",2017-01-01,2017-12-31,f,295,259200,8,962,2024-07-10 10:18:37,0e16fcea-f85e-4868-ba20-88877c350b97
1002,WP3 Initiierung/Koord eines Vanguard-Projektantrages - Q4,2017-10-01,2017-12-31,f,263,,8,,2024-07-10 10:18:37,571ea79d-9824-4efd-b551-18c4914e8c93
1808,T7.2 Diss. at events,2017-01-01,2017-09-30,f,148,432000,8,1803,2024-07-10 10:18:37,5a2cd3a9-ce6f-49a3-a7bd-f32f0129dcd2
991,WP1 Teilnahme an Sitzungen - Q3,2017-07-01,2017-09-30,f,263,,8,,2024-07-10 10:18:37,a5670738-db08-4a63-8fa8-3471387b3976
990,WP1 Teilnahme an Sitzungen - Q2,2017-04-01,2017-06-30,f,263,,8,,2024-07-10 10:18:37,d172e607-b57b-4e52-803d-5a63bd846aed
992,WP1 Teilnahme an Sitzungen - Q4,2017-10-01,2017-12-31,f,263,,8,,2024-07-10 10:18:37,c9fb7af3-997a-4157-94ea-5e47eba0d636
985,WP1 Teilnahme an Sitzungen - Q1,2017-01-01,2017-03-31,f,263,,8,,2024-07-10 10:18:37,2b89703c-1d0b-4bcf-941b-7a97d0cb37e8
994,WP2 Koordinierung in BW - Q3,2017-07-01,2017-09-30,f,263,,8,,2024-07-10 10:18:37,823c452e-b8ba-4a72-8bf6-dd2c80ed997b
993,WP2 Koordinierung in BW - Q2,2017-04-01,2017-06-30,f,263,,8,,2024-07-10 10:18:37,b63e2983-77c9-4177-8c5e-cfe61ac57cb0
986,WP2 Koordinierung in BW - Q1,2017-01-01,2017-03-31,f,263,,8,,2024-07-10 10:18:37,232cbbd0-3b58-44c3-8e9c-caf203c89044
995,WP2 Koordinierung in BW - Q4,2017-10-01,2017-12-31,f,263,,8,,2024-07-10 10:18:37,da1db659-d383-407e-b7d1-557e8ef99d5e
996,WP3 Initiierung/Koord eines Vanguard-Projektantrages - Q2,2017-04-01,2017-06-30,f,263,,8,,2024-07-10 10:18:37,b0141b9d-e724-4b93-abbf-e1a3a527d418
997,WP3 Initiierung/Koord eines Vanguard-Projektantrages - Q3,2017-07-01,2017-09-30,f,263,,8,,2024-07-10 10:18:37,50a0bb7d-1548-4bce-91c2-c5f63a626b05
1001,WP4 Ansprechpunkt für BW - Q3,2017-07-01,2017-09-30,f,263,,8,,2024-07-10 10:18:37,1419647b-3534-4851-b603-9157f51b81ef
998,WP4 Ansprechpunkt für BW - Q4,2017-10-01,2017-12-31,f,263,,8,,2024-07-10 10:18:37,f1677110-a955-4682-ab6a-0a5b041e5969
999,WP4 Ansprechpunkt für BW - Q2,2017-04-01,2017-06-30,f,263,,8,,2024-07-10 10:18:37,dd967538-0c9e-4a7f-bee9-e0c70e7aba29
988,WP4 Ansprechpunkt für BW - Q1,2017-01-01,2017-03-31,f,263,,8,,2024-07-10 10:18:37,0f450f22-ceb4-4415-9c0c-b48be9e29a48
1026,"task 7.4 Exploitation tools PM6,25 ab 2017",2017-01-01,2019-02-28,f,239,3240000,9,1008,2024-07-10 10:18:37,03a7889e-3573-4481-9253-831faabd1612
1000,WP5 Internetpräsenz - Q3,2017-07-01,2017-09-30,f,263,,8,,2024-07-10 10:18:37,ff1b2c33-b478-485a-8ab2-b760a3b4e3dc
989,WP5 Internetpräsenz - Q1,2017-01-01,2017-03-31,f,263,,8,,2024-07-10 10:18:37,a0e85ac7-a1bf-4aaf-8713-4b197f306cc2
1004,WP5 Internetpräsenz - Q4,2017-10-01,2017-12-31,f,263,,8,,2024-07-10 10:18:37,f430fbf9-3336-4be5-841a-dd6662ad7c66
1003,WP5 Internetpräsenz - Q2,2017-04-01,2017-06-30,f,263,,8,,2024-07-10 10:18:37,3c834fa4-e71c-4cef-adf1-0b0f65cfb3c6
1814,T7.5 patent searches,2017-01-01,2017-09-30,f,148,792000,8,1810,2024-07-10 10:18:37,fcb08c9d-9381-42ed-bf76-a792e8db84b8
1875,"T8.8 Evaluation of business opportunities (0,5PM)",2018-07-01,2019-12-31,f,297,259200,8,730,2024-07-10 10:18:37,0b9f3ece-4cdb-4a85-8a73-8f246b530640
961,T1.2 - Administrative and financial management (8PM),2017-01-01,2020-11-30,f,295,4032000,8,593,2024-07-10 10:18:37,6d05ee4e-ef21-4b56-b187-93ddd9141dcc
974,"T7.4 Scientific/Industrial publications (0,5PM)",2017-01-01,2020-09-30,f,295,259200,8,594,2024-07-10 10:18:37,02dda3d1-2d58-4d7d-8f6b-488104f90882
975,"T7.5 - Management of IP (3,5PM)",2017-04-01,2020-09-30,f,295,1555200,8,594,2024-07-10 10:18:37,fe48e3d0-f24a-4696-8e28-eb4994dab12e
976,"T7.6 - Roadmaps towards exploitation of results (6,5PM)",2018-12-01,2020-09-30,f,295,2073600,8,594,2024-07-10 10:18:37,05327023-71f5-4f54-bdb5-d1e408b4eab7
1880,T5.07 Study Tour to Ludwigshafen (D5.10),2017-01-01,2017-12-31,f,153,324000,8,1818,2024-07-10 10:18:37,b9f61536-bdf8-4697-ad20-3828a2ec694d
582,"WP8 Dissemination Exploitation (8,5PM)",2016-10-01,2019-09-30,f,292,4147200,9,,2024-07-10 10:18:37,5b814db3-cdfb-42c9-a37f-a537b2288f90
1879,WP Innomedia 2017,2017-04-01,2017-12-31,f,310,,8,,2024-07-10 10:18:37,677445b4-a144-4b7f-9667-b4d9172eb9ce
881,T1.2 Analysis of host organisation,2017-01-01,2017-03-31,f,299,57600,8,880,2024-07-10 10:18:37,0e3750a1-15b0-4011-b2fa-0a48415a0b06
1764,"ab 2017 60,04PM",2017-01-01,2021-07-31,f,260,31125600,9,,2024-07-10 10:18:37,5cb999fd-4aa2-4288-a919-ec29c7f78af3
1904,T2.3 Prints and digital communication,2017-01-01,2017-06-30,f,280,,9,851,2024-07-10 10:18:37,16924408-efe1-4f86-a10d-d65db691cd02
2769,WM KMU,2019-01-01,2019-12-31,f,390,,8,,2024-07-10 10:18:37,eda563a4-ead7-4eff-afc7-98ccdf0290df
1823,T1.6 Replication Deployment Dissem,2017-01-01,2018-09-30,f,153,534600,8,1817,2024-07-10 10:18:37,62b740db-9bfb-4c6b-bece-1bba911dc568
2128,S2i FlexSt 2017,2017-01-01,2017-12-31,f,320,,8,,2024-07-10 10:18:37,71a2a130-c476-4cf9-b8d2-bd3df943b0bf
1883,T6.2 Eval. business models (D6.4),2017-01-01,2017-04-30,f,153,,8,1819,2024-07-10 10:18:37,7c9f30b7-b792-49ac-92ff-6de15590af5c
2136,Planung 2018 (später löschen),2018-01-01,2018-12-31,f,301,,8,,2024-07-10 10:18:37,7982a216-c6bb-4e8f-af5e-84ca0887ad2c
887,T3.1 Qualification of DTC staff,2017-01-01,2018-06-30,f,299,576000,8,886,2024-07-10 10:18:37,b0f19080-9c85-424e-95d5-4896382a15fa
2148,R2Cities Stunden M. Grosjean,2017-01-01,2017-06-30,f,321,,9,,2024-07-10 10:18:37,b4b3c223-ad2c-4847-b0ab-44c3bfb2e2db
1941,WP 3 2016,2016-01-01,2016-12-31,f,258,54000,8,687,2024-07-10 10:18:37,ad0aef1e-92a9-4b3f-a7f9-ebff2fb1cce3
1828,"T5.04 Dissem materials (D5.4, D5.5, D5.6)",2017-01-01,2019-03-31,f,153,1080000,8,1818,2024-07-10 10:18:37,011d0fbc-1b57-4464-88b4-199ffbeceb7d
2271,WP2-Platform,2018-01-15,2021-01-14,f,326,5493600,8,,2024-07-10 10:18:37,d102d908-51e2-41fc-aba1-85417df4296c
902,"T8.7 Fairs and conferences (0,25PM)",2017-03-01,2019-09-30,f,292,129600,9,582,2024-07-10 10:18:37,c2e5fe95-ffba-435c-a125-6c03b963bd05
1841,PHABLAB4.0 2016 (50 Std),2016-12-01,2016-12-31,f,298,180000,8,604,2024-07-10 10:18:37,9e980a06-708f-459f-a9ba-f0dc335e404c
1844,WP2 Photonics Challenger Projects,2017-01-01,2019-05-31,f,298,2026800,8,1842,2024-07-10 10:18:37,c4cfac17-d2b1-40c3-876e-36c603d23cfb
1856,T2.5 Updating the Photonics Challenger Projects Material (2/2),2019-05-01,2019-05-31,f,298,144000,8,1844,2024-07-10 10:18:37,ba811f10-45f1-4162-a473-0b6c267cc8ed
392,Cityfied,2014-04-01,2014-10-01,f,153,,1,,2024-07-10 10:18:37,623cb788-ec9f-497f-8eb8-24a260b3bac5
1820,WP7 Management,2017-01-01,2019-03-31,f,153,99000,8,1816,2024-07-10 10:18:37,a75511d0-ef0a-4cc8-9742-7d17a17fccd6
1881,T5.08 Professional trainings & webinars (D5.13),2017-01-01,2018-12-31,f,153,144000,8,1818,2024-07-10 10:18:37,010230e8-e952-41a8-b5f5-30870abbdb3a
1025,"task 7.3 Communication and dissemination tools, materials and activities",2017-01-01,2019-02-28,f,239,6220800,9,1008,2024-07-10 10:18:37,333f21f6-199e-44cd-98a1-7ee9cf0b921a
1118,"Task 7.4 Event participation (for networking, presentation and or stands), 1,3 PM ab 2017",2017-01-01,2020-01-30,f,189,673200,9,1120,2024-07-10 10:18:37,3dfe3284-4b9a-41c9-9b04-963508585189
1122,"Task 7.5 Networking, joint activities and exchange with EU initiatives, 4,1 PM ab 2017",2017-01-01,2020-01-30,f,189,2124000,9,1120,2024-07-10 10:18:37,d8c316d9-8180-46c9-9287-91a6b3e746ce
1799,Upgrade SME 2017-2021,2017-01-01,2021-03-31,f,267,,9,548,2024-07-10 10:18:37,5d8a2089-117f-4626-b328-688cec526590
1623,W4E SIG 2017,2017-01-01,2017-12-31,f,87,2696400,9,,2024-07-10 10:18:37,deec1637-aab2-433b-9e1c-f62ccc104a33
1673,WP3 Platforms,2016-11-01,2018-10-31,f,296,777600,8,,2024-07-10 10:18:37,ad9c357e-6eea-46d7-b1c1-c4e728702861
1776,"T8.1.2 Dissemination plan update (0,95PM)",2017-05-01,2019-09-30,f,292,468000,9,898,2024-07-10 10:18:37,c365d585-6d6e-46d8-8bc9-94e444af817e
1230,"T6.4 Dissemination and Stakeholders Dialogue PM 6,8",2017-01-01,2019-12-31,f,190,3520800,9,1227,2024-07-10 10:18:37,794e6355-53bd-432e-9650-66f77aa2dec2
1938,WP 1 2017,2017-01-01,2017-06-30,f,258,662400,8,520,2024-07-10 10:18:37,bd736ae7-3a68-4d9f-9d5b-899fa318d5d5
1942,WP 3 2017,2017-01-01,2017-07-31,f,258,280800,8,687,2024-07-10 10:18:37,a38d3f03-1c32-4bfb-9678-bc66e0b0af3c
1809,T7.4 Final conf. (+report),2017-05-01,2017-08-31,f,148,496800,8,1803,2024-07-10 10:18:37,5662240a-0b88-4a70-a8cc-655b7dfa8df4
2155,WP M - Management,2017-07-01,2020-08-31,f,311,8438400,9,,2024-07-10 10:18:37,cda1173e-8f7a-4806-8324-5c416ca73e85
1147,BW Scale-up Y1,2017-06-01,2017-12-31,f,305,,8,,2024-07-10 10:18:37,6df8aa3d-9518-45f5-9748-4aa57521be7d
1248,"WP8 COORDINATION (interim, periodic or final Reports and Minutes Meeting) PM 0,6",2017-01-01,2019-12-31,f,190,309600,9,1766,2024-07-10 10:18:37,0690138e-e963-4f7b-bde9-4f4e366d9045
1221,"Task 11.1 Update of ER PM1,5",2017-01-01,2018-06-30,f,261,777600,8,1220,2024-07-10 10:18:37,5e781527-4add-4974-9c07-6262ade93262
1223,"Task 11.3 Synergies with enterprise networks 0,8PM",2018-01-01,2018-12-31,f,261,414000,8,1220,2024-07-10 10:18:37,45c44314-b879-4de2-88c5-4fef534d8e13
1795,"Sub-Task T6.4.5: PESTEL, SWOT & Regulations",2017-01-01,2017-12-31,f,183,900000,9,722,2024-07-10 10:18:37,6b1c7052-35a1-416e-a23b-e80ed06ad70b
852,WP3 Framework conditions,2017-02-01,2019-04-30,f,280,6030000,9,,2024-07-10 10:18:37,38b53022-f62a-471d-a9b2-8438d107070d
1857,T4.3 Dissemination and Promotion of the project,2017-01-01,2019-05-31,f,298,144000,8,1845,2024-07-10 10:18:37,da5f35ee-3efa-49c8-b2cb-696d557ff295
1239,"ST6.4.2 Professional (Training≥3, Workshops≥3 and Webinars≥6) PM 3",2017-01-01,2019-12-31,f,190,1555200,9,1230,2024-07-10 10:18:37,d3389b4d-8313-420a-afad-b83f66cb5497
1560,TT Handwerk GmbH 2018-März-finaler Sach/Finanzbericht 2017=Abschlussbericht Gesamtprojekt - 0PM,2018-03-01,2018-03-13,f,238,,8,,2024-07-10 10:18:37,1ddd81cd-c7dd-470a-9e32-087d3ec86563
1829,T5.05 Particip in fairs and conferences (D5.7),2017-01-01,2019-03-31,f,153,902400,8,1818,2024-07-10 10:18:37,1d2ce275-522f-4848-8f0c-801d7ac75446
1846,T1.1 Developing Photonics WS Material,2017-01-01,2017-05-31,f,298,543600,8,1843,2024-07-10 10:18:37,cd039bb6-ac06-4545-a6e3-8b9845062c38
1839,T6.9 Final publication (D6.10),2017-04-01,2019-03-31,f,153,3636000,8,1819,2024-07-10 10:18:37,40efc1a7-91e5-491c-b5af-0dfa409dba67
1906,T4.3 Training programme,2017-07-01,2018-12-31,f,280,,9,858,2024-07-10 10:18:37,6419a0b7-108b-43b9-87fa-b522264e70d3
1242,"ST6.4.6 Dissemination materials & contents PM 0,25",2019-07-01,2019-12-31,f,190,129600,9,1230,2024-07-10 10:18:37,af4b60d3-4861-4c5c-bab4-edadee746b8d
1882,T5.09 Final conferences (D5.14),2017-04-01,2019-03-31,f,153,576000,8,1818,2024-07-10 10:18:37,d3ab3048-08c7-42f0-bf64-b65ae78ac9a9
885,T2.2 Support of DTC Management,2017-04-01,2018-06-30,f,299,172800,8,883,2024-07-10 10:18:37,cb5b205c-7f38-41fb-89ff-e05a353fb450
888,T3.2 Growth strategy to connect DTC,2017-06-01,2018-06-30,f,299,576000,8,886,2024-07-10 10:18:37,6428c396-4b9f-477a-accd-8145239f5aae
2678,Antrag Phase 1,2018-07-05,2018-12-31,f,380,,8,,2024-07-10 10:18:37,7c44b757-6550-4b39-a21b-d0b6ddc0da2f
1936,Task 5.4 Quality Monitoring and Evaluation,2016-11-01,2018-08-31,f,262,259200,8,1935,2024-07-10 10:18:37,aec2f52f-7307-43ba-b257-5e31b1c5baa3
1939,WP 2 2016,2016-01-01,2016-12-31,f,258,259200,8,686,2024-07-10 10:18:37,774282b8-0383-46cd-aca2-a75bd727a65d
1973,WP1 Management,2016-09-01,2018-02-28,f,287,756000,8,576,2024-07-10 10:18:37,f54d9fa3-b775-4e71-afa5-0f73779a28c3
509,TT-Handwerk 2015 Stuttgart,2015-07-01,2015-12-31,f,238,,1,,2024-07-10 10:18:37,40be5190-74da-4d5e-99a6-ec3b32fe8ce1
2047,T7.1 Diss+Comm 2017,2017-01-01,2017-12-31,f,285,1332000,8,2001,2024-07-10 10:18:37,fcc10a3a-2228-4c69-8d50-92742b923c46
2240,WP1 Project Management,2018-01-01,2018-12-31,f,314,41400,8,2135,2024-07-10 10:18:37,7b8f3d2d-2005-4d38-8760-8f9ec61fc192
1963,T5.5 Promotional videos,2017-01-01,2017-12-31,f,258,129600,8,1946,2024-07-10 10:18:37,7431f106-fcb4-4a39-8f9f-d8c770e6da6d
1974,WP2 Mapping,2016-09-01,2018-02-28,f,287,504000,8,576,2024-07-10 10:18:37,23b9a906-445e-4df7-9371-ce922781ab07
1891,WP4 Valorisation Q1 2017,2017-01-01,2017-03-31,f,143,,8,628,2024-07-10 10:18:37,dd81c83c-81c0-418c-808a-2ecf8833be06
2004,T7.4 Data Management,2018-01-01,2018-12-31,f,285,414000,8,2000,2024-07-10 10:18:37,7f37398e-5ea3-4a0b-8b9b-39c415f628b5
2110,WP1 Management 2017 Q4,2017-10-01,2017-12-31,f,287,126000,8,1973,2024-07-10 10:18:37,f5b7106f-ed8b-4634-86ef-bc415ae2240d
1967,WP2 Service Deployment,2016-10-01,2019-09-30,f,288,8222400,8,575,2024-07-10 10:18:37,8b5a2228-277e-4031-8c43-08a71f386620
1240,"ST6.4.3 Participation to Fairs and Conferences PM 0,25",2017-01-01,2019-12-31,f,190,129600,9,1230,2024-07-10 10:18:37,98d10145-77e7-4af8-a172-dfd0b3584127
1231,"T6.4 Stakeholders Management Database promotion toward own database PM 0,8",2017-01-01,2019-12-31,f,190,414000,9,1230,2024-07-10 10:18:37,28f9e62e-40b7-4ed6-8358-3c96df779025
1028,"task 7.5 Research cohesion strategy implementation for OptEEmAL and fellow projects PM 0,25 ab 2018",2018-10-01,2019-02-28,f,239,129600,9,1008,2024-07-10 10:18:37,bed0cae1-f639-4c72-8e53-1a058941b785
1005,WP 1.1  Stakeholders involvement through IPD Design strategy and input data process 2PM ab 2018,2018-01-01,2019-02-28,f,239,1036800,9,1758,2024-07-10 10:18:37,510c5efa-ae9d-4ea3-bcd4-46b6bd055e47
1980,WP8: Coordination,2017-06-01,2018-06-30,f,139,216000,8,,2024-07-10 10:18:37,b0c2a805-5f3e-45e8-a721-fd3e5e39c2e4
1981,D8.6: 4th annual report,2017-06-01,2017-08-31,f,139,108000,8,1980,2024-07-10 10:18:37,b3ded66e-1a79-4c51-b989-733ee3adc54c
1278,T10.3 MGT IP,2017-01-01,2019-05-31,f,266,2311200,8,1479,2024-07-10 10:18:37,0372c90a-4eac-46c1-b130-ffb21de1cd65
1984,D6.7: Patent Search/Tech Watch 2017,2017-05-01,2017-06-30,f,139,126000,8,1978,2024-07-10 10:18:37,4c38b0f5-015d-41a2-945c-0c14a01fc7c2
1978,WP6: Exploitation 2017,2017-01-01,2017-12-31,f,139,4244400,8,1999,2024-07-10 10:18:37,720ec531-c46a-4120-9cd8-c62ac20f54b9
1245,"T7.3 Establishment of a dissemination cascade PM 5,28",2017-01-01,2020-06-30,f,190,2736000,9,1244,2024-07-10 10:18:37,5ea14202-b983-4069-b449-b5a9953ac510
971,"T7.1.3 - Communication activities (2,5PM)",2017-01-01,2020-09-30,f,295,1814400,8,594,2024-07-10 10:18:37,d85197ac-45ad-4cd1-a3ab-01cb26fe154c
973,T7.3 Participation in fairs and conferences and final conference (1PM),2017-01-01,2020-09-30,f,295,518400,8,594,2024-07-10 10:18:37,215340c5-0f6f-440a-b7fe-d6c27c4fb704
2665,WP.1 Project management,2018-07-01,2021-12-31,f,358,806400,8,2592,2024-07-10 10:18:37,4d9e1dd2-3b71-407a-902f-44add51926a7
1276,T9.4 social medias,2017-01-01,2019-05-31,f,266,1548000,8,1474,2024-07-10 10:18:37,ebcf7145-dcdb-4710-b87f-3e52e66d82e9
1282,T10.6 Conf and final conf,2017-01-01,2019-05-31,f,266,1000800,8,1479,2024-07-10 10:18:37,b5abb405-ffe6-417f-a2fd-cfcb95bc21bf
1992,T7.7 Diss. WS,2017-05-01,2017-06-30,f,139,144000,8,1983,2024-07-10 10:18:37,1ec658b8-1521-44b4-9bab-aeef7560b771
1274,T9.2 Website,2017-01-01,2019-05-31,f,266,396000,8,1474,2024-07-10 10:18:37,b65ace53-152b-4df9-9d3f-b848a75fdc43
1886,WP1 Coaching & Mentoring Q1 2017,2017-01-01,2017-03-31,f,143,,8,628,2024-07-10 10:18:37,c22e616b-76b8-4090-af44-9998227f96b4
1280,T10.5 Scientific publication,2017-01-01,2019-05-31,f,266,129600,8,1479,2024-07-10 10:18:37,d6f80c92-67b5-40e4-a2d3-b880f4b4ba36
1283,T11.2 Adm MGT,2017-01-01,2019-07-31,f,266,1404000,8,1495,2024-07-10 10:18:37,8dd25396-c5fc-414b-adbe-3c8d2bd752b0
2203,WP10 MGT,2018-01-01,2021-12-31,f,319,,8,,2024-07-10 10:18:37,cf1e351f-edab-49d4-a6e3-dae919fac55e
1966,"WP1 Coaching & Mentoring '"Rest 2017'"",2017-04-01,2017-10-31,f,143,298800,8,628,2024-07-10 10:18:37,e19e6f69-cb0e-4ccc-acab-eab61735b299
1270,T8.3 Tech. trainings,2017-06-01,2018-11-30,f,266,1033200,8,1460,2024-07-10 10:18:37,31ff4e1d-5e7d-4d12-8ece-527b1ef87db4
2493,S2i Business 2019,2019-01-01,2019-12-31,f,259,,8,,2024-07-10 10:18:37,eea84f96-f35d-4daf-936d-e9c68c457f0c
2682,WP1 Roadmap,2018-10-01,2020-09-30,f,377,2059200,8,,2024-07-10 10:18:37,2997abf5-520b-49b7-aa56-aeb910bc9e91
2475,Positionsbest.CI 1- 2019,2019-01-01,2019-12-31,f,325,446400,8,2474,2024-07-10 10:18:37,27c7ee8c-2fac-4206-9138-39796239e4ea
1901,PR: Steinbeis Buchprojekt (Gender),2017-01-01,2017-05-31,f,259,,8,602,2024-07-10 10:18:37,056de0d4-b53d-4c82-a2ef-e1469b1d3231
1148,BW Scale-up Y2,2018-01-01,2018-03-31,f,305,,8,,2024-07-10 10:18:37,c49b4525-1914-45f8-bf55-bee2c0881ec7
2000,WP7 Diss+Comm 2018,2018-01-01,2018-12-31,f,285,2156400,8,572,2024-07-10 10:18:37,edb56bcf-7c41-4c58-9268-46e531c3a86a
2111,WP2 Mapping 2016 Q4,2016-09-01,2016-12-31,f,287,122400,8,1974,2024-07-10 10:18:37,5c5541b2-5265-4e1c-baa6-931a93170cd0
2080,Task 6.2 Reporting,2016-03-01,2018-08-31,f,262,1800300,8,2078,2024-07-10 10:18:37,ad5373d7-6910-41c8-8cd8-7b277e708be2
1133,HF4 - CI #7 (ena),2017-03-01,2017-09-30,f,174,475200,8,691,2024-07-10 10:18:37,ec4a7c11-9b03-46ae-ac01-e8300018b6a5
2082,HF 4 - CI Ersatz UKOM = SolarCluster BW,2017-03-01,2017-12-31,f,174,475200,8,691,2024-07-10 10:18:37,51290510-a0a5-4e62-ae8e-ac36400ee5e0
1970,WP3 Communication and dissemination,2016-10-01,2019-09-30,f,288,2592000,8,575,2024-07-10 10:18:37,d5ab2fb5-2a1a-4c47-9f3d-90c8459f6b98
2107,WP1 Management 2017 Q2,2017-04-01,2017-06-30,f,287,70200,8,1973,2024-07-10 10:18:37,40bc61a6-a163-4b80-85fb-d19dd62f91e9
1926,EIMC 2018,2018-01-01,2018-12-31,f,286,47800800,8,1924,2024-07-10 10:18:37,4443d444-de0c-4501-90bf-671c3bce313b
2903,WP0 GK,2019-01-01,2019-12-31,f,266,,8,,2024-07-10 10:18:37,3f6d0f53-e139-4e31-a994-f579b78b225c
1949,T1.2 Innovation audits,2017-01-01,2017-06-30,f,258,460800,8,1938,2024-07-10 10:18:37,6a8ab9d6-5b5f-4225-ba06-cb599a0cd27d
1646,Task 2.3 (contribution),2017-08-01,2017-12-31,f,301,1296000,8,608,2024-07-10 10:18:37,58e08b45-a55d-44e0-8075-dad5a79bb120
1648,Task 3.1 (contribution),2017-01-01,2020-12-31,f,301,777600,8,609,2024-07-10 10:18:37,a99f4928-9c6a-4295-8160-9ccaee0a7221
1944,WP 4 2017,2017-01-01,2017-12-31,f,258,1292400,8,688,2024-07-10 10:18:37,a8aec918-763d-46d9-8a21-9c3b16436b8b
1830,T5.10 Best practices book and e-guide (D5.9),2017-01-01,2019-02-28,f,153,774000,8,1818,2024-07-10 10:18:37,ca88a66e-0997-4a59-97db-c82fa26a9f15
1905,T3.3 Common strategy for LAP,2017-07-01,2018-06-30,f,280,,9,852,2024-07-10 10:18:37,a143dea9-4e6d-4195-ba06-78fc23a51472
2519,Agro-Energie EIP Stufe 1,2018-03-01,2018-03-31,f,350,,9,,2024-07-10 10:18:37,351c949e-d1a3-4ca2-86d0-a6fba4c9fbfd
1652,Task 3.2 (contribution),2017-06-01,2020-12-31,f,301,1036800,8,609,2024-07-10 10:18:37,f01db746-66e7-490d-862a-69dc6b3f1bb8
1907,T5.1 Common projects,2018-01-01,2019-06-30,f,280,,9,862,2024-07-10 10:18:37,392964ea-9015-4c9e-a2fc-5a43aad74fb5
2258,PK in OH 2018,2018-01-01,2018-12-31,f,271,,8,,2024-07-10 10:18:37,6f22b54a-0403-4117-ba85-e98e95463f50
2215,WP3 Identification of Barriers,2017-01-01,2019-06-30,f,300,1080000,9,,2024-07-10 10:18:37,2def7d8e-a06a-4ebf-96b8-fc32feade7cd
1043,"WP 8 Coordination ab 2017 0,7 PM",2017-01-01,2019-02-28,f,239,363600,9,1758,2024-07-10 10:18:37,cd9236d5-cd2c-453e-a6a8-b0bf4471b63a
1032,subtask 7.3.4 Final conferences PM3 ab 2018,2018-09-01,2019-02-28,f,239,1555200,9,1025,2024-07-10 10:18:37,714152b4-711f-4e59-ac83-352fdd0defe1
1042,subtask 7.4.4 Roadmaps towards exploitation of the results PM3 ab 2017,2017-10-01,2019-02-28,f,239,1555200,9,1026,2024-07-10 10:18:37,8c709ebd-df57-4d12-bec2-9d74588cd3e5
1024,"task 7.2 Communication, dissemination and exploitation plan 1,5 PM ab 2017",2017-01-01,2019-02-28,f,239,777600,9,1008,2024-07-10 10:18:37,929ba971-a81c-4ede-8802-e723323dfb99
1658,Task 3.4 (contribution),2017-10-01,2020-12-31,f,301,1036800,8,609,2024-07-10 10:18:37,0629daea-5f69-4227-afb6-c56ed982b6f8
1031,subtask 7.3.2 Final Brochure PM2 ab 2018,2018-09-01,2019-02-28,f,239,1036800,9,1025,2024-07-10 10:18:37,1552f3ea-bd66-4278-b383-9a8cacf48e18
1034,"subtask 7.4.1 Technology watch PM1,5 ab 2017",2017-01-01,2019-02-28,f,239,777600,9,1026,2024-07-10 10:18:37,8fe0ab11-b22f-4111-b9df-c4d917129b42
2015,WP3 Holistic Intelligence Process 2017,2017-05-01,2017-12-31,f,285,820800,8,572,2024-07-10 10:18:37,58bd318b-c836-436a-9ccd-df3f7d404fe8
1659,Task 4.3 (contribution),2017-10-01,2020-12-31,f,301,1036800,8,610,2024-07-10 10:18:37,d6fa04b2-e4b5-4824-82f5-b87cf1d09769
1910,T6.1 Evaluation of good practices,2018-09-01,2019-06-30,f,280,,9,863,2024-07-10 10:18:37,031b7bc1-08bf-4de2-a33b-49fa994c58f1
1064,"WP8  Replication to Followers and Smart Cities Network, 4,52 PM ab 2017",2017-01-01,2021-07-31,f,260,2343600,9,1764,2024-07-10 10:18:37,d54d6528-bcf8-4d89-a39e-d5f3473981f8
1265,WP2 Roadmapping,2016-11-01,2018-10-31,f,296,3499200,8,,2024-07-10 10:18:37,92527b8f-7d50-42ff-9576-aa93a389d0bb
1660,Task 5.1 (contribution),2017-08-01,2020-12-31,f,301,1296000,8,611,2024-07-10 10:18:37,3eb3a632-dc22-48dd-a55f-fc8ae9f40789
1100,task 9.4 Knowledge-Transfer Events:...6.3PM,2017-02-01,2020-04-30,f,260,3265200,9,1065,2024-07-10 10:18:37,9514c0a9-0bfa-4737-87dd-fd56e97a4fc4
1093,"subtask 9.2.1 Analysis of the market 1,5PM",2017-01-01,2017-12-31,f,260,777600,9,1092,2024-07-10 10:18:37,f5f946fb-7048-4eb1-b8a6-7f32cd4eeb01
2618,WP0 GK,2018-01-01,2018-12-31,f,323,,8,,2024-07-10 10:18:37,d07bb8df-628e-4a55-943a-6e81e56c8e7f
1810,"T7.5 Tech watch, IP man",2017-01-01,2017-09-30,f,148,1620000,8,1803,2024-07-10 10:18:37,b5d8c90f-9aad-412d-b95c-8f16d50ea782
1059,"WP1 Project Management 1,83 PM ab 2017",2017-01-01,2021-07-31,f,260,950400,9,1764,2024-07-10 10:18:37,73ac4288-1239-4f43-b374-871c2e1a4dc0
1661,Task 5.2 -S2i Task leader,2017-08-01,2017-12-31,f,301,1814400,8,611,2024-07-10 10:18:37,8d21f13a-6c34-4ed2-b722-f9e75c9360fc
612,WP6 (5PM) Centre Services,2017-08-01,2020-12-31,f,301,2592000,8,,2024-07-10 10:18:37,b37b51c7-d56a-4078-a64a-35a77b52ef9d
1037,"subtask 7.4.2 Management of IP, 3.exploitation ws PM1,75 ab 2017",2017-10-01,2018-02-28,f,239,907200,9,1026,2024-07-10 10:18:37,4e44962c-d0db-4a50-99aa-0e4cbfb331f2
1668,Task 7.1 (contribution),2017-08-01,2020-12-31,f,301,518400,8,613,2024-07-10 10:18:37,f4b17594-830f-4e4e-a17b-d96eb894f422
1858,T4.5 Project Meeting 2,2017-06-01,2017-06-30,f,298,108000,8,1845,2024-07-10 10:18:37,b3b66c2e-981d-4312-b961-9064f84242d3
1094,"subtask 9.2.2 Technology & Market Watch 3,5PM",2017-01-01,2021-01-31,f,260,1814400,9,1092,2024-07-10 10:18:37,73eb27cc-29ca-4ac2-8ef2-f52f5d0a38bb
1092,task 9.2 Technology and market supervision activities 5PM,2017-01-01,2021-01-31,f,260,2592000,9,1065,2024-07-10 10:18:37,bf06564e-c69a-4bb8-8265-ea13d272f83d
1842,"PHABLAB4.0 2017-2019 (7,1PM - 1024 Std)",2017-01-01,2019-05-31,f,298,3686400,8,604,2024-07-10 10:18:37,588cc8cf-50e5-4b12-abcc-de830e820f46
1095,"task 9.3 Business cases and business models 6,5PM",2017-08-01,2020-04-30,f,260,3369600,9,1065,2024-07-10 10:18:37,8aacffc0-24b3-4652-8fe9-7e1cb4744f59
704,Task 8.1,2017-01-01,2020-12-31,f,301,518400,8,614,2024-07-10 10:18:37,a2ebff4c-32a5-483c-aef9-a30c2e6dd3a1
1943,WP 4 2016,2016-01-01,2016-12-31,f,258,673200,8,688,2024-07-10 10:18:37,4021eb41-2fb1-42ca-b9b9-34300f2bb4d4
1945,WP 5 2016,2016-01-01,2016-12-31,f,258,727200,8,689,2024-07-10 10:18:37,9b4d9ab5-d429-43c2-bed3-5e95db189d26
1847,T1.3 Field Tests of Photonics WS (6 WS),2017-06-01,2018-03-31,f,298,252000,8,1843,2024-07-10 10:18:37,aa58401f-e49a-4e76-a4b3-24c5d0e164ac
937,WP 1 Management,2017-01-01,2019-06-30,f,300,1080000,9,,2024-07-10 10:18:37,9877d601-86f3-451c-afd3-4554460bd371
2129,S2i FlexSt 2018,2018-01-01,2018-12-31,f,320,,8,,2024-07-10 10:18:37,82209b57-4369-4024-bce5-a41ec5195f6f
1946,WP 5 2017,2017-01-01,2017-12-31,f,258,561600,8,689,2024-07-10 10:18:37,0b7fdc36-065e-43af-b7b2-5f7a26e2b9dc
2055,T7.5 Liaising with US 2017,2017-01-01,2017-12-31,f,285,216000,8,2001,2024-07-10 10:18:37,c44eba09-5c02-4065-a142-814dae8f3c03
1964,T6.1 Administrative management,2017-01-01,2017-12-31,f,258,1180800,8,1948,2024-07-10 10:18:37,f3b168a9-76d2-4a71-b382-e7c83a7ce828
1029,"subtask 7.3.1 OptEEmAL Website, Printed and digital materials, Social media PM5,5 ab 2017",2017-01-01,2019-02-28,f,239,2851200,9,1025,2024-07-10 10:18:37,70b4c7cb-edc0-41c5-b8e1-263719b31baf
1940,WP 2 2017,2017-01-01,2017-11-30,f,258,619200,8,686,2024-07-10 10:18:37,6efbe5ff-cc14-4c9f-83c4-07354d017088
2053,T7.3 Exploitation,2018-04-01,2018-12-31,f,285,252000,8,2000,2024-07-10 10:18:37,94e4c37a-3f98-4763-986f-5a60c0738f9a
1030,"subtask 7.3.2 video PM 1,5 ab 2018",2018-05-01,2018-08-31,f,239,777600,9,1025,2024-07-10 10:18:37,545bbaa6-f89a-40e0-b09e-677fd44b718a
1948,WP 6 2017,2017-01-01,2018-02-28,f,258,1382400,8,690,2024-07-10 10:18:37,3bd74070-fc56-4ffe-84fd-42924bb329be
1950,T1.3 Implementation of innovation audits results,2017-01-01,2017-06-30,f,258,201600,8,1938,2024-07-10 10:18:37,bb371fe9-e147-4b4c-8c71-59669bb0e5f5
1954,T3.1 Assessment of RTOs infrastructures,2017-01-01,2017-03-31,f,258,28800,8,1942,2024-07-10 10:18:37,fde2f861-9121-4770-829a-6c59d047b8de
608,"WP2 (4,5PM) Strategic Options",2017-06-01,2017-12-31,f,301,2332800,8,,2024-07-10 10:18:37,edcf193b-8cdf-4098-89c2-4c7c474d1995
1643,Task 2.1 (contribution),2017-06-01,2017-12-31,f,301,1036800,8,608,2024-07-10 10:18:37,fb6d0583-7f54-4eba-9c0c-a5b0f20a26cb
1956,T3.3 Regional policy assessment,2017-01-01,2017-06-30,f,258,7200,8,1942,2024-07-10 10:18:37,4724df25-decb-4f21-b962-52dd63fa9fdc
1099,subtask 9.3.2 Business plan 0.5PM,2019-02-01,2020-04-30,f,260,259200,9,1095,2024-07-10 10:18:37,20479ed2-cd1b-45a6-8e86-4d3dcc4f6d4a
1758,OptEEmAL 2017 bis 2019,2017-01-01,2019-02-28,f,239,12805200,9,1759,2024-07-10 10:18:37,ca3526b5-4805-459f-a568-546b1e2b109f
2112,WP2 Mapping 2017 Q1,2017-01-01,2017-03-31,f,287,190800,8,1974,2024-07-10 10:18:37,7173caf9-2908-4396-b972-7daabb7a0741
1955,T3.2 Aligning education with innovation,2017-01-01,2017-07-31,f,258,115200,8,1942,2024-07-10 10:18:37,91314f1e-6bf4-432d-9a11-ffe7b052c2ea
1816,CITyFiED 2017-2019 (5616 Std - 39PM),2017-01-01,2019-03-31,f,153,19595400,8,630,2024-07-10 10:18:37,6cc53868-e2be-4383-aa6c-f30981394173
1246,"T7.4 Technology watch and IP management PM 7,06",2017-01-01,2020-06-30,f,190,3661200,9,1244,2024-07-10 10:18:37,90654f08-16c5-4580-9eb5-6bb4b79004f6
1979,WP6: Exploitation 2018,2018-01-01,2018-06-30,f,139,702000,8,1999,2024-07-10 10:18:37,8c1e667a-9e81-493b-9e5d-b83c45b079b5
464,WP9 Communication 2015 SEZ,2015-01-01,2015-12-31,f,184,1695600,2,,2024-07-10 10:18:37,f9e7a29b-af0c-47f0-9132-ea19709a2b0c
1993,WP7: Dissemination 2018,2018-01-01,2018-06-30,f,139,576000,8,,2024-07-10 10:18:37,47545d8f-e504-46a8-a59b-4a6659313374
1892,WP5 Dissemination/Communication Q1 2017,2017-01-01,2017-03-31,f,143,,8,628,2024-07-10 10:18:37,43923606-3368-4e31-80b2-25ea0eddf653
2686,Loreical KMU Ph 2 Antragstellung,2018-08-14,2018-10-10,f,391,,8,,2024-07-10 10:18:37,113c40b4-4a4e-4638-a7c0-2a145068e397
2061,WP1 Project Management 2017,2017-01-01,2017-12-31,f,285,194400,8,572,2024-07-10 10:18:37,7596a8fd-eacd-45ae-8cc2-256070166123
2115,WP4 Assessment 2017 Q1,2017-01-01,2017-03-31,f,287,172800,8,1976,2024-07-10 10:18:37,dfad45c9-6322-4cd9-8807-98b1dfe25e0e
1982,D8.7+D8.9: 5th annual + final report 2018,2018-05-01,2018-08-31,f,139,108000,8,1980,2024-07-10 10:18:37,dee32573-af1a-4fa1-b5a1-c14e6ba87bfd
899,"T8.2 Management of IP (2,45PM)",2017-03-01,2019-06-30,f,292,1180800,9,582,2024-07-10 10:18:37,8c91a4c2-8f16-4bb4-893c-1b0ca92a7662
2012,WP2 Mapping C-/ITS Context 2017,2017-01-01,2017-05-31,f,285,666000,8,572,2024-07-10 10:18:37,8eb8bbcc-68b8-4a8d-a306-138a2826f535
2052,T7.3 Exploitation,2017-01-01,2017-12-31,f,285,108000,8,2001,2024-07-10 10:18:37,8a18a116-f4be-471f-a30c-19b53324f279
2005,T7.4 Data Management,2017-01-01,2017-12-31,f,285,954000,8,2001,2024-07-10 10:18:37,458293e3-e17d-48e6-bf0c-1e2353f407e3
2469,Prozessbegleitung CI1 -2018,2018-01-01,2018-12-31,f,325,295200,8,2804,2024-07-10 10:18:37,66692165-ec75-4cd4-88bc-77057bfd6314
2081,Task 6.3 Meetings,2016-03-01,2018-08-31,f,262,514800,8,2078,2024-07-10 10:18:37,e73c31ba-e9c4-40aa-b06b-d136765aa531
2048,T7.1 Diss+Comm,2019-01-01,2019-03-31,f,285,360000,8,2002,2024-07-10 10:18:37,c1876b5d-e5e1-4fac-856c-4345309f4722
2049,T7.2 Website,2017-01-01,2017-12-31,f,285,86400,8,2001,2024-07-10 10:18:37,30cf2f7e-ae1a-449f-910d-2ce7fac4dfde
2054,T7.3 Exploitation,2019-01-01,2019-03-31,f,285,36000,8,2002,2024-07-10 10:18:37,adc5f0f1-dc3e-4451-bd0f-2af4d21cf24e
2007,D7.3 DMP_Draft,2017-01-01,2017-05-31,f,285,684000,8,2005,2024-07-10 10:18:37,41857e25-49ae-4acc-b27c-c3ce13a4a216
1927,KAM 2017,2017-01-01,2017-12-31,f,286,36129600,8,574,2024-07-10 10:18:37,6da929e8-282a-42db-ae77-1f3ac588e0a8
2001,WP7 Diss+Comm 2017,2017-01-01,2017-12-31,f,285,2696400,8,572,2024-07-10 10:18:37,6ba8cacd-a3f5-4218-9b37-673d518e53be
2006,T7.4 Data Management,2019-01-01,2019-03-31,f,285,144000,8,2002,2024-07-10 10:18:37,14e16cc1-5c5e-4031-9301-f62b053755b4
1109,"subtask 9.5.4 Publications in technical and public press 8,77 ab 2017",2017-01-01,2021-07-31,f,260,4546800,9,1105,2024-07-10 10:18:37,51e23496-f4d5-4566-b783-509901f28afa
1105,"task 9.5. D+C 19,48 PM ab 2017",2017-01-01,2021-07-31,f,260,10098000,9,1065,2024-07-10 10:18:37,8d03e3b9-8ee7-4d3d-b2d7-b3fcb38c41da
1284,T11.3 Financial MGT,2017-01-01,2019-07-31,f,266,1767600,8,1495,2024-07-10 10:18:37,25970a5f-aad1-4550-9827-147bb5d8bc6e
2077,EU-KONFORM: ESF Waldschule Degerloch,2017-05-01,2017-05-31,f,259,32400,8,602,2024-07-10 10:18:37,743a5b89-6345-4495-b12c-da9242a91adc
1831,T5.11 Social networks (D5.15),2017-01-01,2019-03-31,f,153,648000,8,1818,2024-07-10 10:18:37,f44b77cd-b0c6-40e3-a010-9b7d0d60a32b
1213,TT-Handwerk GmbH 2017,2017-01-01,2017-12-31,f,238,1119600,8,,2024-07-10 10:18:37,044effb3-8ab3-4438-acc2-0e3934d77a70
1267,Task 1.1,2017-01-01,2017-07-31,f,301,3636000,8,607,2024-07-10 10:18:37,742fb494-6a87-40e2-8272-86b315748aaa
1065,"WP9 Exploitation, Dissemination & Communication 53,69 PM ab 2017",2017-01-01,2021-07-31,f,260,27831600,9,1764,2024-07-10 10:18:37,786faedd-0a8e-491d-9f42-dc86db6a0786
1123,"Task 7.6 Publications, 4,86 PM ab 2017",2017-01-01,2020-01-30,f,189,2520000,9,1120,2024-07-10 10:18:37,c6bc35cb-5bd1-4f3f-9ddb-b53c389c9495
1811,D7.4 Expl. plan & IPR report,2017-08-01,2017-09-30,f,148,828000,8,1810,2024-07-10 10:18:37,637064c4-66b7-41c9-b9f5-f9db5883727b
1113,"subtask 9.7.1 Event participation, 0,91PM ab 2017",2017-01-01,2021-07-31,f,260,471600,9,1112,2024-07-10 10:18:37,4055796a-5537-41c2-9908-980913288904
1112,"task 9.7 Events 4,91 PM ab 2017",2017-01-01,2021-07-31,f,260,2545200,9,1065,2024-07-10 10:18:37,fa2b1f68-9a7a-4fcc-8d3d-8ef0faa18015
1843,WP1 Photonics Workshops,2017-01-01,2019-05-31,f,298,1227600,8,1842,2024-07-10 10:18:37,71558fa6-b901-4611-b84c-2dd061f22491
1908,T5.2 Improve commercial use of innovation,2018-07-01,2019-06-30,f,280,,9,862,2024-07-10 10:18:37,75183ed6-de8e-44dd-b365-ec33aad28cfa
1108,"subtask 9.5.3 Dissemination materials in English, incl. Giveaways 4PM, 0,4 ab 2017",2017-01-01,2017-07-31,f,260,208800,9,1105,2024-07-10 10:18:37,b71f869c-59c2-4e3a-9f92-c3889b9c35f6
1859,T4.5 Project Meeting 3,2018-04-01,2018-04-30,f,298,90000,8,1845,2024-07-10 10:18:37,2db63bce-e2b5-4496-8e4e-cc02935355f1
1911,T6.2 Recommendations,2018-07-01,2019-05-30,f,280,,9,863,2024-07-10 10:18:37,7c8d91af-1d41-4100-be86-1f9e0edb125c
1947,WP 6 2016,2016-01-01,2016-12-31,f,258,673200,8,690,2024-07-10 10:18:37,ce50ad56-6f12-4d70-bcb2-a90850b7816f
1951,T2.2 Photonics Cluster Meeting,2017-01-01,2017-06-30,f,258,230400,8,1940,2024-07-10 10:18:37,8a2d8ead-ad4f-4131-8e3c-9e7bfaf7f3e0
1110,subtask 9.5.5 Best Practice booklet 4 PM ab 2020,2020-02-01,2021-07-31,f,260,2073600,9,1105,2024-07-10 10:18:37,c552535c-f624-4d5a-a1c9-c5e353479ccf
1848,T1.4 Roll-out Tests of Photonics WS (4 WS),2018-04-01,2019-05-31,f,298,180000,8,1843,2024-07-10 10:18:37,29848fa4-cd9e-475d-a399-2855fca8ae3f
1224,Task 11.4 Exploitation plan 1PM,2017-01-01,2018-12-31,f,261,518400,8,1220,2024-07-10 10:18:37,f8504b69-8a92-411b-887c-c4621eab4e24
1220,"WP11 Exploitation - ab 2017 4,29 PM",2017-01-01,2018-12-31,f,261,2228400,8,1761,2024-07-10 10:18:37,67e46e9f-c9d3-4ee1-b85a-7e4fd68f4db6
1222,Task 11.2 Business Plan 1PM,2017-07-01,2018-01-31,f,261,518400,8,1220,2024-07-10 10:18:37,202b145f-6a27-43d4-a121-ccd1a98d3c99
2056,T7.5 Liaising with US,2018-01-01,2018-12-31,f,285,72000,8,2000,2024-07-10 10:18:37,94006d3f-cc2e-453b-8de8-36f4e2909998
1986,D6.9: Cooperation Agreements 2017,2017-07-01,2017-12-31,f,139,748800,8,1978,2024-07-10 10:18:37,6b032c4f-e010-4fe9-85cb-50bbe334e273
1983,WP7: Dissemination 2017,2017-01-01,2017-12-31,f,139,144000,8,,2024-07-10 10:18:37,c1b29f5b-21a4-4ee5-bb7a-ebd8025902a5
1994,D7.7: Final Report Scientific Diss,2018-04-01,2018-06-30,f,139,126000,8,1993,2024-07-10 10:18:37,753dfee1-d4a3-45d1-a2da-be11f4f27dbf
2050,T7.2 Website,2018-01-01,2018-12-31,f,285,86400,8,2000,2024-07-10 10:18:37,ee68e27f-383f-482a-ac63-ff2d2c684c34
1117,"Task 7.3 Webinars with interested city stakeholders, 1PM ab 2018",2018-02-01,2020-01-31,f,189,518400,9,1120,2024-07-10 10:18:37,e9522c64-9f82-4361-b162-ff97f95b5304
2113,WP2 Mapping 2017 Q2,2017-04-01,2017-06-30,f,287,190800,8,1974,2024-07-10 10:18:37,89a6dd3f-8bd5-4dd2-b3f5-f6e342297ff6
2042,T6.2 NNP Definition 2018,2018-01-01,2018-12-31,f,285,360000,8,2030,2024-07-10 10:18:37,075d4a5d-4878-4df3-a2f0-0ae91991406a
1957,T3.4 Access to financial support instruments,2017-01-01,2017-07-30,f,258,129600,8,1942,2024-07-10 10:18:37,ba25353d-c313-44a9-bf50-820852e43a2a
1126,"Task 7.9 Project conference, 4PM ab 2019",2019-04-01,2020-01-30,f,189,2073600,9,1120,2024-07-10 10:18:37,f0b81b5f-922b-4b72-b60d-8e4d34e72a11
1965,T6.2 Financial management,2017-01-01,2017-12-31,f,258,201600,8,1948,2024-07-10 10:18:37,b52f4106-f4d4-40a4-91f4-a176c6b8f574
1114,subtask 9.7.2 Final Conference 4PM ab 2021,2021-02-01,2021-07-31,f,260,2073600,9,1112,2024-07-10 10:18:37,47f58065-0f2d-471d-8642-677f20dc4973
2837,KET4CP-2019,2019-01-01,2019-12-31,f,326,,8,,2024-07-10 10:18:37,3ae39dc2-811e-474b-b664-2ee808ef387a
1111,"task 9.6 Webinars with interested stakeholders, 2,5 PM ab 2019",2019-08-01,2021-07-31,f,260,1296000,9,1065,2024-07-10 10:18:37,2829e524-1aaa-43f6-9f05-fec132c157e7
618,TT-Handwerk GmbH 2016,2016-01-01,2016-12-31,f,238,,8,,2024-07-10 10:18:37,808001b5-442f-442a-bdd2-d97ec7172c2c
2095,WP4 Sustainability and expl. - 2018,2018-01-01,2018-12-31,f,288,1440000,8,1971,2024-07-10 10:18:37,92f1e123-c4cc-4842-9c6b-639492c6d24f
2089,Task 2.5: 9 eHealth Roadshows - 2018,2018-01-01,2018-12-31,f,288,2750400,8,1997,2024-07-10 10:18:37,0d089b2c-f57f-4084-9097-5f49b3297fb0
1236,"D6.9 Final report on dissemination activities PM 1,5",2019-07-01,2019-12-31,f,190,774000,9,1230,2024-07-10 10:18:37,bed47c8e-bb99-4b31-8385-a236dd62bfb2
1241,"ST6.4.4 Proceeding of the Final Conferences PM 0,5",2019-10-01,2019-12-31,f,190,259200,9,1230,2024-07-10 10:18:37,2dd57e6d-44bf-4f34-8e0c-40f4ba4a7e25
1243,"ST6.4.7 Clustering Activities PM 0,5",2017-01-01,2019-12-31,f,190,259200,9,1230,2024-07-10 10:18:37,12e9faca-74f3-422d-bd4c-97406c3c61b2
607,"WP1 (8,5PM)  Framework conditions",2017-01-01,2017-09-30,f,301,4406400,8,,2024-07-10 10:18:37,8569845e-d5b4-4a46-a9c2-9d07fd76dc92
1969,"WP1 Setup, monitoring and optimization of services delivery",2016-10-01,2019-09-30,f,288,1555200,8,575,2024-07-10 10:18:37,cbb92378-8f66-465f-b19a-4827a8278497
2126,WP1: KMU-Antragstellung in Horizont 2020 (OHNE KMU Instrument!),2017-01-01,2018-12-31,f,304,5760000,8,929,2024-07-10 10:18:37,ac8329da-23c2-4791-9906-ca7f40cfb798
1972,WP5 Project Management,2016-10-01,2019-09-30,f,288,590400,8,575,2024-07-10 10:18:37,e86d0dcf-3aa6-41a2-a448-6dadaec3d020
602,S2i Business 2017,2017-01-01,2017-12-31,f,259,,8,,2024-07-10 10:18:37,3aa7f593-7bfd-4acb-bd01-b35b2fa7c764
2013,T2.1 Mapping Initiatives,2017-01-01,2017-03-31,f,285,396000,8,2012,2024-07-10 10:18:37,2f20066b-4974-481e-8d74-81c2af3a3b9b
2062,WP1 Project Management 2018,2018-01-01,2018-12-31,f,285,194400,8,572,2024-07-10 10:18:37,e81fd8da-72eb-4ec6-ab47-6856b1e243ee
2494,S2i FlexSt 2019,2019-01-01,2019-12-31,f,320,,8,,2024-07-10 10:18:37,a8bb22fc-7267-4039-9cce-0cf90c096c05
2008,D7.3 DMP_Interim,2017-11-01,2017-12-31,f,285,270000,8,2005,2024-07-10 10:18:37,11dbd1b1-58b8-4d8d-9a73-ebed3a49b3d1
1277,T10.2 tech watch,2017-01-01,2018-05-31,f,266,946800,8,1479,2024-07-10 10:18:37,8bcd0bfd-0d10-4d55-94a2-871b8b7af6e4
702,T11.1 S&T coordination,2017-01-01,2019-07-31,f,266,1404000,8,1495,2024-07-10 10:18:37,d25c5ae0-2f75-4dbe-9883-173f273fa038
2200,WP7: Project management,2017-09-01,2020-08-31,f,309,518400,9,2193,2024-07-10 10:18:37,0d05786f-ff02-42d0-bdc1-f7a8bb12d429
920,WP C Communication,2016-07-01,2018-12-31,f,282,1663200,9,,2024-07-10 10:18:37,b6993e24-5b18-4606-8370-b939d01defb9
2679,SIG Overheads 2019,2019-01-01,2019-12-31,f,294,,8,,2024-07-10 10:18:37,9899ff83-0d24-44b6-b19d-2a8bc0829de0
1279,T10.4 Exploitation,2017-01-01,2019-05-31,f,266,1288800,8,1479,2024-07-10 10:18:37,1e516bdf-c903-438f-8c88-24f1b13b144d
1281,T10.7 Info sessions,2017-01-01,2018-11-30,f,266,514800,8,1479,2024-07-10 10:18:37,db48f186-db0e-45a9-aef9-d2283b8e429c
2131,SIG PK in GK 2017,2017-01-01,2017-12-31,f,322,,9,,2024-07-10 10:18:37,f7b0cc93-0109-41da-b692-5484d26a0111
2002,WP7 Diss+Comm 2019,2019-01-01,2019-03-31,f,285,640800,8,572,2024-07-10 10:18:37,da7ebee1-a0f3-4caf-b9c3-7b510a135f34
3026,WP 2020,2020-01-01,2020-12-31,f,467,,8,,2024-07-10 10:18:37,0fd0f606-8497-4693-8180-486b93475e12
2139,Planung 2018 (später löschen),2018-01-01,2018-12-31,f,255,,8,,2024-07-10 10:18:37,fc4d3288-5c43-4ee7-8c4f-1b5bb503d529
1219,"WP10 Communication and Dissemination 2017 [7,48PM f 2017-18]",2017-01-01,2017-12-31,f,261,3877200,8,1761,2024-07-10 10:18:37,6c86ec3e-3678-4aeb-8f56-3927ff307863
2838,Agriplus-EIP-2019,2019-01-01,2019-12-31,f,396,,8,2741,2024-07-10 10:18:37,b0cbb0a9-930a-465c-831f-e95389faea03
2140,Planung 2018 (später löschen),2018-01-01,2018-12-31,f,266,,8,,2024-07-10 10:18:37,0fd477bf-5c4e-45fa-b39c-bce2f390db9a
880,WP1 Analyses&BP Step 1-4,2017-01-01,2018-10-31,f,299,172800,8,,2024-07-10 10:18:37,cf9f672c-d751-4394-aaa8-07acf70cc902
703,T10.1 Diss & Expl plan,2017-01-01,2019-05-31,f,266,1137600,8,1479,2024-07-10 10:18:37,a7f7520d-43d5-41d2-a223-55ac45263ba0
2147,Planung 2018 (später löschen),2018-01-01,2018-02-28,f,184,,8,,2024-07-10 10:18:37,facdc219-2b03-4061-b903-268c1b6ce139
2156,WP M - Management 2019 2. HJ,2019-07-01,2019-12-31,f,311,1195200,9,2155,2024-07-10 10:18:37,359eec89-a18f-4f80-9f52-b944075b4642
2168,WP T2 - New trans. KET access services 2017,2017-07-01,2017-12-31,f,311,208800,9,2158,2024-07-10 10:18:37,4364c031-648d-4854-9647-a09b7a62887d
2193,INVITE,2017-09-01,2020-08-31,f,309,17366400,9,,2024-07-10 10:18:37,a1ab2d49-0077-4750-85e0-474c8b9d536f
2162,WP T1 - KET Ecosystem Analysis 2017,2017-07-01,2017-12-31,f,311,1036800,9,2157,2024-07-10 10:18:37,b6e9ae8e-94ba-4227-b3c5-391c45b07ea1
2118,WP4 Assessment 2017 Q4,2017-10-01,2017-12-31,f,287,172800,8,1976,2024-07-10 10:18:37,aee7326f-685a-4518-9d70-45f08479d942
2116,WP4 Assessment 2017 Q2,2017-04-01,2017-06-30,f,287,198000,8,1976,2024-07-10 10:18:37,8aa0acd8-6d91-4f1a-b685-7257e07cf10a
2124,WP5 Strengthening 2017 Q4,2017-10-01,2017-12-31,f,287,201600,8,1977,2024-07-10 10:18:37,05660dee-ea64-4695-a55d-06acef51ad5e
2505,WP DTC Vukovar 2018,2018-01-01,2018-06-30,f,270,684000,8,,2024-07-10 10:18:37,cfe1c909-e6dd-4291-836c-97e04eed23e8
2157,WP T1 - KET Ecosystem Analysis,2017-07-01,2020-02-29,f,311,2592000,9,,2024-07-10 10:18:37,4927bf29-1046-4db9-a23a-44b16c53157c
1271,T8.4 Study visits,2017-01-01,2018-11-30,f,266,1033200,8,1460,2024-07-10 10:18:37,24048a4a-e2d5-45b0-b4f1-d161bfe70fd1
1272,T8.5 Student exchange,2017-01-01,2019-05-31,f,266,1029600,8,1460,2024-07-10 10:18:37,4a22ed68-df5d-4a02-beb8-33c27cd46fc4
2267,IMG: MEG,2017-08-01,2017-09-30,f,259,,8,602,2024-07-10 10:18:37,b9e78dfa-be71-4780-a835-6985e9d83651
1738,EVENT: Smart Cities WS KA,2016-07-01,2016-07-31,f,259,,8,527,2024-07-10 10:18:37,eae8dabe-e450-4436-bf53-16fc8d604325
2289,EVENT: Moderation ARTEMIS Conference 12/2017,2017-11-01,2017-12-31,f,259,,8,602,2024-07-10 10:18:37,ec572343-c9a4-4579-aadc-388f9eec2e8d
2114,WP4 Assessment 2016 Q4,2016-09-01,2016-12-31,f,287,151200,8,1976,2024-07-10 10:18:37,fcd9b042-b963-45e7-9fec-5f01891ab41e
2117,WP4 Assessment 2017 Q3,2017-07-01,2017-09-30,f,287,194400,8,1976,2024-07-10 10:18:37,a59df17d-c992-4980-9306-7339a221a028
2125,WP5 Strengthening 2018 Q1,2018-01-01,2018-07-31,f,287,223200,8,1977,2024-07-10 10:18:37,66039c0c-76ac-47ea-8fe4-25d808a94dcc
1428,WP09 Communication GmbH 2017,2017-01-01,2017-12-31,f,184,1274400,8,,2024-07-10 10:18:37,4ce2766c-7af6-488c-bc0c-69fbd42a5518
1977,WP5 Strengthening,2016-09-01,2018-02-28,f,287,1260000,8,576,2024-07-10 10:18:37,f9d3b64e-5a94-425f-8b04-0737fdb7ee64
2839,Agriplus-EIP-2020,2020-01-01,2020-12-31,f,396,,8,2741,2024-07-10 10:18:37,044ef980-756d-4405-9b16-a07f50a157f4
2671,IMG: MATTECO (#720493),2018-07-01,2018-08-31,f,375,,8,,2024-07-10 10:18:37,0d08b5f9-7be4-49c4-a1d0-4d144e9c9191
2106,WP1 Management 2017 Q1,2017-01-01,2017-03-31,f,287,34200,8,1973,2024-07-10 10:18:37,9b0f3a59-cb6d-4074-a28d-dd8fdd1f9d66
2108,WP1 Management 2017 Q3,2017-07-01,2017-09-30,f,287,156600,8,1973,2024-07-10 10:18:37,e0bb46e6-9032-4a4a-83ce-dcd3db803742
2506,DTC Zagreb 2019,2019-01-01,2019-06-30,f,331,698400,8,,2024-07-10 10:18:37,25f176d0-d7c2-49c0-80c9-be7026c323ff
2386,WP1_2019,2019-01-01,2019-12-31,f,326,975600,8,2269,2024-07-10 10:18:37,89c8bfdc-4d54-44e4-9ccd-8fcf379cba8d
2326,WP3_2018,2018-01-15,2018-12-31,f,326,972000,8,2272,2024-07-10 10:18:37,dc263cce-4634-431c-8586-04ef385107ca
2294,Antragskorrektur,2017-11-01,2018-01-31,f,334,561600,8,,2024-07-10 10:18:37,2e6c977d-330c-4fb6-9cad-0d773c72049b
1131,HF4 - CI #8 (AutomotiveDIALOG),2017-02-01,2017-11-30,f,174,475200,8,691,2024-07-10 10:18:37,809b2543-6493-4050-b032-831242b39813
1132,HF4 - UKOM (abgebrochen),2016-09-01,2016-12-31,f,174,234000,8,691,2024-07-10 10:18:37,b04386a5-ad40-4268-9472-a05b01d57230
1971,WP4 Sustainability and exploitation,2016-10-01,2019-09-30,f,288,3628800,8,575,2024-07-10 10:18:37,5101bfa7-3c24-4d76-be23-b016643e0595
1320,T8.1 - Dissemination and exploitation plan,2017-01-01,2017-12-31,f,184,360000,8,1424,2024-07-10 10:18:37,ba162fed-63ca-472b-beb4-663cb580738a
1333,T9.3 Printed and digital materials for dissemination,2017-01-01,2017-12-31,f,184,,8,1428,2024-07-10 10:18:37,c881b0ef-edc8-48b6-8f4f-cff7a6b43091
1334,T9.4 - Social media and web presence,2017-01-01,2017-12-31,f,184,,8,1428,2024-07-10 10:18:37,bc3d3a45-eb04-44d1-a954-56df1d57b299
1832,T6.1 Exploitation WS (D6.2),2017-01-01,2017-11-30,f,153,2340000,8,1819,2024-07-10 10:18:37,7b5270e3-89d6-400b-acde-040f9a5140b4
1909,T5.3 Fostering links,2018-07-01,2019-06-30,f,280,,9,862,2024-07-10 10:18:37,e3fd10c2-024a-487e-a14b-8dca2cb0657c
1326,T8.7 - Participation in fairs and conferences and final REProMag conference,2017-01-01,2017-12-31,f,184,612000,8,1424,2024-07-10 10:18:37,4469a025-13d5-479f-b062-dd7f7e7a25bb
1958,T4.1 Dissemination plan,2017-01-01,2017-12-31,f,258,201600,8,1944,2024-07-10 10:18:37,576692a7-d71f-4827-a267-88317e04d7a0
2014,T2.2 Assessing KPIs,2017-04-01,2017-05-31,f,285,270000,8,2012,2024-07-10 10:18:37,03d6f8e7-e2b5-4aff-8ce4-f568cbd6ffdc
2090,Task 2.5: 9 eHealth Roadshows - 2019,2019-01-01,2019-09-30,f,288,2062800,8,1997,2024-07-10 10:18:37,ce3e1f6b-e789-4b88-bfba-539a9e223186
1332,T9.2 Project website,2017-01-01,2017-12-31,f,184,,8,1428,2024-07-10 10:18:37,87053065-9422-44a1-a27b-fecee29e0cc8
2132,SIG PK in GK 2018,2018-01-01,2018-12-31,f,322,,9,,2024-07-10 10:18:37,d225f6b2-d4c0-4a69-892e-d5b0f162519a
1086,task 9.1 Exploitation Workshop ab 2017 9PM,2017-01-01,2019-12-31,f,260,4665600,9,1065,2024-07-10 10:18:37,23a1f10e-5b5f-4906-a0ce-8d4fd7882934
1311,T10.3 Financial & accounting management,2017-01-01,2018-02-28,f,184,795600,8,1416,2024-07-10 10:18:37,aa1f3c98-9d60-4470-a2d4-7012f54bf60e
2029,WP6 Newbits Network 2017,2017-01-01,2017-12-31,f,285,198000,8,572,2024-07-10 10:18:37,f3b0c765-0c7e-4e85-b838-48d440db5621
2096,WP4 Sustainability and expl. - 2019,2019-01-01,2019-09-30,f,288,1468800,8,1971,2024-07-10 10:18:37,aad9f541-4432-4888-a073-b6edb33b53ac
2063,WP1 Project Management 2019,2019-01-01,2019-03-31,f,285,72000,8,572,2024-07-10 10:18:37,32047be0-7b28-405f-b428-0d9b3ce88c60
2017,T3.1 Market Research,2017-05-01,2017-10-30,f,285,504000,8,2015,2024-07-10 10:18:37,7ccf211a-b821-40b2-b76c-2ddeb1bc1628
2051,T7.2 Website,2019-01-01,2019-03-31,f,285,28800,8,2002,2024-07-10 10:18:37,b0907fcc-183b-4b02-b6e7-990209cfe30e
2327,WP4_2018,2018-01-15,2018-12-31,f,326,676800,8,2273,2024-07-10 10:18:37,7e9cbe0b-ecde-4b0f-9159-f4f030bedd98
1952,T2.3 Cross-sectorial cluster meeting,2017-01-01,2017-11-30,f,258,244800,8,1940,2024-07-10 10:18:37,3a7f08b1-90e0-401c-9cf6-a635a5a841c3
2040,T6.3 Implementation of Network Activities 2018,2018-03-01,2018-12-31,f,285,432000,8,2030,2024-07-10 10:18:37,6b5449c0-9f7d-4b9c-9385-eff9b0063ce7
2057,T7.5 Liaising with US,2019-01-01,2019-03-31,f,285,72000,8,2002,2024-07-10 10:18:37,97c5ed8b-fd5f-4757-8bfc-a601d18fd550
2127,WP2: KMU-Antragstellung im KMU-Instrument + Infoveranstaltungen,2017-01-01,2018-12-31,f,304,11649600,8,929,2024-07-10 10:18:37,ad28b600-c323-4030-a5e7-30e5a7402d55
2038,T6.1 CoI Configuration+Operation 2018,2018-01-01,2018-12-31,f,285,90000,8,2030,2024-07-10 10:18:37,2553430f-827f-4716-b830-705bcd71adf0
2032,T6.1 CoI Configuration+Operation 2017,2017-01-01,2017-12-31,f,285,126000,8,2029,2024-07-10 10:18:37,f10c5e9f-8293-4857-b6d2-30b10442ab7e
2619,WP0 GK,2018-01-01,2018-12-31,f,312,,8,,2024-07-10 10:18:37,6ee6faf6-0c29-475e-95b4-f3caff8b4e6c
2684,WP3 Dissem. & Exploitation,2018-10-01,2020-09-30,f,377,2833200,8,,2024-07-10 10:18:37,4b85cd2a-d261-45d4-9b57-76a041f2f76b
2163,WP T1 - KET Ecosystem Analysis 2018 1. HJ,2018-01-01,2018-06-30,f,311,777600,9,2157,2024-07-10 10:18:37,fcbb6f4b-04db-47c7-8d0a-535729611fc4
691,Cluster UnterstützungsAgentur GmbH,2016-01-01,2017-12-31,f,174,,8,,2024-07-10 10:18:37,b58e7826-68ad-428d-8a3b-2d8dd45a938c
1323,T8.4 - Roadmaps towards exploitation of results,2017-01-01,2017-12-31,f,184,1548000,8,1424,2024-07-10 10:18:37,61efbd29-5327-48d0-9c0d-c25accefadaf
1134,HF2 - Einzel-Coachings,2016-01-01,2017-12-31,f,174,673200,8,691,2024-07-10 10:18:37,f8dcd9af-4fff-4097-82ee-6182b0face4b
1812,D7.2 Diss report,2017-08-01,2017-09-30,f,148,504000,8,1807,2024-07-10 10:18:37,31834b28-f709-4a2f-a4fe-04fc2c260923
579,WP M Management,2016-07-01,2018-12-31,f,282,1602000,9,,2024-07-10 10:18:37,d8395065-8d29-4290-8905-cabff156f384
1995,D7.11: Best Practices Book,2018-04-01,2018-06-30,f,139,450000,8,1993,2024-07-10 10:18:37,2dcc2121-cd54-4ceb-89c0-bbe6fb00d7dd
2194,WP1: Analysis and co-creation,2017-09-01,2018-03-31,f,309,1296000,9,2193,2024-07-10 10:18:37,8baec646-4335-486f-9dcf-3d3652eb54c0
2151,WP M - Management 2018 2. HJ,2018-07-01,2018-12-31,f,311,1195200,9,2155,2024-07-10 10:18:37,6dcbc9c9-7a22-44e3-ab8f-ac611a87fd8b
2189,WP C - Communication 2019 1. HJ,2019-01-01,2019-06-30,f,311,374400,9,2161,2024-07-10 10:18:37,1f543477-8152-42b4-af51-2c3670b364b8
2280,"WP3 (30.600€, 3,4 PM, 490Std PM)",2017-10-20,2020-10-19,f,329,1764000,8,,2024-07-10 10:18:37,13a0fca2-2eb8-4985-aca0-b0ff7ff5c20f
1849,T1.5 Updating the Photonics WS Material (1/2),2018-03-01,2018-04-30,f,298,144000,8,1843,2024-07-10 10:18:37,28f17c66-7eb5-42ef-98b4-44bb069cd334
1310,T10.2 Administrative management of the project,2017-01-01,2018-02-28,f,184,1512000,8,1416,2024-07-10 10:18:37,a604ac6a-1ce0-4f80-adc2-3c88a3fafbe9
1312,T10.4 Project Communication & Knowledge management,2017-01-01,2017-12-31,f,184,1008000,8,1416,2024-07-10 10:18:37,b5174746-4048-4f5b-83d9-74ab60e3f859
1860,T4.5 Project Meeting 4,2019-05-01,2019-05-31,f,298,90000,8,1845,2024-07-10 10:18:37,78ecdffa-155f-480e-8f66-5f3290b41ab0
2295,"D31.1 Projects experiences/materials (6.000€, 0,67PM, 96Std)",2018-01-01,2020-10-19,f,329,345600,8,2280,2024-07-10 10:18:37,a33beb54-e83c-49c9-badd-4aabcc9a398f
2169,WP T2 - New trans. KET access services 2018 1. HJ,2018-01-01,2018-06-30,f,311,619200,9,2158,2024-07-10 10:18:37,ad8a3e94-2239-4d86-ae76-40a4bfe3b24a
2185,WP T4 - Mainstreaming 2020,2020-01-01,2020-08-31,f,311,1864800,9,2160,2024-07-10 10:18:37,2a76408a-d699-4bf1-a799-5bd1f2d11756
2666,WP.2 Communication activities,2018-07-01,2021-12-31,f,358,478800,8,2592,2024-07-10 10:18:37,f827fbbd-3f31-4596-a2f7-21f067e87d90
1321,T8.2 Technology watch and business intelligence,2017-01-01,2017-02-28,f,184,316800,8,1424,2024-07-10 10:18:37,d6c972b1-6a4a-4c38-8bc8-ad325dbb4574
2204,WP Rosewood Planung,2018-01-01,2019-12-31,f,323,,8,,2024-07-10 10:18:37,05e0cb08-cbeb-46de-a29e-131537c7ddee
1987,D6.8: Finance Report 2017,2017-07-01,2017-12-31,f,139,489600,8,1978,2024-07-10 10:18:37,272fae45-34ba-4be2-9f04-b036690f3ff8
574,BW KAM 3 2017,2017-01-01,2017-12-31,f,286,,8,,2024-07-10 10:18:37,c322171f-6dcf-42ae-a336-af6c139e6dce
2687,Training SIBE Brazil 07/2018,2018-07-23,2018-07-31,f,392,,8,,2024-07-10 10:18:37,402d2a6c-8a23-4dc6-83ff-12be6a67c2b8
1324,T8.5 - Training activities and workshops to support technology and knowledge transfer,2017-01-01,2017-12-31,f,184,612000,8,1424,2024-07-10 10:18:37,7e0000fb-5620-4691-be45-6d969ec2c957
2175,WP T3 - Experimenting KET access services 2018 1. HJ,2018-01-01,2020-08-31,f,311,777600,9,2159,2024-07-10 10:18:37,4b1ac05d-a76b-4592-a80c-59a590769c16
2848,INSULAE Planung 2019,2019-04-01,2019-12-31,f,419,,9,,2024-07-10 10:18:37,779753d1-fc1b-4c6c-8c2e-3cc40c3bb77b
2299,"D32.4 Publication on Policy and Technology (8.500€, 0,95PM, 136 Std)",2019-09-01,2020-10-19,f,329,489600,8,2280,2024-07-10 10:18:37,67da2836-5f8a-4948-87fd-04b150596b30
2315,"D46.2 Seminars (5.400€, 0,6PM, 87Std)",2018-04-01,2020-10-19,f,329,313200,8,2270,2024-07-10 10:18:37,1014d17e-38f2-4944-858e-5de825dc937b
2310,"D42.9 Physical and e-delivery (1.000€, 0,1PM, 14Std)",2020-07-01,2020-10-19,f,329,50400,8,2270,2024-07-10 10:18:37,8f67a6b8-a0ef-45f5-9c5e-bf9c9b8d603e
2274,WP5-Management,2018-01-15,2021-01-14,f,326,12960000,8,,2024-07-10 10:18:37,e9ac0ffe-9a4a-459d-9bfa-846db8216eba
1130,"Administration/'"Pflichtteil'", inkl interne Jour Fixe",2016-01-01,2017-12-31,f,174,1209600,8,691,2024-07-10 10:18:37,27f8624f-72b6-47af-a253-85ef8092e05a
1833,T6.3 Tech Watch and IPR Mgt,2017-01-01,2019-01-31,f,153,1346400,8,1819,2024-07-10 10:18:37,855901f7-fa1d-4977-bcd1-b66b3313acfe
2039,T6.1 CoI Configuration+Operation 2019,2019-01-01,2019-03-31,f,285,36000,8,2031,2024-07-10 10:18:37,5f5d961b-41a8-4ae8-9359-936823130d5a
2030,WP6 Newbits Network 2018,2018-01-01,2018-12-31,f,285,882000,8,572,2024-07-10 10:18:37,44d28219-7d03-4d02-9894-842bd3696ced
2085,WP1 - 2017,2017-01-01,2017-12-31,f,288,518400,8,1969,2024-07-10 10:18:37,5514fda5-ef90-4e70-992c-c5d6f6694744
2091,WP3 Com and diss - 2017,2017-01-01,2017-12-31,f,288,864000,8,1970,2024-07-10 10:18:37,38c5142d-d658-4f25-bfaa-8d69f4d31f37
575,EHealth Hub,2016-10-01,2019-09-30,f,288,16588800,8,,2024-07-10 10:18:37,a89f5c39-8e75-45aa-8181-36589909562c
1959,T4.2 Dissemination activities,2017-01-01,2017-12-31,f,258,162000,8,1944,2024-07-10 10:18:37,38dc5372-b0bf-4c44-b359-2f241520f227
2098,WP1 - 2016,2016-10-01,2016-12-31,f,288,129600,8,1969,2024-07-10 10:18:37,7b1d0f9d-d3a3-4d98-86db-7adc8dcc3e98
2099,Task 2.5: 9 eHealth Roadshows - 2016,2016-10-01,2016-12-31,f,288,658800,8,1997,2024-07-10 10:18:37,4161b41a-64c8-4afd-b729-5fba5cbe9cde
1997,Task 2.5: 9 eHealth Roadshows,2016-10-01,2019-09-30,f,288,8222400,8,1967,2024-07-10 10:18:37,459bfc4e-486b-4b87-87d6-2d4298099c46
2010,D7.3 DMP_Final,2018-11-01,2018-12-31,f,285,270000,8,2004,2024-07-10 10:18:37,a7c93a80-a720-4e3d-abb1-142c2601d74e
1953,T2.4 Organisation of Brokerage events,2017-01-01,2017-11-30,f,258,144000,8,1940,2024-07-10 10:18:37,ab5f2014-97f4-426a-ab19-3e7ad0f570b9
1637,Task 1.2 (contribution),2017-01-01,2017-06-30,f,301,230400,8,607,2024-07-10 10:18:37,01e049bc-65a8-4a55-a271-cb3676d90903
1988,D6.5: Techn. Implementation,2017-01-01,2017-06-30,f,139,2880000,8,1978,2024-07-10 10:18:37,0ca98053-e2be-4d13-a2f4-2abb4db21030
1895,"WP4 Valorisation '"Rest 2017'"",2017-04-01,2017-10-31,f,143,766800,8,628,2024-07-10 10:18:37,0f13416e-b24f-4e89-aab9-57bddc1be427
2022,WP4 Develop Innov BM 2018,2018-01-01,2018-06-30,f,285,252000,8,572,2024-07-10 10:18:37,d9b2cc89-2eba-4228-b754-7ee5eaec3a7b
2496,WP InnTense 2018,2018-05-01,2018-12-31,f,348,1562400,9,,2024-07-10 10:18:37,f9f4c874-011a-4127-bb61-d4b45fa41b06
1120,"WP7 Dissemination and Communication SEZ = WPL, 17 PM ab 2017",2017-01-01,2020-01-31,f,189,8812800,9,1760,2024-07-10 10:18:37,78adfe0a-8551-4d25-928a-b146c700d6bd
2119,WP4 Assessment 2018 Q1,2018-01-01,2018-07-31,f,287,118800,8,1976,2024-07-10 10:18:37,83023458-8a87-4968-97a8-792c8d8de1bd
1925,EIMC 2017,2017-01-01,2017-12-31,f,286,47800800,8,574,2024-07-10 10:18:37,3109bac1-6d2e-42c1-ac20-fd2f60b650e9
2207,Planung Forwarder,2018-01-01,2019-09-30,f,292,,9,,2024-07-10 10:18:37,68aae760-9068-4a88-a85c-3e35e5e03254
2190,WP C - Communication 2019 2. HJ,2019-07-01,2019-12-31,f,311,374400,9,2161,2024-07-10 10:18:37,e549cc56-1259-4143-9188-def5839930a6
2150,WP M - Management 2018 1. HJ,2018-01-01,2020-08-31,f,311,1195200,9,2155,2024-07-10 10:18:37,01832123-f6c9-4fe3-b33d-bbef4d6b35c4
1416,WP10 Management GmbH ab 2017,2017-01-01,2018-02-28,f,184,4035600,8,,2024-07-10 10:18:37,b2fdece2-219f-4cf4-b6f5-24c047a7c609
2158,WP T2 - New trans. KET access services,2017-09-01,2020-02-28,f,311,2073600,9,,2024-07-10 10:18:37,3011e355-5f1d-4392-b4a9-501aa865c7e2
2170,WP T2 - New trans. KET access services 2018 2. HJ,2018-01-01,2018-12-31,f,311,619200,9,2158,2024-07-10 10:18:37,cf0f6d52-03ef-4aa4-b992-8e8264e62966
2176,WP T3 - Experimenting KET access services 2018 2. HJ,2018-07-01,2018-12-31,f,311,1555200,9,2159,2024-07-10 10:18:37,b52c930e-76b0-4809-a2f6-93a7b242958d
2992,WP1 Event Planung,2019-09-01,2019-12-31,f,468,,8,,2024-07-10 10:18:37,63bef84f-4830-4f83-9bbc-e71a407e4ae8
820,"Subtask 6.5.1 mySmartLife Cities Network PM 1,5",2017-05-01,2018-12-31,f,290,777600,9,819,2024-07-10 10:18:37,02412e59-3263-4ccc-b150-3458dd48cae4
2217,WP5 Implementation,2017-01-01,2019-06-30,f,300,1080000,9,,2024-07-10 10:18:37,a6698274-dcb6-44fb-a4e2-344b7979ff42
1676,"T2.1, T2.2 (2016)",2016-11-01,2016-12-31,f,296,169200,8,1265,2024-07-10 10:18:37,31275b3d-9092-46e4-b2e1-e7f598b2ef27
2220,"T2.1, T2.2 (2017)",2017-01-01,2017-06-30,f,296,738000,8,1265,2024-07-10 10:18:37,7952bd0c-7966-40fc-909e-30a31584e030
1677,"T2.3, T2.4 (2017)",2017-01-01,2017-12-31,f,296,1036800,8,1265,2024-07-10 10:18:37,375e3559-bd39-4183-86f9-fd6013b52d75
2338,Vanguard-Stützpunkt BW 2018,2018-04-01,2018-12-31,f,327,3510000,8,2275,2024-07-10 10:18:37,36c63d2a-ed5f-4e44-ae58-fe4cf33ead92
1684,"T3.2, T3.3 (2017)",2017-01-01,2017-12-31,f,296,518400,8,1673,2024-07-10 10:18:37,2cc4cbdc-ee41-4816-885c-76cefa47b048
2462,DTC Zagreb 2018,2018-01-01,2018-12-31,f,331,1764000,8,,2024-07-10 10:18:37,cfbab650-de69-4c0c-92d1-985cba4c02ee
2202,WP Innomedia 2018,2018-01-01,2018-02-28,f,310,162000,8,,2024-07-10 10:18:37,d9d4c1d7-4b0e-4db7-aad5-fe3b19b8f00e
2225,T6.1. T6.2 (2017),2017-01-01,2017-12-31,f,296,52200,8,1702,2024-07-10 10:18:37,86175783-ee55-4e2e-9f11-1b22c687a577
2018,T3.3 Benchmarking Innovation EU-US 2017,2017-09-01,2017-12-31,f,285,316800,8,2015,2024-07-10 10:18:37,bc9615e4-de74-4a60-9b25-cccb4885eae7
1639,Task 1.3 (contribution),2017-01-01,2017-09-30,f,301,266400,8,607,2024-07-10 10:18:37,0a545363-fdb7-422c-903c-06be88059f99
2461,1 x 1 der Antragstellung (Crash Course) (#720463),2018-01-01,2018-02-28,f,345,93600,8,,2024-07-10 10:18:37,df2a335a-ded3-467f-9c21-e1a497fc8a3a
2463,S2i Inhouse Training Admin PM Film Akademie LB,2018-02-01,2018-04-30,f,344,72000,8,,2024-07-10 10:18:37,8d3847f8-7800-4093-93ac-775ca75a3d26
1309,T10.1 Scientific and technical coordination,2017-01-01,2017-12-31,f,184,720000,8,1416,2024-07-10 10:18:37,48721f17-a9c5-4104-8aa2-a4476407bc28
2464,Harman HR Romania,2018-01-01,2018-06-30,f,337,396000,8,,2024-07-10 10:18:37,f8f41924-704f-4359-8904-510ebcbcf990
1884,T7.5 (2017),2017-09-01,2017-12-31,f,283,360000,8,1710,2024-07-10 10:18:37,de30b763-5240-482c-8ffe-d24f07c35dbb
2394,WP2_2019,2019-01-01,2019-12-31,f,326,1958400,8,2271,2024-07-10 10:18:37,5e9271d5-e458-48d8-b66d-cd9d67f60626
2259,DoC 2018 GmbH,2018-01-01,2018-12-31,f,158,,8,,2024-07-10 10:18:37,01e46fb8-5a70-4812-96eb-ad75e6d3c316
641,WP10 Management GmbH 2016,2016-01-01,2016-12-31,f,184,2667600,8,,2024-07-10 10:18:37,6ece80ec-c9cf-4aa5-b207-44a9a82ba899
2507,WP InnTense 2019,2019-01-01,2019-03-31,f,348,,9,,2024-07-10 10:18:37,52653954-39e4-4e5e-afdb-018a71e77cf0
2245,WP1 Innovation portal and service centre,2017-09-01,2019-08-31,f,312,1555200,8,,2024-07-10 10:18:37,1b8ed94c-e15c-429a-9557-f0af4d64e04f
2246,WP2 Collaboration with SAE Initiative,2017-09-01,2019-08-31,f,312,518400,8,,2024-07-10 10:18:37,ce8443f7-e64c-4275-bd76-f5f3d4b3d673
2247,WP3 Outreach and strategy for SAE ecosystem,2017-09-01,2019-08-31,f,312,2851200,8,,2024-07-10 10:18:37,d4fb70ca-69dd-4edc-ad76-f38198542551
2248,WP4 Technology and Innovation radar,2017-09-01,2019-08-31,f,312,1036800,8,,2024-07-10 10:18:37,1ffcac19-cfea-413d-8a21-81fa7ce82115
2524,WP3 - Strengthening mobilisation capacity for value-creation,2018-10-01,2020-01-31,f,323,1555200,8,,2024-07-10 10:18:37,0d7db31e-e0e0-4ad2-bd82-5798d39a0afe
2260,SIG Overheads 2018,2018-01-01,2018-12-31,f,294,,8,,2024-07-10 10:18:37,8e6b5a7b-e0ee-4f02-ab0f-deb7c2fb8a7f
2149,WP M - Management 2017,2017-06-15,2017-12-31,f,311,2394000,9,2155,2024-07-10 10:18:37,bbd66338-caec-42dc-8339-eb9e782e315d
2033,T6.2 NNP Definition 2017,2017-10-01,2017-12-31,f,285,72000,8,2029,2024-07-10 10:18:37,2eea703b-165a-4c53-a284-f40e2b8f0725
463,WP8 Dissemination 2015 SEZ,2015-01-01,2015-12-31,f,184,1798200,2,,2024-07-10 10:18:37,8ef2bb5d-4f5e-4afc-a87d-03d25adf48d4
568,IMG: WP ABB Inno Workshop,2016-06-01,2016-07-31,f,259,,8,527,2024-07-10 10:18:37,68484ab6-099d-457c-93e7-34bd3de75cc0
2311,"D43.1 Webinar (4.500€, 0,5PM, 72 Std)",2018-04-01,2020-10-19,f,329,259200,8,2270,2024-07-10 10:18:37,ef1f8b6d-3e01-4a1f-bf4f-894d39644406
1861,T4.5 Project Meeting 1 (KoM),2016-12-01,2016-12-31,f,298,86400,8,1841,2024-07-10 10:18:37,34b210ed-60ef-4b99-8d8c-21ad8df01fd1
2083,EVENT: Moderation ARTEMIS Conference 05/2017,2017-01-01,2017-05-31,f,259,57600,8,602,2024-07-10 10:18:37,9f7ce1fc-d32f-42cb-8f11-89005b15b60f
2120,WP5 Strengthening 2016 Q4,2016-09-01,2016-12-31,f,287,237600,8,1977,2024-07-10 10:18:37,ab6e049e-7843-4a41-b318-aa5d0a91d0d3
2292,EU-KONFORM: Circular Farming (2017),2017-12-01,2017-12-31,f,259,,8,602,2024-07-10 10:18:37,fd938993-e56b-42ce-b6b1-128db4f50675
2316,"D46.3 Webinars (5.400€, 0,6PM, 87Std)",2018-04-01,2020-10-19,f,329,313200,8,2270,2024-07-10 10:18:37,b519c6c0-af68-4917-984d-022c2a55b026
2241,WP2 Stakeholders engagement and knowledge sharing platform,2018-01-01,2018-12-31,f,314,529200,8,2135,2024-07-10 10:18:37,be76654c-2a0f-4995-9799-9379f00dadae
2278,"WP1 (21.150€, 2,35 PM=338Std Std)",2017-10-20,2020-10-19,f,329,1216800,8,,2024-07-10 10:18:37,c65f7085-3d83-4217-b930-99b00a88d0ad
2279,"WP2 (11.250€ 1,25 PM = 180Std)",2017-12-20,2020-10-19,f,329,648000,8,,2024-07-10 10:18:37,9155dd2b-28d8-4eb1-a847-b147efe5ac7b
2206,Planung INN-BALANCE,2018-01-01,2020-12-31,f,297,,8,,2024-07-10 10:18:37,b9d42f3f-2aaf-4835-a942-a5f72eabd05d
3068,OH,2019-10-01,2019-11-30,f,486,,8,,2024-07-10 10:18:37,2a58b48e-1345-42ac-b074-e071e1f7ff90
2668,WP.4 Innovation tools,2018-07-01,2021-12-31,f,358,2685600,8,2592,2024-07-10 10:18:37,81deaa3d-5ee7-4ecf-b370-05da937d3d9a
2861,WP.5 Pilot initiative,2019-11-01,2021-12-31,f,358,705600,8,2592,2024-07-10 10:18:37,cebf8bb8-870d-43be-9084-1227e40bb6eb
2300,"D33.1 Identify projects´experiences (13.500€, 1,5PM, 216 Std)",2018-07-01,2020-10-19,f,329,777600,8,2280,2024-07-10 10:18:37,c7a635fc-1b14-430e-83c4-75fe459a889f
2329,2018: Training 1 x 1 (Zertifikatslehrgang),2018-01-01,2018-12-31,f,328,,8,,2024-07-10 10:18:37,298b9ce8-96db-459c-8602-0d36eaf91aa8
2387,T1.3 Motivate EEN - 2019,2019-01-01,2019-12-31,f,326,284400,8,2386,2024-07-10 10:18:37,2fa39cae-ee7c-4271-8cb7-4570424f6b1e
2388,WP1_2020,2020-01-01,2020-12-31,f,326,457200,8,2269,2024-07-10 10:18:37,3842480d-403f-46ff-af2d-682114ca4dc1
2272,WP3-Open Calls,2018-01-15,2021-01-14,f,326,3628800,8,,2024-07-10 10:18:37,a34ad8b4-a1fb-4650-828e-c02c6f9b9197
2399,WP5_2020,2020-01-01,2020-12-31,f,326,4233600,8,2274,2024-07-10 10:18:37,67f766a7-f204-40d1-a4c8-b05369912f9c
2342,1. Teilnahme an Sitzung VI - 2018,2018-04-01,2018-12-31,f,327,421200,8,2338,2024-07-10 10:18:37,27eecf45-e0da-4770-93ce-2e04fd685f9e
2287,WP Exchange of experience,2017-12-01,2019-03-31,f,332,,9,,2024-07-10 10:18:37,2292f58a-de8e-48b4-a077-0e4daf6c5a8b
2286,WP Management,2017-12-01,2021-03-30,f,332,576000,9,,2024-07-10 10:18:37,3972f23f-c60b-4594-bb50-62931194d5ac
2659,WP Communication und Dissemination,2017-12-01,2021-03-30,f,332,,9,,2024-07-10 10:18:37,e5a7c75b-dda6-4513-9f1b-4502b0e11589
2037,T5.2 Developing training programme 2019,2019-01-01,2019-03-31,f,285,288000,8,2025,2024-07-10 10:18:37,1feed9bc-c8f8-4310-a4b0-39f90b68cf73
2025,WP5 Business case validation 2019,2019-01-01,2019-03-31,f,285,878400,8,572,2024-07-10 10:18:37,c23a1e03-4764-4589-807b-3077982a6f62
1862,T1.1 and T2.1 - Developing WS and Challenger Project Material (2016),2016-12-01,2016-12-31,f,298,93600,8,1841,2024-07-10 10:18:37,80acbdc6-edde-4502-8f3f-101ce0f5e5a3
1460,WP08 Capacity building,2017-01-01,2019-05-31,f,266,5328000,8,,2024-07-10 10:18:37,d745c9d0-35de-4c95-be28-bf01f6e3e0aa
1834,D6.5 IPR Management,2017-01-01,2019-01-31,f,153,396000,8,1833,2024-07-10 10:18:37,5303e170-d6ab-49c9-a4a7-c60eee3c80f6
541,WP08 Capacity building 2016,2016-11-01,2016-12-31,f,266,90000,8,,2024-07-10 10:18:37,b101968c-aaca-4ea2-8c94-f5d8b00140bb
1124,"Task 7.7 Project website, 0,74 PM ab 2017",2017-01-01,2020-01-30,f,189,385200,9,1120,2024-07-10 10:18:37,c54df1a3-7b97-451a-bf01-c6f8a4e227b2
693,WP Selsus,2016-10-01,2016-10-31,f,259,,8,527,2024-07-10 10:18:37,15924457-f1bb-4227-9b3c-5887d28d8ad3
1787,"WP 6 - 2016 (5,23 PM)",2016-01-01,2016-12-31,f,183,2710800,9,598,2024-07-10 10:18:37,1ec25e76-b7c2-451d-be2b-67486625bc68
2086,WP1 - 2018,2018-01-01,2018-12-31,f,288,518400,8,1969,2024-07-10 10:18:37,6859f9fc-2151-40c9-a052-10784621ed0c
2034,T6.1.1 Mapping of actors 2017,2017-04-01,2017-05-31,f,285,126000,8,2032,2024-07-10 10:18:37,ac1adccf-e55a-4021-8318-8a25568b22d9
1896,"WP5 Dissemination/Communication '"Rest 2017'"",2017-04-01,2017-10-31,f,143,14400,8,628,2024-07-10 10:18:37,0401a57d-a655-4775-a718-dd5d742b54fb
2092,WP3 Com and diss - 2018,2018-01-01,2018-12-31,f,288,864000,8,1970,2024-07-10 10:18:37,efba6e51-043d-4d65-a33a-fe2ae4a12fbc
2031,WP6 Newbits Network 2019,2019-01-01,2019-03-31,f,285,180000,8,572,2024-07-10 10:18:37,ca7b8bf9-18c5-42eb-9a40-12854f7a34c3
2100,WP3 Com and diss - 2016,2016-10-01,2016-12-31,f,288,216000,8,1970,2024-07-10 10:18:37,f8422cf5-797c-4d7d-86a3-a8e33400343f
2019,T3.3 Benchmarking Innovation EU-US 2018,2018-01-01,2018-01-31,f,285,187200,8,2016,2024-07-10 10:18:37,1f366dbf-b5c1-48c7-bb7a-83e11f37231e
1960,T4.3 Linking with other CSAs,2017-01-01,2017-12-31,f,258,151200,8,1944,2024-07-10 10:18:37,26b26ea6-7d20-4c65-b937-0ef5945c6fba
2191,WP C - Communication 2020,2020-01-01,2020-08-31,f,311,748800,9,2161,2024-07-10 10:18:37,b5eb8a64-1bde-4b56-8d58-4a8cad32acca
1474,WP09 Communication,2017-01-01,2019-05-31,f,266,2991600,8,,2024-07-10 10:18:37,4b19b3ae-2b24-484a-8f5d-c9dc4d62cc17
2673,Mann+Hummel: Antragsbegleitung Stage 2,2018-04-01,2018-10-31,f,378,280800,8,,2024-07-10 10:18:37,f3c087df-741e-458b-a450-2afb40331113
2672,Treasurer,2018-01-01,2018-12-31,f,374,2394000,8,,2024-07-10 10:18:37,b006ba2e-21c4-4495-94d3-f753464d2e26
2196,WP3: Pilot operation,2018-12-01,2020-08-31,f,309,5443200,9,2193,2024-07-10 10:18:37,76ab7b69-fec8-4e32-ae01-1b11d3d9615a
2201,S2i Business 2018,2018-01-01,2018-12-31,f,259,,8,,2024-07-10 10:18:37,4fe1180b-7e60-45c7-ab99-ca60fa511b48
2186,WP C - Communication 2017,2017-07-01,2017-12-31,f,311,792000,9,2161,2024-07-10 10:18:37,077179da-71de-4c1d-aecc-e0f745c39fec
2216,WP4 Analysis of Procedures,2017-01-01,2019-06-30,f,300,1512000,9,,2024-07-10 10:18:37,87eaf519-f722-4743-9a32-03111864052d
2171,WP T2 - New trans. KET access services 2019 1. HJ,2019-01-01,2019-06-30,f,311,208800,9,2158,2024-07-10 10:18:37,250fa992-ea97-4de5-93d6-fdd119b0bba1
2159,WP T3 - Experimenting KET access services,2018-01-01,2020-02-28,f,311,7776000,9,,2024-07-10 10:18:37,a61c4249-9d52-417e-b20e-5088b49b7e7b
2177,WP T3 - Experimenting KET access services 2019 1. HJ,2019-01-01,2019-06-30,f,311,1944000,9,2159,2024-07-10 10:18:37,8c534de4-12c5-4f16-a7bd-5ae2a5ba3d4b
2182,WP T4 - Mainstreaming 2019 2. HJ,2019-07-01,2019-12-31,f,311,1245600,9,2160,2024-07-10 10:18:37,ef9bfeee-ee2b-4a58-93fe-0852b3cdd46a
2023,T4.2 Value Network Analysis,2018-01-01,2018-06-30,f,285,252000,8,2022,2024-07-10 10:18:37,118276c2-669b-4bd6-894e-0f95f8703258
2841,Agriplus-EIP-2021,2021-01-01,2021-12-31,f,396,,8,2741,2024-07-10 10:18:37,416b09eb-b82f-48d2-8992-c5ec6e801814
2993,WP0 IO,2019-09-01,2019-12-31,f,468,,8,,2024-07-10 10:18:37,ba37a9c6-4eff-41bb-b041-4da66bbb2dd2
1226,"WP5 REPLICABILITY PLAN TO THE FOLLOWERS - T5.2 Model for replication PM1,14",2017-01-01,2017-06-30,f,190,590400,9,1766,2024-07-10 10:18:37,7411b9ea-fbfa-4fb7-bcc1-5a1b15f13f15
1107,"subtask 9.5.2 Website  5,14 ab 2017",2017-01-01,2021-07-31,f,260,2664000,9,1105,2024-07-10 10:18:37,bf611647-e53c-41fe-b7ca-46bf4cebfb54
2471,Roadshow 1&2: 05/2018,2018-01-01,2018-06-30,f,288,,8,2089,2024-07-10 10:18:37,3dc98054-cf76-4538-a5e5-a566b3ad3954
1227,"WP6 DISSEMINATION & COMMUNICATION ACTIVITIES PM 6,8 ab 2017",2017-01-01,2019-12-31,f,190,3520800,9,1766,2024-07-10 10:18:37,78ba3be8-60f9-435f-908c-ec6843073dd4
2395,WP2_2020,2020-01-01,2020-12-31,f,326,1836000,8,2271,2024-07-10 10:18:37,4cbe2caf-0ae8-4c8f-be5f-94cd40b14b0b
2249,WP5 Comm. dissem. explot.,2017-09-01,2019-08-31,f,312,1814400,8,,2024-07-10 10:18:37,eda770c4-e788-47a8-952a-c7516ad35055
566,WP11 Management 2016,2016-06-01,2016-12-31,f,266,1414800,8,,2024-07-10 10:18:37,ee3a875b-13bd-4755-9291-bafec5cf98ad
1850,T1.5 Updating the Photonics WS Material (2/2),2019-05-01,2019-05-31,f,298,108000,8,1843,2024-07-10 10:18:37,ce3753e0-8fc9-4060-9f4f-05d52404bec0
2121,WP5 Strengthening 2017 Q1,2017-01-01,2017-03-31,f,287,194400,8,1977,2024-07-10 10:18:37,8306c79f-b08d-43d6-beeb-abb682035554
2253,WP3 2017,2017-09-01,2017-12-31,f,312,216000,8,2247,2024-07-10 10:18:37,908ac1e9-597c-4522-85ee-87928dac6597
2242,WP3 Benchmark of innovative refurbishment packages & business models,2018-01-01,2018-12-31,f,314,727200,8,2135,2024-07-10 10:18:37,eabe13d1-b6df-4821-8b51-c8b4f7ff8416
2243,WP5 Promotion of new business models and validation through business cases,2018-01-01,2018-12-31,f,314,777600,8,2135,2024-07-10 10:18:37,9fb99d14-ec50-41cf-b2a3-8d393d44a49b
2244,"WP6 Communication, Dissemination and Exploitation of project results",2018-01-01,2018-12-31,f,314,2152800,8,2135,2024-07-10 10:18:37,5b03e0ad-8529-4621-bbae-0c486388fe18
1479,WP10 Dissem. & Exploit.,2017-01-01,2019-05-31,f,266,7329600,8,,2024-07-10 10:18:37,e864d2bd-4ab9-4b55-af36-0a99bfbb74b9
1495,WP11 MGT,2017-01-01,2019-07-31,f,266,5806800,8,,2024-07-10 10:18:37,504ad6f7-9431-4a34-822c-0e86cbb979db
1501,T11.4 Tel Co + Emdesk,2017-01-01,2019-05-31,f,266,1231200,8,1495,2024-07-10 10:18:37,19b30e52-45d1-4195-ad79-e241d5e3d545
1275,T9.3 Materials Diss.,2017-01-01,2019-05-31,f,266,1047600,8,1474,2024-07-10 10:18:37,d4085bb2-c734-4f3f-8447-e34eef55c753
2293,EU-Konform: Mann+Hummel RIA 1st stage (2017),2017-12-01,2017-12-31,f,259,,8,602,2024-07-10 10:18:37,75f03bc0-02f4-46e9-80b3-225516a56f11
2302,"D42.1 D&C Plan (142.350€, 16PM, 2278Std)",2017-10-20,2020-10-19,f,329,8200800,8,2270,2024-07-10 10:18:37,24879b36-4a7e-44e7-8a02-e9573f54624e
2296,"D31.2 Publication on Projects results and lessons learned (2.580€, 0,29PM, 42",2019-09-01,2020-10-19,f,329,151200,8,2280,2024-07-10 10:18:37,cf43d0dd-7af0-40df-a5cf-3471208a89cc
2304,"D42.3 Flyer & business cards (9.900€, 1,1PM, 158 Std)",2017-10-20,2020-10-19,f,329,568800,8,2270,2024-07-10 10:18:37,4e840f00-6aca-4018-bddf-c14e13f17e0f
2305,"D42.4 Brochure (27.000€, 3PM, 432 Std)",2018-01-01,2018-12-31,f,329,1555200,8,2270,2024-07-10 10:18:37,f479e279-2c21-4aac-b190-331517f1b199
2301,"D41.1 Update website (36.000€, 4PM, 576 Std)",2017-10-20,2020-10-19,f,329,2073600,8,2270,2024-07-10 10:18:37,e32682ec-d365-4083-82a2-b9244d39c1a0
2306,"D42.5 Videos (22.500€,2,5PM, 360Std)",2018-04-01,2020-03-31,f,329,1296000,8,2270,2024-07-10 10:18:37,36a9c895-a0e7-4f1e-87bd-eaf2d4ff5fcc
2307,"D42.6 Posters and roll-ups (6.750€, 0,75PM, 108Std)",2018-04-01,2020-03-31,f,329,388800,8,2270,2024-07-10 10:18:37,009798e6-6852-46bf-b6dd-8ef2b8dcdca5
2317,"D46.4 Presentations in conferences (8.100€, 0,9PM, 130Std)",2018-01-01,2020-10-19,f,329,468000,8,2270,2024-07-10 10:18:37,ca00cce7-dd4e-4bc1-a8e2-9d914a476667
2312,"D44.1 Project coordinators´meetings (xx€, xxPM, xxStd)",2018-01-01,2020-10-19,f,329,,8,2270,2024-07-10 10:18:37,0f4830e8-ba81-4f01-86d6-3ddd08330913
2270,"WP4 (402.100€; 45 PM, 6434 Std)",2017-10-20,2020-10-19,f,329,23162400,8,,2024-07-10 10:18:37,b0493737-af5a-42b4-a2e9-1cfff5dabfb6
2849,Antragstellung 2019,2019-02-04,2019-04-25,f,421,,8,,2024-07-10 10:18:37,e2a6c4a8-c6e2-4890-a224-8ce2c5f59dad
2460,Antragsbegleitung Stage 1,2017-12-01,2018-05-28,f,346,275400,8,,2024-07-10 10:18:37,113f4332-f69e-4fc7-9428-f929a965e427
2330,Positionsbestimmung 2018,2018-01-01,2021-12-31,f,325,892800,8,2804,2024-07-10 10:18:37,2eb33a05-c43a-444b-89ef-5c45107966d0
2401,WP4_2020,2020-01-01,2020-12-31,f,326,1116000,8,2273,2024-07-10 10:18:37,015e6ae7-0303-4ed7-9cee-946345647b42
2269,WP1-Stakeholder Motivation,2018-01-15,2021-01-14,f,326,2692800,8,,2024-07-10 10:18:37,7244a720-9a2d-44d0-9ca6-340a678cdc5a
2358,WP 08 - 2018 (26296 € = ca. 600 h),2018-01-01,2018-12-31,f,183,2160000,9,2205,2024-07-10 10:18:37,e77ee563-0e7b-4ed4-bfcf-785efdebdbc6
2374,T7.2_Web,2018-01-01,2018-03-31,f,285,21600,8,2050,2024-07-10 10:18:37,9a5e1c70-84aa-4cef-8ac7-a59e790ec155
2377,T7.2_Web,2018-10-01,2018-12-31,f,285,21600,8,2050,2024-07-10 10:18:37,10b0f61e-228e-4993-b88d-4716fe1d9feb
2994,Training H2020,2019-08-01,2019-11-30,f,464,,8,,2024-07-10 10:18:37,98a6473c-e185-4abb-9f1d-a3877d2ba3ba
2361,T7.1_Press Release #5,2018-10-01,2018-12-31,f,285,43200,8,2003,2024-07-10 10:18:37,551dd6ee-51c3-469c-8f11-2bd298024022
2362,T7.1_Newsletter#3,2018-01-01,2018-03-31,f,285,86400,8,2003,2024-07-10 10:18:37,b8e7cca9-768c-49ca-b870-418591b30291
2363,T7.1_Newsletter#4,2018-04-01,2018-06-30,f,285,86400,8,2003,2024-07-10 10:18:37,2ac1992e-66b1-4f93-98d6-0eb5862f7d85
2569,Planung 2021 (später löschen),2021-01-01,2021-06-30,f,317,,9,,2024-07-10 10:18:37,4eaa2a29-697b-430f-acdf-3beaba70656f
1008,"WP 7 Dissemination, communication, exploitation and market deployment 20PM ab 2017",2017-01-01,2019-02-28,f,239,10368000,9,1758,2024-07-10 10:18:37,0239d951-4746-4349-aad9-b832532b24c2
2366,T7.1_Webinars,2018-04-01,2018-12-31,f,285,172800,8,2003,2024-07-10 10:18:37,cd98aec1-de5b-4154-bd84-ee09ada4a3a4
2369,T7.1_SocMed+DAR,2018-07-01,2018-09-30,f,285,64800,8,2003,2024-07-10 10:18:37,5bb38ba1-64c6-4dca-9532-840690349688
2381,Periodic Report #1,2018-04-01,2018-06-30,f,285,129600,8,2062,2024-07-10 10:18:37,bd484f1c-e973-4511-9d0a-246c987c3681
1989,D6.7: Patent Search/Tech Watch 2018,2018-05-01,2018-06-30,f,139,126000,8,1979,2024-07-10 10:18:37,c7e2d944-1907-4fbf-acdc-02cf52a4cde4
2972,Planung 2020 (später löschen),2020-01-01,2020-12-31,f,301,,8,,2024-07-10 10:18:37,cd9335c6-2af8-4b8a-84fa-00487bfbb1e2
2346,5. Internetpräsenz - 2018,2018-04-01,2018-12-31,f,327,244800,8,2338,2024-07-10 10:18:37,aca75fc3-05de-4d5f-b656-b0d8a19a4677
2288,WP Exchange of experience 2017,2017-12-01,2017-12-31,f,332,,9,,2024-07-10 10:18:37,0f89e600-86cd-46bc-a6f0-5d59b687a4a3
2402,T5.1 Admin,2018-01-15,2018-12-31,f,326,3628800,8,2328,2024-07-10 10:18:37,c25079ae-d52d-4f4d-8c5f-20204c7edab8
2405,T5.2 Finance+Reporting,2018-01-15,2018-12-31,f,326,518400,8,2328,2024-07-10 10:18:37,3379e857-e3aa-4ec4-8b08-591cd7625615
1961,T4.4 Best practices handbook,2017-09-01,2017-12-31,f,258,777600,8,1944,2024-07-10 10:18:37,33b8e32f-0947-4e68-ad9e-bfdb2eb5c321
1098,subtask 9.3.1 Roadmap of exp product...through feasible business cases 6PM,2017-08-01,2019-01-31,f,260,3110400,9,1095,2024-07-10 10:18:37,cb8a700d-35e5-4358-a97f-5d999b0764f1
1990,D6.8: Finance Report 2018,2018-01-01,2018-02-28,f,139,288000,8,1979,2024-07-10 10:18:37,70b87719-9021-4937-906d-12c0d3ca579d
1851,T2.1 Developing Photonics Challenger Projects Material,2017-01-01,2017-05-31,f,298,540000,8,1844,2024-07-10 10:18:37,06821f0d-0091-47f4-86d3-6bc5da250130
1897,WP6 Project Mgt Q1 2017,2017-01-01,2017-03-31,f,143,,8,628,2024-07-10 10:18:37,3cb159dd-e957-4da7-8518-ba0d88820b7c
1655,Task 3.3 (contribution),2017-06-01,2020-12-31,f,301,777600,8,609,2024-07-10 10:18:37,cc4968a7-8fbe-4123-858e-e53b7d44d057
611,WP5 (6PM) Financial Needs,2017-08-01,2020-12-31,f,301,3110400,8,,2024-07-10 10:18:37,337d8376-515c-4531-a085-93d0ac821c27
1666,Task 6.1 (contribution),2017-08-01,2018-01-31,f,301,2592000,8,612,2024-07-10 10:18:37,f4a3bfab-4417-4b06-8cee-f0eb5963d4fd
2087,WP1 - 2019,2019-01-01,2019-09-30,f,288,388800,8,1969,2024-07-10 10:18:37,74fc0d40-0684-4924-a41f-48ea8fe106e3
1670,Task 7.2 - S2i Task leader,2017-12-01,2020-12-31,f,301,2592000,8,613,2024-07-10 10:18:37,08152da6-2f8d-4d27-81d2-345092d6346f
2093,WP3 Com and diss - 2019,2019-01-01,2019-09-30,f,288,648000,8,1970,2024-07-10 10:18:37,852e522b-702a-4c8b-b477-4cc194d0f654
1835,D6.6 Tech watch,2017-01-01,2018-06-30,f,153,950400,8,1833,2024-07-10 10:18:37,65929c5c-87f4-40c4-babc-bbd7063858d6
2016,WP3 Holistic Intelligence Process 2018,2018-01-01,2018-01-31,f,285,187200,8,572,2024-07-10 10:18:37,7ecab763-1b0e-4cc8-bdb1-e55e18db14bd
1322,T8.3 Management of IP: IPR exploitation workshops and development of exploitation strategies,2017-01-01,2017-12-31,f,184,180000,8,1424,2024-07-10 10:18:37,8a6613b0-9446-455b-9c24-9dc3443f9c2a
2160,WP T4 - Mainstreaming,2019-07-01,2020-08-31,f,311,3110400,9,,2024-07-10 10:18:37,19eab5a3-5236-4c10-ac7d-9e40b52a01f8
1542,"WP01 Project Management 2017 - [7,39PM f2017-18]",2017-01-01,2018-12-31,f,261,3830400,8,1761,2024-07-10 10:18:37,388f2960-fdb9-4631-86db-87fc718b0b44
2197,WP4: Business planning,2017-09-01,2020-08-31,f,309,3110400,9,2193,2024-07-10 10:18:37,68a3f599-e06f-4e6c-8614-048f604f743c
2153,WP M - Management 2019 1. HJ,2019-01-01,2019-06-30,f,311,1195200,9,2155,2024-07-10 10:18:37,3421dbd6-8b77-4f9c-b281-fe6b2c850893
2187,WP C - Communication 2018 1. HJ,2018-01-01,2018-06-30,f,311,745200,9,2161,2024-07-10 10:18:37,0424a2f0-966e-48c2-be04-09c439d8306d
2166,WP T1 - KET Ecosystem Analysis 2018 2. HJ,2018-07-01,2018-12-31,f,311,518400,9,2157,2024-07-10 10:18:37,a3054396-9aea-441b-910d-e448377d8e12
2178,WP T3 - Experimenting KET access services 2019 2. HJ,2019-07-01,2019-12-31,f,311,1944000,9,2159,2024-07-10 10:18:37,57d83d21-8e11-44bf-8d31-4bccb2543a2a
2254,WP5 2017,2017-09-01,2017-12-31,f,312,216000,8,2249,2024-07-10 10:18:37,f4f5003b-3b3d-467d-ac47-513cc974da25
2250,WP6 Project mgt.,2017-09-01,2019-08-31,f,312,648000,8,,2024-07-10 10:18:37,2e2af5a5-7576-4d40-97e8-36a51f8151ae
2122,WP5 Strengthening 2017 Q2,2017-04-01,2017-06-30,f,287,201600,8,1977,2024-07-10 10:18:37,c66f4325-676d-4e9d-bdbc-549aee625ea1
2303,"D42.2 PPT (9000€, 1PM, 144 Std)",2017-10-20,2020-10-19,f,329,518400,8,2270,2024-07-10 10:18:37,8e0708cb-6e72-4f87-b4a7-aae7b960eebe
2308,"D42.7 Presence at stands.. (22.500€, 2,5PM, 360 Std)",2017-10-20,2020-10-19,f,329,1296000,8,2270,2024-07-10 10:18:37,6d85f0be-c468-40e9-b89e-4fe0ad619982
2397,WP3_2020,2020-01-01,2020-12-31,f,326,1328400,8,2272,2024-07-10 10:18:37,99794bc7-2e55-4e91-a7fa-b625fb66c7b4
2660,Identification of EU SMEs ready for scaling-up,2017-07-01,2018-12-31,f,305,,8,,2024-07-10 10:18:37,d86e577d-c07d-4138-aec6-9fd93382ed25
2043,T6.2 NNP Definition 2019,2019-01-01,2019-03-31,f,285,72000,8,2031,2024-07-10 10:18:37,daabcb0b-ec29-441b-b546-f4b1f839748f
2400,WP4_2019,2019-01-01,2019-12-31,f,326,1108800,8,2273,2024-07-10 10:18:37,0585fa46-8246-419b-9303-244ee56cc876
2318,"D47.1 session contributions  (18.000€, 2PM, 288Std)",2018-01-01,2019-10-19,f,329,1036800,8,2270,2024-07-10 10:18:37,9313546a-53c2-4e44-b2f6-313b64e62cb3
643,WP9 Communication GmbH 2016,2016-01-01,2016-12-31,f,184,658800,8,,2024-07-10 10:18:37,cfcddead-5c7b-4e19-ade9-c65fa394c494
2313,"D45.1 Statistics support (3.600€, 0,4PM, 58Std)",2018-01-01,2020-10-19,f,329,208800,8,2270,2024-07-10 10:18:37,5673eab6-67af-4426-a508-d9e295b080dc
2024,WP5 Business case validation 2018,2018-04-01,2018-12-31,f,285,1389600,8,572,2024-07-10 10:18:37,b4183cda-3e4a-4850-937c-5738b582384a
2354,EUB Unterauftrag S2i 2017,2017-01-01,2017-12-31,f,121,,8,,2024-07-10 10:18:37,de5b5328-b1da-48c7-9911-edcc49295b19
2356,"WP 05 - 2018 (34259,37 € = ca. 650 h)",2018-01-01,2018-12-31,f,183,2340000,9,2205,2024-07-10 10:18:37,28f9d6f6-c836-4ab3-a9a4-cee3a1bcbb60
2355,WP 06 - 2018 (76473 € = ca. 1600 h),2018-01-01,2018-12-31,f,183,5760000,9,2205,2024-07-10 10:18:37,89d1fa82-26b8-4dc3-8f09-8917bdbc49b7
2375,T7.2_Web,2018-04-01,2018-06-30,f,285,21600,8,2050,2024-07-10 10:18:37,f1243acb-e861-4221-906c-87def64862bd
2009,D7.3 DMP_Interim,2018-01-01,2018-03-31,f,285,144000,8,2004,2024-07-10 10:18:37,3bbf38e6-d6de-4991-8ce3-998d14e4478a
2390,T1.4 Motivate SME,2018-01-01,2018-12-31,f,326,172800,8,2323,2024-07-10 10:18:37,080a5b6c-6bf7-4162-b773-72004f68401b
2364,T7.1_Newsletter#5,2018-10-01,2018-12-31,f,285,86400,8,2003,2024-07-10 10:18:37,1e22739c-8814-403b-a6a9-e4344600a9b4
1006,WP 6.3 Platform Validation and Demonstration on Technical and Societal levels 2PM ab 2017,2017-01-01,2019-02-28,f,239,1036800,9,1758,2024-07-10 10:18:37,a32dfba0-5f04-4a34-b267-6a90659b6066
2360,T7.1_Press Release #4,2018-04-01,2018-06-30,f,285,43200,8,2003,2024-07-10 10:18:37,fb1b6dc6-e660-49ff-95b4-26bb764aeb99
2367,T7.1_SocMed+DAR,2018-01-01,2018-03-31,f,285,64800,8,2003,2024-07-10 10:18:37,7749b1b0-ee81-409a-b46a-249922943e17
2370,T7.1_SocMed+DAR,2018-10-01,2018-12-31,f,285,64800,8,2003,2024-07-10 10:18:37,3db75001-dd1a-4d10-9828-38caa8073f77
2372,T7.1_Final Conference,2018-10-01,2018-12-31,f,285,446400,8,2003,2024-07-10 10:18:37,39701628-2622-4c96-ac6f-e7ac15408eca
2378,T7.5_Interim,2018-04-01,2018-06-30,f,285,36000,8,2056,2024-07-10 10:18:37,3034e02f-e7d3-4e61-9152-96e715c80ce9
2351,Positionsbest. CI1 - 2018,2018-01-01,2018-06-30,f,325,446400,8,2330,2024-07-10 10:18:37,b5db0fe2-062b-422f-8055-307b6cd479ba
2382,Review Meeting,2018-07-01,2018-09-30,f,285,64800,8,2062,2024-07-10 10:18:37,e53cc067-f68d-4aa6-ae04-54b90fb95ac9
2383,WP8: Coordination 2017,2017-01-01,2017-12-31,f,139,,8,1980,2024-07-10 10:18:37,9370fc6f-5529-4583-996e-dcafe15ca549
2408,T5.3 Quality+Risk,2018-01-15,2018-12-31,f,326,345600,8,2328,2024-07-10 10:18:37,671b7ace-b964-460e-9e5c-0dfc29f367fe
2420,T2.7 Toolbox - 2019,2019-01-01,2019-12-31,f,326,259200,8,2394,2024-07-10 10:18:37,d3f2a364-02f7-46d7-908b-f24a47004d7b
2414,T2.4 KET Facilitators,2018-01-15,2018-03-14,f,326,259200,8,2325,2024-07-10 10:18:37,ffb3f7d8-ebd3-47c9-bb74-52819623905c
2415,T2.5 Matching,2018-01-15,2018-12-31,f,326,129600,8,2325,2024-07-10 10:18:37,cddd9d95-3cd0-4360-8454-f9f8162c1e2a
1424,WP08 Dissemination GmbH 2017,2017-01-01,2017-12-31,f,184,5194800,8,,2024-07-10 10:18:37,5033eb71-6faf-411e-b337-0a5714dc801d
2417,T2.6 QualityM,2018-01-15,2018-12-31,f,326,187200,8,2325,2024-07-10 10:18:37,c8be3492-d573-4b31-94df-c8e848a43457
2995,Training Innovation Management,2019-08-01,2019-11-30,f,465,,8,,2024-07-10 10:18:37,c5dc2e57-7c0a-4b0d-ae56-7a34c4983898
2428,T3.2 External Eval,2018-01-15,2018-12-31,f,326,345600,8,2326,2024-07-10 10:18:37,fa569e42-af5a-453f-a39e-36de06a8e41a
2432,T3.3 MicroGrant GA,2018-07-01,2018-12-31,f,326,180000,8,2326,2024-07-10 10:18:37,fa96088f-7dc1-4ff0-9ab8-bd6f23e30edd
2436,T3.4 MicroGrant Eva,2018-07-01,2018-12-31,f,326,136800,8,2326,2024-07-10 10:18:37,758d5186-bf6a-4b68-b530-ba0067f3e784
2439,T4.1 DCP,2018-01-15,2018-12-31,f,326,259200,8,2327,2024-07-10 10:18:37,28d44a9e-4d20-410b-bf56-3866db41e451
2442,T4.2 Success Stories,2018-06-01,2018-06-30,f,326,28800,8,2327,2024-07-10 10:18:37,b2e58743-f43e-4807-a4d4-8cd8cb963ac9
2443,T4.2 Success Stories,2018-07-01,2018-12-31,f,326,115200,8,2327,2024-07-10 10:18:37,0d20a5e4-17ba-440b-941c-dce59ebc608a
2446,T4.3 Events,2018-01-15,2018-12-31,f,326,187200,8,2327,2024-07-10 10:18:37,eef4e866-4653-4e8d-8151-8258426f09ab
2449,T4.4 Liasing,2018-10-01,2018-12-31,f,326,86400,8,2327,2024-07-10 10:18:37,212e74e5-9a02-43fb-86d4-c600cc11fcda
2447,T4.3 Events-2019,2019-01-01,2019-12-31,f,326,187200,8,2400,2024-07-10 10:18:37,1e850017-9f2b-4b92-a4dc-349a62c78d00
2450,T4.4 Liasing-2019,2019-01-01,2019-12-31,f,326,345600,8,2400,2024-07-10 10:18:37,47f830d3-69bb-4ff2-bc94-5e06857c550f
2403,T5.1 Admin-2019,2019-01-01,2019-12-31,f,326,3110400,8,2398,2024-07-10 10:18:37,b610f270-8adc-456e-b5ee-925bcb2ed4bd
2406,T5.2 Finance+Reporting 2019,2019-01-01,2019-12-31,f,326,777600,8,2398,2024-07-10 10:18:37,a17515b9-400d-430b-8d3f-299feec2b5c3
2392,T1.4 Motivate SME-2020,2020-01-01,2020-12-31,f,326,172800,8,2388,2024-07-10 10:18:37,5c0d3423-4c92-4490-ab82-c0d96a19f040
2419,T2.6 QualityM-2020,2020-01-01,2020-12-31,f,326,194400,8,2395,2024-07-10 10:18:37,a338735e-f863-4d45-8f87-9b5f036e1597
2430,T3.2 External Eval-2020,2020-01-01,2020-12-31,f,326,345600,8,2397,2024-07-10 10:18:37,a6641439-714c-4192-92b8-748adf580c26
2434,T3.3 MicroGrant GA-2020,2020-01-01,2020-12-31,f,326,414000,8,2397,2024-07-10 10:18:37,075a23e6-0944-45c2-8d0c-3e1025e89dce
2438,T3.4 MicroGrant Eva-2020,2020-01-01,2020-12-31,f,326,309600,8,2397,2024-07-10 10:18:37,36ee0699-124c-476c-a9f0-9f8184a640e6
2441,T4.1 DCP-2020,2020-01-01,2020-12-31,f,326,259200,8,2401,2024-07-10 10:18:37,ece6fb2c-176f-4678-801e-639bafac7ddc
2445,T4.2 Success Stories-2020,2020-01-01,2020-12-31,f,326,316800,8,2401,2024-07-10 10:18:37,884582bc-98f4-4ef5-b9f0-c5e81bcf8a7c
2448,T4.3 Events-2020,2020-01-01,2020-12-31,f,326,194400,8,2401,2024-07-10 10:18:37,3f36e7f7-6718-438a-8385-b19faf4f00c1
2410,T5.3 Quality+Risk-2020,2020-01-01,2020-12-31,f,326,345600,8,2399,2024-07-10 10:18:37,477e3ccb-dbb6-4f8e-b869-f285a6bbe453
2851,SIG FlexSt 2020,2020-01-01,2020-12-31,f,318,,9,,2024-07-10 10:18:37,1a00096b-42a7-4576-b293-c7d2ea5c9674
2996,WP1 Auswahl Pilotprojekte,2019-06-21,2020-05-31,f,462,,9,,2024-07-10 10:18:37,571711c7-2e5f-4197-aa6c-ace6ea2ea92c
2347,ClusterAgentur 2018-2021 (#720443),2018-01-01,2021-12-31,f,325,10512000,8,,2024-07-10 10:18:37,55ae1c93-266b-4243-bfe3-1d9be1c6e449
2422,T2.8 BusinessPlan - 2019,2019-01-01,2019-12-31,f,326,777600,8,2394,2024-07-10 10:18:37,59ac10b1-36b1-4584-bcab-0bb38a2da030
2472,Road Mapping - 2018,2018-01-01,2018-12-31,f,325,205200,8,2804,2024-07-10 10:18:37,f8289f4b-7179-42a4-be35-4584160eb551
2623,WP0 GK,2018-01-01,2018-12-31,f,295,,8,,2024-07-10 10:18:37,2abc1bd2-8074-4a72-bef7-774aa8263285
1836,T6.4 SCIS Reporting and benchmarking (D6.7),2017-04-01,2018-12-31,f,153,1656000,8,1819,2024-07-10 10:18:37,5207e45d-6f49-4b2d-924e-1788fae0a876
1991,D6.9: Cooperation Agreements 2018,2018-01-01,2018-02-28,f,139,288000,8,1979,2024-07-10 10:18:37,50563cbb-966a-4784-af7a-eaf0f116a0a4
1898,"WP6 Project Mgt '"Rest 2017'"",2017-04-01,2017-10-30,f,143,61200,8,628,2024-07-10 10:18:37,1ccd3aca-af68-4232-b598-a5c21b1b1059
1962,T5.1 - T5.4 Communication activities - Updates,2017-01-01,2017-12-31,f,258,432000,8,1946,2024-07-10 10:18:37,258fba26-0830-4127-9304-c8929e1f191b
814,"task 1.1 Smart People Smart People, M1-36, 2 PM",2016-12-01,2019-11-30,f,290,1036800,9,811,2024-07-10 10:18:37,810ee62c-d1d9-42cd-8908-23c68f9b88e9
2094,WP4 Sustainability and expl. - 2017,2017-01-01,2017-12-31,f,288,720000,8,1971,2024-07-10 10:18:37,f93f742f-67c6-4d42-a8f8-36bb8aa9522a
2284,Unterstützung Pole 1,2017-12-01,2019-11-30,f,333,2257200,9,,2024-07-10 10:18:37,fcb0cc8b-de32-49b5-837b-fd7959222134
2123,WP5 Strengthening 2017 Q3,2017-07-01,2017-09-30,f,287,201600,8,1977,2024-07-10 10:18:37,25184d72-11a7-467a-9c0f-637cce15fe17
2088,Task 2.5: 9 eHealth Roadshows - 2017,2017-01-01,2017-12-31,f,288,2750400,8,1997,2024-07-10 10:18:37,07b6bc6c-4d4e-4cb9-8843-8c087750b2c0
2003,T7.1 Diss+Comm,2018-01-01,2018-12-31,f,285,1332000,8,2000,2024-07-10 10:18:37,eabc3747-1380-4d5f-80de-dcb04ee267be
1853,T2.3 Field Tests of Photonics  Challenger Projects (15 Teilnehmer),2017-06-01,2018-03-31,f,298,658800,8,1844,2024-07-10 10:18:37,567c2461-f5f2-4d68-91a9-8585001d2efa
2161,WP C - Communication,2017-07-01,2020-08-31,f,311,3780000,9,,2024-07-10 10:18:37,35afceca-11e6-4456-b702-221e3f8fd607
1688,"T4.1, T4.2, T4.3, T4.4 (2017)",2017-01-01,2017-12-31,f,296,817200,8,1674,2024-07-10 10:18:37,443c9db0-155c-4cdf-8bb7-2c1d143c71d6
2154,WP M - Management 2020,2020-01-01,2020-08-31,f,311,1263600,9,2155,2024-07-10 10:18:37,62a9c4d4-2791-421c-b059-d912f7c95a59
2198,WP5: Stakeholder engagement,2017-09-01,2020-08-31,f,309,2332800,9,2193,2024-07-10 10:18:37,e3694292-bb46-4be9-baba-9fbbc5be8198
2543,EVENT: WM Symposium TeRess,2018-02-01,2018-07-31,f,351,972000,8,,2024-07-10 10:18:37,a48a3a6c-8c95-49c8-89b6-f21041243f71
2251,WP2 2017,2017-09-01,2017-12-31,f,312,108000,8,2246,2024-07-10 10:18:37,d37a57ba-7677-416d-98eb-5881388fd98c
1702,WP6 MGT,2017-01-01,2018-10-31,f,296,104400,8,,2024-07-10 10:18:37,a72388d4-3d18-4821-bbc2-233a31ef4e18
2255,WP6 2017,2017-09-01,2017-12-31,f,312,126000,8,2250,2024-07-10 10:18:37,d9f11b50-d99e-4046-aa41-b57e3671d11a
2298,"D32.2 Publication on solutions/technologies ... (xx€, xxPM, xx Std)",2019-09-01,2020-10-19,f,329,,8,2280,2024-07-10 10:18:37,dd8a0c21-9e1c-4f82-994d-4e556fca4e1b
1705,WP1 Technology Analysis,2016-09-01,2019-08-31,f,283,1036800,8,,2024-07-10 10:18:37,ac1a2dcf-ce57-47af-9d64-e14de52f6ed2
1707,WP3 Analysis of Projects,2016-09-01,2019-08-31,f,283,259200,8,,2024-07-10 10:18:37,57efaf14-2c79-4bf4-86f0-e3e82f93a147
1709,WP5 Cross cutting,2016-09-01,2019-08-31,f,283,518400,8,,2024-07-10 10:18:37,3227e0cb-3b79-4aff-8416-972545079302
1710,WP7 Dissemination,2016-09-01,2019-08-31,f,283,1814400,8,,2024-07-10 10:18:37,20db4ef4-9a9c-440f-914e-3ffcab09969b
2314,"D46.1 Training sessions (12.600€, 1,4PM, 202Std)",2018-01-01,2020-10-19,f,329,727200,8,2270,2024-07-10 10:18:37,a28946ee-8a81-4a98-b807-a692f39392eb
2167,WP T1 - KET Ecosystem Analysis 2020,2020-01-01,2020-08-31,f,311,259200,9,2157,2024-07-10 10:18:37,48250804-47a2-4dad-b445-c8dcc426e124
2319,"D47.2 Final conference (40.500€4,5PM, 648Std)",2019-10-01,2020-10-19,f,329,2332800,8,2270,2024-07-10 10:18:37,ebf75025-c9b1-4f41-9c7e-451ffc87caeb
2661,"Cooperation with local stakeholders, organizations and programmes",2017-07-01,2018-12-31,f,305,,8,,2024-07-10 10:18:37,27f9dbeb-ab07-420b-a8be-b01c4b3e8c96
2309,"D42.8 Newsletters (27.000€, 3PM, 432Std) 60 in 2017",2017-10-20,2020-10-19,f,329,1555200,8,2270,2024-07-10 10:18:37,4f82ecda-08eb-4490-98d3-96f8b7a71f2f
2173,WP T2 - New trans. KET access services 2020,2020-01-01,2020-08-31,f,311,417600,9,2158,2024-07-10 10:18:37,b76248eb-0444-4c91-a5a0-374b29e8829a
2345,4. Ansprechpunkt BW - 2018,2018-04-01,2018-12-31,f,327,248400,8,2338,2024-07-10 10:18:37,73da85a1-cd57-4ba6-a109-91a12db17f34
2670,Training 11.7.2018,2018-06-01,2018-08-31,f,340,,8,,2024-07-10 10:18:37,eed8edff-87b8-4ca5-bc58-ec45f52d3dce
2352,Positionsbest. CI2 - 2018,2018-07-01,2018-12-31,f,325,446400,8,2330,2024-07-10 10:18:37,7be3cb4f-b79c-4352-a522-dc82fb9e2cc3
2188,WP C - Communication 2018 2. HJ,2018-07-01,2018-12-31,f,311,745200,9,2161,2024-07-10 10:18:37,170fcd42-ed27-4d63-8ba7-faa1f0bfbda6
2179,WP T3 - Experimenting KET access services 2020,2020-01-01,2020-08-31,f,311,1555200,9,2159,2024-07-10 10:18:37,48f3f32e-c0e1-44fe-aebb-d28d06c4b952
1674,WP4 Collaboration,2016-11-01,2018-10-31,f,296,1630800,8,,2024-07-10 10:18:37,e29116a0-071f-41b4-9251-3d984d49de4e
2473,Roadshow 3: 09/18,2018-02-01,2018-12-31,f,288,,8,2089,2024-07-10 10:18:37,330e2c8c-4fee-4d72-bb30-ef9b894b1992
2804,ClusterAgentur 2018,2018-01-01,2018-12-31,f,325,,8,2347,2024-07-10 10:18:37,96983bfa-2ccf-4fb4-9bdb-b537633527ea
1696,"T5.1, T5.2, T5.3 (2017)",2017-01-01,2017-12-31,f,296,777600,8,845,2024-07-10 10:18:37,3e472ad9-8326-4d46-ac7c-148cb1df87ab
1694,"T5.4, T5.7 (2017)",2017-01-01,2017-12-31,f,296,108000,8,845,2024-07-10 10:18:37,2c8e1b6d-c5e3-4cad-a2a3-eb69cd443d4e
1708,WP4 Scenario building,2017-04-01,2019-08-31,f,283,777600,8,,2024-07-10 10:18:37,a3b94338-f8b0-4ea0-98ff-ff18b08d70fa
1759,OptEEmAL,2015-09-01,2019-02-28,f,239,18144000,9,,2024-07-10 10:18:37,32817447-4945-4b31-a020-52455f31eca7
2416,T2.5 Matching - 2019,2019-01-01,2019-07-14,f,326,129600,8,2394,2024-07-10 10:18:37,9d41d240-deb6-407d-b16d-f7311363ede4
2418,T2.6 QualityM - 2019,2019-01-01,2019-12-31,f,326,187200,8,2394,2024-07-10 10:18:37,0ca5305d-3a72-4738-a524-f39c13d12501
1730,WP1 MGT,2013-10-01,2018-05-31,f,147,388800,8,,2024-07-10 10:18:37,ae321fb0-bf66-4350-8185-967e1078f821
1731,WP6 Exploitation,2013-10-01,2018-03-31,f,147,22809600,8,,2024-07-10 10:18:37,860031e1-ac93-448e-b825-42050d13852d
1732,WP7 Dissemination,2013-10-01,2018-03-31,f,147,777600,8,,2024-07-10 10:18:37,5c2b484c-338f-4a0f-8e53-8ac069c636b7
1734,T6.1 Q2 2017,2017-04-01,2017-06-30,f,147,540000,8,1731,2024-07-10 10:18:37,069951a5-b9c5-47e6-83b1-b9e67c251dbf
1736,T6.3 Q2 2017,2017-04-01,2017-06-30,f,147,288000,8,1731,2024-07-10 10:18:37,b74b6405-33cc-4798-aeac-cc797cb9a420
1735,T6.2 Q2 2017,2017-04-01,2017-06-30,f,147,432000,8,1731,2024-07-10 10:18:37,6443ad29-f43d-425e-a8ba-842287b155c9
1737,T7.3 Q2 2017,2017-04-01,2017-06-30,f,147,288000,8,1732,2024-07-10 10:18:37,4ec4d977-60e8-42cb-8e02-81a6914853d8
2429,T3.2 External Eval-2019,2019-01-01,2019-12-31,f,326,345600,8,2396,2024-07-10 10:18:37,6590e012-882d-4ea7-b50a-76bfb8ab60ab
2376,T7.2_Web,2018-07-01,2018-09-30,f,285,21600,8,2050,2024-07-10 10:18:37,e359ebc3-1b10-4abc-b450-280fbb939261
1712,T2.1,2017-01-01,2017-12-31,f,283,81000,8,1706,2024-07-10 10:18:37,3dfe7dc5-c163-4ed5-8533-d69004a28947
1713,T2.2,2017-01-01,2017-12-31,f,283,259200,8,1706,2024-07-10 10:18:37,4695376b-3737-4d4b-9a01-339159e6e7ac
1715,T2.3,2017-04-01,2017-12-31,f,283,1036800,8,1706,2024-07-10 10:18:37,4cb25d14-d740-4292-b30c-1b8a39605c66
1706,WP2 Analysis of challenges,2016-09-01,2017-12-31,f,283,1814400,8,,2024-07-10 10:18:37,669d5890-9d1d-4917-9aac-c217bd81d968
2385,T1.5 Authorities,2018-01-15,2018-12-31,f,326,518400,8,2323,2024-07-10 10:18:37,167e9c92-405c-44c8-ae18-b78a6275a8c5
2359,T7.1_Press Release #3,2018-01-01,2018-03-31,f,285,43200,8,2003,2024-07-10 10:18:37,9ba9179b-5677-4967-9334-2d2e52b1d191
2365,T7.1_Newsletter#6,2019-01-01,2019-03-31,f,285,86400,8,2048,2024-07-10 10:18:37,27c28c6f-ca3e-4512-98ae-5535ee934dc1
1724,"T4.2, T4.3 (2017)",2017-06-01,2017-12-30,f,283,252000,8,1708,2024-07-10 10:18:37,9686d298-ffb7-45f5-8604-d9b9c3104654
1725,T5.1 (2017),2017-01-01,2017-12-31,f,283,144000,8,1709,2024-07-10 10:18:37,1c98847c-565f-4d12-b7c7-4c3c684be428
1727,T7.2 (2017),2017-05-01,2017-12-31,f,283,252000,8,1710,2024-07-10 10:18:37,014a0ec1-d315-4a10-83f1-27e33285af31
2398,WP5_2019,2019-01-01,2019-12-31,f,326,4233600,8,2274,2024-07-10 10:18:37,56a6de50-a5ca-43a6-a455-8657fba6c10a
1729,T8.1 (2017),2017-01-01,2017-12-31,f,283,162000,8,1711,2024-07-10 10:18:37,8d510297-2582-41eb-8ed6-e3fb8b5326d4
2373,T7.1_Final Conference,2019-01-01,2019-03-31,f,285,187200,8,2048,2024-07-10 10:18:37,73ba8bfa-28fa-46dc-a234-7144e6ab2032
2368,T7.1_SocMed+DAR (D7.5),2018-04-01,2018-06-30,f,285,129600,8,2003,2024-07-10 10:18:37,788fd9ae-169d-4d84-8020-670dc5ed9d36
2371,T7.1_SocMed+DAR (D7.5),2019-01-01,2019-03-31,f,285,86400,8,2048,2024-07-10 10:18:37,e88d89ae-cfb3-407d-a85b-8e6db8039638
2379,T7.5_Interim,2018-07-01,2018-09-30,f,285,36000,8,2056,2024-07-10 10:18:37,b63650e2-6a3a-4906-9741-ac8a2360f640
2812,"Team Fischer: KAM: Max-Holder (Phase II) (2018=3,5 Tage)(2019=1,5 Tage))",2019-01-01,2019-12-31,f,341,43200,8,2578,2024-07-10 10:18:37,4462a7b4-5621-4a89-bf70-72335f128f45
2411,T2.2 Platform,2018-01-15,2018-12-31,f,326,604800,8,2325,2024-07-10 10:18:37,bf6c5754-046a-4821-a990-c7e6e952d41f
2425,T3.1 Call publish,2018-01-15,2018-12-31,f,326,259200,8,2326,2024-07-10 10:18:37,85b4520f-0da6-4947-a5ea-6d695202ba95
2413,T2.2 Platform-2020,2020-01-01,2020-12-31,f,326,604800,8,2395,2024-07-10 10:18:37,9d1c7408-8638-470d-ad83-ff4e13473f51
2421,T2.7 Toolbox-2020,2020-01-01,2020-12-31,f,326,259200,8,2395,2024-07-10 10:18:37,1961610d-102d-4df6-a732-a32db7ce3833
2427,T3.1 Call publish-2020,2020-01-01,2020-12-31,f,326,259200,8,2397,2024-07-10 10:18:37,5da3b85e-7370-4ff0-9fec-985803b55ad8
2451,T4.4 Liasing-2020,2020-01-01,2020-12-31,f,326,345600,8,2401,2024-07-10 10:18:37,f30af38e-0e86-408e-a6ba-e22b6467a39f
2404,T5.1 Admin-2020,2020-01-01,2020-12-31,f,326,3110400,8,2399,2024-07-10 10:18:37,7ff58f0c-9a52-4354-b586-f859968a16b1
2407,T5.2 Finance+Reporting-2020,2020-01-01,2020-12-31,f,326,777600,8,2399,2024-07-10 10:18:37,f42a8eba-9f31-499c-8044-1adfda775815
1711,WP8 Coordination,2016-09-01,2020-01-31,f,283,259200,8,,2024-07-10 10:18:37,e047174e-071e-456c-a532-dc655c45234a
2477,Positionsbest.CI 1- 2020,2020-01-01,2020-12-31,f,325,306000,8,2476,2024-07-10 10:18:37,c7858832-838d-472a-b611-3fb4c56cd522
2479,Positionsbest.CI 1- 2021,2021-01-01,2021-12-31,f,325,226800,8,2478,2024-07-10 10:18:37,303f645e-bb25-473c-ba76-004d0586fc88
2973,Planung 2021 (später löschen),2021-01-01,2021-12-31,f,386,,8,,2024-07-10 10:18:37,d9151949-5915-4b8f-917a-20c6a3f2ab1d
2481,Positionsbest.CI 2- 2020,2020-01-01,2020-12-31,f,325,306000,8,2476,2024-07-10 10:18:37,84a17ef2-086a-4d97-8b55-b00d5d1181ad
2997,WP2 Entwicklung Toolkit,2020-05-01,2020-07-31,f,462,,9,,2024-07-10 10:18:37,1c21e40c-da21-44c6-aed6-336079d41f54
2435,T3.4 MicroGrant Eva,2018-06-01,2018-06-30,f,326,21600,8,2326,2024-07-10 10:18:37,76db7d68-1fd3-4cdd-8598-fcb82f966002
2431,T3.3 MicroGrant GA,2018-06-01,2018-06-30,f,326,28800,8,2326,2024-07-10 10:18:37,6cd5d260-72e3-4df0-8a70-80aa3ae06186
2856,Antragsbegleitung,2018-01-01,2018-02-28,f,427,,9,,2024-07-10 10:18:37,b72173a1-0ac0-4989-9c9f-c8faae575a2e
2474,Positionsbestimmung 2019,2019-01-01,2019-12-31,f,325,892800,8,2805,2024-07-10 10:18:37,357195a3-356c-4b02-b546-ce5f61dbb85f
2910,Team Gohla: EIMC: Mundospartner,2019-02-01,2019-06-30,f,341,201600,8,2579,2024-07-10 10:18:37,08e28cba-0cde-42f5-a93c-ee29383c1c12
2857,Agro-Energie EIP Stufe 1,2018-03-01,2018-03-31,f,428,,9,,2024-07-10 10:18:37,7a7509ca-4278-42b1-a41b-dec6c8b32ef6
2858,WP4. Training,2019-01-01,2019-12-31,f,364,673200,8,2591,2024-07-10 10:18:37,082e2f20-57dc-4338-9309-b98aaf37a2e6
2513,WP3. Framework conditions 2018-2019,2018-01-01,2019-04-30,f,280,3708000,9,,2024-07-10 10:18:37,0af07a7c-7c9f-4acd-8817-3f05602c9c35
2514,W4. Tools &Services 2018-2019,2018-01-01,2019-03-31,f,280,61200,9,,2024-07-10 10:18:37,f454a5fb-461d-4a2c-8c19-5a72c43428b4
2516,WP6. Policy recomandation 2018-2019,2018-07-01,2019-06-30,f,280,3240000,9,,2024-07-10 10:18:37,a9c45940-653f-42f6-994a-594535617e77
2487,Antragsbegleitung,2017-12-01,2018-02-28,f,347,,9,,2024-07-10 10:18:37,81040361-33df-44f7-b6cf-1dd2ea0a0eb8
2685,WP4 Communication outreach,2018-10-01,2020-09-30,f,377,259200,8,,2024-07-10 10:18:37,405134f5-2e55-4f45-a2c1-a6f3df04de9c
2490,Popup Labor SchwäbGm,2018-02-15,2018-03-01,f,259,14400,8,2201,2024-07-10 10:18:37,d7aec0b2-0364-45df-8fc8-64b7a27720d5
2328,WP5_2018,2018-01-15,2018-12-31,f,326,4492800,8,2274,2024-07-10 10:18:37,c90afcf1-f013-4797-bc03-8f83a07f8858
2457,WP12 IPR/Diss./Expl.,2018-01-01,2021-12-31,f,319,,8,,2024-07-10 10:18:37,985e4be7-93f6-4ad1-9179-4c9c925b47a6
2509,WP2 Exchange 2018-2019,2018-01-01,2019-03-31,f,267,2070000,9,,2024-07-10 10:18:37,ceb0cc1a-1836-427d-8b35-51ce3cccd74f
2662,"Capacity building through training, coaching and mentoring",2017-07-01,2018-12-31,f,305,,8,2281,2024-07-10 10:18:37,16aa7157-1d7d-4fd2-9c95-f6fb51415110
2551,Task 5.2 Dissemination,2016-03-01,2018-08-31,f,262,,8,1935,2024-07-10 10:18:37,cb494d1d-7ba5-4d48-92e8-48301c81b6aa
2563,Districts of Creativity,2019-01-01,2019-12-31,f,362,,8,,2024-07-10 10:18:37,b6f6f760-63f3-4163-84a6-93905f0e3409
2521,T1.1 Analysis of innovative solutions and best practices implemented in EU regions,2018-02-01,2018-07-31,f,323,518400,8,2520,2024-07-10 10:18:37,c04af139-3c46-4b43-95f9-a66fa2d1d54d
2522,WP2 - Development of new business opportunities among the wood mobilisation value-chain,2018-04-01,2020-01-31,f,323,1555200,8,,2024-07-10 10:18:37,53986483-9aff-46dd-a449-37d9b5399fef
2525,T1.3 Coaching methodologies,2018-10-01,2019-04-30,f,323,1166400,8,2520,2024-07-10 10:18:37,e5f703b2-fbc5-40d2-bca1-92c118ebfd99
2526,T1.4 Clustering and networking between regions,2018-02-01,2020-01-31,f,323,259200,8,2520,2024-07-10 10:18:37,2df11fb9-9190-43a8-9b51-5d153b9774aa
2527,T2.1 Collection of (users’) needs and analysis of the value chain,2018-04-01,2019-01-31,f,323,259200,8,2522,2024-07-10 10:18:37,839d786a-483c-46be-92ce-37ece16110e8
2528,T2.2 Generation of new ideas to foster innovation among stakeholders,2019-01-01,2019-07-31,f,323,777600,8,2522,2024-07-10 10:18:37,a6ebf99a-7099-4310-b90f-82d9ccd58faa
2529,T2.3 Missons to best-practices and development of business opportunities,2019-01-01,2020-01-31,f,323,259200,8,2522,2024-07-10 10:18:37,995d65d2-3dbf-40dd-bcbf-b2a17c7f9be2
2530,T2.4 Clustering and networking between regions,2018-04-01,2020-01-31,f,323,259200,8,2522,2024-07-10 10:18:37,5ef15709-97d3-4552-9deb-4884562a8511
2531,T3.1 Education and trainings,2018-10-01,2020-01-31,f,323,259200,8,2524,2024-07-10 10:18:37,6695cd5b-e4df-42f8-ba40-ddec6d9e4aaa
2532,T3.2 Access to financing: reinforcing links between private and public investment,2018-10-01,2020-01-31,f,323,518400,8,2524,2024-07-10 10:18:37,7dfde85f-4121-4ce4-ad9f-899f375e7daf
2533,T3.3 Recommendations to Regional policies and political commitment,2018-10-01,2020-01-31,f,323,518400,8,2524,2024-07-10 10:18:37,6d8df149-502c-4033-b194-cbaab5294987
2534,T3.4 Clustering and networking between regions,2019-02-01,2020-01-31,f,323,259200,8,2524,2024-07-10 10:18:37,e4d6f1ac-0703-4e2f-aa1c-8f81b4aa09a7
2535,"WP4 - Communication, dissemination, exploitation and collaboration with other initiatives",2018-02-01,2020-01-31,f,323,2592000,8,,2024-07-10 10:18:37,504075e9-3094-4a02-b1cd-7fb3e7cce641
2536,T4.1 Communication tools and activities,2018-02-01,2020-01-31,f,323,1425600,8,2535,2024-07-10 10:18:37,bee921e9-30c8-4456-b593-57bd932898a2
2537,T4.2 Dissemination and exploitation plan,2018-02-01,2020-01-31,f,323,259200,8,2535,2024-07-10 10:18:37,7f716ce6-ffad-4bb2-ac55-7b9dbb54cb7f
2538,T4.3 Active dissemination of project results,2018-02-01,2020-01-31,f,323,388800,8,2535,2024-07-10 10:18:37,8294470d-7c25-44ae-a3cb-9678988dc49a
2539,"T4.4 Linking with other relevant CSAs, European projects and organisations",2018-02-01,2020-01-31,f,323,518400,8,2535,2024-07-10 10:18:37,0d8fe92d-4ea0-4ee3-9397-e94eef13570a
2540,WP5 - Project Management,2018-02-01,2020-03-31,f,323,3369600,8,,2024-07-10 10:18:37,21f96da1-b082-4c1a-bd72-590a66bd25bc
2541,T5.1 Administrative management of the project,2018-02-01,2020-03-31,f,323,2592000,8,2540,2024-07-10 10:18:37,c5b7f84b-edda-4a8c-a7cb-e99de3fa04c6
2542,T5.2 Financial & accounting management,2018-02-01,2020-03-31,f,323,777600,8,2540,2024-07-10 10:18:37,e7b655fd-8be4-4ce6-8b29-b625d9b7623d
2508,WP1 Management 2018-2019,2018-01-01,2019-12-31,f,267,2613600,9,,2024-07-10 10:18:37,07845c43-9f03-4fb1-a16e-66b3b9824625
1935,"WP5: Communication, Dissemination & Exploitation",2016-03-01,2018-08-31,f,262,5832000,8,530,2024-07-10 10:18:37,60da1bd4-cbdc-4a80-9f7b-0dd82284b3d0
2886,Antragstellung Uniklinikum Tübingen - HEALAN,2019-02-01,2019-04-30,f,426,612000,8,,2024-07-10 10:18:37,5b9dfb9d-ba24-4df7-abba-d0cde20603f7
538,Thinking Smart,2016-01-01,2018-06-30,f,265,,8,,2024-07-10 10:18:37,1788481e-79f1-4b6f-8305-7be30ca1009f
2544,Geschäftsbesorgung EUB IF 2018,2018-01-01,2018-12-31,f,352,,8,,2024-07-10 10:18:37,deba6516-5676-4951-ae3d-27e680784fef
2545,Geschäftsbesorgung EUB IF 2019,2019-01-01,2019-12-31,f,352,,8,,2024-07-10 10:18:37,5b2de9d1-9d94-48e9-a36a-59fd9cf7dcf0
2546,Geschäftsbesorgung EUB Schlüsseltech 2018,2018-01-01,2018-12-31,f,352,,8,,2024-07-10 10:18:37,4fce1ca1-51ae-4722-bfc5-3830aac072b4
2547,Geschäftsbesorgung EUB Schlüsseltech 2019,2019-01-01,2019-12-31,f,352,,8,,2024-07-10 10:18:37,7e6dd0e3-21d7-49bd-b8a2-dcdb6ebe7820
2548,Geschäftsbesorgung EUB InnoRadar 2018,2018-01-01,2018-12-31,f,352,,8,,2024-07-10 10:18:37,7d06d604-65bd-4b45-b083-645cb5f1d662
2549,Geschäftsbesorgung EUB InnoRadar 2019,2019-01-01,2019-12-31,f,352,,8,,2024-07-10 10:18:37,4ce658f4-501c-4078-b794-737f5cbfd8b7
2552,IMG DL: Lightshape (#720472),2018-02-24,2018-05-31,f,354,162000,8,,2024-07-10 10:18:37,bac577f5-204a-4f4b-94f8-73eacf4d0985
2620,WP0 GK,2018-06-01,2018-12-31,f,261,,8,,2024-07-10 10:18:37,00df7d63-192e-43f2-99d0-382ee8047bc7
2554,"WP 1 Existing policies, projects, networks and practices",2018-05-01,2018-12-31,f,336,1548000,8,,2024-07-10 10:18:37,7183b4a1-69fb-4a8b-bb0d-edc3e452ce63
2556,WP 3 PRO-RES Framework,2018-12-01,2021-04-30,f,336,2066400,8,,2024-07-10 10:18:37,acac14e9-ef89-44ff-bff7-da98d12fc1cb
2557,WP 5 Sustainability of the framework Road-mapping,2018-08-01,2020-11-30,f,336,1548000,8,,2024-07-10 10:18:37,a247d3bc-82c7-49b4-9468-8c6fe019fa4d
2558,WP Planung 2018 (später löschen),2018-01-01,2018-12-31,f,312,,8,,2024-07-10 10:18:37,3d26d677-aa21-4a5e-a677-4b0cbca28334
2453,Hands-on TT - 2019,2019-01-01,2019-12-31,f,325,288000,8,2805,2024-07-10 10:18:37,47f6aeff-38fa-49bd-af5d-29a7fae113a4
2564,Öffentliches Training 23. - 24.04.18,2018-04-01,2018-04-30,f,355,,8,,2024-07-10 10:18:37,d8ec98af-fb10-4cb0-8d64-6a31299b112a
2570,Planung 2019 (später löschen),2019-01-01,2019-12-31,f,314,,8,,2024-07-10 10:18:37,e3a248ae-bdf6-43b0-971c-4de55b8490e3
2572,Planung 2019 (später löschen),2019-01-01,2019-12-31,f,283,,8,,2024-07-10 10:18:37,ef44dd27-0f82-4985-98e2-3067f1275994
2573,Planung 2019 (später löschen),2019-01-01,2019-12-31,f,312,,8,,2024-07-10 10:18:37,24193bba-5d27-4c57-b79f-9e0703c27078
2574,Planung 2019 (später löschen),2019-01-01,2019-12-31,f,301,,8,,2024-07-10 10:18:37,66f8c7fa-45f1-4765-b02f-cf53329914c3
2576,Planung 2019 (später löschen),2019-01-01,2019-12-31,f,266,,8,,2024-07-10 10:18:37,21651941-bc7a-454c-9a6e-a5343e6a60ee
2621,WP0 GK,2018-04-01,2018-08-31,f,262,,8,,2024-07-10 10:18:37,27858341-962c-4e18-be81-d15d1736c24c
2437,T3.4 MicroGrant Eva-2019,2019-01-01,2019-12-31,f,326,309600,8,2396,2024-07-10 10:18:37,86b1747f-02be-4ba7-8faa-342da2468526
2440,T4.1 DCP-2019,2019-01-01,2019-12-31,f,326,259200,8,2400,2024-07-10 10:18:37,fb7402ea-ada8-46c6-a80b-e4095112e240
2444,T4.2 Success Stories-2019,2019-01-01,2019-12-31,f,326,316800,8,2400,2024-07-10 10:18:37,038b9d31-1e96-4d6c-a935-4a640728f37b
3069,OH,2019-10-01,2019-12-31,f,484,,8,,2024-07-10 10:18:37,529e3d24-ac5a-466c-be48-5a67a323c765
2480,Positionsbest.CI 2- 2019,2019-01-01,2019-12-31,f,325,,8,2474,2024-07-10 10:18:37,72cc36f3-c97d-4632-9846-80383f33db9d
2349,Cross-Clustering Elektromobilität SW2020,2020-01-01,2020-12-31,f,325,162000,8,2806,2024-07-10 10:18:37,b5d202c9-830d-4f72-9885-878c6514078f
2561,Pflichtteil - 2020,2020-01-01,2020-12-31,f,325,727200,8,2806,2024-07-10 10:18:37,004ef22a-9464-4ae7-97e2-73d56dc09b8f
2454,Hands-on TT - 2020,2020-01-01,2020-12-31,f,325,90000,8,2806,2024-07-10 10:18:37,7d7db949-a791-4012-9188-58ac424d0933
2476,Postionsbestimmung -2020,2020-01-01,2020-12-31,f,325,1242000,8,2806,2024-07-10 10:18:37,2280df27-6e7d-40b0-aeb0-816a662f7901
2562,Pflichtteil - 2021,2021-01-01,2021-12-31,f,325,730800,8,2807,2024-07-10 10:18:37,6f2e2165-ece6-4af0-8564-6458144af114
2455,Aufbau Lieferketten CI 1 - 2021,2021-03-01,2021-12-31,f,325,230400,8,2807,2024-07-10 10:18:37,010e3fe6-e952-4e23-aa2b-c2e05698782e
2485,Prozessbegleitung CI 1 -2019,2019-01-01,2019-12-31,f,325,295200,8,2805,2024-07-10 10:18:37,c47dd7bc-da4b-437a-b8f1-481bce56de08
2482,Road Mapping - 2019,2019-01-01,2019-12-31,f,325,205200,8,2805,2024-07-10 10:18:37,3f65d96b-c35d-4404-8cf2-4fa0da2bea25
2577,WP Training Lohrberg,2018-04-01,2018-04-30,f,353,27000,8,,2024-07-10 10:18:37,e9eff3db-bd0b-42ae-b77c-02c0e0d98bc5
2079,Task 6.1 Coordination _Quality Management,2016-03-01,2018-10-31,f,262,2574000,8,2078,2024-07-10 10:18:37,3874f96e-5f81-4195-ba4b-af1dc5b47d6a
2800,Training Brazil 11.18,,,f,405,,8,,2024-07-10 10:18:37,8664c54e-f585-4a6c-b3d9-d50b5f1f534f
2669,2018: Training 1 x 1 (Zertifikatslehrgang),2018-10-01,2018-12-31,f,373,,8,,2024-07-10 10:18:37,2bb8dcba-8849-4a9b-8a24-054c97afcf15
2586,WP P - Preparation SIG Juni 2017,2017-06-01,2017-06-30,f,311,,9,,2024-07-10 10:18:37,ec7fb35a-826d-4792-b1e8-3483487f9948
1996,WP P - Preparation S2i Jan-Mai 2017,2017-01-01,2017-06-30,f,311,,8,,2024-07-10 10:18:37,cef0a81e-8855-4f54-99e8-63737ca4ba26
2591,ASIS Planung,2018-07-01,2020-12-31,f,364,12240000,8,,2024-07-10 10:18:37,7d533683-97a7-4fdc-8f8a-64fb3418a17c
2592,DanubeS3Cluster Planung,2018-07-01,2021-06-30,f,358,19872000,8,,2024-07-10 10:18:37,8a921c76-9f8b-462b-8690-a3072023f1b1
2593,MedTech4Europe Planung,2018-06-01,2022-11-30,f,360,9936000,9,,2024-07-10 10:18:37,cc2b2b7a-6ba7-49e2-8656-7953d06c954e
2594,WP1 Teilnahme an Sitzungen - 2017,2017-01-01,2017-12-31,f,263,,8,533,2024-07-10 10:18:37,f61f60b1-f08f-4a63-ac44-2014000b64b3
2595,WP2 Koordinierung in BW - 2017,2017-01-01,2017-12-31,f,263,,8,533,2024-07-10 10:18:37,74b607dd-0009-4d5a-a631-fd4b4b784661
2596,WP2 Koordinierung in BW - 2018,2018-01-01,2018-03-31,f,263,,8,533,2024-07-10 10:18:37,1ab3944a-25a7-4568-973a-8fe21b28c2ca
2597,WP3 Initiierung/Koord eines Vanguard-Projektantrages - 2017,2017-01-01,2017-12-31,f,263,,8,533,2024-07-10 10:18:37,3ddf9de3-0d5e-4563-b7e2-b2a8f31d1099
2598,WP3 Initiierung/Koord eines Vanguard-Projektantrages - 2018,2018-01-01,2018-03-31,f,263,,8,533,2024-07-10 10:18:37,daf2ec30-b1da-42dd-b710-0f573370b373
2599,WP4 Ansprechpunkt für BW - 2017,2017-01-01,2017-12-31,f,263,,8,533,2024-07-10 10:18:37,fcf2ae2c-bb66-492a-ac60-de1a29b9c4a1
2555,WP 2 PRO-RES Consultation,2018-07-01,2021-10-31,f,336,8258400,8,,2024-07-10 10:18:37,531ea3be-5fc7-4ae5-93ca-07bbc554b3e9
2890,WP8 - Replication,2021-04-01,2023-11-30,f,419,3240000,9,,2024-07-10 10:18:37,b8b32f10-5035-421d-84c9-1b788713e2f4
2350,Cross-Clustering-  CI 1 2021,2021-01-01,2021-12-31,f,325,252000,8,2807,2024-07-10 10:18:37,861b6feb-23fa-49c2-8faf-480a805c1832
2600,WP4 Ansprechpunkt für BW - 2018,2018-01-01,2018-03-31,f,263,,8,533,2024-07-10 10:18:37,88833c21-f95d-44e8-8472-5382907604e1
2601,WP5 Internetpräsenz - 2017,2017-01-01,2017-12-31,f,263,,8,533,2024-07-10 10:18:37,7ad17e14-6167-471e-b2af-a60f2175cb3c
2602,WP5 Internetpräsenz - 2018,2018-01-01,2018-03-31,f,263,,8,533,2024-07-10 10:18:37,de7f8efb-e838-406f-860a-1242e5b59924
2603,Erstellung des Antrags,2018-04-01,2018-05-03,f,366,151200,8,,2024-07-10 10:18:37,8037dcc3-1cd3-4628-a35a-87f587d853d6
560,Auftrag Antragstellung KA,2016-01-01,2017-12-31,f,278,,2,,2024-07-10 10:18:37,f666271f-438a-475b-8fbd-2ce33891b8c1
2515,WP5. Pilot implementation 2018-2019,2018-01-01,2019-06-30,f,280,6066000,9,,2024-07-10 10:18:37,19361507-8dae-4ed3-b3e8-7ce5dc7d0544
2607,WM-EEN Budget,2018-06-01,2018-12-31,f,284,,8,571,2024-07-10 10:18:37,7b9850e8-60d9-4e05-a133-223bb426657a
2608,Prozessgebleitung CI 2- 2018,2018-01-01,2018-12-31,f,325,248400,8,2469,2024-07-10 10:18:37,8714a638-5333-42dc-b105-3af6b418639d
2582,OPE.R.A,2018-07-01,2018-07-01,f,361,,8,,2024-07-10 10:18:37,7a039117-7b7a-4af8-a3a0-c046c186d3e8
2610,SCIS Stunden zum Verteilen,2018-01-01,2020-10-19,f,329,3600000,8,,2024-07-10 10:18:37,3c74de1c-d17b-4761-88b2-f51eee427b59
2625,WP0 GK,2018-01-01,2018-12-31,f,297,,8,,2024-07-10 10:18:37,dafe1a42-b7c3-449e-90a3-bb86cd89b6e5
2626,WP0 GK,2018-01-01,2018-12-31,f,283,,8,,2024-07-10 10:18:37,77c67acb-44a5-4d65-b87f-3a86e693e4f4
2627,WP0 GK,2018-01-01,2018-12-31,f,301,,8,,2024-07-10 10:18:37,a790fe9f-1a8a-484a-8af6-963ff2aa33fd
2628,WP0 GK,2018-01-01,2018-12-31,f,296,,8,,2024-07-10 10:18:37,ee15ffcf-e2c2-4e68-a6b4-5b19b7009f8c
2285,Kommunikation u. Öffentlichkeitsarbeit,2017-12-01,2019-11-30,f,333,1036800,9,,2024-07-10 10:18:37,b6834b71-f3cd-4ca4-bdb7-68debe98a618
2635,WP2.Management,2018-06-01,2019-12-31,t,360,1677600,9,2593,2024-07-10 10:18:37,3b5da6ed-74c2-419a-8adc-a6bc7001d984
2630,WP 1 - Identifying High Potential Start-ups,2018-01-01,2018-12-31,f,324,,8,2276,2024-07-10 10:18:37,158784b3-f947-459a-83e9-e2d9a1053751
2631,WP 2 - Opening European markets to scale-up,2018-01-01,2018-12-31,f,324,,8,2276,2024-07-10 10:18:37,d079573f-4995-4d3d-b5ac-a544e01cdd68
2632,WP 3 - Attracting private and public finance to accelerate start-up growth,2018-02-01,2018-12-31,f,324,,8,2276,2024-07-10 10:18:37,396d7118-5cea-4867-9f19-5147cd2704ee
2633,WP 4 - Communication and Scale-EUp2 events,2018-01-01,2018-12-31,f,324,,8,2276,2024-07-10 10:18:37,55ff3e04-08bc-49e9-808d-6b4a5879203c
2636,WP3.Communication,2018-06-01,2019-12-31,t,360,612000,9,2593,2024-07-10 10:18:37,ccc7730b-6a70-423a-85bc-d5788e39817f
2637,WP 5 - Dissemination of project results,2018-01-01,2018-12-31,f,324,,8,2276,2024-07-10 10:18:37,cc1beff7-b89f-4868-b05a-d7f919eceff8
2638,WP 6 - Project management,2018-01-01,2018-12-31,f,324,,8,2276,2024-07-10 10:18:37,a29ac1aa-2d81-4af6-ad30-fe44a6810096
2874,WP M-Period 2,2019-07-01,2019-12-31,f,430,,8,2872,2024-07-10 10:18:37,e2dfd897-b645-4ef3-927b-3a84325e1219
2644,WP2.Common vision of SI,2018-07-01,2018-12-31,t,364,972000,8,2591,2024-07-10 10:18:37,d1fdae3c-8228-4e0b-b083-8f1bb20a3297
2645,WP3.SI Strategy,2018-07-01,2018-12-31,t,364,396000,8,2591,2024-07-10 10:18:37,3318e549-3c45-45c2-a759-9549514a992e
2647,WP7.Communication,2018-07-01,2018-12-31,t,364,201600,8,2591,2024-07-10 10:18:37,41753c55-1197-4f46-8b0c-a45886d383b4
2643,WP1.Management,2018-07-01,2018-12-31,t,364,187200,8,2591,2024-07-10 10:18:37,abfab388-d9c0-4c5b-92fb-59519e99104d
2654,2. Koordinierung + Sensibilisierung BW - 2019,2019-01-01,2019-12-31,f,327,2577600,8,2339,2024-07-10 10:18:37,c98188c8-014a-4123-a36c-dcff59133170
2651,4. Ansprechpunkt BW - 2020,2020-01-01,2020-03-31,f,327,79200,8,2340,2024-07-10 10:18:37,1b2d6b7d-d1bc-43ed-9ac2-57d6a34c3002
2652,5. Internetpräsenz - 2020,2020-01-01,2020-03-31,f,327,79200,8,2340,2024-07-10 10:18:37,ad9b7ecf-540f-4b19-9eae-ba6e44ff05be
2340,Vanguard-Stützpunkt BW 2020,2020-01-01,2020-03-31,f,327,1166400,8,2275,2024-07-10 10:18:37,f9ed82a9-a1e9-4e44-bcc7-4c4dc6dd7daf
2339,Vanguard-Stützpunkt BW 2019,2019-01-01,2019-12-31,f,327,4683600,8,2275,2024-07-10 10:18:37,2371ae62-8905-45a6-9c59-9bd85bf0f5ea
2343,2. Koordinierung + Sensibilisierung BW - 2018,2018-04-01,2018-12-31,f,327,1929600,8,2338,2024-07-10 10:18:37,38ae47ec-a016-4dd8-bbf0-5cea81fcb7d6
2344,3. Initiierung +  Koordinierung VI-Antrag 2018,2018-04-01,2018-12-31,f,327,666000,8,2338,2024-07-10 10:18:37,222c6eac-a676-4137-a6da-8b7910e12896
2653,1. Teilnahme an Sitzung VI - 2019,2019-01-01,2019-12-31,f,327,561600,8,2339,2024-07-10 10:18:37,0b26e9e2-45d4-4db4-bff7-ed24d5b8b7ad
2655,3. Initiierung + Koordinierung VI-Antrag 2019,2019-01-01,2019-12-31,f,327,889200,8,2339,2024-07-10 10:18:37,d89b3b04-8d77-43b6-a663-0e1ca65a2791
2656,4. Ansprechpunkt BW - 2019,2019-01-01,2019-12-31,f,327,327600,8,2339,2024-07-10 10:18:37,ad636474-aa00-4466-a498-02d3da9f2e9d
2657,5. Internetpräsenz - 2019,2019-01-01,2019-12-31,f,327,327600,8,2339,2024-07-10 10:18:37,d4214610-f6c4-443d-a5ce-8d892cab79d2
2648,1. Teilnahme an Sitzung VI - 2020,2020-01-01,2020-03-31,f,327,140400,8,2340,2024-07-10 10:18:37,da117cc2-9e27-4e4c-9a0e-23bc7fca9b73
2649,2. Koordinierung + Sensibilisierung BW - 2020,2020-01-01,2020-03-31,f,327,644400,8,2340,2024-07-10 10:18:37,cc91cdd5-ea3b-4739-bb77-8eb6bf4116d4
2650,3. Initiierung + Koordinierung VI-Antrag 2020,2020-01-01,2020-03-31,f,327,223200,8,2340,2024-07-10 10:18:37,d81881b1-ef3d-4c1b-890b-dac7a58d2029
2510,WP3 Policy Dialogue 2018-2019,2018-01-01,2019-03-31,f,267,1422000,9,,2024-07-10 10:18:37,8bbe08bd-d03b-4d64-991f-ce1de9c10c87
2677,DoC Reverse Mission,2018-09-01,2019-07-31,f,381,,8,,2024-07-10 10:18:37,320da052-f75e-48cb-b2e2-13f993c0906e
2276,Scale-EUp2 2018,2018-01-01,2018-12-31,f,324,,8,,2024-07-10 10:18:37,0c87f8bf-9013-4482-8491-4549e806ef54
2663,Provision of advisory and partnering services,2017-07-01,2018-12-31,f,305,,8,2662,2024-07-10 10:18:37,1f1076b2-cae4-4221-95a0-4752f5e33a2d
2380,T5.3 Policy recommendations 2018,2018-10-01,2018-12-31,f,285,432000,8,2024,2024-07-10 10:18:37,2dd6320f-6ac1-438f-bf8e-2de19eb30e6f
2027,T5.3 Policy recommendations 2018,2018-07-01,2018-09-30,f,285,208800,8,2024,2024-07-10 10:18:37,3b01f8dd-5698-4bde-84f5-307da9f80b99
2028,T5.3 Policy recommendations 2019,2019-01-01,2019-03-31,f,285,590400,8,2025,2024-07-10 10:18:37,8617fbc4-2d03-4612-b460-8123b79d936a
2026,T5.2 Developing training programme 2018,2018-11-01,2018-12-31,f,285,489600,8,2024,2024-07-10 10:18:37,aa09b3ca-075f-4746-81a3-819bbd8be4c1
2036,T5.1 ITS Business case guidelines 2018,2018-04-01,2018-11-30,f,285,259200,8,2024,2024-07-10 10:18:37,ba779bd2-8667-4591-a474-08dde51e5fc6
2488,Europabeauftragte,2018-01-01,2018-12-31,f,338,6192000,10,,2024-07-10 10:18:37,c7a6c510-8237-490c-90bb-a2223c1e5304
2502,Projekt Management & Reporting,2018-05-09,2019-12-31,f,339,,10,,2024-07-10 10:18:37,8e45042a-ea72-4693-b4d8-2f93bad15789
2609,Studie Schlüsseltechnologien,2018-05-09,2019-12-31,f,339,,10,,2024-07-10 10:18:37,23289861-4ac4-43dd-9a6d-c0d5d74ddae1
2658,Training 2020,2020-02-01,2020-06-30,f,370,,8,,2024-07-10 10:18:37,427180c3-2c50-4cb1-9716-a6155d859f73
2501,Innovationspotenzialradar,2018-05-09,2019-12-31,f,339,,10,,2024-07-10 10:18:37,2af2f2fc-d268-49ef-9936-a8a6b817aff0
2483,Road Mapping - 2020,2020-01-01,2020-12-31,f,325,162000,8,2806,2024-07-10 10:18:37,33132b8a-17e0-4aa4-9288-e7a8372615a7
2646,WP5.SI funding schemes,2018-07-01,2018-12-31,t,364,118800,8,2591,2024-07-10 10:18:37,3e230c40-ddd8-4622-9d78-db4e35de225b
2584,WP6 Diss. & Communication,2018-01-01,2021-06-30,f,317,,9,,2024-07-10 10:18:37,898e3a25-5843-4fbc-b2a8-8e6386a84321
2585,WP7 Project Mgt.,2018-01-01,2021-06-30,f,317,,9,,2024-07-10 10:18:37,b37d9815-47d7-44df-8e2b-685751284a80
2583,WP5 Exploitation Business Models,2018-01-01,2021-06-30,f,317,,9,,2024-07-10 10:18:37,03420975-0bec-4f90-8b9b-ce8df379d7a3
2590,SmartAltitude Planung,2018-05-01,2021-04-30,f,365,5616000,8,,2024-07-10 10:18:37,6664cf78-f620-4823-92a1-cb4476606f42
2486,Prozessbegleitung CI 1 - 2021,2021-01-01,2021-12-31,f,325,378000,8,2807,2024-07-10 10:18:37,dba99416-fc74-41b7-92b1-caeba413edd1
2484,Road Mapping - 2021,2021-01-01,2021-12-31,f,325,144000,8,2807,2024-07-10 10:18:37,290d6780-e3b1-4931-bb0a-7c5a362504ad
2641,WP3. Analysis & Benchmarking,2018-07-01,2019-12-31,f,359,936000,8,2589,2024-07-10 10:18:37,bdbb53ff-7977-42b5-a651-733b7697be53
2640,WP2. Communication,2018-07-01,2021-12-31,f,359,352800,8,2589,2024-07-10 10:18:37,297dd9f5-9681-4862-a2aa-1bdf5f97d326
2642,WP4. Strategy development,2018-07-01,2021-12-31,f,359,1605600,8,2589,2024-07-10 10:18:37,590e34c4-028b-4703-a7fe-a1b24cb1e33e
2589,Finance4SocialChange Planung,2018-07-01,2021-12-31,f,359,9597600,8,,2024-07-10 10:18:37,ce205f84-7773-497b-8b04-b8f3ea7f0ead
2675,Event Management (2018),2018-09-01,2018-12-31,f,382,,8,,2024-07-10 10:18:37,2d00c84e-c2ad-4271-a79d-e60de1033586
2605,Networking & Role Models,2018-07-01,2018-12-31,f,367,,8,,2024-07-10 10:18:37,7133ba41-4e24-470d-aa60-7fffb069f37b
2676,Event Management (2019),2019-01-01,2019-05-31,f,382,,8,,2024-07-10 10:18:37,1b97b14c-a036-46f1-a246-cceb16a662bc
2604,Event Management,2018-07-01,2018-12-31,f,367,,8,,2024-07-10 10:18:37,baf16776-476b-4c1f-877f-b4898514c6fb
561,Auftrag Antragstellung Stgt,2016-01-01,2017-12-31,f,278,,1,,2024-07-10 10:18:37,b19e67d7-705d-495b-a51f-79dfc37ac4b2
2688,Training SIBE Brazil 09/2018,2018-09-17,2018-09-21,f,393,,8,,2024-07-10 10:18:37,95b12b83-88ab-4995-b422-bb637139623f
2459,WP2 Antrag: volle Unterstützung (2018),2018-01-01,2018-12-31,f,255,,8,,2024-07-10 10:18:37,c316d4d3-36e8-40a4-b12b-f647ec7f7472
2689,WP1 Beratung & Hotline (2018),2018-01-01,2018-12-31,f,255,,8,,2024-07-10 10:18:37,60ae9ad5-0864-4a2c-bd82-baf32d3e9aea
2690,WP3 Antrag: intensive Begleitung (2018),2018-01-01,2018-12-31,f,255,,8,,2024-07-10 10:18:37,fd7ea279-1858-4f64-b62e-e1a5c32d009f
517,WP1 Beratung & Hotline (2016-17),2016-01-01,2018-12-31,f,255,,8,,2024-07-10 10:18:37,a5949eec-382b-47b7-8f7c-75934125a285
2694,WP2 - Policy engagement (2020),2020-01-01,2020-12-31,f,387,403200,8,2825,2024-07-10 10:18:37,e4c6caed-a8ff-4e9a-8978-653acc2a0814
2729,WP1 - Management,2018-07-01,2021-06-30,f,357,1281600,8,,2024-07-10 10:18:37,1e126bea-b701-40e4-8517-25cf255bcc6d
2701,WP3 - Digital Health Transformation Forum (2022),2022-01-01,2022-01-31,f,387,234900,8,2827,2024-07-10 10:18:37,b75dc6aa-a0ca-4af1-ab51-a0f1bac2f298
2348,Cross-Clustering 2019,2019-01-01,2019-12-31,f,325,496800,8,2805,2024-07-10 10:18:37,d922057f-aa1f-43e4-843f-c64d18337780
2709,WP5 - Project management (2020),2020-01-01,2020-12-31,f,387,1555200,8,2825,2024-07-10 10:18:37,3be14c54-f0f2-449d-886e-315ec0a39558
2465,Motivations TT - 2018,2018-01-01,2018-12-31,f,325,154800,8,2804,2024-07-10 10:18:37,9655680a-a95c-4721-8278-e442d3c3f8bf
2708,WP5 - Project management (2019),2019-01-01,2019-12-31,f,387,1425600,8,2824,2024-07-10 10:18:37,e6bc8cca-1619-4ac1-9ff1-6584d4d15098
2901,PK in OH 2019,2019-01-01,2019-12-31,f,271,,8,,2024-07-10 10:18:37,1e92ac61-2974-4467-9f72-de7da8d86fac
2750,WP3: Pilot operation - 2020,2020-01-01,2020-08-31,f,309,2271600,9,2196,2024-07-10 10:18:37,489645e1-c30f-47b5-8f41-2fa3c3ae9023
2730,WP2 - Communication,2018-07-01,2021-06-30,f,357,1519200,8,,2024-07-10 10:18:37,e7210ffd-b8be-4ab9-ae4a-1ef4b39467f5
2731,WP3 - Real life IPR data,2018-07-01,2019-09-30,f,357,1198800,8,,2024-07-10 10:18:37,06559931-ee5e-497e-93c9-f35bb7fa6039
2732,WP4- Interaction services,2019-01-01,2020-09-30,f,357,1202400,8,,2024-07-10 10:18:37,03f069a3-ee63-4403-8056-b9c566414dbf
2733,WP5 - Training&KnowING Hub,2019-05-01,2020-09-30,f,357,2476800,8,,2024-07-10 10:18:37,78b0582a-d84f-4ab2-8557-58247a241df7
2734,WP6 - Pilot & Evaluation,2020-07-01,2021-06-30,f,357,2401200,8,,2024-07-10 10:18:37,fcbd7768-68f8-426c-947c-760eed823a52
2735,WP1 - Management,2018-07-01,2021-06-30,f,356,1119600,8,,2024-07-10 10:18:37,4c9df2b5-e805-4015-9c17-684dc5f5aff4
2736,WP2 - Communication,2018-07-01,2021-06-30,f,356,961200,8,,2024-07-10 10:18:37,f7907649-8e63-474a-86bd-d46f88961723
2737,WP3 - Lanscape screening,2018-07-01,2020-01-31,f,356,1440000,8,,2024-07-10 10:18:37,dfe0c09e-cd89-43ff-a2fb-96119b7aa537
2738,WP4 - strategy development,2018-07-01,2021-06-30,f,356,2401200,8,,2024-07-10 10:18:37,4f013329-3abc-484f-817d-bf75293f37a0
2739,WP5 - BlendedLearningExperience,2019-07-01,2021-06-30,f,356,2160000,8,,2024-07-10 10:18:37,0f15741c-f51d-41ad-a082-8c6a4e721767
2740,WP6 - Business restructuring,2020-07-01,2021-06-30,f,356,1440000,8,,2024-07-10 10:18:37,2517476a-bfcc-4ae2-84ac-bc068a83e9a7
2741,Agriplus-EIP,2018-12-01,2021-11-30,f,396,5220000,8,,2024-07-10 10:18:37,1bbe55a6-f113-4158-9cd6-b2394cafe145
2941,WP Planung,2019-05-27,2019-09-12,f,455,,8,,2024-07-10 10:18:37,99095401-e20a-4bd1-a90d-31a62644ca49
2749,WP3: Pilot operation - 2019,2019-01-01,2019-12-31,f,309,2880000,9,2196,2024-07-10 10:18:37,2125effa-0cfe-477c-891a-af13217b4f65
2751,WP Antragsunterstützung,2018-04-16,2018-07-31,f,371,331200,8,,2024-07-10 10:18:37,a4262958-b70e-4cc2-afcf-1ef1aaa0a704
2760,WP7: Project management - 2019,2019-01-01,2019-12-31,f,309,,9,2200,2024-07-10 10:18:37,d531ab99-5198-4116-b156-eea6836a47a3
2767,WP Vorbereitung,2018-10-01,2018-11-08,f,399,100800,8,,2024-07-10 10:18:37,d05f34e0-6c73-4a1d-8901-e88e7d49a4c4
2764,Arbeitspaket 3: Pilotierung,2019-02-01,2019-05-31,f,397,194400,8,,2024-07-10 10:18:37,7f18f4b7-af62-4dfd-8511-adb37c25aec5
2768,WP Implementierung,2018-11-06,2018-11-09,f,399,108000,8,,2024-07-10 10:18:37,6b9c190f-cedd-424d-82a2-ea14c78e5b20
2762,Arbeitspaket 1: Entwicklung undDesign,2018-09-01,2019-01-30,f,397,777600,8,,2024-07-10 10:18:37,eec5d01f-0803-44e1-baa0-802f7e1ed59b
2765,Arbeitspaket 4: Umsetzung,2019-01-01,2019-06-30,f,397,388800,8,,2024-07-10 10:18:37,51f563e3-aec3-4825-965b-251aba9de822
2763,Arbeitspaket 2: Konzept zur Markt-Umsetzung,2019-01-01,2019-05-31,f,397,388800,8,,2024-07-10 10:18:37,9d10b81d-3cbe-43eb-8d9d-10765f217c7d
2771,Netzwerk BPL 2019,2019-01-01,2019-12-31,f,400,,8,,2024-07-10 10:18:37,9b6c62f0-a158-4002-947c-d16067c876ab
2714,WP2 - Health Networking Hub (2019),2019-06-01,2019-12-31,f,383,907200,8,2821,2024-07-10 10:18:37,02c35d2d-7c5d-435e-bd1f-507983b2a110
2718,WP3 - Capacity Building (2019),2019-01-01,2019-12-31,f,383,1036800,8,2821,2024-07-10 10:18:37,356c802b-b375-4f01-bce7-527c29ee701c
2722,WP4 - Impact maximisation (2019),2019-01-01,2019-12-31,f,383,1036800,8,2821,2024-07-10 10:18:37,2f112ee2-393e-47ad-873d-fdd10419e1f5
2726,WP5 - Project management (2019),2019-01-01,2019-12-31,f,383,777600,8,2821,2024-07-10 10:18:37,8014898d-67a9-4156-bdfa-d91d019b56e7
2715,WP2 - Health Networking Hub (2020),2020-01-01,2020-12-31,f,383,1036800,8,2822,2024-07-10 10:18:37,36da1bf4-04ba-49cc-aee1-bbb249bcf0e3
2719,WP3 - Capacity Building (2020),2020-01-01,2020-12-31,f,383,1036800,8,2822,2024-07-10 10:18:37,857f9a6d-c6ee-4c16-877b-1278bf9e05f1
2723,WP4 - Impact maximisation (2020),2020-01-01,2020-12-31,f,383,1036800,8,2822,2024-07-10 10:18:37,91844bd9-8aa8-4505-ad21-6502282957e2
2727,WP5 - Project management (2020),2020-01-01,2020-12-31,f,383,518400,8,2822,2024-07-10 10:18:37,f79e9f30-bdbf-496a-98fd-e23a2c11c566
2693,WP2 - Policy engagement (2019),2019-08-01,2019-12-31,f,387,201600,8,2824,2024-07-10 10:18:37,96c5f59d-db6d-43de-8202-e8e39bd32078
2695,WP2 - Policy engagement (2021),2021-01-01,2021-12-31,f,387,396000,8,2826,2024-07-10 10:18:37,a68c7223-5fa4-4b98-a275-455d997a24f8
2696,WP2 - Policy engagement (2022),2022-01-01,2022-01-31,f,387,36000,8,2827,2024-07-10 10:18:37,c77da483-ca3c-45d2-9062-bb2e385a8b96
2698,WP3 - Digital Health Transformation Forum (2019),2019-05-01,2019-12-31,f,387,1644300,8,2824,2024-07-10 10:18:37,7dbd5330-d36c-456f-99b5-2fc1b7a4973c
2703,WP4 - Awareness raising and impact maximisation (2019),2019-01-01,2019-12-31,f,387,1584000,8,2824,2024-07-10 10:18:37,88d7ddcb-9fda-4025-91c8-513cae332199
2704,WP4 - Awareness raising and impact maximisation (2020),2020-01-01,2020-12-31,f,387,1728000,8,2825,2024-07-10 10:18:37,7ae13b5b-6265-42fe-ac01-51c206cd37fe
2705,WP4 - Awareness raising and impact maximisation (2021),2021-01-01,2021-12-31,f,387,1728000,8,2826,2024-07-10 10:18:37,a0246801-1756-4ae2-b18b-4cf41df5bff6
2706,WP4 - Awareness raising and impact maximisation (2022),2022-01-01,2022-01-31,f,387,144000,8,2827,2024-07-10 10:18:37,811b4f51-f7fe-448f-84c9-13925634117e
2710,WP5 - Project management (2021),2021-01-01,2021-12-31,f,387,1555200,8,2826,2024-07-10 10:18:37,59c30207-87d6-4279-924b-5a2e2a7441c7
2711,WP5 - Project management (2022),2022-01-01,2022-01-31,f,387,129600,8,2827,2024-07-10 10:18:37,f0601f80-b97b-4a1c-adcf-b8a2710fa11e
2699,WP3 - Digital Health Transformation Forum (2020),2020-01-01,2020-12-31,f,387,2818800,8,2825,2024-07-10 10:18:37,04dd8c8c-9004-48a9-8ced-1a0ae0abc28e
2700,WP3 - Digital Health Transformation Forum (2021),2021-01-01,2021-12-31,f,387,2818800,8,2826,2024-07-10 10:18:37,1c7bf1fe-6977-4492-8024-89b4f3b80ea0
2559,Pflichtteil - 2018,2018-01-01,2018-12-31,f,325,,8,2804,2024-07-10 10:18:37,4439cff9-0d54-47e9-85de-d522ce19e0d4
2758,WP6: Dissemination - 2019,2019-01-01,2019-12-31,f,309,1272600,9,2199,2024-07-10 10:18:37,23a84737-fd2e-43ea-9ce4-4fddcbf407dd
2756,WP5: Stakeholder engagement  2020,2020-01-01,2020-12-31,f,309,907200,9,2198,2024-07-10 10:18:37,516a1358-9613-4243-b47a-a5a007bbb906
2755,WP5: Stakeholder engagement  2019,2019-01-01,2019-12-31,f,309,1425600,9,2198,2024-07-10 10:18:37,b1de839f-1047-425c-b5e2-9c3885386ea1
2752,WP4: Business planning - 2018,2018-01-01,2018-12-31,f,309,1440000,9,2197,2024-07-10 10:18:37,6a1537e6-8a9f-4f37-85da-2cfca263668a
2759,WP6: Dissemination - 2020,2020-01-01,2020-12-31,f,309,23400,9,2199,2024-07-10 10:18:37,8538472d-f264-426f-8b20-ff0f7e951a07
2753,WP4: Business planning - 2019,2019-01-01,2019-12-31,f,309,720000,9,2197,2024-07-10 10:18:37,b21baad1-411e-4829-b72f-ac99138efb41
2754,WP4: Business planning - 2020,2020-01-01,2020-08-31,f,309,950400,9,2197,2024-07-10 10:18:37,67e53179-e339-4347-a6bd-bf544de60748
530,AGRIFORVALOR,2016-01-01,2018-08-31,f,262,,8,,2024-07-10 10:18:37,c25f4de1-d520-4c38-8dad-7d5fd50aeb2a
2761,WP7: Project management - 2020,2020-01-01,2020-08-31,f,309,,9,2200,2024-07-10 10:18:37,af42d7ed-81dc-4344-adb7-a65b672c04e0
2720,WP3 - Capacity Building (2021),2021-01-01,2021-12-31,f,383,648000,8,2823,2024-07-10 10:18:37,a4ac8a00-781e-4faf-9aae-60d2020ba678
2743,WP 2  Future technology trends,2018-10-01,2021-12-31,f,368,4665600,8,,2024-07-10 10:18:37,8b265093-ac84-49d2-8174-35b4f5e06f27
2691,WP1 - Preparatory work (nur 2019),2019-02-01,2019-08-30,f,387,3628800,8,2824,2024-07-10 10:18:37,285f2a54-a91a-4c5b-8a58-e4c4db979a10
2724,WP4 - Impact maximisation (2021),2021-01-01,2021-12-31,f,383,1555200,8,2823,2024-07-10 10:18:37,a561344d-64be-421a-9049-075acb70940d
2683,WP2 Collaboration,2018-10-01,2021-03-31,f,377,1029600,8,,2024-07-10 10:18:37,f3e78103-9a53-46c3-9a30-e8bf7ae47b72
2744,WP 4 Development of educational materials and programmes,2019-04-01,2021-06-30,f,368,518400,8,,2024-07-10 10:18:37,793205d1-1d17-4d4f-930d-ec03413014c9
2745,"WP 6 Community building, future skills knowledge transfer",2018-10-01,2021-12-31,f,368,4147200,8,,2024-07-10 10:18:37,6634d046-9e9e-494e-b756-91a1be99e3f2
2746,"WP 7 Communication, dissemination and policy inpu",2018-10-01,2021-12-31,f,368,777600,8,,2024-07-10 10:18:37,0538a5b3-9c80-48b3-a522-045f1973d340
2747,WP 8 Project Mgt.,2018-10-01,2021-12-31,f,368,259200,8,,2024-07-10 10:18:37,1d1efba2-31fc-46ac-a3b0-53cdd36db39e
2468,Motivations TT CI 1 (Medical Valley) --  2021,2021-01-01,2021-12-31,f,325,36000,8,2807,2024-07-10 10:18:37,87fd0013-15b9-438c-83e5-625b9d128e27
2078,WP 6: Management,2016-03-01,2018-12-31,f,262,4889100,8,530,2024-07-10 10:18:37,5aa73abc-0b62-4b1a-bb11-f03c34273f27
2616,T5.1 Admin - GK,2018-01-15,2018-12-31,f,326,,8,2328,2024-07-10 10:18:37,2ac6f68e-9318-4a5c-83ca-738b9d922786
2805,ClusterAgentur 2019,2019-01-01,2019-12-31,f,325,,8,2347,2024-07-10 10:18:37,ce1ed064-5850-49d9-a472-af905fce8bda
2142,Planung 2019 (später löschen),2019-01-01,2019-06-30,f,282,,9,,2024-07-10 10:18:37,290f0ecd-3a19-4838-8d4e-f2b38d9ff6e7
2776,WPC-Communication,2018-05-01,2021-04-16,f,365,1908000,8,,2024-07-10 10:18:37,c0f6b354-27f3-44c1-a662-d0ffb92c8e1a
2774,WP-T3-Platform,2018-05-01,2020-12-31,f,365,1440000,8,,2024-07-10 10:18:37,f0868fa2-f23f-4dbc-b893-4eb9c7d473d5
2775,WP-T4-Replication and transfer,2020-01-01,2020-12-31,f,365,1674000,8,,2024-07-10 10:18:37,0f74a990-8ece-4970-88ec-0d3406843584
2773,WPM-Management,2018-05-01,2021-04-16,f,365,594000,8,,2024-07-10 10:18:37,8b07981d-1dce-44d6-aea0-a43e8637fe15
2791,Studie Döhler Agrar,2019-01-01,2019-12-31,f,408,2815200,8,,2024-07-10 10:18:37,77df2648-bb9f-4d7e-8c8c-0fa96bf23cbf
2784,Öffentlichkeitsarbeit 2019,2019-01-01,2019-12-31,f,396,3456000,8,2783,2024-07-10 10:18:37,5a9511c7-21e1-4553-9577-4af26ebe7546
2785,Öffentlichkeitsarbeit 2021,2021-01-01,2021-12-31,f,396,3456000,8,2783,2024-07-10 10:18:37,2e827216-7044-4c29-a452-7beb9aa0481b
2786,Koordination 2019,2019-01-01,2019-12-31,f,396,10393200,8,2782,2024-07-10 10:18:37,87409338-5e9f-4df3-be22-675e4044ff93
2787,Koordination 2020,2020-01-01,2020-12-31,f,396,10393200,8,2782,2024-07-10 10:18:37,b3eb470f-7a4a-43e8-b5bb-62a9a0064292
2788,Koordination 2021,2021-01-01,2021-12-31,f,396,10393200,8,2782,2024-07-10 10:18:37,75d86684-800d-4cb2-8dd7-c640c21b7e9f
2795,Exploitation Workshop Tirana,2018-12-01,2018-12-15,f,411,,9,,2024-07-10 10:18:37,0a63aa29-440b-4a9b-bbce-29cf5fef8712
2790,Antragskorrektur UIA | 2019,2019-01-01,2019-01-31,f,407,,8,,2024-07-10 10:18:37,3a64c2ba-20ad-497c-a3fc-00b6d4f630a7
2789,Antragskorrektur UIA | 2018,2018-11-20,2018-12-31,f,407,,8,,2024-07-10 10:18:37,726e8ed9-c376-4bf4-ac8c-fdb775448baf
2793,Antragskorrektur 2018,2018-11-01,2018-12-31,f,410,,8,,2024-07-10 10:18:37,c70d7630-d1e2-4cc8-b491-6815b1a5e1eb
2796,Antragskorrektur 2019,2019-01-01,2019-04-03,f,412,,8,,2024-07-10 10:18:37,ff72f553-0379-441c-80d2-f42f6a2831e2
2782,Koordination,2019-01-01,2022-02-28,f,396,31186800,8,2741,2024-07-10 10:18:37,75522d0d-cf65-4716-b84d-5268f05c57ab
2783,Öffentlichkeitsarbeit,2019-01-01,2022-02-28,f,396,10368000,8,2741,2024-07-10 10:18:37,91f71e5c-65a5-40fe-9718-767c84a5ee8f
2728,WP5 - Project management (2021),2021-01-01,2021-12-31,f,383,1036800,8,2823,2024-07-10 10:18:37,d2f6a1af-3118-48eb-a221-de8954d2d39f
2780,WP 2019 Planung (später löschen),2019-01-01,2019-01-31,f,402,,8,,2024-07-10 10:18:37,0325ecfa-3f45-4628-8e71-ec0cdfa51117
1761,"MinWaterCSP 2017 - 2018  19,16PM",2017-01-01,2017-12-31,f,261,9936000,8,,2024-07-10 10:18:37,70d2650a-5b40-4987-9e81-8a902ea5c4d5
2798,2019 Überstunden,2019-01-01,2019-12-31,f,414,,9,,2024-07-10 10:18:37,f6649043-3331-4137-952a-cde8aada88ee
2799,2019 EEN Unterauftrag SIG,2019-01-01,2019-12-31,f,415,,9,,2024-07-10 10:18:37,3eb19cc3-3123-4b64-8a94-c394ad434023
2606,WP Unterauftrag EEN,2018-01-01,2018-12-31,f,369,,9,,2024-07-10 10:18:37,194cbb53-a187-43dc-8e46-43ca0bc856a0
2357,xxxxWP 07 - 2018 (13197 € = ca. 550 h),2018-01-01,2018-12-31,f,183,1980000,9,2205,2024-07-10 10:18:37,f9d2613b-cf24-41bb-830e-870b0691d887
1191,"WP1 Task 1.3 + 1.7 | PMGT | 25PM; M1-18 REPORTED: 8,13PM, geblockt M19-23: 3.22 PM; ab 2017 13,65PM",2017-01-01,2020-01-31,f,189,7075800,9,1760,2024-07-10 10:18:37,5c4f6e2b-b2cc-4ae2-a776-5314a243429d
2205,WP 07 - 2018 (13197 € = ca. 550 h),2018-01-01,2018-12-31,f,183,,9,,2024-07-10 10:18:37,2d161580-6bd7-4beb-afbd-4c92ec53b278
2801,Expert Contract,2018-11-01,2018-11-30,f,418,,8,,2024-07-10 10:18:37,08f208e6-e14e-4f00-be43-7882d8feac32
2622,T5.3 Policy recommendations 2018,2018-04-01,2018-12-31,f,285,,8,2062,2024-07-10 10:18:37,e5f79afc-b3cf-46d2-9aa9-bad09f246862
2806,ClusterAgentur 2020,2020-01-01,2020-12-31,f,325,,8,2347,2024-07-10 10:18:37,328285dc-b2e0-4003-bb9b-cb29aee0ac9d
2807,ClusterAgentur 2021,2021-01-01,2021-12-31,f,325,,8,2347,2024-07-10 10:18:37,f1d82e0a-06a1-419e-bac8-706aabd0d0ed
2998,WP3 Unterstützung Pilotprojekte,2020-08-01,2021-03-31,f,462,,9,,2024-07-10 10:18:37,372d7aa9-34d4-4592-b76f-7b86215de347
2816,KAM,2020-01-01,2021-12-31,f,417,,8,,2024-07-10 10:18:37,63823ebb-34b6-42c4-9dd4-06aba8726aa4
2817,EEN 2020-2021,2020-01-01,2021-12-31,f,416,,8,,2024-07-10 10:18:37,10e16a73-563d-4127-a4d8-bb0c44f7c74e
2809,Expert Contract - Review Meeting and Reporting,2019-01-01,2019-02-28,f,422,86400,8,,2024-07-10 10:18:37,64a57d31-3240-4ded-a084-2f4cd6e2680f
2821,SENET-2019,2019-01-01,2019-12-31,f,383,,8,,2024-07-10 10:18:37,c3a0191b-64ec-47a4-9aed-696f96a53b9a
2811,S2i FlexSt 2020,2020-01-01,2020-12-31,f,320,,8,,2024-07-10 10:18:37,52ab0d09-3783-4055-829f-18a3dfceb870
2822,SENET-2020,2020-01-01,2020-12-31,f,383,,8,,2024-07-10 10:18:37,adb42905-05d9-4eb1-b941-025e9e311ba5
2824,IDIH-2019,2019-01-01,2019-12-31,f,387,8484300,8,,2024-07-10 10:18:37,a4df57ea-9d16-4f37-b122-0afe68a4c5ab
2825,IDIH-2020,2020-01-01,2020-12-31,f,387,14022000,8,,2024-07-10 10:18:37,4cda6e75-e40d-4edc-97cc-d5cca29d1f5e
2827,IDIH-2022,2022-01-01,2022-12-31,f,387,544500,8,,2024-07-10 10:18:37,0f8904e9-ae45-481b-b199-898be8d980d1
2828,Workshop 2018,2018-09-01,2018-10-31,f,401,,8,,2024-07-10 10:18:37,75ad0879-8718-4560-8762-0da6d5e492bc
2830,S2i FlexSt 2021,2021-01-01,2021-12-31,f,320,,8,,2024-07-10 10:18:37,0966f107-c70b-4796-9d48-fc23f20900e5
2831,S2i Business 2021,2021-01-01,2021-12-31,f,259,,8,,2024-07-10 10:18:37,3cea7205-a5b4-4cda-a667-626aae7f10fe
2832,SIG Business 2020,2020-01-01,2020-12-31,f,321,,9,,2024-07-10 10:18:37,8655e713-9f80-4083-b5e1-8f2c4fcd3730
2833,SIG Business 2021,2021-01-01,2021-12-31,f,321,,9,,2024-07-10 10:18:37,ecadf336-965e-45ec-b028-d8f9fc09fc73
2834,SIG Business 2022,2022-01-01,2022-12-31,f,321,,9,,2024-07-10 10:18:37,1ee80729-0c44-48d4-b216-42c46d785a92
2835,KET4CP-2020,2020-01-01,2020-12-31,f,326,,8,,2024-07-10 10:18:37,19e483d9-7077-43ca-9832-3f761d5dbda6
2511,WP1.Project Management 2018-2019,2018-01-01,2019-06-30,f,280,5504400,9,850,2024-07-10 10:18:37,36cea760-981d-4a54-9058-606167aaeab8
2794,Antragskorrektur 2019,2019-01-01,2019-05-31,f,410,,8,,2024-07-10 10:18:37,66782daa-560c-46f2-b850-58ac2ecab199
2819,EU-Konform_PhaseII_Topalis,2019-01-01,2019-08-31,f,420,392400,8,,2024-07-10 10:18:37,8abdf073-5697-4811-a93d-24225a5e33d0
2836,Netzwerk BPL2020,2020-01-01,2020-12-31,f,400,,8,,2024-07-10 10:18:37,aaf698ce-052a-4162-a7fd-77147d3bd16d
2512,WP2. Communication 2018-2019,2018-01-01,2019-06-30,f,280,2383200,9,,2024-07-10 10:18:37,64c279ec-ab3d-4e10-a9b5-c161c01817cd
2335,Cross-Clustering 2018,2018-01-01,2018-12-31,f,325,496800,8,2804,2024-07-10 10:18:37,5125587c-e512-4a06-b6bf-3dae6592ed78
2353,Hands-on TT - 2018,2018-01-01,2018-12-31,f,325,288000,8,2804,2024-07-10 10:18:37,dbae1269-1c8d-4183-ac78-ee3a2d508dd2
2466,Motivations TT 2019,2019-01-01,2019-12-31,f,325,154800,8,2805,2024-07-10 10:18:37,0ed142dd-f2fd-436d-acb2-84d201277681
2860,Training 14.05.2019,2019-04-01,2019-05-31,f,429,,8,,2024-07-10 10:18:37,b4d1c069-71de-430e-967c-b44915fa95c7
2560,Pflichtteil - 2019,2019-01-01,2019-12-31,f,325,342000,8,2805,2024-07-10 10:18:37,fb0f52aa-69da-486f-89e1-38b2639a7daa
2634,WP1.Exchange of Experience,2018-06-01,2019-12-31,t,360,3524400,9,2593,2024-07-10 10:18:37,4b761225-64da-4d07-8d8e-3cc853fe6092
2283,Unterstützung PA8 und WG ITT,2017-12-01,2019-11-30,f,333,2192400,9,,2024-07-10 10:18:37,af73a722-eb7d-4483-badf-5ff577fc5c60
2268,Pflichtteil löschen,2018-01-01,2021-12-31,f,325,1692000,8,2347,2024-07-10 10:18:37,cd098953-974e-4149-bab8-622506ddddf4
2904,WP0 GK,2019-01-01,2019-12-31,f,312,,8,,2024-07-10 10:18:37,8a4bdd88-8edb-4c4b-84c3-815b86be5520
2876,WP C-Period 1,2019-01-11,2019-06-30,f,430,,8,2875,2024-07-10 10:18:37,d8bf7e43-a428-45c1-924f-2c2770fb3ee3
3002,Team Gohla: EIMC AITAD,2019-06-01,2019-08-31,f,341,201600,8,2579,2024-07-10 10:18:37,60121e51-fbd6-4238-9bf7-7fd0d7a68ab4
2712,WP1 - Health priorities (Nur 2019),2019-01-01,2019-12-31,f,383,1814400,8,2821,2024-07-10 10:18:37,284a35ff-6549-4a60-9feb-8203f50015ea
2859,WP6. Recommendation,2019-01-01,2019-12-31,f,364,1425600,8,2591,2024-07-10 10:18:37,c201fc57-69b9-4f17-bdbe-7b8ecbc2f5ae
2467,Motivations TT-  2020,2020-01-01,2020-12-31,f,325,144000,8,2806,2024-07-10 10:18:37,25ac8db3-21be-49ed-8b1c-5973dbb30124
2742,Öffentlichkeitsarbeit 2020,2020-01-01,2020-12-31,f,396,475200,8,2783,2024-07-10 10:18:37,850586e0-8b64-4d2a-ad54-ba044ae00d76
2777,SCIS Unterauftrag von S2i 2019,2019-01-01,2019-12-19,f,404,3168000,9,,2024-07-10 10:18:37,b0904236-ca36-4a77-9318-532fe95c2203
2823,SENET-2021,2021-01-01,2021-12-31,f,383,,8,,2024-07-10 10:18:37,0972e95b-f45f-41ab-a621-df8203ce8c5f
2716,WP2 - Health Networking Hub (2021),2021-01-01,2021-12-31,f,383,518400,8,2823,2024-07-10 10:18:37,084642e7-607f-4d48-bb8a-a332e1280847
2855,WP5. Blended Learning experience,2019-07-01,2021-12-31,f,359,1296000,8,2589,2024-07-10 10:18:37,0c8d03d8-95de-4b77-9a8a-9eaf4e08999f
2478,Postionsbestimmung -2021,2021-01-01,2021-12-31,f,325,680400,8,2807,2024-07-10 10:18:37,ee3ed30a-ffed-4fd5-ae03-9a6bdca6f80b
2873,WP M-Period 1,2019-01-11,2019-06-30,f,430,,8,2872,2024-07-10 10:18:37,4e6f4420-c4cf-41e9-a695-be37df7eb4d2
2877,WP C-Period 2,2019-07-01,2019-12-31,f,430,,8,2875,2024-07-10 10:18:37,f5e0c62c-f722-4e78-ad29-16f7e2b63120
2879,WP LT-Period 1,2019-03-01,2019-06-30,f,430,,8,2878,2024-07-10 10:18:37,cdc8ae6f-5700-4386-bd03-8c2013e28d71
2880,WP LT-Period 2,2019-07-01,2019-12-31,f,430,,8,2878,2024-07-10 10:18:37,511e1489-0888-4ace-b1f4-691b8f52a555
2881,WP1 Project Management,2019-01-01,2020-12-31,f,388,259200,8,,2024-07-10 10:18:37,e4c1e798-270a-4dbd-b19e-6ae33dd1ee35
2882,WP2 EPDM co-production,2019-02-01,2020-06-30,f,388,259200,8,,2024-07-10 10:18:37,43f1db32-ddef-4c81-8efa-5c0222cdcea0
2883,WP3 EPDM in action,2019-03-01,2020-05-31,f,388,,8,,2024-07-10 10:18:37,592599a2-e100-42d0-9616-c49084e6a678
2885,WP5 Communication and Dissemination,2019-01-01,2020-12-31,f,388,2437200,8,,2024-07-10 10:18:37,da080849-a852-4417-a87e-7f029a587d92
2891,WP3 - Tool Development,2019-07-01,2022-03-31,f,419,255600,9,,2024-07-10 10:18:37,d6bdeeac-a5c4-4bf0-a0d6-2847ded3c3ae
2899,Meetings in Brüssel,2019-03-01,2020-06-30,f,436,108000,9,,2024-07-10 10:18:37,60c2c6d6-f06a-4288-baf9-31ee6fa7e4fa
2889,WP2 - Reference,2019-04-01,2019-09-30,f,419,252000,9,,2024-07-10 10:18:37,fc172dc3-ed33-4e67-8155-4ee3470ada2f
2898,Antragskorrektur 2019,2019-01-01,2019-02-28,f,435,,8,,2024-07-10 10:18:37,decb75b5-5b22-4200-bd53-27d16ff76793
2900,Remote Work,2019-03-01,2020-06-30,f,436,2304000,9,,2024-07-10 10:18:37,6be834b9-3ecb-45e3-972e-cde78d183b2f
2969,EU-KONFORM: ASB,2019-05-01,2019-07-31,f,454,,8,,2024-07-10 10:18:37,4f959884-37aa-4cf4-95e2-6b2d9c06bf26
2909,WP0 GK,2019-01-01,2019-12-31,f,326,,8,,2024-07-10 10:18:37,edfac5e6-6298-495d-9a30-c3f8d2339c8c
2571,Social Seeds 2019,2019-01-01,2019-12-31,f,332,,9,,2024-07-10 10:18:37,58e18caa-4090-47a9-8d3b-75252da5afbb
2913,Antragsübersetzung DE - FR,2019-03-01,2019-04-30,f,438,,8,,2024-07-10 10:18:37,42d7dba1-3c3a-4b67-8b83-1b04c46036dc
2915,WP1 - Project management,2019-01-01,2021-08-31,f,386,644400,8,,2024-07-10 10:18:37,0f3b960d-3265-443a-a8d9-ca2f8531c61a
2916,"WP2 - Dissemination, communication",2019-01-01,2021-06-30,f,386,2581200,8,,2024-07-10 10:18:37,aa57a41f-a0b9-4f90-a1a3-c01c258983bc
2917,WP3 - Call for proposals,2019-01-01,2021-01-31,f,386,,8,,2024-07-10 10:18:37,35166b3e-c38e-4137-b849-43b45b56cd24
2875,WP C-Communication,2019-01-11,2023-07-10,f,430,,8,,2024-07-10 10:18:37,5a18cdcb-24b8-4557-a5ab-63c0d68ec76e
2878,WP LT-Long Term,2019-03-01,2023-07-10,f,430,,8,,2024-07-10 10:18:37,b3fabd61-bb73-439f-b711-4aac3870ce18
2872,WP M-Management,2019-01-11,2023-07-10,f,430,,8,,2024-07-10 10:18:37,819f8712-a536-4f38-b2a4-94ce6fa43296
2892,WP10 - Comm Diss,2019-04-01,2023-11-30,f,419,514800,9,,2024-07-10 10:18:37,ddbe2f1c-fbb1-4107-b0fc-64f2629b582f
2826,IDIH-2021,2021-01-01,2021-12-31,f,387,6498000,8,,2024-07-10 10:18:37,5bfdd00b-4e54-433a-abb3-ea72099dcaf0
2888,WP1 - Management 2019,2019-04-01,2023-11-30,f,419,252000,9,,2024-07-10 10:18:37,ce590d88-8d9b-4468-a640-03322d5152bd
2863,WP1 Task 1.1- Scientifical and technical management,2019-01-01,2020-12-31,f,389,180000,8,,2024-07-10 10:18:37,e8b2187a-4308-41fa-9018-1f194a01731e
2865,WP1 Task 1.3 Internal communication and knowledge management,2019-01-01,2020-12-31,f,389,900000,8,,2024-07-10 10:18:37,e68c631d-209c-44ac-95a9-c981c7714159
2866,WP7 Task 7.1- Tools for communication and dissemination,2019-01-01,2019-06-30,f,389,900000,8,,2024-07-10 10:18:37,3251592b-86a4-4bbe-b10e-b8a91f90edb3
2869,WP7 Task 7.4- Management of IP and technology watch,2019-04-01,2020-12-31,f,389,900000,8,,2024-07-10 10:18:37,5df00f87-0ca0-4d75-8faf-cc665ef63e2f
2867,WP7 Task 7.2- Dissemination and exploitation plan,2019-01-01,2019-09-30,f,389,900000,8,,2024-07-10 10:18:37,eda7be6d-4cb9-439e-a7ef-17ee1892ff83
2868,WP7 Task 7.3- Communication campaign and dissemination activities,2019-03-01,2020-12-31,f,389,540000,8,,2024-07-10 10:18:37,01ee7c7e-d6e8-4373-8163-be83c4b99ec1
2870,WP7 Task 7.5 Coordination and advisory committee,2019-01-01,2020-12-31,f,389,144000,8,,2024-07-10 10:18:37,715f8ef2-57ca-44ec-b006-29ea10cd35b0
2871,"WP7 Task 7.6 Developement of exploitation strategies,...",2019-10-01,2021-12-31,f,389,,8,,2024-07-10 10:18:37,5165a3cd-ca22-42c4-b0d8-b08cdbacc9c8
2918,WP4 - Impact Assessment and Implementation Analysis,2019-01-01,2021-03-31,f,386,2836800,8,,2024-07-10 10:18:37,b94ed83f-550e-4f64-a697-407068d3ef1f
2919,WP5 - R&I policy recommendations,2019-03-01,2021-06-30,f,386,,8,,2024-07-10 10:18:37,abffb3b3-d08b-4251-b4be-41bc20542e0d
2920,Orga: Unicorn oder Transformer,2019-04-04,2019-10-31,f,439,,8,,2024-07-10 10:18:37,de839c96-449d-4aac-84d7-8d31c2adddee
2921,Beratung vor Ort,2019-09-01,2019-10-31,f,439,,8,,2024-07-10 10:18:37,f9595d23-a0aa-4d47-a2e7-303c0a6a2507
2922,SIBE Brazil- Seminar,2019-04-01,2019-04-30,f,440,28800,8,,2024-07-10 10:18:37,cdfb3dcf-e099-4dc3-84e7-5d6a3deacb66
2923,H2VALLEY Antragsunterstützung,2019-01-23,2019-04-23,f,441,,8,,2024-07-10 10:18:37,3f4ad5af-5436-4882-8b39-ef8193fe0a1b
2925,IMG sbp Sonne 2019,2019-05-01,2019-12-31,f,448,,8,,2024-07-10 10:18:37,815baaa0-16c2-4a99-867c-cd90db09a2f2
2818,S2i Business 2020,2020-01-01,2020-12-31,f,259,,8,,2024-07-10 10:18:37,6f13cfad-14ea-45ff-82ea-5d7c31a72dac
2324,FIT-Team,2018-01-01,2018-12-31,f,259,,8,2201,2024-07-10 10:18:37,70e76b3c-6a62-4c5b-8fa1-4ea7f331c2c5
2926,DHBW Beratung,2019-01-01,2019-12-31,f,451,,9,,2024-07-10 10:18:37,074acd8b-26a5-4d1d-bc23-55c164b924ef
2927,HAW Beratung,2019-01-01,2019-12-31,f,451,,9,,2024-07-10 10:18:37,c14c1176-018b-4871-9330-abeea363d2ff
2967,Innoadditive Lump Sum,2019-11-01,2019-10-31,f,457,,8,,2024-07-10 10:18:37,6ca8479a-b538-4763-bc61-61ed8efdede3
2893,Antragsbegleitung,2019-02-01,2019-12-31,f,434,,8,,2024-07-10 10:18:37,90329565-9de5-4c98-baae-7bf82c15b8ad
2930,CABW 2019,2019-01-01,2019-12-31,f,452,1296000,9,,2024-07-10 10:18:37,2ac8dc0e-71d4-4259-b001-8ca64cb1e846
2999,WP4 Abschlussveranstaltung,2021-03-01,2021-05-31,f,462,,9,,2024-07-10 10:18:37,41feb908-5d1a-4403-9f81-a859a6aa5413
2748,WP3: Pilot operation - 2018,2018-12-01,2018-12-31,f,309,291600,9,2196,2024-07-10 10:18:37,b233b8e2-58e7-4f99-8996-5e7284f80723
2964,Netzwerkaktivitäten W4E,2019-01-01,2019-12-31,f,461,331200,8,,2024-07-10 10:18:37,96beaffe-d6c3-451e-b3ae-f445a18892bd
2933,WP2: Design and integration - 2018,2018-01-01,2018-12-31,f,309,2131200,9,2195,2024-07-10 10:18:37,4f687398-45dc-4fcc-87e9-f833d70c13ab
2934,WP2: Design and integration - 2019,2019-01-01,2019-12-31,f,309,1238400,9,2195,2024-07-10 10:18:37,65aa9a73-09c1-4d92-8bb1-a07b4b171b4f
2942,Mediri Implementierung,2019-01-01,2022-03-31,f,447,1548000,8,,2024-07-10 10:18:37,bf58156b-9f47-443f-b8f4-0e272d75368d
2943,DTC Craiova 2019,2019-09-15,2019-12-31,f,446,,8,,2024-07-10 10:18:37,fb7fe3f2-f583-4c47-888f-abc6935a7c49
2948,Webinar InnoCapacity,2019-06-01,2019-06-30,f,459,,8,,2024-07-10 10:18:37,54ffffda-d721-4673-bd98-62cfedbfdffe
2949,EU-KONFORM: Systematic | Tridimeo,2019-05-16,2019-06-15,f,460,,8,,2024-07-10 10:18:37,587de879-73bd-44ff-aaf4-e323256bc85a
2950,T1.3 Quality Assurance and risk management,2019-01-01,2020-12-31,f,388,259200,8,2881,2024-07-10 10:18:37,7b529563-bd71-4b8e-b878-ddb8da9f738f
2951,T2.1 Co-design workshops,2019-02-01,2019-04-30,f,388,216000,8,2882,2024-07-10 10:18:37,79d3336a-3b9c-4360-92fc-a27851ec5ebb
2958,T5.3 Promotional materials,2019-01-01,2020-12-31,f,388,900000,8,2885,2024-07-10 10:18:37,182c2b60-b80c-4964-bb73-75bb718af406
2959,T5.4 Dissemination and exploitation plan,2019-01-01,2020-12-31,f,388,360000,8,2885,2024-07-10 10:18:37,13b5e1bd-42e2-4181-8233-bf4a32bc93d2
2957,T5.2 Project website as exchange platform and online and social media presence,2019-03-01,2020-12-31,f,388,900000,8,2885,2024-07-10 10:18:37,e0244666-fb5b-4850-9b55-87afbc33965e
2960,T5.6 Dissemination of developed tools and results within the project and evaluation,2019-03-01,2020-11-30,f,388,97200,8,2885,2024-07-10 10:18:37,23531918-f0a1-42d0-b375-5b26918e8596
2944,Projektmanagement: Donaujustizministerkonferenz,2019-06-04,2019-10-31,f,456,,8,,2024-07-10 10:18:37,bcf7a88a-e5fd-4f79-ace0-ed6f7bc94bfa
2962,Prozessbegeleitung CI 2-2019,2019-01-01,2019-12-31,f,325,295200,8,2805,2024-07-10 10:18:37,ff5fb421-8429-4cf6-81fc-804a92355ff9
2275,Vanguard-Stützpunkt BW 2018-2020,2018-04-01,2020-03-31,f,327,9360000,8,,2024-07-10 10:18:37,8f16c207-0d47-45f4-aa3b-4c81158b3148
3021,AP: Events,2019-08-29,2022-08-28,f,475,,8,,2024-07-10 10:18:37,d34ec7cd-d59a-4088-a2f9-1a0cc419652d
2945,WP1. WG structure proposal,2019-04-01,2019-05-31,f,450,108000,8,,2024-07-10 10:18:37,8329778b-cdb8-4788-b85f-3403553bcf0f
2946,WP2. WG Meetings,2019-06-01,2019-09-30,f,450,144000,8,,2024-07-10 10:18:37,e7388651-e2df-459f-8e43-1efc70fb501f
2968,WM SI 2019,2019-06-21,2019-12-31,f,462,1800000,9,,2024-07-10 10:18:37,fbdbc490-2eca-4057-9c90-73864b88bedb
2963,Women4Energy Conference,2019-07-01,2019-12-31,f,461,1742400,8,,2024-07-10 10:18:37,be2523c5-91a4-4eba-9d8a-619b6aa27fea
2902,WP0 GK (2019),2019-01-01,2019-12-31,f,383,,8,2821,2024-07-10 10:18:37,631db8a8-84bc-49ed-a542-5327591fb30b
3029,WP0GK 2019,2019-08-29,2019-12-31,f,476,,9,,2024-07-10 10:18:37,16225631-3f38-43d7-a5ac-3ef8602a0a0a
2905,WP0 Planung 2021 (später löschen),2021-01-01,2021-12-31,f,368,,8,,2024-07-10 10:18:37,9bea9189-fb5a-4e62-aec3-70ec2222ac0c
2947,Team Fischer: EIMC: Talenter (Herr Hotz),2019-06-01,2019-10-30,f,341,201600,8,2579,2024-07-10 10:18:37,61423c1a-6304-4000-841d-84241199a206
2911,Team Gohla: EIMC: StudyBee,2019-02-01,2019-06-30,f,341,201600,8,2579,2024-07-10 10:18:37,f4759eff-71f3-46c6-a74b-9f3fae831c58
2897,Team Gohla: EIMC: KumaSoft,2019-01-01,2019-12-31,f,341,201600,8,2579,2024-07-10 10:18:37,770b9004-25c6-4856-84a5-af81dd8a2ef1
2912,Team Fischer: KAM: Ribler GmbH,2019-03-01,2019-12-31,f,341,86400,8,2578,2024-07-10 10:18:37,cf7156ce-de1b-49c8-b33c-ec17093a5750
2989,Team Fischer: KAM: MDX (Phase 1),2019-07-01,2019-12-31,f,341,86400,8,2578,2024-07-10 10:18:37,16c3d302-659d-45cf-8ca3-de54dbf65cc8
2961,Team Fischer: KAM: Hachtel (Phase II),2019-06-01,2019-12-31,f,341,144000,8,2578,2024-07-10 10:18:37,a7e99cb2-07e9-4ec5-8693-384321653917
3010,Cloud Mall Events Orga,2019-10-01,2020-03-31,f,470,,8,,2024-07-10 10:18:37,f7fea3bd-9445-4eb4-8ea7-3f579bbc0772
2907,WP0 GK - 2019,2019-01-01,2019-09-30,f,288,,8,,2024-07-10 10:18:37,2ea980cd-9852-4c52-b372-a0942f545f20
2932,Team Fischer: EIMC: envuco,2019-05-01,2019-12-31,f,341,201600,8,2579,2024-07-10 10:18:37,73c928da-e268-4cd4-a79d-aeb073a1b065
3165,WP2 Knowledge Synthesis,2020-07-01,2020-12-31,f,479,1036800,8,3144,2024-07-10 10:18:37,697e1091-df00-4925-a7d6-7bc80362bb9b
2884,WP4 FCHgo Award,2020-01-01,2020-12-31,f,388,154800,8,,2024-07-10 10:18:37,9d97af35-c297-417c-becd-a579989b9f39
2906,WP0 GK,2019-01-01,2020-12-31,f,389,,8,,2024-07-10 10:18:37,fd29b117-9968-45b0-b7de-259cc505697e
2955,T4.3 Development of impact measurement tools and adminstering of questionnaires and interviews,2020-03-01,2020-12-31,f,388,7200,8,2884,2024-07-10 10:18:37,1a2709bd-5602-4968-8372-4d411ca60434
2953,T2.5 Educational delivery model validation,2020-01-01,2020-05-31,f,388,43200,8,2882,2024-07-10 10:18:37,1d06de82-56e0-4fc3-98be-ea5f2e7fcdc3
2956,T5.1 Corporate Identity,2019-01-01,2020-12-31,f,388,180000,8,2885,2024-07-10 10:18:37,5c854312-422f-428e-959c-1f0a1a52a81f
2954,T4.2 Selection of the best activities per country per each level of school,2020-08-01,2020-10-31,f,388,72000,8,2884,2024-07-10 10:18:37,d9d577ea-e5a5-49b1-892a-2bfc09ab4dd7
2845,FCHgo! Planung,2019-01-01,2020-12-31,f,388,,8,,2024-07-10 10:18:37,819c3a8a-4256-4557-957c-30c6e91e7f83
2936,WP Planung,2019-09-01,2022-02-28,f,445,,9,,2024-07-10 10:18:37,2a066aea-d71b-489c-bcd1-c2a0e3f7ea0b
2971,Sondermaßnahme FuE Radar 2019,2019-04-01,2019-12-31,f,325,,8,2805,2024-07-10 10:18:37,42c28e9f-2a38-4c70-a371-b299574d95b0
2391,T1.4 Motivate SME - 2019,2019-01-01,2019-12-31,f,326,172800,8,2386,2024-07-10 10:18:37,9d3761c1-f28d-48ac-b828-585738d00362
2393,T1.5 Authorities - 2019,2019-01-01,2019-06-30,f,326,518400,8,2386,2024-07-10 10:18:37,846abf2e-d3f1-4e6a-9fce-4bda58e694dd
2396,WP3_2019 - 2019,2019-01-01,2019-12-31,f,326,1328400,8,2272,2024-07-10 10:18:37,af7495f6-f5c2-4132-a9f0-d723e519adab
2979,ATELIER 2019-2024 WP0GK 19,2019-11-01,2019-12-31,f,449,,9,2929,2024-07-10 10:18:37,5bd801d0-898f-452c-bc65-720588235229
2980,ATELIER 2019-2024 WP0GK 20,2020-01-01,2020-12-31,f,449,,9,,2024-07-10 10:18:37,06fb6775-180d-444e-9641-764698497922
2389,T1.3 Motivate EEN-2020,2020-01-01,2020-12-31,f,326,284400,8,2388,2024-07-10 10:18:37,a71440c3-2990-49ca-8e08-99c026eb3902
2426,T3.1 Call publish-2019,2019-01-01,2019-12-31,f,326,259200,8,2396,2024-07-10 10:18:37,596d2543-0d59-499d-9260-d51d5c4ec5a8
2433,T3.3 MicroGrant GA-2019,2019-01-01,2019-12-31,f,326,414000,8,2396,2024-07-10 10:18:37,f0b681b5-d8db-4a52-9865-a76983eca329
2409,T5.3 Quality+Risk-2019,2019-01-01,2019-12-31,f,326,345600,8,2398,2024-07-10 10:18:37,081f01d3-4027-4d69-8a0e-64b419f2dacf
2412,T2.2 Platform-2019,2019-01-01,2019-12-31,f,326,604800,8,2394,2024-07-10 10:18:37,8437684d-7eee-405c-86bb-b7a030ce0ed6
2424,T2.8 BusinessPlan-2020,2020-01-01,2020-12-31,f,326,777600,8,2395,2024-07-10 10:18:37,a0ff7eae-60f0-4e4b-886f-9f1f3794394f
2984,T1.1 Needs+Potentials-2019,2019-01-01,2019-03-31,f,326,82800,8,2386,2024-07-10 10:18:37,7f74c4df-c042-40a8-b4a1-059358c5c2f6
2985,T2.4 KET Facilitators- 2019,2019-01-01,2019-12-31,f,326,25200,8,2394,2024-07-10 10:18:37,2df5983e-0744-4a7f-83a9-82e99bde639c
2986,TRIANGULUM Final Conference,2019-08-01,2019-09-30,f,463,,8,,2024-07-10 10:18:37,f14bef72-5d43-482a-a133-ff824e302a60
2820,Team Fischer: EIMC: Filitime GmbH,2019-01-01,3019-04-30,f,341,201600,8,2579,2024-07-10 10:18:37,1d0d22e2-6772-484a-89b0-6023572d6e2c
2974,Team Gohla: EIMC: apic.ai,2019-05-01,2019-11-30,f,341,201600,8,2579,2024-07-10 10:18:37,4a17ddef-ecb9-4695-bc9f-8e8cb2879e5a
2990,Team Gohla: KAM: Pace (Phase 2),2019-07-01,2019-12-31,f,341,144000,8,2578,2024-07-10 10:18:37,ef5c0816-1770-4559-9888-d3fc4baf6126
2814,Team Fischer: KAM: Vibrosonic GmbH (Phase II),2019-01-01,2019-12-31,f,341,144000,8,2578,2024-07-10 10:18:37,957dff59-0e78-4b01-ba37-a12370d0c613
3000,WP5 Überarbeitung Toolkit und Leitfaden,2021-04-01,2021-05-31,f,462,,9,,2024-07-10 10:18:37,56966dd4-d509-4609-8537-4327de3227be
3036,COSMHYC XL Planung 2020,,,f,389,,8,,2024-07-10 10:18:37,1feb8e7d-c321-43d2-956b-caded3244124
3001,Team Gohla: KAM: Kuebler Alfermi (Phase 1),2019-01-01,2019-12-31,f,341,86400,8,2578,2024-07-10 10:18:37,e44d0431-5325-440d-926d-1f74052e00fa
3003,Durchführung,2019-11-01,2019-11-30,f,469,,8,,2024-07-10 10:18:37,5983a64f-6648-4a72-be55-aa841f28a589
3005,EEN Connecting Competences,2019-08-01,2019-12-31,f,342,,8,,2024-07-10 10:18:37,2a4c463c-9389-4209-8800-6df0c1a176cc
3008,"Team Gohla: KAM: EMMTRIX TECHNOLOGIES GMBH (Phase 2, Accelorator)",2019-08-01,2019-12-31,f,341,144000,8,2578,2024-07-10 10:18:37,5e6b1830-6c33-4441-bac1-3953ec1ff430
2939,WP Planung 2023 (später löschen),2023-01-01,2023-12-31,f,443,,9,,2024-07-10 10:18:37,dbade99a-f8d1-4658-b96b-0395078fc209
3028,IC2PerMed,2020-01-01,2023-12-31,f,479,15339600,8,,2024-07-10 10:18:37,d92c4444-ad41-4a19-ae1b-3d477346eeb5
3019,WP0 Planung 2020 (später löschen),2020-01-01,2020-12-31,f,336,,8,,2024-07-10 10:18:37,3ec0a0f8-16db-4021-8470-704d6292c6e0
3020,WP Planung,2019-06-21,2019-05-31,f,474,,8,,2024-07-10 10:18:37,f3a12d3a-5370-4477-8104-89cba5b956eb
3007,"Team Gohla: KAM: HyImpulse Technologies Gmb (Phase 2, Accelorator))",2019-08-01,2019-12-31,f,341,144000,8,2578,2024-07-10 10:18:37,d84a951d-7867-4d7c-8f0d-05cab9378e5f
2931,Team Fischer: KAM: Remsgold (FTI),2019-03-01,2019-12-31,f,341,144000,8,2578,2024-07-10 10:18:37,53677acd-a923-4d7b-9cd1-4861acd67e42
3022,AP: Inhalt,2019-08-29,2022-08-28,f,475,,8,,2024-07-10 10:18:37,53d69992-df6e-45c9-b4c7-b3ad4218ea64
3024,AP: Inhalt,2019-08-29,2022-08-28,f,476,,9,,2024-07-10 10:18:37,d002420e-45d9-4f42-97ca-bae0f30023ad
3023,AP: Events,2019-08-29,2022-08-28,f,476,,9,,2024-07-10 10:18:37,aebc8643-db30-4f5c-9371-3739b1056ca0
2520,WP1 Analysing/Enabling the potential of wood mobilisation in EU- Regions,2018-02-01,2020-09-30,f,323,2462400,8,,2024-07-10 10:18:37,65acb513-eaaf-48da-918d-4146b05ecaa6
2523,T1.2 Inter-regional roadmaps to prepare efficient exploitation of innovations and best practices,2018-04-01,2019-09-30,f,323,518400,8,2520,2024-07-10 10:18:37,601efd9a-f7b5-4237-8bf4-33335d3ab480
3031,DoC 2020,2020-01-01,2020-12-31,f,480,,8,,2024-07-10 10:18:37,a43e112d-5b77-4829-aa43-3dba223c2ec9
3032,Orga Netwerktreffen,2020-01-01,2020-12-31,f,481,,8,,2024-07-10 10:18:37,ec19623f-d686-49be-956d-b4f0df3f49e5
3033,Team Herrmann: EIMC: Montanes GmbH,2019-09-01,2019-12-31,f,341,201600,8,2579,2024-07-10 10:18:37,21816650-dadd-4c6b-bbfc-b76332470dfd
3034,Team Herrmann: EIMC: Plumento GmbH,2019-09-01,2019-12-31,f,341,201600,8,2579,2024-07-10 10:18:37,a311b8b0-55fa-4c77-8dd7-9790405240bc
3035,DTC Craiova 2020,2020-01-01,2020-12-31,f,446,,8,,2024-07-10 10:18:37,ed2a5e8d-ec33-4042-99c9-6d6107cb3c12
3037,Planung ROSEWOOD4.0 S2i 2020,2020-01-01,2020-12-31,f,458,,8,,2024-07-10 10:18:37,f7348ffb-1bba-4b7e-bf7a-79d152b77c15
3038,ROSEWOOD4.0 SIG Planung 2020,2020-01-01,2010-12-31,f,477,,9,,2024-07-10 10:18:37,efdf27c3-8e08-42ba-9581-ebfd526ad64b
3040,2020 EEN Unterauftrag SIG,2020-01-01,2020-12-31,f,453,,9,,2024-07-10 10:18:37,1dfdb567-ad28-4a53-ab76-f2bbd5ec94d7
2853,MWK/DHBW Unterauftrag SIG,2020-01-01,2020-12-31,f,424,,9,,2024-07-10 10:18:37,a29bb52e-cd72-4bec-bb73-128eec1ce43e
3046,Team Bahr: EIMC: Davit,2019-09-01,2019-11-30,f,341,201600,8,2579,2024-07-10 10:18:37,741e6d51-b3fd-4588-a24a-066b02e63c31
2578,KAM 2019: Phase 1 = 3 Tage; Phase 2/Accelerator = 5 Tage; FTI = 5 Tage,2019-01-01,2019-12-31,f,341,,8,,2024-07-10 10:18:37,435c9ce1-d37c-4b20-8146-f81d97f42f43
2813,Team Fischer: KAM: Celendes (FET),2019-01-01,2019-12-31,f,341,144000,8,2578,2024-07-10 10:18:37,afd8367b-282c-492f-83da-6e2104ec0087
3044,Team Bahr: EIMC: Athos,2019-10-01,2019-12-31,f,341,67500,8,2579,2024-07-10 10:18:37,9e9bec3f-96c8-47b7-9ce6-434cd32b02f3
2991,Team Gohla: KAM: Ondosense (Phase 1),2019-01-01,2019-12-31,f,341,86400,8,2578,2024-07-10 10:18:37,ea3aadb1-2992-4414-9c8d-d2b261c04353
3006,"Team Bahr: KAM: Aquarray GmbH (Phase 2, Accelerator)",2019-08-01,2019-12-31,f,341,144000,8,2578,2024-07-10 10:18:37,d415b6cd-a285-4861-8b20-a2e9f2b53cf5
3009,"Team Bahr: KAM: LightnTec GmbH  (Phase 2, Accelerator)",2019-08-01,2019-12-31,f,341,144000,8,2578,2024-07-10 10:18:37,9043e084-312d-414b-9649-bf484c542c3c
3047,Team Bahr: EIMC:myconics,2019-08-01,2019-10-31,f,341,230400,8,2579,2024-07-10 10:18:37,e34c51cb-75dc-4188-8e7e-386994f72c59
2928,Team Fischer: EIMC: Avatimes: Max. 7 Tage = 56 Stunden pro Fall,2019-05-01,2019-12-31,f,341,201600,8,2579,2024-07-10 10:18:37,363c5e9c-45a1-45fb-977b-c7eb0c44850d
3045,Team Bahr: EIMC: Ferntech,2019-10-01,2019-12-31,f,341,67500,8,2579,2024-07-10 10:18:37,ee379421-15cb-4ca6-9479-38cfd14b1dcd
3042,Team Bahr: EIMC: Critalog,2019-10-01,2019-12-31,f,341,67500,8,2579,2024-07-10 10:18:37,937fe33e-9212-4f68-aa29-55791f8d34be
3043,Team Bahr: EIMC: Hiro,2019-10-01,2019-12-31,f,341,67500,8,2579,2024-07-10 10:18:37,76bc8368-e5db-4f64-a9fb-f3aed4cfccdb
2970,Team Fischer: EIMC: Hachtel GmbH-MUSS GELÖSCHT WERDEN,2019-07-01,2019-12-31,f,341,201600,8,2579,2024-07-10 10:18:37,81e09703-9f83-40b5-8f51-13082b198aaf
2937,WP7 Comm. Dissem. Exploit.,2019-10-01,2022-09-30,f,442,12870000,9,,2024-07-10 10:18:37,03250b84-66eb-4eda-8558-7ccaa732196d
2988,Team Fischer: KAM: Living Brain_Cogniti (Phase1),2019-07-01,2019-12-31,f,341,86400,8,2578,2024-07-10 10:18:37,b78ae4ed-f6fe-4b0a-9d6f-697fe6648a1d
2895,Team Fischer: EIMC: Halbautomaten,2019-01-01,2019-12-31,f,341,201600,8,2579,2024-07-10 10:18:37,88276949-6efb-4ca8-9761-cf3f3276943b
2896,Team Fischer: EIMC: Topalis,2019-01-01,2019-12-31,f,341,201600,8,2579,2024-07-10 10:18:37,2e74166a-706c-4153-a4fd-bf1e93bb2e51
3048,WP 1x1 Training,2019-10-01,2019-12-31,f,484,,8,,2024-07-10 10:18:37,cfbcef8f-af38-4fb4-b5a3-7a05910b013c
3015,WP0 Planung 2021 (später löschen),2021-01-01,2021-12-31,f,473,,8,,2024-07-10 10:18:37,bfdaf45e-2075-4186-a176-748f8eced3d0
2894,Team Bahr: EIMC: Adolf Ebhart GmbH,2019-01-01,2019-12-31,f,341,230400,8,2579,2024-07-10 10:18:37,2807dff4-89b7-4cd5-9672-36e843cabe56
3039,CABW 2020,2020-01-01,2020-12-31,f,452,,9,,2024-07-10 10:18:37,d1a896d3-2e3e-42d7-9a33-57ab298459a2
2935,WP Planung,2019-09-01,2021-10-31,f,444,,9,,2024-07-10 10:18:37,917edd0f-5e0f-4801-9edb-c1413d0957bc
3049,WP1_Assessing/ Enabling the potential of best practices in EU-regions,2020-01-01,2021-12-31,f,458,259200,8,,2024-07-10 10:18:37,761f2bc9-93f5-4624-912c-509b1f8f71f9
3059,WP1_Assessing/ Enabling the potential of best practices in EU-regions,2020-01-01,2021-12-31,f,477,259200,9,,2024-07-10 10:18:37,66f241e6-9068-4537-b9db-b2b1be288b4b
3061,WP2 Development of (new) business opportunities,2020-03-01,2021-12-31,f,477,777600,9,,2024-07-10 10:18:37,ab45428e-8e67-4c40-96e1-cca70bb83f09
3063,EUSDR-BarCamp Umsetzung,2019-09-01,2019-12-31,f,466,,8,,2024-07-10 10:18:37,6c5a9f39-ca39-412d-8efd-2d102d410f14
3064,EIMC/KAM Beratung in der SIG,2019-09-01,2019-12-31,f,482,,9,,2024-07-10 10:18:37,df2b0782-84bc-4274-a471-26798a015bfe
3065,EIMC/KAM Beratung in der SIG,2020-01-01,2020-12-31,f,483,,9,,2024-07-10 10:18:37,c0ccfcf7-60f7-47d8-a859-308e65554483
3067,Durchführung,2019-10-01,2019-11-30,f,486,,8,,2024-07-10 10:18:37,c69fe616-fa77-46f2-b7b4-b05f8ffae1bf
3076,"Team Bahr: KAM: LightnTec GmbH (Phase 2, Accelerator)",2019-09-01,2019-12-31,f,482,72000,9,3064,2024-07-10 10:18:37,d4f98d86-d95b-4b9a-9f35-f876a0490c07
3077,WP1 Project Management 1PM,2019-11-01,2024-10-31,f,449,514800,9,2929,2024-07-10 10:18:37,1e08cf05-0890-4e04-909f-af1f17e5cc09
3078,WP3 PED Innovation Atelier 4PM,2019-11-01,2022-04-30,f,449,2059200,9,2929,2024-07-10 10:18:37,4e887632-9e62-49e4-90fa-6488cc2888f5
3079,WP8 Collaboration with SCC Community 7PM,2020-11-01,2024-10-31,f,449,3603600,9,2929,2024-07-10 10:18:37,542fd67c-e98f-4edc-813f-04d10588eeba
3080,"WP10 Communication, Dissemination & Exploitation",2019-11-01,2024-10-31,f,449,23166000,9,2929,2024-07-10 10:18:37,f2a490c5-0c48-4f85-82ce-5a8b0eeaa055
3089,expert contract,2019-10-29,2019-10-31,f,485,86400,9,,2024-07-10 10:18:37,7525dd32-0cc6-4b2b-8cdc-02832e9972b2
3090,H2Performer Umsetzung,2019-01-01,2019-12-31,f,488,,8,,2024-07-10 10:18:37,d6051e24-b8a9-47fc-8647-7c59d5e6571c
3092,Team Fischer: KAM Computonics (Phase 1),2019-10-01,2019-12-31,f,341,86400,8,2578,2024-07-10 10:18:37,cdd0b343-d6eb-4bc5-b99e-05ca62cf726d
3114,Team Herrmann: EIMC: Arculus GmbH,2019-10-01,2019-12-31,f,341,201600,8,2579,2024-07-10 10:18:37,381aacfa-9db6-42e1-a2ed-bb66f73931d3
3091,Team Fischer: KAM: Cybertronica (FETOpen - Innovation Launchpad),2019-10-14,2019-12-31,f,341,144000,8,2578,2024-07-10 10:18:37,c5acf77f-3cc7-447f-b979-51b8a68506e8
2579,EIMC 2019,2019-01-01,2019-12-31,f,341,,8,,2024-07-10 10:18:37,c7a85e2c-1360-4052-8812-e06a41afb22b
3093,Team Bahr: KAM Mecasa-AI (Phase 1),2019-10-01,2019-12-31,f,341,86400,8,2578,2024-07-10 10:18:37,5fde8e79-226e-4d17-b582-817db321421b
2803,WP 2: Creation and mobilisation of the European Smart Textile Innovation Ecosystem,2019-05-01,2022-04-30,f,406,1555200,9,2792,2024-07-10 10:18:37,599e9db2-a85d-4a43-8771-af2e57ec1ab0
3072,Team Bahr: EIMC: Critalog,2019-10-01,2019-12-31,f,482,162900,9,3064,2024-07-10 10:18:37,60b55270-2d2e-4b7b-9e5a-75ccd4313153
3101,WP1-Management 2020,2020-01-01,2020-12-31,f,295,1080000,8,,2024-07-10 10:18:37,e688d6f6-94c1-44b7-ad28-4920f872e099
3102,WP7-ComDissEx 2020,2020-01-01,2020-12-31,f,295,1566000,8,,2024-07-10 10:18:37,f9b453c0-cdeb-491e-a8ca-c176727ef282
3081,WP10 T10.1 Exploitation & IP Support 7PM,2019-11-01,2021-10-31,f,449,3603600,9,3080,2024-07-10 10:18:37,b1b8ff41-ea1f-4165-8c05-9a3c0c8cb7d6
3018,WP0 Planung 2023 (später löschen),2023-01-01,2023-11-30,f,409,,9,,2024-07-10 10:18:37,4285d04c-8261-4fdf-963e-4281772c7bbf
3051,WP2 Development of (new) business opportunities,2020-03-01,2022-03-31,f,458,1296000,8,,2024-07-10 10:18:37,b806988d-6ef7-43a3-9e93-d5f01dac3bf2
3062,WP5 Project Management,2020-01-01,2022-06-30,f,477,3110400,9,,2024-07-10 10:18:37,e384f6c3-4037-4cf2-97ce-918a60668185
3057,"WP4 Communication, dissemination, exploitation and collaboration with other initiatives",2020-01-01,2022-06-30,f,458,1036800,8,,2024-07-10 10:18:37,32a79edd-6ae8-4c92-8318-7eb60cb64cdb
3058,WP5 Project Management,2020-01-01,2022-06-30,f,458,1296000,8,,2024-07-10 10:18:37,e9b64ca3-8c6d-46e1-806d-3e1d769a2f4a
2977,WP9 Comm,2019-06-01,2023-11-30,f,409,10321200,9,,2024-07-10 10:18:37,f0fc7268-e0db-457c-986a-d5037c6d7a14
3030,WP0 GK,2019-08-29,2022-05-31,f,475,,8,,2024-07-10 10:18:37,11bb7e1b-9918-4c2d-a3f3-6cdbe8b3d75b
3083,WP10 T10.3 Support exploitation impact 7PM,2021-05-01,2024-10-31,f,449,3603600,9,3080,2024-07-10 10:18:37,10995730-63a5-45f5-85cc-6807bd75c5f5
3084,"WP10 T10.5. Dissemination and Communication Plan & Strategy 8,5PM",2019-11-01,2024-10-31,f,449,4377600,9,3080,2024-07-10 10:18:37,feda67fc-ff92-4a2d-9dd5-c4c7801fdb31
3085,WP10 T10.6. Printed Dissemination Materials 3PM,2019-11-01,2024-10-31,f,449,1544400,9,3080,2024-07-10 10:18:37,ab5ad298-a557-45e2-8912-83d060e7011f
3086,"WP10 T10.7. Digital Dissemination Materials 9,5PM",2019-11-01,2024-10-31,f,449,4892400,9,3080,2024-07-10 10:18:37,334aabd2-7115-4ea7-8d24-470d453d880d
3087,WP10 T10.8. Events 3PM,2019-11-01,2024-10-31,f,449,1544400,9,3080,2024-07-10 10:18:37,e877b76c-4839-4ecc-b90e-1115b09dd231
3014,WP9 Dissemination and Communication,2019-10-01,2023-09-30,f,443,4644000,9,,2024-07-10 10:18:37,8965ce31-0da0-481c-bac6-1d7777906fda
3082,WP10 T10.2 Innovative Business Models & Business Cases 7PM,2020-07-01,2024-10-31,f,449,3603600,9,3080,2024-07-10 10:18:37,e688f09b-6168-46d1-aeda-bf3d92b0db04
3127,EU-KONFORM: InnoSup 8,2020-09-01,2020-12-31,f,491,,8,,2024-07-10 10:18:37,3c4d614f-0943-4f5c-9e35-34629304947a
3103,WP10-Managment 2020,2020-01-01,2010-01-31,f,297,360000,8,,2024-07-10 10:18:37,557be433-6893-4a8a-ac64-375186043100
3106,WP6-Manufacturing 2020,2020-01-01,2020-12-31,f,297,72000,8,,2024-07-10 10:18:37,79240c6d-790a-459f-acb1-c1a44cac55ff
3125,Team Fischer: EIMC: PerMediQ,2019-01-01,2019-12-31,f,341,201600,8,2579,2024-07-10 10:18:37,c6cc92eb-8db3-4f4c-8660-bda778e2641b
3105,WP9-Communication 2020,2020-01-01,2020-12-31,f,297,612000,8,,2024-07-10 10:18:37,94a56ae0-dbc4-4cb0-bb4d-be269fe3299a
3104,WP8-ExpDissIP 2020,2020-01-01,2020-12-31,f,297,1476000,8,,2024-07-10 10:18:37,3b0a5794-b477-43df-af2b-719b63a74f0c
3111,"WP5 Communication, dissemination, exploitation",2019-09-01,2022-02-28,f,445,2127600,9,2936,2024-07-10 10:18:37,11b54bad-99f2-40bc-9db9-56ab4570730c
3120,WP6 Dissemination and exploitation,2019-09-01,2021-10-31,f,444,1263600,9,2935,2024-07-10 10:18:37,10d86cbf-1a3f-4426-8f01-cdce8e3a81e1
3110,WP4 Policy experimentation and Outcome measurement,2019-11-01,2022-02-28,f,445,1303200,9,2936,2024-07-10 10:18:37,ece7f9bd-974d-46d3-b23b-4b3bf50db5b2
3112,Team Herrmann: EIMC: KTC GmbH,2019-10-01,2019-12-31,f,341,201600,8,2579,2024-07-10 10:18:37,8583e8cf-6141-4de6-8fda-d34fb5cd788e
3124,Team Fischer: EIMC: routago,2019-09-01,2019-12-31,f,341,201600,8,2579,2024-07-10 10:18:37,d5f17d11-b777-4272-b69c-03becfc4907e
3116,WP2 Building capacity for policy impact,2019-09-01,2021-08-31,f,444,190800,9,2935,2024-07-10 10:18:37,7a072c0a-524f-4a84-ac1f-1000ee4cacf2
3118,WP4 Evaluation of results and impact,2019-09-01,2021-04-30,f,444,316800,9,2935,2024-07-10 10:18:37,4f6a31cb-4310-488e-bdc6-3e0771b27a5b
3107,WP1 Project Management,2019-09-01,2022-02-28,f,445,2131200,9,2936,2024-07-10 10:18:37,09b32290-b0b9-4207-9cd8-449a76c6cc3b
3094,WP 2: Creation and mobilisation - 2019,2019-05-01,2019-12-31,f,406,522000,9,2803,2024-07-10 10:18:37,dee7d7e5-67dc-48d7-91f8-3ed3fbde7f1f
3027,Europabeauftragte 2020,2020-01-01,2020-12-31,f,478,,10,,2024-07-10 10:18:37,894e983f-bd4e-479f-bb3a-f98706bfab11
3121,Europabeauftragte 2021,2021-01-01,2021-12-31,f,478,,10,,2024-07-10 10:18:37,24f302a1-a693-483c-a0ad-802743b3ca97
3123,Team Fischer: EIMC: Solavinea,2019-07-01,2019-12-31,f,341,201600,8,2579,2024-07-10 10:18:37,5eaa3bdc-2ff6-4930-a143-ee93c255fa27
3088,Industrial Solar,2019-10-01,2020-03-31,f,487,,8,,2024-07-10 10:18:37,5efe45ac-746d-4219-83bc-f92c63916782
3131,Team Gohla: EIMC Ineratec,2019-10-01,2019-12-31,f,341,201600,8,2579,2024-07-10 10:18:37,b91ba3b5-fb9c-4c3c-8a7a-497cd632c411
3132,Team Gohla: EIMC Inferics,2019-10-01,2019-12-31,f,341,201600,8,2579,2024-07-10 10:18:37,9411c65b-d859-49da-acef-63f11d836b14
3137,Team Bahr: EIMC - Social Synergy,2019-09-01,2019-12-31,f,341,201600,8,2579,2024-07-10 10:18:37,f5dc422d-3137-4686-a36b-97aae9b56bbe
3135,Team Gohla: EIMC Drees,2019-01-01,2019-12-31,f,341,201600,8,2579,2024-07-10 10:18:37,245ecc0f-56c8-4dda-97fe-7328f20509aa
3138,Team Bahr: EIMC cogniByte,2019-09-01,2019-12-31,f,341,201600,8,2579,2024-07-10 10:18:37,d13ee007-5d54-49e9-9106-9726c199295e
3140,Team Bahr: EIMC  Carbonauten,2019-09-01,2019-12-31,f,341,201600,8,2579,2024-07-10 10:18:37,cfdb20e2-04a5-465e-953a-c719312f685a
3142,Team Bahr: EIMC: Olmatic,2019-11-01,2019-12-31,f,341,201600,8,2579,2024-07-10 10:18:37,e39d430c-7292-4a0b-b9d4-bb903bf4be27
3113,Team Herrmann: EIMC: Schorn & Groh GmbH,2019-10-01,2019-12-31,t,341,201600,8,2579,2024-07-10 10:18:37,10b0bf22-4ffc-4d13-a6c7-4e7bced97da2
3122,Team Bahr: EIMC: Core Elements,2019-07-01,2019-12-31,f,341,230400,8,2579,2024-07-10 10:18:37,8f97d7fe-81d3-4d45-a01a-19c64fd5b42b
3073,Team Bahr: EIMC: Ferntech,2019-11-01,2019-12-31,f,482,162900,9,3064,2024-07-10 10:18:37,6b3ade45-7011-4d03-8d36-14957e8f13a9
3074,Team Bahr: EIMC: Hiro,2019-11-01,2019-12-31,f,482,162900,9,3064,2024-07-10 10:18:37,e3ca82d8-ac7c-4edc-9c34-cf0c29353395
3117,WP3 Execution of the large scale pilot,2020-03-01,2021-03-31,f,444,1425600,9,2935,2024-07-10 10:18:37,c46a6cbf-9f89-4943-ab28-30f7bd50c9bc
3075,"Team Bahr: KAM: Aquarray GmbH (Phase 2, Accelerator)",2019-09-01,2019-12-31,f,482,72000,9,3064,2024-07-10 10:18:37,155cdbbf-5e38-42b4-940e-b473cb37b939
3143,KET4CP-2021,2021-01-01,2021-12-31,f,326,,8,,2024-07-10 10:18:37,a0fafebf-672d-42a7-b735-64232eba12f4
3145,IC2PerMed - 2021,2021-01-01,2021-12-31,f,479,,8,3028,2024-07-10 10:18:37,e96bb8fe-218e-4eae-b08b-ef41998f1260
3146,IC2PerMed - 2022,2022-01-01,2022-12-31,f,479,,8,3028,2024-07-10 10:18:37,37773122-fea3-47e7-8e06-d25e58e470aa
3133,Team Gohla: EIMC IT-Kompass,2019-01-01,2019-12-31,f,341,201600,8,2579,2024-07-10 10:18:37,3475c3a8-7b6d-47bc-8d5c-700e4185c06c
3136,Team Gohla: EIMC Ascon Systems,2019-01-01,2019-12-31,f,341,201600,8,2579,2024-07-10 10:18:37,c43a81f6-75d6-40f8-9fc1-8317d28fb242
3115,WP1 Project Coordination,2019-09-01,2021-10-31,f,444,158400,9,2935,2024-07-10 10:18:37,e975a39d-19aa-46eb-9fd3-95bfe8d94204
3070,Team Bahr: EIMC: Aquarray-MUSS GELÖSCHT WERDEN,2019-10-01,2019-12-31,f,482,134100,9,3064,2024-07-10 10:18:37,b099fb4e-ee7c-4337-a918-3cb77d9c88fc
3066,Team Herrmann: EIMC: AgimeroGmbH,2019-09-01,2019-12-31,f,341,201600,8,2579,2024-07-10 10:18:37,1d7bec26-e19e-4ffa-8a24-a3125efc7435
3071,Team Bahr: EIMC: Athos,2019-11-01,2019-12-31,f,482,162900,9,3064,2024-07-10 10:18:37,19767233-882f-482c-b9b7-ec647f34143c
3095,WP 2: Creation and mobilisation - 2020,2020-01-01,2020-12-31,f,406,421200,9,2803,2024-07-10 10:18:37,40479129-be10-45ae-bba7-933be4c04ed2
3119,WP5 Communication and information,2019-09-01,2021-10-31,f,444,252000,9,2935,2024-07-10 10:18:37,1fd1c4d1-74d3-4fe4-9f00-9330d5e78b8d
3144,IC2PerMed - 2020,2020-01-01,2020-12-31,f,479,6228000,8,3028,2024-07-10 10:18:37,661c331e-f673-4ac6-a04b-d57d27ebb17b
3139,Team Bahr: EIMC 51 nodes,2019-09-01,2019-12-31,f,341,201600,8,2579,2024-07-10 10:18:37,534ba407-ff7c-4e35-aa09-d2bb38462d45
3128,WP5 - Workshops,2019-12-01,2022-11-30,f,471,2203200,8,,2024-07-10 10:18:37,a940b12c-61d7-487b-a367-d3c3503b1aea
3108,WP2 Analysis and investigation of the currently used Innovation Audits schemes,2019-09-01,2021-05-31,f,445,1184400,9,2936,2024-07-10 10:18:37,8867bd70-70fd-4c63-9701-31c20bc79ea8
3109,WP3 Development of the new Innovation Audit scheme to encourage innovation ecosystem for SMEs,2019-09-01,2021-08-31,f,445,1539000,9,2936,2024-07-10 10:18:37,8bb63e33-cef0-4685-b61b-a04a8d428b0a
3129,2020_F3:  EIMC Computomics GmbH,2020-05-01,2020-12-31,f,417,201600,8,2815,2024-07-10 10:18:37,6a83204e-7662-4eaf-8206-253778d81310
3151,WP4-Communication and Scale-EUp2 events,2019-01-01,2020-04-30,f,489,,9,,2024-07-10 10:18:37,6c90968e-e472-4b30-a410-9723d85d7fcb
3155,Agil 2019,2019-12-03,2019-12-31,f,493,,8,3154,2024-07-10 10:18:37,e5ebb1c1-90b2-427a-a079-e1f54328a049
3148,WP1-Identiifying High Potential Start Ups,2019-01-01,2020-04-30,f,489,,9,,2024-07-10 10:18:37,0bd99836-930f-4656-b745-795f30782684
3149,WP2-Opening European markets to scale-up,2019-01-01,2020-04-30,f,489,,9,,2024-07-10 10:18:37,0df868a9-9f8f-4197-92ef-9aff91a17ff9
3150,WP3-Attracting private and public finance to accelerate start-up growth,2019-01-01,2020-04-30,f,489,,9,,2024-07-10 10:18:37,36e3a0a3-8239-4dec-bdc6-28ee7a3135ff
3152,WP5-Disseminationn of project results,2019-01-01,2020-04-30,f,489,,9,,2024-07-10 10:18:37,99a0a6bf-3546-4ed7-8d61-500d1a64b02a
3153,WP6-Project Management,2019-01-01,2020-04-30,f,489,,9,,2024-07-10 10:18:37,746769b3-ea87-4cf7-9e20-70f6762275e5
3160,Team Bahr: KAM: Mecasa (Phase 1),2019-10-01,2019-12-31,f,482,43200,9,3064,2024-07-10 10:18:37,3d304789-62ad-4991-b1ef-20017794de1c
2495,SIG Business 2019,2019-01-01,2019-12-31,f,321,,9,,2024-07-10 10:18:37,36621585-2c6d-4936-a1e0-37adcec76807
3157,Agil 2020,2020-01-01,2020-09-30,f,493,,8,,2024-07-10 10:18:37,5e594dd8-8ddd-4477-b4ac-80d7a1a61129
3154,Zu bennen,2019-12-03,2020-09-30,f,493,,8,,2024-07-10 10:18:37,789331fa-3860-41ce-b6d8-d8819fbad542
3158,SCIS Unterauftrag von S2i 2020,2020-01-01,2020-12-19,f,404,,9,,2024-07-10 10:18:37,e925782b-151a-4973-96d7-c4f2640164f5
3163,2020_F2: EIMC k + k informations services GmbH,2020-01-01,2020-12-31,f,417,82800,8,2815,2024-07-10 10:18:37,f6df3100-208e-49a4-9014-95c9ed18176b
2862,WP.6 Policy recommendations,2019-11-01,2021-12-31,f,358,97200,8,2592,2024-07-10 10:18:37,af969332-8c6f-4a60-ace7-6105536d9398
3221,Roadmapping - 2020,2020-01-01,2020-12-31,f,452,144000,9,3039,2024-07-10 10:18:37,2b0f739c-7b97-4753-99e1-0e325b601781
3196,SmartX - 2020 - löschen,2020-01-01,2020-12-31,f,406,,9,,2024-07-10 10:18:37,70e71fb9-242e-4997-bf9c-1500881ee67e
3198,Remote Work S2i,2019-04-01,2019-12-31,f,504,,8,,2024-07-10 10:18:37,c18ec949-b235-43fc-be94-60922fb6af2f
3225,WP 0 löschen,2019-05-01,2019-12-31,f,406,,9,,2024-07-10 10:18:37,81c70e0c-e5ee-4386-ab4f-2dcdc8fe067e
3171,WP 2: Creation and mobilisation - 2021,2021-01-01,2021-12-31,f,406,378000,9,2803,2024-07-10 10:18:37,4b26dfdc-9c57-46f5-9af2-a848c8e8f86d
3173,WP 4: SME Coaching and Innovation Acceleration Services 2019,2019-05-01,2019-12-31,f,406,1260000,9,3169,2024-07-10 10:18:37,a8b0b3a5-c57b-442c-9cb5-0bac99d3e1a1
3174,WP 4: SME Coaching and Innovation Acceleration Services 2020,2020-01-01,2020-12-31,f,406,2642400,9,3169,2024-07-10 10:18:37,a8ff6aaf-20b7-4d04-997a-e56a8020ce25
3175,WP 4: SME Coaching and Innovation Acceleration Services 2021,2021-01-01,2021-12-31,f,406,2988000,9,3169,2024-07-10 10:18:37,97fe6754-5b2d-42d6-9a2e-62e4d6dbffab
3169,WP 4: SME Coaching and Innovation Acceleration Services,2019-05-01,2022-04-30,f,406,8294400,9,2792,2024-07-10 10:18:37,cb94e5cf-9bf1-4d96-9f98-8fbe8f45c912
3237,"WP 5 Continuous Improvement, Leveraging and Replication 2021",2021-01-01,2021-12-31,f,406,57600,9,3177,2024-07-10 10:18:37,e9d1a536-d70d-4add-aa3f-aacfc29c3d3f
3188,WP 6 Dissemination 2019,2019-05-01,2019-12-31,f,406,324000,9,3178,2024-07-10 10:18:37,049b622f-94f3-4869-ba1e-ea7e8451875a
3189,WP 6 Dissemination 2020,2020-01-01,2020-12-31,f,406,252000,9,3178,2024-07-10 10:18:37,692311ee-36d2-4011-8096-9f006cd869e8
3190,WP 6 Dissemination 2021,2021-01-01,2021-12-31,f,406,226800,9,3178,2024-07-10 10:18:37,6b94d26a-59bd-4930-91ab-9f203dc34a39
3172,WP 2: Creation and mobilisation - 2022,2022-01-01,2022-04-30,f,406,324000,9,2803,2024-07-10 10:18:37,8cb44656-34fd-4827-ac75-9f7231d325da
3176,WP 4: SME Coaching and Innovation Acceleration Services 2022,2022-01-01,2022-04-30,f,406,2667600,9,3169,2024-07-10 10:18:37,09b0edb2-225a-48e0-a44c-9ce777c88144
3202,WP9 D&C ab 2020,2020-02-01,2021-07-31,f,260,,9,,2024-07-10 10:18:37,75991bd4-4ecc-46c2-8765-03aa643a4873
3203,WP9 Exploitation ab 2020,2020-02-01,2021-07-31,f,260,,9,,2024-07-10 10:18:37,027d0645-2ad9-4522-a87c-818987c434e0
3201,WP8 ab 2020,2020-02-01,2021-07-31,f,260,,9,,2024-07-10 10:18:37,b082d9d1-7aa5-4cd7-a695-b8033fabfe7e
3200,WP1 ab 2020,2020-02-01,2021-07-31,f,260,,9,,2024-07-10 10:18:37,5b544171-78fb-4882-92a6-d934d3b676cd
3099,WP1 Management 2020,,,f,389,,8,,2024-07-10 10:18:37,46223d5f-468d-4a74-8599-8da6f2351278
3100,WP7 ComDissExp 2020,2020-01-01,2020-12-31,f,389,4176000,8,,2024-07-10 10:18:37,40ceb1ec-072d-4325-a8d9-ec91f14e6842
3178,WP 6 Dissemination,2019-05-01,2022-04-30,f,406,1036800,9,2792,2024-07-10 10:18:37,b53fc6fe-5063-4648-b9c0-0b8063edfbda
3184,WP 7 Project Management 2019,2019-05-01,2019-12-31,f,406,36000,9,3179,2024-07-10 10:18:37,9aed4623-570b-461c-b6b5-bdcbab495ce5
3233,WP6. Transnational Competition,2020-01-01,2021-12-31,f,359,,8,2589,2024-07-10 10:18:37,33564af4-232a-483f-a43e-e3cdd86b17cb
3185,WP 7 Project Management 2020,2020-01-01,2020-12-31,f,406,162000,9,3179,2024-07-10 10:18:37,964f0241-a39a-41fb-a504-88dd410d0aff
3186,WP 7 Project Management 2021,2021-01-01,2021-12-31,f,406,158400,9,3179,2024-07-10 10:18:37,17345f3c-7ea6-4b1a-873d-a1b9e7417207
3179,WP 7 Project Management,2019-05-01,2022-04-30,f,406,518400,9,2792,2024-07-10 10:18:37,79493618-e3b1-4f71-a24d-223ce29904db
3230,2020_F2: EIMC Arslan,2020-01-01,2020-03-31,f,417,201600,8,2815,2024-07-10 10:18:37,813033d9-d978-40e5-9dd7-fecc3a625d0a
3164,WP1 Mapping PM,2020-01-01,2020-12-31,f,479,4478400,8,3144,2024-07-10 10:18:37,6a3b1d5a-ee35-417a-8b10-9cc47ec41b08
3167,"WP4 Communication, dissemination",2020-01-01,2020-12-31,f,479,50400,8,3144,2024-07-10 10:18:37,215a8dac-f7eb-4097-855a-3e4c8aa18aef
3168,WP5 Project Management,2020-01-01,2020-12-31,f,479,14400,8,3144,2024-07-10 10:18:37,566fa65b-2d2f-496d-b5f2-0daa345958e6
2423,T2.8 BusinessPlan,2018-07-01,2019-12-31,f,326,518400,8,2325,2024-07-10 10:18:37,e2c86545-0d84-45b7-88af-02c7163c7215
3193,Team Fischer: EIMC: K+K Information Systems,2019-12-01,2019-12-31,f,482,43200,9,3064,2024-07-10 10:18:37,97f998e4-aa97-41dd-9484-858f123d37a1
3194,Training 06.02.2020,2020-02-01,2020-06-30,f,502,,8,,2024-07-10 10:18:37,e940a2bd-f5ed-4a55-bc1c-08babc206740
3041,Team Bahr: EIMC: Aquarray-MUSS GELÖSCHT WERDEN,2019-10-01,2019-12-31,f,341,,8,2579,2024-07-10 10:18:37,a9970f9d-6633-4869-9811-907939b19512
3226,SIG Overheads 2020,2020-01-01,2020-12-31,f,294,,8,,2024-07-10 10:18:37,0ba92f92-057a-4120-8961-f2a5ffcb23dc
3210,"WP4 METABUILDING CHallenges, innovation projects, cascade funding",2020-06-01,2023-05-31,f,497,6220800,9,,2024-07-10 10:18:37,2d490273-d5a3-4304-8f26-e4389f542ff9
3211,WP5 Innovation ecosystem expasion and replicability,2020-06-01,2023-05-31,f,497,5184000,9,,2024-07-10 10:18:37,bf6dc837-081f-4100-b382-0341fc21004e
3212,WP6 Fostering value chain consolidation,2020-06-01,2023-05-31,f,497,1036800,9,,2024-07-10 10:18:37,21bc6110-f9f7-45e4-8b3a-7bc9743643ac
3213,WP7 Project mgt,2020-06-01,2023-05-31,f,497,1036800,9,,2024-07-10 10:18:37,b9ae71bf-2b11-4c35-8175-d00dbb0b5f93
3197,EU-KONFORM VERVE FTI,2020-01-01,2020-07-31,f,500,,8,,2024-07-10 10:18:37,c68c9f58-d921-42e2-b57e-13a1ee85de55
3207,WP1 Ecosystem building and requirements,2020-06-01,2021-05-31,f,497,518400,9,,2024-07-10 10:18:37,878b0777-8da9-4d18-a4b3-d465745bdf5f
3208,WP2 Dev of innovation platform,2020-06-01,2021-05-31,f,497,518400,9,,2024-07-10 10:18:37,d0c0afb2-0228-402a-a1af-8006392b2fa4
3227,Geschäftsbesorgung EUB 2020,2020-01-01,2020-12-31,f,505,,8,,2024-07-10 10:18:37,c4f1e036-8d5d-4e96-a920-f8d99e75a6e5
3228,Geschäftsbesorgung EUB 2021,2021-01-01,2021-12-31,f,505,,8,,2024-07-10 10:18:37,b36b4ace-82c8-4494-8d66-4c4f08cf7aa5
3217,Positionsbestimmung CI3 - 2020,2020-01-01,2020-12-31,f,452,126000,9,3039,2024-07-10 10:18:37,6640358b-8930-43b5-8949-cb6a5dd0d3f4
3224,Pflichtteil - 2020- löschen,2020-01-01,2020-12-31,f,452,288000,9,3039,2024-07-10 10:18:37,67ad3bc8-4919-4761-b0d7-62935f1b63af
2952,T4.1 Preparation of the FCHgo European Award,2020-01-01,2020-10-31,f,388,75600,8,2884,2024-07-10 10:18:37,f8fdfdb1-e150-49be-b960-3071f2d8b4be
3229,PK in OH 2020,2020-01-01,2020-12-31,f,271,,8,,2024-07-10 10:18:37,949e01ec-8dbb-47ff-b188-97c0c5205911
3223,Hands-on Support - 2020,2020-01-01,2020-12-31,f,452,,9,3039,2024-07-10 10:18:37,08ce3111-1c62-4c36-9fcd-e0e0605dc383
3216,Positionsbestimmung CI2 - 2020,2020-01-01,2020-12-31,f,452,126000,9,3039,2024-07-10 10:18:37,1d1cd4ea-176f-4eec-b784-cf352f668ba2
3192,PITCCH,2020-05-01,2023-04-30,f,494,,8,,2024-07-10 10:18:37,c25966a8-8d3d-41e6-9618-2212daf6659b
3220,Motivations-TT - 2020,2020-01-01,2020-12-31,f,452,90000,9,3039,2024-07-10 10:18:37,d2205c4c-c4ad-4779-9151-4245981cabf2
3215,Positionsbestimmung CI1 - 2020,2020-01-01,2020-12-31,f,452,126000,9,3039,2024-07-10 10:18:37,18eb6189-5efa-4f7f-b82b-bba1e61e737c
3218,Prozessbegleitung CI 1- 2020,2020-01-01,2020-12-31,f,452,,9,3039,2024-07-10 10:18:37,2928532f-370d-43a9-95b2-1d50977f38c5
3222,CC- Elektromobilität SW - 2020,2020-01-01,2020-12-31,f,452,234000,9,3039,2024-07-10 10:18:37,661115ed-4a91-4c1b-8147-016a0875aaee
3219,Prozessbegleitung CI 2- 2020,2020-01-01,2020-12-31,f,452,,9,3039,2024-07-10 10:18:37,1e6f780c-3ce7-4c7e-b26c-d4dd48f46d25
3177,"WP 5 Continuous Improvement, Leveraging and Replication of the SmartX Innovation System",2019-11-01,2022-04-30,f,406,259200,9,2792,2024-07-10 10:18:37,40fcee2a-9455-43f8-8817-76fc0757361d
2792,WP 4: SME Coaching and Innovation Acceleration Services_Später_löschen,2019-05-01,2022-04-30,f,406,,9,3195,2024-07-10 10:18:37,8830589d-8511-4fae-9878-abe0993d4364
3234,"WP 5 Continuous Improvement, Leveraging and Replication 2019",2020-01-01,2020-12-31,f,406,82800,9,3177,2024-07-10 10:18:37,a27e8963-946a-4c75-969b-078255977b33
3235,"WP 5 Continuous Improvement, Leveraging and Replication 2020",2021-01-01,2021-12-31,f,406,61200,9,3177,2024-07-10 10:18:37,734cf797-bb66-4182-b8d1-d8a2fdfd89f5
3199,EU-KONFORM: BRC-Solar | Accelerator,2020-02-01,2020-12-31,f,501,,8,,2024-07-10 10:18:37,709f4875-e848-4165-9738-3308ba2797bc
3239,WM EEN Budget für Annual Conference,2020-01-01,2020-12-31,f,416,,8,2817,2024-07-10 10:18:37,08935f86-ec2d-4337-a83b-df3b87ca0a46
3241,Team Bahr: EIMC 51 nodes,2019-09-01,2019-12-31,f,482,28800,9,3064,2024-07-10 10:18:37,504f34a9-9b22-4990-a9fd-77dd412bb2d1
3240,Team Herrmann: EIMC: KTC GmbH,2019-11-01,2019-12-31,f,482,21600,9,3064,2024-07-10 10:18:37,f51ace71-698c-4a6a-9c49-c1a15cbca536
3242,Team Bahr: EIMC Carbonauten,2019-09-01,2019-12-31,f,482,28800,9,3064,2024-07-10 10:18:37,5bebd2b0-5caf-46a5-8c41-b1249eec33f0
3243,Team Bahr: EIMC cogniByte,2019-09-01,2019-12-31,f,482,28800,9,3064,2024-07-10 10:18:37,392ec4e1-5e96-493d-8368-64ddcd6a8012
3244,Team Bahr: EIMC: Davit,2019-09-01,2019-12-31,f,482,28800,9,3064,2024-07-10 10:18:37,35179dc7-d418-43bd-97e7-07deb83c097e
3245,Team Bahr: EIMC: Olmatic,2019-11-01,2019-12-31,f,482,28800,9,3064,2024-07-10 10:18:37,0ee3710f-7850-471b-b69d-4c75381df520
3246,Team Bahr: EIMC - Social Synergy,2019-09-01,2019-12-31,f,482,28800,9,3064,2024-07-10 10:18:37,a6201a6f-d5ae-4219-92d0-dcd9cb7fbae9
3247,Team Bahr: EIMC: Core Elements,2019-07-01,2019-12-31,f,482,,9,3064,2024-07-10 10:18:37,45837077-414d-4df2-9c22-8125925ff955
3248,Team Bahr: EIMC:myconics,2019-08-01,2019-10-31,f,482,,9,3064,2024-07-10 10:18:37,07bc2e3d-72e6-4269-9ab4-6c8c58500e6f
3249,BW Start-up Summit 2020,2020-02-01,2020-08-31,f,507,,8,,2024-07-10 10:18:37,65ff927e-5771-4c66-8290-0ff4ba7d2502
3195,SmartX,2019-05-01,2022-04-30,f,406,11664000,9,,2024-07-10 10:18:37,b8887675-b457-4b3e-a954-d25bd2694afb
3231,2020_F2: EIMC K2Systems GmbH,2020-01-01,2020-03-31,f,417,201600,8,2815,2024-07-10 10:18:37,e777192f-9532-4124-a5f1-5c7c33a760c1
3205,Prozessbegleitung - CI 1 - 2020,2020-01-01,2020-12-31,f,325,,8,2806,2024-07-10 10:18:37,6e24d06f-e39c-40a7-ac6b-1674642c5f00
3204,Positionsbestimmung CI 3-2020,2020-01-01,2020-12-31,f,325,306000,8,2476,2024-07-10 10:18:37,b3a7e51a-6505-427b-9341-8f81360e46aa
3252,Los 1 - Studie,2020-02-17,2020-12-31,f,508,,8,,2024-07-10 10:18:37,c2d630b2-dbff-4268-a4a0-f70a1c5b2dcf
3258,3-Webinare,,,f,390,180000,8,3255,2024-07-10 10:18:37,060514c1-9f2f-4190-a1e3-4cfb9c6ee764
3259,"5-Vorträge = neue Webinare II  (bei Events Dritter, evtl. eigene)",,,f,390,288000,8,3255,2024-07-10 10:18:37,368693a0-d623-4494-a9b3-92f6ddbacd0e
3255,WM KMU 2020,2020-01-01,2020-12-31,f,390,,8,,2024-07-10 10:18:37,1395ba5f-0905-44b1-95ff-e00c6e2de87f
3304,DTC Iasi ERASMUS,2020-02-01,2020-12-10,f,523,,8,,2024-07-10 10:18:37,70a9268e-bb6d-465e-87a1-8579de0464c8
3305,DTC Iasis Marketing,2020-03-16,2020-08-31,f,524,,8,,2024-07-10 10:18:37,c2a222bb-9a7d-4437-a381-b50b483936d6
3306,WFG Nordschwarzwald 2020,2020-04-01,2020-12-31,f,521,,8,,2024-07-10 10:18:37,b11bf0b1-7736-4f91-a91f-e2ec5e968ebb
3264,WP1 - Landscape Mapping,2020-03-01,2021-06-30,f,496,1555200,8,,2024-07-10 10:18:37,0f85691e-992d-4cc6-b4ed-d9ee2a2bc5cc
3263,Agro Energie Bericht Landratsamt 2020,2020-03-01,2020-04-30,f,509,,8,,2024-07-10 10:18:37,c5ca7528-d25f-488b-9bf8-fa643f06f50c
3309,EU-Konform OCEANERGY-1,2020-03-27,2020-05-19,f,518,,8,,2024-07-10 10:18:37,3cd47e95-395a-4d02-8e2c-055ca58634ae
3209,WP3 Deploying platform and populating ontologies,2020-06-01,2023-05-31,f,497,518400,9,,2024-07-10 10:18:37,03811747-fae6-491b-819a-04c3ef934681
3301,WP1FutureProof,2020-04-01,2021-06-30,f,510,864000,8,,2024-07-10 10:18:37,249ea392-1e01-46e3-9c37-5e69f538a43f
3251,2020_F2: EIMC: Magnwall GmbH,2020-01-01,2020-07-31,f,417,201600,8,2815,2024-07-10 10:18:37,80df5036-29ab-4698-8c4f-9ddbe6054e57
3270,WP1 - Innovation Portal,2020-01-01,2021-12-31,f,473,129600,8,,2024-07-10 10:18:37,da01dac1-ff96-4275-877d-0579306fe463
3271,WP2 - Collaboration,2020-01-01,2021-12-31,f,473,777600,8,,2024-07-10 10:18:37,4c16d942-aded-4ae3-a58e-03076f3c9355
3272,WP3 - Outreach,2020-01-01,2021-12-31,f,473,2851200,8,,2024-07-10 10:18:37,e428759c-4cfa-4e8f-a692-bb69a3ccb6fe
3273,WP4 - Sustainability,2020-01-01,2021-12-31,f,473,2073600,8,,2024-07-10 10:18:37,65accf98-9498-4648-8c27-9d3f08420098
3274,WP5 - Comm-Dis-Expl,2020-01-01,2021-12-31,f,473,1944000,8,,2024-07-10 10:18:37,34f5c067-c748-4e30-a6c8-98bb4f240513
3276,WP1 - Cross-cutting factors,2019-12-01,2022-11-30,f,471,259200,8,,2024-07-10 10:18:37,d5a21209-2145-406d-b68b-6a2214a1020b
3277,WP2 -Pathways,2019-12-01,2022-11-30,f,471,259200,8,,2024-07-10 10:18:37,71c37556-7089-4558-8247-8f5dcfddeded
3278,WP3 - Use cases,2019-12-01,2022-11-30,f,471,493200,8,,2024-07-10 10:18:37,3e9d2f1e-5810-4d39-a7dd-aeaa60cc95fa
3236,"WP 5 Continuous Improvement, Leveraging and Replication 2022",2022-01-01,2022-04-30,f,406,36000,9,3177,2024-07-10 10:18:37,18a4d08d-9d7c-42d4-8666-8009a340bab2
3275,WP6 - MGT,2020-01-01,2022-02-28,f,473,1425600,8,,2024-07-10 10:18:37,f70f3560-5630-47de-b7af-b9c3a751e1a7
3191,WP 6 Dissemination 2022,2022-01-01,2022-04-30,f,406,378000,9,3178,2024-07-10 10:18:37,344b053e-c7c4-47c4-99bd-c3dfc34d4b8f
3187,WP 7 Project Management 2022,2022-01-01,2022-04-30,f,406,129600,9,3179,2024-07-10 10:18:37,b20103ec-97ef-477e-aa39-79bbe7027306
3265,WP2 - Roadmap,2020-03-01,2022-08-31,f,496,1036800,8,,2024-07-10 10:18:37,0326b172-37f0-401d-8ffb-bfead24fde5f
3266,WP3 - Development of NanoFabNet,2020-03-01,2022-08-31,f,496,2851200,8,,2024-07-10 10:18:37,c6eb604b-5f93-48f8-91e9-85b639967f66
3267,WP5 - Infrastructures & Skills,2020-03-01,2022-08-31,f,496,777600,8,,2024-07-10 10:18:37,ecfc31c7-5c22-47e1-b608-1ba7884dc1e1
3268,"WP6 - Visibility, Comm & Diss",2020-03-01,2022-08-31,f,496,6220800,8,,2024-07-10 10:18:37,cc744bba-cd82-4e42-be0f-facc28ac0ba8
3279,WP4 - skills,2019-12-01,2022-11-30,f,471,518400,8,,2024-07-10 10:18:37,f6a6f22f-f7c7-443d-989c-1eacfc5cd67e
3280,WP6 - Dissemination,2019-12-01,2022-11-30,f,471,2592000,8,,2024-07-10 10:18:37,5ed3094a-53c7-4a9d-a863-5454090e8d4a
3281,WP7 - MGT,2019-12-01,2022-11-30,f,471,129600,8,,2024-07-10 10:18:37,855bbdca-2711-4519-81c5-61ade76bcddc
3282,WP1 - MGT,2019-10-01,2022-09-30,f,442,2574000,9,,2024-07-10 10:18:37,6d77d057-c699-4645-b90d-57f85d887220
3283,WP2 - Specification,2019-10-01,2020-07-31,f,442,2574000,9,,2024-07-10 10:18:37,d8181dcb-ba34-41d4-a186-f03c89b1614d
3284,WP5 - Business models,2021-03-01,2022-09-30,f,442,4118400,9,,2024-07-10 10:18:37,f6c024d6-0093-4384-b0ee-698b9034bd22
1247,T7.5 Development of exploitation strategy PM 12,2017-01-01,2020-06-30,f,190,6220800,9,1244,2024-07-10 10:18:37,e2df33eb-9e5c-4a08-bc43-69d64df1aa9a
1244,"WP7 EXPLOITATION AND MARKET DEPLOYMENT ACTIVITIES PM 24,34",2017-01-01,2020-06-30,f,190,12618000,9,1766,2024-07-10 10:18:37,52c03e0b-191c-420d-92f5-ba042560a1f6
1766,REMOURBAN 2017 - 2019,2017-01-01,2020-06-30,f,190,17038800,9,,2024-07-10 10:18:37,20960cc1-7f95-4681-8a72-e80819df156f
3285,EIC FarmingRevolution,2020-01-01,2020-03-31,f,516,,8,,2024-07-10 10:18:37,c8a75cdb-cc84-45e9-b20e-a81e141ea935
3287,WP1 - engage and explore,2020-01-01,2021-09-30,f,472,3110400,9,,2024-07-10 10:18:37,9f8d6ab1-6b01-487d-a9a1-88edf1b9e3d5
3288,WP2 - experiment and evolve,2020-01-01,2022-12-31,f,472,2073600,9,,2024-07-10 10:18:37,e1982a65-349b-4e11-8963-d4bbe3a012ba
3290,WP4 - network expansion/sustainability,2020-01-01,2022-12-31,f,472,10368000,9,,2024-07-10 10:18:37,8c6d8723-3e8e-40bb-98b1-76cf1352fe8c
3291,WP5 - comm./dissemination,2020-01-01,2022-12-31,f,472,2073600,9,,2024-07-10 10:18:37,374152ac-0190-4b6f-a358-f0a92c5cf476
3292,WP6 - management,2020-01-01,2022-12-31,f,472,1036800,9,,2024-07-10 10:18:37,73871564-8bf7-472c-8868-00352e046f61
3294,Vanguard 2020,2020-05-25,2020-12-31,f,517,,8,3286,2024-07-10 10:18:37,c1a4230c-cc68-4ae6-a777-83290037d5f0
3295,Vanguard 2021,2021-01-01,2021-12-31,f,517,14400000,8,3286,2024-07-10 10:18:37,69d690f6-d882-4c1e-b2c3-6106b576e541
3296,Agro Energie Landratsamt 2020,2020-03-01,2020-04-30,f,509,201600,8,3263,2024-07-10 10:18:37,c7e04689-3995-41d0-b151-7862038abefe
3297,PITCCH 2020,2020-05-01,2020-12-31,f,494,,8,3192,2024-07-10 10:18:37,244df9a3-f4b1-426a-bb25-4f8e5ccaa320
3298,PITCCH 2021,2021-01-01,2021-12-31,f,494,,8,3192,2024-07-10 10:18:37,be9298d2-bcfe-44bd-a811-bfacc4fe2b62
3253,Los 2,2020-03-01,2020-10-31,f,508,,8,,2024-07-10 10:18:37,f54c07fe-59b0-490f-aded-e86066a18298
3254,Los 3,2020-03-01,2021-12-31,f,508,,8,,2024-07-10 10:18:37,ba6107fa-84ea-4df1-b9b3-cae4f664e662
3257,2-Antragskorrekturen,,,f,390,1728000,8,3255,2024-07-10 10:18:37,ebfbe474-0e14-4ae7-8836-d06d34c5ef11
3256,1-Kurz-Beratung / Innocheck,,,f,390,2592000,8,3255,2024-07-10 10:18:37,c272840d-58c2-4b15-9c3e-33d73573dd38
3316,HiLabs2020,2020-03-17,2020-05-19,f,515,,8,,2024-07-10 10:18:37,c9d707f6-c1d0-45f0-823b-c85437145e5f
3314,Beratung und Hotline Report 2021,2021-01-01,2021-12-31,f,522,,8,,2024-07-10 10:18:37,51625356-4413-457f-a3d5-5eedc435f3f1
3317,PR Aufgaben,2020-01-01,2020-03-31,f,525,,9,,2024-07-10 10:18:37,c595702d-774c-4c89-8b22-4b88d0169dbc
3313,Beratung und Hotline Report 2020,2020-06-01,2020-12-31,f,522,,8,,2024-07-10 10:18:37,537bb8ba-724e-40cd-a9ea-cb41ff6337e8
3315,Beratung und Hotline Report 2022,2022-01-01,2022-05-31,f,522,,8,,2024-07-10 10:18:37,023607bc-fc29-456d-ab78-2558264bd17c
3318,PR Aufgaben,2020-04-01,2020-12-31,f,525,,9,,2024-07-10 10:18:37,0451b458-a1dc-4847-a8eb-d1fd0a88a3c5
3319,WP 2 Management,2020-05-01,2020-12-31,f,494,489600,8,3297,2024-07-10 10:18:37,39c3e84f-ceef-4347-808a-48ec4a736fa8
3262,7-Berichte / Dokumentation,,,f,390,864000,8,3255,2024-07-10 10:18:37,85b763f4-5f2d-482c-93c4-0c5934216989
3260,4-Events = neue Webinare I (S2i-organisiert),,,f,390,288000,8,3255,2024-07-10 10:18:37,8c210db8-55c9-4939-a352-97d1b975cba0
3320,WP 3 Building the OI Network,2020-05-01,2020-12-31,f,494,864000,8,3297,2024-07-10 10:18:37,79649af3-f4b8-4e34-936d-a548157ded7c
3261,6-Medienkampagne,,,f,390,2232000,8,3255,2024-07-10 10:18:37,efd190ed-af1b-4cec-922b-35ef944dba0e
3323,WP 7 Communication / Dissemination,2020-05-01,2020-12-31,f,494,432000,8,3297,2024-07-10 10:18:37,0bff6aa0-f190-4d42-80a4-958a873e5d92
3321,WP 4 Corporate Challenges,2020-05-01,2020-12-31,f,494,504000,8,3297,2024-07-10 10:18:37,573003f6-d46c-4b86-8560-50f2d710310d
3322,WP 5 Brokerage Services,2020-05-01,2020-12-31,f,494,756000,8,3297,2024-07-10 10:18:37,61ed478c-c2e7-43b5-8778-5c96fb94a821
3286,Vanguard 2020-2022,2020-05-25,2022-04-30,f,517,7200000,8,,2024-07-10 10:18:37,4cf2b294-6015-4c47-aa72-bc61d7935643
3300,Los 1 - Studie,2020-02-17,2020-09-30,f,519,,9,,2024-07-10 10:18:37,03f3387b-33b1-41dc-832b-b388c469eecf
3293,2020_F2: EIMC NC-Vision GmbH,2020-03-01,2020-10-31,f,417,201600,8,2815,2024-07-10 10:18:37,2b92bbc2-215f-42c6-b112-a26a6c27f6f3
3327,3. Initiierung und Koordinierung eines genehmigten Antrags,2020-05-25,2020-12-31,f,517,417600,8,3294,2024-07-10 10:18:37,b0c53eda-1096-4667-8fb4-09e9ff3ce724
3330,STUDIE: Uni HD Screening FuE Projekte 2019,2020-01-01,2020-06-30,f,526,,8,,2024-07-10 10:18:37,3c48bf40-ffc2-46c1-9042-488e8db86337
3250,IT-Kompass - FTI 2020,2020-02-01,2020-07-31,f,506,,8,,2024-07-10 10:18:37,2ba92f2a-fd73-461f-8659-34c94b2665fb
3332,SIG FlexSt 2021,2021-01-01,2021-12-31,f,318,,9,,2024-07-10 10:18:37,7788c91b-7237-45cd-b6c5-372bd588bffd
3334,Planung 2021 (später löschen),2021-01-01,2021-12-31,f,332,,9,,2024-07-10 10:18:37,2735de6b-6a87-4a1e-99f0-b9fa37d35a2d
3299,2020_F3: EIMC Hilabs GmbH,2020-01-01,2020-02-29,f,417,201600,8,2815,2024-07-10 10:18:37,c9525965-e849-42ae-a96e-f44a98feeff8
3307,BrainTwin Planung 2020,2020-09-01,2020-12-31,f,514,,8,,2024-07-10 10:18:37,925c21b3-ba08-455c-b5a5-1e7b49efacb5
3214,WP0 Planung 2021 (später löschen),2021-03-01,2021-02-28,f,496,,8,,2024-07-10 10:18:37,c99c12ef-f7a5-40c2-900e-899eabd741c1
3289,EU-KONFORM: NC Vision | EIC Accelerator (#720628),2020-03-01,2020-11-30,f,511,,8,,2024-07-10 10:18:37,ecde0945-46db-4660-a8e8-5ac96ec113a5
3331,2020_F1: EIMC restado UG,2020-04-01,2020-05-30,f,417,54000,8,2815,2024-07-10 10:18:37,23cc4b5a-846a-4f24-805f-1c738642490d
3328,4. Ansprechpunkt für Baden-Württemberg,2020-05-25,2020-12-31,f,517,250200,8,3294,2024-07-10 10:18:37,a9c7cf48-5986-44f8-b0ce-e5f445f714fc
3302,2020_F3: EIMC renergy consulting GmbH,2020-04-01,2020-07-01,f,417,201600,8,2815,2024-07-10 10:18:37,a7d7788f-5db7-4a0d-bf75-c1032b901994
3326,2. Koordinierung und Sensibilisierung in Baden-Württemberg,2020-05-25,2020-12-31,f,517,1501200,8,3294,2024-07-10 10:18:37,dbf7df42-3d22-4764-9d64-34db6e988e6f
3329,5. Internetpräsenz,2020-05-28,2020-12-31,f,517,167400,8,3294,2024-07-10 10:18:37,ce65f2b1-4efe-42fa-b813-f128483bba89
3310,WP 0 GK- löschen,2020-01-01,2020-12-31,f,452,180000,8,3039,2024-07-10 10:18:37,f1e5d026-893f-4d1d-9693-4f658aade355
3308,CABW 2020 - Pflichtteil,2020-04-01,2020-12-31,f,452,648000,9,3039,2024-07-10 10:18:37,78e8cc71-b48c-40ea-b26e-0359df575712
593,WP1 - Management (13 PM),2017-01-01,2020-11-30,f,295,6739200,8,,2024-07-10 10:18:37,fad9f6c0-f4d8-446f-abf0-f55eb65c3388
960,T1.1 - Scientific and technical coordination (3PM),2017-01-01,2020-11-30,f,295,1670400,8,593,2024-07-10 10:18:37,deefc4c6-f604-41b2-a102-2efacde14ff2
962,T1.3 - Project communication & Knowledge management (2PM),2017-01-01,2020-11-30,f,295,1036800,8,593,2024-07-10 10:18:37,bd284780-0092-44b8-a033-ff79534bbc0d
3377,T5.3 Guidance and capacity building materials for practicioners,2021-06-01,2023-05-31,f,495,259200,8,3375,2024-07-10 10:18:37,364e0f18-3db6-4d78-9639-afe9ec45228b
3379,T6.5 Making evidence available to other platforms and wider groups of stakeholders,2021-03-01,2023-07-31,f,495,514800,8,3378,2024-07-10 10:18:37,b08345c4-cb0f-4bbe-bc74-542903ad9cf8
3378,WP6 Platform communication for awareness raising and market uptake,2020-06-01,2023-07-31,f,495,514800,8,,2024-07-10 10:18:37,c47faea9-5842-42fe-8949-d461ff6bfb18
3380,Workshop ABB,2020-07-01,2020-07-31,f,534,,8,,2024-07-10 10:18:37,d7571753-8b7d-4bd4-9fd1-0ae9ebd008ac
3311,inhouse Training (virtuell) + Hotline 2020,2020-04-01,2020-05-31,f,522,,8,,2024-07-10 10:18:37,44414ef6-2ebf-48b5-a132-503860bbc227
3341,Strategie-Entwicklung von europäischen FuE-Kooperationsprojekten im Rahmen von HeiCOMACS,2020-05-01,2020-12-31,f,527,259200,8,,2024-07-10 10:18:37,0b294704-e4ad-4837-a8cf-31f069aa69ff
2852,Social Seeds 2020,2020-01-01,2020-12-31,f,332,,9,,2024-07-10 10:18:37,26760eb2-ff9b-45a6-93ae-81576a39238c
3344,T1.5 Authorities - 2020,2020-01-01,2020-12-31,f,326,,8,2386,2024-07-10 10:18:37,cce73a8f-c283-4c94-8065-18135212c839
3348,auf WP zu verteilen,2020-01-01,2020-12-31,f,497,,9,,2024-07-10 10:18:37,da557076-5d59-43c8-9a90-fe07fc829474
3350,WP0 Planung 2020,2020-10-01,2020-12-31,f,530,,9,,2024-07-10 10:18:37,cad8016c-8182-4399-b36f-e312e3ec2419
3336,EU-KONFORM: TUM - Hydro4U,2020-06-01,2020-09-30,f,520,,8,,2024-07-10 10:18:37,a919044f-10de-4ee5-9d53-484dccca58f7
3356,CABW 2021,,,f,452,,9,,2024-07-10 10:18:37,c40ca56c-7ac7-464a-ace4-d63ef6413ece
3357,MWK 2021,2021-01-01,2021-12-31,f,432,,8,,2024-07-10 10:18:37,62e61e30-85e4-476c-9614-d57a66c41c47
2612,WP0 GK,2018-04-01,2018-12-31,f,327,,8,2650,2024-07-10 10:18:37,c3c46c85-6300-43d0-b594-15a0216c47ee
3369,T3.3 Identification of knowledge gaps,2020-12-01,2023-05-31,f,495,514800,8,3367,2024-07-10 10:18:37,77f53074-41b9-457e-b1fd-574a34bd8779
3368,T3.1 Map and link with existing data and information sources on NBS,2020-06-01,2023-07-31,f,495,1029600,8,3367,2024-07-10 10:18:37,251a9ab6-78eb-41ab-a3fe-1ae10895c1a9
3361,WP1 Platform governance and PM,2020-06-01,2023-07-31,f,495,1029600,8,,2024-07-10 10:18:37,11e3e201-425d-492e-b8d7-c77e9be0311a
3362,T1.2 Platform governance,2020-06-01,2023-07-31,f,495,257400,8,3361,2024-07-10 10:18:37,0d5006b2-bbfe-4265-9a5c-7e1f51c4edee
3363,T1.3 Project governance and internal communication,2020-06-01,2023-07-31,f,495,514800,8,3361,2024-07-10 10:18:37,03459697-f67c-488e-91ed-b8133bb36db2
3351,auf WP zu verteilen,2021-01-01,2020-12-31,f,532,,9,,2024-07-10 10:18:37,912e14bf-3c92-4ea7-b2db-08457619ce59
3335,WM SI 2021,2021-01-01,2021-08-31,f,462,,9,,2024-07-10 10:18:37,c4a00dad-7307-425a-9ed7-07c67923709e
3337,WP T1,2020-01-01,2023-07-10,f,430,,8,,2024-07-10 10:18:37,e952bc67-660a-4801-ad2f-9494d70422b7
3338,WP T2,2020-01-01,2023-07-10,f,430,,8,,2024-07-10 10:18:37,3b1b68fd-6c47-49a0-9a63-7c788b11e53e
3339,WP T3,2020-07-01,2023-07-10,f,430,,8,,2024-07-10 10:18:37,39732dc9-5e28-486e-b756-4d03a4c6757d
3269,WP7 - MGT,2020-03-01,2022-08-28,f,496,777600,8,,2024-07-10 10:18:37,b84e08a4-fb1b-4db9-895a-bae5a0257672
2864,WP1 Task 1.2- Administrative and financial management,2019-01-01,2020-12-31,f,389,540000,8,,2024-07-10 10:18:37,49304b31-cc77-44b6-b346-044075c374c2
3364,T1.4 Administrative and financial management of the project,2020-06-01,2023-07-31,f,495,257400,8,3361,2024-07-10 10:18:37,97cd7ad0-43ad-4b19-93b3-8082df5aa1ec
3365,"WP2 Co-production, development and maintenance of NBS web platform",2020-06-01,2023-07-31,f,495,1029600,8,,2024-07-10 10:18:37,08ce7422-000e-4728-870c-3302c9e40ed5
3366,T2.2 Building and maintaining the Platform,2020-06-01,2023-07-31,f,495,1029600,8,3365,2024-07-10 10:18:37,9e19ff48-5fef-49e9-b360-34414b5d3ca1
3367,WP3 Compilation of evidence base for NBS,2020-06-01,2023-07-31,f,495,1544400,8,,2024-07-10 10:18:37,12a3e2d5-e742-4cee-8b5f-f523bda03c9e
3370,WP4 Facilitation of stakeholder engagement and dialogue,2020-06-01,2023-07-31,f,495,3603600,8,,2024-07-10 10:18:37,29cb6c65-e360-400b-b8ac-a2797096801a
3372,T4.2 Addressing key target audiences directly at their sectoral events,2020-09-01,2023-05-31,f,495,1029600,8,3370,2024-07-10 10:18:37,6fffb4f0-20ff-4ad0-aed7-ac7babbf21d7
3371,T4.1 Ensuring collaboration and coordination of dialogue events with all H2020 NBS projects,2020-06-01,2023-05-31,f,495,1029600,8,3370,2024-07-10 10:18:37,e3aa04db-1b6a-473c-bf80-66b2045b1597
3373,T4.3 Organisation of annual events,2020-09-01,2023-07-31,f,495,514800,8,3370,2024-07-10 10:18:37,ac2b3cb1-41fa-4176-97d1-9c725425c979
3374,T4.4 Support regional partners in organising 6events in EU to set NBS Hubs,2021-03-01,2023-07-31,f,495,1029600,8,3370,2024-07-10 10:18:37,637528da-7f1e-4195-bc65-cb9a14c68ff6
3375,WP5 Innovation guidance for NbS actions,2021-06-01,2023-05-31,f,495,4377600,8,,2024-07-10 10:18:37,1de1067d-debf-4400-89d8-16e7f7c9299e
3376,"T5.2 Guidance and support on innovative NBS for NBE, businesses and investors",2021-06-01,2023-05-31,f,495,4118400,8,3375,2024-07-10 10:18:37,74e43e04-ffaf-4144-9d1f-b39134e0e48c
3353,2020_F1: EIMC Locasys,2020-05-01,2020-08-31,f,417,54000,8,2815,2024-07-10 10:18:37,9976fa74-31c4-4379-92fb-c76bd111ced8
3409,2020_F3: EIMC TerrAquat,2020-01-01,2020-12-31,f,417,201600,8,2815,2024-07-10 10:18:37,2b305860-131b-4610-b825-650b3c9c3c2f
2846,COSMHYC XL Planung 2019,,,f,389,,8,,2024-07-10 10:18:37,d4fa1daa-8394-47aa-b282-3e6e217d69a9
3384,Umsetzung,2020-07-01,2020-07-31,f,535,,8,,2024-07-10 10:18:37,93bac64e-f01a-41d7-84fd-b8c03d1a47b4
3385,ReStart4Danube Planung,2020-07-01,2022-12-31,f,531,,8,,2024-07-10 10:18:37,3d23dfc1-0ffe-491b-b958-63c0eaa5f9a7
3386,EU-KONFORM: Unisphere,2020-08-01,2020-10-07,f,537,,8,,2024-07-10 10:18:37,ba593198-b0cc-44c2-b6c5-bc88044b0f51
3391,Ascon 2020,2020-07-01,2020-12-31,f,528,,8,,2024-07-10 10:18:37,1c460184-5c63-444a-ac92-252f7129cf00
3392,H2Ruhr 2020,2020-07-15,2020-12-31,f,540,,8,,2024-07-10 10:18:37,0899666d-2ebe-402d-8cf8-261edf0ba114
3393,HSM FTI 2020,2020-09-01,2020-12-31,f,539,,8,,2024-07-10 10:18:37,487e4e6d-183b-44c1-b7ad-9f9894847d9d
3394,H2 Ruhr Auftaktevent 2020,2020-07-01,2020-07-31,f,541,,8,,2024-07-10 10:18:37,7016c234-57d3-4e89-b0ef-5e949d4d0608
3395,Erdgas Südwest 2020,2020-08-01,2020-09-30,f,542,270000,8,,2024-07-10 10:18:37,5b1f4803-341e-4dbe-aaa4-f916da8a31ab
3346,2020_F1: EIMC thesmpl UG,2020-05-01,2020-07-31,f,417,201600,8,2815,2024-07-10 10:18:37,2a329e79-74fd-439e-a80b-6cd55baebccd
3400,Döhler Agrar - Expert Contract 2020,2020-01-01,2020-07-31,f,544,,9,,2024-07-10 10:18:37,5c3a2ec2-56da-4821-857e-d9c0672893f9
3359,2020_F4: EIMC Peers Solution GmbH,2020-01-01,2020-06-30,f,417,201600,8,2815,2024-07-10 10:18:37,c8f79b97-f01e-4d9a-8a35-05d1c6f77c40
3406,2020_F2: EIMC Xvestor,2020-03-01,2020-07-01,f,417,201600,8,2815,2024-07-10 10:18:37,dc092ce0-5147-4522-ab1f-2092f098ea93
3411,2020_F4: EIMC Neogramm,2020-09-07,2020-11-30,f,417,201600,8,2815,2024-07-10 10:18:37,737b5bd9-1154-4e13-9f7f-77e598421e41
3408,2020_F3: EIMC Oceanergy,2020-01-01,2020-12-31,f,417,201600,8,2815,2024-07-10 10:18:37,0939296a-1a8a-407d-abb8-f78cdfc5496f
3407,2020_F3: EIMC Xylene,2020-01-01,2020-12-31,f,417,201600,8,2815,2024-07-10 10:18:37,4dc87256-ef8b-4c8e-9dd0-da9324bb36ca
3358,2020_F4: EIMC Industrial Solar,2020-01-01,2020-03-30,f,417,201600,8,2815,2024-07-10 10:18:37,a909e72a-b2e8-4281-9559-a5c320ce0d65
3383,F1: EIMC Locasys,2020-01-01,2020-08-31,f,483,147600,9,3065,2024-07-10 10:18:37,e27c0347-34c7-4254-967e-aa41fbf50a4b
3390,2020_F1: EIMC Scantinel Photonics GmbH,2020-09-01,2020-10-31,f,417,201600,8,2815,2024-07-10 10:18:37,fe281d64-ff12-431a-aa8b-8f4501771f57
3343,2020_F1: EIMC travellwell.io,2020-04-01,2020-06-30,f,417,54000,8,2815,2024-07-10 10:18:37,baa982bd-6774-4738-a097-c73467fb974c
3396,2020_F1: EIMC Haury Solutions GmbH,2020-01-01,2020-07-30,f,417,201600,8,2815,2024-07-10 10:18:37,fd4bebe7-aafa-4dda-8a44-3508eb6d0737
3347,2020_F3: EIMC Gröninger GmbH,2020-01-01,2020-06-30,f,417,201600,8,2815,2024-07-10 10:18:37,d69fe00c-1259-4f4d-8ab6-d4b7bc48ba31
3381,F1: EIMC Restado,2020-01-01,2020-05-31,f,483,147600,9,3065,2024-07-10 10:18:37,85582cbd-c98e-42d4-8df4-aa06f9b82521
3382,F1: EIMC travellwell,2020-01-01,2020-06-30,f,483,147600,9,3065,2024-07-10 10:18:37,50d867d7-9cb2-4f08-ae35-a26ec47c0d9c
3388,W4Res 2021_später löschen,2021-11-01,2021-12-31,f,513,,8,,2024-07-10 10:18:37,62bb0a54-11fa-4fb2-843d-1cfa1b42000c
3397,2020_F1: EIMC Schwamborn GmbH,2020-01-01,2020-07-30,f,417,201600,8,2815,2024-07-10 10:18:37,e2cced02-00da-494d-b137-a4bcf62b8a68
3355,2020_F1: EIMC Flixworker GmbH,2020-05-01,2020-08-31,f,417,201600,8,2815,2024-07-10 10:18:37,35b4f9e4-0acf-4b5f-930f-87196f73ec1c
2613,WP0 GK löschen,2018-01-01,2018-12-31,f,325,,8,,2024-07-10 10:18:37,7ce34c4f-8b0b-4ebb-a186-8764c1ed8e51
3416,Beratung H2020 Internship,2020-10-01,2020-12-31,f,548,,8,,2024-07-10 10:18:37,7d2fd643-354f-4b6d-827c-a96bd10c7de4
3418,DTC Bucharest 2020,2020-10-01,2020-12-31,f,549,,8,,2024-07-10 10:18:37,7d7f4512-9f1f-480e-b242-2dff4da78b84
3420,DTC Bucharest 2022,2022-01-01,2022-09-30,f,549,,8,,2024-07-10 10:18:37,0ccd13ba-618d-41e3-b937-7a97d7609b2c
3414,2020_F3: EIMC Verve,2020-01-01,2020-12-31,f,417,201600,8,2815,2024-07-10 10:18:37,ef9ce3fe-ba91-4811-b5b9-cdb9928e4150
3467,2020_F2: KAM (SoE) GoSilico GmbH,2020-11-01,2020-12-31,f,417,86400,8,2816,2024-07-10 10:18:37,f1e20fad-d545-4e64-ad61-4a6ba019718e
3423,2020_F1: EIMC Sophis GmbH,2020-10-01,2020-12-31,f,417,201600,8,2815,2024-07-10 10:18:37,72565d61-a494-4b87-b186-a1007ad50494
3415,2020_F1: EIMC Bürck-Habich,2020-01-01,2020-12-31,f,417,201600,8,2815,2024-07-10 10:18:37,097332d3-d922-4d07-ab26-a1ff7f299948
3424,Veranstaltungsorganisation,,,f,545,,8,,2024-07-10 10:18:37,90ff8769-05df-4f49-a337-8a4be98d63af
3425,Veranstaltungsorganisation,2020-07-01,2020-12-31,f,551,,8,,2024-07-10 10:18:37,f082fd72-3050-436d-95d0-cd0449393830
3426,Übersetzung - Review,2020-09-23,2020-10-07,f,552,,8,,2024-07-10 10:18:37,2df34f62-bd94-4c86-a4ea-c3dcfa442bfd
3427,Remote Work,2020-01-01,2020-07-31,f,554,72000,8,,2024-07-10 10:18:37,1ad0725b-1eda-43cc-bfe7-bb499a4a7191
3465,2020_F2: KAM (SoE) PixelBiotech GmbH,2020-11-01,2020-12-31,f,417,86400,8,2816,2024-07-10 10:18:37,855b59a7-ad76-433d-822d-66a93e7fbaba
3325,1. Unterstützung bei der Organisation der Vanguard Initiative Regionalkonferenz/,2020-05-25,2020-12-31,f,517,167400,8,3294,2024-07-10 10:18:37,e83b2a36-e1a1-4e7a-839b-ad78d976122e
3438,Training,2020-10-01,2020-10-31,f,550,,8,,2024-07-10 10:18:37,bbf00e26-33ed-4fd1-812e-ba47bb1357f7
3464,2020_F2: KAM (SoE) Gründler GmbH,2020-10-01,2020-12-31,f,417,86400,8,2816,2024-07-10 10:18:37,d8627a48-d7d4-426c-a7fb-5dfac18b655a
3412,2020_F3: EIMC Farming Revolution GmbH,2020-01-01,2020-12-31,f,417,201600,8,2815,2024-07-10 10:18:37,97b418a3-b5b7-4a94-a28c-97e277e4d5e0
3439,2020_F2: KAM Phase 2 Osypka AG,2020-01-01,2020-10-31,f,417,144000,8,2816,2024-07-10 10:18:37,3995e267-9447-45b1-9d91-fd14099bb01a
3445,2020_F3: EIMC UIG Usability,2020-10-01,2020-12-31,f,417,201600,8,2815,2024-07-10 10:18:37,b61fe1f7-05ae-46ae-ba8d-43fa97edab1b
3466,2020_F2: KAM (SoE) KWO Kunststoffteile GmbH,2020-11-01,2020-12-31,f,417,86400,8,2816,2024-07-10 10:18:37,c184e69b-825e-4be6-a35e-641bd666149c
3468,2020_F2: KAM (SoE) Curetis GmbH,2020-11-01,2020-12-31,f,417,86400,8,2816,2024-07-10 10:18:37,1b19de7f-6e44-472a-a053-fb15bdc09f0c
3436,2020_F2: EIMC Unisphere GmbH,2020-02-01,2020-06-30,f,417,201600,8,2815,2024-07-10 10:18:37,fa2ce6fb-bc82-46e3-ba03-0c234eb6567f
3421,2020_F4: EIMC Silithium Smart Energy GmbH,2020-09-15,2020-12-31,f,417,201600,8,2815,2024-07-10 10:18:37,5b81ec23-1ec6-42ee-9186-bdd5c3055d30
3453,Training,2020-10-01,2020-10-31,f,555,,8,,2024-07-10 10:18:37,209e4595-e3a2-490c-b210-586c9ed1b3f9
3454,Training,2020-11-01,2020-11-30,f,556,,8,,2024-07-10 10:18:37,ccac153e-bbea-49f3-9398-7edfeda8f772
3440,2020_F3: KAM Phase 2 J&C BACHMANN GMBH,2020-01-01,2020-10-31,f,417,144000,8,2816,2024-07-10 10:18:37,59e95d37-fc6a-4573-9f4f-be1a08ac81a8
3345,2020_F1: EIMC WMT GmbH,2020-05-01,2020-07-31,f,417,77400,8,2815,2024-07-10 10:18:37,8e5f7c1d-2fb0-4efd-ac1b-c1bf1ab2ba21
3449,2020_F2: EIMC Burges-Folberts,2020-01-01,2020-12-31,f,417,201600,8,2815,2024-07-10 10:18:37,70f48d36-a1be-4585-8564-20aac3f565ec
3419,DTC Bucharest 2021,2021-01-01,2021-12-31,f,549,,8,,2024-07-10 10:18:37,2bc6dd1a-aeaa-4526-88f6-66738a020ebf
3387,Umsetzung Aquarray 2020,2020-08-01,2020-12-31,f,538,,8,,2024-07-10 10:18:37,aa9cfe60-5c61-4c07-b595-9e6ccf9ed28f
3401,WP5 Gender (T5.9),2020-10-01,2021-05-31,f,530,1033200,9,,2024-07-11 13:24:55,836b91d0-d1d4-4514-9e61-99be0cb20223
3402,WP7 REC creation,2020-10-01,2025-09-30,f,530,5158800,9,,2024-07-11 13:25:00,fa6c643e-9e5e-4848-a48b-4e42c95d9034
3404,"WP9 Exploitation, dissemination",2020-10-01,2025-09-30,f,530,12898800,9,,2024-07-11 13:25:15,3e51f2fe-e8f6-4f10-b6ed-86e978592eb1
3428,WP1 EiA Center set-up,2021-01-01,2024-06-30,f,553,2581200,8,,2024-08-06 13:32:06,4e5658b2-6489-4c9d-968d-77aee5a9e036
3429,WP2 Support services to innovators,2021-03-01,2024-06-30,f,553,2062800,8,,2024-08-06 13:32:19,d3bf8620-9af5-4487-87d9-388616713af2
3430,WP3 Support services to incubators & accelrators,2021-12-01,2024-06-30,f,553,1033200,8,,2024-08-06 13:32:32,2854ecec-fe44-4979-8c7a-b857478b1f4e
3431,WP4 Quality insurance,2021-09-01,2024-06-30,f,553,1548000,8,,2024-08-06 13:32:45,6bb94067-4759-47b9-bf78-5b57366c82e5
3432,WP5 Exploitation,2021-06-01,2024-06-30,f,553,6192000,8,,2024-08-06 13:32:57,eba2729b-0cea-48c7-a335-c91231b58c0d
3433,WP6 Comm & Diss,2021-01-01,2024-06-30,f,553,1548000,8,,2024-08-06 13:33:09,0425ecb2-ebb9-40a1-9bdc-7173f2a71f81
3434,WP7 Digital backbone,2021-01-01,2024-06-30,f,553,774000,8,,2024-08-06 13:33:20,6566a808-4a2e-480a-b5a1-6ca9c157a5a3
3435,WP8 Project MGT,2021-01-01,2024-06-30,f,553,9288000,8,,2024-08-06 13:33:30,2450f633-c9b8-4301-9b47-ac7581dd710b
3360,Levis Gesamtprojekt,2021-02-01,2024-07-31,f,533,,9,,2024-09-18 10:52:28,fb7538c6-4c25-47d0-881f-33c9eb63e339
3403,WP8 Showcase Borkum (T8.2),2024-01-01,2025-06-30,f,530,5158800,9,,2024-10-25 08:36:12,cb6a4f9f-2127-42e6-a702-b90e2e07b395
3470,2020_F2: EIMC Vialytics GmbH,2020-03-01,2020-12-31,f,417,201600,8,2815,2024-07-10 10:18:37,b07a7fa6-a3d2-4e57-915e-dcd435704766
3456,F1: EIMC WMT GmbH,2020-07-01,2020-08-31,f,483,,9,3065,2024-07-10 10:18:37,d54a9c47-e31f-4262-ac72-f9de330e297d
3458,Cross Clustering - 2020 - löschen,2020-01-01,2020-12-31,f,452,,9,3039,2024-07-10 10:18:37,cbdd9c45-e8ed-4357-b089-4b3c0657189e
3459,Sondermaßnahmen 2020,2020-01-01,2020-12-31,f,452,180000,9,3039,2024-07-10 10:18:37,52459adc-c440-4583-9974-a57edd0cddbe
3460,Positionsbestimmung CI 4- 2020,2020-09-01,2020-12-31,f,325,216000,8,2476,2024-07-10 10:18:37,5571075e-a0b7-40c7-95ba-8d05a09993e4
2470,Prozessbegleitung CI 2 -2020,2020-01-01,2020-12-31,f,325,,8,2806,2024-07-10 10:18:37,577ea4a2-53be-4522-a58f-86a457ae4a25
3469,2020_F3: KAM (SoE) Memetis GmbH,2020-11-01,2020-12-31,f,417,86400,8,2816,2024-07-10 10:18:37,58a1b99b-4351-45ea-8909-14512d51d2df
3461,Sondermaßnahmen 2020,2020-01-01,2020-12-31,f,325,666000,8,2806,2024-07-10 10:18:37,644b98b3-b0c0-4654-a7e5-2615a50a60d8
3457,Positionsbestimmung CI 4- 2020,2020-09-01,2020-12-31,f,452,108000,9,3039,2024-07-10 10:18:37,40577e2f-9de1-45b6-92a4-08b22f5ce482
3487,2020_F2: EIMC: Organic Avenue,2020-11-01,2020-12-31,f,417,201600,8,2815,2024-07-10 10:18:37,42229d08-67cb-4272-9a79-cf19b265b73b
3450,2020_F2: EIMC PixelBiotech,2020-01-01,2020-12-31,f,417,201600,8,2815,2024-07-10 10:18:37,6d9133d0-b1a0-4c9f-b5a2-3807e1cc43cc
3422,2020_F1: EIMC Sigma Sensors TCL GmbH,2020-10-01,2020-12-31,f,417,201600,8,2815,2024-07-10 10:18:37,17b619c2-31f7-4f03-a17d-3f5bd0b7597b
3483,IMG,2020-11-10,2021-01-31,f,547,,8,,2024-07-10 10:18:37,0bfabab7-64d4-4902-b6fa-e4254b6d60a9
3484,WP4 Awareness Raising and Capacity Building,2021-10-01,2023-10-31,f,513,,8,,2024-07-10 10:18:37,5f1a1ace-a907-4df1-a745-ab0ef8e84a23
3480,WP2 Solutions for Scaling-up Involvement,2020-11-01,2023-10-31,f,513,,8,,2024-07-10 10:18:37,4779dcf8-f0ed-48ee-8787-9d735976c811
3478,2020_F2: EIMC: Wains,2020-10-01,2020-11-30,f,417,201600,8,2815,2024-07-10 10:18:37,19fe1fd2-e72a-4c9c-826d-687695b93dc4
3481,WP3 Business and Technical Support,2021-06-01,2023-10-31,f,513,,8,,2024-07-10 10:18:37,c0d0b7d7-a731-4c93-8c68-ebc2aea41b39
3485,"WP5 Co-creation, Mutual Learning and Good Practice Exchange",2022-04-01,2023-10-31,f,513,,8,,2024-07-10 10:18:37,a564106c-e749-41b1-9870-04cdf57e8aa1
3486,"WP6 Dissemination, Communication and Exploitation",2020-11-01,2023-10-31,f,513,,8,,2024-07-10 10:18:37,6ae0bc8c-7e29-4435-b7a0-4232deb0d5c8
3471,WP1 Ethics,2020-09-01,2023-08-31,t,514,,8,,2024-07-10 10:18:37,0f9b99b6-d788-4674-a91c-3a137ebcfd3c
3452,Abt F2: DE-FR Vernetzung Digi4.0 & KI,2020-12-21,2021-12-31,f,543,,8,,2024-07-10 10:18:37,4b781577-92bf-42a4-a9d2-420d5ecacfd3
3490,WPT1 Delineating status quo and improving framework conditions,2020-07-01,2020-12-31,f,531,724500,8,,2024-07-10 10:18:37,27d80826-7ec0-4196-841c-5d768e2ea0e4
3492,WPC Communication,2020-07-01,2020-12-31,f,531,900000,8,,2024-07-10 10:18:37,b60234b4-79e6-4877-95e0-d7fa350419a9
3491,WPT4 Capitalization and Evaluation,2020-07-01,2020-12-31,f,531,216000,8,,2024-07-10 10:18:37,bd696fd6-0925-4e26-bba1-0823e75a5b96
3479,WP1 Assessing RHC Market Uptake Challenges,2020-11-01,2021-06-30,f,513,,8,,2024-07-10 10:18:37,c4d9548a-5e66-47b7-bb24-d27233494955
3446,2020_F1: EIMC RB Mobility,2020-06-01,2020-10-31,f,417,201600,8,2815,2024-07-10 10:18:37,05a0ef93-cc42-40b0-bb1b-ad96d83ea909
3448,2020_F2: EIMC CircumSpect,2020-01-01,2020-12-31,f,417,201600,8,2815,2024-07-10 10:18:37,e03172f7-26a2-4728-af01-214e61eea12b
3447,2020_F2: EIMC Cytolytics,2020-01-01,2020-12-31,f,417,201600,8,2815,2024-07-10 10:18:37,3bb65d28-4bde-4bbd-8132-cc7e459e8846
3441,2020_F2: EIMC essential eight,2020-10-01,2020-12-31,f,417,201600,8,2815,2024-07-10 10:18:37,93bcecba-0014-41e7-97eb-9509246c6488
3442,2020_F2: EIMC geco-gardens,2020-10-01,2020-12-31,f,417,201600,8,2815,2024-07-10 10:18:37,55a932bc-e9c0-46f2-affa-a53111ac728a
3451,2020_F2: EIMC IT Designers GmbH,2020-10-01,2020-12-31,f,417,201600,8,2815,2024-07-10 10:18:37,748ee0c5-f4a0-4b1b-ab84-48e5af43119e
3455,2020_F2: EIMC paprfloor,2020-10-01,2020-12-31,f,417,201600,8,2815,2024-07-10 10:18:37,315e6c9f-64e0-4b02-9cc7-bb1e4d88953b
3443,2020_F2: EIMC PTS Prüftechnik,2020-09-01,2020-12-31,f,417,201600,8,2815,2024-07-10 10:18:37,7f395b3b-497c-4f59-a9e9-4c15927068a8
3413,2020_F3: EIMC BRC Solar,2020-01-01,2020-12-31,f,417,201600,8,2815,2024-07-10 10:18:37,9109a9b7-53eb-4899-b184-522f04ee8d32
3498,WP7 Project management and coordination,2020-11-01,2023-10-31,f,513,,8,,2024-07-10 10:18:37,0dde4a81-1c9e-4fd9-9530-67d23319591d
3501,WP1 Implementierung,2020-10-01,2020-12-31,f,559,,8,,2024-07-10 10:18:37,34283849-8b83-4767-bdc6-fe6e94138a34
3502,WP1 Management,2020-10-01,2023-09-30,f,512,1036800,9,,2024-07-10 10:18:37,405e93c5-f8c7-475a-89d6-2ddd9550d1c6
3503,WP2 Requirements: scenarios to business cases,2020-10-01,2023-09-30,f,512,1555200,9,,2024-07-10 10:18:37,7a02e5c0-428c-4a0a-858a-5bb4c6c62e03
3504,WP3 Ecosystem from regional to pan-EU services,2020-12-01,2023-09-30,f,512,1036800,9,,2024-07-10 10:18:37,736d4687-59c4-4473-8379-779d7e914f03
3505,WP4 Platforms,2021-03-01,2023-03-31,f,512,518400,9,,2024-07-10 10:18:37,154049dc-5975-4f83-9dad-09489214dbdf
3506,WP6 Experiments,2020-10-01,2023-09-30,f,512,1555200,9,,2024-07-10 10:18:37,5b439aec-e0f5-4fb5-84ac-3d4c96b51bce
3507,WP7 Impact: exploitable assets,2020-10-01,2023-09-30,f,512,1555200,9,,2024-07-10 10:18:37,dc31b943-4c93-45b7-86da-c94c7ddffbc7
3508,WP8 Dissemination & Communication,2020-10-01,2023-09-30,f,512,5702400,9,,2024-07-10 10:18:37,590de633-88e0-4f3e-a9b7-e431724a422c
3565,Effect SME: WP2 2022,2022-01-01,2022-02-28,f,575,,8,3560,2024-07-10 10:18:37,dddd052c-5849-4fea-b174-128abb3202dd
3561,WP3 Dissemination and Communication,2021-03-01,2022-02-28,f,575,,8,,2024-07-10 10:18:37,ded5f443-7910-43de-8de9-85de6b5a6672
3509,InterOpera-Gesamt,2021-02-01,2023-07-31,f,563,,9,,2024-07-10 10:18:37,1f000787-9d83-447a-9314-a272d91693d9
3510,InterOpera-2021,2021-02-01,2021-12-31,f,563,,9,3509,2024-07-10 10:18:37,f0fe7919-a90a-4e29-ac88-4a964cade849
3511,InterOpera-2022,2022-01-01,2022-12-31,f,563,,9,3509,2024-07-10 10:18:37,ee732fd1-897a-419a-b525-326149366204
3512,InterOpera-2023,2023-01-01,2023-07-31,f,563,,9,3509,2024-07-10 10:18:37,2da3fce1-741c-454a-a791-58f55435cf18
3513,Abt Z: DE-FR Vernetzung,2020-12-21,2021-12-31,f,543,,8,,2024-07-10 10:18:37,47039492-4b35-4c3a-ba9f-ef5dcceb87d3
3514,Abt Z IO,2020-12-21,2021-12-31,f,543,,8,,2024-07-10 10:18:37,822234e7-965f-4c53-80e9-4fa071ccc49d
3515,DoC 2021,2021-01-01,2021-12-31,f,564,,8,,2024-07-10 10:18:37,5eab58e8-f87f-4b26-b634-1d83af903190
3516,Event Management,2021-01-01,2021-12-31,f,565,,8,,2024-07-10 10:18:37,c221fb0d-7c2f-428e-968b-257c63ee534d
3517,WP0 GK,2021-01-01,2021-12-31,f,565,,8,,2024-07-10 10:18:37,6c11a8a6-2976-473f-9e92-5f6168f6849b
3521,2021 EEN Unterauftrag SIG,2021-01-01,2021-12-31,f,453,,9,,2024-07-10 10:18:37,de9450b5-3069-4871-8aa0-5bc68b265e5c
3523,WP1 Implementation,2021-11-01,2021-03-31,f,561,,8,,2024-07-10 10:18:37,b816d5ec-f31e-4213-943c-11db1f6c237a
3576,2021_F3: KAM Phase 2 Glassomer,2021-01-01,2021-08-31,f,417,144000,8,3439,2024-07-10 10:18:37,7dec6dbf-52dc-45c5-b8a5-f7c32a0d489c
3529,SIG FlexSt 2022,2022-01-01,2022-12-31,f,318,,9,,2024-07-10 10:18:37,c1e65b85-dde2-4e10-8365-e230633bb3d6
3530,EVENT: PflegeDigital@BW,2021-01-25,2021-02-28,f,569,,8,,2024-07-10 10:18:37,3143b100-e725-4c2e-be67-aa644b34fdef
3532,S2i FlexSt 2022,2022-01-01,2022-12-31,f,320,,8,,2024-07-10 10:18:37,63df798c-869e-4071-ba64-e5d9fa00e0d1
3534,WP1 Implementation,2021-01-01,2021-09-30,f,567,,8,,2024-07-10 10:18:37,5d2f77ee-331d-4a89-bcc9-d45db8f2a178
3537,Flashphos - 2021,2021-05-01,2021-12-31,f,571,,9,3536,2024-07-10 10:18:37,b2d1bb66-cc64-4141-84a4-df12e5896e69
3538,Flashphos - 2022,2022-01-01,2022-12-31,f,571,,9,3536,2024-07-10 10:18:37,4d9e7d55-645a-4df7-9a68-12b318a4923f
3539,Flashphos - 2023,2023-01-01,2023-12-31,f,571,,9,3536,2024-07-10 10:18:37,625b9738-9dd1-493c-91b2-f19ee4703bf1
3540,Flashphos - 2024,2024-01-01,2024-12-31,f,571,,9,3536,2024-07-10 10:18:37,be3ff532-ec4f-41d4-be82-390abb4f9096
3542,LEVIS - 2021,2021-02-01,2021-12-31,f,533,,9,3360,2024-07-10 10:18:37,8d22ad31-ee81-45d2-8fad-285c3af4edfa
3544,LEVIS - 2023,2023-01-01,2023-12-31,f,533,,9,3360,2024-07-10 10:18:37,21571641-f0b6-45d2-b440-69af194381ca
3546,Vanguard 2022,2022-01-01,2022-04-30,f,517,,8,3286,2024-07-10 10:18:37,b8698793-6e42-4b18-b0ca-ad869a8173e0
3547,PITCCH 2022,2022-01-01,2022-12-31,f,494,,8,3192,2024-07-10 10:18:37,2050a612-2743-41ea-9b3d-b3f7b4938cb1
3472,WP2 Project management,2020-09-01,2023-08-31,f,514,471600,8,,2024-07-10 10:18:37,2aaf46a4-48c0-4781-bbee-be88f3dcd377
3473,WP3 Enhancing the Scientific and Technological capacity,2020-09-01,2023-08-31,t,514,1890000,8,,2024-07-10 10:18:37,096cf7ca-7a68-4cdd-8ad6-246557f76daa
3476,"WP7 Communication, dissemination and exploitation",2020-11-01,2023-08-31,f,514,471600,8,,2024-07-10 10:18:37,8a7b91aa-1ccc-49df-adcb-380dd21a66ea
3488,WP5 Improve the quality of Scientific Writing Research publication,2020-09-01,2023-08-31,f,514,471600,8,,2024-07-10 10:18:37,9e5e01e7-6a19-4469-9874-4dde9b82dec8
3474,WP4 Raising the research profile of early stage researchers,2020-09-01,2023-08-31,t,514,1414800,8,,2024-07-10 10:18:37,2b1e4bfa-fd61-49f7-81b9-77c5924fb097
3493,2020_F1: EIMC MySecondWay,2020-11-15,2020-12-31,f,417,201600,8,2815,2024-07-10 10:18:37,7484781e-f53d-4616-a92b-ce9b9c2d834f
3494,2020_F1: EIMC Energie- und Elektronische Beratung,2020-11-15,2020-12-31,f,417,201600,8,2815,2024-07-10 10:18:37,031a86da-4e54-4f28-8417-c43150e7eafd
3543,LEVIS - 2022,2022-01-01,2022-12-31,f,533,,9,3360,2024-07-10 10:18:37,403ad26c-2a57-4f09-a969-5f6b7e99ee61
3462,WP0 Planung 2023,2023-01-01,2023-12-31,f,557,,9,,2024-07-10 10:18:37,88b66f72-fb36-487b-8d62-a025c16f8a0a
3519,2021 / 2022 Communication,2021-02-01,2021-12-31,f,566,,8,,2024-07-10 10:18:37,5ecc7793-7ee9-40a4-bb98-adcdd6c49442
3518,2021 / 2022 Events,2021-02-01,2021-12-31,f,566,,8,,2024-07-10 10:18:37,8d7fe800-ed7e-4db6-bf44-bbe8b98d79c7
3548,PITCCH 2023,2023-01-01,2023-04-30,f,494,,8,3192,2024-07-10 10:18:37,693258f5-ea14-44eb-b40b-e388fe3f207c
3533,Umsetzung Aquarray 2021,2021-01-01,2021-12-31,f,538,,8,,2024-07-10 10:18:37,c2e9d736-4521-44f9-b066-3bb77bc33418
3545,LEVIS - 2024,2024-01-01,2024-07-31,f,533,799200,9,3360,2024-07-10 10:18:37,29bab175-266b-4cf5-b5d8-e7c98ba1d053
3549,WP1 - Preparatory work (2020-Del-revis),2020-11-01,2020-12-31,f,387,576000,8,2825,2024-07-10 10:18:37,907ff6ec-3583-4b50-b7d8-a2c61806b9fa
3550,WP0 Planung 2022 (später löschen),2022-01-01,2022-11-30,f,471,,8,,2024-07-10 10:18:37,982d5f86-61c4-4faa-89f8-55239daef91e
3522,2020_F1: EIMC Digitale Entwicklung GmbH,2021-01-01,2021-06-01,f,417,201600,8,2815,2024-07-10 10:18:37,4bceefde-ea9e-4668-9eac-69a1b461f837
3496,2020_F1: EIMC SJE,2020-11-01,2020-12-31,f,417,201600,8,2815,2024-07-10 10:18:37,0e2628b3-7e35-46fa-8256-31a60b6cc566
3477,2020_F4: EIMC WIDAS GmbH,2020-10-01,2020-12-31,f,417,201600,8,2815,2024-07-10 10:18:37,40092972-637e-4f52-8c45-442b06911a7f
3555,2021_F1: EIMC LOVJOI,2021-02-01,2021-05-31,f,417,,8,2815,2024-07-10 10:18:37,09bcb8cc-29ee-43ec-b69e-88cace7f203c
3556,WP1 - Preparatory work (2021 - Del-revision),2021-01-01,2021-02-01,f,387,,8,2826,2024-07-10 10:18:37,384d6a82-bd1c-4c14-a5ab-371c2828a106
3557,PK in OH 2021,2021-01-01,2021-12-31,f,271,,8,,2024-07-10 10:18:37,85a66e31-3d74-4b1b-bb82-8134daa31071
3525,2021_F1: KAM Phase 2 NexWafe,2021-01-01,2021-12-31,f,417,,8,2816,2024-07-10 10:18:37,db625469-9973-48a6-885e-edffe0a6d81d
3560,Effect SME: WP2 Peer Learning+,2021-03-01,2022-02-28,f,575,,8,,2024-07-10 10:18:37,16f8e2f5-db27-4a82-9867-4d25ec7dbac7
3566,Effect SME: WP3 2021,2021-03-01,2021-12-31,f,575,,8,3561,2024-07-10 10:18:37,1fb79ff7-6426-445d-9ede-1313ac58856c
3552,WP0 Planung 2022,2022-01-01,2022-08-31,f,496,,8,,2024-07-10 10:18:37,c5706ab5-666e-4e73-8895-14e21e5d42bc
3568,WP3_2021,2021-01-01,2021-07-31,f,326,108000,8,3143,2024-07-10 10:18:37,1cc72a4a-de68-48bb-ac04-4019824a9777
3569,Task 3.4 MicroGrant_Eval_2021,2021-01-01,2021-07-31,f,326,108000,8,3568,2024-07-10 10:18:37,474e96f7-a1e0-45dd-8068-fa7b0676c285
3571,WP4_2021,2021-01-01,2021-07-31,f,326,612000,8,3143,2024-07-10 10:18:37,48db6f62-0060-4c6f-aa06-e1b98fed99e3
3570,WP5_2021,2021-01-01,2021-07-31,f,326,1206000,8,3143,2024-07-10 10:18:37,83816b8c-f6c5-4588-925f-0813345799f0
3572,Task 4.3_Events 2021,2021-01-01,2021-07-31,f,326,612000,8,3571,2024-07-10 10:18:37,7f51dc3f-576c-4af2-964c-dd920154b6ac
3573,Task 5.1 Admin 2021,2021-01-01,2021-07-31,f,326,1080000,8,3570,2024-07-10 10:18:37,219ea3f5-dbf3-40a0-b622-0205ec7cb9ec
3574,Task 5.2 Finance 2021,2021-01-01,2021-07-31,f,326,126000,8,3570,2024-07-10 10:18:37,74e06b17-af97-4cf2-afb8-946b0a513e86
3528,LÖSCHEN 2021_F3: KAM Glassomer (Phase 2),2021-01-01,2021-08-31,f,417,144000,8,2815,2024-07-10 10:18:37,2fa9af45-fc28-497e-8c92-7e2921438a65
3575,2021_F1: KAM Phase 2 KWO Kunststoffteile,2021-01-01,2021-10-31,f,417,144000,8,2816,2024-07-10 10:18:37,11ff7c7e-6536-4e5b-b7ce-4b5b50facc9b
3577,2021_F3: KAM Phase 2 Ineratec,2021-01-01,2021-08-31,f,417,144000,8,2816,2024-07-10 10:18:37,21779577-fb1a-482a-9b0d-4c39f6ca2205
3526,LÖSCHEN 2021_F2: KAM KWO Kunststoffteile (Phase 2),2021-01-01,2021-08-31,f,417,144000,8,2815,2024-07-10 10:18:37,35c4beb5-b0c3-4e51-ab95-6c191e6fd6a1
3527,LÖSCHEN 2021_F3: KAM Ineratec (Phase 2),2021-01-01,2021-08-31,f,417,144000,8,2815,2024-07-10 10:18:37,e05a26d7-0f08-4d71-85e7-7de1091dc778
3578,Training 25.02.2021,2021-02-01,2021-04-30,f,576,,8,,2024-07-10 10:18:37,583f05f2-5d56-48a3-96c9-e4d8f4c75185
3559,Effect SME: WP1 Management,2021-03-01,2022-02-28,f,575,,8,,2024-07-10 10:18:37,909b7f62-6d58-490e-b8f8-c0b0cc6cb46e
3562,Effect SME: WP1 2021,2021-03-01,2021-12-31,f,575,,8,3559,2024-07-10 10:18:37,7bdfbd81-0ef9-42a6-a810-bf02af2299b5
3563,Effect SME: WP1 2022,2022-01-01,2022-02-28,f,575,,8,3559,2024-07-10 10:18:37,947b3812-58d4-4072-baba-2bb94565ef44
3567,Effect SME: WP3 2022,2022-01-01,2022-02-28,f,575,,8,3561,2024-07-10 10:18:37,1029b46a-d2d4-4d8a-a675-3fff0b3b50ed
3632,WP 3 Building the OI network - 2021,2021-01-01,2021-12-31,f,494,252000,8,3298,2024-07-10 10:18:37,8814a954-ecc1-4a7d-8495-cd5df6091ccd
3631,WP 2 - Projektmanagement - 2021,2021-01-01,2021-12-31,f,494,342000,8,3298,2024-07-10 10:18:37,c658dbc2-ef59-46ab-bbce-7b5103760ff2
3633,WP 4 Coporate Challenges - 2021,2021-01-01,2021-12-31,f,494,234000,8,3298,2024-07-10 10:18:37,ca57a7ec-6734-4085-990b-d25daa38b9af
3591,"WP2 Food Policies Identification 2,5 PM",2021-01-01,2024-12-31,f,532,,9,,2024-07-10 10:18:37,874e8ad8-a184-4e06-977e-6cc2b4cee9f9
3593,WP4 Investment Infrastructure 1 PM,2021-01-01,2024-12-31,f,532,,9,,2024-07-10 10:18:37,9474febc-01c1-4b3b-b861-c27e369a23c0
3594,"WP5 Cooperation 3,5 PM",2021-01-01,2024-12-31,f,532,,9,,2024-07-10 10:18:37,efb56b1b-22bb-4ee5-ba25-bba95a0b6d28
3595,"WP6 Dissemination & Communication 17,5 PM",2021-01-01,2024-12-31,f,532,,9,,2024-07-10 10:18:37,7e9ac28f-5f1a-4431-89fd-43b2f754126c
3596,WP6 Exploitation 13 PM,2021-01-01,2024-12-31,f,532,,9,,2024-07-10 10:18:37,8035c9e6-081a-4193-ae8b-3a73a0804fc1
3597,WP7 Coordination 1 PM,2021-01-01,2024-12-31,f,532,,9,,2024-07-10 10:18:37,76356939-61de-4ad9-9328-a25c50fa3c27
3592,WP3 Long-term Planning 1 PM,2024-01-01,2024-12-31,f,532,,9,,2024-07-10 10:18:37,19b257be-2a8b-4836-be42-361126127fdc
3588,WP4 Creating 3 African DIHs,2021-05-01,2024-01-31,f,558,1555200,9,,2024-07-10 10:18:37,b69af585-861b-4bf5-b3c4-b1222ddc70d3
3634,WP 5 Brokerage Services - 2021,2021-01-01,2021-12-31,f,494,1188000,8,3298,2024-07-10 10:18:37,119cc996-6ede-421e-bdd2-043d84f0677f
3635,WP 6 Post Project Sustainability - 2021,2021-01-01,2021-12-31,f,494,216000,8,3298,2024-07-10 10:18:37,fbae9fb2-b5cb-4cf6-b9e5-10b44a667981
3654,WP2_2021,2021-01-01,2021-07-31,f,326,900000,8,3143,2024-07-10 10:18:37,2e7577bf-818b-473f-aaaf-bba4876c1393
3589,WP5 Trans-continental cooperation,2021-11-01,2024-01-31,f,558,4665600,9,,2024-07-10 10:18:37,9eb8482f-502d-4979-87e7-03bd9d07a1ec
3590,WP6 Dissemination and sustainability,2021-02-01,2024-01-31,f,558,6220800,9,,2024-07-10 10:18:37,7946c277-8fe0-4682-b8b5-71dac17b141a
3598,WP0 Planung 2022 (später löschen),2022-01-01,2022-12-31,f,472,,9,,2024-07-10 10:18:37,40b38bd9-8942-47ac-9cbb-adb81a26f152
3599,WP0 Planung 2022 (später löschen),2022-01-01,2022-09-30,f,442,,9,,2024-07-10 10:18:37,a9799618-94ff-40f6-8a9f-188f549beb1b
3600,WP2 Knowledge Synthesis (2021),2021-01-01,2021-12-31,f,479,,8,3145,2024-07-10 10:18:37,ea43964f-c0fe-4848-8b2f-6a3680e1a9f9
3602,WP4 Communication Dissemination (2021),2021-01-01,2021-12-31,f,479,,8,3145,2024-07-10 10:18:37,7b11cf8e-6ad6-42dc-9621-a33d846222f7
3603,WP5 Project Management (2021),2021-01-01,2021-12-31,f,479,,8,3145,2024-07-10 10:18:37,07928bda-af22-4314-b755-91d3a69b2934
3585,WP11 Management & coordination,2021-02-01,2026-01-31,f,557,1544400,9,,2024-07-11 13:47:20,b6d842a3-d380-4f24-a17d-730ca9b9cf94
3583,"WP9 Exploitation: Business Model, replicability and ecosystem expansion",2022-01-01,2026-01-31,f,557,2574000,9,,2024-07-11 13:47:29,6f16e751-9d0a-44b5-ae86-7ee568be596c
3536,FlashPhos - Gesamt,2021-05-01,2026-04-30,f,571,23994000,9,,2025-09-11 12:42:12,a3138152-dd59-4955-be3a-4fbabe257544
3636,WP 7 Communication/ Dissemination - 2021,2021-01-01,2021-12-31,f,494,72000,8,3298,2024-07-10 10:18:37,a14dd350-6626-4b2e-998d-2d1d7ae519e1
3637,WP3 - Open Calls,2021-01-01,2022-12-31,f,472,,9,,2024-07-10 10:18:37,1fce5a81-8641-4fdb-8ed7-de45bb9371b9
3605,2.	Koordinierung und Sensibilisierung in Baden-Württemberg,2021-01-01,2021-12-31,f,517,1454400,8,3295,2024-07-10 10:18:37,c2d939a3-8f11-4395-b49d-f9a4d10acc1d
3606,3.	Initiierung und Koordinierung eines genehmigten Antrags,2021-01-01,2021-12-31,f,517,338400,8,3295,2024-07-10 10:18:37,53e48c26-6828-4cbd-862e-3f7cd264e61a
3607,4.	Ansprechpunkt für Baden-Württemberg,2021-01-01,2021-12-31,f,517,147600,8,3295,2024-07-10 10:18:37,f053169c-3bba-4829-a2dd-4dbc0ea58580
3608,5.	Internetpräsenz,2021-01-01,2021-12-31,f,517,241200,8,3295,2024-07-10 10:18:37,10040c5b-3555-4f4c-8212-fbba75dd1a15
3614,Positionsbestimmung CI 1 -2021,2021-01-01,2021-12-31,f,452,90000,9,3356,2024-07-10 10:18:37,1fd0af00-21f3-4f28-a864-8a9badb39301
3615,Positionsbestimmung CI 2 -2021,2021-01-01,2021-12-31,f,452,90000,9,3356,2024-07-10 10:18:37,9a007875-f144-41aa-b62c-afabc6065d1e
3616,Positionsbestimmung CI 3 -2021,2021-01-01,2021-12-31,f,452,90000,9,3356,2024-07-10 10:18:37,fe5dff30-4456-4b3a-a2ac-a7cb55cfbceb
3617,Prozessbegleitung CI 1 -2021,2021-01-01,2021-12-31,f,452,18000,9,3356,2024-07-10 10:18:37,2c2ffe82-34bc-4067-8cdb-36d0fd316a9c
3524,2021_F1: EIMC Zentrum für Digitale Entwicklung  ZDE,2021-01-01,2021-04-30,f,417,,8,2815,2024-07-10 10:18:37,20a8ead4-0269-4bdd-a8aa-eceaa38760eb
3587,WP1 Project Management,2021-02-01,2024-01-31,f,558,518400,9,,2024-07-10 10:18:37,68fb07f8-6680-4cf2-86cc-84773aec4bb9
3495,2020_F1: EIMC Troodle Mobility,2020-09-01,2020-12-31,f,417,201600,8,2815,2024-07-10 10:18:37,5b15b0ac-5d48-4ca3-a88d-7b2b3dfbb21a
3640,WP7: Dissemination & Exploitation,2022-01-01,2022-12-31,f,533,6120000,9,3543,2024-07-10 10:18:37,8819ed1a-0019-4e66-af8d-d8658e9751a5
3604,1. Unterstützung bei der Organisation der Vanguard Initiative Regionalkonferenz/ - 2021,2021-01-01,2021-12-31,f,517,338400,8,3295,2024-07-10 10:18:37,9c1bd8ec-ea8f-4dfc-a7aa-03b9e297b620
3643,WP8: Project Coordination & Management,2022-01-01,2022-12-31,f,533,145800,9,3543,2024-07-10 10:18:37,cd475327-0998-45ad-99bf-b093102b76a6
3553,WP0 Planung 2024 (später löschen),2024-01-01,2024-01-31,f,558,,9,,2024-07-10 10:18:37,a0540be7-38e1-46f9-b1f1-cdb9688e3786
3554,WP0 Planung 2023 (später löschen),2023-01-01,2023-09-30,f,512,,9,,2024-07-10 10:18:37,1ae1c6d8-747d-42e9-8468-ac2f4abb851a
3586,2021 / 2022 Communication,2021-02-01,2022-12-31,f,570,,9,,2024-07-10 10:18:37,49e4bdb6-bef8-4793-b43d-6e7033dcedec
3579,EEN 2022-2023,2022-01-01,2023-12-31,f,572,,8,,2024-07-10 10:18:37,18f03df2-5e19-4079-9a2e-389f33d7a8a6
3551,WP0 Planung 2024,2024-01-01,2024-12-31,f,553,,8,,2024-07-10 10:18:37,2b03b8a3-e110-4c65-b23c-79d65cc83f55
3618,Motivations-TT - 2021 (Medical Valley),2021-01-01,2021-12-31,f,452,108000,9,3356,2024-07-10 10:18:37,44e99f49-e150-4580-bb74-c20dedd522ca
3619,Motivations-TT - 2021 (CARS),2021-01-01,2021-12-31,f,452,36000,9,3356,2024-07-10 10:18:37,9a8296a4-c8d3-48b2-9ff4-79aa5e9f0d45
3620,Roadmapping - 2021,2021-01-01,2021-12-31,f,452,72000,9,3356,2024-07-10 10:18:37,1c44195e-cd6c-420c-85f0-f1cfacc32a4b
3621,Cross Clustering - 2021,2021-01-01,2021-12-31,f,452,180000,9,3356,2024-07-10 10:18:37,6c75d4c8-b8d5-4417-ba87-b08e84b2555d
3622,Aufbau Lieferketten CI 1 - 2021,2021-03-01,2021-12-31,f,452,72000,9,3356,2024-07-10 10:18:37,fe459642-b486-483c-9b1f-b9c25ada115f
3623,Aufbau Lieferketten CI 2 - 2021,2021-03-01,2021-12-31,f,452,72000,9,3356,2024-07-10 10:18:37,08424031-8302-4726-9d9d-ac647cc11a28
3624,Pflichtteil - 2021,2021-01-01,2021-12-31,f,452,558000,9,3356,2024-07-10 10:18:37,f1bf5030-8a57-420a-adc7-440cb0700055
3625,WP 0 -2021,2021-01-01,2021-12-31,f,452,208800,9,3356,2024-07-10 10:18:37,41f34fe7-3861-481c-ae12-e167a4c4ff50
3626,Motivations TT CI 2 (CARS) -  2021,2021-01-01,2021-12-31,f,325,108000,8,2807,2024-07-10 10:18:37,4d381e09-0001-4082-954e-1edcb7b4e00e
3628,Positionsbestimmung CI 2 -2021,2021-01-01,2021-12-31,f,325,226800,8,2478,2024-07-10 10:18:37,8e219ae4-71b7-4681-b4e6-bc5ad5d73a64
3629,Positionsbestimmung CI 3 -2021,2021-01-01,2021-12-31,f,325,226800,8,2478,2024-07-10 10:18:37,09d455a9-e3bf-42b2-adcd-99e2bd611082
3630,WP 0 -2021,2021-01-01,2021-12-31,f,325,417600,8,2807,2024-07-10 10:18:37,31380fa6-8578-4b75-b3ca-14c5658555e7
3646,WP1 Mapping PM (2021),2021-01-01,2021-03-31,f,479,,8,3145,2024-07-10 10:18:37,15d87c01-6f7a-4d6c-9a40-a394670fcbe5
3647,EU-KONFORM: Phytosolutions,2021-03-01,2021-12-31,f,577,198000,8,,2024-07-10 10:18:37,1a50e866-d844-4041-b07c-76364eea5fb6
3564,Effect SME: WP2 2021,2021-03-01,2021-12-31,f,575,,8,3560,2024-07-10 10:18:37,b6a4c60a-78f8-46b4-881f-3e2a19611430
3657,Antragsunterstützung und Korrekturen,2021-01-01,2022-12-31,f,574,6192000,8,,2024-07-10 10:18:37,2bebed4e-2d18-430e-b20e-be633057ae90
3648,Vortrag,2021-03-01,2021-03-31,f,578,,8,,2024-07-10 10:18:37,839bbaa1-895f-4f3c-92d9-37cd30d9f6b2
3650,Fortbidung 2021,2021-01-01,2021-12-31,f,206,,8,,2024-07-10 10:18:37,e7fca0fe-4355-41c3-8aa2-26b3b1026717
3651,WM KMU 2021,2021-01-01,2021-12-31,f,574,,8,,2024-07-10 10:18:37,9a99f15e-0f6b-4a9c-947a-2bbf0988c9f7
3652,2021_F2: EIMC AVA Lifesciences,2021-01-01,2021-01-31,f,417,201600,8,2815,2024-07-10 10:18:37,e3969f5c-9392-43fd-89e5-972eabde9c87
3658,Projektmanagement,2021-01-01,2022-12-21,f,574,705600,8,,2024-07-10 10:18:37,583eac6f-b3ce-4edc-af3f-98ed120d1f53
3662,2021_F1: EIMC msquare,2021-03-01,2021-05-31,f,417,,8,2815,2024-07-10 10:18:37,ea87f962-eb46-4b2a-8bcf-30c311b89c70
3655,Webseminare und Marketing,2021-01-01,2022-12-31,f,574,5986800,8,,2024-07-10 10:18:37,ffae0eeb-c006-407b-a942-03bea5ff5cf8
3656,Kurzberatungen und individuelle Trainings,2021-01-01,2022-12-31,f,574,5209200,8,,2024-07-10 10:18:37,d3c9bc60-0b5c-4790-ae85-364d11da9f88
3659,Orga Netzwerktreffen,2021-03-29,2021-09-30,f,581,,8,,2024-07-10 10:18:37,b0cba2e9-e3d3-4ff1-bd01-6f1e8a69c671
3660,Moderation Netzwerktreffen,2021-03-29,2021-09-30,f,581,,8,,2024-07-10 10:18:37,c3977ae3-27e8-4afb-a3cf-3edfc4dc31e8
3661,2021_F1: EIMC Plecotus Solutions GmbH,2021-01-01,2021-03-31,f,417,201600,8,2815,2024-07-10 10:18:37,871a2235-164c-46a3-903d-feab27a1b12c
3663,MWK DHBW Expert 2021,2021-01-01,2021-12-31,f,583,,9,,2024-07-10 10:18:37,005749df-1259-450c-9b9e-57fc84ce15ac
3665,COSMHYC XL Planung 2021,2021-01-01,2021-12-31,f,389,,8,,2024-07-10 10:18:37,1c133e51-309f-42a3-bc46-c55a6f30d3e6
3667,INSULAE Planung 2021,2021-01-01,2021-12-31,f,419,,9,,2024-07-10 10:18:37,076db059-b7e3-46d3-8a1e-e80446eeb885
3672,BrainTwin Planung 2021,2021-01-01,2021-12-31,f,514,,8,,2024-07-10 10:18:37,769ba936-c351-439e-8acc-a27a26fa34bd
3673,DTC Craiova Planung 2021,2021-01-01,2021-03-14,f,446,,8,,2024-07-10 10:18:37,077fb98e-2182-4e1e-8200-1c9d35ed4366
3675,PANBioRA Planung 2021,2021-01-01,2021-12-31,f,319,,8,,2024-07-10 10:18:37,0a4aae31-fca5-4cc1-b06b-4de0eea577ee
3676,Ascon 2021,2021-01-01,2021-12-31,f,528,,8,,2024-07-10 10:18:37,102bb582-2010-459f-8038-90ec305c38e5
3677,Planung ROSEWOOD4.0 S2i 2021,2021-01-01,2021-12-31,f,458,,8,,2024-07-10 10:18:37,03872a65-7077-480c-98bc-f944e9e0947b
3678,ROSEWOOD4.0 SIG Planung 2021,2021-01-01,2021-12-31,f,477,,9,,2024-07-10 10:18:37,3067aa30-35db-49b0-a965-69c2d6ac8c04
3679,Kooperation WFG NSW 2021,2021-02-01,2021-12-31,f,582,,8,,2024-07-10 10:18:37,1420a82b-fc69-485f-bc7a-1ff34b130a93
3680,PK in OH 2022,2022-01-01,2022-12-31,f,271,,8,,2024-07-10 10:18:37,b97ab5c7-be29-4d42-997a-d064e6e94b83
3681,SIG Overheads 2021,2021-01-01,2021-12-31,f,294,,8,,2024-07-10 10:18:37,8402d5fb-b70c-4316-9ce3-8e1662903f8b
3674,WP7. Implementation,2021-02-01,2021-12-31,f,359,,8,2589,2024-07-10 10:18:37,4387795c-21d5-4e81-aede-c4d95aaaa6a7
2667,WP.3 Joint S3 Cluster Strategy,2018-07-01,2021-12-31,f,358,5054400,8,2592,2024-07-10 10:18:37,eed6530f-8e26-4a13-b39f-26ae6f4db156
3683,WP.7 Prolongation,2021-05-01,2021-12-31,f,358,,8,2592,2024-07-10 10:18:37,346eed9a-20af-454a-bace-5c7f74cceadd
3644,WP8 Project Coordination & Management,2023-01-01,2023-12-31,f,533,234000,9,3641,2024-07-11 13:46:26,01a5cdf0-0431-41f3-816e-227223d8bf4a
3582,WP2 Requirements elicitation for MBLabs OITB,2021-02-01,2022-05-31,f,557,1029600,9,,2024-07-11 13:47:24,cb53a695-6783-4a1b-8bca-817824a627ba
3641,WP7 Dissemination & Exploitation,2023-01-01,2023-12-31,f,533,5886000,9,3544,2024-07-11 13:46:32,0161d546-a6c4-4018-8df2-a48d4be5aa19
3612,"WP6 Dissemination, Communication and Exploitation",2021-06-01,2026-05-31,f,568,27864000,9,,2024-10-17 10:37:39,1c2411f5-beef-4afb-a135-830759509de0
3613,WP7 Project management,2021-06-01,2026-05-31,f,568,3096000,9,,2024-10-17 10:37:45,f80693c9-8d75-4d33-b944-a9702f654879
3684,EU-KONFORM: LeichtbauBW (#720702),2021-03-01,2021-04-30,f,585,,8,,2024-07-10 10:18:37,ef4fb08d-6568-4813-ba9b-448777e08938
3685,H2 Ruhr 2021,2021-01-01,2021-04-30,f,540,,8,,2024-07-10 10:18:37,bfad32de-3fb2-4029-980a-74101342d301
3686,Training April 2021,2021-03-01,2021-04-30,f,584,,8,,2024-07-10 10:18:37,0c60705d-3464-47cd-9dcb-f2ae4b142223
3690,MWK 2022,,,f,432,,8,,2024-07-10 10:18:37,d32a077d-2d6d-4a18-b016-a8aa01856cd7
3691,MWK DHBW Expert 2022,,,f,583,,9,,2024-07-10 10:18:37,dac9be1f-308a-4ee2-84d1-9b0fa9f34597
3692,MWK 2022,,,f,433,,8,,2024-07-10 10:18:37,1ee3c17e-78b5-4b32-8f71-7d38f9b5692d
3693,WM KMU 2022,,,f,574,,8,,2024-07-10 10:18:37,73d97130-3b82-4925-8a63-9c840246a247
3694,auf WP zu verteilen,,,f,495,,8,,2024-07-10 10:18:37,82dd1e23-7c55-4844-b85b-c41a56ec43bb
3695,W4Res 2022_später löschen,,,f,513,,8,,2024-07-10 10:18:37,bbf7e9da-7e96-4189-9da5-13dfde06d7ab
3696,SmartX - 2022 löschen,,,f,406,,9,3195,2024-07-10 10:18:37,67b51890-9894-4601-b66c-569c5742d133
3697,MWK DHBW Expert 2022,,,f,588,,9,,2024-07-10 10:18:37,2cb10aba-601c-450c-9a76-3b290196006e
2575,Planung 2021(später löschen),2021-01-01,2021-10-31,f,336,,8,,2024-07-10 10:18:37,a7334341-40a5-4ff6-8961-8baaf1e9ebc9
1767,MySmartLife,2016-12-01,2022-09-30,f,290,,9,,2024-07-10 10:18:37,b993984f-b87d-446b-8597-a6a6467bb33c
3689,Umsetzung Aquarray 2022,2022-01-01,2022-12-31,f,538,,8,,2024-07-10 10:18:37,8b9f27d2-fdb8-4d5b-8477-cafe12ab5180
2588,Danube Chance 2.0 Planung,2018-07-01,2021-12-31,f,356,9597600,8,,2024-07-10 10:18:37,66ade3ac-4ac0-4569-af94-5ddbea0aa2cd
3698,WP7 - Capitalization,2021-02-01,2021-12-31,f,356,2160000,8,,2024-07-10 10:18:37,77bc1a1a-58f9-4edf-bcb5-53ecdc2836d3
3710,2021_F1: EIMC Cocolovin GmbH,2021-05-01,2021-08-31,f,417,201600,8,2815,2024-07-10 10:18:37,69029635-bcc1-4a37-a51f-c3dbc362fc4b
3700,WP1-Management-2022 - DEMO,2022-01-01,2022-12-31,f,562,1440000,9,,2024-07-10 10:18:37,89eedc33-a075-4b93-87c6-43a0cd0250a7
3705,2021_F3: EIMC Gixel GmbH,2021-01-01,2021-05-31,f,417,201600,8,2815,2024-07-10 10:18:37,d349df9b-5194-4122-8c13-84a436914316
3702,WP7-ComDisExp-2022 - DEMO,2022-01-01,2022-12-31,f,562,3600000,9,,2024-07-10 10:18:37,379feea7-22bb-4012-9480-b062fe7dd55f
3670,WP1 Management  2021,2021-01-01,2021-12-31,f,389,,8,,2024-07-10 10:18:37,dd6fe5b8-f6f8-46ad-af4c-bac4acb8aa1e
3703,WP7-ComDisExp-2021 - DEMO,2021-01-01,2021-12-31,f,562,3150000,9,,2024-07-10 10:18:37,98e5c06b-ae49-4409-b9c7-af1d9c5473eb
3704,WP7-ComDisExp-2023 - DEMO,2023-01-01,2023-12-31,f,562,,9,,2024-07-10 10:18:37,e0b73abd-2c50-4c82-800d-5fecac69036f
3166,WP3 Research Collaboration,2020-12-01,2020-12-31,f,479,,8,3144,2024-07-10 10:18:37,05229b1b-a620-4d18-8cd9-e0a9eb74ae2a
3601,WP3 Research Collaboration (2021),2021-01-01,2021-12-31,f,479,,8,3145,2024-07-10 10:18:37,fdbb4900-8ed4-4f74-bbe6-aefc723d9f7f
3707,2021_F1: EIMC ICW,2021-05-01,2021-07-31,f,417,,8,2815,2024-07-10 10:18:37,fa09176d-35df-4bb5-93c5-d0328fd35b2b
3706,2021_F1: EIMC area+ GmbH,2021-05-01,2021-07-31,f,417,,8,2815,2024-07-10 10:18:37,0720cf8b-da39-465c-88d7-f2cdcbb0b60d
3708,2021_F1: EIMC Infinex,2021-05-01,2021-07-31,f,417,,8,2815,2024-07-10 10:18:37,0e6891c5-5094-48af-bc36-a8248abb38d6
817,WP6 Replication Strategy PM 9,2016-12-01,2022-09-30,f,290,4665600,9,,2024-07-10 10:18:37,f5243b9f-b5cf-4f82-93d3-d4ee5d8126e9
819,task 6.5 mySMARTLife Cities Network PM6,2017-05-01,2022-09-30,f,290,3110400,9,817,2024-07-10 10:18:37,47e933b9-8aa7-48af-8441-130d13916a13
821,"Subtask 6.5.2 my SmartLife Cities Network replication activities PM 4,5",2018-01-01,2022-09-30,f,290,2332800,9,819,2024-07-10 10:18:37,7865fb69-0b88-46fb-8444-a41a7a5033cb
792,"Subtask 8.5.5 Best Practice Booklet M50-60, 2,5 PM",2020-12-01,2022-09-30,f,290,1296000,9,786,2024-07-10 10:18:37,e6c2043b-9f76-4995-b351-0d951ce60c22
3709,Beratung Erdgas Südwest,2021-04-15,2021-04-30,f,589,,8,,2024-07-10 10:18:37,ad49fc19-de69-43e7-a8f1-1dfd6f68fa52
3653,2021_F2: EIMC Markus Dietsche GmbH,2021-01-01,2021-03-31,f,417,201600,8,2815,2024-07-10 10:18:37,ca5594d5-3e94-4c35-b77c-74c5c916027d
3711,2021_F1: EIMC Crossoak GmbH,2021-05-01,2021-08-31,f,417,,8,2815,2024-07-10 10:18:37,93413b35-a189-4007-992d-a0ff820c6064
3804,ROSEWOOD4.0 SIG Planung 2022,2022-01-01,2022-12-31,f,477,,9,,2024-07-10 10:18:37,ea3db9c1-ffd2-4345-ab21-4b2acc16ef95
3638,WP7: Dissemination & Exploitation 2021,2021-02-01,2021-12-31,f,533,4676400,9,3542,2024-07-10 10:18:37,f20dc003-40e2-4f6f-93d3-ecc4a7503db7
3639,WP8: Project Coordination & Management 2021,2021-02-01,2021-12-31,f,533,162000,9,3542,2024-07-10 10:18:37,04e76e8a-eb0e-4e67-9bde-d5b7efbe7b6f
3627,Cross-Clustering  CI 2 - 2021,2021-03-01,2021-12-31,f,325,230400,8,2807,2024-07-10 10:18:37,73c7e643-ddf3-4d58-a9c9-b6516e1ffe90
3682,Danube Alliance 2021,2021-01-01,2021-12-31,f,586,,8,,2024-07-10 10:18:37,7c1d6df3-5aaf-4a88-a4d3-e2cf72bf5989
3669,TITAN-E Planung,2020-10-01,2023-06-30,f,546,,9,,2024-07-10 10:18:37,fac964c4-9690-43fc-9a2f-4bca45fa5567
3664,COSMHYC DEMO Planung,2021-01-01,2024-01-31,f,562,,9,,2024-07-10 10:18:37,0a5a0297-1111-42ba-882b-05c0b71e44e9
3668,H2SHIPS Planung,2021-01-01,2023-07-10,f,430,,8,,2024-07-10 10:18:37,04c2008b-c686-44af-8f49-5d795b45a6c8
3701,WP1-Management-2023 - DEMO,2023-01-01,2023-12-31,f,562,,9,,2024-07-10 10:18:37,55f9aa03-4136-49ad-8ed8-8c9b6bfa141f
3671,WP7 ComDissExp 2021,2021-01-01,2021-12-31,f,389,,8,,2024-07-10 10:18:37,11d982fc-856f-48f7-a92c-3a4d5642bac6
3699,WP1-Management-2021 - DEMO,2021-01-01,2021-12-31,f,562,1346400,9,,2024-07-10 10:18:37,41f72dbd-00f4-4a7f-8eb0-25b8ea7a86c4
3713,WP T2 Taking action via Local Action Plans and Network,2021-01-01,2021-12-31,f,531,594000,8,,2024-07-10 10:18:37,432c05cb-8480-48fb-a4b9-c4a5bd517e78
3714,WP T3 Developing a capacity-building program,2021-01-01,2021-12-31,f,531,450000,8,,2024-07-10 10:18:37,7267184a-160c-48d6-affc-82c297a34a63
3715,Vanguard KI Pilot (#720704),2021-06-01,2021-12-31,f,587,,8,,2024-07-10 10:18:37,cac6b9d5-0a49-42e9-8c5d-5e05b5e93fd5
3716,KI Pilot Management,2021-06-01,2021-12-31,f,587,,8,3715,2024-07-10 10:18:37,a3bdae06-e73c-4f86-bfec-688912141ccf
3717,EU-KONFORM: Mann+Hummel CL-5 Retrofit-HEU,2021-06-01,2021-12-31,f,590,,8,,2024-07-10 10:18:37,33623ddc-c01f-4d64-a4bb-0c103fd22983
3720,2021_F4: EIMC asvin GmbH,2021-06-01,2021-06-30,f,417,201600,8,2815,2024-07-10 10:18:37,f5f75021-3e2c-44ec-af5c-e2fc9d88128a
3718,2021_F2: EIMC Agro Energie Hohenlohe,2021-05-03,2021-06-30,f,417,201600,8,2815,2024-07-10 10:18:37,747fe5bb-69ea-4a77-bb75-0ff894e88f0e
3719,2021_F2: EIMC Alternative Engineering A-Z GmbH,2021-04-01,2021-06-30,f,417,201600,8,2815,2024-07-10 10:18:37,702a9788-5a56-4780-897c-ff4223bc7b02
3721,2021_F2: EIMC PSO Prima Smart Office GmbH,2021-06-01,2021-07-30,f,417,201600,8,2815,2024-07-10 10:18:37,9e6ccfd2-f8e5-40c5-ba90-f9d65c8aa1fc
3722,Training,2021-06-01,2021-06-30,f,591,,8,,2024-07-10 10:18:37,d6bbe638-2428-4acc-9431-199c4b8d5b9c
3724,2021_F4: EIMC ZeroBelow UG,2021-06-01,2021-06-30,f,417,201600,8,2815,2024-07-10 10:18:37,99e6847f-af5f-4de2-863a-9499a98b9ef5
3726,TP0 Kommunikation,2021-03-01,2021-12-31,f,563,,9,3510,2024-07-10 10:18:37,425e294c-5534-4f7c-b99a-ee2e343a334f
3727,TP1 Szenarien,2021-03-01,2021-12-31,f,563,,9,3510,2024-07-10 10:18:37,9f99522d-de0d-4e72-996f-9ebee1222c74
3728,TP2 Teilmodelle,2021-03-01,2021-12-31,f,563,,9,3510,2024-07-10 10:18:37,9831ed69-a12e-4402-954a-84631cc02ff3
3729,TP3 Rollout,2021-09-01,2021-12-31,f,563,,9,3510,2024-07-10 10:18:37,cae764b6-e260-4a46-b683-d244aaa327ba
3730,AP0.1 Komm Öffent,2021-03-01,2021-12-31,f,563,,9,3726,2024-07-10 10:18:37,c951faa7-f8f8-4c26-a9e0-b97773a59206
3731,AP1.1 Methodik,2021-03-01,2021-12-31,f,563,,9,3727,2024-07-10 10:18:37,b9577c85-e49d-40bc-873c-ebfb280b7f49
3732,AP1.2 Landkarte,2021-04-01,2021-12-31,f,563,,9,3727,2024-07-10 10:18:37,14053171-5d3d-4403-8176-ef81263b52e2
3733,AP1.3 AnwendSchablonen,2021-04-01,2021-12-31,f,563,,9,3727,2024-07-10 10:18:37,0940a37e-d6e6-48d7-aea4-88e20d07901f
3734,AP2.1 ModellProjAkquise,2021-05-01,2021-12-31,f,563,,9,3728,2024-07-10 10:18:37,78d0f7f3-6be6-4354-996c-9d77edc9794b
3735,AP2.2 Quervernetzung,2021-12-01,2021-12-31,f,563,,9,3728,2024-07-10 10:18:37,9392281a-405c-49cc-b35d-9fade85c80ef
3736,AP2.3 Modellprojekte,2021-07-01,2021-12-31,f,563,,9,3728,2024-07-10 10:18:37,c2d4b968-93b6-4327-91bd-13b5c7f8f565
3737,AP3.1 BestPractices,2021-09-01,2021-12-31,f,563,,9,3729,2024-07-10 10:18:37,4cf5af60-819b-4cd0-9f10-f1c7a691dc9f
3725,RP3,2025-01-01,2025-05-31,f,568,,9,,2025-02-26 13:14:29,c1f7b5ed-2838-4780-8500-ffc89768357b
2924,WP1,2019-06-01,2019-06-01,f,409,,9,,2024-07-10 10:18:37,6cd9afb5-e9dc-48c2-8a21-3d977459d381
3739,2021_F3: EIMC Cutting-Edge Nanomaterials UG,2021-01-01,2021-06-30,f,417,201600,8,2815,2024-07-10 10:18:37,4fbefd0b-aa4d-44e7-adf5-6ded3f1986bf
3740,2021_F4: SoE_Benenati & Edwards GbR,,,f,417,144000,8,2815,2024-07-10 10:18:37,4c63adde-6fd6-429b-9ae3-07a0bef7cbce
3489,WPM Project Management,2021-07-01,2021-12-31,f,531,414000,8,,2024-07-10 10:18:37,dd22df1b-d442-4b35-aa79-3d292289e7bc
3475,WP6 Strengthening the research management and administration skills,2020-11-01,2023-08-31,f,514,3780000,8,,2024-07-10 10:18:37,0e1ffa62-fb02-46da-9cca-9e3e889866ba
3741,Weiterbildung 2021,2021-01-01,2021-12-31,f,594,,8,,2024-07-10 10:18:37,5a863111-d3d1-4273-b879-048360f6e3fb
3742,Weiterbildung 2021,2021-01-01,2021-12-31,f,595,,9,,2024-07-10 10:18:37,fff8ddea-c001-46a9-bf0a-ea4dc449a0ec
3744,2021_F2:EIMC KTM Systemberatung GmbH,2021-05-03,2021-08-06,f,417,201600,8,2815,2024-07-10 10:18:37,6b0a6864-4536-4d83-b3ba-163809406f32
3688,2021_F4: EIMC InLine Internet Onlinedienste,2021-03-01,2021-04-30,f,417,201600,8,2815,2024-07-10 10:18:37,d735fdb2-1875-43d2-9319-d7b64f1ebbb3
3745,2021_F2: SoE_Arcus Greencycling,2021-06-01,2021-09-30,f,417,144000,8,2815,2024-07-10 10:18:37,7a1ab9af-c989-4b62-9576-b0e1e09382c8
3768,WP3 - trinationalen wirtschaftlichen Beobachtung,2021-01-01,2023-06-30,f,546,1800000,9,,2024-07-10 10:18:37,229199e3-0e82-48c3-a3d8-71d5ec5f13ae
3780,DoC 2022,2022-01-01,2022-12-31,f,602,,8,,2024-07-10 10:18:37,5649d132-9537-40d5-aeb4-9ee855732044
3754,2021_F2: SoE_Synora,2021-06-01,2021-08-06,f,417,144000,8,2815,2024-07-10 10:18:37,90b69832-9196-4242-b472-71eaec8b0118
3755,EU-KONFORM: HEALAN 2021,2021-06-01,2021-12-31,f,596,,8,,2024-07-10 10:18:37,ccfdeefb-63bf-4760-bdc5-2f14a6ee2840
3756,2021_F1: EIMC localsforall,2021-08-01,2021-08-31,f,417,201600,8,2815,2024-07-10 10:18:37,8a9b6d78-9ee4-47b8-a308-fd60fd9f9200
3782,SOPHIA Planung 2021,2021-10-01,2021-12-31,f,603,1688400,9,,2024-07-10 10:18:37,51dc319b-c33b-4059-8901-b075076b58de
3759,RESTORE_2021_später löschen,2021-10-01,2021-12-31,f,593,,8,,2024-07-10 10:18:37,7af5eb56-1189-46b5-a048-fe0fb8a42864
3760,RESTORE_2022_später löschen,2022-01-01,2022-12-31,f,593,,8,,2024-07-10 10:18:37,22248f52-1970-4ae1-95c0-e431bbde60b0
3762,WP7 - IP4SMEs,2021-05-01,2021-12-31,f,357,,8,,2024-07-10 10:18:37,7d229654-d094-4a46-913a-bf32f4626e29
3763,Flyererstellung,2021-08-16,2021-09-30,f,599,,8,,2024-07-10 10:18:37,5ccb285a-a448-441a-b41c-f9201e7ac167
3764,Besuch EU-Kommissar Breton,2021-08-16,2021-10-15,f,600,,8,,2024-07-10 10:18:37,b3393911-9789-43e4-b22e-9332302cb56c
3147,SmartX - 2021 löschen,2021-01-01,2021-12-31,f,406,,9,,2024-07-10 10:18:37,c7916e3b-f2d0-4476-8812-1b75ba26e52d
3766,WP1 - Kommunikation über den Innovationsstandort Oberrhein,2021-01-01,2023-06-30,f,546,720000,9,,2024-07-10 10:18:37,9bdd0012-48e8-4c28-bcd7-c6d5187e056b
3769,WP4 - Verbesserung der Beteiligung von Unternehmen an der grenzüberschreitenden Zusammenarbeit,2021-01-01,2023-06-30,f,546,1800000,9,,2024-07-10 10:18:37,87abb734-7f3f-42c5-85fa-ad116a27aee1
3767,WP2 - trinationalen Partnerschaften und Geschäftsmöglichkeiten,2021-01-01,2023-03-31,f,546,2880000,9,,2024-07-10 10:18:37,2ea829b8-b6a5-4cf3-bfb8-d0aa799dcfc5
3770,WP7 - Kommunikation,2021-01-01,2023-06-30,f,546,1080000,9,,2024-07-10 10:18:37,c5b646a6-5429-4810-afb8-91ce106dc09e
3771,WP6 - Management,2021-01-01,2023-06-30,f,546,2088000,9,,2024-07-10 10:18:37,e47af633-8a30-4b90-a8a8-28da7a8ecba0
3797,Z: Konferenzen 2021,2021-05-25,2021-12-31,f,597,,8,3761,2024-07-10 10:18:37,a5079293-a915-4401-925b-887090d7659e
3791,2021_F3: EIMC Nanomatch GmbH,2021-05-01,2021-10-31,f,417,201600,8,2815,2024-07-10 10:18:37,d9b0872d-bd23-4b5b-a44a-82875ae0a68f
3783,Social Seeds II 2021,2021-10-01,2021-12-31,f,604,,9,,2024-07-10 10:18:37,6338e92f-c072-497f-a107-a7c2754c7807
3784,UpgradeSME II 2021,2021-10-01,2021-12-31,f,605,,9,,2024-07-10 10:18:37,843c1cd0-74e0-4071-b521-791bef8b3f74
3772,LHS Projektumsetzung,2021-07-01,2021-10-31,f,598,,8,,2024-07-10 10:18:37,014f5124-5f4f-44df-a724-a32b388fcb44
3773,2021_F3: EIMC HSM GmbH,2021-04-01,2021-05-31,f,417,201600,8,2815,2024-07-10 10:18:37,42d6c560-6db7-4d67-a039-b3b598c1d6d9
3774,2021_F3: EIMC Enfin GmbH,2021-04-01,2021-05-31,f,417,201600,8,2815,2024-07-10 10:18:37,569ee796-2770-4f8f-a849-a1db51a1b624
3775,2022 OH,2022-01-01,2022-12-31,f,566,,8,,2024-07-10 10:18:37,861c4c9e-e858-4858-8dd4-654fd2f1c035
3776,Event 2022,2021-10-01,2021-12-31,f,601,,8,,2024-07-10 10:18:37,c5c40ba7-955c-4230-803f-591cde2f0ace
3778,OH 2021,2021-10-01,2021-12-31,f,601,,8,,2024-07-10 10:18:37,090f83ee-acfe-4abd-83ef-b2bc0f47b520
3779,OH 2022,2022-01-01,2022-05-31,f,601,,8,,2024-07-10 10:18:37,aa8b2e0c-86ad-4aef-8c97-8a72b38e9a8a
3787,2021_F1: SoE_Envola,2021-04-01,2021-08-31,f,417,144000,8,2815,2024-07-10 10:18:37,b5d3b150-9ea1-4d9e-b12d-24d9ec4af04f
3786,2021_F1: SoE_ENIT Energy IT Systems GmbH,2021-04-01,2021-08-31,f,417,144000,8,2815,2024-07-10 10:18:37,69d6a6cf-ba76-4b5c-8efb-6232c62fb279
3785,2021_F1: SoE_Ferntech,2021-04-01,2021-08-31,f,417,144000,8,2815,2024-07-10 10:18:37,f5d1ccf8-0078-4ee8-8047-043ee8418bc5
3789,2021_F1: EIMC SpiceTech,2021-10-01,2021-12-31,f,483,,9,,2024-07-10 10:18:37,214e51ed-24b2-41ed-ae2f-06867a63716d
3790,2021_F4:EIMC Melina Bucher e. Kfr.,2021-07-01,2021-09-30,f,417,201600,8,2815,2024-07-10 10:18:37,fe14c8fc-037c-4d3b-9fad-cba252f1015f
3792,BrainTwin Planung 2022,2021-01-01,2021-12-31,f,514,,8,,2024-07-10 10:18:37,4671d5b8-9fcb-48f6-a871-3e8f31439bf3
3796,Abteilung Z,2021-01-01,2021-12-31,f,574,,8,,2024-07-10 10:18:37,e862ab84-49f3-4430-917f-f4c2c03f6591
3798,Z: Konferenzen 2022,2022-01-01,2022-12-31,f,597,,8,3765,2024-07-10 10:18:37,9cb14d44-3636-4496-a7c4-af6797f56965
3761,F1: Recherche-Analyse 2021,2021-05-25,2021-12-31,f,597,,8,,2024-07-10 10:18:37,9eebe087-28e2-4a3d-b308-04900a42faa9
3765,F1: Recherche-Analyse 2022,2022-01-01,2022-12-31,f,597,,8,,2024-07-10 10:18:37,a00403a7-0e78-4327-8759-bbbf9a42a1bd
3757,OpenLab_2021_später löschen,2021-10-01,2021-12-31,f,592,,9,,2024-07-10 10:18:37,944d30b6-a741-411f-81ea-f4b270a3efb4
3800,2021_F3: EIMC chargeIQ,2021-09-01,2021-10-29,f,417,201600,8,2815,2024-07-10 10:18:37,da59db7d-8a4c-478e-8f4e-9742dcbf69c8
3801,Danube Alliance 2022,2022-01-01,2022-12-31,f,586,,8,,2024-07-10 10:18:37,4eaf5003-15af-4479-9ebc-bada53470b96
3802,COSMHYC XL Planung 2022,2022-01-01,2022-12-31,f,389,,8,,2024-07-10 10:18:37,62b25eb8-f622-491b-8f1a-9d9cca659a91
3803,INSULAE Planung 2022,2022-01-01,2022-12-31,f,419,,9,,2024-07-10 10:18:37,ac55e20d-df25-419e-9947-e91da86b7f92
3743,2021_F3: EIMC Cenit IT GmbH,2021-06-01,2021-08-31,f,417,201600,8,2815,2024-07-10 10:18:37,49ab0f6c-6454-4db3-a15c-a1ef44adea3a
3738,2021_F3: EIMC e-nnovalitics GmbH,2021-01-01,2021-06-30,f,417,201600,8,2815,2024-07-10 10:18:37,2b153314-2ecd-4b20-9a69-238453e4c507
3799,2021_F3: SoE sci-mo,2021-09-01,2021-10-31,f,417,143100,8,2815,2024-07-10 10:18:37,b8a582f6-6dda-4bac-ae93-a3b29a84dac4
2978,WP10 MGT,2019-06-01,2023-11-30,f,409,4125600,9,,2024-07-10 10:18:37,bd5f2609-e321-4166-9f37-66af22fa0eb3
3781,2021_F2: EIMC beneto food GmbH,2021-01-01,2021-10-30,f,417,201600,8,2815,2024-07-10 10:18:37,5d624208-80fe-4f51-97d4-d041e7be78b1
2976,WP8 Diss-Expl,2019-06-01,2023-11-30,t,409,16513200,9,,2024-07-10 10:18:37,378db48a-11d8-4f51-9174-96a524bf6f8d
3723,Abt F3: DE-FR Vernetzung,2021-01-01,2021-12-31,f,543,,8,,2024-07-10 10:18:37,a5dbc7bd-3cad-473d-adf3-638a978fc278
3013,WP8 Exploitation,2020-03-01,2023-09-30,f,443,12898800,9,,2024-07-10 10:18:37,519ef235-ca45-46e7-9417-4a3234da16a5
3813,SOPHIA 2022-2025,2022-01-01,2025-09-30,f,603,25398000,9,,2024-07-10 10:18:37,0d56f9c8-e7f7-417b-8b41-7eba86e06016
3825,2021_Task 6.1: Exploitation and IP Support,2021-10-01,2021-12-31,f,593,324000,8,,2024-07-10 10:18:37,68d02ca1-6f1b-4a93-98b1-96f534b7030f
3826,2021_Task 6.2: Towards the market,2021-10-01,2021-12-31,f,593,324000,8,,2024-07-10 10:18:37,aa0a8228-1e70-459f-9ccd-c8e16705160b
3827,"2021_Task 6.3: Setup and management of Exploitation, Stakeholders and Advisory Board",2021-10-01,2021-12-31,f,593,180000,8,,2024-07-10 10:18:37,96ce533d-9df6-4bcf-b119-1a6d93329820
3828,2021_Task 7.1: RESTORE Communication & Dissemination Management,2021-10-01,2021-12-31,f,593,72000,8,,2024-07-10 10:18:37,1debb8ea-10ae-49d3-bb3a-60f2b844215b
3829,2021_Task 7.2: RESTORE Dissemination & Communication Tools and Channels,2021-10-01,2021-12-31,f,593,72000,8,,2024-07-10 10:18:37,0c4b10fd-681d-4db9-aea5-692dfd0853e8
3815,UpgradeSME II 2022,2022-01-03,2022-09-30,f,605,,9,,2024-07-10 10:18:37,1ac55222-d343-4f48-8a5b-bccae9abfcc8
3816,2021_F3: EIMC BioGenom,2021-05-01,2021-11-26,f,417,201600,8,2815,2024-07-10 10:18:37,06270226-0852-42fd-9ddc-7d56b9d3cdf9
3817,2021_F3: EIMC Qymatix,2021-09-01,2021-10-29,f,417,201600,8,2815,2024-07-10 10:18:37,d6a1f7f2-633a-41f9-9a40-890e9167cf9c
3818,2021_F3: EIMC Thing Virtual,2021-09-01,2021-10-29,f,417,201600,8,2815,2024-07-10 10:18:37,0bd5cfbe-f4b5-42d7-afa8-fb176294ba47
3819,WM EEN Budget Green Deal für KMU,2021-09-01,2021-12-31,f,416,,8,2817,2024-07-10 10:18:37,0c070034-8aaf-44ed-800d-6fd55d65b67d
3820,2021_F4: EIMC Dirty Ronny UG,2021-08-02,2021-10-29,f,417,201600,8,2815,2024-07-10 10:18:37,e677c8e3-d2ee-408d-a1c5-03e43a36c3e0
3821,2021_F2: EIMC Atos,2021-10-01,2021-11-30,f,417,201600,8,2815,2024-07-10 10:18:37,3297b563-1c06-4359-9cd7-c223eb80f038
3793,WP1 Project management 2021,2021-05-01,2021-12-31,f,571,1634400,9,3537,2024-07-10 10:18:37,b6df8776-66ff-4997-adf7-6a0c5b7f4c0a
3859,2021 OH,2021-02-01,2021-12-31,f,566,,8,,2024-07-10 10:18:37,8d1af9d5-b02d-4157-aa42-791e75eada5e
3830,2022_Task 6.1: Exploitation and IP Support,2022-01-01,2022-12-31,f,593,828000,8,,2024-07-10 10:18:37,d124a07b-7b7f-4a59-bbbc-b2957febc422
3831,2022_Task 6.2: Towards the market,2022-01-01,2022-12-31,f,593,838800,8,,2024-07-10 10:18:37,2159f58d-49fe-4d91-b25e-da7d9b07e19a
3833,2022_Task 8.4: RESTORE IPR and Innovation Management,2022-01-01,2022-12-31,f,593,144000,8,,2024-07-10 10:18:37,f5e3ba10-89a3-4671-89cd-457300cc765f
3835,2022_Task 7.1: RESTORE Communication & Dissemination Management,2022-01-01,2022-12-31,f,593,108000,8,,2024-07-10 10:18:37,dbd26868-66a3-4c5e-bbc4-671f9867222a
3836,2022_Task 7.2: RESTORE Dissemination & Communication Tools and Channels,2022-01-01,2022-12-31,f,593,108000,8,,2024-07-10 10:18:37,36f190d0-7c06-4ecf-a453-8e7a88735e88
3837,2022_Task 7.3: Active Stimulation and Support to the Use of the RESTORE solution,2022-04-01,2022-12-31,f,593,108000,8,,2024-07-10 10:18:37,18bd7552-f261-4f2b-bd74-223c38439c17
3838,2022_Task 7.4: Stakeholders engagement & ecosystem community building,2022-01-01,2022-12-31,f,593,108000,8,,2024-07-10 10:18:37,91b01fab-2469-4ca5-bd5f-3e9d1743f5aa
3839,2023_Task 6.1: Exploitation and IP Support,2023-01-01,2023-12-31,f,593,720000,8,,2024-07-10 10:18:37,95438db6-cf3b-43bc-857e-3de1f5067bef
3832,"2022_Task 6.3: Setup and management of Exploitation, Stakeholders and Advisory Board",2022-01-01,2022-12-31,f,593,360000,8,,2024-07-10 10:18:37,580f31d0-5f62-4e38-9956-0091bb20b989
3840,2023_Task 6.2: Towards the market,2023-01-01,2023-12-31,f,593,720000,8,,2024-07-10 10:18:37,b8988a88-d43e-405e-8fe1-cdfc0cce9597
3841,"2023_Task 6.3: Setup and management of Exploitation, Stakeholders and Advisory Board",2023-01-01,2023-12-31,f,593,360000,8,,2024-07-10 10:18:37,10b212c8-111e-4b73-bc40-e64563ea1982
3842,2023_Task 8.4: RESTORE IPR and Innovation Management,2023-01-01,2023-12-31,f,593,144000,8,,2024-07-10 10:18:37,a494e1cd-e1c1-4826-871b-0d913f3cab11
3823,WP10: Communication 2021,2021-05-01,2021-12-31,f,571,1332000,9,3537,2024-07-10 10:18:37,b5210f5b-8062-4d7d-b8d0-3a7258c86e66
3846,2023_Task 7.3: Active Stimulation and Support to the Use of the RESTORE solution,2023-01-01,2023-03-31,f,593,108000,8,,2024-07-10 10:18:37,b51fc747-7205-4a2a-83c0-7b0110cd19d0
3857,Abwicklung SBZ-IFM,2021-07-15,2021-07-30,f,609,,8,,2024-07-10 10:18:37,16238589-cacb-4c96-b3f9-9eb27f76d9cc
3858,EU-KONFORM Pforzheim 2021,2021-11-16,2021-12-31,f,610,,8,,2024-07-10 10:18:37,06376850-328a-4cad-8a63-a539dd32cad9
3055,WP3 Strengthening mobilisation capacity for value-creation through trainings,2020-01-01,2022-06-30,f,458,1296000,8,,2024-07-10 10:18:37,087798b1-cd79-4ff0-b2bb-dc49289f9c4f
3864,Recherche Green Deal,2021-10-01,2021-12-31,f,611,,8,,2024-07-10 10:18:37,98131475-9731-4b73-9d05-9e9a57376eff
3666,ISLANDER Planung,2021-01-01,2025-09-30,f,530,,9,,2024-07-10 10:18:37,5ef363f4-979d-418f-bdd9-35b38d076667
3865,2021_F4: EIMC Sensawtious,2021-01-01,2021-12-31,f,417,201600,8,2815,2024-07-10 10:18:37,d2fad777-7491-4ac3-aa77-1391b1288ad2
3861,2021_F3: EIMC medicalvalues GmbH,2021-10-01,2021-12-31,f,417,201600,8,2815,2024-07-10 10:18:37,bd01a160-0a27-4933-a10e-78e207d39413
3860,2021_F3: EIMC Naturfaser AG,2021-09-01,2021-12-31,f,417,201600,8,2815,2024-07-10 10:18:37,e943a6ce-c505-47df-8757-6257ea07d932
3862,2021_F3: EIMC Palm2Go/Ecoliving Lanka,2021-10-01,2021-12-31,f,417,201600,8,2815,2024-07-10 10:18:37,d131dc08-1af9-4da5-8d5a-4a3fc6c53fb0
3866,2021_F4: EIMC HyproMag,2021-01-01,2021-12-31,f,417,201600,8,2815,2024-07-10 10:18:37,3c00b823-d8b9-4f1f-a5b9-210f5d641464
3867,2021_F4: EIMC ParteQ GmbH,2021-01-01,2021-12-31,f,417,201600,8,2815,2024-07-10 10:18:37,9b492851-8b26-4b03-949a-819a84b4a75d
3868,2021_F4: EIMC Jartis,2021-01-01,2021-12-31,f,417,201600,8,2815,2024-07-10 10:18:37,2bff91b5-f2d2-4650-97cc-3688007260d6
3869,2021_F4: EIMC eeaser GmbH,2021-01-01,2021-12-31,f,417,201600,8,2815,2024-07-10 10:18:37,99a28f6b-3170-471a-b318-9009ce42356f
3872,WP8 Comm/Diss 2021,2021-10-01,2021-12-31,f,603,514800,9,3782,2024-07-10 10:18:37,f47d917f-1daa-41e0-8b9c-1b768de6b7dc
3874,2021_F1: EIMC SpiceTech,2021-01-01,2021-12-31,f,417,18000,8,2815,2024-07-10 10:18:37,82fbceec-1fca-4da5-ab33-640f467739fc
3811,Social Seeds II 2022,2022-01-01,2022-09-30,f,604,,9,,2024-07-10 10:18:37,2695f32d-4c22-4892-9768-05a30ef879ec
3873,WP9 Project Management 2021,2021-10-01,2021-12-31,f,603,741600,9,3782,2024-07-10 10:18:37,c84bc870-13c7-47e5-8ca0-8407e7f48ce2
3863,2021_F3: EIMC Alpha Protein,2021-10-01,2021-12-31,f,417,201600,8,2815,2024-07-10 10:18:37,eab76716-8f33-4a86-be25-e85b6bc42598
3851,WP8 Coordination and Management 1PM,2024-01-01,2024-12-31,f,593,144000,8,,2024-07-10 10:18:37,2a3afdc1-ff35-4209-8bd2-a57822e2ec33
3848,WP6 Exploitation and Business Model Development 15PM,2024-01-01,2024-12-31,f,593,1728000,8,,2024-07-10 10:18:37,23553c43-35cd-4f4e-a169-646d94785498
3845,2023_Task 7.2: RESTORE Dissemination & Communication Tools and Channels,2023-01-01,2023-03-31,f,593,144000,8,,2024-07-10 10:18:37,32ea18db-c8aa-4cad-9b17-417a63c025e2
3843,2023_Task T5.5: Replication Strategy via Stakeholders additional Cases,2023-01-01,2023-03-31,f,593,108000,8,,2024-07-10 10:18:37,4f5fa879-35ec-4fcd-ad5d-6ed94af15c8a
3852,WP5 EU-wide replication 2PM,2023-04-01,2024-12-31,f,593,504000,8,,2024-07-10 10:18:37,e716335a-8f26-4c8c-99ff-e32400f716fd
3844,2023_Task 7.1: RESTORE Communication & Dissemination Management,2023-01-01,2023-03-31,f,593,86400,8,,2024-07-10 10:18:37,b1bcde2e-a5b9-48ce-ba56-81c4f1cb7f0a
3847,2023_Task 7.4: Stakeholders engagement & ecosystem community building,2023-01-01,2023-03-31,f,593,108000,8,,2024-07-10 10:18:37,ce56335f-da6e-4129-9077-728f3fd73a51
3806,Social Seeds II 2022,2022-01-01,2022-09-30,f,604,,9,,2024-07-10 10:18:37,b47166fa-554a-4cb4-bca8-a9e0ac569420
3856,WP7 Communication & Dissemination 3PM,2023-04-01,2024-12-31,f,593,720000,8,,2024-07-10 10:18:37,e49d7ccb-c4f5-44c3-a4ec-1d87958fcdc5
3808,Social Seeds II 2022,2022-01-01,2022-09-30,f,604,,9,,2024-07-10 10:18:37,f4d69641-6d5b-4649-bde6-e2eb50fa9498
3807,Social Seeds II 2022,2022-01-01,2022-09-30,f,604,,9,,2024-07-10 10:18:37,627ef98f-06c6-48bb-974a-b44f0119a384
3810,Social Seeds II 2022,2022-01-01,2022-09-30,f,604,,9,,2024-07-10 10:18:37,cc9acc53-ebae-44b3-a97e-4379d713d2a8
3809,Social Seeds II 2022,2022-01-01,2022-09-30,f,604,,9,,2024-07-10 10:18:37,393ca8bf-db98-4088-8a7f-57713a7d281a
3812,Social Seeds II 2022,2022-01-01,2022-09-30,f,604,,9,,2024-07-10 10:18:37,2910e756-6c93-4657-a65e-6b9181fad727
3834,2022_Task T5.5: Replication Strategy via Stakeholders additional Cases,2022-06-01,2023-12-31,f,593,180000,8,,2024-07-10 10:18:37,5b8ae8b1-b001-441f-9d5e-11d6dedab337
3822,WP9: Exploitation 2021,2021-05-01,2021-12-31,f,571,1029600,9,3537,2024-07-10 10:18:37,8f4d84eb-9263-402c-8b7c-0f2a0db5e87a
3870,WP7 ESIA and business models 2021,2021-10-01,2021-12-31,f,603,432000,9,3782,2024-07-10 10:18:37,cbc7e098-dbf9-4008-9a6f-068507e1df8c
3922,"WP5 Diss, Expl, Comm 2022",2022-09-01,2022-12-31,f,623,,8,3914,2024-07-10 10:18:37,813c1f50-384d-4e72-9384-2ff01fa337d1
3923,WP6 Management 2022,2022-09-01,2022-12-31,f,623,,8,3914,2024-07-10 10:18:37,f774a26f-7aa3-4678-a124-b3f16c21deab
3878,WP2 SmartEnCity Regeneration Strategy,2017-01-01,2022-07-31,f,260,,9,1764,2024-07-10 10:18:37,b2ec63b0-44f7-48a1-bd2f-09d8e44cfa16
3876,WP7 Exploitation,2021-10-01,2026-03-31,f,592,,9,3757,2024-07-25 13:29:38,125adc93-b291-4d71-afad-b2f21b216bbe
3824,WP8 D&C,2021-10-01,2026-03-31,f,592,950400,9,3757,2024-07-25 13:29:43,445e4fcc-744f-41ca-b46a-7d2e0b62af00
3877,WP9 Management,2021-10-01,2026-03-31,f,592,,9,3757,2024-07-25 13:29:47,09382b64-f5e9-4daf-92c7-b62fc1f2feb7
3919,Aerosolfd-2024 -2025,2024-01-01,2025-10-31,f,614,,9,,2025-09-18 09:41:52,58a96474-0d7c-4024-adb5-6984a5250f9b
3879,WP7 Monitoring and Evaluation,2017-01-01,2022-12-31,f,260,,9,1764,2024-07-10 10:18:37,3b38f998-8ac2-4475-8c41-caf0632378b8
3880,WP0 Planung 2022,2022-01-01,2022-12-31,f,612,,8,,2024-07-10 10:18:37,82fdc006-40fe-477a-9415-4a63ec75aec1
3946,später löschen,2023-01-01,2023-01-31,f,570,,9,,2024-07-10 10:18:37,15fac591-01f8-4b0c-af0e-f29e14d70ff0
3947,später löschen,2023-01-01,2023-01-01,f,568,,9,,2024-07-10 10:18:37,8e074410-b35d-496a-a4ee-fa1cce8ac835
3888,SIG GL Stunden 2022,2022-01-01,2022-12-31,f,503,,9,,2024-07-10 10:18:37,2b88ed0b-6459-43bf-bf21-02bd830537c0
3886,SIG GL Stunden 2020,2020-01-01,2020-12-31,f,503,,9,,2024-07-10 10:18:37,e4102a91-a3c3-4e46-873a-322094493d34
3887,SIG GL Stunden 2021,2021-01-01,2021-12-31,f,503,,9,,2024-07-10 10:18:37,338ae63f-570c-4991-9cdf-05d7d438bcbb
3948,später löschen,2023-01-01,2023-07-31,f,495,,8,,2024-07-10 10:18:37,ed32e54a-7efe-4025-b854-6be7dc429f5f
3889,EUB IF 2022,2022-01-01,2022-12-31,f,606,,10,,2024-07-10 10:18:37,51b5aec5-1bd7-49f8-8ea2-5c152f36d07e
3890,EUB IF 2023,2023-01-01,2023-12-31,f,606,,10,,2024-07-10 10:18:37,f1ae7aed-f278-47f4-868e-9ff3133ad83b
3891,Koordination 2022,2022-01-01,2022-02-28,f,396,,8,2782,2024-07-10 10:18:37,11370336-5b02-4ee8-81fb-5d3b65e80c28
3895,LHS 2,2022-01-10,2022-04-30,f,613,,8,,2024-07-10 10:18:37,b8f2e1a1-0c10-4017-820e-4e635ae1f4d1
3896,WP 2 Management 2022,2022-01-01,2022-12-31,f,494,,8,3547,2024-07-10 10:18:37,a48ce0d8-ec39-4ba6-a776-5d7e2be14b51
3897,WP 3 Building the OI Network 2022,2022-01-01,2022-12-31,f,494,,8,3547,2024-07-10 10:18:37,55aea32c-d3f0-4ddb-bc2c-cb2a6f84b666
3898,WP 4 Corporate Challenges 2022,2022-01-01,2022-12-31,f,494,,8,3547,2024-07-10 10:18:37,9d2bd32c-b196-4350-adee-7d6c74096876
3899,WP 5 Brokerage Services 2022,2022-01-01,2022-12-31,f,494,,8,3547,2024-07-10 10:18:37,1f892ce1-6036-4599-be36-de03dcd65a9b
3900,WP 7 Communication / Dissemination 2022,2022-01-01,2022-12-31,f,494,,8,3547,2024-07-10 10:18:37,7ea6935f-d9d4-423d-88b1-d646c7916766
3928,1x1 Antragstellung bw-i,2022-02-01,2022-12-31,f,620,,8,,2024-07-10 10:18:37,413bf5e4-222e-4a51-963f-8905f1ce3b90
3956,EEN Expert 2023,2023-01-01,2023-12-31,f,573,,9,,2024-07-10 10:18:37,de273b7d-277b-4e59-87b4-6ba4a28ba5da
3957,EEN Expert 2024,2024-01-01,2024-06-30,f,573,,9,,2024-07-10 10:18:37,b131ffde-6c47-4ff5-ac5a-8609e99353d2
3881,"WP4 Sustainability, Health & Safety",2022-05-01,2026-04-30,f,615,514800,9,,2024-07-10 10:18:37,7360e091-183a-481a-aa98-b11e329b205d
3906,Event Orga,2021-11-01,2021-12-31,f,618,,8,,2024-07-10 10:18:37,b7fbc801-54cc-4ccd-8132-23b075d7dcb5
3892,WP5 Dissemination and Exploitation - 2022,2022-05-01,2022-12-31,f,614,,9,3905,2024-07-10 10:18:37,f3618634-0690-44ba-97b5-519fdad08b68
3893,WP6 Communication 2022,2022-05-01,2022-12-31,f,614,,9,3905,2024-07-10 10:18:37,32f2effc-d8da-46f9-b1ae-49f83456c0af
3938,WP3 Promotion and communication (ex events) (2023),2023-01-01,2023-12-31,f,572,,8,3579,2024-07-10 10:18:37,b2611b8b-afb5-45f9-950c-c4241159cb26
3949,später löschen,2023-01-01,2023-12-31,f,592,,9,,2024-07-10 10:18:37,449f7892-9637-42ed-ac7e-56ee058b807f
3911,WP 6 Post Project Sustainability - 2022,2022-01-01,2022-12-31,f,494,,8,3547,2024-07-10 10:18:37,eae60c7b-22f4-4f4d-9176-662a6c9485b1
2456,WP11 Comm/Web presence,2018-01-01,2021-12-31,f,319,,8,,2024-07-10 10:18:37,85dd73a1-e79d-4a58-ad2f-3ee2c9aa1dda
3950,später löschen,2023-01-01,2023-10-31,f,513,,8,,2024-07-10 10:18:37,f36e1f39-137e-4ef4-9e72-d7498d466322
3951,SIG FlexSt 2023,2023-01-01,2023-12-31,f,318,,9,,2024-07-10 10:18:37,81ded6b4-763e-42a9-a661-403758cd36c3
3915,ROBIN 2023,2023-01-01,2023-12-31,f,623,3312000,8,3913,2024-07-10 10:18:37,cb31ec60-10d1-45d3-9cc8-ae4ff03bc94b
3916,ROBIN 2024,2024-01-01,2024-12-31,f,623,3308400,8,3913,2024-07-10 10:18:37,19850d57-39d2-4293-b94a-5d4da70ef448
3914,ROBIN 2022,2022-09-01,2022-12-31,f,623,1105200,8,3913,2024-07-10 10:18:37,8218acc5-a7a2-44c5-b950-cdf30fae92af
3918,Aerosolfd-2023,2023-01-01,2023-12-31,f,614,,9,,2024-07-10 10:18:37,35b3dd89-4df7-4bb1-ad6f-cce3a459acff
3954,WP1 Engage and explore,2022-09-01,2026-02-28,f,631,3870000,9,,2024-07-10 10:18:37,85f6b5ee-1414-436f-8c0a-5afa89c531c2
3905,AeroSolfd-2022,2022-05-01,2022-12-31,f,614,7740000,9,,2024-07-10 10:18:37,7744d537-d2b2-4691-81fe-71876af1b3e8
3952,Vanguard SME Success Stories (#720747),2022-03-01,2023-03-31,f,630,,8,,2024-07-10 10:18:37,28381964-f627-4724-8311-e7ef27537e64
3930,MOSTH2 Planung,2022-06-01,2022-12-31,f,616,,8,,2024-07-10 10:18:37,55bfcf25-e291-4238-926a-372109eec019
3883,WP6 Management,2022-05-01,2026-03-31,f,615,514800,9,,2024-07-10 10:18:37,1e9f0157-b9a7-40d0-9cb0-c5bc1b2ceb68
3958,Mitwirkung Abt. F3,2022-04-01,2022-12-31,f,632,,8,,2024-07-10 10:18:37,d674afb8-0219-4a4b-a265-c967e4dd9c1d
3931,EcoReFibre PLANUNG,2022-05-01,2022-12-31,f,615,,9,,2024-07-10 10:18:37,1bdb3a1f-2728-4642-9116-81c9d57aa3cc
3967,WP8 Comm/Diss,2022-01-01,2025-09-30,f,603,7740000,9,3813,2024-07-10 10:18:37,9108c7c5-b3d3-4183-a6ae-00a16b34abd8
3935,Distender PLANUNG,2022-06-01,2022-12-31,f,627,,8,,2024-07-10 10:18:37,20f01a47-a3a4-4fcf-b64f-aeaa1bb632fe
3937,S2i FlexSt 2023,2023-01-01,2023-12-31,f,320,,8,,2024-07-10 10:18:37,be275d73-746f-4f3e-af21-a9b8b4d88238
3940,S2i FlexSt 2024,2024-01-01,2024-12-31,f,320,,8,,2024-07-10 10:18:37,0d66ed66-a89d-43f2-812f-22cc54def17c
3941,WP1 Project implementation,2022-01-01,2022-12-31,f,612,,8,,2024-07-10 10:18:37,12ef1a0f-7f70-4040-b997-20262264552c
3942,Vanguard KI Pilot 2022,2022-01-01,2022-12-31,f,629,,8,,2024-07-10 10:18:37,5c54c67e-e546-42f3-bc92-1ba39487d1ef
3943,später löschen,2023-01-01,2023-12-31,f,597,,8,,2024-07-10 10:18:37,e4fc18a1-1f40-49da-aaf7-c5acc1400d0e
3944,später löschen,2023-01-01,2023-12-31,f,627,,8,,2024-07-10 10:18:37,95cd6108-097b-459d-92b3-8709ec2d4974
3945,später löschen,2023-01-01,2023-01-31,f,566,,8,,2024-07-10 10:18:37,407cfa08-3f90-4bc7-8d7d-924ff3a08121
3959,Geschäftsbesorgung 2022,2022-01-01,2022-12-31,f,632,,8,,2024-07-10 10:18:37,559f2eea-a2af-4f3a-afca-390a7c398dd1
3934,REEsilience PLANUNG,2022-07-01,2022-12-31,f,626,,9,,2024-07-10 10:18:37,7917ff38-3d8c-4e03-9132-a537f24d8543
3885,WP7 Project Management,2022-06-01,2026-05-31,f,616,3610800,8,,2024-07-10 10:18:37,0b438198-bd48-468a-a5f5-79afce71e367
3955,EEN Expert 2022,2022-01-01,2022-12-31,f,573,,9,,2024-07-10 10:18:37,f6efed01-4023-42bf-9bec-5802e837569b
3936,INVEST4NATURE Planung,2022-07-01,2026-06-30,f,628,,8,,2024-07-10 10:18:37,7cec64f4-8224-42d1-b2b7-b1a28641b7b2
3960,EVENT Coordination,2022-04-01,2022-07-31,f,633,,8,,2024-07-10 10:18:37,ed7d815e-fb02-460f-aa55-6dc7f1ccdea2
3933,OPeraTIC Planung 2024,2024-01-01,2024-12-31,f,625,,8,,2024-07-10 10:18:37,7d9b6bce-be08-49f6-bb60-407780a35e8d
3962,3. Initiierung und Koordinierung eines genehmigten Antrags,2022-01-01,2022-04-30,f,517,126000,8,3546,2024-07-10 10:18:37,ef084b81-4e66-489b-857c-cad36ba4613e
3963,4. Ansprechpunkt für Baden-Württemberg,2022-01-01,2022-04-30,f,517,90000,8,3546,2024-07-10 10:18:37,3d4736fa-14c0-42f1-ac20-8fe255d267ae
3964,5. Internetpräsenz,2022-01-01,2022-04-30,f,517,108000,8,3546,2024-07-10 10:18:37,040cdb99-11f6-456f-80b0-4a45270c2b19
3961,2. Koordinierung und Sensibilisierung in Baden-Württemberg,2022-01-01,2022-04-30,f,517,453600,8,3546,2024-07-10 10:18:37,cba81fe4-e391-425a-9a78-6813c583814d
3912,Partner Search,2022-01-01,2022-12-31,f,619,144000,8,,2024-07-10 10:18:37,4ef82909-65e8-44fb-9856-eab2d802ed2c
3968,WP9 Project Management,2022-01-01,2025-09-30,f,603,11124000,9,3813,2024-07-10 10:18:37,a3e47538-8e67-4ffd-8c89-048ea196c4c1
3921,WP1 Setting scene 2022,2022-09-01,2022-12-31,f,623,,8,3914,2024-07-10 10:18:37,e301bb6a-1f59-4e7d-9b5e-c4a12d95311f
3969,Planung ROSEWOOD4.0 S2i 2022,2022-01-01,2022-12-31,f,458,,8,,2024-07-10 10:18:37,ba6015bf-6c34-4857-8d95-a8f13a468747
3884,"WP6 Dissemination, exploitation and communication",2022-06-01,2026-05-31,f,616,11865600,8,,2024-07-10 10:18:37,54c94704-291f-4eb1-a333-6b4ad4b7585f
3953,WP7,2019-05-01,2022-07-31,f,260,,9,,2024-07-10 10:18:37,9dab75d5-dcd7-484c-a6a7-53f742d3b5a8
3927,CANMILK PLANUNG,2022-09-01,2022-12-31,f,621,,8,,2024-07-10 10:18:37,102bf483-1d89-4eb7-a1bf-ee2ff3bb1840
3929,Flex4Fact PLANUNG,2025-01-01,2025-12-31,f,617,,9,,2024-09-04 17:37:56,95bff508-b3cb-439f-8ab2-5c741e8a3ab2
3926,LongCovid PLANUNG,2025-01-01,2025-12-31,f,622,,8,,2024-09-04 17:43:44,f35b52ea-7ff1-4efa-bde6-e9ade5b83301
3913,ROBIN,2022-09-01,2025-08-31,f,623,9932400,8,,2024-11-19 21:40:37,5b2edc0f-723a-4c44-bcc9-09be80e08a2e
3917,ROBIN 2025,2025-01-01,2025-08-31,f,623,2206800,8,3913,2024-11-19 21:40:47,55405ecb-3600-4454-a0a8-941b88a6fb7e
3882,WP5 Exploitation,2022-05-01,2026-04-30,f,615,21672000,9,,2024-07-10 10:18:37,1bed303a-84bf-4aa7-801e-6baafee3b099
3894,WP7 Management 2022,2022-05-01,2022-12-31,f,614,,9,3905,2024-07-10 10:18:37,9ce55089-f49e-4e31-af60-c6de23171b9b
3939,WP3 Comm (2022-2023),2023-01-01,2023-12-31,f,572,,8,3579,2024-07-10 10:18:37,d2d29a7e-796a-4313-a651-1d247a6bc7a1
3932,WP Planung 2024,2024-01-01,2024-12-31,f,624,,9,,2024-07-10 10:18:37,06e70f2d-8d8c-4f6b-9441-1ac7abb6c7c5
3901,WP1 Management 2022,2022-01-01,2022-12-30,f,571,2451600,9,3538,2024-07-10 10:18:37,6fe0370e-4a38-4b5b-8d69-55cdeb151e39
3902,WP10 Communication 2022,2022-01-01,2022-12-31,f,571,1998000,9,3538,2024-07-10 10:18:37,c1c7c57c-2e91-4652-a16f-17d16f8ba097
3903,WP9 Exploitation 2022,2022-01-01,2022-12-31,f,571,1544400,9,3538,2024-07-10 10:18:37,40265e0c-6335-4512-8211-4b1a95a7c35a
3907,WP1 Management 2023,2023-01-01,2023-12-31,f,571,2451600,9,3539,2024-07-10 10:18:37,290fcdb7-df4e-4ba7-b4bc-5f6bfe24e02f
3908,WP10 Communication 2023,2023-01-01,2023-12-31,f,571,1998000,9,3539,2024-07-10 10:18:37,8ff9e173-e94d-480f-9b79-39a59a20f839
3909,WP9 Exploitation 2023,2023-01-01,2023-12-31,f,571,1544400,9,3539,2024-07-10 10:18:37,d4cef175-a5b9-4879-8a36-ab4c13db1177
3965,WP7 ESIA and business models,2022-01-01,2025-09-30,f,603,6534000,9,3813,2024-07-10 10:18:37,c88fc59c-b8ed-43f6-ac92-f994f54a947e
3970,"WP7 Expl, diss, Comm",2022-10-01,2026-03-31,f,625,15480000,8,,2024-07-10 10:18:37,d1ca550e-68c7-46f8-aa00-7e5901368833
3972,"WP7 Expl, diss, Comm",2022-06-01,2025-11-30,f,624,14191200,9,,2024-07-10 10:18:37,cb784211-49b6-4b8d-ac34-3e93bf5e5d17
4047,2022 noch auf WP zu verteilen,2022-10-01,2022-12-31,f,656,,9,,2024-07-10 10:18:37,2cd87520-58e6-46a1-a638-24bd6497bb72
4029,AI REDGIO 5.0 - 2023-25,2023-01-01,2025-12-31,f,657,,9,4027,2024-07-10 10:18:37,52803c0d-db6d-4371-9c9d-21586ad18918
3975,WP3 Industrial Process Digital Twin development,2022-06-01,2025-02-28,f,617,514800,9,,2024-07-10 10:18:37,519f8a0c-3052-457c-bc7f-2c7cfaddf882
3977,WP5 Design and deployment of theindustrial cluster flexibility platform(ICFP),2022-06-01,2025-02-28,f,617,514800,9,,2024-07-10 10:18:37,69616582-3a48-4fda-9b36-88b729b75fc6
3979,"WP7 Community uptake and sustainability, dissemination, exploitation and standardization",2022-06-01,2025-11-30,f,617,24768000,9,,2024-07-10 10:18:37,e1e7983f-55f0-4f77-b210-4683b2b24d30
3976,WP4 Module development for energy-efficient and flexible planning and control processe,2022-06-01,2025-11-30,f,617,514800,9,,2024-07-10 10:18:37,aac59777-bc0c-4595-96cf-380567a4d78e
3978,"WP6 System integration, Use Cases validation, TEA and LCA/Sustainability assessment",2024-03-01,2025-11-30,f,617,3096000,9,,2024-07-10 10:18:37,fdb2489c-d274-490c-98ad-ce026a73c06f
3987,MWK LFPreis Umsetzung,,,f,634,,8,,2024-07-10 10:18:37,f95524f0-9b15-4831-9451-b89ae07c7c18
3988,EEN2EIC 2022,2022-07-01,2022-12-31,f,637,,8,,2024-07-10 10:18:37,d48a406c-5789-4e1b-b7d5-8a3fac82dd5f
3989,EEN2EIC 2023,2023-01-01,2023-12-31,f,637,,8,,2024-07-10 10:18:37,01dec9a5-8a28-49b7-8f49-d941290bae4f
3990,EEN2EIC 2024,2024-01-01,2024-12-31,f,637,,8,,2024-07-10 10:18:37,9290c4c8-81b6-4415-a942-3a561d5defc1
3991,EEN2EIC 2025,2025-01-01,2025-06-30,f,637,,8,,2024-07-10 10:18:37,1c1b72af-7321-418b-95fd-0f61e91cc541
3992,Vanguard 2022,2022-07-01,2022-12-31,f,636,,8,,2024-07-10 10:18:37,0ff2a7cf-2e45-4356-bbb7-8da9f00bdbea
3993,Vanguard 2023,2023-01-01,2023-12-31,f,636,,8,,2024-07-10 10:18:37,2bdf061c-4bb6-4546-b680-535e0e4dd645
3995,Training IONOS,2022-05-01,2022-12-31,f,638,,8,,2024-07-10 10:18:37,78b513a0-9efb-4237-854f-1fa1d94d8f59
3996,TU Iasi Antragstellung - Abwicklung,2022-05-01,2022-06-30,f,639,,8,,2024-07-10 10:18:37,b5bc364e-2a79-41d0-92b7-b7444278de6b
4000,"WP6 D&C, E",2022-07-01,2026-06-30,f,628,15480000,8,3936,2024-07-10 10:18:37,92940900-592b-45f2-b3c3-1a3d409ec733
4001,WP7 MGT,2022-07-01,2026-06-30,f,628,7956000,8,3936,2024-07-10 10:18:37,6bf905ac-1280-43b3-86dc-60b6c0d0c689
3997,WP4 Understanding stakeh. needs..,2022-12-01,2025-12-31,f,628,1548000,8,3936,2024-07-10 10:18:37,32390d7b-5b67-41c8-a40f-c0fe6f86ed04
3999,WP5 Stakeholder empowerment..,2024-06-01,2026-04-30,f,628,756000,8,3936,2024-07-10 10:18:37,01bf9593-9cd9-409b-8246-d3297d9a865e
3986,KI Champions,2022-06-01,2022-08-31,f,635,,8,,2024-07-10 10:18:37,30201186-9611-4ec4-a3f9-812172cc3336
4003,WP7 ComDissExp 2022,2022-01-01,2022-12-31,f,389,2862000,8,,2024-07-10 10:18:37,f251e452-e017-4418-97b2-1c4c59474e86
4004,MySmartLife Umsetzung,2022-06-01,2022-09-30,f,640,,8,,2024-07-10 10:18:37,b9f19b41-f6f3-48f9-b6cb-69c86db3b560
4005,IC2PerMed - 2023,2023-01-01,2023-12-31,f,479,,8,3028,2024-07-10 10:18:37,727d689a-ae70-48fc-9417-50ef4d3310ca
4049,WP5 Maximising impact,2022-11-01,2026-04-30,f,651,,8,,2024-07-10 10:18:37,44596931-1b90-4d97-bde1-9eebf6e52c79
4035,nanodiagBW - 2025,2025-01-01,2025-12-31,f,645,,9,,2024-07-10 10:18:37,c944e46e-fb2d-4184-a429-178f07d7501c
4013,Tender DTA - 2023,2023-01-01,2023-12-31,f,642,,8,,2024-07-10 10:18:37,96ae7ef3-2094-497f-9c05-5ad54ecb3f6d
4014,Tender DTA - 2024,2024-01-01,2024-12-31,f,642,,8,,2024-07-10 10:18:37,2a86c981-28aa-48e2-b5b9-44151c0b93c0
4012,Tender DTA - 2022,2022-09-05,2022-12-31,f,642,,8,,2024-07-10 10:18:37,808b99fb-9369-41b1-bad3-df0dd2f8266d
4023,Events 2023,2023-01-01,2023-12-31,f,644,,8,,2024-07-10 10:18:37,cfcbb42c-b951-4349-b695-199a5e355a7f
4024,Events 2024,2024-01-01,2024-12-31,f,644,,8,,2024-07-10 10:18:37,dcb8b22a-e71a-496b-9cb9-1a08189f90a6
4025,Events 2025,2025-01-01,2025-12-31,f,644,,8,,2024-07-10 10:18:37,6d34f06f-2f84-47f4-93fb-06444cbb7cdd
4026,Events 2026,2026-01-01,2026-07-31,f,644,,8,,2024-07-10 10:18:37,0f8132d5-b6c7-4847-842b-60713d17a867
4036,nanodiagBW - 2026,2026-01-01,2026-03-31,f,645,,9,,2024-07-10 10:18:37,64864923-e488-4dd8-a672-f3b132347ecc
4006,WP10 Monitoring & Evaluation,2022-06-01,2025-11-30,f,627,,8,,2024-07-10 10:18:37,d08766ff-b7fa-4006-856e-2d0b054ba1b9
4044,WP4 Connecting ecosystems and capitalization,2023-12-01,2023-12-31,f,646,252000,8,,2024-07-10 10:18:37,3b417b7b-9ee7-4aac-b2f1-41f274980290
4045,"WP5 Communication, Dissemination & Exploitation",2023-02-01,2023-12-31,f,646,1062000,8,,2024-07-10 10:18:37,33436061-6148-4c07-a23e-556dedc1fd9f
4020,DC 2024,2024-01-01,2024-12-31,f,644,,8,,2024-07-10 10:18:37,1c0e7b8b-57a2-46b5-8ee2-e39d60390f98
4037,ENDOTARGET - 2023,2023-01-01,2023-12-31,f,658,5054400,8,,2024-07-10 10:18:37,483f6e8a-464d-461e-8c5b-51c831cfc189
4050,2023 noch auf WP zu verteilen,2023-01-01,2023-12-31,f,651,,8,,2024-07-10 10:18:37,fffc114c-4d15-41da-9c62-3448e529716d
4019,DC 2023,2023-01-01,2023-12-31,f,644,,8,,2024-07-10 10:18:37,90698be1-2866-4603-a6e1-59a6e7674969
4022,DC 2026,2026-01-01,2026-07-31,f,644,,8,,2024-07-10 10:18:37,52fc53aa-fb9d-41be-88b1-0b0a03447fa6
4018,Events 2022,2022-08-29,2022-12-31,f,644,,8,,2024-07-10 10:18:37,a520dd8a-44ee-4e90-b4d3-a7b8a9f69cf2
4051,Organisation,2022-09-01,2022-12-31,f,659,,8,,2024-07-10 10:18:37,65af033d-5f4e-4ac8-a852-7445f1f13f03
4052,WP2 Knowledge Synthesis (2022),2022-01-01,2022-12-31,f,479,,8,3146,2024-07-10 10:18:37,41f387aa-8a04-4f92-9b84-098763cba1f2
4054,WP4 Communication Dissemination (2022),2022-01-01,2022-12-31,f,479,,8,3146,2024-07-10 10:18:37,91306ca4-df84-488e-9fc9-f183be9eda70
4055,WP5 Project Management (2022),2022-01-01,2022-12-31,f,479,,8,3146,2024-07-10 10:18:37,046be093-3000-4742-ac85-464ac523ca22
4053,WP3 Research Collaboration (2022),2022-01-01,2022-12-31,f,479,,8,3146,2024-07-10 10:18:37,d1152b49-fe71-4f10-b2c6-a21f5ba4f735
4056,PK in OH 2023,2023-01-01,2023-12-31,f,271,,8,,2024-07-10 10:18:37,860749a8-a1b6-4e9c-a115-f4f18f604027
4057,H2Glass Planung,2023-01-01,2026-12-31,f,652,,9,,2024-07-10 10:18:37,d9590e73-9edb-40f5-af6d-29140c02611a
4058,WP5 Dissemination and Exploitation 2023,2023-01-01,2023-12-31,f,614,,9,3918,2024-07-10 10:18:37,9d5f5d21-8d40-42c7-b8ba-c68a4ab2cb69
4059,WP6 Communication 2023,2023-01-01,2023-12-31,f,614,,9,3918,2024-07-10 10:18:37,6b1df826-25ab-4369-8694-e7590f52e279
4060,WP7 Management 2023,2023-01-01,2023-12-31,f,614,,9,3918,2024-07-10 10:18:37,c4d99ecd-61b0-4ff1-a623-76b29ef55077
4046,WP Plannung,2024-01-01,2024-11-30,f,646,,8,,2024-07-10 10:18:37,56c4674a-bb31-42e3-ac45-7093ad2e22f9
4017,DC 2022,2022-08-29,2022-12-31,f,644,,8,,2024-07-10 10:18:37,5d99f0a2-2e94-4051-87d8-d460af05eaca
4021,DC 2025,2025-01-01,2025-12-31,f,644,,8,,2024-07-10 10:18:37,60856c94-ebdc-4e94-9329-3817f28f7895
4016,Organisation,2022-03-29,2022-05-31,f,643,144000,8,,2024-07-10 10:18:37,3ff57d2d-f1cd-401b-a9f4-fff00976d85e
4015,Tender DTA - 2024,2024-01-01,2024-12-31,f,642,,8,,2024-10-04 07:39:35,acf5507a-e95a-465d-aa24-4894e30f8ea7
4011,TRAINING 1x1 5.2023,2023-05-01,2023-06-30,f,641,,8,,2024-07-10 10:18:37,b200ddb6-8837-4943-934d-0bbaeb74ede5
3985,WP9 Management,2022-06-01,2026-05-31,f,622,514800,8,,2024-07-10 10:18:37,39bf173b-3cde-4357-8470-0b68894b178a
4041,WP1 Project Management,2023-02-01,2023-12-31,f,646,1458000,8,,2024-07-10 10:18:37,3f6c761b-f3e1-401b-8bdc-2ebcfd187aca
4002,WP1 Management 2022,2022-01-01,2022-12-31,f,389,1440000,8,,2024-07-10 10:18:37,7e6d3604-5d5c-44e2-ac61-9f5bdff45c89
4043,WP3 Open innovation challenge for social impact,2023-02-01,2023-12-31,f,646,972000,8,,2024-07-10 10:18:37,7ee9fba6-f1fc-4170-aa80-87be64b19054
4039,ENDOTARGET - 2025,2025-01-01,2025-12-31,f,658,5054400,8,,2024-07-10 10:18:37,2852e942-d64e-4ceb-9c59-14119fc61f7e
4007,WP11 Diss/Comm/Expl,2022-06-01,2025-11-30,f,627,,8,,2024-07-10 10:18:37,05088006-57ee-46c2-9ace-a0ff6ea60738
4033,WP1 FE Strategie - nanodiagBW - 2023,2023-04-01,2023-12-31,f,645,,9,,2024-07-10 10:18:37,7c559c4d-78d9-4d96-898a-2bf3d98623fd
4034,WP1 FE Strategie - nanodiagBW - 2024,2024-01-01,2024-12-31,f,645,,9,,2024-07-10 10:18:37,f4a78f4f-419f-43b8-8ebe-f9edd388e84f
3974,WP2 Renewable Energy and excess stream module developmen,2022-09-01,2025-05-31,f,617,514800,9,,2024-07-10 10:18:37,763e8ece-a224-4648-85cb-b5f55151b973
3980,WP8 Project Management,2022-06-01,2025-11-30,f,617,2062800,9,,2024-07-10 10:18:37,fbc28dde-8837-4817-92da-73a8fb1b1a18
3981,WP1 Management,2022-09-01,2026-08-31,f,621,514800,8,,2024-07-10 10:18:37,cb074c47-43dc-46ef-99a4-274b562a5d7c
3982,WP5 Economic evaluation,2023-09-01,2026-08-31,f,621,514800,8,,2024-07-10 10:18:37,e2557071-cb56-499d-9c8f-d9af0fae95e4
3983,WP6 Dissemination and Exploitation,2022-09-01,2026-08-31,f,621,9288000,8,,2024-07-10 10:18:37,61372dc1-4c33-4b3b-bed0-ac31fa5fd2a8
3984,WP8 Dissemination and Exploitation,2022-06-01,2026-05-31,f,622,15480000,8,,2024-07-10 10:18:37,f29cf37a-5d19-4a7b-be35-c1d625bcb680
4038,ENDOTARGET - 2024,2024-01-01,2024-12-31,f,658,5054400,8,,2024-07-10 10:18:37,be77f946-6f75-4361-b7ec-a39ad924a72f
4040,ENDOTARGET - 2026,2026-01-01,2026-12-31,f,658,5054400,8,,2024-07-10 10:18:37,0b865de2-71e4-4713-ad2d-4f42671d5360
4027,AI REDGIO 5.0 (mit MwSt.),2023-01-01,2025-12-31,f,657,,9,,2024-07-10 10:18:37,779659c2-ba88-49b3-b394-7c79628770e4
4155,LUCRA 2023,2023-07-01,2023-12-31,f,680,,9,,2024-07-10 10:18:37,d25dbb50-6641-4527-95dc-cb708cd3c376
4072,WP9 MGT,2022-11-01,2026-04-30,f,655,10836000,8,,2024-07-10 10:18:37,ecd5050a-287d-4174-8ad5-aefba4037129
4071,WP8 Comm/Diss/Expl,2022-11-01,2026-04-30,f,655,14968800,8,,2024-07-10 10:18:37,e9ea9dc0-3297-4ccf-af54-96914849f797
4077,WP0 Planung 2023,2023-01-01,2023-12-31,f,655,,8,,2024-07-10 10:18:37,e84bb309-1bf6-4815-aa69-d7acf68fc737
4084,Antragstellung,2022-08-25,2022-10-27,f,661,1440000,8,,2024-07-10 10:18:37,d37daadf-fe54-4ce9-af8f-60aa2799b619
4085,Antragstellung,2022-07-01,2022-09-06,f,663,,8,,2024-07-10 10:18:37,3857d5ca-be30-4c96-ac0d-387d960616e2
4086,Orga Ukrainische Delegation,2022-08-31,2022-12-31,f,664,,8,,2024-07-10 10:18:37,4be8e651-6c3f-46c5-84df-f3ce92b59b05
4087,SmartCitiesMarketplace 2.0 Inhaltlich,2022-09-01,2022-12-31,f,666,,9,,2024-07-10 10:18:37,2623523a-789a-416c-ae4a-ad1a0cd1f890
4088,SmartCitiesMarketplace 2.0 Inhaltlich 2023,2023-01-01,2023-12-31,f,666,,9,,2024-07-10 10:18:37,052e4df9-883e-4c63-b288-1ebf0ce088c5
4089,2023 noch auf WP zu verteilen,2023-01-01,2023-12-31,f,656,,9,,2024-07-10 10:18:37,1fa16920-4351-486d-ab44-d54bccc52e8e
4092,DoC Umsetzung,2023-01-01,2023-12-31,f,665,,8,,2024-07-10 10:18:37,b55170b3-e8dc-4648-b37e-fe01aa1e418c
4094,BrainTwin Planung 2023,2023-01-01,2023-08-31,f,514,,8,,2024-07-10 10:18:37,7918028b-db90-4b4f-9e80-62c1627cb981
4090,Training 1x1,2022-10-01,2022-12-31,f,668,,8,,2024-07-10 10:18:37,7d61e10e-5faa-4fdd-86b7-6c91f5f97dc1
4099,SIG Overheads 2022,2022-01-01,2022-12-31,f,294,,8,,2024-07-10 10:18:37,8e26c4d1-771a-4608-98e1-2d1913ddc0e8
4100,Flagship EUSDR PA8 Umsetzung,2022-10-01,2022-12-31,f,670,,8,,2024-07-10 10:18:37,9adebe23-31a3-4418-b092-a0bf62d94957
4102,OIK 2023 Event (2022),2022-11-01,2022-12-31,f,669,,8,,2024-07-10 10:18:37,de76d614-931c-479c-b51d-b50cff24d973
4103,OIK 2023 OH (2022),2022-11-01,2022-12-31,f,669,,8,,2024-07-10 10:18:37,1eaf3af1-ee2e-41da-a5e7-8120da97ad94
4104,OIK 2023 Event (2023),2023-01-01,2023-05-31,f,669,,8,,2024-07-10 10:18:37,0bb49f99-2fd1-441c-afa0-a0bef6b1390b
4105,OIK 2023 OH (2023),2023-01-01,2023-05-31,f,669,,8,,2024-07-10 10:18:37,d422d24c-e4f0-46bd-8daa-0c08f8cf1352
4101,EU-KONFORM: X-WIND,2022-08-10,2022-08-20,f,662,,8,,2024-07-10 10:18:37,ea69c604-fcab-4348-97cd-58be04ac9c6e
3012,WP1 Management,2019-10-01,2023-09-30,f,443,2062800,9,,2024-07-10 10:18:37,13ba8e96-d541-486d-8938-1055fb999877
3463,WP0 Planung 2023 (später löschen),2023-01-01,2023-12-31,f,558,,9,,2024-07-10 10:18:37,374694f1-dd8b-49cf-81db-c5f22074b6da
4097,INSULAE Planung 2023,2023-01-01,2023-11-30,f,419,,9,,2024-07-10 10:18:37,6c5b5f84-5f54-4edc-9989-a540415cd767
4106,Kick Off Teilnahme Fritz/J,2022-06-16,2022-06-30,f,671,,9,,2024-07-10 10:18:37,b217a4d5-ac98-42a6-b7d5-e740e3179577
4107,Meet & Match Umsetzung,2022-10-27,2022-12-31,f,673,,8,,2024-07-10 10:18:37,04ca84b3-e060-41f9-bf8f-478d90bd3b26
4110,WP1  Social Innovation,2022-10-01,2023-09-30,f,656,3610800,9,,2024-07-10 10:18:37,6d6de66b-d889-47b4-998c-a2eecfc61e27
4112,"WP2 RP design, specification & digitalisation",2022-10-01,2024-06-30,f,656,1033200,9,,2024-07-10 10:18:37,a125702f-ef75-4af6-81f9-4d8dd072955b
4114,WP5 Pathway of the RPs to the market,2022-10-01,2026-09-30,f,656,16513200,9,,2024-07-10 10:18:37,ab275689-6bed-4949-874e-5bd7171256ab
4119,TRAINING: IP WS Hoinkis,2022-12-01,2022-12-15,f,674,,8,,2024-07-10 10:18:37,7bbe8cdb-9936-4e3a-b957-01d8dcc9c026
4125,WP4 Widening Countries Capacity Building 2022,2022-09-01,2022-12-31,f,637,331200,8,3988,2024-07-10 10:18:37,d65510fe-cb29-41b9-aa76-e3dda5daff67
4070,WP7 Validation DST,2024-05-01,2026-04-30,f,655,514800,8,,2024-07-10 10:18:37,9e889907-6fd3-4666-94fe-48649e5639f8
4128,WP2 Support to Innovative companies WE - WC 2023,2023-01-01,2023-12-31,f,637,2725200,8,3989,2024-07-10 10:18:37,d3b16285-c535-4ab9-9e87-56dbf2bc93c2
4131,WP5 D&C 2023,2023-01-01,2023-12-31,f,637,234000,8,3989,2024-07-10 10:18:37,f947a40d-ca49-47cf-8d4f-73289848067d
4130,WP4 Widening Countries Capacity Building 2023,2023-01-01,2023-12-31,f,637,529200,8,3989,2024-07-10 10:18:37,c21c9863-3899-4ba4-9ca1-23afa4b66354
4134,SCM 2.0 Events 2023 (SIG),2023-01-01,2023-12-31,f,666,,9,,2024-07-10 10:18:37,cb38066a-cb9c-4c0a-9601-899412cc3815
4133,SCM 2.0 Events 2022 (SIG),2022-09-01,2022-12-31,f,666,,9,,2024-07-10 10:18:37,e1ae0205-bf9d-4119-a201-4bc5aadea27a
4124,WP3 Support to EIC Accelerator SoE holders 2022,2022-09-01,2022-12-31,f,637,1299600,8,3988,2024-07-10 10:18:37,4d8ca568-1443-46fa-b0c0-df750c24bf29
4136,Modul 2 - Workshops,2022-11-15,2024-09-30,f,675,,8,,2024-07-10 10:18:37,ef000205-af75-42da-b06a-41ae9733e692
4141,Übergang Schule-Beruf,2023-01-15,2023-03-15,f,676,,8,,2024-07-10 10:18:37,13a99d03-f477-471c-b9bd-17a60ed91f19
4135,Modul 1 - Challenge Events,2022-11-15,2023-07-31,f,675,,8,,2024-07-10 10:18:37,0492c075-ec54-4f56-b2b9-5125c6a323e4
4137,Modul 3 - Netzwerken,2022-11-15,2024-10-31,f,675,,8,,2024-07-10 10:18:37,1fffaaa8-be19-411c-8dbf-8511631f0883
4126,WP5 D&C 2022,2022-09-01,2022-12-31,f,637,147600,8,3988,2024-07-10 10:18:37,f6226af9-1c34-4fb6-be3c-c87009b9d490
4121,WP1 Project Mgt & IT Platform 2022,2022-09-01,2022-12-31,f,637,424800,8,3988,2024-07-10 10:18:37,bae6c65c-1f0f-4861-9024-0c8c43d4bcd8
4127,WP1 Project Mgt & IT Platform 2023,2023-01-01,2023-12-31,f,637,698400,8,3989,2024-07-10 10:18:37,97dfd440-df5d-49e8-8084-c0b2b42160d7
4129,WP3 Support to EIC Accelerator SoE holders 2023,2023-01-01,2023-12-31,f,637,2106000,8,3989,2024-07-10 10:18:37,ceed44fe-e26e-4d2a-98c4-27797f7d1412
4138,WP3 Research Collaboration (2023),2023-01-01,2023-12-31,f,479,1584000,8,4005,2024-07-10 10:18:37,ed75d0ea-e0dd-4c95-82ca-cd28f53c701c
4139,WP4 Communication Dissemination (2023),2023-01-01,2023-12-31,f,479,1440000,8,4005,2024-07-10 10:18:37,8fdb19a9-e98c-46c8-9f02-8e95d9d2e065
4009,WP6 Comm,2022-07-01,2026-06-30,f,626,7257600,9,,2024-07-11 13:22:35,a7758e77-284b-4e24-a0ab-fb2c929f8470
4010,WP7 Mgt,2022-07-01,2026-06-30,f,626,7257600,9,,2024-07-11 13:22:39,b3dfce3f-1bb0-45b5-b9c4-65434267a790
4061,WP5 Diss/ Expl 24-25,2024-01-01,2025-08-31,f,614,,9,3919,2025-09-18 09:41:35,aac1278f-0c93-486b-a37e-5925c3548473
4073,CLASCO Planung,2025-01-01,2026-12-31,f,649,,8,,2025-09-26 15:58:12,760caaa7-ea43-4050-9eae-72133ff2be0b
4140,WP5 Project Management (2023),2023-01-01,2023-12-31,f,479,144000,8,4005,2024-07-10 10:18:37,f81e6345-0810-4966-bad5-9ad826a636ce
4143,Planung 2023,2023-01-01,2023-12-31,f,667,,8,,2024-07-10 10:18:37,ae61ab5d-dc69-43d3-b5c5-570cab6ca148
4142,Assignment 1 - Stakeholders mapping (Expert contract),2023-01-09,2023-02-06,f,667,,8,,2024-07-10 10:18:37,dc0af74c-05f6-44e3-bf68-c1b51fa38b22
4145,SKIIVE: Expert Contract,2023-01-01,2024-09-30,f,678,,9,,2024-07-10 10:18:37,dcd9f5c7-b6a1-49a3-a17a-3b8969dbe0ab
4146,WM-KMU 2023,2023-01-01,2023-12-31,f,677,,8,,2024-07-10 10:18:37,1aa9c882-4508-46de-a837-db98078e4295
4149,WM-KMU 2024,2024-01-01,2024-12-31,f,677,,8,,2024-07-10 10:18:37,41707cc3-4903-4765-aa01-0f8f4fae360f
4151,Mission 1 - Stekeholder mapping,2023-01-09,2023-02-06,f,678,288000,9,4145,2024-07-10 10:18:37,b63ef660-5958-450d-95de-720bca8a1f92
4152,2023 Communication,2023-01-01,2023-02-04,f,570,180000,9,,2024-07-10 10:18:37,50abef78-10b5-46ed-b5a5-689a4c2512d5
4154,2023 OH,2023-01-01,2023-02-04,f,570,,9,,2024-07-10 10:18:37,bdda9b85-1a7b-4477-a64d-6dfbf8f3c1a7
4153,2023 OH,2023-01-01,2023-02-04,f,566,,8,,2024-07-10 10:18:37,c1a98b35-5c5b-4ec5-a7ad-164148a83b8e
4096,GOFOREST Planung 2023,2023-01-01,2023-12-31,f,648,,8,,2024-07-10 10:18:37,f80ddecc-2b33-4842-9fbf-21260840a65f
4093,Eccodalli Planung 2024,2024-01-01,2024-12-31,f,650,,8,,2024-07-10 10:18:37,fa147622-31c9-46b9-b0f3-b9554ceb4935
4144,Assignment 2 - GDIH Concept(Test),2023-02-01,2023-04-30,f,667,288000,8,,2024-07-10 10:18:37,2476d337-61fa-4efd-9ab5-98adba662521
4042,WP2 Knowledge Transfer SI,2023-02-01,2023-12-31,f,646,486000,8,,2024-07-10 10:18:37,50a018b1-22e4-4f8b-a72e-3331cd583bbe
4113,WP4 Demonstration of 8 RP,2023-10-01,2026-09-30,f,656,3096000,9,,2024-07-10 10:18:37,fa9ad595-9d38-41da-9e6a-b9853150fa2c
4123,WP2 Support to Innovative companies WE - WC 2022,2022-09-01,2022-12-31,f,637,1681200,8,3988,2024-07-10 10:18:37,f88579df-4e2e-4f81-b918-1c721416c42f
4076,WP Planung 2024,2023-01-01,2024-12-31,f,655,,8,,2024-07-10 10:18:37,ab023c8f-247d-4bb5-b78c-8cb1eccda6b9
4109,WP8 Management,2023-01-01,2026-12-31,f,652,3603600,9,,2024-07-10 10:18:37,78e7a06c-99ec-4f5f-a31e-8ce60ed18e67
4115,WP6 Dissemination & communication,2022-10-01,2026-09-30,f,656,21672000,9,,2024-07-10 10:18:37,61bf81af-c257-4054-83a6-073773c9b82e
4116,WP7 Project coordination,2022-10-01,2026-09-30,f,656,514800,9,,2024-07-10 10:18:37,da4f6864-4e21-4eeb-8c20-a90ec7a225d4
4069,WP1 Stakeholder,2023-07-01,2026-04-30,f,655,1029600,8,,2024-07-10 10:18:37,0168b474-762a-45ea-925d-501aa0a98c1a
4150,SASS Antragstellung,2023-01-01,2023-12-31,f,679,,8,,2024-07-10 10:18:37,e7869d82-2493-4383-9a66-854edbf9f19a
4078,WP1 Management,2023-01-01,2025-12-31,f,660,4633200,8,,2024-07-10 10:18:37,5ed029b9-75a8-489f-b699-c183a593e5fe
4079,"WP2 Communication, Dissemination, and ecosystem building",2023-01-01,2025-12-31,f,660,2574000,8,,2024-07-10 10:18:37,6ca49087-257e-40c8-94bf-b8edc4fee6ba
4080,WP3 Service offer,2023-07-01,2025-12-31,f,660,2059200,8,,2024-07-10 10:18:37,3c25c3b4-74a4-4586-afcd-95b48f12359a
4081,WP4 Platform and demo framework,2024-01-01,2025-06-30,f,660,514800,8,,2024-07-10 10:18:37,dc8e032d-1317-4998-80c8-533021d88cc2
4082,WP5 Stakeholders engagement,2023-09-01,2025-12-31,f,660,4118400,8,,2024-07-10 10:18:37,6f9330ba-54d0-4045-a7cb-5afe03bfa5cd
4083,WP6 Exploitation and uptake,2024-01-01,2025-12-31,f,660,1411200,8,,2024-07-10 10:18:37,777f89a7-609e-4bb1-a994-ac929c500fc4
4156,CREATION: Planung 2023,2023-01-02,2023-12-31,f,681,,8,,2024-07-10 10:18:37,0b2d138a-e9ef-4647-8928-aa8170f3aff5
4157,FIBSUN Planung 2023,2023-06-01,2023-12-31,f,682,,8,,2024-07-10 10:18:37,f7ae7ff0-207e-402f-8281-93758c8a05ec
4168,WP7 DCE (2023),2023-01-01,2023-12-31,f,658,4795200,8,4037,2024-07-10 10:18:37,3353a85f-75d3-435c-a475-19bf491cd247
4159,WP2 NBS,2023-01-01,2024-12-31,f,650,,8,,2024-07-10 10:18:37,f70b3472-3f1e-4755-aaec-a35c24b7d86d
4160,WP3 Spatial Policies,2023-01-01,2025-06-30,f,650,,8,,2024-07-10 10:18:37,c053ceae-e9e4-4010-8cb3-2a6952cbc667
4161,WP4 LLs,2023-01-01,2026-06-30,f,650,,8,,2024-07-10 10:18:37,e63edd4b-fda0-4f37-8349-f314a18d42c4
4162,WP5 Innovation Ecosystem,2023-12-01,2026-06-30,f,650,,8,,2024-07-10 10:18:37,778d7ea2-ccd7-496a-b2d9-6a1beda5fe92
4163,WP6 Portal,2023-06-01,2026-06-30,f,650,,8,,2024-07-10 10:18:37,4d8ef686-9002-4072-b183-cb43f34fe32d
4164,WP7 Action Plan,2024-01-01,2026-06-30,f,650,,8,,2024-07-10 10:18:37,4442bbbd-7193-4aa0-9056-6d1e14107915
4165,WP8 CommDissExp,2023-01-01,2026-06-30,f,650,,8,,2024-07-10 10:18:37,04a17978-5b15-493c-b6d2-a5de8a7d8d8c
4166,2023 Events,2023-01-01,2023-01-31,f,566,,8,,2024-07-10 10:18:37,b25b4392-ac4c-49c5-a12c-15da4b89c257
4167,2023 Communication,2023-01-01,2023-03-31,f,566,,8,,2024-07-10 10:18:37,91e1ba69-6297-465e-8649-91320858afb1
4170,MOSTH2 Support,2022-11-01,2022-11-30,f,685,,9,,2024-07-10 10:18:37,5c558f16-fb96-4844-a63c-ce0049a84843
4171,Netzwerktreffen 2023,2023-02-01,2023-12-31,f,686,,8,,2024-07-10 10:18:37,033e88f0-bcc7-46d2-b4c7-4b673851575d
4172,Netzwerktreffen 2024,2024-01-01,2024-08-31,f,686,,8,,2024-07-10 10:18:37,ea54a586-b4a3-49c9-8512-bc4ba913599a
4173,Green Hydrogen CAT-BW,2023-02-22,2023-03-31,f,689,,8,,2024-07-10 10:18:37,105c001e-7ec3-4cfb-aaa0-2060c3fc017f
4174,SIG GL Stunden 2023,2023-01-01,2023-12-31,f,503,,9,,2024-07-10 10:18:37,396dcf33-7b49-45a7-9b15-28af193b78d1
4175,RESTORE_2023_später löschen,2023-01-01,2023-12-31,f,593,,8,,2024-07-10 10:18:37,ee594e13-8290-4b73-bf78-0a59538b61af
4176,2023 noch zu verteilen,2023-01-01,2023-12-31,f,675,,8,4135,2024-07-10 10:18:37,285cff6e-5177-4fe0-8348-f86be655f1f4
4177,Inhaltlich 2023,2023-01-02,2023-12-31,f,681,,8,,2024-07-10 10:18:37,6220a6fe-a42a-4e62-b198-f62725b054b7
4169,WP1 Requirements,2023-06-01,2027-05-31,f,682,514800,8,,2024-07-10 10:18:37,6b4d6f0f-a76f-493b-adea-57659a96fed5
4180,Plan 2023,2023-08-01,2023-12-31,f,654,,8,,2024-07-10 10:18:37,ba601088-7262-4337-aa10-71349f536e94
4182,Events 2023,2023-03-15,2023-12-31,f,683,1576800,8,,2024-07-10 10:18:37,85b9c6c7-f3da-41ce-ba4f-6c7690d0ef55
4183,Events 2024,2024-01-01,2024-12-31,f,683,1440000,8,,2024-07-10 10:18:37,c0a97e3b-9c3b-430e-835f-f0a666e3977f
4184,Events 2025,2025-01-01,2025-12-31,f,683,1440000,8,,2024-07-10 10:18:37,db11ddd9-5ae0-4362-9d8b-22700e1914a0
4185,Events 2026,2026-01-01,2026-12-31,f,683,1440000,8,,2024-07-10 10:18:37,9d91dc5b-003a-4dbb-ae29-573a6bf44b4f
4186,Events 2027,2027-01-01,2027-03-14,f,683,230400,8,,2024-07-10 10:18:37,abed8f42-7d1c-44da-b103-f5502accfbb5
4191,Inhalt 2023,2023-04-01,2023-12-31,f,684,,9,,2024-07-10 10:18:37,aafbf52e-5fa0-41e3-8d9d-42e7448a3a97
4229,SmartCitiesMarketplace 2.0 Inhaltlich 2024,2024-01-01,2024-12-31,f,666,,9,,2024-07-10 10:18:37,d9e81d6e-fa94-4d47-a88b-355366252df7
4189,WP4 Comm/Diss/Exploit.,2023-01-01,2025-12-31,f,648,207120,8,,2024-07-10 10:18:37,e41207c7-9484-453b-a0bd-70b97b115711
4231,2024 noch zu verteilen,2024-01-01,2024-12-31,f,675,,8,,2024-07-10 10:18:37,f151ad05-06ce-4d3d-958d-4a895370973d
4232,Vertrag SIG/S2i 2023,2023-01-01,2023-12-31,f,449,,9,,2024-07-10 10:18:37,e9f87192-c0dc-4c84-801b-2d41beceb302
4188,WP2 Capacity building,2023-02-01,2025-12-31,f,648,516600,8,,2024-07-10 10:18:37,2bf93dc2-f77c-4e3d-88b7-9a06933949e9
4190,WP5 Management,2023-01-01,2025-12-31,f,648,900480,8,,2024-07-10 10:18:37,42bd9de1-45a0-4065-92ed-f02b8ef567bc
4178,Events 2023,2023-01-02,2023-12-31,f,681,,8,,2024-07-10 10:18:37,aa8920e4-2fae-4460-9746-edb3242482cf
4193,OH 2023,2023-04-01,2023-12-31,f,683,,8,,2024-07-10 10:18:37,4b135ea5-2dc9-443e-b7d9-32681173905f
4194,OH 2024,2024-01-01,2024-12-31,f,683,,8,,2024-07-10 10:18:37,8717821a-b5b6-4ce9-b0ff-763affd237c7
4195,OH 2025,2025-01-01,2025-12-31,f,683,,8,,2024-07-10 10:18:37,7e53793d-224a-4742-99ee-fd1426f2e827
4196,OH 2026,2026-01-01,2026-12-31,f,683,,8,,2024-07-10 10:18:37,5e9c82d7-8293-4da1-bd07-2f3cbbaa8dcd
4197,OH 2027,2027-01-01,2027-03-31,f,683,,8,,2024-07-10 10:18:37,1874da2d-9df4-4bd7-bae9-b09c7dc2219c
4198,SIG FlexSt 2024,2024-01-01,2024-12-31,f,318,,9,,2024-07-10 10:18:37,9ddc0b01-aa74-4229-a11a-87dd948cb80b
4199,WP1 MGT,2023-01-01,2026-06-30,f,649,1044000,8,,2024-07-10 10:18:37,d806da5a-989f-4fe4-b794-5b4e692d73de
4201,WP8 CommDissExpl,2023-01-01,2026-06-30,f,649,13478400,8,,2024-07-10 10:18:37,5893a0d6-0eae-4d28-9504-a132780c7537
4074,WP0 Planung,2025-01-01,2026-12-31,f,653,,8,,2025-09-26 16:35:45,13bbe352-ee48-4303-81e5-d05ac1c9ff8d
4095,SHIFT-HUB Planung 2025,2025-01-01,2025-12-31,f,660,,8,,2024-09-05 15:25:06,98b0eee1-6a3d-4619-8118-a2ea68634889
4132,WP2 Human Factors,2022-09-01,2023-11-30,f,631,2062800,9,,2025-03-20 08:36:16,e675ef2a-6ecd-4966-8045-2d23f6da7069
4202,Mission 2 DIH Concept,2023-02-01,2023-04-30,f,678,288000,9,4145,2024-07-10 10:18:37,41e0df56-c5bb-4102-ac51-a5f1ca221429
4205,Z: Konferenzen 2023,2023-01-01,2023-12-31,f,597,,8,3943,2024-07-10 10:18:37,881c01bb-2bf1-463c-a79b-a4c01428a3fd
4206,F1: Recherche-Analyse 2023,2023-01-01,2023-12-31,f,597,,8,3943,2024-07-10 10:18:37,17b741c3-9008-42d2-b86a-a964f3123793
4211,WP6 Diss,2023-02-01,2026-01-31,f,647,1288800,8,,2024-07-10 10:18:37,ebc4e0c1-12a0-46f0-9e92-469e4917411b
4212,WP3 Innovation Management,2022-09-01,2026-02-28,f,631,1288800,9,,2024-07-10 10:18:37,9201e66b-699f-4020-aea2-8b1abe0d4d21
4213,WP4 Open Calls,2022-09-01,2024-04-30,f,631,518400,9,,2024-07-10 10:18:37,a2895dbb-1b33-4d6a-884c-f8994ec5e8fb
4214,WP5 AEs & User Experience,2023-06-30,2026-02-28,f,631,3096000,9,,2024-07-10 10:18:37,bdf41815-435d-44a5-87db-25fa3ecc6b6a
4215,WP6 Comm & Diss,2022-09-01,2026-02-28,f,631,518400,9,,2024-07-10 10:18:37,b13d398a-eccb-4243-970c-d4db693a7b8e
4216,WP7 Management,2022-09-01,2026-02-28,f,631,259200,9,,2024-07-10 10:18:37,af863583-8379-42f7-a0f1-52289f712557
4219,"WP5 Diss, Expl, Comm 2023",2023-01-01,2023-12-31,f,623,,8,3915,2024-07-10 10:18:37,fac3b728-1191-4bfa-bd76-5f2a4390c5e0
4221,WP3 Set up 2023,2023-09-01,2023-12-31,f,623,,8,3915,2024-07-10 10:18:37,a43c4237-070f-43bb-a78f-9551f3041962
4223,Inhalt 2024,2024-01-01,2024-12-31,f,684,,9,,2024-07-10 10:18:37,a0c412d5-4103-406c-9d35-92816160cb5c
4224,2024 noch auf WP zu verteilen,2024-01-01,2024-12-31,f,651,,8,,2024-07-10 10:18:37,8e93a03a-e855-45eb-b623-cc09e12fe309
4225,Plan 2024,2024-01-01,2024-12-31,f,654,,8,,2024-07-10 10:18:37,b44c0d9d-f041-4d3c-9b9d-844c950d158c
4226,später löschen,2024-01-01,2024-12-31,f,656,,9,,2024-07-10 10:18:37,b698d188-8494-4b14-bd12-12f9600f9efb
4227,später löschen 2024,2024-01-01,2024-12-31,f,593,,8,,2024-07-10 10:18:37,6998cbc5-900a-4558-b9ee-d5b644964c2f
4233,Vertrag SIG/S2i 2023,2023-01-01,2023-12-31,f,597,,8,,2024-07-10 10:18:37,936bf00d-e94f-42da-8be9-110a6c96ab29
4234,Vertrag SIG/S2i 2023,2023-01-01,2023-12-31,f,627,,8,,2024-07-10 10:18:37,c98cf0d7-f2fa-45be-9e91-43b2a7b58a76
4235,Vertrag SIG/S2i 2023,2023-01-01,2023-12-31,f,538,,8,,2024-07-10 10:18:37,b47fa25a-4867-4a83-8d20-5ca8ad8e1e26
4236,Vertrag SIG/S2i 2023,2023-01-01,2023-12-31,f,651,,8,,2024-07-10 10:18:37,85aea9aa-ce96-43df-b0a6-dd9e67b1d3db
4237,Vertrag SIG/S2i 2023,2023-01-01,2023-12-31,f,532,,9,,2024-07-10 10:18:37,160383b6-664a-449f-8be2-a6e8ecd161cd
4238,Vertrag SIG/S2i 2023,2023-01-01,2024-12-31,f,568,,9,,2024-07-10 10:18:37,0212d5e8-e371-4eb8-bb67-5bb16e7f1721
4239,Vertrag SIG/S2i 2023,2023-01-01,2023-12-31,f,628,,8,,2024-07-10 10:18:37,8c8c8941-852f-4fbf-bc9b-27cf715407bc
4240,Vertrag SIG/S2i 2023,2023-01-01,2023-12-31,f,495,,8,,2024-07-10 10:18:37,48e5dcc0-4008-43cd-90db-5b3098610469
4241,Vertrag SIG/S2i 2023,2023-01-01,2023-12-31,f,592,,9,,2024-07-10 10:18:37,f682c96f-69b6-4515-8382-e6bbece34e76
4242,Vertrag SIG/S2i 2023,2023-01-01,2023-12-31,f,656,,9,,2024-07-10 10:18:37,90b5959c-0ab9-452b-bd2d-713129db2ed1
4243,Vertrag SIG/S2i 2023,2023-01-01,2023-12-31,f,593,,8,,2024-07-10 10:18:37,ed3b3752-1a4f-4a4e-800f-ef1c7e373a93
4244,Vertrag SIG/S2i 2023,2023-01-01,2023-12-31,f,644,,8,,2024-07-10 10:18:37,b726f5c9-e8d1-497d-b812-366f6d23a1f2
4245,Vertrag SIG/S2i 2023,2023-01-01,2023-12-31,f,513,,8,,2024-07-10 10:18:37,531ba31f-e74f-4672-8f18-1329304fee97
4246,Vertrag SIG/S2i 2023,2023-01-01,2023-12-31,f,675,,8,,2024-07-10 10:18:37,1acf8d0f-cebb-4a6f-8a31-e3050fdd5da4
4204,WP6 Mgt,2023-01-01,2026-12-31,f,653,1548000,8,,2024-07-10 10:18:37,4b0559d1-8334-4d78-bfa8-551d3b7ab1be
4230,Inhaltlich 2024,2024-01-01,2024-12-31,f,681,,8,,2024-07-10 10:18:37,886a68b0-d94a-48fd-bef5-c9df8daeb907
4247,WP1 Stakeholder and ecosystem characterisation,2022-11-01,2026-02-28,f,651,,8,,2024-07-10 10:18:37,4e270a7b-8f88-49a1-abbb-c665c176b3d7
4248,WP3 From knowledge gaps over learning paths to identifying training material needs,2023-02-01,2025-10-31,f,651,,8,,2024-07-10 10:18:37,ddd1fe85-6c1c-4a17-beed-46006e52f863
4249,"WP4 Knowledge creation, capacity building, and training materials",2023-09-01,2026-04-30,f,651,,8,,2024-07-10 10:18:37,e46c3ed4-9387-4ec8-aec9-4b21973aed37
4250,"WP6 Management & coordination, and impact evaluation",2022-11-01,2026-04-30,f,651,,8,,2024-07-10 10:18:37,3e67c6e6-927d-4656-b3a7-31526f152d08
4158,WP1 Project Management,2023-01-01,2026-06-30,f,650,,8,,2024-07-10 10:18:37,4624a524-7e6a-43d7-95f9-c9ec5dffc7cf
4207,WP1 MGT,2023-02-01,2026-01-31,f,647,1033200,8,,2024-07-10 10:18:37,0f4b06a6-ef56-4a81-a392-977e58717a99
4217,WP1 Setting scene 2023,2023-01-01,2023-02-28,f,623,,8,3915,2024-07-10 10:18:37,b3a92e69-c133-4439-b37a-4cb6d5e79ceb
4220,WP6 Management 2023,2023-01-01,2023-12-31,f,623,,8,3915,2024-07-10 10:18:37,67f7301c-130b-4736-ac83-434ecf3b1e8f
4181,Umsetzung Aquarray 2023,2023-01-01,2023-12-31,f,538,,8,,2024-07-10 10:18:37,e42cfebb-0f29-4b14-901e-83d8f20ab7ea
4208,WP3 Skills,2023-02-01,2026-01-31,f,647,2581200,8,,2024-07-10 10:18:37,b3c5489c-ad1f-4707-9147-2fe457d2737b
4209,WP4 Invest,2023-02-01,2026-01-31,f,647,1548000,8,,2024-07-10 10:18:37,80b0db3b-1275-4a30-8b6b-66b8ccaa9ede
4210,WP5 Ecosystem,2023-02-01,2026-01-31,f,647,6192000,8,,2024-07-10 10:18:37,f49012b2-4f65-42a6-8ad1-0e137880146d
4203,WP5 ComDissExpl,2023-01-01,2026-12-31,f,653,18576000,8,,2024-07-10 10:18:37,1c524d00-8e8f-4c2e-a76c-4b54eebe7240
4200,WP7 TEA,2023-01-01,2026-06-30,f,649,2592000,8,,2024-07-10 10:18:37,0cd98077-4cc4-4900-9f27-afd293a56c78
4251,Vertrag SIG/S2i 2023,,,f,654,,8,,2024-07-10 10:18:37,34c176cc-9351-44da-b85d-57f60e8cfedd
4252,Vertrag SIG/S2i 2023,,,f,681,,8,,2024-07-10 10:18:37,bac50d3a-c75d-4b3f-9322-ee6c41553ef5
4254,Meet & Match Future Medicine,2023-03-16,2023-06-30,f,692,,8,,2024-07-10 10:18:37,99125cc8-2531-48a9-ae97-26bb966d550f
4255,WP 2 Management 2023,2023-01-01,2023-04-30,f,494,,8,3548,2024-07-10 10:18:37,a5c53ad9-1c9e-4780-a2cc-383a1ac714e2
4256,WP 3 Building the OI Network 2023,2023-01-01,2023-04-30,f,494,,8,3548,2024-07-10 10:18:37,1d6be00f-1f52-427d-8dce-d7127d645d23
4257,WP 4 Corporate Challenges 2023,2023-01-01,2023-04-30,f,494,,8,3548,2024-07-10 10:18:37,2a933c39-b037-4dae-b1a0-b2c3067fc392
4258,WP 5 Brokerage Services 2023,2023-01-01,2023-04-30,f,494,,8,3548,2024-07-10 10:18:37,f68d93ec-1ac2-4dce-8d05-5779291026bd
4259,WP6 Post Project Sustainability - 2023,2023-01-01,2023-04-30,f,494,,8,3548,2024-07-10 10:18:37,3224c098-9003-412c-a46a-0df60bc4c78c
4260,WP 7 Communication / Dissemination 2023,2023-01-01,2023-04-30,f,494,,8,3548,2024-07-10 10:18:37,48c51a24-c92c-4f7d-bc88-061101b49c13
4261,S2i Business 2022,2022-01-01,2022-12-31,f,259,,8,,2024-07-10 10:18:37,d71239ba-0f65-469e-ba63-f46a1de853b7
4262,Reserviert für Unterstützung bei Challenge Events (Modul 1),2023-01-01,2023-12-31,f,675,288000,8,,2024-07-10 10:18:37,f4ec64e4-a050-4d67-ba0d-92badea70b54
4334,IO,2023-05-01,2023-11-30,f,702,,8,,2024-07-10 10:18:37,959421da-0101-4fd2-98d7-be4d3aa426eb
4265,Green Deal 2022,2022-10-01,2022-12-31,f,672,,8,,2024-07-10 10:18:37,c68bbe5b-6023-421e-adb0-112f811ee0b8
4266,LUCRA 2024,2024-01-01,2024-12-31,f,680,,9,,2024-07-10 10:18:37,3b3d48d2-4d7d-423e-b705-5ce1a071d449
4267,LUCRA 2025,2025-01-01,2025-12-31,f,680,,9,,2024-07-10 10:18:37,1816d313-c6a3-412f-8fa0-c7c85733a8ed
4268,LUCRA 2026,2026-01-01,2026-12-31,f,680,,9,,2024-07-10 10:18:37,49c26338-6b8a-4353-976e-c73fcda0b966
4269,LUCRA 2027,2027-01-01,2027-06-30,f,680,,9,,2024-07-10 10:18:37,b7b3963b-7425-4240-8eaf-f03a60a270d5
4303,Capacity2Transform PLANUNG,2023-03-01,2023-12-31,f,694,,8,,2024-07-10 10:18:37,892756bb-a34c-4c42-90ec-ccad118b03f7
4335,Training 5.2023,2023-05-01,2023-05-31,f,701,,8,,2024-07-10 10:18:37,5cea8264-a058-493f-84c1-1a117de5de0c
4306,WP2 Identification of value chain requirements and barriers and creation of local COP,2023-09-01,2027-08-31,f,695,4118400,9,,2024-07-11 13:23:38,e7a44e97-955e-40f4-aee3-ccec8b89fec0
4309,WP5 Assessment of the value chain implementation,2024-03-01,2027-05-31,f,695,514800,9,,2024-07-11 13:23:46,e69b7fea-df6f-4ca4-89c2-cce0f9cb3cde
4308,WP4 E-methanol modular plant demonstration and e-fuel tests,2024-10-01,2027-02-28,f,695,,9,,2024-07-11 13:23:54,6e02bd06-03d6-4aa8-a0ab-8b981b6dc9f5
4222,D+C 2024,2024-01-01,2024-12-31,f,683,,8,,2024-08-01 08:31:05,375ad0e3-bad8-46ca-aaa8-76dc00b5e783
4218,WP2 Co-creation 2023,2023-01-01,2023-12-31,f,623,,8,3915,2024-11-19 21:41:47,fa1f5e6f-a1bd-4161-bd55-917cc2c78f53
4336,PLANUNG 2023,2023-10-01,2023-12-31,f,704,,9,,2024-07-10 10:18:37,bf5adfc7-f3da-401f-93ec-ac678d77f945
4304,POSEIDON Planung 2023,2023-09-01,2023-12-31,f,695,2219400,9,,2024-07-10 10:18:37,62daa250-665e-49e7-91c5-c5ec678f50bb
4312,EU-KONFORM Stack4Ships,2023-02-14,2023-04-18,f,696,,8,,2024-07-10 10:18:37,07fdb74b-8310-4b03-bc52-0549bd81e207
4337,EU-KonForM Wörwag - 1st stage,2023-01-01,2023-12-31,f,705,,8,,2024-07-10 10:18:37,86f98c6a-a3af-4847-b710-07c4952180a0
4270,Vanguard KI Pilot 2023,2023-01-01,2023-12-31,f,629,,8,,2024-07-10 10:18:37,3be5f298-0552-4754-8603-88c03e4015b6
4314,Vanguard KI Pilot 2024,2024-01-01,2024-12-31,f,629,,8,4270,2024-07-10 10:18:37,97853364-1830-4c97-91a6-c9e0c5a16c43
4315,Umsetzung,2023-03-01,2023-05-31,f,691,,8,,2024-07-10 10:18:37,b62e1199-7fa6-4db0-be87-93a555d26cbb
4316,Vertrag SIG/S2i 2023,2023-01-01,2023-12-31,f,684,,9,,2024-07-10 10:18:37,8818b50e-f505-4251-9a81-21da85c64994
4317,F1 2024 - später löschen,2024-01-01,2024-12-31,f,597,,8,,2024-07-10 10:18:37,3e210512-136e-478e-98f0-25837cf418d2
4319,DaWetRest Planung 2023,2023-06-01,2023-12-31,f,690,,9,,2024-07-10 10:18:37,ff3d1097-ea6e-457e-9930-99512f6e41f9
4320,WP7 Mgmt 2023,2023-05-01,2023-12-31,f,687,,9,,2024-07-10 10:18:37,e7dddafd-9e26-4692-85a1-4a4dfb7f245f
4321,MARS D&C,2023-01-01,2023-12-31,f,697,,9,,2024-07-10 10:18:37,b2a44100-01fc-4d90-b5dc-fcf3b4f6781c
4322,PLANUNG 2023,2023-06-01,2023-12-31,f,698,,9,,2024-07-10 10:18:37,7f4e1d6f-8825-4f4e-b0c2-bb32ed9ac55f
4338,WP1,,,f,703,,8,,2024-07-10 10:18:37,2e640151-7b6c-476e-9b28-ea8cd9974218
4329,"WP4 Dissemination, exploitation & communication",2023-06-01,2027-05-31,f,682,4118400,8,,2024-07-10 10:18:37,6424cf3d-ac17-4630-8554-5e198d8cad83
4325,KI-Champions Videos,2023-05-01,2023-06-30,f,699,,8,,2024-07-10 10:18:37,8372850c-140d-4529-b015-51364ea2e779
4340,WP1: AU-EU Festival orga,2023-04-01,2023-06-30,f,706,,8,,2024-07-10 10:18:37,f5744ee5-68b4-472a-b864-3dccfbfd7b93
4187,"WP1 Collection, preparation, and translation of practical knowledge",2023-01-01,2025-06-30,f,648,4644000,8,,2024-07-10 10:18:37,c0973822-ac1d-4568-85e5-f6c4d12558cf
4333,Orga,2023-05-01,2023-11-30,f,702,864000,8,,2024-07-10 10:18:37,d7e0145d-783d-40a7-b8a1-507f65073137
4332,WP6 Technology scale up,2023-01-01,2026-12-31,f,652,3088800,9,,2024-07-10 10:18:37,b66bf161-a5c2-403a-9556-133d95acbe56
4253,Vertrag SIG/S2i 2023,,,f,687,,9,,2024-07-10 10:18:37,2a0d04ed-ab50-4093-97e3-f3f17de877a5
4341,COSMHYC XL Planung 2023,2023-01-01,2023-06-30,f,389,,8,,2024-07-10 10:18:37,99b52adc-802f-4589-8444-f9dfeb0f9298
4344,Study visit,2023-06-01,2023-07-31,f,667,,8,,2024-07-10 10:18:37,7f80b835-5243-4247-bcb1-662f3a441f19
4345,Business model and plan,2023-07-01,2023-12-31,f,667,,8,,2024-07-10 10:18:37,75b94fcb-17ac-4c7d-b4f9-896716db818d
4346,Marketing and communication strategy,2023-09-01,2023-10-31,f,667,,8,,2024-07-10 10:18:37,d0da807f-cabe-49fb-a9de-b2147ef28c51
4348,WP7 Exploitation,2024-03-01,2027-05-31,f,698,1548000,9,,2024-07-10 10:18:37,9154ad82-3924-4206-8520-872795addd86
4356,WP4 Capacity building (2022-2023),2023-01-01,2023-12-31,f,572,,8,3579,2024-07-10 10:18:37,7818f0ec-d92a-4dd5-840f-ec1afe358c36
4355,WP2 Value added services (2022-2023),2023-01-01,2023-12-31,f,572,,8,3579,2024-07-10 10:18:37,6a45bb1c-e0f9-4bf0-8848-2fc2d3caf3f5
4370,WP0 Planung (2024),2024-01-01,2024-12-31,f,572,,8,4364,2024-07-10 10:18:37,078e2a91-1b47-441b-b486-714d416088e3
4343,WP7 ComDissExp 2023,2023-01-01,2023-06-30,f,389,774000,8,,2024-07-10 10:18:37,b3c554d5-4113-46f6-ac48-e96fe65fb111
4331,Mission 3 - Networking,2023-04-01,2023-12-31,f,678,144000,9,4145,2024-07-10 10:18:37,79e606ec-6ea4-4403-aa96-26c41ed99d35
4327,WP2 Industrial process development,2023-06-01,2027-05-31,f,682,514800,8,,2024-07-10 10:18:37,f544c0e6-88d2-4e10-abd2-60533425491f
4328,WP3 Economic viability & environmental performance of proposed value chains,2023-06-01,2027-05-31,f,682,12355200,8,,2024-07-10 10:18:37,fb5ead56-ef96-4b91-a628-41e2d689f292
4330,WP5 Coordination,2023-06-01,2027-05-31,f,682,1029600,8,,2024-07-10 10:18:37,9be61e69-015c-4cb0-b538-a5cc1921b586
4342,WP1 Management 2023,2023-01-01,2023-06-30,f,389,504000,8,,2024-07-10 10:18:37,04a641a5-dfed-4465-9b6d-e1b940f407cd
4108,WP7 Communication and Exploitation,2023-01-01,2026-12-31,f,652,24710400,9,,2024-07-10 10:18:37,71d80c77-f1da-4c87-95a9-658de6ffa6d6
4339,Expert Contract 2023,2023-06-01,2023-12-31,f,707,,8,,2024-07-10 10:18:37,86e3c972-095f-4976-a66c-11ff42b57c77
4350,WP1 Mgt,2023-05-01,2026-06-30,f,688,1036800,9,,2024-07-10 10:18:37,82198c35-0d79-40bc-98a4-70c038c44bb0
4351,WP2 Sustainable Development of logistics & transport,2023-05-01,2026-04-30,f,688,2073600,9,,2024-07-10 10:18:37,14ff6a7d-bfc7-46ff-9cd6-be067ec57c3c
4353,WP7 CommDissExpl,2023-05-01,2026-04-30,f,688,18144000,9,,2024-07-10 10:18:37,9a2a7e2f-ba11-4065-a4af-50c9e184ce34
4364,EEN 2024,2024-01-01,2024-12-31,f,572,,8,,2024-07-10 10:18:37,1493e504-de54-4e80-a784-e29cf5719f21
4357,WP1 Project Management (2022-2023),2023-01-01,2023-12-31,f,572,,8,3579,2024-07-10 10:18:37,abcd8ece-0328-45de-923e-0b0995e9de47
4372,WP0 Planung (2025),2025-01-01,2025-06-30,f,572,,8,4369,2024-07-10 10:18:37,b6127482-78d4-4853-8ce8-aa4b124f53ff
4310,WP6 Replication and deployment strategy,2025-11-01,2027-08-31,f,695,4118400,9,,2024-07-11 13:24:00,61c828a9-7de3-4c76-a9aa-2b5b7588169b
4311,"WP7 Communication, dissemination and exploitation",2023-09-01,2027-08-31,f,695,12870000,9,,2024-07-11 13:24:04,0b634ff2-c460-4d7e-b15e-0507f87b522c
4263,FP2 Umsetzung,2024-06-01,2024-12-31,f,693,1728000,8,,2024-08-09 08:10:42,d0bbd9a2-d505-4f42-89d2-6756c04a45f8
4264,BD Umsetzung,2023-04-03,2024-12-31,f,693,,8,,2024-08-09 08:17:03,7762390f-f581-452d-afd1-1965dd498203
4354,MAGICIAN PLANUNG,2026-01-01,2025-12-31,f,700,,9,,2025-09-26 16:51:00,08530bdc-df92-48ea-b2e2-8542d644b564
4323,MAGICIAN 2025 PLANUNG,2025-01-01,2025-12-31,f,700,,9,,2024-09-04 17:45:42,b74eced6-740a-4584-8a40-fae1e010c74b
4367,WP3 Promotion and communication (ex events) (2024),2024-01-01,2024-12-31,f,572,5103000,8,4364,2024-10-28 10:02:05,86f0a969-a7c4-4701-bcc9-0becaa4a60c2
4365,WP1 Project Management (2024),2024-01-01,2024-12-31,f,572,1960200,8,4364,2024-10-28 10:01:02,d1106dad-df47-4e03-b1e6-e23430a5b46d
4368,WP4 Network development+Capacity building (2024),2024-01-01,2024-12-31,f,572,3307500,8,4364,2024-10-28 10:02:42,a89069da-618c-4e79-8de5-55dd9c7f8d85
4352,WP3 Business models for sustainable transports,2023-05-01,2026-04-30,f,688,2073600,9,,2024-12-18 07:28:24,380fd0cc-ffe9-4080-ba4e-bb052911916b
4318,Ecodalli Planung 2023,2023-01-01,2023-12-31,f,650,,8,,2024-10-01 08:43:13,d9fe5d52-04b1-495b-8c6c-f21699091f03
4324,ADMIRAL PLANUNG,2025-01-01,2026-12-31,f,688,,9,,2025-09-26 16:45:05,15616e51-e6df-4022-87be-65ca0642da48
4375,WP1 Project Management (2025),2025-01-01,2025-06-30,f,572,1266600,8,4369,2025-08-18 11:46:18,19a64fc6-ac10-45f7-b88e-3c61d6394758
4378,WP4 Capacity building (2025),2025-01-01,2025-06-30,f,572,1256400,8,4369,2025-08-18 11:54:34,d3a38eee-760d-4e56-92d6-a30f8d9a8bfd
4363,WP4 Internetpräsenz 2023,2023-01-01,2023-12-31,f,636,,8,3993,2024-10-29 11:02:30,55b2cdde-57cc-445e-b6ac-771352222634
4362,WP3 Ansprechpunkt 2023,2023-01-01,2023-12-31,f,636,,8,3993,2024-10-29 11:02:40,05bb3e42-7f72-48e1-80c0-936a03de0261
4361,WP2 Initiierung Antrag 2023,2023-01-01,2023-12-31,f,636,,8,3993,2024-10-29 11:02:50,6d5561a1-39b5-497f-a3ea-a6f263c364fe
4360,WP1 Interreg. Koop. 2023,2023-01-01,2023-12-31,f,636,,8,3993,2024-10-29 11:03:01,50f0ba86-3858-4296-9858-fca8d413cdbb
4349,WP8 Comm/Diss,2023-06-01,2027-05-31,f,698,13413600,9,,2024-11-14 09:31:07,404733e3-7d20-4596-80fe-860ca327c19e
4347,WP1 Project Management,2023-06-01,2027-05-31,f,698,1033200,9,,2024-11-14 09:31:20,780b9480-c31f-48ed-8d60-46c9b9ff08eb
4366,WP2 Value added services (2024),2024-01-01,2024-12-31,f,572,27289800,8,4364,2024-11-19 07:44:11,0cf51dbd-e258-4e39-9d07-773fe452ff3b
4179,WP6 D&C 2023,2023-05-01,2023-12-31,f,687,,9,,2025-02-12 12:39:43,b94f2646-1260-4dde-888d-7119ccb6231e
4374,WP2 WM Budget (Green Deal) (2025),2025-01-01,2025-06-30,f,572,,8,4369,2025-07-07 07:15:41,07e5fc34-f11c-48b2-9749-4c339a3c950d
4369,EEN 2025,2025-01-01,2025-06-30,f,572,25315200,8,,2025-08-18 11:42:18,d307a3d4-e761-41f3-90f7-37b4a3251d80
4376,WP2 Value added services (2025),2025-01-01,2025-06-30,f,572,16456500,8,4369,2025-08-18 11:43:37,e734efa3-c921-41f0-8399-6ed6f80a31ef
4420,WP Planung STREAM IT 2025,2025-01-01,2025-12-31,f,714,,8,,2024-07-10 10:18:37,87ae7290-b514-4ddb-8fa8-88aad8ef67f4
4384,"WP8 Communication, Dissemination and external Liaisons",2023-01-01,2025-12-31,f,657,1036800,9,4029,2024-07-10 10:18:37,9765c1ee-b59c-47e3-aa70-9dc46c3c3864
4379,"WP1 Consortium Coordination, Innovation Management",2023-01-01,2025-12-31,f,657,1036800,9,4029,2024-07-10 10:18:37,76ded122-766e-4d9c-bbda-0784a2608122
4383,WP7 Socio-economic Impact of EDGE AI Industry 5.0,2023-01-01,2025-12-31,f,657,518400,9,4029,2024-07-10 10:18:37,14674402-f105-4ece-a6b7-b490139ed0cc
4382,WP6 AI REDGIO 5.0 Application Experiments,2023-01-01,2025-12-31,f,657,2073600,9,4029,2024-07-10 10:18:37,2c3c4c73-92fc-4dd3-9f0c-f2508ed0fc0a
4381,WP3 (E)DIHs Network for AI-at-the-edge Industry 5.0,2023-01-01,2025-12-31,f,657,3110400,9,4029,2024-07-10 10:18:37,8bbfb335-9969-449c-835b-5789a4c9cfa8
4385,WP2 WM Budget (Green Deal) (Monat 19-36; 2023) Phase 2,2023-08-01,2023-12-31,f,572,,8,3579,2024-07-10 10:18:37,1e454185-d7f0-44c5-840a-1579d68f1840
4421,WP Planung STREAM IT 2026,2026-01-01,2026-10-31,f,714,,8,,2024-07-10 10:18:37,8de0573f-f6d9-4869-a0f1-db96b9903b3b
4398,WP3 Transformation,2024-09-01,2026-02-28,f,694,,8,,2024-07-10 10:18:37,498d06e9-f6c6-47ed-bc67-e4151bed3b28
4389,WP Planung 2025,2025-01-01,2025-12-31,f,709,,8,,2024-07-10 10:18:37,9606cf9b-479e-44b0-9589-9ec22c30fafa
4388,WP Planung 2024,2024-01-01,2024-12-31,f,709,,8,,2024-07-10 10:18:37,623b87ca-9a4d-4f7b-9ac7-ad2b1f86a504
4390,DITF Auftragsumsetzung,2023-01-01,2023-12-31,f,710,,8,,2024-07-10 10:18:37,65077b12-cbcf-4b1a-9a43-74c7ad6d329a
4394,WP1 Management 2024,2024-01-01,2024-12-31,f,680,,9,4266,2024-07-10 10:18:37,45bef677-692b-4f3e-9e41-ae0311c400b4
4395,WP7 Exploitation 2024,2024-01-01,2024-12-31,f,680,,9,4266,2024-07-10 10:18:37,965b4350-a2f2-47f9-96b1-d54fd8f44884
4396,"WP8 Comm, Diss and SE 2024",2024-01-01,2024-12-31,f,680,,9,4266,2024-07-10 10:18:37,24ccd806-dd10-4a00-b305-cf7461857705
4397,WP2 Capacity Building,2023-09-01,2025-08-31,f,694,,8,,2024-07-10 10:18:37,316f0d0e-302e-4688-91e3-280b40fcd584
4451,Planung 2026,2026-01-01,2026-12-31,f,725,,9,,2024-07-10 10:18:37,66c8d79c-38b2-437b-97b7-4f55971ea633
4386,EU-KONFORM GREENE,2023-07-01,2023-10-31,f,708,,8,,2024-07-10 10:18:37,36e0f29b-9bfa-4ef9-8622-70f06bf70020
4401,EU-KONFORM Stack4Ships - Auftragsumsetzung,2023-07-01,2023-09-30,f,712,,9,,2024-07-10 10:18:37,f53ef887-dac4-4f9c-92e5-a221c398cc1a
4402,EU-KONFORM BioFibreLoop - Auftragsumsetzung,2023-07-01,2023-09-30,f,713,,9,,2024-07-10 10:18:37,37a31c56-fd2b-48d9-97b7-723bc4688aee
4392,WP7 Exploitation 2023,2023-07-01,2023-12-31,f,680,,9,4155,2024-07-10 10:18:37,b7d961c1-2419-479f-9c76-bdd525e74573
4393,"WP8 Comm, Diss and S.E 2023",2023-07-01,2023-12-31,f,680,,9,4155,2024-07-10 10:18:37,0f39087e-dd73-4869-b72a-90388fe863e5
4414,EUB 2024,2024-01-01,2024-12-31,f,715,,10,,2024-07-10 10:18:37,9811d171-c126-4dd5-83b1-62137d24781e
4415,EUB 2025,2025-01-01,2025-12-31,f,715,,10,,2024-07-10 10:18:37,ea782926-9ee6-4b57-89d7-18a3b6deabe8
4416,EU-KONFORM: Eurostars Umsetzung,2023-07-01,2023-12-31,f,716,,8,,2024-07-10 10:18:37,a1353c4d-fbf8-45ba-bbde-6ebd2044e1c6
4425,WP Planung 2026,2026-01-01,2026-12-31,f,719,,9,,2024-07-10 10:18:37,72956e25-d15e-48cb-89b7-72aafae7f9c7
4426,WP Planung 2027,2027-01-01,2027-12-31,f,719,,9,,2024-07-10 10:18:37,fa9309fc-c937-4cc6-a55e-7451d4385469
4428,WP Planung 2024,2024-01-01,2024-12-31,f,720,,9,,2024-07-10 10:18:37,62d7f06c-7ed9-40f0-9d9c-3dbdc1f03809
4429,WP Planung 2025,2025-01-01,2025-12-31,f,720,,9,,2024-07-10 10:18:37,580a3e76-38bc-4a4f-a092-19e6bc0646da
4430,WP Planung 2026,2026-01-01,2026-12-31,f,720,,9,,2024-07-10 10:18:37,d89a2f02-fe1c-489f-9c33-373a3a2ba1c0
4431,WP Planung 2027,2027-01-01,2027-12-31,f,720,,9,,2024-07-10 10:18:37,bfdecf75-8f87-4919-a585-f0e6ecc5c96b
4432,WP Planung 2028,2028-01-01,2028-02-28,f,720,,9,,2024-07-10 10:18:37,590eef03-24e9-4519-b273-4a762b04d640
4433,PLANUNG 2024,2024-01-01,2024-12-31,f,704,,9,,2024-07-10 10:18:37,c2c4a73f-0a65-4a09-828e-12010022a464
4434,WP Umsetzung ATELIER Aug bis Okt,2023-08-01,2023-10-31,f,718,216000,8,,2024-07-10 10:18:37,3488b4bd-0cfc-478e-a5fd-f0794873d250
4435,WP Planung 2024,2024-01-01,2024-12-31,f,721,,8,,2024-07-10 10:18:37,c4c7e392-b3e3-43e4-801c-4ed27b9a1abf
4436,WP Planung 2025,2025-01-01,2025-12-31,f,721,,8,,2024-07-10 10:18:37,188328a4-be14-49cd-9ff8-b14b7e3e8656
4437,WP Planung 2023,2023-11-01,2023-12-31,f,722,,9,,2024-07-10 10:18:37,46158cd1-5b85-4925-b95e-93c55ea0c963
4438,WP Planung 2024,2024-01-01,2024-12-31,f,722,,9,,2024-07-10 10:18:37,5fea51ff-55ce-47f3-81d1-b5845699b5e6
4439,WP Planung 2025,2025-01-01,2025-12-31,f,722,,9,,2024-07-10 10:18:37,b50ad96e-dd31-42db-8a87-61cf45948c02
4440,WP Planung 2026,2026-01-01,2026-12-31,f,722,,9,,2024-07-10 10:18:37,1adf343b-d02a-4527-8707-c34386622510
4441,WP Planung 2027,2027-01-01,2027-04-30,f,722,,9,,2024-07-10 10:18:37,f66c0e18-b6f4-4707-990e-7d3f51317e72
4422,WP Umsetzung ATELIER Feb bis Juli,2023-02-01,2023-07-31,f,718,360000,8,,2024-07-10 10:18:37,0e810855-212a-4ecb-8fea-33654de4ce0e
4442,WP Planung 2024,2024-01-01,2024-12-31,f,723,,8,,2024-07-10 10:18:37,4afbd60c-117c-466d-b25e-75cde36659a8
4443,WP Planung 2025,2025-01-01,2025-12-31,f,723,,8,,2024-07-10 10:18:37,df0a9836-0829-4254-8a42-8f94a3ccd160
4444,WP Planung 2026,2026-01-01,2026-12-31,f,723,,8,,2024-07-10 10:18:37,6f4bc7a3-cedd-42cc-bc53-3fce7f332e63
4445,WP Planung 2027,2027-01-01,2027-12-31,f,723,,8,,2024-07-10 10:18:37,bd54577f-204d-4edb-a22d-5da10eb7783d
4373,WP2 WM Budget (Green Deal) (2023-2024) Phase 2,2024-01-01,2024-12-31,f,572,,8,4364,2024-07-10 10:18:37,5693e1dd-1ca7-4756-bb20-7f744ba1066c
4118,"WP2 WM Budget (Green Deal) (Monat 1-18,  2023) Phase 1",2022-01-01,2023-07-31,f,572,,8,3579,2024-07-10 10:18:37,45f83063-53ad-407b-bce0-7e6e23a51a8f
4447,SCEWC 2023 Abwicklung,2023-09-01,2023-12-31,f,724,,8,,2024-07-10 10:18:37,f8c99a52-d3a8-4171-ab0c-5bac0ff0b8ef
4452,Planung 2024,2024-01-01,2024-12-31,f,726,,8,,2024-07-10 10:18:37,b3095673-80c7-4f2b-92bf-61d3be5944d2
4453,Planung 2025,2025-01-01,2025-12-31,f,726,,8,,2024-07-10 10:18:37,0b4ecb81-2cda-411f-b96e-26760fab9675
4454,Planung 2026,2026-01-01,2026-12-31,f,726,,8,,2024-07-10 10:18:37,9dfbb9db-8521-47f5-b97e-36effec62f6a
4455,Planung 2027,2027-01-01,2027-12-31,f,726,,8,,2024-07-10 10:18:37,1986bde4-cd86-4e26-b915-c647e66edb7a
4387,WP1 Transformation Approach DGC,2023-03-01,2024-08-31,f,694,,8,,2024-07-10 10:18:37,88d9596c-af73-4a6e-8ea6-ef49400b0d97
4423,WP1 UT-LABs: CITIZEN & STAKEHOLDERS MUTUAL ENGAGEMENT,2024-01-01,2028-12-31,f,719,4644000,9,,2024-07-10 10:18:37,cb370e01-7c6d-48fe-8520-ba76abae7e3e
4456,WP6 COORDINATION,2024-01-01,2028-12-31,f,719,1033200,9,,2024-07-10 10:18:37,31c96bfa-2004-4563-89d3-4f0ce4b227f3
4457,WP Planung 2024,2024-01-01,2024-12-31,f,719,,9,,2024-07-10 10:18:37,95fc4043-8559-4e7d-adbe-2780ca766297
4458,WP Planung 2025,2025-01-01,2025-12-31,f,719,,9,,2024-07-10 10:18:37,e27aa2c0-4e0d-49c9-a863-b040f7ee9b36
4403,"WP6 Ethics, Regulation & GDPR (2023)",2023-01-01,2023-12-31,f,658,64800,8,4037,2024-07-10 10:18:37,981d0426-909d-431e-b292-0d3bdc180826
4399,WP?? Exoert Contract (in RP2 NICHT abgerechnet),2023-07-01,2023-09-30,f,711,,8,,2024-07-10 10:18:37,04947bfe-8939-4171-913b-ae1c59279835
4405,WP8 Project Management (2023),2023-01-01,2023-12-31,f,658,194400,8,4037,2024-07-10 10:18:37,9c8f68f5-0d87-4e07-9ba9-15198d344b97
4404,"WP6 Ethics, Regulation & GDPR (2024)",2024-01-01,2024-12-31,f,658,64800,8,4038,2024-07-10 10:18:37,5ae1d525-1638-42de-8b65-63157ceb79e7
4406,WP7 DCE (2024),2024-01-01,2024-12-31,f,658,4795200,8,4038,2024-07-10 10:18:37,015f7555-6b84-4db9-93ce-0fa4b9f6e475
4408,WP8 Project Management (2024),2024-01-01,2024-12-31,f,658,194400,8,4038,2024-07-10 10:18:37,32451d74-8a97-464f-a0ee-6606843487e3
4407,"WP6 Ethics, Regulation & GDPR (2025)",2025-01-01,2025-12-31,f,658,64800,8,4039,2024-07-10 10:18:37,86176908-2b81-4478-b4e5-4a6a459c3189
4409,WP7 DCE (2025),2025-01-01,2025-12-31,f,658,4795200,8,4039,2024-07-10 10:18:37,d9087e76-f7a7-4a8a-aa70-15aa53506ae0
4411,WP8 Project Management (2025),2025-01-01,2025-12-31,f,658,194400,8,4039,2024-07-10 10:18:37,1a49d921-e150-4a40-bf31-0f7ebd23d7ff
4410,"WP6 Ethics, Regulation & GDPR (2026)",2026-01-01,2026-12-31,f,658,64800,8,4040,2024-07-10 10:18:37,a805c6f7-17da-4860-ab59-c30856132bea
4412,WP7 DCE (2026),2026-01-01,2026-12-31,f,658,4795200,8,4040,2024-07-10 10:18:37,53933a7b-12cd-4a5a-b7df-f40474b438a3
4413,WP8 Project Management (2026),2026-01-01,2026-12-31,f,658,194400,8,4040,2024-07-10 10:18:37,1047020b-2367-4e8c-9403-4407f3be26da
4449,Planung 2024,2024-01-01,2024-12-31,f,725,,9,,2024-07-10 10:18:37,10610485-8efd-46aa-92eb-88882856ffd8
4450,Planung 2025,2025-01-01,2025-12-31,f,725,,9,,2024-07-10 10:18:37,9ed61c0a-84f4-4bfe-bd6c-829187b4304b
4380,"WP2 Needs, requirements, evaluation for AI-driven I5.0",2023-01-01,2025-12-31,f,657,518400,9,4029,2024-07-10 10:18:37,66f69fcc-64d1-481e-9e57-7cd104a4a0e6
4400,WP?? Expert Contract (RP3),2023-10-01,2023-12-31,f,711,,8,,2024-07-10 10:18:37,319d2462-ce19-4787-b782-ecdd61feed44
4459,WP Planung 2028,2028-01-01,2028-12-31,f,719,,9,,2024-07-10 10:18:37,c18fe306-eb70-4fcf-a55f-4d113cb958c6
4424,"WP4 DISSEMINATION, COMMUNICATION, EXPLOITATION & CLUSTERING",2024-01-01,2028-12-31,f,719,24768000,9,,2024-07-10 10:18:37,74bd9d1e-98fb-4132-9331-e17eacc96628
4427,WP5 UPSCALING & REPLICATION – FROM DEMONSTRATION TO LONG TERM CITY PLANS,2024-07-01,2028-12-31,f,719,7740000,9,,2024-07-10 10:18:37,a980c1a3-3131-442e-890f-cd53a893890b
4460,WP Planung 2024,2024-01-01,2024-12-31,f,727,,9,,2024-07-10 10:18:37,c13e1370-e52c-4eac-8d46-62ab84d88a3e
4461,WP Planung 2025,2025-01-01,2025-12-31,f,727,,9,,2024-07-10 10:18:37,b516e8f5-725c-4e0f-8fa2-2caee346c018
4462,WP Planung 2026,2026-01-01,2026-12-31,f,727,,9,,2024-07-10 10:18:37,30b02e8a-9eb5-4891-9b17-fe3977d2104c
4463,WP Planung 2027,2027-01-01,2027-12-31,f,727,,9,,2024-07-10 10:18:37,e066292a-8f32-4aed-b731-73cbfd6e8f30
4464,WP Planung 2024,2024-01-01,2024-12-31,f,728,,9,,2024-07-10 10:18:37,d465b6aa-e60d-40ac-8220-ff94f1d15250
4465,WP Planung 2025,2025-01-01,2025-12-31,f,728,,9,,2024-07-10 10:18:37,1c2ce982-e045-4fca-829c-4b458cad7e62
4466,WP Planung 2026,2026-01-01,2026-12-31,f,728,,9,,2024-07-10 10:18:37,1060e388-f423-411b-852b-cff93f5772eb
4467,GOFOREST Planung 2024,2024-01-01,2024-12-31,f,648,,8,,2024-07-10 10:18:37,64fd27ed-3653-4517-a9fb-418598f917ca
4469,FIBSUN Planung 2024,2024-01-01,2024-12-31,f,682,,8,,2024-07-10 10:18:37,bb52d21c-da4d-4982-81de-bd92b72c93bf
4471,POSEIDON Planung 2024,2024-01-01,2024-12-31,f,695,,9,4304,2024-07-10 10:18:37,bb65b14e-50b5-4493-9e5a-e939d608350d
4472,CAPTUS Planung  2024,2024-01-01,2024-12-31,f,698,,9,,2024-07-10 10:18:37,af012a1a-584b-4a45-a2c0-400dfdd33349
4473,DaWetRest Planung 2024,2024-01-01,2024-12-31,f,690,,9,,2024-07-10 10:18:37,1d6bbe39-2d30-42fd-91a3-99f8c0e0085f
4474,WP1 Management,2023-06-01,2023-12-31,f,690,396000,9,4319,2024-07-10 10:18:37,4bc2581f-37b6-4eb3-8031-f4c764b4ac5f
4475,"WP2 CoP, User Needs, Baseline Assessment",2023-06-01,2023-12-31,f,690,648000,9,4319,2024-07-10 10:18:37,6628634a-ef28-4b35-9d02-0a7e060feaf1
4476,WP4 DEMOS Preparation,2023-06-01,2023-12-31,f,690,252000,9,4319,2024-07-10 10:18:37,2b5921cb-3c5d-45f9-9350-9ba0cfcf8f73
4477,WP5 DEMOS Implementation,2023-06-01,2023-12-31,f,690,72000,9,4319,2024-07-10 10:18:37,456a6eb6-1ee0-4bc4-868e-d8115435d9f7
4478,"WP7 Communication, Dissemination & Engagement",2023-06-01,2023-12-31,f,690,1368000,9,4319,2024-07-10 10:18:37,97ba1773-2124-4c8c-9e66-76526376bbab
4479,WP Planung 2024,2024-01-01,2024-12-31,f,557,,9,,2024-07-10 10:18:37,06aa1259-80dd-42a8-8609-d4bd47dd33d5
4481,OIK 2024 Vorbereitung 2023,2023-10-01,2023-12-31,f,729,,8,,2024-07-10 10:18:37,ebe8b3d0-27f9-422c-9942-c22c494ba2c8
4482,OIK 2024 Vorbereitung 2024,2024-01-01,2024-04-30,f,729,,8,,2024-07-10 10:18:37,fbc6e43b-e220-4495-b497-4ef266c7019d
4483,Events 2024,,,f,681,,8,,2024-07-10 10:18:37,003d32f3-77da-48e5-bb3f-bc7ce75b7645
4484,DoC Umsetzung,2024-01-01,2024-12-31,f,730,,8,,2024-07-10 10:18:37,8adb7f71-e8e9-4ee7-ad38-74085e179143
4486,Expert Contract - Comm and Marketing,2023-09-01,2023-10-31,f,678,144000,9,,2024-07-10 10:18:37,55161b84-02b3-4118-9e51-bc9509c81de9
4485,Expert Contract - Mission Capacity Building,2023-10-02,2023-12-31,f,678,288000,9,,2024-07-10 10:18:37,3f59c3f9-82b6-4d80-932f-3a45c99682ed
4489,WP7 Comm Diss Expl,2023-10-01,2027-09-30,f,700,23328000,9,,2024-07-10 10:18:37,8f028710-63d2-4475-bba8-94ee7a307edf
4491,WP1 CommDiss,2023-09-01,2026-02-28,f,703,1036800,8,,2024-07-10 10:18:37,0a59bc22-07ba-471d-87b0-d85a86cc84fb
4492,WP2 Monitoring,2023-09-01,2026-02-28,f,703,2746800,8,,2024-07-10 10:18:37,4cef536b-448e-49e2-a505-b2b854853ba1
4493,WP3 Link Investors,2023-11-01,2026-02-28,f,703,622800,8,,2024-07-10 10:18:37,0a1a3a28-9ead-4d4e-8abc-b7683f6cf0ec
4494,WP4 Co-invest,2023-10-01,2026-02-28,f,703,518400,8,,2024-07-10 10:18:37,6776b3af-4792-400e-b40a-45907653e4a7
4495,WP5 Dealflow,2023-11-01,2025-11-30,f,703,388800,8,,2024-07-10 10:18:37,d6ec98bb-0447-4674-b6cc-2b564daf88a5
4496,WP6 Startups&Scaleups,2024-01-01,2026-02-28,f,703,1814400,8,,2024-07-10 10:18:37,8607b436-cf4f-4d12-9724-d56eceff0758
4497,WP7 Project Management,2023-09-01,2026-02-28,f,703,518400,8,,2024-07-10 10:18:37,2e8af1d9-8171-499e-992c-6ab08776f23b
3973,WP1 Definition of industrial use cases and FLEX4FACTReference System Architecture,2022-06-01,2025-11-30,f,617,1548000,9,,2024-07-10 10:18:37,d650d976-e0bb-417c-8a99-9598aa10b55a
4501,WP8 GEHT NICHT,2023-01-01,2023-12-31,f,733,,8,,2024-07-10 10:18:37,73f6c538-8a2a-4105-a1f6-72270f720ba0
4503,GACS 2023 Abwicklung,2023-09-01,2023-12-31,f,735,,8,,2024-07-10 10:18:37,a5c5b2d6-f133-4625-ae2e-6bb7d14a2dcd
4498,WP5 Exploitation / Secondment,2023-01-01,2023-12-31,f,732,,8,,2024-07-10 10:18:37,93145cb7-7044-4f1e-ac33-b0f0b8e2149f
4527,T1.4 Developing transnational strategy,2024-01-01,2026-06-30,f,739,,8,4523,2024-07-10 10:18:37,19225033-7832-4cb9-9d34-20fec3a8f558
4487,WP1 Management,2023-10-01,2027-09-30,f,700,3110400,9,,2024-07-10 10:18:37,01b25358-8b92-4144-8bd4-fc5663a223a2
4499,"WP7 Community uptake & sustainability, diss, expl & standardization / Secondment",2023-01-01,2023-12-31,f,731,,8,,2024-07-10 10:18:37,11d19b5e-ebdc-4496-a8bc-6554411779d6
4500,WP8 Project Management MGT geht nicht - anderes WP / Secondment,2023-01-01,2023-12-31,f,731,,8,,2024-07-10 10:18:37,c006788a-7600-4942-9a90-a3e6cb074ce1
4504,"WP7: Expl, diss, Comm Secondment",2023-01-01,2023-12-31,f,736,,8,,2024-07-10 10:18:37,dc5afbf0-751d-42d2-9821-eef1ca1a19ae
4505,TRAINING 1x1 11.2023,2023-10-01,2023-11-30,f,737,,8,,2024-07-10 10:18:37,e11a8a2a-22be-4bc6-9020-7e961e1551f4
4507,später zu löschen,2024-01-01,2024-12-31,f,687,,9,,2024-07-10 10:18:37,80f58891-61ff-4262-97af-4091aae45078
4511,WP Planung 2024,2024-01-01,2024-12-31,f,738,,8,,2024-07-10 10:18:37,e4c00ab7-1f7b-4ffe-aa44-baa20ec9d0ec
4513,WP Planung 2024,2024-01-01,2024-12-31,f,739,,8,,2024-07-10 10:18:37,ab0b9c18-09be-4316-a92b-6ad2e5d2fb46
4514,WP1 Platform governance and PM,2023-08-01,2023-12-31,f,654,324000,8,,2024-07-10 10:18:37,ab4cce96-bfa3-49c5-b1b5-b260d2ec7d66
4515,WP3 Mobilising evidence and knowledge,2023-08-01,2023-12-31,f,654,54000,8,,2024-07-10 10:18:37,a8915d61-58b2-4449-8cc4-d5b4e86b8ff1
4516,WP4 Enhancing attractiveness of NBS for investors and entrepreneurs,2023-08-01,2023-12-31,f,654,972000,8,,2024-07-10 10:18:37,bff5118a-96d3-47e6-bf68-aa0c0d9a8578
4517,WP6 Strengthen policy implementation,2023-08-01,2023-12-31,f,654,54000,8,,2024-07-10 10:18:37,51ba3f36-a71f-48e9-9c94-b80396b85add
4518,WP7 Sharing NN+ insights and evidence,2023-08-01,2023-12-31,f,654,558000,8,,2024-07-10 10:18:37,2ea54332-2282-4d04-9499-408e19929115
4519,BBSR Berlin Event,2023-10-01,2023-12-31,f,740,,8,,2024-07-10 10:18:37,1d9c1c23-ead6-48e6-aece-871b145d08ee
4522,WP5 REHOUSE pathway of the RPs to the market,2023-06-01,2023-12-31,f,742,,8,,2024-07-10 10:18:37,803b98ce-28ce-495c-82c0-a1a09485bef2
4488,WP6  Cascade Funding,2024-10-01,2027-09-30,f,700,518400,9,,2024-07-10 10:18:37,33330e05-34dd-4199-a060-7f9d9624a56f
4528,T1.5 Communicating Savoury Legacies,2024-01-01,2026-06-30,f,739,,8,4523,2024-07-10 10:18:37,7cd96a71-a217-467e-a6b5-93d8d4831a44
4523,WP1 (SO1) Safeguarded culinary heritage,2024-01-01,2026-06-30,f,739,,8,,2024-07-10 10:18:37,e0dcf0b3-485a-470f-91f6-8affa0f05c0b
4468,Planung 2026,2026-01-01,2026-02-28,f,660,,8,,2025-10-09 12:41:00,7b09b40e-69be-49f9-a8cb-d2109b9e6e18
4506,EARASHI Planung,2025-01-01,2026-12-28,f,631,,9,,2025-09-26 16:48:21,be474c4f-9570-4762-9cdc-28a176bb9f51
4525,WP3 (SO3) Culinary trail 4 the future,2024-01-01,2026-06-30,f,739,,8,,2024-11-14 15:39:44,96758ddf-7db9-4b81-9434-3accbc8f6fdc
4532,T3.3 Developing transnational plans,2025-05-01,2026-06-30,f,739,,8,4525,2025-01-02 16:40:59,69f5bed8-309e-416b-bb82-9034182a406d
4480,WP Planung,2025-01-01,2026-04-30,f,703,,8,,2025-09-26 15:55:42,a3b6cd17-89bc-45f3-b681-ba387d55b5cc
4526,T1.2 Cataloguing ethnic and local culinary,2024-07-01,2025-12-31,f,739,,8,4523,2024-07-10 10:18:37,956b1151-7294-4aff-8c7e-339ac7ad8c1f
4530,T2.2 Culinary heritage Festival,2024-07-01,2026-06-30,f,739,,8,4524,2024-07-10 10:18:37,425b6474-12c9-4197-aa2b-eb71618eeacc
4531,T3.1 Establishing Policy Center,2024-07-01,2026-06-30,f,739,,8,4525,2024-07-10 10:18:37,bff907b8-a589-44d4-b198-8ba0fbd15635
4536,Umsetzung 1st Stage,2024-01-01,2024-03-31,f,743,,8,,2024-07-10 10:18:37,f7900a7b-675d-4a41-9e35-a3a492cca08c
4537,Umsetzung 2nd Stage,2024-06-01,2024-12-31,f,743,,8,,2024-07-10 10:18:37,7f53906d-b91b-4cd4-92ab-aaa67a755cc7
4538,Umsetzung KIT Stage 1 (22.2.24),2024-01-01,2024-12-31,f,744,,8,,2024-07-10 10:18:37,aba7aec0-8909-4ad2-a57c-f8e8d30e27f0
4540,Umsetzung EVENT Forschungsförderung 8.3.24,2024-01-01,2024-04-30,f,746,,8,,2024-07-10 10:18:37,74ef2bd6-daf7-4c6e-9972-2ff46bdeda53
4541,EU-KONFORM: MRN RIS Umsetzung,2024-01-01,2024-02-29,f,747,,8,,2024-07-10 10:18:37,d7b87a24-d34f-4774-82d5-77e02a63f3d0
4521,FUSILLI Expert Contract: WP6 Dissemination & Communication,2023-06-01,2023-12-31,f,741,,8,,2024-07-10 10:18:37,ab8c9bac-5b6c-4128-98ec-3d8d49ece598
4508,WP1 CREMA Tool phase 1,2023-10-01,2024-09-30,f,704,259200,9,,2024-07-10 10:18:37,de274c3e-bbc0-411c-8034-3fdc20cec226
4509,WP2 Mitigation Phase 1,2023-10-01,2024-09-30,f,704,259200,9,,2024-07-10 10:18:37,ffb77913-b3d6-4e0e-b6a9-afa91bc0dd2e
4510,WP5 CDE Phase 1,2023-10-01,2024-09-30,f,704,4644000,9,,2024-07-10 10:18:37,098edeb8-bab2-4799-b79d-971bcd6861dc
4490,WP6 Management Phase 1,2023-10-01,2024-09-30,f,704,259200,9,,2024-07-10 10:18:37,6a9febfe-4759-4e4c-aae0-7668c39a498f
4534,WP10 Management,2024-01-01,2027-12-31,f,723,12384000,8,,2024-07-10 10:18:37,6da7f840-ec7e-480a-bfa4-18dc286ed5c8
4535,WP9 Dissemination and Exploitation,2024-01-01,2027-12-31,f,723,15480000,8,,2024-07-10 10:18:37,c4907e57-18b0-4b1a-a898-40b73e166eef
4607,Planung 2025,2025-01-01,2025-12-31,f,624,,9,,2024-07-10 10:18:37,823745d8-8810-4831-a35d-259645675356
4543,SIG FlexSt 2025,2025-01-01,2025-12-31,f,318,,9,,2024-07-10 10:18:37,4d1d0960-e414-403b-8972-ece6bb8a423b
4544,S2i FlexSt 2025,2025-01-01,2025-12-31,f,320,,8,,2024-07-10 10:18:37,56c5fb09-c631-4fbd-a8a5-72d1a4f53e79
4545,WP Planung 2024,2024-05-01,2024-12-31,f,749,,8,,2024-07-10 10:18:37,2f48696f-b56e-423c-b86c-1b49b08106bd
4502,WP9 Project Management GEHT NICHT anderes WP / Expert Contract,2023-04-01,2023-12-31,f,734,,8,,2024-07-10 10:18:37,916bab2d-8862-4e1a-a42c-1e8bd480eaf1
4608,2025 noch auf WP zu verteilen,2025-01-01,2025-12-31,f,651,,8,,2024-07-10 10:18:37,06f881df-0593-42d0-97af-e138b5858f59
4609,2025 noch auf WP zu verteilen,2025-01-01,2025-12-01,f,568,,9,,2024-07-10 10:18:37,a16e69c0-d05a-4f4d-b3a9-3628d17e3e69
4610,2025 noch auf WP zu verteilen,2025-01-01,2025-12-31,f,628,,8,,2024-07-10 10:18:37,97ea073e-5ebd-4ff6-a545-618676a89aeb
4611,PLANUNG 2025,2025-01-01,2025-12-31,f,704,,9,,2024-07-10 10:18:37,4ea09b9b-699d-46cc-9fa1-15d6a1f46b1d
4548,WP Planung 2024,2024-01-01,2024-12-31,f,750,,8,,2024-07-10 10:18:37,4b422ed1-0264-4e5c-b77a-1824643cf76c
4549,WP Planung 2025,2025-01-01,2025-12-31,f,750,,8,,2024-07-10 10:18:37,5bc781a9-ecd0-478d-8db9-419cd1fb853b
4550,WP Planung 2024,2024-01-19,2024-04-30,f,751,,8,,2024-07-10 10:18:37,c113f754-e899-498d-8f4c-6cc48479fbb0
4552,WP5 Trans-continental cooperation,2023-10-01,2023-12-31,f,752,,8,,2024-07-10 10:18:37,91632779-6b66-455d-8e74-4edf6f1278c2
4551,WP4 Creating 3 African DIHs,2023-10-01,2023-12-31,f,752,,8,,2024-07-10 10:18:37,35d8b93a-2cff-4bcc-b76c-7bd9daf1de1c
4553,WP6 Dissemination and sustainability,2023-10-01,2023-12-31,f,752,,8,,2024-07-10 10:18:37,ac5edf9b-3e96-415b-baad-8e9b05818d98
4563,Umsetzung EU-KONFORM MAGICIAN,2023-03-01,2023-06-30,f,753,,8,,2024-07-10 10:18:37,916bbe49-f77a-4159-9426-72d66d8ed168
4564,Capacity Building,2024-01-01,2024-03-31,f,667,288000,8,,2024-07-10 10:18:37,124b8ebb-34bd-458a-b0bf-7468afd98d6d
4612,PLANUNG 2025,2025-01-01,2025-12-31,f,654,,8,,2024-07-10 10:18:37,a6b0aea9-3a73-4db7-bd7f-60dfe5ad8493
4566,SIG GK-PK Anteil 2023,2023-01-01,2023-12-31,f,294,,8,,2024-07-10 10:18:37,f034a0f3-0a12-4169-88af-e2508f425b84
4569,"WP5 Diss, Expl, Comm 2024",2024-01-01,2024-12-31,f,623,,8,3916,2024-07-10 10:18:37,acaf8ad8-78de-4ead-82f3-82682218e8b3
4570,WP6 Management 2024,2024-01-01,2024-12-31,f,623,,8,3916,2024-07-10 10:18:37,f6a8b57a-1e95-49cd-b90c-c09619c5719f
4628,"WP5 Communicatio, Dissemination & Exploitation 2024",2024-01-01,2024-11-30,f,646,360000,8,,2024-07-10 10:18:37,b962c7f5-7199-4ce4-9220-df6e4692a548
4625,WP3 Open innovation challenge for social impact 2024,2024-01-01,2024-11-30,f,646,439200,8,,2024-07-10 10:18:37,7124f4e4-547f-4c05-b54a-4c408e923314
4613,PLANUNG 2025,2025-01-01,2025-12-31,f,625,,8,,2024-07-10 10:18:37,41d5e7f7-84b7-4c8c-8846-c79067d0e4c3
4559,WP1 Management 2024,2024-01-01,2024-12-31,f,571,2451600,9,3540,2024-07-10 10:18:37,afdf41e2-4566-4c03-8917-0a9aadca7ca3
4576,WP9 Exploitation 2024,2024-01-01,2024-12-31,f,571,1544400,9,3540,2024-07-10 10:18:37,9088a481-f525-46e6-8622-1c8e6cde742d
4577,WP10 Communication 2024,2024-01-01,2024-12-31,f,571,1998000,9,3540,2024-07-10 10:18:37,8880d0ba-dfc3-4a47-95b0-a89e4a0430cb
4578,WP1 Management 2025,2025-01-01,2025-06-30,f,571,817200,9,3541,2024-07-10 10:18:37,ddfe3a7c-e801-447c-8b13-8afe68cf9461
4579,WP9 Exploitation 2025,2025-01-01,2025-04-30,f,571,514800,9,3541,2024-07-10 10:18:37,d1b45d1e-cf5f-4fbc-b415-1da0a2f2d0ae
4580,WP10 Communication 2025,2025-01-01,2025-04-30,f,571,666000,9,3541,2024-07-10 10:18:37,052fb5b1-7857-489f-8fae-b7493fa416be
4581,Success Fee,2024-01-01,2024-06-30,f,755,,8,,2024-07-10 10:18:37,95db654d-0b49-44b7-afba-a60087ab91a5
4582,WP8 Diss-Comm-Expl,2024-06-01,2028-05-31,f,754,20638800,8,,2024-07-10 10:18:37,e2cf8734-cf8a-412c-bb81-83d41718cfdc
4583,WP9 Management,2024-06-01,2028-07-31,f,754,6192000,8,,2024-07-10 10:18:37,e60fae71-0d42-4f81-860d-5663268dde2e
4584,WP Planung 2024,2024-05-01,2024-12-31,f,756,,9,,2024-07-10 10:18:37,624d1ca1-b447-4f87-8337-f23d9096038e
4585,WP Planung 2025,2025-01-01,2025-12-31,f,756,,9,,2024-07-10 10:18:37,a7c889d1-56c4-4030-bc80-e58b73b026ae
4586,WP Planung 2026,2026-01-01,2026-12-31,f,756,,9,,2024-07-10 10:18:37,6eed756b-7643-4d23-843e-5d69fa7175e3
4587,WP Planung 2027,2027-01-01,2027-10-31,f,756,,9,,2024-07-10 10:18:37,b7446b46-8f2f-41dd-af18-1c546f721cff
4588,WP Planung 2024,2024-05-01,2024-12-31,f,758,,9,,2024-07-10 10:18:37,787b1d5e-c268-4060-8126-4f527a58ab37
4561,WP5 Sustainable development,2024-01-01,2027-12-31,f,727,3096000,9,,2024-07-11 13:21:50,8353b52e-0811-474d-a40a-8116f1a4c09e
4562,WP6 CDE,2024-01-01,2027-12-31,f,727,29412000,9,,2024-07-11 13:21:54,064f85c9-812e-4a2e-b104-6413f1f9f3a0
4573,WP1 Management 2024,2024-01-01,2024-12-31,f,728,,9,,2024-07-11 13:23:11,7de9ceda-a242-4f33-b155-9b66de4014b2
4574,WP7 ComDissExp 2024,2024-01-01,2024-12-31,f,728,,9,,2024-07-11 13:23:15,4e8620fc-61fc-4811-9fc3-aaf9d4cc4cd2
4555,WP1 Management,2023-11-01,2027-04-30,f,722,259200,9,,2024-07-11 13:45:24,2970b105-377b-417e-86b2-38e056626f49
4554,WP2 Governance models,2023-11-01,2025-04-30,f,722,2062800,9,,2024-07-11 13:45:31,05fff924-1137-4b4e-9b57-978592a97aa4
4557,WP5 Demonstration and impact assessment,2025-01-01,2027-04-30,f,722,774000,9,,2024-07-11 13:45:38,291935a1-ea48-433a-9922-b54ddaf20087
4558,WP7 Exploitation,2023-11-01,2027-04-30,f,722,5148000,9,,2024-07-11 13:45:43,79e75c43-4813-4db1-af4b-ab0f1d820f44
4565,Umsetzung WÖRWAG 2. Stufe,2024-01-01,2024-12-31,f,757,1396800,8,,2024-07-23 15:43:37,ae8f9306-2a6b-473a-897d-c409bf7b5e7c
4539,Umsetzung: DTU Impact (07.02.2024),2024-01-01,2024-12-31,f,745,295200,8,,2024-07-23 15:44:00,51bec4cd-c693-437f-9622-d269ecb58ab0
4520,WP7 Comm/Diss/Ex H2GLASS ExCo,2023-01-01,2023-12-31,f,733,,8,,2024-07-29 09:00:18,a6c69b60-0421-4781-a922-b27cd05b2b38
4542,Umsetzung Expert Contract SHIFt-HUB WP xx,2024-10-01,2024-11-30,f,748,,9,,2024-08-14 08:39:08,e59ac3df-ab59-45bb-b6c2-b4d86df73dc1
4533,T3.5 Communicating Trail to transformation,2024-01-01,2026-06-30,f,739,,8,4525,2025-01-02 16:41:23,b37e7b64-bb3b-4dcf-8592-c9f0ea7677c1
4572,WP7 ComDissExp 2024 - DEMO,2024-01-01,2025-09-30,f,562,,9,,2024-12-10 14:48:40,83c19498-2170-4f3f-8826-48268db6fb56
4571,WP1 Management 2024 - DEMO,2024-01-01,2025-11-30,f,562,,9,,2024-12-10 14:48:16,70cacba8-3e77-460e-8a7d-ad6255111c49
4529,T2.1 Development of Culinary Trail brand,2024-01-01,2026-03-30,f,739,,8,4524,2025-01-02 16:41:39,83028440-a939-41fc-bdec-6e3c14aee5f2
4589,WP Planung 2025,2025-01-01,2025-12-31,f,758,,9,,2024-07-10 10:18:37,7a599f02-d772-46d9-9680-77151bafa600
4590,WP Planung 2026,2026-01-01,2026-12-31,f,758,,9,,2024-07-10 10:18:37,6a1c561c-c3b1-47d6-bac0-a6d371c070e7
4591,WP Planung 2027,2027-01-01,2027-12-31,f,758,,9,,2024-07-10 10:18:37,834ce502-3533-4536-ae49-598b9adeb7e6
4592,WP Planung 2028,2028-01-01,2028-04-30,f,758,,9,,2024-07-10 10:18:37,cef6fbac-d2c8-4bbf-b8ce-dee1e54b67ab
4593,WP Planung 2024,2024-05-01,2024-12-31,f,759,,9,,2024-07-10 10:18:37,077fa9d2-fe81-4ddf-99eb-82d0be9580d9
4594,WP Planung 2025,2025-01-01,2025-12-31,f,759,,9,,2024-07-10 10:18:37,c14b218f-97e2-4190-abeb-a6d110ae38f3
4595,WP Planung 2026,2026-01-01,2026-12-31,f,759,,9,,2024-07-10 10:18:37,666ad9d8-b6e0-4a3c-9149-b77a7fd5925d
4596,WP Planung 2027,2027-01-01,2027-12-31,f,759,,9,,2024-07-10 10:18:37,d78b3cb0-82e1-4c09-a6f1-6b8d3aedd30a
4597,WP Planung 2028,2028-01-01,2028-04-30,f,759,,9,,2024-07-10 10:18:37,e2086b6e-eaf2-4164-832a-4e687550c2c0
4598,WP7 Diss-Comm,2024-01-01,2026-12-31,f,725,774000,9,,2024-07-10 10:18:37,49a2ba96-fb30-43fd-a141-40aa52df6899
4600,WP9 Management,2024-01-01,2026-12-31,f,725,1548000,9,,2024-07-10 10:18:37,0c9356d8-1594-44d4-962c-de5b04be76a5
4601,WP1 Scanning,2024-01-01,2024-06-30,f,709,1036800,8,,2024-07-10 10:18:37,b16f94dc-d3ee-449c-adbe-a06aa999fea1
4614,PLANUNG 2026,2026-01-01,2026-12-31,f,625,,8,,2024-07-10 10:18:37,5ceda921-bb75-45c0-9ae0-4d6af156457d
4615,PLANUNG 2024,2024-06-01,2024-12-31,f,754,,8,,2024-07-10 10:18:37,a4a96c01-0326-4e68-b959-bae27c01fabe
4616,PLANUNG 2025,2025-01-01,2025-12-31,f,754,,8,,2024-07-10 10:18:37,3c4ce9b9-6735-453e-ae94-629d9779f985
4617,PLANUNG 2025,2025-01-01,2025-12-31,f,592,,9,,2024-07-10 10:18:37,88c32a5d-3b44-4130-b130-27a70db7f173
4618,PLANUNG 2025,2025-01-01,2025-12-31,f,655,,8,,2024-07-10 10:18:37,a310b5b0-3d48-4e0d-b22f-7230a24f700f
4619,PLANUNG 2025,2025-01-01,2025-12-31,f,656,,9,,2024-07-10 10:18:37,f5caad42-176e-4818-aef5-11942e6d245a
4620,PLANUNG 2025,2025-01-01,2025-12-31,f,593,,8,,2024-07-10 10:18:37,e956776e-be74-44ab-bdf9-3a20c3990437
4621,PLANUNG 2025,2025-01-01,2025-12-31,f,687,,9,,2024-07-10 10:18:37,3361a859-fc5b-45dd-91f1-cde731c57829
4624,"WP7 Engagement, Impact and Sustainability",2024-01-01,2027-12-31,f,726,21772800,8,,2024-07-10 10:18:37,450cf912-a53c-4ea0-9864-df945021e828
4567,WP3 Set up 2024,2024-01-01,2024-12-31,f,623,,8,3916,2024-07-10 10:18:37,a5134c0b-6a1c-4508-a6a0-ec64b84c8ead
4568,WP4 Evaluation 2024,2024-01-01,2024-12-31,f,623,,8,3916,2024-07-10 10:18:37,345aa603-9a92-41f7-a3f3-73109e17d2c8
4626,WP Management 2024,2024-01-01,2024-11-30,f,646,432000,8,,2024-07-10 10:18:37,13af6cba-cfb5-4012-ab1c-74a8d2f1bd2a
4627,WP4 Connecting ecosystems and capitalisation 2024,2024-01-01,2024-11-30,f,646,360000,8,,2024-07-10 10:18:37,9476f014-6aa5-4d55-93c3-1f3ac0c2b78b
4629,WP Planung 2024,2024-06-01,2024-12-31,f,760,,9,,2024-07-10 10:18:37,38aa92d5-be9c-4edc-bb70-3532aca03621
4630,WP Planung 2025,2025-01-01,2025-12-31,f,760,,9,,2024-07-10 10:18:37,d269a89c-86d5-4f0b-97d4-122fd8fe08f2
4631,WP Planung 2026,2026-01-01,2026-12-31,f,760,,9,,2024-07-10 10:18:37,d4cf7fae-1c22-4cd5-865b-f8fe7d7f62bd
4632,WP Planung 2027,2027-01-01,2027-11-30,f,760,,9,,2024-07-10 10:18:37,b2090742-1621-420b-8808-8f118741d45c
4633,WP Planung 2024,2024-10-01,2024-12-31,f,761,,8,,2024-07-10 10:18:37,d7e62672-5915-403e-a022-29cbb9947336
4634,WP Planung 2025,2025-01-01,2025-12-31,f,761,,8,,2024-07-10 10:18:37,8feb5fbe-9911-45e9-981b-2971635b784c
4635,WP Planung 2026,2026-01-01,2026-12-31,f,761,,8,,2024-07-10 10:18:37,f950b7d9-1f99-4ba9-9531-0f8062f78190
4636,WP Planung 2027,2027-01-01,2027-12-31,f,761,,8,,2024-07-10 10:18:37,dbbbc120-4362-4625-ab4a-28db87b1826c
4637,WP Planung 2028,2028-01-01,2028-09-30,f,761,,8,,2024-07-10 10:18:37,a5c2e07e-e8e4-48a7-bc9d-f6b3cce2a0ec
4638,PK in OH 2024,2024-01-01,2024-12-31,f,271,,8,,2024-07-10 10:18:37,9a9fc400-8eaa-4c97-a7ea-6aeeb417a222
4603,WP3 Roadmapping,2024-11-01,2025-08-31,f,709,3888000,8,,2024-07-10 10:18:37,d374bda5-0111-4e53-b8c3-e60afe073e7a
4604,WP4 Recommendations,2025-04-01,2025-12-31,f,709,885600,8,,2024-07-10 10:18:37,e12320a7-9971-4694-b5fd-2fa982246f62
4605,"WP5 Engagement, comm, diss",2024-01-01,2025-12-31,f,709,1555200,8,,2024-07-10 10:18:37,46293ef0-b293-4574-8c1e-a1459e73dcc1
4606,WP6 Management,2024-01-01,2025-12-31,f,709,518400,8,,2024-07-10 10:18:37,658be735-f916-4123-a413-362c2fbf45bc
4623,WP2 Human-Robot Interface Design and Requirements Specification,2024-04-01,2027-12-31,f,726,4147200,8,,2024-07-10 10:18:37,9ad9fb39-92c3-4ffa-8c29-b047eb26a7bf
4641,SO1 Enhancing the competitiveness of SMEs (Juli - Dez 2024),2024-07-01,2024-12-31,f,738,633600,8,4511,2024-07-10 10:18:37,f02f71ff-71c1-4b75-9acc-c86fa905185f
4642,SO2 Acceleration of transnational uptake of AI technologies (Jan - Jun 2024),2024-01-01,2024-06-30,f,738,468000,8,4511,2024-07-10 10:18:37,23bbb4c0-0a65-4caa-93e9-7c20f82eeed7
4643,SO2 Acceleration of transnational uptake of AI technologies (Juli - Dez 2024),2024-07-01,2024-12-31,f,738,676800,8,4511,2024-07-10 10:18:37,ac9d682e-f89a-4944-b9ec-a519ee5d70f5
4644,SO3 Increase and harmonize the capacity of policy makers (Juli - Dez 2024),2024-07-01,2024-12-31,f,738,324000,8,4511,2024-07-10 10:18:37,9b1bb6b2-d28f-480e-b810-dfd99723a936
4640,SO1 Enhancing the competitiveness of SMEs (Jan - Jun 2024),2024-01-01,2024-06-30,f,738,1022400,8,4511,2024-07-10 10:18:37,1858d746-b3b0-4836-b3ac-6d4c1b519cdc
4660,WP Planung 2024,2024-01-01,2024-12-31,f,766,,8,,2024-07-10 10:18:37,beacab28-e99a-4443-918f-27c345ad7f32
4661,WP Planung 2024,2024-04-01,2024-12-31,f,767,,8,,2024-07-10 10:18:37,f69a6203-f3e1-4be0-a066-fd119a21c7fc
4666,Vertrag S2i 2024,2024-11-01,2024-12-31,f,655,,8,,2024-07-10 10:18:37,8e45d088-9b2b-4f33-9f42-9f3cbe0d0cb0
4667,WP Planung 2024,2024-06-01,2024-01-30,f,772,,9,,2024-07-10 10:18:37,1eb510a8-13fd-4757-86a9-2100e1945fb0
4669,Umsetzung Aquarray 2024,2024-01-01,2024-06-30,f,538,,8,,2024-07-10 10:18:37,98e4a78c-11e7-4cbc-b342-1159ab61ec10
4670,Umsetzung,2024-05-01,2024-12-31,f,773,,8,,2024-07-10 10:18:37,a759c9a4-efd3-40ce-82fc-bbe29d34fb6e
4671,Vertrag SIG/S2i 2024,2024-01-01,2024-12-31,f,449,,9,2979,2024-07-10 10:18:37,25eb6a03-74cc-43f4-b456-26bcb3d240f9
4672,Vertrag SIG/S2i 2024,2024-01-01,2024-12-31,f,614,,9,3905,2024-07-10 10:18:37,bc850427-e9b8-464c-b91a-1965fd2d18e8
4673,Vertrag SIG/S2i 2024,2024-01-01,2024-12-31,f,627,,8,,2024-07-10 10:18:37,d095d2a0-a600-4bb9-ad42-3e3a97a7fe3b
4674,Vertrag SIG/S2i 2024,2024-01-01,2024-12-31,f,624,,9,,2024-07-10 10:18:37,37bfd8a9-b00c-493c-b79a-7de466208f7a
4675,Vertrag SIG/S2i 2024,2024-01-01,2024-12-31,f,651,,8,,2024-07-10 10:18:37,dd2b3c98-dd34-49c4-967d-d255f527a071
4676,Vertrag SIG/S2i 2024,2024-01-01,2024-12-31,f,532,,9,,2024-07-10 10:18:37,3c5f9acc-b9c5-4160-8e68-4018373bbb1c
4677,Vertrag SIG/S2i 2024,2024-01-01,2024-12-31,f,754,,8,,2024-07-10 10:18:37,be2c5334-e3a2-4ae9-9cf9-c980a67772b0
4678,Vertrag SIG/S2i 2024,2024-01-01,2024-12-31,f,725,,9,,2024-07-10 10:18:37,761b3bc7-a137-4083-80da-0980ec2fed5b
4679,Vertrag SIG/S2i 2024,2024-01-01,2024-12-31,f,628,,8,,2024-07-10 10:18:37,f5141072-c610-48bd-9822-192b58ea0760
4680,Vertrag SIG/S2i 2024,2024-01-01,2024-12-31,f,719,,9,,2024-07-10 10:18:37,f5f7bb43-8933-4f18-ad53-63de25f34b71
4681,Vertrag SIG/S2i 2024,2024-01-01,2024-12-31,f,704,,9,,2024-07-10 10:18:37,cdb2b46c-a14b-4948-a9f1-07afdf27e75a
4646,WP Planung 2025,2025-01-01,2025-12-31,f,763,2772000,9,,2024-07-30 08:41:03,7db93611-8db4-4814-9655-6c7da04b5984
4647,WP Planung 2026,2026-01-01,2026-12-31,f,763,3600000,9,,2024-07-30 08:42:11,c9ca3258-a35a-4379-870f-82929970b7a8
4648,WP Planung 2027,2027-01-01,2027-12-31,f,763,3366000,9,,2024-07-30 08:44:07,446e0a85-7e34-4dc7-9345-0358dfd59787
4663,WP Planung 2024,2024-01-01,2024-12-31,f,769,,9,,2024-10-11 14:22:16,aabb2387-5ccc-4468-af99-47bf7ff8a519
4599,WP8 Expl,2024-04-01,2026-12-31,f,725,10062000,9,,2024-08-08 12:35:12,70e57955-8653-42ea-a701-cf6a5366edff
4659,WP D&C 2024,2024-01-01,2024-10-31,f,765,,8,,2024-08-30 09:17:55,66e81763-a81a-48e1-b211-3280820a0f2f
4649,WP Planung 2028,2028-01-01,2028-12-31,f,763,1908000,9,,2024-09-19 09:20:01,c3434577-896b-4c06-b788-607ed25803ca
4665,WP Planung 2024,2024-01-01,2024-12-31,f,771,,8,,2024-10-30 15:53:08,ceea580c-76c0-4d7c-8d44-f95e14909b7d
4664,WP Planung 2024,2024-01-01,2024-12-31,f,770,,9,,2025-07-16 14:31:01,0c54e35f-7a74-48c9-b9a0-331e4b54b790
4657,WP7 Management 24-25,2024-01-01,2025-10-31,f,614,,9,3919,2025-09-18 09:42:11,bd950576-9011-4aec-9d3d-343f320ee859
4682,Vertrag SIG/S2i 2024,2024-01-01,2024-12-31,f,654,,8,,2024-07-10 10:18:37,447cb69e-c808-47e7-9473-a5765e5087f0
4683,Vertrag SIG/S2i 2024,2024-01-01,2024-12-31,f,625,,8,,2024-07-10 10:18:37,3ee9ddc0-ee34-4f02-810c-dd373b7fc9aa
4684,Vertrag SIG/S2i 2024,2024-01-01,2024-12-31,f,592,,9,,2024-07-10 10:18:37,02bc303e-9ba1-4438-954d-a499929876e4
4686,Vertrag SIG/S2i 2024,2024-01-01,2024-12-31,f,655,,8,,2024-07-10 10:18:37,38bc8f2d-ecb7-4b66-afc8-230cc709f680
4687,Vertrag SIG/S2i 2024,2024-01-01,2024-12-31,f,626,,9,,2024-07-10 10:18:37,f1d3d33a-fdba-4f7a-b918-e952df543e02
4688,Vertrag SIG/S2i 2024,2024-01-01,2024-12-31,f,656,,9,,2024-07-10 10:18:37,ae392a58-c1a6-4c74-a94b-8bc3f59c916c
4689,Vertrag SIG/S2i 2024,2024-01-01,2024-12-31,f,593,,8,,2024-07-10 10:18:37,5f06c633-b71c-4ed6-8dea-4efe03735769
4690,Vertrag SIG/S2i 2024,2024-01-01,2024-12-31,f,721,,8,,2024-07-10 10:18:37,9f3133f3-e828-4110-9d30-102424499489
4691,Vertrag SIG/S2i 2024,2024-01-01,2024-12-31,f,756,,9,,2024-07-10 10:18:37,69b06436-a72b-4a8a-a449-7d1f3955626b
4692,Vertrag SIG/S2i 2024,2024-01-01,2024-12-31,f,687,,9,,2024-07-10 10:18:37,c757b663-623a-4b9e-9dd2-95f92e19c4d6
4693,Vertrag SIG/S2i 2024,2024-01-01,2024-12-31,f,714,,8,,2024-07-10 10:18:37,ee007a05-91a9-4fbf-a0b3-d410c5c01459
4694,Vertrag SIG/S2i 2024,2024-01-01,2024-12-31,f,759,,9,,2024-07-10 10:18:37,108e4fe0-0e24-4b1c-a729-42a8f787516b
4695,Vertrag SIG/S2i 2024,2024-01-01,2024-12-31,f,675,,8,,2024-07-10 10:18:37,e0fcbc9b-6c48-48e6-bce4-3c926b371fc2
4696,Vertrag SIG/S2i 2024,2024-01-01,2024-12-31,f,720,,9,,2024-07-10 10:18:37,b6f53286-53ac-4539-8f55-ac3c617abeb2
4703,WP2 Knowledge Transfer SI 2024,2024-01-01,2024-01-31,f,646,18000,8,,2024-07-10 10:18:37,48bb8e6f-def0-4b81-9481-5ab4dfcbffa9
4685,Vertrag SIG/S2i 2024,2024-05-01,2024-12-31,f,758,,9,,2024-07-10 10:18:37,96d085a3-7fa0-4120-badb-c3a74af1f05a
4704,WP6 Exploitation,2024-05-01,2028-04-30,f,758,514800,9,,2024-07-10 10:18:37,bc62465a-e3d3-4c11-a07e-b500b08de6bc
4705,WP7 Diss Comm,2024-05-01,2028-04-30,f,758,17503200,9,,2024-07-10 10:18:37,1a21e1a6-2eea-46c8-acb1-8c3526bab7ae
4706,WP8 Project Mgmt,2024-05-01,2028-04-30,f,758,1029600,9,,2024-07-10 10:18:37,daa02eaf-eb41-4e06-a442-e3dfdce707e8
4707,Durchführung,2024-06-05,2024-08-31,f,775,230400,8,,2024-07-10 10:18:37,b62ec0f4-b6ed-4c83-92e9-23cb0ad43a83
4602,WP2 Envisioning,2024-05-01,2024-12-31,f,709,1555200,8,,2024-07-10 10:18:37,ccebf908-1f93-432d-8f43-7f6aefabeb3e
4709,SASS Antragstellung,2024-01-01,2024-07-31,f,679,,8,,2024-07-10 10:18:37,d72578cb-8d14-4f43-89d2-76604eb5121c
4710,WP Event Umsetzung,2024-06-01,2024-12-31,f,776,,8,,2024-07-10 10:18:37,f6e6929b-3f35-4119-923d-142458d76aab
4711,Ukrainische Delegation Umsetzung,2024-06-05,2024-07-31,f,777,,8,,2024-07-10 10:18:37,b4ab2874-be4a-40e4-a3f2-01bbaee4cd4e
4650,WP1 Research,2024-01-01,2024-09-30,f,721,1548000,8,,2024-07-10 10:18:37,c6f961d3-3970-4846-b4f3-3f3d162b2bc7
4651,WP2 Mapping,2024-01-01,2024-12-31,f,721,1036800,8,,2024-07-10 10:18:37,29344f31-9dfd-4f59-886f-871853a04c45
4652,WP3 Platform,2024-01-01,2025-12-31,f,721,288000,8,,2024-07-10 10:18:37,e3dd80c2-cc5f-45f3-af92-e872eaf1c432
4653,WP4 Services,2024-03-01,2025-12-31,f,721,1036800,8,,2024-07-10 10:18:37,3b084620-367c-460a-9192-4a4c45ba4d8d
4654,WP5 Impact,2024-01-01,2025-12-31,f,721,1036800,8,,2024-07-10 10:18:37,8868ee30-a5a0-42c2-98e7-8a00dde3d5fd
4655,"WP6 Diss, comm, expl",2024-01-01,2025-12-31,f,721,7225200,8,,2024-07-10 10:18:37,55ef920a-66a6-4f1f-98ec-016151eceb94
4656,WP7 MGT,2024-01-01,2026-01-31,f,721,7225200,8,,2024-07-10 10:18:37,4c1039f0-2d67-4525-a086-853a9ecd01b8
4622,WP1 Project Management,2024-01-01,2027-12-31,f,726,1555200,8,,2024-07-10 10:18:37,5d388d33-80a3-44ad-a365-fb58bbb5fd36
4718,WP4 Strengthening European dimension 2024,2024-08-01,2024-12-31,f,749,198000,8,,2024-07-10 10:18:37,164f607e-2e8a-4262-807a-7c566d42bbfd
4713,WP6 D&C 2024,2024-01-01,2024-12-31,f,687,4100400,9,,2024-07-10 10:18:37,0b5a6c8c-929c-4aa5-bdf5-3afe4d1ecb23
4714,WP7 Mgmt 2024,2024-01-01,2024-12-31,f,687,147600,9,,2024-07-10 10:18:37,b1c6d387-bfd3-417f-9e07-3a9ada6cd0e2
4715,WP1 Project management 2024,2024-05-01,2024-12-31,f,749,396000,8,,2024-07-10 10:18:37,491306ef-c576-408b-8303-085cfdec0211
4716,WP2 Identifying bottlenecks and opportunities 2024,2024-05-01,2024-11-30,f,749,738000,8,,2024-07-10 10:18:37,8054374e-d364-4a45-a6a7-8e5c0f1f30f8
4717,WP3 Acquiring of new transferable skills 2024,2024-05-01,2024-12-31,f,749,2736000,8,,2024-07-10 10:18:37,79845919-eac9-4793-8454-da95a01b0431
4719,WP5 Enhancing synergies on the governance level 2024,2024-11-01,2024-12-31,f,749,108000,8,,2024-07-10 10:18:37,5a4ca115-2b75-46ad-b59d-f3db4b84f435
4720,"WP6 Communication, Dissemination, Exploitation 2024",2024-05-01,2024-12-31,f,749,432000,8,,2024-07-10 10:18:37,0a4f6fef-4227-41e1-9671-f4ae50f1755e
4721,WP7 Resilience Phase 2,2024-10-01,2026-03-31,f,704,259200,9,,2024-07-10 10:18:37,4d492126-7eb9-4439-b5a2-3d5f335ddf4d
4722,WP8 phase 2,2024-10-01,2025-09-30,f,704,259200,9,,2024-07-10 10:18:37,9b496ed6-c120-44f0-91a1-032b86161fc8
4723,WP12 CDE Phase 2,2024-10-01,2026-03-31,f,704,6192000,9,,2024-07-10 10:18:37,656534b1-d518-4ac0-822f-09be0e8b6efd
4724,WP13 Coordination Phase 2,2024-10-01,2026-03-31,f,704,259200,9,,2024-07-10 10:18:37,9ad0efb2-99be-47e4-b84c-0069c4695986
4725,WP16 CDE Phase 3,2026-04-01,2027-03-31,f,704,4125600,9,,2024-07-10 10:18:37,038d5305-4e96-4507-a604-eecbfb07acdf
4726,WP17 Coordination Phase 3,2026-04-01,2027-03-31,f,704,259200,9,,2024-07-10 10:18:37,fd5c6142-0065-42ab-abfe-c7fd09848b07
4727,WOIS InnoMgt Training,2024-06-01,2024-08-31,f,779,,8,,2024-07-10 10:18:37,2cfd5121-ad3a-4003-b130-1f357211aa69
4737,WP4 Transfer & Demonstrate: Follower Living Labs,2025-03-01,2027-05-31,f,720,514800,9,,2024-07-10 10:18:37,c4732ea6-9d1c-42be-87ff-471700eed9c0
4735,WP1 Set the ground & Fertilise,2024-01-01,2027-05-31,f,720,1033200,9,,2024-07-10 10:18:37,ccc30fef-45d3-495b-b45f-703a0206d901
4736,WP3 Integrate the Innovations & Widely Demonstrate: Trailblazer Cities,2024-02-01,2027-03-31,f,720,514800,9,,2024-07-10 10:18:37,d586492c-fcf6-423c-9e4a-a11202c2c144
4738,WP5 Boost The Cities & The Market,2024-01-01,2027-12-31,f,720,14965200,9,,2024-07-10 10:18:37,22aabba7-adeb-4446-8ed7-b9bfdec8da2e
4739,"WP6 Project Management, Data & Ethics",2024-01-01,2027-12-31,f,720,10321200,9,,2024-07-10 10:18:37,9f951144-ac38-459c-bf1b-1a0b433dae26
4740,POSITIVE ExCo Umsetzung,2024-09-01,2024-09-30,f,778,,9,,2024-07-10 10:18:37,a639a5bf-90b2-43c7-9168-5334c2de4642
4741,RECENTRE 2024 Planung,2024-09-01,2024-12-31,f,781,,8,,2024-07-10 10:18:37,ee734f76-4d6c-4805-867b-c1191ebdb435
4742,Umsetzung HORIZON-JU-CBE-2024-RIA-01 (wood) - RISE - upfront payment,2024-07-01,2024-09-18,f,782,,8,,2024-07-10 10:18:37,9f16ac8c-5a9b-407e-87b5-048fa2a0070c
4701,"WP6 ScaleUp, Replication, Exploitation",2024-06-01,2024-12-31,f,690,1648800,9,4473,2024-10-24 08:36:03,4d3e96e9-ac6e-4795-8ed2-8bf1e24c1f0a
4729,"WP6 DCE, Clustering and cooperation",2024-11-01,2028-04-30,f,763,12384000,9,,2024-09-19 09:20:32,f5d63f56-5604-4eec-94d0-08c764be9527
4712,WP9 MGT,2024-06-01,2024-12-31,f,769,108000,9,,2024-10-11 14:22:08,b5460561-0396-4143-aecb-9602a0d92616
4645,WP Planung 2024,2024-10-01,2024-12-31,f,763,306000,9,,2024-07-30 08:39:55,803d6e9c-aac3-44e3-9d9b-3ba7f0421ba4
4699,WP4 DEMOS Preparation,2024-01-01,2024-12-31,f,690,198000,9,4473,2024-08-06 19:36:27,c162797b-44a0-4339-b2ad-3defd089c70a
4697,WP1 Management 2024,2024-01-01,2024-12-31,f,690,468000,9,4473,2024-10-24 08:35:47,c5d6ea59-134b-4588-a288-bbcafe733df6
4700,WP5 DEMOS Implementation,2024-01-01,2024-12-31,f,690,72000,9,4473,2024-08-06 19:36:35,d0d3eb58-18d5-4b6f-8d9b-70750abc91a7
4702,"WP7 Communication, Dissemination & Engagement",2024-01-01,2024-12-31,f,690,1530000,9,4473,2024-10-24 08:36:17,5e4b1bc0-8dda-49c9-a73c-211f5e48a71a
4733,WP5 Community and value chain engagement,2025-12-01,2027-11-30,f,756,1803900,9,4691,2024-12-10 14:16:05,489dc7f6-e288-4688-b33e-b10c8566bb57
4728,Vertrag SIG/S2i 2024,2024-10-01,2024-12-31,f,763,,9,,2024-08-26 06:52:05,e8c7f47e-3efe-40b4-9ea7-7a08e4c8abda
4730,WP7 Project Coordination and Management,2024-11-01,2028-04-30,f,763,514800,9,,2024-09-19 09:20:41,3c9b80c5-450e-4ec6-b947-1aef4aa1a8a1
4698,"WP2 CoP, User Needs, Baseline Assessment 2024",2024-01-01,2024-12-31,f,690,1728000,9,4473,2024-10-24 08:35:34,a735c5ea-bc94-438f-b90a-b7cc5090ed4f
4732,WP7 Project coordination,2024-06-01,2027-11-30,f,756,514800,9,4691,2024-12-10 14:16:11,cfced036-6903-43ea-bf34-b3dca068880e
4731,WP6 D & C & E,2024-06-01,2027-11-30,f,756,13413600,9,,2024-12-10 14:16:31,5faa5e57-f31e-4aa4-988e-16093e968f46
4560,WP1 Management,2024-01-01,2027-12-31,f,727,3610800,9,,2024-07-11 13:21:41,cdbe0c17-c62a-4813-a467-49cc9f33ed92
4008,WP5 DissExpl,2022-07-01,2026-06-30,f,626,23846400,9,,2024-07-11 13:22:28,3f76e8da-cf68-43e2-8848-cfcb811b955f
4305,"WP1 Project coordination, management and Governance",2023-09-01,2027-08-31,f,695,8236800,9,,2024-07-11 13:23:33,1247b1bf-ddc7-4b7a-9273-3788640ff343
4307,WP3 Building of the e-methanol synthesis technology,2023-09-01,2027-06-30,f,695,,9,,2024-07-11 13:23:42,5785dc27-2ddd-4d38-ae29-cf65ec30d97b
3405,WP10 Management,2020-10-01,2025-09-30,f,530,2062800,9,,2024-07-11 13:24:37,203b0901-985d-4baa-9e2e-8980d3c3a30b
4556,WP4 Assessment of regulatory and economic instruments,2024-02-01,2025-07-31,f,722,1296000,9,,2024-07-11 13:45:35,dedb9765-afb4-426f-a977-3b56a50c1bb4
3645,WP8 Project Coordination & Management,2024-01-01,2024-07-31,f,533,115200,9,3545,2024-07-11 13:46:14,bee48f74-9b03-49f3-b0f4-4cadf0a60a6f
3642,WP7 Dissemination & Exploitation,2024-01-01,2024-07-31,f,533,684000,9,3545,2024-07-11 13:46:18,99d72f50-191a-4bb0-acb1-2878cec5df37
3581,WP1 Business & Innovation Ecosystem building for MBLabs OITB,2021-02-01,2022-03-31,f,557,1029600,9,,2024-07-11 13:47:10,727930eb-719e-4ef6-9e0b-1e0c2337b79d
3584,"WP10 Communication, Dissemination and Training - WP leader SEZ",2021-02-01,2026-01-31,f,557,10296000,9,,2024-07-11 13:47:14,df0b5aec-7db2-409f-b18e-985baae44ba2
4662,WP5 Maximising impact,2024-01-01,2024-12-31,f,768,66600,9,,2024-07-11 14:33:49,c31343dc-8587-46ff-bf72-87a43dffce99
4779,WP1 Project Mgt & IT Platform 2024,2024-01-01,2024-12-31,f,637,669600,8,3990,2024-09-23 14:38:09,533df2d0-cef7-4a73-829c-616c94cad52b
4780,WP2 Support to Innovative companies WE - WC 2024,2024-01-01,2024-12-31,f,637,2399400,8,3990,2024-09-23 14:38:55,7bbee31f-afcc-4b5b-a460-129dcb90fc93
4781,WP3 Support to EIC Accelerator SoE holders 2024,2024-01-01,2024-12-31,f,637,1897200,8,3990,2024-09-23 14:39:54,079eb602-bc7b-4392-9943-f5698c49effc
4743,"WP4 DISSEMINATION, COMMUNICATION, EXPLOITATION & CLUSTERING",2024-04-01,2024-12-31,f,767,324000,8,,2024-07-11 15:26:51,789e0738-ea2e-4bff-b1a3-09d8f23dd0ca
4744,WP Planung 2024,2024-09-01,2024-12-31,f,784,,8,,2024-07-16 06:51:57,33a74820-b780-47e6-b46a-968efbf4fef8
4745,WP Planung 2025,2025-01-01,2025-08-31,f,784,,8,,2024-07-16 06:52:12,00c44466-0e94-4d58-9545-af8543f5056a
4746,M+H WS 2024,2024-01-01,2024-12-31,f,783,,8,,2024-07-19 12:00:33,337ff70b-f574-4bfd-ad82-40398ddc118e
4734,H2Valley Umsetzung Phase 1 2024,2024-08-01,2024-12-31,f,780,1576800,8,,2024-07-23 15:44:47,502f3bd7-285c-40b3-be67-a97eb82b2863
4639,WP Umsetzung MRN Reg Wasserstoff,2024-01-01,2024-12-31,f,762,162000,8,,2024-07-23 15:57:28,1eb9c326-3e8f-4f71-b486-e0f450b765cc
4747,HORIZON-JU-CBE-2024-RIA-02 Umsetzung,2024-06-01,2024-12-31,f,785,,8,,2024-07-25 06:40:37,e0cfb331-71e4-4e85-8941-26e710891d58
3875,WP2 Com engagement,2021-10-01,2026-03-31,f,592,,9,3757,2024-07-25 13:29:33,3605cb68-33d0-452f-912c-9dac7a1bc968
3758,WP8 D&C 2022 Stela,2022-01-01,2022-12-31,f,592,,9,,2024-07-25 13:30:01,e769fafe-9cde-438f-823b-87f0e3564dfb
4748,WP Planung 2024,2024-09-01,2024-12-31,f,786,,8,,2024-07-26 12:32:16,97131b54-390f-4952-8418-d8948fcfd971
4749,WP Planung 2025,2025-01-01,2025-08-31,f,786,,8,,2024-07-26 12:32:41,a61f89f6-9793-4fc0-abf4-e3a080530482
4750,WP Planung 2024,2024-09-01,2024-12-31,f,787,,8,,2024-07-26 12:47:13,0d65a9bc-0016-40b9-ae97-be2115c5cf57
4751,WP Planung 2025,2025-01-01,2025-08-31,f,787,,8,,2024-07-26 12:47:46,80405eee-5c25-424b-ab33-c2258eabe9a6
4752,Umsetzung CS Stadt Asperg,2024-07-01,2024-12-31,f,791,,8,,2024-07-31 06:47:54,641a0e0c-8d79-4cac-bd22-f93e68aa9db2
4192,D+C 2023,2023-04-01,2023-12-31,f,683,,8,,2024-08-01 08:30:57,be6329c1-5db9-446b-a437-f662140b5714
4753,Nur KoFi - vermutlich keine h,,,f,788,,8,,2024-08-05 08:39:40,cea3abac-6c52-4107-95ba-323e1bc17a0b
4754,Nur KoFi - vermutlich keine h,,,f,789,,8,,2024-08-05 08:40:13,cabaee02-c912-4c14-a49f-e5764db1e4b8
4755,Nur KoFi - vermutlich keine h,,,f,790,,8,,2024-08-05 08:40:25,45601269-7343-469e-b3ad-26d049650bc8
4756,WP1 Syngas decentralized production – setting the framework,2024-05-01,2025-04-30,f,759,5158800,9,,2024-08-15 09:47:10,2bfc311c-40d8-43fc-b4cd-0a3547ed537f
4757,"WP 6 Sustainability assessment, scalability and replicability",2024-05-01,2028-04-30,f,759,1033200,9,,2024-08-15 09:49:43,31df8d3b-86ea-4b8b-9a42-a5bfd10b8bf5
4758,"WP7 Communication, Dissemination, Exploitation & Community involvement",2024-05-01,2028-04-30,f,759,13932000,9,,2024-08-15 09:50:54,0da2aaeb-d80b-4eff-96ef-9d4f7f33f0bb
4759,WP8 Project Coordination and Management,2024-05-01,2028-04-30,f,759,1033200,9,,2024-08-15 09:51:32,edcc629c-6697-4c92-8ba3-2bc0730cbf7d
4760,Umsetzung Biolinkage Antragstellung,2024-07-01,2024-12-31,f,793,,8,,2024-08-16 14:02:26,74f9a08a-cec5-4627-a91c-ff16edc418bf
4765,Antrag 2. Stufe DECIRE-WATER,2024-06-01,2024-12-31,f,792,,8,,2024-08-20 08:59:18,74715831-1709-47e4-a23b-cb2460ee9ebe
4766,Vertrag SIG/S2i 2024,2024-01-01,2024-12-31,f,603,,9,3813,2024-08-23 15:56:52,749bd934-347f-4dbd-a39e-7a0f5bdf28aa
4767,PK in OH 2025,2025-01-01,2025-12-31,f,271,,8,,2024-08-28 14:40:50,e91a6082-c2cb-4de7-8cd8-be94709cadd4
4768,GOFOREST Planung 2025,2025-01-01,2025-12-31,f,648,,8,,2024-08-29 12:33:03,e311ca73-94fb-477c-b2ed-0bf934f00cb4
4769,FIBSUN Planung 2025,2025-01-01,2025-12-01,f,682,,8,,2024-08-29 12:34:07,68c568d5-fdeb-4138-b601-a45080ed8464
4770,POSEIDON PLanung 2025,2025-01-01,2025-12-31,f,695,,9,,2024-08-29 12:46:56,088bf5d6-0f7a-4529-9cbd-d3a6071b51db
4771,CAPTUS Planung 2025,2025-01-01,2025-12-31,f,698,,9,,2024-08-29 12:48:59,0f33f880-9a32-45a0-b5bc-a72b97708f6c
4772,AI REDGIO Planung 2025,2025-01-01,2025-12-31,f,657,,9,,2024-09-04 17:21:48,1c152157-4ec8-44a2-818a-e1c0027219eb
4075,EDIH Planung 2025,2025-01-01,2025-12-31,f,647,,8,,2024-09-04 17:32:05,bb87df3f-fca3-46f5-875b-224ee9f19cdf
4773,"WP10 Communication, Dissemination & Exploitation",2024-09-09,2024-09-10,f,795,72000,8,,2024-09-16 12:16:23,58936655-3000-4980-a6f0-32271dabdde9
4774,WP1 Umsetzung,2024-06-01,2024-12-31,f,796,,8,,2024-09-19 09:08:18,e909ece4-571e-43fc-8b2e-e48a5d121ce7
3994,Vanguard 2024,2024-01-01,2024-08-31,f,636,,8,,2024-09-23 10:17:43,da242ff4-38ec-4f1f-bf41-bf5a021f8fcc
4782,WP4 Widening Countries Capacity Building 2024,2024-01-01,2024-12-31,f,637,446400,8,3990,2024-09-23 14:40:32,10ab844e-89ca-4500-897e-b93581698be8
4783,WP5 D&C 2024,2024-01-01,2024-12-31,f,637,167400,8,3990,2024-09-23 14:41:13,f77e0e58-acc6-4ea1-99d4-12ce5a82259c
4787,WP Planung 2025,2025-01-01,2025-12-31,f,738,,8,,2024-10-01 07:44:13,950c4253-e74d-4796-b134-ce6a78dc1527
4788,Capacity2Transform Planung 2025,2025-01-01,2025-12-31,f,694,,8,,2024-10-01 07:56:47,92fe72d8-4ea4-48c8-98b8-fb8aee8410eb
4790,Eccodalli Planung 2025,2025-01-01,2025-12-31,f,650,,8,,2024-10-01 08:33:42,61cb0940-84eb-46e3-9edf-12448b4044ab
4791,TwinSynergies Planung 2025,2025-01-01,2025-12-31,f,749,,8,,2024-10-01 08:59:36,3dbcb9be-1fe7-4429-a806-da70a68fc7b4
4793,DaWetRest Planung 2025,2025-01-01,2025-12-31,f,690,,9,,2024-10-01 09:35:12,655c756e-5f75-4fc3-a65e-38669bf8b22a
4777,WP3 Ansprechpunkt 2024,2024-01-01,2024-08-31,f,636,178200,8,3994,2024-10-29 11:01:48,189584fa-69b3-4af1-8521-4f907032a138
4778,WP4 Internetpräsenz 2024,2024-01-01,2024-08-31,f,636,71100,8,3994,2024-10-29 11:01:34,ff47c995-53b7-4d23-8fe1-229573ea8ba8
4776,WP2 Initiierung Antrag 2024,2024-01-01,2024-08-31,f,636,322200,8,3994,2024-10-29 11:02:01,769d3f99-7f93-4407-be11-2cdb51261703
4775,WP1 Interreg. Koop. 2024,2024-01-01,2024-08-31,f,636,1214100,8,3994,2024-10-29 11:02:16,b1d1778a-b5af-42f5-80f8-f4e6707825ce
4761,WP1 Management,2024-01-01,2026-12-31,f,714,2581200,8,,2025-07-08 16:24:18,170c56a0-3529-4b60-a91b-af6ed6f561c3
4789,WP Planung 2025,2025-01-01,2025-12-31,f,739,,8,,2025-01-02 16:42:00,067dee0d-4ab7-4715-9ca3-6778dd276cd0
4784,WP7 Management,2024-06-01,2028-01-31,f,760,8820000,9,,2025-03-11 14:00:31,c2f928db-c820-4e4b-bcc5-a863719d80cf
4785,WP6 Dissemination and Exploitation,2024-06-01,2027-11-30,f,760,22446000,9,,2025-03-11 14:00:07,fa9a819a-be4c-43b8-8e40-49a569d6e2ea
4763,WP5 Policy Roadmap,2024-01-01,2026-12-31,f,714,3099600,8,,2025-07-08 16:24:23,8b88a7a5-b701-4e01-91d7-71ab32f4873c
4764,WP6 Comm & Diss,2024-01-01,2026-12-31,f,714,774000,8,,2025-07-08 16:24:28,08836ebc-9ea0-40ce-9cf2-a403ad6cdb0e
4792,RECENTRE Planung 2025,2025-01-01,2025-12-31,f,781,,8,,2025-10-16 16:03:30,54614a45-27c4-42c2-97c1-db701850ebdd
4795,SIG GK-PK Anteil 2024,2024-01-01,2024-12-31,f,294,,8,,2024-10-02 15:26:22,4beab966-c19e-4cf7-ac07-97586d84bb68
4797,Tender DTA - 2025,2025-01-01,2025-07-31,f,642,,8,,2024-10-04 07:40:08,9d902345-b612-43f5-81df-8e452a8ca42d
4798,SIG GL Stunden 2024,2024-01-01,2024-12-31,f,503,,9,,2024-10-04 13:20:34,86c0317c-8c33-4a57-a480-6435d1be6231
4799,WP12 CDE Phase 2,2024-10-01,2026-03-31,f,766,144000,8,,2024-10-11 09:26:02,209033df-38bb-4733-a12f-12aac7ff4f08
4801,WP5 Expl,2024-12-01,2024-10-31,f,771,108000,8,,2024-10-11 09:43:19,3c0a0357-9f95-4d00-a691-352709e48f24
4786,WP5 Network coordination and quality management (2024),2024-01-01,2024-12-31,f,572,1902600,8,4364,2025-09-15 07:02:23,d28a893d-6463-4354-a366-ff0e87229e57
4809,WP11,2024-05-01,2024-05-31,f,798,100800,9,,2024-11-13 12:49:44,32562513-7e07-41da-81b0-e25719465c1d
4810,WP7,2024-01-01,2024-12-31,f,799,115200,8,,2024-11-13 13:17:57,b78d88b2-c043-41fe-9920-1504d1a336c9
4842,Success Fee,2025-01-01,2025-12-31,f,803,,8,,2024-12-18 06:35:04,b2f84bbf-8dbe-421b-9d74-5fa5d75aac0c
4800,WP6,2024-01-01,2024-12-31,f,764,547200,8,,2024-11-13 14:47:23,1ae4f07c-4a39-4791-891f-6541ac1795cd
4524,WP2 (SO2) Thriving culinary heritage,2024-01-01,2026-06-30,f,739,,8,,2024-11-14 15:39:35,7c01b4d1-9dca-4e69-b7b1-b974cd474913
4829,SO2 Communication & Dissemination activities (2025),2025-01-01,2025-11-15,f,797,338400,8,,2025-03-10 10:37:39,468ba034-d07d-4ec2-b990-68b47b1117a3
4832,S01 Report on state of play in the Secondary Raw Material,2024-09-01,2024-12-31,f,786,21600,8,4748,2024-12-10 18:10:26,8ac43acc-5633-4edc-8364-79a4ca842af1
4833,S02 Work Pan to set up  an Ecosystem,2024-09-01,2024-12-31,f,786,140400,8,4748,2024-12-10 18:16:54,c90f86d5-8a3f-41cd-b02a-338e563b9330
4834,WP Planung 2025,2025-01-01,2025-12-31,f,800,,8,,2024-12-13 08:18:32,f181d87f-ea5c-495a-9b95-731304418b3a
4835,10. MINT Netzwerktreffen,2024-12-10,2025-07-31,f,801,,8,,2024-12-15 18:48:07,d04ebd54-8f41-476e-af97-5896a9efc88f
4836,Nur KoFi - vermutlich keine h,,,f,802,,8,,2024-12-16 11:02:01,963b0fb2-3f75-4a8d-aa97-bd07e07dd08a
4828,SO1 Lighthouse projects identification and study document development (2025),2025-01-01,2025-11-15,f,797,968400,8,,2025-03-10 11:03:34,39551cff-a761-4966-a81e-bcd7105d1185
4830,SO3 Regional/International Workshop Events (2025),2025-01-01,2025-11-15,f,797,442800,8,,2025-03-10 11:03:55,69968219-2b02-4f63-8207-1ff6efcef8c0
4805,WP2 2026 - Testing the methodology for a Manufacturing 5.0,2026-01-01,2026-12-31,f,781,,8,,2024-11-15 08:15:57,e33ed448-d70a-44ba-858d-d8afe0bfa384
4806,WP2 2027 - Testing the methodology for a Manufacturing 5.0,2027-01-01,2027-02-28,f,781,,8,,2024-11-15 08:16:15,f31a7a43-66dd-4a92-ac5d-d64915695e53
4807,WP3 2026 - Up take the RECENTRE methodology​,2026-09-01,2026-12-31,f,781,,8,,2024-11-15 08:16:43,b1650173-70f9-4cc1-94d5-f09e30bf8e36
4808,WP3 2027 - Up take the RECENTRE methodology​,2027-01-01,2027-08-31,f,781,,8,,2024-11-15 08:16:52,b010d2c5-6bb3-403b-81ca-92c988ebb515
4802,WP5 Network coordination and quality management (2025),2025-01-01,2025-06-30,f,572,2542500,8,4369,2025-09-15 07:02:32,ebd06836-22fa-4f64-8f79-95c874342f9d
4811,WP3 Set up 2025,2025-01-01,2025-02-28,f,623,,8,3917,2024-11-19 21:33:16,93014479-75ab-4b1b-9e32-8a9c7f442443
4812,WP4 Evaluation 2025,2025-01-01,2025-08-31,f,623,,8,3917,2024-11-19 21:34:04,4a258cb1-9993-4836-82e8-3bbcd2154d4b
4813,"WP5 Diss, Expl, Comm 2025",2025-01-01,2025-08-31,f,623,,8,3917,2024-11-19 21:34:42,461b9ef2-fd62-42a9-a2f1-58e00ae724bd
4814,WP6 Management 2025,2025-01-01,2025-08-31,f,623,,8,3917,2024-11-19 21:35:50,75cb3c24-f2eb-49b8-8626-d8d99b46bb17
4819,SO2 - Developing project workplan,2024-09-01,2025-08-31,f,784,,8,,2024-11-20 10:22:37,bd539791-d065-4472-a66f-f6ce45dce9fc
4818,SO1 - Report state of play,2024-09-01,2025-08-31,f,784,,8,,2024-11-20 10:22:48,c11f05c3-ac0e-4e2e-8101-b79906266c52
4820,SO3 - Report funding possibilities,2024-09-01,2024-08-31,f,784,,8,,2024-11-20 10:23:09,77cfb07d-654d-4fba-b3f0-5f37b63aaefe
4843,Success Fee,2025-01-01,2025-12-31,f,804,,8,,2024-12-18 06:36:54,60de2852-daa1-47fb-ac9b-5c2339f62079
2929,ATELIER 2019 - 2026,2019-11-01,2024-10-31,f,449,29343600,9,,2024-12-20 09:48:34,d9a521a9-da7a-4e77-9aa0-86882265e4f4
4827,SO1 Lighthouse projects identification and study document development (2024),2024-11-15,2024-12-31,f,797,,8,,2024-12-04 18:48:53,fb8b0cb6-12b9-4183-ae05-bfac43bd783a
4821,WP1 Report on the State of Play 2024,2024-09-01,2024-12-31,f,787,162000,8,,2024-12-17 11:34:55,15a735ca-4f80-4a50-9566-be100531831b
4844,INNOVATE-EU Planung 2025,2025-01-01,2025-12-31,f,805,,8,,2025-01-03 13:28:56,46b3aeee-265e-4ef6-830f-b4c0c5b03695
4822,WP2 Action Plan for Establishment of Foresight 2024,2024-09-01,2024-12-31,f,787,252000,8,,2024-12-17 11:35:49,702952ee-3643-43d8-b584-da74164585ae
4845,INNOVATE-EU Planung 2026,2026-01-01,2026-12-31,f,805,,8,,2025-01-03 13:29:36,12458654-bb15-4e9b-a1a5-ab6b40918b24
4823,WP3 Report on Funding Possibilities 2024,2024-09-01,2024-12-31,f,787,288000,8,,2024-12-17 11:36:50,1562342d-df23-4b4d-b555-f955f6b25b9e
4824,WP4 Community and Stakeholder Consultations 2024,2024-09-01,2024-12-31,f,787,270000,8,,2024-12-17 11:37:29,6b99d8d3-d689-4b69-a218-420adbc8846e
4826,WP6 Model of Institutionalisation of Foresight Activitie 2025,2025-06-01,2025-08-31,f,787,244800,8,,2025-05-14 07:40:37,6f998f08-b0a8-4f1b-9b27-e4d3383591f8
4840,WP3 Report on Funding Possibilities 2025,2025-01-01,2025-06-30,f,787,442800,8,,2025-05-14 07:46:37,c323caca-9339-456d-a25e-771f6e59f4c6
4850,WP4 Strengthening European Start-ups,2025-07-01,2026-12-31,f,805,,8,,2025-05-21 10:28:24,0e3351c1-525a-4c44-8a3b-64f5d427c3c9
4852,WP Planung 2025,2025-04-01,2025-12-31,f,806,,8,,2025-01-13 17:10:29,32d57af3-953a-4c58-a314-30c9fdb2bb7d
4853,WP Planung 2025,2025-04-01,2025-12-31,f,807,,8,,2025-01-13 17:13:20,c850a83d-612b-4826-97dd-1816f2266448
4854,WP Planung 2025,2025-04-01,2025-12-31,f,808,,8,,2025-01-13 17:16:29,7c84dab9-f292-4bbe-9667-171761f0be6e
4857,SIG FlexSt 2026,2026-01-01,2026-12-31,f,318,,9,,2025-01-14 10:49:56,4cf7e5ac-1c64-4c75-8385-df25eb0ae6cd
4858,WP7 - Management,2024-10-01,2028-09-30,f,761,514800,8,,2025-01-15 15:57:51,d62bc5ac-0c1c-4e5b-8244-0c21c4917e8c
4856,S2i FlexSt 2026,2026-01-01,2026-12-31,f,320,,8,,2025-01-14 10:50:59,17eb790b-49b3-4d9f-9bc5-ac232a995943
4859,"WP6 - Comm, Dissemination and Exploitation",2024-10-01,2028-09-30,f,761,16473600,8,,2025-01-15 15:59:07,1b85793f-e3fc-4898-b660-d668bbc4dd80
4860,WP Planung 2025,2025-06-01,2025-12-31,f,811,,9,,2025-01-17 17:14:23,7c3e6d81-b794-450d-9ee6-df4420998a24
4861,WP Planung 2026,2026-01-01,2026-12-31,f,811,,9,,2025-01-17 17:14:42,691570e2-8832-411f-8ef1-4ac0b64b524c
4862,WP Planung 2027,2027-01-01,2027-12-31,f,811,,9,,2025-01-17 17:15:00,12c95354-2b86-4a46-bb97-2bee659d2b64
4794,WP1 2024 - To engage SMEs to develop the transformation model,2024-09-01,2024-12-31,f,781,1741320,8,,2025-10-16 15:58:38,ae6e7b2d-4d80-4ead-85dd-5a51050d79f8
4831,SO4 Project Management,2024-11-15,2025-11-15,f,797,176400,8,,2025-03-10 11:04:14,56d2d3b3-72d0-4dcb-b763-62be92dd183f
4838,WP1 Report on the State of Play 2025,2025-01-01,2025-05-31,f,787,82800,8,,2025-05-14 07:38:08,1607c292-b6e0-4dca-828d-042367006ee5
4839,WP2 Action Plan for Establishment of Foresight 2025,2025-01-01,2025-05-31,f,787,115200,8,,2025-05-14 07:38:27,ab08a45b-c246-436d-98cd-f7ea5a920a27
4847,WP1 Project management,2025-01-01,2026-12-31,f,805,,8,,2025-05-21 10:28:05,7e5d5cea-b10b-4d2b-a8b6-3854273b93dd
4825,WP5 Development of a Foresight Methodology 2025,2025-06-01,2025-08-31,f,787,367200,8,,2025-05-14 07:40:26,6cefa852-4477-4fa2-b033-330eddbee451
4841,WP4 Community and Stakeholder Consultations 2025,2025-01-01,2025-06-30,f,787,219600,8,,2025-05-14 07:40:14,98439503-6d11-47c6-b0ad-f5ce04838040
4848,WP2 Setting the Stage,2025-01-01,2025-08-31,f,805,,8,,2025-05-21 10:28:11,d2845a38-4e48-4091-a691-2c9166b9e7b7
4849,WP3 Interconnected & Inclusive Ecosystems,2025-05-01,2026-12-31,f,805,,8,,2025-05-21 10:28:17,0ab72cf1-bc41-4103-b41d-8fbea5ceb6df
4851,"WP5 Dissemination, Exploitation, Communication",2025-01-01,2026-12-31,f,805,,8,,2025-05-21 10:28:30,079adba4-359c-442b-98a0-1b9715476b7f
4855,Planung 2025,2025-09-01,2025-12-31,f,809,,8,,2025-08-11 14:10:29,ef4b9f69-f9de-49b8-af6e-fe126cf0fb5f
4863,WP Planung 2028,2028-01-01,2028-05-31,f,811,,9,,2025-01-17 17:15:24,ff4649dd-8fc9-4c74-8f68-3f620930fe9e
4864,EU-KONFORM-FABULOSE-One-stage-SuccessFee-HORIZON-JU-CBE-2024-RIA-02,2025-01-01,2025-12-31,f,810,3600,8,,2025-01-20 08:25:31,7b3fbd88-ed54-4913-94d2-fb3f774e599f
4865,WP Planung 2025,2025-04-01,2025-12-31,f,813,,8,,2025-01-23 06:44:35,4c05cecb-b9ca-4ddd-ae89-d8eee62e678e
4866,WP Planung 2026,2026-01-01,2026-12-31,f,813,,8,,2025-01-23 06:45:01,8e4bae3d-dc5d-4a97-943c-4a7b18a632fa
4867,WP Planung 2027,2027-01-01,2027-12-31,f,813,,8,,2025-01-23 06:45:13,96a07ec2-637b-444b-9f7b-64ac0111bfe9
4868,WP Planung 2028,2028-01-01,2028-03-31,f,813,,8,,2025-01-23 06:45:31,96c05917-ecac-47b5-aafe-b15dbc4ed868
4869,TenderLink Umsetzung,2024-09-16,2024-09-30,f,814,,8,,2025-01-23 11:01:59,66e7c69e-3baf-4eed-9181-0f91cadc0b23
4870,"WP6 Dissemination & Communication 17,5 PM (Secondment)",2024-01-01,2024-12-31,f,815,,8,,2025-01-29 08:30:16,b3e9f330-fc24-4b2f-9941-6b8605b50e17
4872,1. Finalisierung des Projektkonsortiums,2025-01-01,2025-04-30,f,816,1022400,8,4871,2025-01-31 09:06:32,e875e2b3-707b-486e-b396-10ca70022ba3
4874,1.1 8 regionale Workshops,2025-01-01,2025-04-30,f,816,201600,8,4872,2025-01-31 09:37:37,54aa5c82-4f3d-4fac-be38-88fc12f2d3c8
4873,1.2 Kick-off Meeting,2025-01-01,2025-04-30,f,816,50400,8,4872,2025-01-31 09:37:48,beb7cd10-6cf8-4a81-a329-61be0582ac83
4876,1.4 Einbeziehung fehlender Projektpartnern,2025-01-01,2025-04-30,f,816,64800,8,4872,2025-01-31 12:38:03,d25e18bc-3f8f-4674-94bb-9a046a0a7ff5
4877,1.5 Onboarding aller 40 Partner,2025-01-01,2025-04-30,f,816,144000,8,4872,2025-01-31 12:39:09,a5a05106-f6b1-4094-95df-cd5f57a79f2b
4878,1.6 Anpassung des Projektkonzepts,2025-01-01,2025-04-30,f,816,86400,8,4872,2025-01-31 12:42:11,af210d23-ea9f-4eb7-9bef-8e5c5153c969
4879,1.7 Bilaterale Meetings mit Koordinationsteam,2025-01-01,2025-04-30,f,816,280800,8,4872,2025-01-31 12:43:44,e45d94d6-2606-4358-b11d-dfb762a3229d
4880,1.8 Rücksprache mit NKS,2025-01-01,2025-04-30,f,816,14400,8,4872,2025-01-31 12:47:52,7ab96ba4-4399-4901-a84f-1f0c83882f67
4881,2. Erstellung des Antrags,2025-01-01,2025-04-30,f,816,1893600,8,4871,2025-01-31 12:49:00,cf650bea-52e1-4481-b378-b8a8a0ed9cde
4882,"2.1 (Excellence) First page (why, what, how)",2025-01-01,2025-04-30,f,816,57600,8,4881,2025-01-31 12:51:52,06da56ce-dc4c-4635-81bf-db0555af292d
4883,2.2 (Excellence) Objectives and Ambition,2025-01-01,2025-04-30,f,816,223200,8,4881,2025-01-31 12:54:15,f5ba2777-9f04-460f-89af-91a3371545b8
4884,2.3 (Excellence) Methodology,2025-01-01,2025-04-30,f,816,252000,8,4881,2025-01-31 12:55:21,8612cdbd-9933-4896-9f6c-f16b578216ee
4885,2.4 (Impact) Project's pathway towards impacts,2025-01-01,2025-04-30,f,816,100800,8,4881,2025-01-31 12:56:47,b4abb964-c46c-48d1-9286-76849a17cea2
4886,2.5 (Impact) Measures to maximise impact,2025-01-01,2025-04-30,f,816,216000,8,4881,2025-01-31 12:57:59,b377466f-8b40-4206-b89e-c0a87204f33f
4887,2.6 (Impact) Summary,2025-01-01,2025-04-30,f,816,43200,8,4881,2025-01-31 13:00:11,273ae032-3d0e-4b7f-84e2-07e651cbf051
4888,2.7 (Quality) Work plan and resources,2025-01-01,2025-04-30,f,816,252000,8,4881,2025-01-31 13:01:44,392d221a-bd31-4525-8d57-145577ed55f2
4889,2.8 (Quality) Capacity of participants,2025-01-01,2025-04-30,f,816,72000,8,4881,2025-01-31 13:02:39,42cb9299-7a8e-43b2-be90-ad2f7c267399
4890,2.9 Zusätzliche Anhänge - LOIs,2025-01-01,2025-04-30,f,816,216000,8,4881,2025-01-31 13:03:39,3f454986-7ac8-46b0-83bb-86f3e8cd679b
4892,2.9.1 Visualisierung und Formatierung,2025-01-01,2025-04-30,f,816,288000,8,4881,2025-01-31 13:06:24,5833a989-7420-48c0-85a3-da392ea8e4e8
4893,2.9.2 Qualitätsprüfung,2025-01-01,2025-04-30,f,816,172800,8,4881,2025-01-31 13:07:31,36435be1-4c36-46bc-aaea-3030fa1bc2a0
4894,3. Einreichung des Antrags,2025-01-01,2025-04-30,f,816,666000,8,4871,2025-01-31 13:10:50,80c950c2-52d4-489f-bd90-b7925944b862
4895,3.1 Generelle Informationen und Abstract,2025-01-01,2025-04-30,f,816,14400,8,4894,2025-01-31 13:11:47,1766a133-4dce-4868-8d6c-7088dc6c8e3f
4896,3.2 Erstellung des Projektbudgets,2025-01-01,2025-04-30,f,816,432000,8,4894,2025-01-31 13:14:04,028c89c9-6880-4ff9-9250-aef267aa6d72
4897,3.3 Administrative Formulare –Part A im Participant Portal,2025-01-01,2025-04-30,f,816,144000,8,4894,2025-01-31 13:14:51,9e035781-032f-4a4d-83e1-33a311e9105c
4898,3.4 Ethik und Sicherheit,2025-01-01,2025-04-30,f,816,18000,8,4894,2025-01-31 13:15:37,3e280ecc-d167-41cc-acea-95d9911fbf39
4899,3.5 Endkontrolle und Einreichung der Dokumente,2025-01-01,2025-04-30,f,816,57600,8,4894,2025-01-31 13:16:30,41da6948-3b2e-4db6-8fd4-c162c41a09ed
4871,EU-KONFORM: RHYNE UP,2025-01-01,2025-04-30,f,816,,8,,2025-02-04 09:28:18,33be2bec-1c20-44d0-a139-ea1f85b7a244
4875,1.3 Iteration der Factsheets,2025-01-01,2025-04-30,f,816,180000,8,4872,2025-02-04 09:28:54,ffa3b248-faee-4d64-ac68-73bd1620ad48
4900,WP1 UT-LABs: CITIZEN & STAKEHOLDERS MUTUAL ENGAGEMENT,2024-04-01,2024-10-31,f,817,,8,,2025-02-10 11:07:10,12f506c7-09d1-4bce-906d-4449d22f769d
4901,"WP4 DISSEMINATION, COMMUNICATION, EXPLOITATION & CLUSTERING",2024-04-01,2024-10-31,f,817,,8,,2025-02-10 11:07:39,3056693a-0e55-405c-9155-a47e7f81fca9
4902,WP1 FP2.3 2025,2025-03-01,2025-12-31,f,818,,8,,2025-02-12 17:16:43,5f86fc99-aac5-482a-b6d5-a30aa1e6bd34
4903,WP1 FP2.3 2026,2026-01-01,2026-08-31,f,818,,8,,2025-02-12 17:16:59,14dd3f8c-bd01-4f76-8869-9bc1b91dec91
4904,WP2 BD2 2025,2025-03-01,2025-12-31,f,818,,8,,2025-02-12 17:17:18,931766c3-0c9b-4466-bb8e-f2b15d3fd5a8
4905,WP2 BD2 2026,2026-01-01,2026-08-31,f,818,,8,,2025-02-12 17:17:36,53bd0d82-73b8-434d-a7b0-2f4d3eb883c0
4906,WPX IO 2025,2025-03-01,2025-12-31,f,818,,8,,2025-02-13 08:10:37,d363712b-0965-4e05-96e5-10cfaa86f035
4907,REPORTING RP2,2025-03-01,2025-12-31,f,626,,9,,2025-02-13 08:22:25,ff9f640b-0d78-48cb-b1bc-48827a3e92bb
4908,REPORTING RP3,2025-03-01,2025-12-31,f,626,,9,,2025-02-13 08:24:11,fd37092d-85a4-4509-8a4b-e13778e6a321
4909,Projektmanagement,2025-01-01,2025-12-31,f,820,655200,8,,2025-02-13 08:53:11,dbbd3e6a-e551-4b0a-a96c-803b280a3d02
4910,REPORTING RP2,2025-01-01,2025-06-30,f,628,,8,,2025-02-13 10:18:25,048b0c10-465a-4084-8870-b56e8a71775e
4911,REPORTING RP3,2025-07-01,2025-12-31,f,628,,8,,2025-02-13 10:18:43,e62833d8-43b6-4831-a67c-d7be7da6804f
4912,WP1 Project Mgt & IT Platform 2025,2025-01-01,2025-08-31,f,637,261900,8,3991,2025-02-17 11:15:24,6ede2a66-e098-4000-8668-352b2445b4be
4913,WP2 Support to Innovative companies WE - WC 2025,2025-01-01,2025-08-31,f,637,938700,8,3991,2025-02-17 11:16:34,0947d82a-20ed-4a39-9bcd-f8f7c7d3fe89
4915,WP4 Widening Countries Capacity Building 2025,2025-01-01,2025-08-31,f,637,174600,8,3991,2025-02-17 11:18:04,2d4c7dba-e046-43ad-8a4b-f6300312f967
4916,WP5 D&C 2025,2025-01-01,2025-08-31,f,637,64800,8,3991,2025-02-17 11:18:53,b85e41c9-ead2-4e3f-be3d-956ee05dd5c5
4914,WP3 Support to EIC Accelerator SoE holders 2025,2025-01-01,2025-08-31,f,637,742500,8,3991,2025-02-17 11:19:06,9823dca7-0f44-485a-9597-528e574f549f
4917,Vertrag SIG/S2i 2025,2025-01-01,2025-12-31,f,656,,9,,2025-02-20 08:52:00,dfdef8b7-d8ea-4e8b-b4c3-c40013a6ac91
4919,WP7 ComDissExp 2025,2025-01-01,2025-12-31,f,728,2721600,9,,2025-02-23 15:46:10,656c810e-bd74-4b82-9f18-f14a4c8640c6
4918,WP1 Management 2025,2025-01-01,2025-12-31,f,728,1360800,9,,2025-02-23 15:46:24,196292fa-fc08-4eae-ac50-f96e555ecf03
4921,WP7 ComDissExp 2025 - DEMO,2025-01-01,2025-09-30,f,562,995400,9,,2025-02-23 16:03:04,07afc41e-fde0-4e46-b020-40e45eb893c1
4920,WP1 Management 2025 - DEMO,2025-01-01,2025-11-30,f,562,995400,9,,2025-02-23 16:03:23,b03a6fbe-cb3e-4174-8a28-347b61b901bb
4924,WP2 2025 RP3 - Testing the methodology for a Manufacturing 5.0,2025-09-01,2025-12-31,f,781,973800,8,,2025-10-16 15:57:00,50d70919-bb58-4905-9718-ad93b144b965
4925,SO1 Safeguarded culinary heritage P3 01.2025- 06.2025,2025-01-01,2025-06-30,f,739,777600,8,4789,2025-03-13 12:12:41,1b220329-18c9-4ad9-959f-68baeb922cc8
4926,SO2 Thriving culinary heritage P3 01.2025-06.2025,2025-01-01,2025-06-30,f,739,388800,8,4789,2025-03-13 12:14:12,e2df0bdb-cae1-4f19-926b-8d60cebfe7b9
4927,SO3 Culinary trail 4 the future P3 01.2025-06.2025,2025-01-01,2025-06-30,f,739,777600,8,4789,2025-03-13 12:15:44,36e688c5-4f83-4a6f-bda5-9c3c52b8aad2
4928,SO1 Safeguarded culinary heritage P4 07.2025- 12.2025,2025-07-01,2025-12-31,f,739,579600,8,4789,2025-03-13 12:18:27,3f79f853-e33b-4322-bcea-eb04a418f7cc
4923,WP1 2025 RP2 - To engage SMEs to develop the transformation model,2025-03-01,2025-08-31,f,781,540000,8,,2025-10-16 15:51:39,8d8641fc-97fd-4860-8843-9cdd35406f0e
5059,WP6,2025-01-01,2025-12-31,f,845,309600,9,,2025-07-30 15:51:25,7fb5f68c-e8bd-4f03-ade0-226413005fe8
5060,WP7,2025-01-01,2025-12-31,f,846,144000,9,,2025-08-01 13:09:22,b37ccffe-c5b5-4de8-bbb7-7849ec326fd3
4929,SO2 Thriving culinary heritage  P4 07.2025- 12.2025,2025-07-01,2025-12-31,f,739,414000,8,4789,2025-03-13 12:20:05,ec9e88ec-2ab5-4c04-b693-7568ab1ae9f4
4964,"WP2 CoP, User Needs, Baseline Assessment 2025",2025-01-01,2025-12-31,f,690,2019600,9,4793,2025-04-12 14:50:41,58396b4f-112f-462a-8421-66d3e90d652f
4930,SO3 Culinary trail 4 the future  P4 07.2025- 12.2025,2025-07-01,2025-12-31,f,739,661500,8,4789,2025-03-13 12:23:56,880954bb-1e4c-4126-b1bc-060df0a852ab
4931,WP6 D&C 2025,2025-01-01,2025-12-31,f,687,,9,,2025-03-14 15:16:01,53acc254-6b55-4fd1-b133-7a5682b341b0
4932,WP7 Mgmt 2025,2025-01-01,2025-12-31,f,687,,9,,2025-03-14 15:26:12,02e83da0-579c-4db8-a718-753fd8d8d979
4935,WP1 - Management 2025-2027,2025-01-01,2027-05-31,f,680,277200,9,,2025-03-25 13:41:38,6dc19c90-0d3d-4b23-9431-d89ce3fc19ae
4937,WP8 - Dissemination and Communication 2025-2027,2025-01-01,2027-05-31,f,680,8395200,9,,2025-03-25 13:43:41,579bb5f5-0854-4063-b01a-21edbdf3f9a6
4391,WP1 Management 2023,2023-07-01,2023-12-31,f,680,82800,9,4155,2025-03-25 13:43:58,5db46d6b-4171-4067-924e-887d28dccf23
4936,WP7 - Exploitation 2025-2027,2025-01-01,2027-05-31,f,680,187200,9,,2025-03-25 13:44:44,93adba60-8f82-444d-918b-af20e1de9ddc
4938,EU-KONFORM-CallScreening-MANN+HUMMEL-FixedFee-HORIZON-JU-CLEANH2-2025-05-02,2025-02-01,2025-02-28,f,822,,8,,2025-03-31 07:08:26,f022b355-cdbe-4c97-8e11-f0944128f6d9
4965,WP5 DEMOS Implementation 2025,2025-01-01,2025-12-31,f,690,234000,9,4793,2025-04-12 14:51:16,6c9ba4d5-b29f-42ae-8816-d81de464ea12
4966,"WP6 ScaleUp, Replication, Exploitation 2025",2025-01-01,2025-12-31,f,690,1800000,9,4793,2025-04-12 14:51:45,9c57aab8-50cf-4878-b9ae-9ac285e48818
4967,"WP7 Communication, Dissemination & Engagement 2025",2025-01-01,2025-12-31,f,690,1260000,9,4793,2025-04-12 14:52:23,ab603137-7cde-44b6-bb5c-cf158da2b727
4944,SO3_R2_2025_Rural youth capacity-building hub,2025-10-01,2025-12-31,f,806,178200,8,,2025-05-20 06:47:43,2c73c9e0-48ef-4f65-8f0f-95ffa2dc6dff
4942,SO2_R2_2025_Cooperation network of rural youth leaders,2025-10-01,2025-12-31,f,806,464400,8,,2025-05-20 06:47:28,4cdcff62-1351-406a-9ee9-7d00c21cd8fa
4943,SO1_R2_2025_Mapping the state of youth participation,2025-10-01,2025-12-31,f,806,324000,8,,2025-05-20 06:46:13,7773176c-8fd2-497f-bc4a-5ece7f3ea057
4803,WP1 2025 RP1 - To engage SMEs to develop the transformation model,2025-01-01,2025-02-28,f,781,1224000,8,,2025-04-04 08:58:32,ca73271b-3593-46b2-8dae-311a6901fb8d
4934,SIG Success Fee BioFibreLoop,2024-07-01,2024-12-31,f,821,,9,,2025-04-04 10:31:30,8280f3a6-f101-412f-b6a6-9a133e7b70af
4946,Impact Formulation,2025-01-14,2025-02-04,f,812,115200,8,4945,2025-04-04 13:07:57,8b09c129-b409-4ffd-aedf-bacd56f4570f
4945,Concept Check,2025-01-14,2025-02-04,f,812,43200,8,,2025-04-04 13:08:24,95e54d0f-264c-477c-ab56-4dfc0a6e5ae4
4947,Visuals,2025-01-14,2025-02-04,f,812,144000,8,4946,2025-04-04 13:10:49,e18c2ab5-847d-4f9b-8181-5765f4623baf
4950,SO2 - Empowerment & capacity-building for the route development,2025-04-01,2027-09-30,f,807,,8,,2025-04-07 13:15:09,8527c4a0-029c-4e6e-b729-184a8dbb8956
4951,SO1 - Establishing Route strategy,2025-04-01,2027-09-30,f,807,,8,,2025-04-07 13:16:14,b8cf6165-5a50-4d0c-938e-acf3a5ed66f7
4952,SO3 - Visibility & Promotion of the Route,2025-04-01,2027-09-30,f,807,,8,,2025-04-07 13:17:11,60cfe9e1-a2c2-4a2e-9ec1-f95409747a65
4948,PEMPIRE Antragstellung,2025-03-23,2025-04-23,f,823,,8,,2025-04-08 08:54:37,9fb74454-ab82-4b1d-aeb6-4673732a252b
4968,WP Planung 2025,2025-06-01,2025-12-31,f,824,,8,,2025-04-14 07:02:17,d3e2a52a-87ce-4aed-9643-b709e50f6139
4953,Concept Adaptation and Consortium Finalisation:,2025-03-23,2025-04-23,f,823,165600,8,4948,2025-04-11 16:24:24,16fe3029-8d88-440a-9d9c-7de19ca5f026
4969,WP,2010-01-01,2100-12-31,f,202,,8,,2025-04-15 16:07:47,e1163c21-de25-4f69-85b8-4870662a6906
4958,Regular Meetings and Email Communication,2025-03-23,2025-04-23,f,823,108000,8,4948,2025-04-11 16:25:04,36134dd3-7e19-4cbd-aa17-96195251dc0e
4960,Part B: Formulation of some parts of the proposal,2025-03-23,2025-04-23,f,823,360000,8,4948,2025-04-11 16:25:26,3eb48164-269e-4c2e-afd0-36bdfca111cb
4961,Visuals Upgrade,2025-03-23,2025-04-23,f,823,72000,8,4948,2025-04-11 16:25:37,15b16894-db18-4ca8-a6b9-b2f4e4a54abf
4962,Review of the whole proposal,2025-03-23,2025-04-23,f,823,72000,8,4948,2025-04-11 16:25:48,e856932d-3be4-40cc-9c86-33c2eaae683a
4959,Part A: Administrative Part,2025-03-23,2025-04-23,f,823,172800,8,4948,2025-04-11 16:26:13,52e6b766-86c8-4947-9372-2619044c0608
4963,WP1 Management 2025,2025-01-01,2025-12-31,f,690,360000,9,4793,2025-04-12 14:49:33,4c7b5bc0-0dd0-4319-87c0-fa0aef4edec1
4970,WP,1990-01-01,2100-12-31,f,188,,9,,2025-04-15 16:09:09,a39647bc-13c6-4efd-9f9a-f7ce7675a4bd
4971,WP,2018-01-01,2100-12-31,f,376,,10,,2025-04-15 16:09:42,8c8237b1-e89a-41e9-81a9-a5de03a2d681
4972,WP3 demo 6,2026-10-01,2028-05-31,f,811,518400,9,,2025-04-17 12:59:22,e0f9010e-9341-428c-8b07-af7e182a32a7
4973,WP5 circularity,2025-10-01,2028-05-31,f,811,518400,9,,2025-04-17 15:24:01,df245162-78d2-419e-b600-c99f19904912
4974,WP6 DEC,2025-06-01,2028-05-31,f,811,6973200,9,,2025-04-17 15:25:07,11507f56-231d-4123-96a3-c4bcf11a04e0
4975,WP7 MGT,2025-06-01,2028-05-31,f,811,518400,9,,2025-04-17 15:25:48,9ce01445-f8c8-406e-ad29-5c4ce50d270b
4976,SO1 Enhancing the competitivness of SMEs (Jan - Jun 2025),2025-01-01,2025-06-30,f,738,1168200,8,4787,2025-04-22 14:16:26,a565ee4d-3c86-473b-97c9-f58b0ab35e7e
4977,SO1 Enhancing the competitivness of SMEs (Juli - Dez 2025),2025-07-01,2025-12-31,f,738,439200,8,4787,2025-04-22 14:18:07,3152a74f-f57f-4c81-9691-3340a854affc
4978,SO2 Acceleration of transnational uptake of AI technologies (Jan - Jun 2025),2025-01-01,2025-06-30,f,738,667800,8,4787,2025-04-22 14:20:47,7815c076-9877-4b97-aca8-e2b94ff1c8a0
4979,SO2 Acceleration of transnational uptake of AI technologies (Juli - Dez 2025),2025-07-01,2025-12-31,f,738,675000,8,4787,2025-04-22 14:22:02,dc018bdd-e68a-4636-a3f4-4280f68bdbb7
4980,SO3 Increase and harmonize the capacity of policy makers (Jan - Jun 2025),2025-01-01,2025-06-30,f,738,664200,8,4787,2025-04-22 14:23:35,4f5c3cee-7e1d-4083-bc9d-827fb7df00d1
4981,SO3 Increase and harmonize the capacity of policy makers (Juli - Dez 2025),2025-07-01,2025-12-31,f,738,1261800,8,4787,2025-04-22 14:26:32,c956f170-65a5-498b-a361-73db789ebd70
4982,Call Screening: HORIZON-CL5-2026-02-D3-24,2025-04-01,2025-04-30,f,825,,8,,2025-04-26 13:22:02,7624ffe6-e09c-452b-baf3-3ca02a8f8e1d
4984,WP,2019-10-24,2026-12-31,f,492,,8,,2025-05-13 09:49:02,fa739472-40dd-4399-a4e0-f88613adaf88
4985,WP1 Project management 2025,2025-01-01,2025-12-31,f,749,594000,8,,2025-05-13 09:52:40,5284b289-3c1d-4eb8-8564-770d87693568
4986,WP3 Acquiring of new transferable skills 2025,2025-01-01,2025-12-31,f,749,3636000,8,,2025-05-13 09:54:57,63a77116-b0ac-4dc7-9809-1754563d1062
4987,WP4 Strengthening European dimension 2025,2025-01-01,2025-12-31,f,749,342000,8,,2025-05-13 09:55:52,b91b23f9-490a-4bcc-aa12-3cc39784ce3b
4988,WP5 Enhancing synergies on the governance level 2025,2025-01-01,2025-12-31,f,749,594000,8,,2025-05-13 09:57:02,8a162ec1-345b-4fd5-8601-73c1144bf674
4989,"WP6 Communication, Dissemination, Exploitation 2025",2025-01-01,2025-12-31,f,749,504000,8,,2025-05-13 09:57:44,4e81d6b5-23bf-4c14-9799-1580e6f2d43f
4990,Projektmanagement,2025-05-01,2025-06-30,f,826,,8,,2025-05-13 14:54:53,a2e45bbb-6461-47ba-befd-672974497728
4992,BW Europe 2026,2026-01-01,2026-12-31,f,827,,8,,2025-05-14 07:07:10,de5af622-54e2-467a-81ce-db16638f3190
4991,BW Europe 2025,2025-07-01,2025-12-31,f,827,,8,,2025-05-14 07:07:19,0a2d79f8-07e0-46fc-ba3b-5c8c4912662f
4993,BW Europe 2027,2027-01-01,2027-12-31,f,827,,8,,2025-05-14 07:07:50,69953052-8f96-48e6-b3d0-985052efd307
4994,BW Europe 2028,2028-01-01,2028-12-31,f,827,,8,,2025-05-14 07:08:23,904ece23-324d-4007-b34b-49b0839fd840
4996,WP2 - Promotion of the Network and communication 2025,2025-07-01,2025-12-31,f,827,,8,4991,2025-05-14 07:09:52,87b590a4-2c8b-41c3-9f70-d10df395f8c6
4940,SO1_R1_2025_Mapping the state of youth participation,2025-04-01,2025-09-30,f,806,543600,8,,2025-05-20 06:45:45,75112e6b-c42d-4f8b-ad31-55d744328dda
4941,SO2_R1_2025_Cooperation network of rural youth leaders,2025-04-01,2025-09-30,f,806,844200,8,,2025-05-20 06:46:58,550339e2-a32c-4342-8459-d74d93117b41
4933,WM-KMU 2025,2025-06-11,2025-12-31,f,819,4762800,8,,2025-07-23 06:42:18,62ddcd0e-0e05-4aaa-a12b-72bee0fe5655
4939,SO1 Capacity Building and skills Upscaling P1 - 04. - 09.2025,2025-04-01,2025-09-30,f,808,1332000,8,4854,2025-08-22 06:55:54,17d4630b-da35-4190-bebc-f8e88ed37cfb
4995,WP1 - Provision of value-added services to clients 2025,2025-07-01,2025-12-31,f,827,,8,4991,2025-05-14 07:10:13,d12a63fa-b067-4e03-8e8e-ddb3f57dd466
4997,"WP3 - Networking, learning and development 2025",2025-07-01,2025-12-31,f,827,,8,4991,2025-05-14 07:11:01,4bbf6488-fd26-4571-8b20-c23c4e0197ed
4998,"WP4 - Networking, learning and development 2025",2025-07-01,2025-12-31,f,827,,8,4991,2025-05-14 07:11:52,d2fdd16f-c590-4b4c-a870-5894a7f19364
4999,WP5 - Project Management 2025,2025-07-01,2025-12-31,f,827,,8,4991,2025-05-14 07:12:43,30b9f4d5-81b5-4b40-9b19-89c1290dede3
5000,WP1 - Provision of value-added services to clients 2026,2026-01-01,2026-12-31,f,827,,8,4992,2025-05-14 07:13:31,d9879ba4-3a1c-4ceb-ad67-3b3c5e0b50c3
5001,WP2 - Promotion of the Network and communication 2026,2026-01-01,2026-12-31,f,827,,8,4992,2025-05-14 07:14:07,02c660f2-0533-40b1-af07-20a0f20d2ff8
5002,"WP3 - Networking, learning and development 2026",2026-01-01,2026-12-31,f,827,,8,4992,2025-05-14 07:14:35,db88c8ad-6b22-4987-8570-463b0405a93f
5003,"WP4 - Networking, learning and development 2026",2026-01-01,2026-12-31,f,827,,8,4992,2025-05-14 07:15:13,3a2feaa2-ce36-40af-9f17-d4094ee05d41
5006,WP2 - Promotion of the Network and communication 2027,2027-01-01,2027-12-31,f,827,,8,4993,2025-05-14 07:17:08,2c9409ac-c6d1-4d44-a42e-8bc3bd349127
5007,"WP3 - Networking, learning and development 2027",2027-01-01,2027-12-31,f,827,,8,4993,2025-05-14 07:17:34,536784b9-e974-4929-826e-1b22aa5c5f8a
5008,"WP4 - Networking, learning and development 2027",2027-01-01,2027-12-31,f,827,,8,4993,2025-05-14 07:18:07,ce4a8e8b-a433-40e8-b0f0-1df008d925eb
5009,WP5 - Project Management 2027,2027-01-01,2027-12-31,f,827,,8,4993,2025-05-14 07:18:32,fa86a81b-3b2c-41bb-ba2a-2596ed509db7
5011,WP2 - Promotion of the Network and communication 2028,2028-01-01,2028-12-31,f,827,,8,4994,2025-05-14 07:20:07,249ccfb0-b67c-4042-bd09-77179512fdf2
5012,"WP3 - Networking, learning and development 2028",2028-01-01,2028-12-31,f,827,,8,4994,2025-05-14 07:21:26,e08bfa53-0295-46b1-b3a0-979ff0ec2a9e
5013,"WP4 - Networking, learning and development 2028",2028-01-01,2028-12-31,f,827,,8,4994,2025-05-14 07:22:20,f422c2af-546b-4795-aa34-09f7d504f014
5015,WP Planung 2025,2025-06-01,2025-12-31,f,828,,8,,2025-05-23 09:52:02,3920ecd7-a0cd-432c-a5a0-1a760c58eb05
5016,Ausgaben 2025,2025-01-01,2025-12-31,f,774,,8,,2025-05-25 11:44:50,9a3c2563-4f82-43e8-9f92-7f6c610b704b
5005,WP1 - Provision of value-added services to clients 2027,2027-01-01,2027-12-31,f,827,,8,4993,2025-05-26 06:14:18,1c61e329-b62f-4d10-b475-ff3eeb1870d2
5010,WP1 - Provision of value-added services to clients 2028,2028-01-01,2028-12-31,f,827,,8,4994,2025-05-26 06:14:25,a6e2e7fb-f78e-4fd1-8a95-fe6cec047abc
5004,WP5 - Project Management 2026,2026-01-01,2026-12-31,f,827,,8,4992,2025-05-26 06:17:06,f9066407-93df-42d9-9871-1e5e4628ddbb
5014,WP5 - Project Management 2028,2028-01-01,2028-12-31,f,827,,8,4994,2025-05-26 06:17:10,c15177ce-8bbf-49a1-a530-23f3984d08e4
5018,Operativ,2023-11-01,2026-10-31,f,717,,8,,2025-05-27 07:48:10,7bfe942e-3db5-433d-b36e-3fcee340a2e3
5022,"WP7 - Communication, dissemination, exploitation and stakeholder engagement",2025-06-01,2028-11-30,f,824,12384000,8,,2025-06-03 12:56:39,a5ed0dba-66e8-4b8c-8099-e7f75141a841
5023,WP8 - Management,2025-06-01,2028-11-30,f,824,5673600,8,,2025-06-03 12:57:11,cae5772b-0e4a-4c9f-ba11-c8eae29ef3eb
5024,35 Jahre SEZ,2025-01-01,2025-06-30,f,572,,8,4377,2025-06-04 11:31:55,3103693c-98f3-40a4-bb2d-998e923b7ab5
5025,Kommunikation SEZ,2025-01-01,2025-06-30,f,572,,8,4377,2025-06-04 11:32:46,0b42c9f8-3ac6-43fa-a57e-0e53db356118
5026,BERATUNG: SASS zu DINAMIC Danube,2025-01-01,2027-03-31,f,831,,8,,2025-06-24 09:42:13,c1bfe460-fc3a-4844-98b0-6458c4ce62dc
5027,BERATUNG: Rudolfovo zu DINAMIC Danube,2025-01-01,2027-05-31,f,832,,8,,2025-06-24 09:45:06,b6410ca8-9bd1-4c4d-8c03-486b6728d83e
5028,BERATUNG: FIS zu SMILE Incubator,2025-01-01,2027-05-31,f,833,,8,,2025-06-24 09:48:33,6b646202-987a-4916-a4f9-a1b9266efaed
5029,BERATUNG: RUDOLFOVO zu SMILE Incubator,2025-01-01,2027-05-31,f,834,,8,,2025-06-24 09:49:58,08cbc3f8-ab56-4808-ba2c-0e9172e52a98
5030,BERATUNG: SASS zu SMILE Incubator,2025-01-01,2027-03-31,f,835,,8,,2025-06-24 09:51:31,b1235d4a-62ec-4335-8992-9329da40c0ee
5017,Ukrainische Delegation Umsetzung,2025-05-01,2025-09-30,f,829,,9,,2025-09-01 09:14:14,876bd275-4258-4543-a9ff-2c874a4db255
5041,IO,2025-01-01,2025-12-31,f,816,,8,,2025-07-15 13:26:24,8ad0651f-8523-43ed-bdce-30c104ab4758
5034,Full-Flight-REBEL-TU-Clausthal-One-stage-UpfrontFee-HORIZON-CL5-2025-02-D2-03,2025-06-01,2025-09-30,f,841,3600,8,,2025-07-02 08:37:06,c8ced3bd-29a3-416e-9ec7-d3dbe7e1b91c
5033,Full-Flight-Microfactories-DITF-One-stage-UpfrontFee-HORIZON-CL4-INDUSTRY-2025-01-MATERIALS-31,2025-06-01,2025-09-30,f,840,3600,8,,2025-07-02 08:35:45,4b203c48-beef-44f1-b32d-9a1449097218
5035,Full-Flight-THALAMUS-UVIGO-One-stage-UpfrontFee-HORIZON-CL4-2025-04-DATA-02,2025-06-01,2025-09-30,f,843,3600,8,,2025-07-02 08:37:54,d6f123fe-66fc-4553-88a5-45cde7da643c
5036,Review-ReWind-SE-C-IKE-One-stage-UpfrontFee-HORIZON-CL5-2025-02-D2-03,2025-06-01,2025-09-30,f,839,3600,8,,2025-07-02 08:39:17,fe606731-9002-4f33-81c1-d5db28a57c80
5038,Review-SPARTAN-TU-BAF-One-stage-UpfrontFee-HORIZON-CL4-2025-INDUSTRY-MATERIALS-01-62,2025-06-01,2025-09-30,f,844,3600,8,,2025-07-02 08:40:09,cd3c57e1-8ba4-433c-b1df-5e46b855f31e
5037,Review-Salome-TU-Clausthal-One-stage-FixedFee-HORIZON-CL4-INDUSTRY-2025-01-TWIN-TRANSITION-36,2025-06-01,2025-09-30,f,838,3600,8,,2025-07-02 08:40:44,c7479c4e-9d81-4545-abc2-9631aea8675d
5031,BERATUNG: Rudolfovo zu RuBIO,2024-06-01,2027-05-31,f,836,,8,,2025-07-07 07:37:48,bdbd4564-e0f5-4518-a511-2ddfde29b323
5040,IO,2025-01-14,2025-02-04,f,812,,8,,2025-07-15 13:19:58,433161a4-26bc-43ae-87e8-f30fd03c2b35
5042,IO,2025-01-01,2025-12-31,f,823,,8,,2025-07-15 13:27:59,6d513350-8e29-4ff0-a0be-ac67e03f8702
5043,IO,2025-01-01,2025-12-31,f,842,,8,,2025-07-15 13:31:03,f62bb234-246c-4455-be27-3706d99df191
5044,IO,2025-01-01,2025-12-31,f,840,,8,,2025-07-15 13:31:57,f12ff20f-04bd-4be6-ab0e-0c656491a02e
5045,IO,2025-01-01,2025-12-31,f,841,,8,,2025-07-15 13:32:34,db7727e4-10ac-497e-aadf-892a893edab4
5046,IO,2025-01-01,2025-12-31,f,843,,8,,2025-07-15 13:33:20,2ed43748-02e2-47b6-9130-64cd942333f6
5049,EEN2EIC 2025 Verlängerung Planung,2025-09-01,2025-12-31,f,637,,8,,2025-07-17 13:59:04,1f483d56-e3d6-4090-a9e7-871dc7f1868d
5050,EU-KONFORM-FullFlight-HOLISTIC-UpfrontFee-HORIZON-HLTH-2025-01-DISEASE-06 (#720954),2025-01-01,2025-12-31,f,837,,8,,2025-07-18 14:21:19,def27b9a-f916-4602-b16b-ff4210e2a030
5048,EEN2EIC 2026 - Planung,2026-01-01,2026-08-31,f,637,,8,,2025-07-17 13:57:49,6f5c667c-7c71-4afe-9496-1c89013d99ae
5051,2025 Akquise/Business Aufgabe,2025-01-01,2025-12-31,f,259,,8,,2025-07-21 09:58:55,31035b76-edf3-4640-b590-5f8a246ad76c
5052,2026 Akquise/Business Aufgabe,2026-01-01,2026-12-31,f,259,,8,,2025-07-21 09:59:02,f22dc048-5554-4739-9b52-fc90cad0ad01
5053,EU-KONFORM: EIC Pathfinder Open 2025 PSI (#720947),2025-01-01,2025-12-31,f,830,,8,,2025-07-21 13:50:23,18627363-a4a4-4fb2-bbb4-c3542edefc32
5054,PLANUNG BioSmart-TUE-One-stage-FixedFee-HORIZON CL5 D3-02-03 (#720929),2025-01-01,2025-12-31,f,812,,8,,2025-07-22 16:23:39,c21fc367-ae5c-422a-8b42-06392c2ce89d
5055,WM-KMU 2026,2026-01-01,2026-12-31,f,819,7146000,8,,2025-07-23 06:43:18,9f315c15-e116-4d8f-92b1-e19066e7b9ea
5056,WM-KMU 2027,2027-01-01,2027-12-31,f,819,7146000,8,,2025-07-23 06:44:09,7e8e1ef9-2765-4994-8a3f-062bbf13ce4d
5057,WM-KMU 2028,2028-01-01,2028-04-30,f,819,2383200,8,,2025-07-23 06:44:42,a6fdd1e9-0566-4f76-9ebe-c5bf9e297598
5058,WP Planung 2025,2025-01-01,2025-12-31,f,845,,9,,2025-07-30 14:28:01,0383ced6-55ce-458b-b86d-6561e30994cf
5020,WP6 Safe and sustainable by design assessments,2025-09-01,2029-05-31,f,828,259200,8,,2025-09-18 12:32:52,ba58fea6-c64b-4803-b9e4-c1dc4507113d
5019,"WP7 Communication, dissemination, stakeholder engagement, exploitation and replication",2025-06-01,2029-05-31,f,828,12384000,8,,2025-09-18 12:32:59,f30bfe30-912b-4b99-adce-f8f46bb6cb5d
5021,WP8 Management,2025-06-01,2029-05-31,f,828,774000,8,,2025-09-18 12:33:04,63bb22fe-27c4-4ece-a9ac-7b07c8a805a1
5039,Planung 26,2026-01-01,2026-12-31,f,809,,8,,2025-09-29 14:21:46,06e50bb9-2bea-4f64-b782-ab54fc425da3
5061,Vanguard KI Pilot 2025,2025-01-01,2025-12-31,f,629,,8,,2025-08-06 10:28:46,137a333b-690e-4336-bdb9-d664e54ba41f
5062,WP5,2025-01-01,2025-12-31,f,847,172800,8,,2025-08-06 16:44:39,cfc872c2-d272-4a3a-bdaf-654f2caf1e7c
5063,EU-KONFORM-NovisGmbH-OneStage-Erfolgsbasiert-HORIZON-CL5-2026-02-D3-24 (#720965),2025-01-01,2025-12-31,f,848,,8,,2025-08-07 14:31:13,0b722a84-8776-4592-8aa1-d8b119b0714f
5119,P4.2 Impact,,,f,848,,8,,2025-09-03 09:37:47,806b6e5c-45ff-431e-abe6-f1dfa482217c
5066,P3.3 Admin- Budget,,,f,842,,8,5032,2025-08-07 15:44:40,d9ff8c94-f86d-4812-b4a0-dec3fd1ec7de
5064,P2 Concept development,,,f,842,,8,5032,2025-08-07 15:45:36,d147d2ae-9363-4dca-8e81-0481830879e7
5065,P3.1-2 Admin- General and participants,,,f,842,,8,5032,2025-08-07 15:45:52,319120eb-f96c-4efe-a6b0-a9534b3a5592
5067,P3.4 Admin-Others,,,f,842,,8,5032,2025-08-07 15:46:21,b4eb9f5d-1043-477c-82c5-23195d243c58
5068,P4.1 Excellence,,,f,842,,8,5032,2025-08-07 15:50:26,f31d7940-127e-4fb6-91f7-f056568d2aca
5069,P4.2 Impact,,,f,842,,8,5032,2025-08-07 15:52:52,bcc85096-7d1d-493d-bdf8-981a3cdb0bbc
5070,P4.3 Implementation,,,f,842,,8,5032,2025-08-07 15:53:15,ba329551-4f90-43bf-a59a-9d4ea199d6ef
5071,P4.4 Annexes,,,f,842,,8,5032,2025-08-11 09:16:38,a53037ae-ed8f-42d2-8853-e3fdc1a05580
5073,Visualisation,,,f,842,,8,5032,2025-08-11 09:18:18,beb420b0-2f44-42c0-9465-28d454abccfe
5075,Project meetings,,,f,842,,8,5032,2025-08-11 09:19:13,91f2d686-8c87-4344-9a25-633c50b39471
5076,P5 Quality Control,,,f,842,,8,5032,2025-08-11 09:29:03,7b3cceb8-fd71-4760-83a3-36eac88f4101
5032,Full-Flight-LICUREE-TU-BAF-One-stage-UpfrontFee-HORIZON-CL4-2025-INDUSTRY-MATERIALS-01-62,2025-06-01,2025-09-30,f,842,3600,8,,2025-08-11 09:30:05,f97fa6d4-ee49-4d8d-9506-a2703061b5b9
5077,P2 Concept development,,,f,840,,8,5033,2025-08-11 09:40:46,58d9e07e-1359-4003-a3d1-f2ec0bc7a3ad
5078,P3.1-2 Admin- General and participants,,,f,840,,8,5033,2025-08-11 09:41:10,f56a21b4-5a88-452e-ba23-a3f6464ce9bd
5079,P3.3 Admin- Budget,,,f,840,,8,5033,2025-08-11 09:41:24,51acfd74-0f6f-4acb-bb12-096b8eec3b27
5080,P3.4 Admin-Others,,,f,840,,8,5033,2025-08-11 09:55:21,69997fb9-5ba1-47f4-9301-1b32351785df
5081,P4.1 Excellence,,,f,840,,8,5033,2025-08-11 09:55:54,e81e717f-e554-456a-9295-6f9492d8956f
5082,P4.2 Impact,,,f,840,,8,5033,2025-08-11 09:56:13,4824a19d-b9fd-404d-92a1-239d79f1be94
5083,P4.3 Implementation,,,f,840,,8,5033,2025-08-11 09:56:31,74acb0db-21bb-40c8-9d41-d5aaad83bf54
5084,P4.4 Annexes,,,f,840,,8,5033,2025-08-11 09:56:50,f44134ad-1a72-4716-8c94-e51d969dda14
5085,P5 Quality Control,,,f,840,,8,5033,2025-08-11 09:57:13,6f26c4f8-b0f5-4fdb-bf3f-8a7becbf29a1
5086,Visualisation,,,f,840,,8,5033,2025-08-11 09:57:36,3a245702-fcd6-40cc-8a8a-888da8d6a6a2
5087,Project meetings,,,f,840,,8,5033,2025-08-11 09:57:53,e4c5eaf8-7e29-4474-88be-5a85785bcac8
4377,WP3 Promotion and communication (ex events) (2025),2025-01-01,2025-06-30,f,572,3797100,8,4369,2025-08-18 11:46:47,2539252f-b514-47cc-8cc7-e8671e7214b6
5090,AdminSupport_Only-NimbleEY3D,2025-07-01,2025-10-02,f,853,36000,8,,2025-08-21 09:06:58,1a7acc82-32cb-4020-b4d2-f077178f14d1
5089,VisualsUpgrade-ReWind-SEC-IKE,2025-07-01,2025-10-02,f,854,72000,8,,2025-08-21 09:22:21,4dc4270b-e2e5-4cd0-8d21-c8152139d0b7
5091,Project meetings,,,f,841,,8,5034,2025-08-21 17:52:47,1e7b9e26-73db-4f2b-9e9a-4a420025b784
5120,P4.3 Implementation,,,f,848,,8,,2025-09-03 09:39:09,090650f1-811c-4c33-9c23-97e3fc941e68
5092,WP4 2025,2025-01-01,2025-12-31,f,852,172800,8,,2025-08-22 15:05:29,7b870795-b04e-4861-a92a-b768add3f815
5088,WP6 Communication & Clustering among projects 2025,2025-01-01,2025-12-31,f,850,,9,,2025-09-01 09:58:59,78fa2618-bf73-4d58-8095-3d60ea384147
5093,P2 Concept development,,,f,841,,8,,2025-09-02 21:05:05,4994166b-69ba-457c-a6c7-a7b6d15e9c16
5094,P3.1-2 Admin- General and participants,,,f,841,,8,,2025-09-02 21:06:57,36f0acdb-28de-4739-afbe-e38ac4bf56b8
5095,P3.3 Admin- Budget,,,f,841,,8,,2025-09-02 21:07:38,c3df2725-3bbf-4279-b358-5b29999fb111
5096,P3.4 Admin-Others,,,f,841,,8,,2025-09-02 21:08:26,79f7dbcc-6339-4730-8b21-122e02851d9b
5097,P4.1 Excellence,,,f,841,,8,,2025-09-02 21:09:06,08573d9a-1bc2-46e8-bca8-aa0293a08c85
5098,P4.2 Impact,,,f,841,,8,,2025-09-02 21:10:11,6c2a6668-09d6-4f0a-94c2-342e9c21a28d
5099,P4.3 Implementation,,,f,841,,8,,2025-09-02 21:10:54,57f89a11-72b0-41fe-8509-18cde8877ee1
5101,P5 Quality Control,,,f,841,,8,,2025-09-02 21:12:24,9bb1a589-19d4-4bd9-85c3-7f0738452b2f
5102,Visualisation,,,f,841,,8,,2025-09-02 21:13:29,3fb0726b-6d75-4fc1-91cf-df73265227c8
5103,P2 Concept development,,,f,843,,8,,2025-09-02 21:16:05,7d40e1f2-e619-460b-8e65-dafef7517a49
5104,P3.1-2 Admin- General and participants,,,f,843,,8,,2025-09-02 21:17:39,5632144a-e5e5-4fcb-bb1a-1de0d6b5cf51
5105,P3.3 Admin- Budget,,,f,843,,8,,2025-09-02 21:18:16,5bc0dd2c-867e-45cb-8e4e-1853c49ff85d
5106,P3.4 Admin-Others,,,f,843,,8,,2025-09-02 21:19:00,f7680363-713e-4814-9338-67e54fec5bc1
5107,P4.1 Excellence,,,f,843,,8,,2025-09-02 21:19:44,e2deb56f-9962-43be-a4a1-7d481d236d2a
5108,P4.2 Impact,,,f,843,,8,,2025-09-02 21:20:19,70723d54-9d19-4446-919c-aa5d1d01f861
5109,P4.3 Implementation,,,f,843,,8,,2025-09-02 21:20:52,4a84b2cc-a460-449e-9504-6789b5c37815
5110,P5 Quality Control,,,f,843,,8,,2025-09-02 21:21:21,c80bdd83-9033-436b-9cdc-6d9af776d895
5111,Visualisation,,,f,843,,8,,2025-09-02 21:22:06,1fd31f7d-f332-41ac-a135-0f9db1f5eade
5112,"Project meetings (Consortium, coordination, internal)",,,f,843,,8,,2025-09-02 21:22:45,0ba20dea-3aa0-456d-8cd9-7a00dea7cde0
5113,"Project meetings (Consortium, coordination, internal)",,,f,837,,8,,2025-09-02 21:23:34,4d938270-8f18-47e6-9196-ba14618d6039
5114,P2 Concept development,,,f,848,,8,,2025-09-03 09:37:03,676907e4-82e2-4173-ad40-c9709d85a134
5115,P3.1-2 Admin- General and participants,,,f,848,,8,,2025-09-03 09:37:14,9fd8061e-b47f-4c55-9978-ada06791bc8f
5116,P3.3 Admin- Budget,,,f,848,,8,,2025-09-03 09:37:21,bd7f8414-d3a7-4609-af47-37c1d41dad41
5117,P3.4 Admin-Others,,,f,848,,8,,2025-09-03 09:37:26,f770a32c-b148-4caf-aca4-b1a2bf297634
5118,P4.1 Excellence,,,f,848,,8,,2025-09-03 09:37:39,d25d9913-2ec8-4a8e-9955-67a770f9d926
5121,P4.4 Annexes,,,f,848,,8,,2025-09-03 09:39:19,b855b8e8-bc56-4388-bbbb-465c737f4994
5122,P5 Quality Control,,,f,848,,8,,2025-09-03 09:39:27,2413c500-eb04-4a8a-8dcb-a02929ea0ef9
5123,Visualisation,,,f,848,,8,,2025-09-03 09:39:37,f2554a58-8c54-4b38-bf95-d791d70dd291
5124,"Project meetings (Consortium, coordination, internal)",,,f,848,,8,,2025-09-03 09:39:47,a8d1b1d7-4086-479b-bfe3-24870901f501
5125,Review and feedback meeting,,,f,838,,8,5037,2025-09-03 09:43:04,3d04a4f6-f3a3-4dc4-9bb4-26739cca2395
5126,WP Planung 2026,2026-01-01,2026-06-30,f,738,,8,,2025-09-03 11:04:48,86fabd28-6ef5-4434-916a-81852fe7a053
5127,WP Planung 2026,2026-01-01,2026-02-28,f,694,,8,,2025-09-03 11:09:12,babe2997-0e34-4de4-be0d-78f3b7c6c126
5128,WP Planung 2026,2026-01-01,2026-06-30,f,739,,8,,2025-09-03 11:11:49,5fac6abe-2512-4042-b5d2-b94bbec1e19b
5129,Review-Salome-VisualsUpgradeAddOn,2025-09-01,2025-09-23,f,838,64800,8,,2025-09-03 16:26:45,72a757d2-eb84-45cc-9842-1c61915e487e
5130,VisualsUpgrade-TiBeRIUM-SEC-IKE-One-stage-HORIZON-CL4-2025-INDUSTRY-MATERIALS-01-62,2025-09-01,2025-09-23,f,855,72000,8,,2025-09-08 09:27:42,5fd31090-380a-4e04-8bcb-6044a6b92e93
3541,Flashphos - 2025-2026,2025-01-01,2025-04-30,f,571,,9,3536,2025-09-11 12:43:51,eea5a0cc-9cd4-491d-9b53-26df04906bc2
5134,WP Planung 2026,2026-01-01,2026-06-30,f,650,,8,,2025-09-12 07:17:49,75867441-823c-4478-a0ba-c3c854264f90
5135,WP Planung 2026,2026-01-01,2026-04-30,f,749,,8,,2025-09-12 07:21:33,0978556f-a1cf-46e7-8c3e-5ecb0a8911b8
5136,WP Planung 2026,2026-01-01,2026-12-31,f,805,,8,,2025-09-12 07:24:06,959db079-cf56-4a39-83c3-fa03a0f0b1ed
5137,WP Planung 2026,2026-01-01,2026-12-31,f,808,,8,,2025-09-12 07:26:27,fdcea0a6-5509-480b-bba0-6a3aa89d2d9e
5132,WP5 Exploitation,2026-01-01,2029-08-31,f,856,9810000,8,,2025-09-17 07:12:37,7c40e7e8-4741-4d5c-be0b-0d8e7c315715
5133,WP6 Management,2026-01-01,2029-08-31,f,856,1033200,8,,2025-09-17 07:12:58,366aa316-da8d-4fd3-9b69-c03626bea200
5138,WP Planung 2026,2026-01-01,2026-12-31,f,807,,8,,2025-09-12 07:28:18,6f0fc6dd-4998-49e7-bf7f-2e71873f5a5f
5139,WP Planung 2026,2026-01-01,2026-12-31,f,806,,8,,2025-09-12 07:30:13,e3ce97f6-48e0-4765-9d9e-43b36d0a0911
5140,WP Planung 2026,2026-01-01,2026-12-31,f,781,,8,,2025-09-12 07:32:29,306d155b-ec60-4336-9809-a55c62ddefe0
5141,WP Planung 2026,2026-01-01,2026-12-31,f,809,,8,,2025-09-12 07:54:16,5d4dc3a5-8df9-4b45-8db7-4b7e20d9f4fc
5142,WP Planung 2026,2026-01-01,2026-12-31,f,690,,9,,2025-09-12 07:56:49,a2ddab17-6b73-461c-bf1b-a6af0050ecb7
5131,WP Planung 2026,2026-01-01,2026-12-31,f,856,,8,,2025-09-17 07:12:16,ff489f1f-d0f8-4081-b424-10466f8d06dc
4804,WP2 2025 RP2 - Testing the methodology for a Manufacturing 5.0,2025-03-01,2025-08-31,f,781,1006200,8,,2025-10-16 15:51:24,ec9c6d2e-2f44-4c57-b8b8-53f8bf05ee14
5144,SIG GK-PK Anteil 2025,2025-01-01,2025-12-31,f,294,,8,,2025-09-17 14:05:51,dcd6b1db-038a-416a-a39d-c6632e96993d
4063,WP6 Communication 24-25,2024-01-01,2025-08-31,f,614,,9,3919,2025-09-18 09:41:11,3ffa8ed3-4daa-4cca-815e-6891f8e2c544
5143,EEN Expert 2025,2025-01-01,2025-06-30,f,573,,9,,2025-09-23 15:30:47,c6bd972c-910a-497a-ad5a-c67152cedf34
5145,SCEWC,2025-09-01,2025-12-31,f,858,,8,,2025-09-24 14:29:34,1ebe6bde-3252-4da4-948f-497a5de42207
5149,"WP6 Communication, Dissemination, and Exploitation Activities",2025-09-01,2029-08-31,f,809,,8,,2025-09-29 14:02:08,b5ca84ec-1129-4c8a-8ed8-8880a8bd8993
5152,WP6,2025-09-01,2025-09-30,f,859,115200,9,,2025-09-26 13:14:42,6d1f6c18-b045-4e5e-ad97-83e0d5a57423
5153,WP8,2025-01-01,2025-12-31,f,860,288000,9,,2025-09-26 15:07:59,985c8aa2-ce9b-4bf2-ba58-e4890585e0e5
5154,Planung,2026-01-01,2026-12-31,f,658,,8,,2025-09-26 16:01:23,405a101c-82ee-478f-a0ab-649bdf57e7f4
5155,Planung 2026,2026-01-01,2026-12-31,f,624,,9,,2025-09-29 07:28:48,74340971-c133-4fce-9953-ec8d0bd86b1b
5156,2026 noch auf WP zu verteilen,2026-01-01,2026-12-31,f,651,,8,,2025-09-29 07:31:07,30152ceb-372a-4b10-a7ba-6b4082ed9995
5157,PLANUNG 2026,2026-01-01,2026-12-31,f,754,,8,,2025-09-29 07:32:53,824bc0c2-5ad3-4822-8e00-7a04927abbee
5158,PLANUNG 2026,2026-01-01,2026-12-31,f,568,,9,,2025-09-29 07:34:54,be6be163-0b4d-4be5-bb82-db14e00d0706
5159,PLANUNG 2026,2026-01-01,2026-12-31,f,628,,8,,2025-09-29 07:36:07,b90977b8-5832-45b9-a6da-d1fbf60a5042
5160,PLANUNG 2026,2026-01-01,2026-12-31,f,704,,9,,2025-09-29 07:37:25,db2aeec5-291e-4e4c-ae00-d458edeab8c3
5161,PLANUNG 2026,2026-01-01,2026-12-31,f,654,,8,,2025-09-29 07:38:29,c70788bf-1f69-4498-b7ae-eacbb8f81937
5162,PLANUNG 2026,2026-01-01,2026-12-31,f,592,,9,,2025-09-29 07:39:43,e237c0db-3da8-4236-bebc-668e4def713d
5164,Planung 2026,2026-01-01,2026-12-31,f,655,,8,,2025-09-29 07:42:52,85a0efa7-7d3b-47ff-bf93-cbdd377b54c3
5165,Planung 2026,2026-01-01,2026-12-31,f,626,,9,,2025-09-29 07:43:49,2d2f31d0-ae1a-453d-b52a-3d79eafcbe31
5166,PLANUNG 2026,2026-01-01,2026-12-31,f,656,,9,,2025-09-29 07:44:44,a04881b7-ac97-411c-a95c-abef4fca9c61
5167,PLANUNG 2026,2026-01-01,2026-12-31,f,687,,9,,2025-09-29 07:50:36,5c4f4542-ed2e-4a98-a25c-5d3d332181fe
5169,"WP4 Knowledge creation, capacity building, and training materials",2025-01-01,2025-12-31,f,849,,9,,2025-09-29 08:20:26,04ef1d49-5697-4f1a-af58-21243e92b13f
5170,WP6 D & C & E,2025-01-01,2025-12-31,f,851,,8,,2025-09-29 09:21:57,82865096-f3b6-4e33-a492-5dabd7c01f6b
5189,WP1 Coordination & Management,2025-04-01,2028-03-31,f,813,515700,8,,2025-10-21 08:58:24,84bba2e5-df43-4bfd-8fc1-2a7c38c12503
5150,"WP7 Integration with EU Initiatives for Oceans, Seas, and Waters Restoration",2025-09-01,2029-08-31,f,809,,8,,2025-09-29 14:09:51,a907b59f-3780-4ad9-97ae-d0f043c25e59
5190,"WP5 Policy Modelling, Scenario Analysis and Recommendations",2025-04-01,2028-03-31,f,813,3611700,8,,2025-10-21 09:00:07,f05edf84-ad53-431b-a7d3-8c912489fcd8
5151,WP8 Management of the calls for financial support to third parties,2025-09-01,2029-08-31,f,809,,8,,2025-09-29 14:10:10,86489bb5-d512-4dec-b11d-3c4e46b1979b
5191,WP6 Communication & Clustering among projects,2025-04-01,2028-03-31,f,813,6192000,8,,2025-10-21 09:01:17,df3d8e74-0a69-4ba1-8eb7-9086e7a16903
5148,WP5 Monitoring and support CLed and TAg impact assessment,2025-09-01,2029-06-30,f,809,,8,,2025-09-29 14:17:34,ecee63e5-b52a-417c-bc80-cb569027a2f1
5171,WP2 Support the Implementation of community-led actions,2026-08-01,2029-04-30,f,809,,8,,2025-09-29 14:19:45,f39a7fdb-e30c-4f66-a532-b67dc2d1fc17
5181,WP6 Innovation Ecosystem and Networking,2026-02-01,2029-01-31,f,861,7740000,8,,2025-10-09 12:11:20,692f4b36-dd8f-42fe-9bf9-c9dbefa5af59
5172,WP3 Support the Development of the Transition Agendas,2026-10-01,2029-02-28,f,809,,8,,2025-09-29 14:20:26,f194df15-70cd-4846-9dd4-519c2b0cb8d1
5174,WP1 Project Management and Coordination,2026-02-01,2029-01-31,f,861,2062800,8,,2025-10-09 12:13:04,1ea5eef9-e033-46b5-9711-491250e60810
5176,WP2 Road mapping and evaluation,2026-02-01,2029-01-31,f,861,2836800,8,,2025-10-09 12:13:28,bb5d020d-61fe-4d28-bf81-8dbacd38666e
5192,CallScreening-PIT-2025 (#720979),2025-06-02,2025-10-15,f,862,14400,8,,2025-10-21 16:59:50,fe675e7a-722e-4102-b491-e5d33a2708af
5180,WP5 Support to find investment,2026-02-01,2029-01-31,f,861,2581200,8,,2025-10-09 12:13:52,d8ae46a0-6846-4509-b660-47b814cb3c5e
5182,WP7 Dissenination and Communication,2026-02-01,2029-01-31,f,861,2062800,8,,2025-10-09 12:14:13,fde02c75-1bb0-4a54-8003-4954357d8f68
5183,Planung,2026-02-01,2026-12-31,f,861,,8,,2025-10-09 12:24:46,2d94a0ff-a7d5-4077-8527-c8ae89f096d9
5146,WP1 Project Management and Coordination,2025-09-01,2029-08-31,f,809,,8,,2025-09-29 14:00:47,1b7848ba-a2c2-4961-b938-a66216e88a6d
5147,WP4 Support the Development of Learning Community Approaches,2025-09-01,2029-08-31,f,809,,8,,2025-09-29 14:01:12,2d3121bb-de21-45dc-8cdd-6c252de0ef46
5184,Planung 2026,2026-01-01,2026-02-28,f,721,,8,,2025-10-11 13:16:33,b751e0b5-46bf-44b2-aaa6-0c028de3ac0d
5185,SO3 Networking&Policy Support - P2 - 01.10.2025-31.12.2025,2025-10-01,2025-12-31,f,808,196200,8,4854,2025-10-13 08:00:45,e9604f57-26f2-4bb0-9216-7b200cec389d
5193,FeasibilityCheck_EWMA_2025 (#720980),2025-10-20,2025-11-07,f,863,14400,8,,2025-10-21 17:03:07,acbd8bfd-a08d-4a97-aa85-52efc5304e41
5173,SO2 Innovation Fostering,2026-04-01,2026-09-30,f,808,,8,4854,2025-10-13 08:02:25,145cf15d-7cc4-4b26-bd68-30c4a099abc4
5186,SUCCESS FEE: PEMPIRE (#720974),2025-01-01,2026-12-31,f,857,,8,,2025-10-14 14:17:21,5b26d478-64a5-41dd-811c-d6bd307e2167
5187,SUCCESS FEE: PEMPIRE (#720974) 2025,2025-01-01,2025-12-31,f,857,,8,5186,2025-10-14 14:17:46,522c95f9-bbe7-414c-9907-ec973119b11e
5188,SUCCESS FEE: PEMPIRE (#720974) 2026,2026-01-01,2026-12-31,f,857,,8,5186,2025-10-14 14:18:03,4c5472cf-c512-45dc-a770-311a9e30dee2
