du_id,entity_code,pers_nr_short,month,du_id_ref,match_ok
45,,,2024-01-01T00:00:00Z,138,FALSE
45,,,2024-01-01T00:00:00Z,368,FALSE
45,,,2024-01-01T00:00:00Z,140,FALSE
45,,,2024-01-01T00:00:00Z,369,FALSE
45,,,2024-01-01T00:00:00Z,139,FALSE
45,,,2024-01-01T00:00:00Z,125,FALSE
45,,,2024-01-01T00:00:00Z,136,FALSE
45,,,2024-01-01T00:00:00Z,141,FALSE
45,,,2024-01-01T00:00:00Z,143,FALSE
45,,,2024-01-01T00:00:00Z,137,FALSE
45,,,2024-01-01T00:00:00Z,142,FALSE
45,,,2024-01-01T00:00:00Z,370,FALSE
45,,,2024-01-01T00:00:00Z,371,FALSE
45,,,2024-01-01T00:00:00Z,372,FALSE
45,,,2024-01-01T00:00:00Z,330,FALSE
45,,,2024-01-01T00:00:00Z,373,FALSE
45,,,2024-01-01T00:00:00Z,211,FALSE
45,,,2024-01-01T00:00:00Z,226,FALSE
45,,,2024-01-01T00:00:00Z,233,FALSE
45,,,2024-01-01T00:00:00Z,378,FALSE
45,,,2024-01-01T00:00:00Z,377,FALSE
45,,,2024-01-01T00:00:00Z,310,FALSE
45,,,2024-01-01T00:00:00Z,379,FALSE
45,,,2024-01-01T00:00:00Z,382,FALSE
45,,,2024-01-01T00:00:00Z,381,FALSE
45,,,2024-01-01T00:00:00Z,383,FALSE
45,,,2024-01-01T00:00:00Z,385,FALSE
45,,,2024-01-01T00:00:00Z,352,FALSE
45,,,2024-01-01T00:00:00Z,353,FALSE
45,,,2024-01-01T00:00:00Z,354,FALSE
45,,,2024-01-01T00:00:00Z,144,FALSE
45,,,2024-01-01T00:00:00Z,356,FALSE
45,,,2024-01-01T00:00:00Z,357,FALSE
45,,,2024-01-01T00:00:00Z,358,FALSE
45,,,2024-01-01T00:00:00Z,355,FALSE
45,,,2024-01-01T00:00:00Z,364,FALSE
45,,,2024-01-01T00:00:00Z,365,FALSE
45,,,2024-01-01T00:00:00Z,366,FALSE
45,,,2024-02-01T00:00:00Z,138,FALSE
45,,,2024-02-01T00:00:00Z,368,FALSE
45,,,2024-02-01T00:00:00Z,140,FALSE
45,,,2024-02-01T00:00:00Z,369,FALSE
45,,,2024-02-01T00:00:00Z,139,FALSE
45,,,2024-02-01T00:00:00Z,125,FALSE
45,,,2024-02-01T00:00:00Z,136,FALSE
45,,,2024-02-01T00:00:00Z,141,FALSE
45,,,2024-02-01T00:00:00Z,143,FALSE
45,,,2024-02-01T00:00:00Z,137,FALSE
45,,,2024-02-01T00:00:00Z,142,FALSE
45,,,2024-02-01T00:00:00Z,370,FALSE
45,,,2024-02-01T00:00:00Z,371,FALSE
45,,,2024-02-01T00:00:00Z,372,FALSE
45,,,2024-02-01T00:00:00Z,330,FALSE
45,,,2024-02-01T00:00:00Z,373,FALSE
45,,,2024-02-01T00:00:00Z,211,FALSE
45,,,2024-02-01T00:00:00Z,226,FALSE
45,,,2024-02-01T00:00:00Z,233,FALSE
45,,,2024-02-01T00:00:00Z,378,FALSE
45,,,2024-02-01T00:00:00Z,377,FALSE
45,,,2024-02-01T00:00:00Z,310,FALSE
45,,,2024-02-01T00:00:00Z,379,FALSE
45,,,2024-02-01T00:00:00Z,382,FALSE
45,,,2024-02-01T00:00:00Z,381,FALSE
45,,,2024-02-01T00:00:00Z,383,FALSE
45,,,2024-02-01T00:00:00Z,385,FALSE
45,,,2024-02-01T00:00:00Z,352,FALSE
45,,,2024-02-01T00:00:00Z,353,FALSE
45,,,2024-02-01T00:00:00Z,354,FALSE
45,,,2024-02-01T00:00:00Z,144,FALSE
45,,,2024-02-01T00:00:00Z,356,FALSE
45,,,2024-02-01T00:00:00Z,357,FALSE
45,,,2024-02-01T00:00:00Z,358,FALSE
45,,,2024-02-01T00:00:00Z,355,FALSE
45,,,2024-02-01T00:00:00Z,364,FALSE
45,,,2024-02-01T00:00:00Z,365,FALSE
45,,,2024-02-01T00:00:00Z,366,FALSE
45,,,2024-03-01T00:00:00Z,138,FALSE
45,,,2024-03-01T00:00:00Z,368,FALSE
45,,,2024-03-01T00:00:00Z,140,FALSE
45,,,2024-03-01T00:00:00Z,369,FALSE
45,,,2024-03-01T00:00:00Z,139,FALSE
45,,,2024-03-01T00:00:00Z,125,FALSE
45,,,2024-03-01T00:00:00Z,136,FALSE
45,,,2024-03-01T00:00:00Z,141,FALSE
45,,,2024-03-01T00:00:00Z,143,FALSE
45,,,2024-03-01T00:00:00Z,137,FALSE
45,,,2024-03-01T00:00:00Z,142,FALSE
45,,,2024-03-01T00:00:00Z,370,FALSE
45,,,2024-03-01T00:00:00Z,371,FALSE
45,,,2024-03-01T00:00:00Z,372,FALSE
45,,,2024-03-01T00:00:00Z,330,FALSE
45,,,2024-03-01T00:00:00Z,373,FALSE
45,,,2024-03-01T00:00:00Z,211,FALSE
45,,,2024-03-01T00:00:00Z,226,FALSE
45,,,2024-03-01T00:00:00Z,233,FALSE
45,,,2024-03-01T00:00:00Z,378,FALSE
45,,,2024-03-01T00:00:00Z,377,FALSE
45,,,2024-03-01T00:00:00Z,310,FALSE
45,,,2024-03-01T00:00:00Z,379,FALSE
45,,,2024-03-01T00:00:00Z,382,FALSE
45,,,2024-03-01T00:00:00Z,381,FALSE
45,,,2024-03-01T00:00:00Z,383,FALSE
45,,,2024-03-01T00:00:00Z,385,FALSE
45,,,2024-03-01T00:00:00Z,352,FALSE
45,,,2024-03-01T00:00:00Z,353,FALSE
45,,,2024-03-01T00:00:00Z,354,FALSE
45,,,2024-03-01T00:00:00Z,144,FALSE
45,,,2024-03-01T00:00:00Z,356,FALSE
45,,,2024-03-01T00:00:00Z,357,FALSE
45,,,2024-03-01T00:00:00Z,358,FALSE
45,,,2024-03-01T00:00:00Z,355,FALSE
45,,,2024-03-01T00:00:00Z,364,FALSE
45,,,2024-03-01T00:00:00Z,365,FALSE
45,,,2024-03-01T00:00:00Z,366,FALSE
45,,,2024-04-01T00:00:00Z,138,FALSE
45,,,2024-04-01T00:00:00Z,368,FALSE
45,,,2024-04-01T00:00:00Z,140,FALSE
45,,,2024-04-01T00:00:00Z,369,FALSE
45,,,2024-04-01T00:00:00Z,139,FALSE
45,,,2024-04-01T00:00:00Z,125,FALSE
45,,,2024-04-01T00:00:00Z,136,FALSE
45,,,2024-04-01T00:00:00Z,141,FALSE
45,,,2024-04-01T00:00:00Z,143,FALSE
45,,,2024-04-01T00:00:00Z,137,FALSE
45,,,2024-04-01T00:00:00Z,142,FALSE
45,,,2024-04-01T00:00:00Z,370,FALSE
45,,,2024-04-01T00:00:00Z,371,FALSE
45,,,2024-04-01T00:00:00Z,372,FALSE
45,,,2024-04-01T00:00:00Z,330,FALSE
45,,,2024-04-01T00:00:00Z,373,FALSE
45,,,2024-04-01T00:00:00Z,211,FALSE
45,,,2024-04-01T00:00:00Z,226,FALSE
45,,,2024-04-01T00:00:00Z,233,FALSE
45,,,2024-04-01T00:00:00Z,378,FALSE
45,,,2024-04-01T00:00:00Z,377,FALSE
45,,,2024-04-01T00:00:00Z,310,FALSE
45,,,2024-04-01T00:00:00Z,379,FALSE
45,,,2024-04-01T00:00:00Z,382,FALSE
45,,,2024-04-01T00:00:00Z,381,FALSE
45,,,2024-04-01T00:00:00Z,383,FALSE
45,,,2024-04-01T00:00:00Z,385,FALSE
45,,,2024-04-01T00:00:00Z,352,FALSE
45,,,2024-04-01T00:00:00Z,353,FALSE
45,,,2024-04-01T00:00:00Z,354,FALSE
45,,,2024-04-01T00:00:00Z,144,FALSE
45,,,2024-04-01T00:00:00Z,356,FALSE
45,,,2024-04-01T00:00:00Z,357,FALSE
45,,,2024-04-01T00:00:00Z,358,FALSE
45,,,2024-04-01T00:00:00Z,355,FALSE
45,,,2024-04-01T00:00:00Z,364,FALSE
45,,,2024-04-01T00:00:00Z,365,FALSE
45,,,2024-04-01T00:00:00Z,366,FALSE
45,,,2024-05-01T00:00:00Z,138,FALSE
45,,,2024-05-01T00:00:00Z,368,FALSE
45,,,2024-05-01T00:00:00Z,140,FALSE
45,,,2024-05-01T00:00:00Z,369,FALSE
45,,,2024-05-01T00:00:00Z,139,FALSE
45,,,2024-05-01T00:00:00Z,125,FALSE
45,,,2024-05-01T00:00:00Z,136,FALSE
45,,,2024-05-01T00:00:00Z,141,FALSE
45,,,2024-05-01T00:00:00Z,143,FALSE
45,,,2024-05-01T00:00:00Z,137,FALSE
45,,,2024-05-01T00:00:00Z,142,FALSE
45,,,2024-05-01T00:00:00Z,370,FALSE
45,,,2024-05-01T00:00:00Z,371,FALSE
45,,,2024-05-01T00:00:00Z,372,FALSE
45,,,2024-05-01T00:00:00Z,330,FALSE
45,,,2024-05-01T00:00:00Z,373,FALSE
45,,,2024-05-01T00:00:00Z,211,FALSE
45,,,2024-05-01T00:00:00Z,226,FALSE
45,,,2024-05-01T00:00:00Z,233,FALSE
45,,,2024-05-01T00:00:00Z,378,FALSE
45,,,2024-05-01T00:00:00Z,377,FALSE
45,,,2024-05-01T00:00:00Z,310,FALSE
45,,,2024-05-01T00:00:00Z,379,FALSE
45,,,2024-05-01T00:00:00Z,382,FALSE
45,,,2024-05-01T00:00:00Z,381,FALSE
45,,,2024-05-01T00:00:00Z,383,FALSE
45,,,2024-05-01T00:00:00Z,385,FALSE
45,,,2024-05-01T00:00:00Z,352,FALSE
45,,,2024-05-01T00:00:00Z,353,FALSE
45,,,2024-05-01T00:00:00Z,354,FALSE
45,,,2024-05-01T00:00:00Z,144,FALSE
45,,,2024-05-01T00:00:00Z,356,FALSE
45,,,2024-05-01T00:00:00Z,357,FALSE
45,,,2024-05-01T00:00:00Z,358,FALSE
45,,,2024-05-01T00:00:00Z,355,FALSE
45,,,2024-05-01T00:00:00Z,364,FALSE
45,,,2024-05-01T00:00:00Z,365,FALSE
45,,,2024-05-01T00:00:00Z,366,FALSE
45,,,2024-06-01T00:00:00Z,138,FALSE
45,,,2024-06-01T00:00:00Z,368,FALSE
45,,,2024-06-01T00:00:00Z,140,FALSE
45,,,2024-06-01T00:00:00Z,369,FALSE
45,,,2024-06-01T00:00:00Z,139,FALSE
45,,,2024-06-01T00:00:00Z,125,FALSE
45,,,2024-06-01T00:00:00Z,136,FALSE
45,,,2024-06-01T00:00:00Z,141,FALSE
45,,,2024-06-01T00:00:00Z,143,FALSE
45,,,2024-06-01T00:00:00Z,137,FALSE
45,,,2024-06-01T00:00:00Z,142,FALSE
45,,,2024-06-01T00:00:00Z,370,FALSE
45,,,2024-06-01T00:00:00Z,371,FALSE
45,,,2024-06-01T00:00:00Z,372,FALSE
45,,,2024-06-01T00:00:00Z,330,FALSE
45,,,2024-06-01T00:00:00Z,373,FALSE
45,,,2024-06-01T00:00:00Z,211,FALSE
45,,,2024-06-01T00:00:00Z,226,FALSE
45,,,2024-06-01T00:00:00Z,233,FALSE
45,,,2024-06-01T00:00:00Z,378,FALSE
45,,,2024-06-01T00:00:00Z,377,FALSE
45,,,2024-06-01T00:00:00Z,310,FALSE
45,,,2024-06-01T00:00:00Z,379,FALSE
45,,,2024-06-01T00:00:00Z,382,FALSE
45,,,2024-06-01T00:00:00Z,381,FALSE
45,,,2024-06-01T00:00:00Z,383,FALSE
45,,,2024-06-01T00:00:00Z,385,FALSE
45,,,2024-06-01T00:00:00Z,352,FALSE
45,,,2024-06-01T00:00:00Z,353,FALSE
45,,,2024-06-01T00:00:00Z,354,FALSE
45,,,2024-06-01T00:00:00Z,144,FALSE
45,,,2024-06-01T00:00:00Z,356,FALSE
45,,,2024-06-01T00:00:00Z,357,FALSE
45,,,2024-06-01T00:00:00Z,358,FALSE
45,,,2024-06-01T00:00:00Z,355,FALSE
45,,,2024-06-01T00:00:00Z,364,FALSE
45,,,2024-06-01T00:00:00Z,365,FALSE
45,,,2024-06-01T00:00:00Z,366,FALSE
45,,,2024-07-01T00:00:00Z,138,FALSE
45,,,2024-07-01T00:00:00Z,368,FALSE
45,,,2024-07-01T00:00:00Z,140,FALSE
45,,,2024-07-01T00:00:00Z,369,FALSE
45,,,2024-07-01T00:00:00Z,139,FALSE
45,,,2024-07-01T00:00:00Z,125,FALSE
45,,,2024-07-01T00:00:00Z,136,FALSE
45,,,2024-07-01T00:00:00Z,141,FALSE
45,,,2024-07-01T00:00:00Z,143,FALSE
45,,,2024-07-01T00:00:00Z,137,FALSE
45,,,2024-07-01T00:00:00Z,142,FALSE
45,,,2024-07-01T00:00:00Z,370,FALSE
45,,,2024-07-01T00:00:00Z,371,FALSE
45,,,2024-07-01T00:00:00Z,372,FALSE
45,,,2024-07-01T00:00:00Z,330,FALSE
45,,,2024-07-01T00:00:00Z,373,FALSE
45,,,2024-07-01T00:00:00Z,211,FALSE
45,,,2024-07-01T00:00:00Z,226,FALSE
45,,,2024-07-01T00:00:00Z,233,FALSE
45,,,2024-07-01T00:00:00Z,378,FALSE
45,,,2024-07-01T00:00:00Z,377,FALSE
45,,,2024-07-01T00:00:00Z,310,FALSE
45,,,2024-07-01T00:00:00Z,379,FALSE
45,,,2024-07-01T00:00:00Z,382,FALSE
45,,,2024-07-01T00:00:00Z,381,FALSE
45,,,2024-07-01T00:00:00Z,383,FALSE
45,,,2024-07-01T00:00:00Z,385,FALSE
45,,,2024-07-01T00:00:00Z,352,FALSE
45,,,2024-07-01T00:00:00Z,353,FALSE
45,,,2024-07-01T00:00:00Z,354,FALSE
45,,,2024-07-01T00:00:00Z,144,FALSE
45,,,2024-07-01T00:00:00Z,356,FALSE
45,,,2024-07-01T00:00:00Z,357,FALSE
45,,,2024-07-01T00:00:00Z,358,FALSE
45,,,2024-07-01T00:00:00Z,355,FALSE
45,,,2024-07-01T00:00:00Z,364,FALSE
45,,,2024-07-01T00:00:00Z,365,FALSE
45,,,2024-07-01T00:00:00Z,366,FALSE
45,,,2024-08-01T00:00:00Z,138,FALSE
45,,,2024-08-01T00:00:00Z,368,FALSE
45,,,2024-08-01T00:00:00Z,140,FALSE
45,,,2024-08-01T00:00:00Z,369,FALSE
45,,,2024-08-01T00:00:00Z,139,FALSE
45,,,2024-08-01T00:00:00Z,125,FALSE
45,,,2024-08-01T00:00:00Z,136,FALSE
45,,,2024-08-01T00:00:00Z,141,FALSE
45,,,2024-08-01T00:00:00Z,143,FALSE
45,,,2024-08-01T00:00:00Z,137,FALSE
45,,,2024-08-01T00:00:00Z,142,FALSE
45,,,2024-08-01T00:00:00Z,370,FALSE
45,,,2024-08-01T00:00:00Z,371,FALSE
45,,,2024-08-01T00:00:00Z,372,FALSE
45,,,2024-08-01T00:00:00Z,330,FALSE
45,,,2024-08-01T00:00:00Z,373,FALSE
45,,,2024-08-01T00:00:00Z,211,FALSE
45,,,2024-08-01T00:00:00Z,226,FALSE
45,,,2024-08-01T00:00:00Z,233,FALSE
45,,,2024-08-01T00:00:00Z,378,FALSE
45,,,2024-08-01T00:00:00Z,377,FALSE
45,,,2024-08-01T00:00:00Z,310,FALSE
45,,,2024-08-01T00:00:00Z,379,FALSE
45,,,2024-08-01T00:00:00Z,382,FALSE
45,,,2024-08-01T00:00:00Z,381,FALSE
45,,,2024-08-01T00:00:00Z,383,FALSE
45,,,2024-08-01T00:00:00Z,385,FALSE
45,,,2024-08-01T00:00:00Z,352,FALSE
45,,,2024-08-01T00:00:00Z,353,FALSE
45,,,2024-08-01T00:00:00Z,354,FALSE
45,,,2024-08-01T00:00:00Z,144,FALSE
45,,,2024-08-01T00:00:00Z,356,FALSE
45,,,2024-08-01T00:00:00Z,357,FALSE
45,,,2024-08-01T00:00:00Z,358,FALSE
45,,,2024-08-01T00:00:00Z,355,FALSE
45,,,2024-08-01T00:00:00Z,364,FALSE
45,,,2024-08-01T00:00:00Z,365,FALSE
45,,,2024-08-01T00:00:00Z,366,FALSE
45,,,2024-09-01T00:00:00Z,138,FALSE
45,,,2024-09-01T00:00:00Z,368,FALSE
45,,,2024-09-01T00:00:00Z,140,FALSE
45,,,2024-09-01T00:00:00Z,369,FALSE
45,,,2024-09-01T00:00:00Z,139,FALSE
45,,,2024-09-01T00:00:00Z,125,FALSE
45,,,2024-09-01T00:00:00Z,136,FALSE
45,,,2024-09-01T00:00:00Z,141,FALSE
45,,,2024-09-01T00:00:00Z,143,FALSE
45,,,2024-09-01T00:00:00Z,137,FALSE
45,,,2024-09-01T00:00:00Z,142,FALSE
45,,,2024-09-01T00:00:00Z,370,FALSE
45,,,2024-09-01T00:00:00Z,371,FALSE
45,,,2024-09-01T00:00:00Z,372,FALSE
45,,,2024-09-01T00:00:00Z,330,FALSE
45,,,2024-09-01T00:00:00Z,373,FALSE
45,,,2024-09-01T00:00:00Z,211,FALSE
45,,,2024-09-01T00:00:00Z,226,FALSE
45,,,2024-09-01T00:00:00Z,233,FALSE
45,,,2024-09-01T00:00:00Z,378,FALSE
45,,,2024-09-01T00:00:00Z,377,FALSE
45,,,2024-09-01T00:00:00Z,310,FALSE
45,,,2024-09-01T00:00:00Z,379,FALSE
45,,,2024-09-01T00:00:00Z,382,FALSE
45,,,2024-09-01T00:00:00Z,381,FALSE
45,,,2024-09-01T00:00:00Z,383,FALSE
45,,,2024-09-01T00:00:00Z,385,FALSE
45,,,2024-09-01T00:00:00Z,352,FALSE
45,,,2024-09-01T00:00:00Z,353,FALSE
45,,,2024-09-01T00:00:00Z,354,FALSE
45,,,2024-09-01T00:00:00Z,144,FALSE
45,,,2024-09-01T00:00:00Z,356,FALSE
45,,,2024-09-01T00:00:00Z,357,FALSE
45,,,2024-09-01T00:00:00Z,358,FALSE
45,,,2024-09-01T00:00:00Z,355,FALSE
45,,,2024-09-01T00:00:00Z,364,FALSE
45,,,2024-09-01T00:00:00Z,365,FALSE
45,,,2024-09-01T00:00:00Z,366,FALSE
45,,,2024-10-01T00:00:00Z,138,FALSE
45,,,2024-10-01T00:00:00Z,368,FALSE
45,,,2024-10-01T00:00:00Z,140,FALSE
45,,,2024-10-01T00:00:00Z,369,FALSE
45,,,2024-10-01T00:00:00Z,139,FALSE
45,,,2024-10-01T00:00:00Z,125,FALSE
45,,,2024-10-01T00:00:00Z,136,FALSE
45,,,2024-10-01T00:00:00Z,141,FALSE
45,,,2024-10-01T00:00:00Z,143,FALSE
45,,,2024-10-01T00:00:00Z,137,FALSE
45,,,2024-10-01T00:00:00Z,142,FALSE
45,,,2024-10-01T00:00:00Z,370,FALSE
45,,,2024-10-01T00:00:00Z,371,FALSE
45,,,2024-10-01T00:00:00Z,372,FALSE
45,,,2024-10-01T00:00:00Z,330,FALSE
45,,,2024-10-01T00:00:00Z,373,FALSE
45,,,2024-10-01T00:00:00Z,211,FALSE
45,,,2024-10-01T00:00:00Z,226,FALSE
45,,,2024-10-01T00:00:00Z,233,FALSE
45,,,2024-10-01T00:00:00Z,378,FALSE
45,,,2024-10-01T00:00:00Z,377,FALSE
45,,,2024-10-01T00:00:00Z,310,FALSE
45,,,2024-10-01T00:00:00Z,379,FALSE
45,,,2024-10-01T00:00:00Z,382,FALSE
45,,,2024-10-01T00:00:00Z,381,FALSE
45,,,2024-10-01T00:00:00Z,383,FALSE
45,,,2024-10-01T00:00:00Z,385,FALSE
45,,,2024-10-01T00:00:00Z,352,FALSE
45,,,2024-10-01T00:00:00Z,353,FALSE
45,,,2024-10-01T00:00:00Z,354,FALSE
45,,,2024-10-01T00:00:00Z,144,FALSE
45,,,2024-10-01T00:00:00Z,356,FALSE
45,,,2024-10-01T00:00:00Z,357,FALSE
45,,,2024-10-01T00:00:00Z,358,FALSE
45,,,2024-10-01T00:00:00Z,355,FALSE
45,,,2024-10-01T00:00:00Z,364,FALSE
45,,,2024-10-01T00:00:00Z,365,FALSE
45,,,2024-10-01T00:00:00Z,366,FALSE
45,,,2024-11-01T00:00:00Z,138,FALSE
45,,,2024-11-01T00:00:00Z,368,FALSE
45,,,2024-11-01T00:00:00Z,140,FALSE
45,,,2024-11-01T00:00:00Z,369,FALSE
45,,,2024-11-01T00:00:00Z,139,FALSE
45,,,2024-11-01T00:00:00Z,125,FALSE
45,,,2024-11-01T00:00:00Z,136,FALSE
45,,,2024-11-01T00:00:00Z,141,FALSE
45,,,2024-11-01T00:00:00Z,143,FALSE
45,,,2024-11-01T00:00:00Z,137,FALSE
45,,,2024-11-01T00:00:00Z,142,FALSE
45,,,2024-11-01T00:00:00Z,370,FALSE
45,,,2024-11-01T00:00:00Z,371,FALSE
45,,,2024-11-01T00:00:00Z,372,FALSE
45,,,2024-11-01T00:00:00Z,330,FALSE
45,,,2024-11-01T00:00:00Z,373,FALSE
45,,,2024-11-01T00:00:00Z,211,FALSE
45,,,2024-11-01T00:00:00Z,226,FALSE
45,,,2024-11-01T00:00:00Z,233,FALSE
45,,,2024-11-01T00:00:00Z,378,FALSE
45,,,2024-11-01T00:00:00Z,377,FALSE
45,,,2024-11-01T00:00:00Z,310,FALSE
45,,,2024-11-01T00:00:00Z,379,FALSE
45,,,2024-11-01T00:00:00Z,382,FALSE
45,,,2024-11-01T00:00:00Z,381,FALSE
45,,,2024-11-01T00:00:00Z,383,FALSE
45,,,2024-11-01T00:00:00Z,385,FALSE
45,,,2024-11-01T00:00:00Z,352,FALSE
45,,,2024-11-01T00:00:00Z,353,FALSE
45,,,2024-11-01T00:00:00Z,354,FALSE
45,,,2024-11-01T00:00:00Z,144,FALSE
45,,,2024-11-01T00:00:00Z,356,FALSE
45,,,2024-11-01T00:00:00Z,357,FALSE
45,,,2024-11-01T00:00:00Z,358,FALSE
45,,,2024-11-01T00:00:00Z,355,FALSE
45,,,2024-11-01T00:00:00Z,364,FALSE
45,,,2024-11-01T00:00:00Z,365,FALSE
45,,,2024-11-01T00:00:00Z,366,FALSE
45,,,2024-12-01T00:00:00Z,138,FALSE
45,,,2024-12-01T00:00:00Z,368,FALSE
45,,,2024-12-01T00:00:00Z,140,FALSE
45,,,2024-12-01T00:00:00Z,369,FALSE
45,,,2024-12-01T00:00:00Z,139,FALSE
45,,,2024-12-01T00:00:00Z,125,FALSE
45,,,2024-12-01T00:00:00Z,136,FALSE
45,,,2024-12-01T00:00:00Z,141,FALSE
45,,,2024-12-01T00:00:00Z,143,FALSE
45,,,2024-12-01T00:00:00Z,137,FALSE
45,,,2024-12-01T00:00:00Z,142,FALSE
45,,,2024-12-01T00:00:00Z,370,FALSE
45,,,2024-12-01T00:00:00Z,371,FALSE
45,,,2024-12-01T00:00:00Z,372,FALSE
45,,,2024-12-01T00:00:00Z,330,FALSE
45,,,2024-12-01T00:00:00Z,373,FALSE
45,,,2024-12-01T00:00:00Z,211,FALSE
45,,,2024-12-01T00:00:00Z,226,FALSE
45,,,2024-12-01T00:00:00Z,233,FALSE
45,,,2024-12-01T00:00:00Z,378,FALSE
45,,,2024-12-01T00:00:00Z,377,FALSE
45,,,2024-12-01T00:00:00Z,310,FALSE
45,,,2024-12-01T00:00:00Z,379,FALSE
45,,,2024-12-01T00:00:00Z,382,FALSE
45,,,2024-12-01T00:00:00Z,381,FALSE
45,,,2024-12-01T00:00:00Z,383,FALSE
45,,,2024-12-01T00:00:00Z,385,FALSE
45,,,2024-12-01T00:00:00Z,352,FALSE
45,,,2024-12-01T00:00:00Z,353,FALSE
45,,,2024-12-01T00:00:00Z,354,FALSE
45,,,2024-12-01T00:00:00Z,144,FALSE
45,,,2024-12-01T00:00:00Z,356,FALSE
45,,,2024-12-01T00:00:00Z,357,FALSE
45,,,2024-12-01T00:00:00Z,358,FALSE
45,,,2024-12-01T00:00:00Z,355,FALSE
45,,,2024-12-01T00:00:00Z,364,FALSE
45,,,2024-12-01T00:00:00Z,365,FALSE
45,,,2024-12-01T00:00:00Z,366,FALSE
125,,,2024-01-01T00:00:00Z,138,FALSE
125,,,2024-01-01T00:00:00Z,368,FALSE
125,,,2024-01-01T00:00:00Z,140,FALSE
125,,,2024-01-01T00:00:00Z,369,FALSE
125,,,2024-01-01T00:00:00Z,139,FALSE
125,,,2024-01-01T00:00:00Z,136,FALSE
125,,,2024-01-01T00:00:00Z,141,FALSE
125,,,2024-01-01T00:00:00Z,45,FALSE
125,,,2024-01-01T00:00:00Z,143,FALSE
125,,,2024-01-01T00:00:00Z,137,FALSE
125,,,2024-01-01T00:00:00Z,142,FALSE
125,,,2024-01-01T00:00:00Z,370,FALSE
125,,,2024-01-01T00:00:00Z,371,FALSE
125,,,2024-01-01T00:00:00Z,372,FALSE
125,,,2024-01-01T00:00:00Z,330,FALSE
125,,,2024-01-01T00:00:00Z,373,FALSE
125,,,2024-01-01T00:00:00Z,211,FALSE
125,,,2024-01-01T00:00:00Z,226,FALSE
125,,,2024-01-01T00:00:00Z,233,FALSE
125,,,2024-01-01T00:00:00Z,378,FALSE
125,,,2024-01-01T00:00:00Z,377,FALSE
125,,,2024-01-01T00:00:00Z,310,FALSE
125,,,2024-01-01T00:00:00Z,379,FALSE
125,,,2024-01-01T00:00:00Z,382,FALSE
125,,,2024-01-01T00:00:00Z,381,FALSE
125,,,2024-01-01T00:00:00Z,383,FALSE
125,,,2024-01-01T00:00:00Z,385,FALSE
125,,,2024-01-01T00:00:00Z,352,FALSE
125,,,2024-01-01T00:00:00Z,353,FALSE
125,,,2024-01-01T00:00:00Z,354,FALSE
125,,,2024-01-01T00:00:00Z,144,FALSE
125,,,2024-01-01T00:00:00Z,356,FALSE
125,,,2024-01-01T00:00:00Z,357,FALSE
125,,,2024-01-01T00:00:00Z,358,FALSE
125,,,2024-01-01T00:00:00Z,355,FALSE
125,,,2024-01-01T00:00:00Z,364,FALSE
125,,,2024-01-01T00:00:00Z,365,FALSE
125,,,2024-01-01T00:00:00Z,366,FALSE
125,,,2024-02-01T00:00:00Z,138,FALSE
125,,,2024-02-01T00:00:00Z,368,FALSE
125,,,2024-02-01T00:00:00Z,140,FALSE
125,,,2024-02-01T00:00:00Z,369,FALSE
125,,,2024-02-01T00:00:00Z,139,FALSE
125,,,2024-02-01T00:00:00Z,136,FALSE
125,,,2024-02-01T00:00:00Z,141,FALSE
125,,,2024-02-01T00:00:00Z,45,FALSE
125,,,2024-02-01T00:00:00Z,143,FALSE
125,,,2024-02-01T00:00:00Z,137,FALSE
125,,,2024-02-01T00:00:00Z,142,FALSE
125,,,2024-02-01T00:00:00Z,370,FALSE
125,,,2024-02-01T00:00:00Z,371,FALSE
125,,,2024-02-01T00:00:00Z,372,FALSE
125,,,2024-02-01T00:00:00Z,330,FALSE
125,,,2024-02-01T00:00:00Z,373,FALSE
125,,,2024-02-01T00:00:00Z,211,FALSE
125,,,2024-02-01T00:00:00Z,226,FALSE
125,,,2024-02-01T00:00:00Z,233,FALSE
125,,,2024-02-01T00:00:00Z,378,FALSE
125,,,2024-02-01T00:00:00Z,377,FALSE
125,,,2024-02-01T00:00:00Z,310,FALSE
125,,,2024-02-01T00:00:00Z,379,FALSE
125,,,2024-02-01T00:00:00Z,382,FALSE
125,,,2024-02-01T00:00:00Z,381,FALSE
125,,,2024-02-01T00:00:00Z,383,FALSE
125,,,2024-02-01T00:00:00Z,385,FALSE
125,,,2024-02-01T00:00:00Z,352,FALSE
125,,,2024-02-01T00:00:00Z,353,FALSE
125,,,2024-02-01T00:00:00Z,354,FALSE
125,,,2024-02-01T00:00:00Z,144,FALSE
125,,,2024-02-01T00:00:00Z,356,FALSE
125,,,2024-02-01T00:00:00Z,357,FALSE
125,,,2024-02-01T00:00:00Z,358,FALSE
125,,,2024-02-01T00:00:00Z,355,FALSE
125,,,2024-02-01T00:00:00Z,364,FALSE
125,,,2024-02-01T00:00:00Z,365,FALSE
125,,,2024-02-01T00:00:00Z,366,FALSE
125,,,2024-03-01T00:00:00Z,138,FALSE
125,,,2024-03-01T00:00:00Z,368,FALSE
125,,,2024-03-01T00:00:00Z,140,FALSE
125,,,2024-03-01T00:00:00Z,369,FALSE
125,,,2024-03-01T00:00:00Z,139,FALSE
125,,,2024-03-01T00:00:00Z,136,FALSE
125,,,2024-03-01T00:00:00Z,141,FALSE
125,,,2024-03-01T00:00:00Z,45,FALSE
125,,,2024-03-01T00:00:00Z,143,FALSE
125,,,2024-03-01T00:00:00Z,137,FALSE
125,,,2024-03-01T00:00:00Z,142,FALSE
125,,,2024-03-01T00:00:00Z,370,FALSE
125,,,2024-03-01T00:00:00Z,371,FALSE
125,,,2024-03-01T00:00:00Z,372,FALSE
125,,,2024-03-01T00:00:00Z,330,FALSE
125,,,2024-03-01T00:00:00Z,373,FALSE
125,,,2024-03-01T00:00:00Z,211,FALSE
125,,,2024-03-01T00:00:00Z,226,FALSE
125,,,2024-03-01T00:00:00Z,233,FALSE
125,,,2024-03-01T00:00:00Z,378,FALSE
125,,,2024-03-01T00:00:00Z,377,FALSE
125,,,2024-03-01T00:00:00Z,310,FALSE
125,,,2024-03-01T00:00:00Z,379,FALSE
125,,,2024-03-01T00:00:00Z,382,FALSE
125,,,2024-03-01T00:00:00Z,381,FALSE
125,,,2024-03-01T00:00:00Z,383,FALSE
125,,,2024-03-01T00:00:00Z,385,FALSE
125,,,2024-03-01T00:00:00Z,352,FALSE
125,,,2024-03-01T00:00:00Z,353,FALSE
125,,,2024-03-01T00:00:00Z,354,FALSE
125,,,2024-03-01T00:00:00Z,144,FALSE
125,,,2024-03-01T00:00:00Z,356,FALSE
125,,,2024-03-01T00:00:00Z,357,FALSE
125,,,2024-03-01T00:00:00Z,358,FALSE
125,,,2024-03-01T00:00:00Z,355,FALSE
125,,,2024-03-01T00:00:00Z,364,FALSE
125,,,2024-03-01T00:00:00Z,365,FALSE
125,,,2024-03-01T00:00:00Z,366,FALSE
125,,,2024-04-01T00:00:00Z,138,FALSE
125,,,2024-04-01T00:00:00Z,368,FALSE
125,,,2024-04-01T00:00:00Z,140,FALSE
125,,,2024-04-01T00:00:00Z,369,FALSE
125,,,2024-04-01T00:00:00Z,139,FALSE
125,,,2024-04-01T00:00:00Z,136,FALSE
125,,,2024-04-01T00:00:00Z,141,FALSE
125,,,2024-04-01T00:00:00Z,45,FALSE
125,,,2024-04-01T00:00:00Z,143,FALSE
125,,,2024-04-01T00:00:00Z,137,FALSE
125,,,2024-04-01T00:00:00Z,142,FALSE
125,,,2024-04-01T00:00:00Z,370,FALSE
125,,,2024-04-01T00:00:00Z,371,FALSE
125,,,2024-04-01T00:00:00Z,372,FALSE
125,,,2024-04-01T00:00:00Z,330,FALSE
125,,,2024-04-01T00:00:00Z,373,FALSE
125,,,2024-04-01T00:00:00Z,211,FALSE
125,,,2024-04-01T00:00:00Z,226,FALSE
125,,,2024-04-01T00:00:00Z,233,FALSE
125,,,2024-04-01T00:00:00Z,378,FALSE
125,,,2024-04-01T00:00:00Z,377,FALSE
125,,,2024-04-01T00:00:00Z,310,FALSE
125,,,2024-04-01T00:00:00Z,379,FALSE
125,,,2024-04-01T00:00:00Z,382,FALSE
125,,,2024-04-01T00:00:00Z,381,FALSE
125,,,2024-04-01T00:00:00Z,383,FALSE
125,,,2024-04-01T00:00:00Z,385,FALSE
125,,,2024-04-01T00:00:00Z,352,FALSE
125,,,2024-04-01T00:00:00Z,353,FALSE
125,,,2024-04-01T00:00:00Z,354,FALSE
125,,,2024-04-01T00:00:00Z,144,FALSE
125,,,2024-04-01T00:00:00Z,356,FALSE
125,,,2024-04-01T00:00:00Z,357,FALSE
125,,,2024-04-01T00:00:00Z,358,FALSE
125,,,2024-04-01T00:00:00Z,355,FALSE
125,,,2024-04-01T00:00:00Z,364,FALSE
125,,,2024-04-01T00:00:00Z,365,FALSE
125,,,2024-04-01T00:00:00Z,366,FALSE
125,,,2024-05-01T00:00:00Z,138,FALSE
125,,,2024-05-01T00:00:00Z,368,FALSE
125,,,2024-05-01T00:00:00Z,140,FALSE
125,,,2024-05-01T00:00:00Z,369,FALSE
125,,,2024-05-01T00:00:00Z,139,FALSE
125,,,2024-05-01T00:00:00Z,136,FALSE
125,,,2024-05-01T00:00:00Z,141,FALSE
125,,,2024-05-01T00:00:00Z,45,FALSE
125,,,2024-05-01T00:00:00Z,143,FALSE
125,,,2024-05-01T00:00:00Z,137,FALSE
125,,,2024-05-01T00:00:00Z,142,FALSE
125,,,2024-05-01T00:00:00Z,370,FALSE
125,,,2024-05-01T00:00:00Z,371,FALSE
125,,,2024-05-01T00:00:00Z,372,FALSE
125,,,2024-05-01T00:00:00Z,330,FALSE
125,,,2024-05-01T00:00:00Z,373,FALSE
125,,,2024-05-01T00:00:00Z,211,FALSE
125,,,2024-05-01T00:00:00Z,226,FALSE
125,,,2024-05-01T00:00:00Z,233,FALSE
125,,,2024-05-01T00:00:00Z,378,FALSE
125,,,2024-05-01T00:00:00Z,377,FALSE
125,,,2024-05-01T00:00:00Z,310,FALSE
125,,,2024-05-01T00:00:00Z,379,FALSE
125,,,2024-05-01T00:00:00Z,382,FALSE
125,,,2024-05-01T00:00:00Z,381,FALSE
125,,,2024-05-01T00:00:00Z,383,FALSE
125,,,2024-05-01T00:00:00Z,385,FALSE
125,,,2024-05-01T00:00:00Z,352,FALSE
125,,,2024-05-01T00:00:00Z,353,FALSE
125,,,2024-05-01T00:00:00Z,354,FALSE
125,,,2024-05-01T00:00:00Z,144,FALSE
125,,,2024-05-01T00:00:00Z,356,FALSE
125,,,2024-05-01T00:00:00Z,357,FALSE
125,,,2024-05-01T00:00:00Z,358,FALSE
125,,,2024-05-01T00:00:00Z,355,FALSE
125,,,2024-05-01T00:00:00Z,364,FALSE
125,,,2024-05-01T00:00:00Z,365,FALSE
125,,,2024-05-01T00:00:00Z,366,FALSE
125,,,2024-06-01T00:00:00Z,138,FALSE
125,,,2024-06-01T00:00:00Z,368,FALSE
125,,,2024-06-01T00:00:00Z,140,FALSE
125,,,2024-06-01T00:00:00Z,369,FALSE
125,,,2024-06-01T00:00:00Z,139,FALSE
125,,,2024-06-01T00:00:00Z,136,FALSE
125,,,2024-06-01T00:00:00Z,141,FALSE
125,,,2024-06-01T00:00:00Z,45,FALSE
125,,,2024-06-01T00:00:00Z,143,FALSE
125,,,2024-06-01T00:00:00Z,137,FALSE
125,,,2024-06-01T00:00:00Z,142,FALSE
125,,,2024-06-01T00:00:00Z,370,FALSE
125,,,2024-06-01T00:00:00Z,371,FALSE
125,,,2024-06-01T00:00:00Z,372,FALSE
125,,,2024-06-01T00:00:00Z,330,FALSE
125,,,2024-06-01T00:00:00Z,373,FALSE
125,,,2024-06-01T00:00:00Z,211,FALSE
125,,,2024-06-01T00:00:00Z,226,FALSE
125,,,2024-06-01T00:00:00Z,233,FALSE
125,,,2024-06-01T00:00:00Z,378,FALSE
125,,,2024-06-01T00:00:00Z,377,FALSE
125,,,2024-06-01T00:00:00Z,310,FALSE
125,,,2024-06-01T00:00:00Z,379,FALSE
125,,,2024-06-01T00:00:00Z,382,FALSE
125,,,2024-06-01T00:00:00Z,381,FALSE
125,,,2024-06-01T00:00:00Z,383,FALSE
125,,,2024-06-01T00:00:00Z,385,FALSE
125,,,2024-06-01T00:00:00Z,352,FALSE
125,,,2024-06-01T00:00:00Z,353,FALSE
125,,,2024-06-01T00:00:00Z,354,FALSE
125,,,2024-06-01T00:00:00Z,144,FALSE
125,,,2024-06-01T00:00:00Z,356,FALSE
125,,,2024-06-01T00:00:00Z,357,FALSE
125,,,2024-06-01T00:00:00Z,358,FALSE
125,,,2024-06-01T00:00:00Z,355,FALSE
125,,,2024-06-01T00:00:00Z,364,FALSE
125,,,2024-06-01T00:00:00Z,365,FALSE
125,,,2024-06-01T00:00:00Z,366,FALSE
125,,,2024-07-01T00:00:00Z,138,FALSE
125,,,2024-07-01T00:00:00Z,368,FALSE
125,,,2024-07-01T00:00:00Z,140,FALSE
125,,,2024-07-01T00:00:00Z,369,FALSE
125,,,2024-07-01T00:00:00Z,139,FALSE
125,,,2024-07-01T00:00:00Z,136,FALSE
125,,,2024-07-01T00:00:00Z,141,FALSE
125,,,2024-07-01T00:00:00Z,45,FALSE
125,,,2024-07-01T00:00:00Z,143,FALSE
125,,,2024-07-01T00:00:00Z,137,FALSE
125,,,2024-07-01T00:00:00Z,142,FALSE
125,,,2024-07-01T00:00:00Z,370,FALSE
125,,,2024-07-01T00:00:00Z,371,FALSE
125,,,2024-07-01T00:00:00Z,372,FALSE
125,,,2024-07-01T00:00:00Z,330,FALSE
125,,,2024-07-01T00:00:00Z,373,FALSE
125,,,2024-07-01T00:00:00Z,211,FALSE
125,,,2024-07-01T00:00:00Z,226,FALSE
125,,,2024-07-01T00:00:00Z,233,FALSE
125,,,2024-07-01T00:00:00Z,378,FALSE
125,,,2024-07-01T00:00:00Z,377,FALSE
125,,,2024-07-01T00:00:00Z,310,FALSE
125,,,2024-07-01T00:00:00Z,379,FALSE
125,,,2024-07-01T00:00:00Z,382,FALSE
125,,,2024-07-01T00:00:00Z,381,FALSE
125,,,2024-07-01T00:00:00Z,383,FALSE
125,,,2024-07-01T00:00:00Z,385,FALSE
125,,,2024-07-01T00:00:00Z,352,FALSE
125,,,2024-07-01T00:00:00Z,353,FALSE
125,,,2024-07-01T00:00:00Z,354,FALSE
125,,,2024-07-01T00:00:00Z,144,FALSE
125,,,2024-07-01T00:00:00Z,356,FALSE
125,,,2024-07-01T00:00:00Z,357,FALSE
125,,,2024-07-01T00:00:00Z,358,FALSE
125,,,2024-07-01T00:00:00Z,355,FALSE
125,,,2024-07-01T00:00:00Z,364,FALSE
125,,,2024-07-01T00:00:00Z,365,FALSE
125,,,2024-07-01T00:00:00Z,366,FALSE
125,,,2024-08-01T00:00:00Z,138,FALSE
125,,,2024-08-01T00:00:00Z,368,FALSE
125,,,2024-08-01T00:00:00Z,140,FALSE
125,,,2024-08-01T00:00:00Z,369,FALSE
125,,,2024-08-01T00:00:00Z,139,FALSE
125,,,2024-08-01T00:00:00Z,136,FALSE
125,,,2024-08-01T00:00:00Z,141,FALSE
125,,,2024-08-01T00:00:00Z,45,FALSE
125,,,2024-08-01T00:00:00Z,143,FALSE
125,,,2024-08-01T00:00:00Z,137,FALSE
125,,,2024-08-01T00:00:00Z,142,FALSE
125,,,2024-08-01T00:00:00Z,370,FALSE
125,,,2024-08-01T00:00:00Z,371,FALSE
125,,,2024-08-01T00:00:00Z,372,FALSE
125,,,2024-08-01T00:00:00Z,330,FALSE
125,,,2024-08-01T00:00:00Z,373,FALSE
125,,,2024-08-01T00:00:00Z,211,FALSE
125,,,2024-08-01T00:00:00Z,226,FALSE
125,,,2024-08-01T00:00:00Z,233,FALSE
125,,,2024-08-01T00:00:00Z,378,FALSE
125,,,2024-08-01T00:00:00Z,377,FALSE
125,,,2024-08-01T00:00:00Z,310,FALSE
125,,,2024-08-01T00:00:00Z,379,FALSE
125,,,2024-08-01T00:00:00Z,382,FALSE
125,,,2024-08-01T00:00:00Z,381,FALSE
125,,,2024-08-01T00:00:00Z,383,FALSE
125,,,2024-08-01T00:00:00Z,385,FALSE
125,,,2024-08-01T00:00:00Z,352,FALSE
125,,,2024-08-01T00:00:00Z,353,FALSE
125,,,2024-08-01T00:00:00Z,354,FALSE
125,,,2024-08-01T00:00:00Z,144,FALSE
125,,,2024-08-01T00:00:00Z,356,FALSE
125,,,2024-08-01T00:00:00Z,357,FALSE
125,,,2024-08-01T00:00:00Z,358,FALSE
125,,,2024-08-01T00:00:00Z,355,FALSE
125,,,2024-08-01T00:00:00Z,364,FALSE
125,,,2024-08-01T00:00:00Z,365,FALSE
125,,,2024-08-01T00:00:00Z,366,FALSE
125,,,2024-09-01T00:00:00Z,138,FALSE
125,,,2024-09-01T00:00:00Z,368,FALSE
125,,,2024-09-01T00:00:00Z,140,FALSE
125,,,2024-09-01T00:00:00Z,369,FALSE
125,,,2024-09-01T00:00:00Z,139,FALSE
125,,,2024-09-01T00:00:00Z,136,FALSE
125,,,2024-09-01T00:00:00Z,141,FALSE
125,,,2024-09-01T00:00:00Z,45,FALSE
125,,,2024-09-01T00:00:00Z,143,FALSE
125,,,2024-09-01T00:00:00Z,137,FALSE
125,,,2024-09-01T00:00:00Z,142,FALSE
125,,,2024-09-01T00:00:00Z,370,FALSE
125,,,2024-09-01T00:00:00Z,371,FALSE
125,,,2024-09-01T00:00:00Z,372,FALSE
125,,,2024-09-01T00:00:00Z,330,FALSE
125,,,2024-09-01T00:00:00Z,373,FALSE
125,,,2024-09-01T00:00:00Z,211,FALSE
125,,,2024-09-01T00:00:00Z,226,FALSE
125,,,2024-09-01T00:00:00Z,233,FALSE
125,,,2024-09-01T00:00:00Z,378,FALSE
125,,,2024-09-01T00:00:00Z,377,FALSE
125,,,2024-09-01T00:00:00Z,310,FALSE
125,,,2024-09-01T00:00:00Z,379,FALSE
125,,,2024-09-01T00:00:00Z,382,FALSE
125,,,2024-09-01T00:00:00Z,381,FALSE
125,,,2024-09-01T00:00:00Z,383,FALSE
125,,,2024-09-01T00:00:00Z,385,FALSE
125,,,2024-09-01T00:00:00Z,352,FALSE
125,,,2024-09-01T00:00:00Z,353,FALSE
125,,,2024-09-01T00:00:00Z,354,FALSE
125,,,2024-09-01T00:00:00Z,144,FALSE
125,,,2024-09-01T00:00:00Z,356,FALSE
125,,,2024-09-01T00:00:00Z,357,FALSE
125,,,2024-09-01T00:00:00Z,358,FALSE
125,,,2024-09-01T00:00:00Z,355,FALSE
125,,,2024-09-01T00:00:00Z,364,FALSE
125,,,2024-09-01T00:00:00Z,365,FALSE
125,,,2024-09-01T00:00:00Z,366,FALSE
125,,,2024-10-01T00:00:00Z,138,FALSE
125,,,2024-10-01T00:00:00Z,368,FALSE
125,,,2024-10-01T00:00:00Z,140,FALSE
125,,,2024-10-01T00:00:00Z,369,FALSE
125,,,2024-10-01T00:00:00Z,139,FALSE
125,,,2024-10-01T00:00:00Z,136,FALSE
125,,,2024-10-01T00:00:00Z,141,FALSE
125,,,2024-10-01T00:00:00Z,45,FALSE
125,,,2024-10-01T00:00:00Z,143,FALSE
125,,,2024-10-01T00:00:00Z,137,FALSE
125,,,2024-10-01T00:00:00Z,142,FALSE
125,,,2024-10-01T00:00:00Z,370,FALSE
125,,,2024-10-01T00:00:00Z,371,FALSE
125,,,2024-10-01T00:00:00Z,372,FALSE
125,,,2024-10-01T00:00:00Z,330,FALSE
125,,,2024-10-01T00:00:00Z,373,FALSE
125,,,2024-10-01T00:00:00Z,211,FALSE
125,,,2024-10-01T00:00:00Z,226,FALSE
125,,,2024-10-01T00:00:00Z,233,FALSE
125,,,2024-10-01T00:00:00Z,378,FALSE
125,,,2024-10-01T00:00:00Z,377,FALSE
125,,,2024-10-01T00:00:00Z,310,FALSE
125,,,2024-10-01T00:00:00Z,379,FALSE
125,,,2024-10-01T00:00:00Z,382,FALSE
125,,,2024-10-01T00:00:00Z,381,FALSE
125,,,2024-10-01T00:00:00Z,383,FALSE
125,,,2024-10-01T00:00:00Z,385,FALSE
125,,,2024-10-01T00:00:00Z,352,FALSE
125,,,2024-10-01T00:00:00Z,353,FALSE
125,,,2024-10-01T00:00:00Z,354,FALSE
125,,,2024-10-01T00:00:00Z,144,FALSE
125,,,2024-10-01T00:00:00Z,356,FALSE
125,,,2024-10-01T00:00:00Z,357,FALSE
125,,,2024-10-01T00:00:00Z,358,FALSE
125,,,2024-10-01T00:00:00Z,355,FALSE
125,,,2024-10-01T00:00:00Z,364,FALSE
125,,,2024-10-01T00:00:00Z,365,FALSE
125,,,2024-10-01T00:00:00Z,366,FALSE
125,,,2024-11-01T00:00:00Z,138,FALSE
125,,,2024-11-01T00:00:00Z,368,FALSE
125,,,2024-11-01T00:00:00Z,140,FALSE
125,,,2024-11-01T00:00:00Z,369,FALSE
125,,,2024-11-01T00:00:00Z,139,FALSE
125,,,2024-11-01T00:00:00Z,136,FALSE
125,,,2024-11-01T00:00:00Z,141,FALSE
125,,,2024-11-01T00:00:00Z,45,FALSE
125,,,2024-11-01T00:00:00Z,143,FALSE
125,,,2024-11-01T00:00:00Z,137,FALSE
125,,,2024-11-01T00:00:00Z,142,FALSE
125,,,2024-11-01T00:00:00Z,370,FALSE
125,,,2024-11-01T00:00:00Z,371,FALSE
125,,,2024-11-01T00:00:00Z,372,FALSE
125,,,2024-11-01T00:00:00Z,330,FALSE
125,,,2024-11-01T00:00:00Z,373,FALSE
125,,,2024-11-01T00:00:00Z,211,FALSE
125,,,2024-11-01T00:00:00Z,226,FALSE
125,,,2024-11-01T00:00:00Z,233,FALSE
125,,,2024-11-01T00:00:00Z,378,FALSE
125,,,2024-11-01T00:00:00Z,377,FALSE
125,,,2024-11-01T00:00:00Z,310,FALSE
125,,,2024-11-01T00:00:00Z,379,FALSE
125,,,2024-11-01T00:00:00Z,382,FALSE
125,,,2024-11-01T00:00:00Z,381,FALSE
125,,,2024-11-01T00:00:00Z,383,FALSE
125,,,2024-11-01T00:00:00Z,385,FALSE
125,,,2024-11-01T00:00:00Z,352,FALSE
125,,,2024-11-01T00:00:00Z,353,FALSE
125,,,2024-11-01T00:00:00Z,354,FALSE
125,,,2024-11-01T00:00:00Z,144,FALSE
125,,,2024-11-01T00:00:00Z,356,FALSE
125,,,2024-11-01T00:00:00Z,357,FALSE
125,,,2024-11-01T00:00:00Z,358,FALSE
125,,,2024-11-01T00:00:00Z,355,FALSE
125,,,2024-11-01T00:00:00Z,364,FALSE
125,,,2024-11-01T00:00:00Z,365,FALSE
125,,,2024-11-01T00:00:00Z,366,FALSE
125,,,2024-12-01T00:00:00Z,138,FALSE
125,,,2024-12-01T00:00:00Z,368,FALSE
125,,,2024-12-01T00:00:00Z,140,FALSE
125,,,2024-12-01T00:00:00Z,369,FALSE
125,,,2024-12-01T00:00:00Z,139,FALSE
125,,,2024-12-01T00:00:00Z,136,FALSE
125,,,2024-12-01T00:00:00Z,141,FALSE
125,,,2024-12-01T00:00:00Z,45,FALSE
125,,,2024-12-01T00:00:00Z,143,FALSE
125,,,2024-12-01T00:00:00Z,137,FALSE
125,,,2024-12-01T00:00:00Z,142,FALSE
125,,,2024-12-01T00:00:00Z,370,FALSE
125,,,2024-12-01T00:00:00Z,371,FALSE
125,,,2024-12-01T00:00:00Z,372,FALSE
125,,,2024-12-01T00:00:00Z,330,FALSE
125,,,2024-12-01T00:00:00Z,373,FALSE
125,,,2024-12-01T00:00:00Z,211,FALSE
125,,,2024-12-01T00:00:00Z,226,FALSE
125,,,2024-12-01T00:00:00Z,233,FALSE
125,,,2024-12-01T00:00:00Z,378,FALSE
125,,,2024-12-01T00:00:00Z,377,FALSE
125,,,2024-12-01T00:00:00Z,310,FALSE
125,,,2024-12-01T00:00:00Z,379,FALSE
125,,,2024-12-01T00:00:00Z,382,FALSE
125,,,2024-12-01T00:00:00Z,381,FALSE
125,,,2024-12-01T00:00:00Z,383,FALSE
125,,,2024-12-01T00:00:00Z,385,FALSE
125,,,2024-12-01T00:00:00Z,352,FALSE
125,,,2024-12-01T00:00:00Z,353,FALSE
125,,,2024-12-01T00:00:00Z,354,FALSE
125,,,2024-12-01T00:00:00Z,144,FALSE
125,,,2024-12-01T00:00:00Z,356,FALSE
125,,,2024-12-01T00:00:00Z,357,FALSE
125,,,2024-12-01T00:00:00Z,358,FALSE
125,,,2024-12-01T00:00:00Z,355,FALSE
125,,,2024-12-01T00:00:00Z,364,FALSE
125,,,2024-12-01T00:00:00Z,365,FALSE
125,,,2024-12-01T00:00:00Z,366,FALSE
136,,,2024-01-01T00:00:00Z,138,FALSE
136,,,2024-01-01T00:00:00Z,368,FALSE
136,,,2024-01-01T00:00:00Z,140,FALSE
136,,,2024-01-01T00:00:00Z,369,FALSE
136,,,2024-01-01T00:00:00Z,139,FALSE
136,,,2024-01-01T00:00:00Z,125,FALSE
136,,,2024-01-01T00:00:00Z,141,FALSE
136,,,2024-01-01T00:00:00Z,45,FALSE
136,,,2024-01-01T00:00:00Z,143,FALSE
136,,,2024-01-01T00:00:00Z,137,FALSE
136,,,2024-01-01T00:00:00Z,142,FALSE
136,,,2024-01-01T00:00:00Z,370,FALSE
136,,,2024-01-01T00:00:00Z,371,FALSE
136,,,2024-01-01T00:00:00Z,372,FALSE
136,,,2024-01-01T00:00:00Z,330,FALSE
136,,,2024-01-01T00:00:00Z,373,FALSE
136,,,2024-01-01T00:00:00Z,211,FALSE
136,,,2024-01-01T00:00:00Z,226,FALSE
136,,,2024-01-01T00:00:00Z,233,FALSE
136,,,2024-01-01T00:00:00Z,378,FALSE
136,,,2024-01-01T00:00:00Z,377,FALSE
136,,,2024-01-01T00:00:00Z,310,FALSE
136,,,2024-01-01T00:00:00Z,379,FALSE
136,,,2024-01-01T00:00:00Z,382,FALSE
136,,,2024-01-01T00:00:00Z,381,FALSE
136,,,2024-01-01T00:00:00Z,383,FALSE
136,,,2024-01-01T00:00:00Z,385,FALSE
136,,,2024-01-01T00:00:00Z,352,FALSE
136,,,2024-01-01T00:00:00Z,353,FALSE
136,,,2024-01-01T00:00:00Z,354,FALSE
136,,,2024-01-01T00:00:00Z,144,FALSE
136,,,2024-01-01T00:00:00Z,356,FALSE
136,,,2024-01-01T00:00:00Z,357,FALSE
136,,,2024-01-01T00:00:00Z,358,FALSE
136,,,2024-01-01T00:00:00Z,355,FALSE
136,,,2024-01-01T00:00:00Z,364,FALSE
136,,,2024-01-01T00:00:00Z,365,FALSE
136,,,2024-01-01T00:00:00Z,366,FALSE
136,,,2024-02-01T00:00:00Z,138,FALSE
136,,,2024-02-01T00:00:00Z,368,FALSE
136,,,2024-02-01T00:00:00Z,140,FALSE
136,,,2024-02-01T00:00:00Z,369,FALSE
136,,,2024-02-01T00:00:00Z,139,FALSE
136,,,2024-02-01T00:00:00Z,125,FALSE
136,,,2024-02-01T00:00:00Z,141,FALSE
136,,,2024-02-01T00:00:00Z,45,FALSE
136,,,2024-02-01T00:00:00Z,143,FALSE
136,,,2024-02-01T00:00:00Z,137,FALSE
136,,,2024-02-01T00:00:00Z,142,FALSE
136,,,2024-02-01T00:00:00Z,370,FALSE
136,,,2024-02-01T00:00:00Z,371,FALSE
136,,,2024-02-01T00:00:00Z,372,FALSE
136,,,2024-02-01T00:00:00Z,330,FALSE
136,,,2024-02-01T00:00:00Z,373,FALSE
136,,,2024-02-01T00:00:00Z,211,FALSE
136,,,2024-02-01T00:00:00Z,226,FALSE
136,,,2024-02-01T00:00:00Z,233,FALSE
136,,,2024-02-01T00:00:00Z,378,FALSE
136,,,2024-02-01T00:00:00Z,377,FALSE
136,,,2024-02-01T00:00:00Z,310,FALSE
136,,,2024-02-01T00:00:00Z,379,FALSE
136,,,2024-02-01T00:00:00Z,382,FALSE
136,,,2024-02-01T00:00:00Z,381,FALSE
136,,,2024-02-01T00:00:00Z,383,FALSE
136,,,2024-02-01T00:00:00Z,385,FALSE
136,,,2024-02-01T00:00:00Z,352,FALSE
136,,,2024-02-01T00:00:00Z,353,FALSE
136,,,2024-02-01T00:00:00Z,354,FALSE
136,,,2024-02-01T00:00:00Z,144,FALSE
136,,,2024-02-01T00:00:00Z,356,FALSE
136,,,2024-02-01T00:00:00Z,357,FALSE
136,,,2024-02-01T00:00:00Z,358,FALSE
136,,,2024-02-01T00:00:00Z,355,FALSE
136,,,2024-02-01T00:00:00Z,364,FALSE
136,,,2024-02-01T00:00:00Z,365,FALSE
136,,,2024-02-01T00:00:00Z,366,FALSE
136,,,2024-03-01T00:00:00Z,138,FALSE
136,,,2024-03-01T00:00:00Z,368,FALSE
136,,,2024-03-01T00:00:00Z,140,FALSE
136,,,2024-03-01T00:00:00Z,369,FALSE
136,,,2024-03-01T00:00:00Z,139,FALSE
136,,,2024-03-01T00:00:00Z,125,FALSE
136,,,2024-03-01T00:00:00Z,141,FALSE
136,,,2024-03-01T00:00:00Z,45,FALSE
136,,,2024-03-01T00:00:00Z,143,FALSE
136,,,2024-03-01T00:00:00Z,137,FALSE
136,,,2024-03-01T00:00:00Z,142,FALSE
136,,,2024-03-01T00:00:00Z,370,FALSE
136,,,2024-03-01T00:00:00Z,371,FALSE
136,,,2024-03-01T00:00:00Z,372,FALSE
136,,,2024-03-01T00:00:00Z,330,FALSE
136,,,2024-03-01T00:00:00Z,373,FALSE
136,,,2024-03-01T00:00:00Z,211,FALSE
136,,,2024-03-01T00:00:00Z,226,FALSE
136,,,2024-03-01T00:00:00Z,233,FALSE
136,,,2024-03-01T00:00:00Z,378,FALSE
136,,,2024-03-01T00:00:00Z,377,FALSE
136,,,2024-03-01T00:00:00Z,310,FALSE
136,,,2024-03-01T00:00:00Z,379,FALSE
136,,,2024-03-01T00:00:00Z,382,FALSE
136,,,2024-03-01T00:00:00Z,381,FALSE
136,,,2024-03-01T00:00:00Z,383,FALSE
136,,,2024-03-01T00:00:00Z,385,FALSE
136,,,2024-03-01T00:00:00Z,352,FALSE
136,,,2024-03-01T00:00:00Z,353,FALSE
136,,,2024-03-01T00:00:00Z,354,FALSE
136,,,2024-03-01T00:00:00Z,144,FALSE
136,,,2024-03-01T00:00:00Z,356,FALSE
136,,,2024-03-01T00:00:00Z,357,FALSE
136,,,2024-03-01T00:00:00Z,358,FALSE
136,,,2024-03-01T00:00:00Z,355,FALSE
136,,,2024-03-01T00:00:00Z,364,FALSE
136,,,2024-03-01T00:00:00Z,365,FALSE
136,,,2024-03-01T00:00:00Z,366,FALSE
136,,,2024-04-01T00:00:00Z,138,FALSE
136,,,2024-04-01T00:00:00Z,368,FALSE
136,,,2024-04-01T00:00:00Z,140,FALSE
136,,,2024-04-01T00:00:00Z,369,FALSE
136,,,2024-04-01T00:00:00Z,139,FALSE
136,,,2024-04-01T00:00:00Z,125,FALSE
136,,,2024-04-01T00:00:00Z,141,FALSE
136,,,2024-04-01T00:00:00Z,45,FALSE
136,,,2024-04-01T00:00:00Z,143,FALSE
136,,,2024-04-01T00:00:00Z,137,FALSE
136,,,2024-04-01T00:00:00Z,142,FALSE
136,,,2024-04-01T00:00:00Z,370,FALSE
136,,,2024-04-01T00:00:00Z,371,FALSE
136,,,2024-04-01T00:00:00Z,372,FALSE
136,,,2024-04-01T00:00:00Z,330,FALSE
136,,,2024-04-01T00:00:00Z,373,FALSE
136,,,2024-04-01T00:00:00Z,211,FALSE
136,,,2024-04-01T00:00:00Z,226,FALSE
136,,,2024-04-01T00:00:00Z,233,FALSE
136,,,2024-04-01T00:00:00Z,378,FALSE
136,,,2024-04-01T00:00:00Z,377,FALSE
136,,,2024-04-01T00:00:00Z,310,FALSE
136,,,2024-04-01T00:00:00Z,379,FALSE
136,,,2024-04-01T00:00:00Z,382,FALSE
136,,,2024-04-01T00:00:00Z,381,FALSE
136,,,2024-04-01T00:00:00Z,383,FALSE
136,,,2024-04-01T00:00:00Z,385,FALSE
136,,,2024-04-01T00:00:00Z,352,FALSE
136,,,2024-04-01T00:00:00Z,353,FALSE
136,,,2024-04-01T00:00:00Z,354,FALSE
136,,,2024-04-01T00:00:00Z,144,FALSE
136,,,2024-04-01T00:00:00Z,356,FALSE
136,,,2024-04-01T00:00:00Z,357,FALSE
136,,,2024-04-01T00:00:00Z,358,FALSE
136,,,2024-04-01T00:00:00Z,355,FALSE
136,,,2024-04-01T00:00:00Z,364,FALSE
136,,,2024-04-01T00:00:00Z,365,FALSE
136,,,2024-04-01T00:00:00Z,366,FALSE
136,,,2024-05-01T00:00:00Z,138,FALSE
136,,,2024-05-01T00:00:00Z,368,FALSE
136,,,2024-05-01T00:00:00Z,140,FALSE
136,,,2024-05-01T00:00:00Z,369,FALSE
136,,,2024-05-01T00:00:00Z,139,FALSE
136,,,2024-05-01T00:00:00Z,125,FALSE
136,,,2024-05-01T00:00:00Z,141,FALSE
136,,,2024-05-01T00:00:00Z,45,FALSE
136,,,2024-05-01T00:00:00Z,143,FALSE
136,,,2024-05-01T00:00:00Z,137,FALSE
136,,,2024-05-01T00:00:00Z,142,FALSE
136,,,2024-05-01T00:00:00Z,370,FALSE
136,,,2024-05-01T00:00:00Z,371,FALSE
136,,,2024-05-01T00:00:00Z,372,FALSE
136,,,2024-05-01T00:00:00Z,330,FALSE
136,,,2024-05-01T00:00:00Z,373,FALSE
136,,,2024-05-01T00:00:00Z,211,FALSE
136,,,2024-05-01T00:00:00Z,226,FALSE
136,,,2024-05-01T00:00:00Z,233,FALSE
136,,,2024-05-01T00:00:00Z,378,FALSE
136,,,2024-05-01T00:00:00Z,377,FALSE
136,,,2024-05-01T00:00:00Z,310,FALSE
136,,,2024-05-01T00:00:00Z,379,FALSE
136,,,2024-05-01T00:00:00Z,382,FALSE
136,,,2024-05-01T00:00:00Z,381,FALSE
136,,,2024-05-01T00:00:00Z,383,FALSE
136,,,2024-05-01T00:00:00Z,385,FALSE
136,,,2024-05-01T00:00:00Z,352,FALSE
136,,,2024-05-01T00:00:00Z,353,FALSE
136,,,2024-05-01T00:00:00Z,354,FALSE
136,,,2024-05-01T00:00:00Z,144,FALSE
136,,,2024-05-01T00:00:00Z,356,FALSE
136,,,2024-05-01T00:00:00Z,357,FALSE
136,,,2024-05-01T00:00:00Z,358,FALSE
136,,,2024-05-01T00:00:00Z,355,FALSE
136,,,2024-05-01T00:00:00Z,364,FALSE
136,,,2024-05-01T00:00:00Z,365,FALSE
136,,,2024-05-01T00:00:00Z,366,FALSE
136,,,2024-06-01T00:00:00Z,138,FALSE
136,,,2024-06-01T00:00:00Z,368,FALSE
136,,,2024-06-01T00:00:00Z,140,FALSE
136,,,2024-06-01T00:00:00Z,369,FALSE
136,,,2024-06-01T00:00:00Z,139,FALSE
136,,,2024-06-01T00:00:00Z,125,FALSE
136,,,2024-06-01T00:00:00Z,141,FALSE
136,,,2024-06-01T00:00:00Z,45,FALSE
136,,,2024-06-01T00:00:00Z,143,FALSE
136,,,2024-06-01T00:00:00Z,137,FALSE
136,,,2024-06-01T00:00:00Z,142,FALSE
136,,,2024-06-01T00:00:00Z,370,FALSE
136,,,2024-06-01T00:00:00Z,371,FALSE
136,,,2024-06-01T00:00:00Z,372,FALSE
136,,,2024-06-01T00:00:00Z,330,FALSE
136,,,2024-06-01T00:00:00Z,373,FALSE
136,,,2024-06-01T00:00:00Z,211,FALSE
136,,,2024-06-01T00:00:00Z,226,FALSE
136,,,2024-06-01T00:00:00Z,233,FALSE
136,,,2024-06-01T00:00:00Z,378,FALSE
136,,,2024-06-01T00:00:00Z,377,FALSE
136,,,2024-06-01T00:00:00Z,310,FALSE
136,,,2024-06-01T00:00:00Z,379,FALSE
136,,,2024-06-01T00:00:00Z,382,FALSE
136,,,2024-06-01T00:00:00Z,381,FALSE
136,,,2024-06-01T00:00:00Z,383,FALSE
136,,,2024-06-01T00:00:00Z,385,FALSE
136,,,2024-06-01T00:00:00Z,352,FALSE
136,,,2024-06-01T00:00:00Z,353,FALSE
136,,,2024-06-01T00:00:00Z,354,FALSE
136,,,2024-06-01T00:00:00Z,144,FALSE
136,,,2024-06-01T00:00:00Z,356,FALSE
136,,,2024-06-01T00:00:00Z,357,FALSE
136,,,2024-06-01T00:00:00Z,358,FALSE
136,,,2024-06-01T00:00:00Z,355,FALSE
136,,,2024-06-01T00:00:00Z,364,FALSE
136,,,2024-06-01T00:00:00Z,365,FALSE
136,,,2024-06-01T00:00:00Z,366,FALSE
136,,,2024-07-01T00:00:00Z,138,FALSE
136,,,2024-07-01T00:00:00Z,368,FALSE
136,,,2024-07-01T00:00:00Z,140,FALSE
136,,,2024-07-01T00:00:00Z,369,FALSE
136,,,2024-07-01T00:00:00Z,139,FALSE
136,,,2024-07-01T00:00:00Z,125,FALSE
136,,,2024-07-01T00:00:00Z,141,FALSE
136,,,2024-07-01T00:00:00Z,45,FALSE
136,,,2024-07-01T00:00:00Z,143,FALSE
136,,,2024-07-01T00:00:00Z,137,FALSE
136,,,2024-07-01T00:00:00Z,142,FALSE
136,,,2024-07-01T00:00:00Z,370,FALSE
136,,,2024-07-01T00:00:00Z,371,FALSE
136,,,2024-07-01T00:00:00Z,372,FALSE
136,,,2024-07-01T00:00:00Z,330,FALSE
136,,,2024-07-01T00:00:00Z,373,FALSE
136,,,2024-07-01T00:00:00Z,211,FALSE
136,,,2024-07-01T00:00:00Z,226,FALSE
136,,,2024-07-01T00:00:00Z,233,FALSE
136,,,2024-07-01T00:00:00Z,378,FALSE
136,,,2024-07-01T00:00:00Z,377,FALSE
136,,,2024-07-01T00:00:00Z,310,FALSE
136,,,2024-07-01T00:00:00Z,379,FALSE
136,,,2024-07-01T00:00:00Z,382,FALSE
136,,,2024-07-01T00:00:00Z,381,FALSE
136,,,2024-07-01T00:00:00Z,383,FALSE
136,,,2024-07-01T00:00:00Z,385,FALSE
136,,,2024-07-01T00:00:00Z,352,FALSE
136,,,2024-07-01T00:00:00Z,353,FALSE
136,,,2024-07-01T00:00:00Z,354,FALSE
136,,,2024-07-01T00:00:00Z,144,FALSE
136,,,2024-07-01T00:00:00Z,356,FALSE
136,,,2024-07-01T00:00:00Z,357,FALSE
136,,,2024-07-01T00:00:00Z,358,FALSE
136,,,2024-07-01T00:00:00Z,355,FALSE
136,,,2024-07-01T00:00:00Z,364,FALSE
136,,,2024-07-01T00:00:00Z,365,FALSE
136,,,2024-07-01T00:00:00Z,366,FALSE
136,,,2024-08-01T00:00:00Z,138,FALSE
136,,,2024-08-01T00:00:00Z,368,FALSE
136,,,2024-08-01T00:00:00Z,140,FALSE
136,,,2024-08-01T00:00:00Z,369,FALSE
136,,,2024-08-01T00:00:00Z,139,FALSE
136,,,2024-08-01T00:00:00Z,125,FALSE
136,,,2024-08-01T00:00:00Z,141,FALSE
136,,,2024-08-01T00:00:00Z,45,FALSE
136,,,2024-08-01T00:00:00Z,143,FALSE
136,,,2024-08-01T00:00:00Z,137,FALSE
136,,,2024-08-01T00:00:00Z,142,FALSE
136,,,2024-08-01T00:00:00Z,370,FALSE
136,,,2024-08-01T00:00:00Z,371,FALSE
136,,,2024-08-01T00:00:00Z,372,FALSE
136,,,2024-08-01T00:00:00Z,330,FALSE
136,,,2024-08-01T00:00:00Z,373,FALSE
136,,,2024-08-01T00:00:00Z,211,FALSE
136,,,2024-08-01T00:00:00Z,226,FALSE
136,,,2024-08-01T00:00:00Z,233,FALSE
136,,,2024-08-01T00:00:00Z,378,FALSE
136,,,2024-08-01T00:00:00Z,377,FALSE
136,,,2024-08-01T00:00:00Z,310,FALSE
136,,,2024-08-01T00:00:00Z,379,FALSE
136,,,2024-08-01T00:00:00Z,382,FALSE
136,,,2024-08-01T00:00:00Z,381,FALSE
136,,,2024-08-01T00:00:00Z,383,FALSE
136,,,2024-08-01T00:00:00Z,385,FALSE
136,,,2024-08-01T00:00:00Z,352,FALSE
136,,,2024-08-01T00:00:00Z,353,FALSE
136,,,2024-08-01T00:00:00Z,354,FALSE
136,,,2024-08-01T00:00:00Z,144,FALSE
136,,,2024-08-01T00:00:00Z,356,FALSE
136,,,2024-08-01T00:00:00Z,357,FALSE
136,,,2024-08-01T00:00:00Z,358,FALSE
136,,,2024-08-01T00:00:00Z,355,FALSE
136,,,2024-08-01T00:00:00Z,364,FALSE
136,,,2024-08-01T00:00:00Z,365,FALSE
136,,,2024-08-01T00:00:00Z,366,FALSE
136,,,2024-09-01T00:00:00Z,138,FALSE
136,,,2024-09-01T00:00:00Z,368,FALSE
136,,,2024-09-01T00:00:00Z,140,FALSE
136,,,2024-09-01T00:00:00Z,369,FALSE
136,,,2024-09-01T00:00:00Z,139,FALSE
136,,,2024-09-01T00:00:00Z,125,FALSE
136,,,2024-09-01T00:00:00Z,141,FALSE
136,,,2024-09-01T00:00:00Z,45,FALSE
136,,,2024-09-01T00:00:00Z,143,FALSE
136,,,2024-09-01T00:00:00Z,137,FALSE
136,,,2024-09-01T00:00:00Z,142,FALSE
136,,,2024-09-01T00:00:00Z,370,FALSE
136,,,2024-09-01T00:00:00Z,371,FALSE
136,,,2024-09-01T00:00:00Z,372,FALSE
136,,,2024-09-01T00:00:00Z,330,FALSE
136,,,2024-09-01T00:00:00Z,373,FALSE
136,,,2024-09-01T00:00:00Z,211,FALSE
136,,,2024-09-01T00:00:00Z,226,FALSE
136,,,2024-09-01T00:00:00Z,233,FALSE
136,,,2024-09-01T00:00:00Z,378,FALSE
136,,,2024-09-01T00:00:00Z,377,FALSE
136,,,2024-09-01T00:00:00Z,310,FALSE
136,,,2024-09-01T00:00:00Z,379,FALSE
136,,,2024-09-01T00:00:00Z,382,FALSE
136,,,2024-09-01T00:00:00Z,381,FALSE
136,,,2024-09-01T00:00:00Z,383,FALSE
136,,,2024-09-01T00:00:00Z,385,FALSE
136,,,2024-09-01T00:00:00Z,352,FALSE
136,,,2024-09-01T00:00:00Z,353,FALSE
136,,,2024-09-01T00:00:00Z,354,FALSE
136,,,2024-09-01T00:00:00Z,144,FALSE
136,,,2024-09-01T00:00:00Z,356,FALSE
136,,,2024-09-01T00:00:00Z,357,FALSE
136,,,2024-09-01T00:00:00Z,358,FALSE
136,,,2024-09-01T00:00:00Z,355,FALSE
136,,,2024-09-01T00:00:00Z,364,FALSE
136,,,2024-09-01T00:00:00Z,365,FALSE
136,,,2024-09-01T00:00:00Z,366,FALSE
136,,,2024-10-01T00:00:00Z,138,FALSE
136,,,2024-10-01T00:00:00Z,368,FALSE
136,,,2024-10-01T00:00:00Z,140,FALSE
136,,,2024-10-01T00:00:00Z,369,FALSE
136,,,2024-10-01T00:00:00Z,139,FALSE
136,,,2024-10-01T00:00:00Z,125,FALSE
136,,,2024-10-01T00:00:00Z,141,FALSE
136,,,2024-10-01T00:00:00Z,45,FALSE
136,,,2024-10-01T00:00:00Z,143,FALSE
136,,,2024-10-01T00:00:00Z,137,FALSE
136,,,2024-10-01T00:00:00Z,142,FALSE
136,,,2024-10-01T00:00:00Z,370,FALSE
136,,,2024-10-01T00:00:00Z,371,FALSE
136,,,2024-10-01T00:00:00Z,372,FALSE
136,,,2024-10-01T00:00:00Z,330,FALSE
136,,,2024-10-01T00:00:00Z,373,FALSE
136,,,2024-10-01T00:00:00Z,211,FALSE
136,,,2024-10-01T00:00:00Z,226,FALSE
136,,,2024-10-01T00:00:00Z,233,FALSE
136,,,2024-10-01T00:00:00Z,378,FALSE
136,,,2024-10-01T00:00:00Z,377,FALSE
136,,,2024-10-01T00:00:00Z,310,FALSE
136,,,2024-10-01T00:00:00Z,379,FALSE
136,,,2024-10-01T00:00:00Z,382,FALSE
136,,,2024-10-01T00:00:00Z,381,FALSE
136,,,2024-10-01T00:00:00Z,383,FALSE
136,,,2024-10-01T00:00:00Z,385,FALSE
136,,,2024-10-01T00:00:00Z,352,FALSE
136,,,2024-10-01T00:00:00Z,353,FALSE
136,,,2024-10-01T00:00:00Z,354,FALSE
136,,,2024-10-01T00:00:00Z,144,FALSE
136,,,2024-10-01T00:00:00Z,356,FALSE
136,,,2024-10-01T00:00:00Z,357,FALSE
136,,,2024-10-01T00:00:00Z,358,FALSE
136,,,2024-10-01T00:00:00Z,355,FALSE
136,,,2024-10-01T00:00:00Z,364,FALSE
136,,,2024-10-01T00:00:00Z,365,FALSE
136,,,2024-10-01T00:00:00Z,366,FALSE
136,,,2024-11-01T00:00:00Z,138,FALSE
136,,,2024-11-01T00:00:00Z,368,FALSE
136,,,2024-11-01T00:00:00Z,140,FALSE
136,,,2024-11-01T00:00:00Z,369,FALSE
136,,,2024-11-01T00:00:00Z,139,FALSE
136,,,2024-11-01T00:00:00Z,125,FALSE
136,,,2024-11-01T00:00:00Z,141,FALSE
136,,,2024-11-01T00:00:00Z,45,FALSE
136,,,2024-11-01T00:00:00Z,143,FALSE
136,,,2024-11-01T00:00:00Z,137,FALSE
136,,,2024-11-01T00:00:00Z,142,FALSE
136,,,2024-11-01T00:00:00Z,370,FALSE
136,,,2024-11-01T00:00:00Z,371,FALSE
136,,,2024-11-01T00:00:00Z,372,FALSE
136,,,2024-11-01T00:00:00Z,330,FALSE
136,,,2024-11-01T00:00:00Z,373,FALSE
136,,,2024-11-01T00:00:00Z,211,FALSE
136,,,2024-11-01T00:00:00Z,226,FALSE
136,,,2024-11-01T00:00:00Z,233,FALSE
136,,,2024-11-01T00:00:00Z,378,FALSE
136,,,2024-11-01T00:00:00Z,377,FALSE
136,,,2024-11-01T00:00:00Z,310,FALSE
136,,,2024-11-01T00:00:00Z,379,FALSE
136,,,2024-11-01T00:00:00Z,382,FALSE
136,,,2024-11-01T00:00:00Z,381,FALSE
136,,,2024-11-01T00:00:00Z,383,FALSE
136,,,2024-11-01T00:00:00Z,385,FALSE
136,,,2024-11-01T00:00:00Z,352,FALSE
136,,,2024-11-01T00:00:00Z,353,FALSE
136,,,2024-11-01T00:00:00Z,354,FALSE
136,,,2024-11-01T00:00:00Z,144,FALSE
136,,,2024-11-01T00:00:00Z,356,FALSE
136,,,2024-11-01T00:00:00Z,357,FALSE
136,,,2024-11-01T00:00:00Z,358,FALSE
136,,,2024-11-01T00:00:00Z,355,FALSE
136,,,2024-11-01T00:00:00Z,364,FALSE
136,,,2024-11-01T00:00:00Z,365,FALSE
136,,,2024-11-01T00:00:00Z,366,FALSE
136,,,2024-12-01T00:00:00Z,138,FALSE
136,,,2024-12-01T00:00:00Z,368,FALSE
136,,,2024-12-01T00:00:00Z,140,FALSE
136,,,2024-12-01T00:00:00Z,369,FALSE
136,,,2024-12-01T00:00:00Z,139,FALSE
136,,,2024-12-01T00:00:00Z,125,FALSE
136,,,2024-12-01T00:00:00Z,141,FALSE
136,,,2024-12-01T00:00:00Z,45,FALSE
136,,,2024-12-01T00:00:00Z,143,FALSE
136,,,2024-12-01T00:00:00Z,137,FALSE
136,,,2024-12-01T00:00:00Z,142,FALSE
136,,,2024-12-01T00:00:00Z,370,FALSE
136,,,2024-12-01T00:00:00Z,371,FALSE
136,,,2024-12-01T00:00:00Z,372,FALSE
136,,,2024-12-01T00:00:00Z,330,FALSE
136,,,2024-12-01T00:00:00Z,373,FALSE
136,,,2024-12-01T00:00:00Z,211,FALSE
136,,,2024-12-01T00:00:00Z,226,FALSE
136,,,2024-12-01T00:00:00Z,233,FALSE
136,,,2024-12-01T00:00:00Z,378,FALSE
136,,,2024-12-01T00:00:00Z,377,FALSE
136,,,2024-12-01T00:00:00Z,310,FALSE
136,,,2024-12-01T00:00:00Z,379,FALSE
136,,,2024-12-01T00:00:00Z,382,FALSE
136,,,2024-12-01T00:00:00Z,381,FALSE
136,,,2024-12-01T00:00:00Z,383,FALSE
136,,,2024-12-01T00:00:00Z,385,FALSE
136,,,2024-12-01T00:00:00Z,352,FALSE
136,,,2024-12-01T00:00:00Z,353,FALSE
136,,,2024-12-01T00:00:00Z,354,FALSE
136,,,2024-12-01T00:00:00Z,144,FALSE
136,,,2024-12-01T00:00:00Z,356,FALSE
136,,,2024-12-01T00:00:00Z,357,FALSE
136,,,2024-12-01T00:00:00Z,358,FALSE
136,,,2024-12-01T00:00:00Z,355,FALSE
136,,,2024-12-01T00:00:00Z,364,FALSE
136,,,2024-12-01T00:00:00Z,365,FALSE
136,,,2024-12-01T00:00:00Z,366,FALSE
137,,,2024-01-01T00:00:00Z,138,FALSE
137,,,2024-01-01T00:00:00Z,368,FALSE
137,,,2024-01-01T00:00:00Z,140,FALSE
137,,,2024-01-01T00:00:00Z,369,FALSE
137,,,2024-01-01T00:00:00Z,139,FALSE
137,,,2024-01-01T00:00:00Z,125,FALSE
137,,,2024-01-01T00:00:00Z,136,FALSE
137,,,2024-01-01T00:00:00Z,141,FALSE
137,,,2024-01-01T00:00:00Z,45,FALSE
137,,,2024-01-01T00:00:00Z,143,FALSE
137,,,2024-01-01T00:00:00Z,142,FALSE
137,,,2024-01-01T00:00:00Z,370,FALSE
137,,,2024-01-01T00:00:00Z,371,FALSE
137,,,2024-01-01T00:00:00Z,372,FALSE
137,,,2024-01-01T00:00:00Z,330,FALSE
137,,,2024-01-01T00:00:00Z,373,FALSE
137,,,2024-01-01T00:00:00Z,211,FALSE
137,,,2024-01-01T00:00:00Z,226,FALSE
137,,,2024-01-01T00:00:00Z,233,FALSE
137,,,2024-01-01T00:00:00Z,378,FALSE
137,,,2024-01-01T00:00:00Z,377,FALSE
137,,,2024-01-01T00:00:00Z,310,FALSE
137,,,2024-01-01T00:00:00Z,379,FALSE
137,,,2024-01-01T00:00:00Z,382,FALSE
137,,,2024-01-01T00:00:00Z,381,FALSE
137,,,2024-01-01T00:00:00Z,383,FALSE
137,,,2024-01-01T00:00:00Z,385,FALSE
137,,,2024-01-01T00:00:00Z,352,FALSE
137,,,2024-01-01T00:00:00Z,353,FALSE
137,,,2024-01-01T00:00:00Z,354,FALSE
137,,,2024-01-01T00:00:00Z,144,FALSE
137,,,2024-01-01T00:00:00Z,356,FALSE
137,,,2024-01-01T00:00:00Z,357,FALSE
137,,,2024-01-01T00:00:00Z,358,FALSE
137,,,2024-01-01T00:00:00Z,355,FALSE
137,,,2024-01-01T00:00:00Z,364,FALSE
137,,,2024-01-01T00:00:00Z,365,FALSE
137,,,2024-01-01T00:00:00Z,366,FALSE
137,,,2024-02-01T00:00:00Z,138,FALSE
137,,,2024-02-01T00:00:00Z,368,FALSE
137,,,2024-02-01T00:00:00Z,140,FALSE
137,,,2024-02-01T00:00:00Z,369,FALSE
137,,,2024-02-01T00:00:00Z,139,FALSE
137,,,2024-02-01T00:00:00Z,125,FALSE
137,,,2024-02-01T00:00:00Z,136,FALSE
137,,,2024-02-01T00:00:00Z,141,FALSE
137,,,2024-02-01T00:00:00Z,45,FALSE
137,,,2024-02-01T00:00:00Z,143,FALSE
137,,,2024-02-01T00:00:00Z,142,FALSE
137,,,2024-02-01T00:00:00Z,370,FALSE
137,,,2024-02-01T00:00:00Z,371,FALSE
137,,,2024-02-01T00:00:00Z,372,FALSE
137,,,2024-02-01T00:00:00Z,330,FALSE
137,,,2024-02-01T00:00:00Z,373,FALSE
137,,,2024-02-01T00:00:00Z,211,FALSE
137,,,2024-02-01T00:00:00Z,226,FALSE
137,,,2024-02-01T00:00:00Z,233,FALSE
137,,,2024-02-01T00:00:00Z,378,FALSE
137,,,2024-02-01T00:00:00Z,377,FALSE
137,,,2024-02-01T00:00:00Z,310,FALSE
137,,,2024-02-01T00:00:00Z,379,FALSE
137,,,2024-02-01T00:00:00Z,382,FALSE
137,,,2024-02-01T00:00:00Z,381,FALSE
137,,,2024-02-01T00:00:00Z,383,FALSE
137,,,2024-02-01T00:00:00Z,385,FALSE
137,,,2024-02-01T00:00:00Z,352,FALSE
137,,,2024-02-01T00:00:00Z,353,FALSE
137,,,2024-02-01T00:00:00Z,354,FALSE
137,,,2024-02-01T00:00:00Z,144,FALSE
137,,,2024-02-01T00:00:00Z,356,FALSE
137,,,2024-02-01T00:00:00Z,357,FALSE
137,,,2024-02-01T00:00:00Z,358,FALSE
137,,,2024-02-01T00:00:00Z,355,FALSE
137,,,2024-02-01T00:00:00Z,364,FALSE
137,,,2024-02-01T00:00:00Z,365,FALSE
137,,,2024-02-01T00:00:00Z,366,FALSE
137,,,2024-03-01T00:00:00Z,138,FALSE
137,,,2024-03-01T00:00:00Z,368,FALSE
137,,,2024-03-01T00:00:00Z,140,FALSE
137,,,2024-03-01T00:00:00Z,369,FALSE
137,,,2024-03-01T00:00:00Z,139,FALSE
137,,,2024-03-01T00:00:00Z,125,FALSE
137,,,2024-03-01T00:00:00Z,136,FALSE
137,,,2024-03-01T00:00:00Z,141,FALSE
137,,,2024-03-01T00:00:00Z,45,FALSE
137,,,2024-03-01T00:00:00Z,143,FALSE
137,,,2024-03-01T00:00:00Z,142,FALSE
137,,,2024-03-01T00:00:00Z,370,FALSE
137,,,2024-03-01T00:00:00Z,371,FALSE
137,,,2024-03-01T00:00:00Z,372,FALSE
137,,,2024-03-01T00:00:00Z,330,FALSE
137,,,2024-03-01T00:00:00Z,373,FALSE
137,,,2024-03-01T00:00:00Z,211,FALSE
137,,,2024-03-01T00:00:00Z,226,FALSE
137,,,2024-03-01T00:00:00Z,233,FALSE
137,,,2024-03-01T00:00:00Z,378,FALSE
137,,,2024-03-01T00:00:00Z,377,FALSE
137,,,2024-03-01T00:00:00Z,310,FALSE
137,,,2024-03-01T00:00:00Z,379,FALSE
137,,,2024-03-01T00:00:00Z,382,FALSE
137,,,2024-03-01T00:00:00Z,381,FALSE
137,,,2024-03-01T00:00:00Z,383,FALSE
137,,,2024-03-01T00:00:00Z,385,FALSE
137,,,2024-03-01T00:00:00Z,352,FALSE
137,,,2024-03-01T00:00:00Z,353,FALSE
137,,,2024-03-01T00:00:00Z,354,FALSE
137,,,2024-03-01T00:00:00Z,144,FALSE
137,,,2024-03-01T00:00:00Z,356,FALSE
137,,,2024-03-01T00:00:00Z,357,FALSE
137,,,2024-03-01T00:00:00Z,358,FALSE
137,,,2024-03-01T00:00:00Z,355,FALSE
137,,,2024-03-01T00:00:00Z,364,FALSE
137,,,2024-03-01T00:00:00Z,365,FALSE
137,,,2024-03-01T00:00:00Z,366,FALSE
137,,,2024-04-01T00:00:00Z,138,FALSE
137,,,2024-04-01T00:00:00Z,368,FALSE
137,,,2024-04-01T00:00:00Z,140,FALSE
137,,,2024-04-01T00:00:00Z,369,FALSE
137,,,2024-04-01T00:00:00Z,139,FALSE
137,,,2024-04-01T00:00:00Z,125,FALSE
137,,,2024-04-01T00:00:00Z,136,FALSE
137,,,2024-04-01T00:00:00Z,141,FALSE
137,,,2024-04-01T00:00:00Z,45,FALSE
137,,,2024-04-01T00:00:00Z,143,FALSE
137,,,2024-04-01T00:00:00Z,142,FALSE
137,,,2024-04-01T00:00:00Z,370,FALSE
137,,,2024-04-01T00:00:00Z,371,FALSE
137,,,2024-04-01T00:00:00Z,372,FALSE
137,,,2024-04-01T00:00:00Z,330,FALSE
137,,,2024-04-01T00:00:00Z,373,FALSE
137,,,2024-04-01T00:00:00Z,211,FALSE
137,,,2024-04-01T00:00:00Z,226,FALSE
137,,,2024-04-01T00:00:00Z,233,FALSE
137,,,2024-04-01T00:00:00Z,378,FALSE
137,,,2024-04-01T00:00:00Z,377,FALSE
137,,,2024-04-01T00:00:00Z,310,FALSE
137,,,2024-04-01T00:00:00Z,379,FALSE
137,,,2024-04-01T00:00:00Z,382,FALSE
137,,,2024-04-01T00:00:00Z,381,FALSE
137,,,2024-04-01T00:00:00Z,383,FALSE
137,,,2024-04-01T00:00:00Z,385,FALSE
137,,,2024-04-01T00:00:00Z,352,FALSE
137,,,2024-04-01T00:00:00Z,353,FALSE
137,,,2024-04-01T00:00:00Z,354,FALSE
137,,,2024-04-01T00:00:00Z,144,FALSE
137,,,2024-04-01T00:00:00Z,356,FALSE
137,,,2024-04-01T00:00:00Z,357,FALSE
137,,,2024-04-01T00:00:00Z,358,FALSE
137,,,2024-04-01T00:00:00Z,355,FALSE
137,,,2024-04-01T00:00:00Z,364,FALSE
137,,,2024-04-01T00:00:00Z,365,FALSE
137,,,2024-04-01T00:00:00Z,366,FALSE
137,,,2024-05-01T00:00:00Z,138,FALSE
137,,,2024-05-01T00:00:00Z,368,FALSE
137,,,2024-05-01T00:00:00Z,140,FALSE
137,,,2024-05-01T00:00:00Z,369,FALSE
137,,,2024-05-01T00:00:00Z,139,FALSE
137,,,2024-05-01T00:00:00Z,125,FALSE
137,,,2024-05-01T00:00:00Z,136,FALSE
137,,,2024-05-01T00:00:00Z,141,FALSE
137,,,2024-05-01T00:00:00Z,45,FALSE
137,,,2024-05-01T00:00:00Z,143,FALSE
137,,,2024-05-01T00:00:00Z,142,FALSE
137,,,2024-05-01T00:00:00Z,370,FALSE
137,,,2024-05-01T00:00:00Z,371,FALSE
137,,,2024-05-01T00:00:00Z,372,FALSE
137,,,2024-05-01T00:00:00Z,330,FALSE
137,,,2024-05-01T00:00:00Z,373,FALSE
137,,,2024-05-01T00:00:00Z,211,FALSE
137,,,2024-05-01T00:00:00Z,226,FALSE
137,,,2024-05-01T00:00:00Z,233,FALSE
137,,,2024-05-01T00:00:00Z,378,FALSE
137,,,2024-05-01T00:00:00Z,377,FALSE
137,,,2024-05-01T00:00:00Z,310,FALSE
137,,,2024-05-01T00:00:00Z,379,FALSE
137,,,2024-05-01T00:00:00Z,382,FALSE
137,,,2024-05-01T00:00:00Z,381,FALSE
137,,,2024-05-01T00:00:00Z,383,FALSE
137,,,2024-05-01T00:00:00Z,385,FALSE
137,,,2024-05-01T00:00:00Z,352,FALSE
137,,,2024-05-01T00:00:00Z,353,FALSE
137,,,2024-05-01T00:00:00Z,354,FALSE
137,,,2024-05-01T00:00:00Z,144,FALSE
137,,,2024-05-01T00:00:00Z,356,FALSE
137,,,2024-05-01T00:00:00Z,357,FALSE
137,,,2024-05-01T00:00:00Z,358,FALSE
137,,,2024-05-01T00:00:00Z,355,FALSE
137,,,2024-05-01T00:00:00Z,364,FALSE
137,,,2024-05-01T00:00:00Z,365,FALSE
137,,,2024-05-01T00:00:00Z,366,FALSE
137,,,2024-06-01T00:00:00Z,138,FALSE
137,,,2024-06-01T00:00:00Z,368,FALSE
137,,,2024-06-01T00:00:00Z,140,FALSE
137,,,2024-06-01T00:00:00Z,369,FALSE
137,,,2024-06-01T00:00:00Z,139,FALSE
137,,,2024-06-01T00:00:00Z,125,FALSE
137,,,2024-06-01T00:00:00Z,136,FALSE
137,,,2024-06-01T00:00:00Z,141,FALSE
137,,,2024-06-01T00:00:00Z,45,FALSE
137,,,2024-06-01T00:00:00Z,143,FALSE
137,,,2024-06-01T00:00:00Z,142,FALSE
137,,,2024-06-01T00:00:00Z,370,FALSE
137,,,2024-06-01T00:00:00Z,371,FALSE
137,,,2024-06-01T00:00:00Z,372,FALSE
137,,,2024-06-01T00:00:00Z,330,FALSE
137,,,2024-06-01T00:00:00Z,373,FALSE
137,,,2024-06-01T00:00:00Z,211,FALSE
137,,,2024-06-01T00:00:00Z,226,FALSE
137,,,2024-06-01T00:00:00Z,233,FALSE
137,,,2024-06-01T00:00:00Z,378,FALSE
137,,,2024-06-01T00:00:00Z,377,FALSE
137,,,2024-06-01T00:00:00Z,310,FALSE
137,,,2024-06-01T00:00:00Z,379,FALSE
137,,,2024-06-01T00:00:00Z,382,FALSE
137,,,2024-06-01T00:00:00Z,381,FALSE
137,,,2024-06-01T00:00:00Z,383,FALSE
137,,,2024-06-01T00:00:00Z,385,FALSE
137,,,2024-06-01T00:00:00Z,352,FALSE
137,,,2024-06-01T00:00:00Z,353,FALSE
137,,,2024-06-01T00:00:00Z,354,FALSE
137,,,2024-06-01T00:00:00Z,144,FALSE
137,,,2024-06-01T00:00:00Z,356,FALSE
137,,,2024-06-01T00:00:00Z,357,FALSE
137,,,2024-06-01T00:00:00Z,358,FALSE
137,,,2024-06-01T00:00:00Z,355,FALSE
137,,,2024-06-01T00:00:00Z,364,FALSE
137,,,2024-06-01T00:00:00Z,365,FALSE
137,,,2024-06-01T00:00:00Z,366,FALSE
137,,,2024-07-01T00:00:00Z,138,FALSE
137,,,2024-07-01T00:00:00Z,368,FALSE
137,,,2024-07-01T00:00:00Z,140,FALSE
137,,,2024-07-01T00:00:00Z,369,FALSE
137,,,2024-07-01T00:00:00Z,139,FALSE
137,,,2024-07-01T00:00:00Z,125,FALSE
137,,,2024-07-01T00:00:00Z,136,FALSE
137,,,2024-07-01T00:00:00Z,141,FALSE
137,,,2024-07-01T00:00:00Z,45,FALSE
137,,,2024-07-01T00:00:00Z,143,FALSE
137,,,2024-07-01T00:00:00Z,142,FALSE
137,,,2024-07-01T00:00:00Z,370,FALSE
137,,,2024-07-01T00:00:00Z,371,FALSE
137,,,2024-07-01T00:00:00Z,372,FALSE
137,,,2024-07-01T00:00:00Z,330,FALSE
137,,,2024-07-01T00:00:00Z,373,FALSE
137,,,2024-07-01T00:00:00Z,211,FALSE
137,,,2024-07-01T00:00:00Z,226,FALSE
137,,,2024-07-01T00:00:00Z,233,FALSE
137,,,2024-07-01T00:00:00Z,378,FALSE
137,,,2024-07-01T00:00:00Z,377,FALSE
137,,,2024-07-01T00:00:00Z,310,FALSE
137,,,2024-07-01T00:00:00Z,379,FALSE
137,,,2024-07-01T00:00:00Z,382,FALSE
137,,,2024-07-01T00:00:00Z,381,FALSE
137,,,2024-07-01T00:00:00Z,383,FALSE
137,,,2024-07-01T00:00:00Z,385,FALSE
137,,,2024-07-01T00:00:00Z,352,FALSE
137,,,2024-07-01T00:00:00Z,353,FALSE
137,,,2024-07-01T00:00:00Z,354,FALSE
137,,,2024-07-01T00:00:00Z,144,FALSE
137,,,2024-07-01T00:00:00Z,356,FALSE
137,,,2024-07-01T00:00:00Z,357,FALSE
137,,,2024-07-01T00:00:00Z,358,FALSE
137,,,2024-07-01T00:00:00Z,355,FALSE
137,,,2024-07-01T00:00:00Z,364,FALSE
137,,,2024-07-01T00:00:00Z,365,FALSE
137,,,2024-07-01T00:00:00Z,366,FALSE
137,,,2024-08-01T00:00:00Z,138,FALSE
137,,,2024-08-01T00:00:00Z,368,FALSE
137,,,2024-08-01T00:00:00Z,140,FALSE
137,,,2024-08-01T00:00:00Z,369,FALSE
137,,,2024-08-01T00:00:00Z,139,FALSE
137,,,2024-08-01T00:00:00Z,125,FALSE
137,,,2024-08-01T00:00:00Z,136,FALSE
137,,,2024-08-01T00:00:00Z,141,FALSE
137,,,2024-08-01T00:00:00Z,45,FALSE
137,,,2024-08-01T00:00:00Z,143,FALSE
137,,,2024-08-01T00:00:00Z,142,FALSE
137,,,2024-08-01T00:00:00Z,370,FALSE
137,,,2024-08-01T00:00:00Z,371,FALSE
137,,,2024-08-01T00:00:00Z,372,FALSE
137,,,2024-08-01T00:00:00Z,330,FALSE
137,,,2024-08-01T00:00:00Z,373,FALSE
137,,,2024-08-01T00:00:00Z,211,FALSE
137,,,2024-08-01T00:00:00Z,226,FALSE
137,,,2024-08-01T00:00:00Z,233,FALSE
137,,,2024-08-01T00:00:00Z,378,FALSE
137,,,2024-08-01T00:00:00Z,377,FALSE
137,,,2024-08-01T00:00:00Z,310,FALSE
137,,,2024-08-01T00:00:00Z,379,FALSE
137,,,2024-08-01T00:00:00Z,382,FALSE
137,,,2024-08-01T00:00:00Z,381,FALSE
137,,,2024-08-01T00:00:00Z,383,FALSE
137,,,2024-08-01T00:00:00Z,385,FALSE
137,,,2024-08-01T00:00:00Z,352,FALSE
137,,,2024-08-01T00:00:00Z,353,FALSE
137,,,2024-08-01T00:00:00Z,354,FALSE
137,,,2024-08-01T00:00:00Z,144,FALSE
137,,,2024-08-01T00:00:00Z,356,FALSE
137,,,2024-08-01T00:00:00Z,357,FALSE
137,,,2024-08-01T00:00:00Z,358,FALSE
137,,,2024-08-01T00:00:00Z,355,FALSE
137,,,2024-08-01T00:00:00Z,364,FALSE
137,,,2024-08-01T00:00:00Z,365,FALSE
137,,,2024-08-01T00:00:00Z,366,FALSE
137,,,2024-09-01T00:00:00Z,138,FALSE
137,,,2024-09-01T00:00:00Z,368,FALSE
137,,,2024-09-01T00:00:00Z,140,FALSE
137,,,2024-09-01T00:00:00Z,369,FALSE
137,,,2024-09-01T00:00:00Z,139,FALSE
137,,,2024-09-01T00:00:00Z,125,FALSE
137,,,2024-09-01T00:00:00Z,136,FALSE
137,,,2024-09-01T00:00:00Z,141,FALSE
137,,,2024-09-01T00:00:00Z,45,FALSE
137,,,2024-09-01T00:00:00Z,143,FALSE
137,,,2024-09-01T00:00:00Z,142,FALSE
137,,,2024-09-01T00:00:00Z,370,FALSE
137,,,2024-09-01T00:00:00Z,371,FALSE
137,,,2024-09-01T00:00:00Z,372,FALSE
137,,,2024-09-01T00:00:00Z,330,FALSE
137,,,2024-09-01T00:00:00Z,373,FALSE
137,,,2024-09-01T00:00:00Z,211,FALSE
137,,,2024-09-01T00:00:00Z,226,FALSE
137,,,2024-09-01T00:00:00Z,233,FALSE
137,,,2024-09-01T00:00:00Z,378,FALSE
137,,,2024-09-01T00:00:00Z,377,FALSE
137,,,2024-09-01T00:00:00Z,310,FALSE
137,,,2024-09-01T00:00:00Z,379,FALSE
137,,,2024-09-01T00:00:00Z,382,FALSE
137,,,2024-09-01T00:00:00Z,381,FALSE
137,,,2024-09-01T00:00:00Z,383,FALSE
137,,,2024-09-01T00:00:00Z,385,FALSE
137,,,2024-09-01T00:00:00Z,352,FALSE
137,,,2024-09-01T00:00:00Z,353,FALSE
137,,,2024-09-01T00:00:00Z,354,FALSE
137,,,2024-09-01T00:00:00Z,144,FALSE
137,,,2024-09-01T00:00:00Z,356,FALSE
137,,,2024-09-01T00:00:00Z,357,FALSE
137,,,2024-09-01T00:00:00Z,358,FALSE
137,,,2024-09-01T00:00:00Z,355,FALSE
137,,,2024-09-01T00:00:00Z,364,FALSE
137,,,2024-09-01T00:00:00Z,365,FALSE
137,,,2024-09-01T00:00:00Z,366,FALSE
137,,,2024-10-01T00:00:00Z,138,FALSE
137,,,2024-10-01T00:00:00Z,368,FALSE
137,,,2024-10-01T00:00:00Z,140,FALSE
137,,,2024-10-01T00:00:00Z,369,FALSE
137,,,2024-10-01T00:00:00Z,139,FALSE
137,,,2024-10-01T00:00:00Z,125,FALSE
137,,,2024-10-01T00:00:00Z,136,FALSE
137,,,2024-10-01T00:00:00Z,141,FALSE
137,,,2024-10-01T00:00:00Z,45,FALSE
137,,,2024-10-01T00:00:00Z,143,FALSE
137,,,2024-10-01T00:00:00Z,142,FALSE
137,,,2024-10-01T00:00:00Z,370,FALSE
137,,,2024-10-01T00:00:00Z,371,FALSE
137,,,2024-10-01T00:00:00Z,372,FALSE
137,,,2024-10-01T00:00:00Z,330,FALSE
137,,,2024-10-01T00:00:00Z,373,FALSE
137,,,2024-10-01T00:00:00Z,211,FALSE
137,,,2024-10-01T00:00:00Z,226,FALSE
137,,,2024-10-01T00:00:00Z,233,FALSE
137,,,2024-10-01T00:00:00Z,378,FALSE
137,,,2024-10-01T00:00:00Z,377,FALSE
137,,,2024-10-01T00:00:00Z,310,FALSE
137,,,2024-10-01T00:00:00Z,379,FALSE
137,,,2024-10-01T00:00:00Z,382,FALSE
137,,,2024-10-01T00:00:00Z,381,FALSE
137,,,2024-10-01T00:00:00Z,383,FALSE
137,,,2024-10-01T00:00:00Z,385,FALSE
137,,,2024-10-01T00:00:00Z,352,FALSE
137,,,2024-10-01T00:00:00Z,353,FALSE
137,,,2024-10-01T00:00:00Z,354,FALSE
137,,,2024-10-01T00:00:00Z,144,FALSE
137,,,2024-10-01T00:00:00Z,356,FALSE
137,,,2024-10-01T00:00:00Z,357,FALSE
137,,,2024-10-01T00:00:00Z,358,FALSE
137,,,2024-10-01T00:00:00Z,355,FALSE
137,,,2024-10-01T00:00:00Z,364,FALSE
137,,,2024-10-01T00:00:00Z,365,FALSE
137,,,2024-10-01T00:00:00Z,366,FALSE
137,,,2024-11-01T00:00:00Z,138,FALSE
137,,,2024-11-01T00:00:00Z,368,FALSE
137,,,2024-11-01T00:00:00Z,140,FALSE
137,,,2024-11-01T00:00:00Z,369,FALSE
137,,,2024-11-01T00:00:00Z,139,FALSE
137,,,2024-11-01T00:00:00Z,125,FALSE
137,,,2024-11-01T00:00:00Z,136,FALSE
137,,,2024-11-01T00:00:00Z,141,FALSE
137,,,2024-11-01T00:00:00Z,45,FALSE
137,,,2024-11-01T00:00:00Z,143,FALSE
137,,,2024-11-01T00:00:00Z,142,FALSE
137,,,2024-11-01T00:00:00Z,370,FALSE
137,,,2024-11-01T00:00:00Z,371,FALSE
137,,,2024-11-01T00:00:00Z,372,FALSE
137,,,2024-11-01T00:00:00Z,330,FALSE
137,,,2024-11-01T00:00:00Z,373,FALSE
137,,,2024-11-01T00:00:00Z,211,FALSE
137,,,2024-11-01T00:00:00Z,226,FALSE
137,,,2024-11-01T00:00:00Z,233,FALSE
137,,,2024-11-01T00:00:00Z,378,FALSE
137,,,2024-11-01T00:00:00Z,377,FALSE
137,,,2024-11-01T00:00:00Z,310,FALSE
137,,,2024-11-01T00:00:00Z,379,FALSE
137,,,2024-11-01T00:00:00Z,382,FALSE
137,,,2024-11-01T00:00:00Z,381,FALSE
137,,,2024-11-01T00:00:00Z,383,FALSE
137,,,2024-11-01T00:00:00Z,385,FALSE
137,,,2024-11-01T00:00:00Z,352,FALSE
137,,,2024-11-01T00:00:00Z,353,FALSE
137,,,2024-11-01T00:00:00Z,354,FALSE
137,,,2024-11-01T00:00:00Z,144,FALSE
137,,,2024-11-01T00:00:00Z,356,FALSE
137,,,2024-11-01T00:00:00Z,357,FALSE
137,,,2024-11-01T00:00:00Z,358,FALSE
137,,,2024-11-01T00:00:00Z,355,FALSE
137,,,2024-11-01T00:00:00Z,364,FALSE
137,,,2024-11-01T00:00:00Z,365,FALSE
137,,,2024-11-01T00:00:00Z,366,FALSE
137,,,2024-12-01T00:00:00Z,138,FALSE
137,,,2024-12-01T00:00:00Z,368,FALSE
137,,,2024-12-01T00:00:00Z,140,FALSE
137,,,2024-12-01T00:00:00Z,369,FALSE
137,,,2024-12-01T00:00:00Z,139,FALSE
137,,,2024-12-01T00:00:00Z,125,FALSE
137,,,2024-12-01T00:00:00Z,136,FALSE
137,,,2024-12-01T00:00:00Z,141,FALSE
137,,,2024-12-01T00:00:00Z,45,FALSE
137,,,2024-12-01T00:00:00Z,143,FALSE
137,,,2024-12-01T00:00:00Z,142,FALSE
137,,,2024-12-01T00:00:00Z,370,FALSE
137,,,2024-12-01T00:00:00Z,371,FALSE
137,,,2024-12-01T00:00:00Z,372,FALSE
137,,,2024-12-01T00:00:00Z,330,FALSE
137,,,2024-12-01T00:00:00Z,373,FALSE
137,,,2024-12-01T00:00:00Z,211,FALSE
137,,,2024-12-01T00:00:00Z,226,FALSE
137,,,2024-12-01T00:00:00Z,233,FALSE
137,,,2024-12-01T00:00:00Z,378,FALSE
137,,,2024-12-01T00:00:00Z,377,FALSE
137,,,2024-12-01T00:00:00Z,310,FALSE
137,,,2024-12-01T00:00:00Z,379,FALSE
137,,,2024-12-01T00:00:00Z,382,FALSE
137,,,2024-12-01T00:00:00Z,381,FALSE
137,,,2024-12-01T00:00:00Z,383,FALSE
137,,,2024-12-01T00:00:00Z,385,FALSE
137,,,2024-12-01T00:00:00Z,352,FALSE
137,,,2024-12-01T00:00:00Z,353,FALSE
137,,,2024-12-01T00:00:00Z,354,FALSE
137,,,2024-12-01T00:00:00Z,144,FALSE
137,,,2024-12-01T00:00:00Z,356,FALSE
137,,,2024-12-01T00:00:00Z,357,FALSE
137,,,2024-12-01T00:00:00Z,358,FALSE
137,,,2024-12-01T00:00:00Z,355,FALSE
137,,,2024-12-01T00:00:00Z,364,FALSE
137,,,2024-12-01T00:00:00Z,365,FALSE
137,,,2024-12-01T00:00:00Z,366,FALSE
138,,,2024-01-01T00:00:00Z,368,FALSE
138,,,2024-01-01T00:00:00Z,140,FALSE
138,,,2024-01-01T00:00:00Z,369,FALSE
138,,,2024-01-01T00:00:00Z,139,FALSE
138,,,2024-01-01T00:00:00Z,125,FALSE
138,,,2024-01-01T00:00:00Z,136,FALSE
138,,,2024-01-01T00:00:00Z,141,FALSE
138,,,2024-01-01T00:00:00Z,45,FALSE
138,,,2024-01-01T00:00:00Z,143,FALSE
138,,,2024-01-01T00:00:00Z,137,FALSE
138,,,2024-01-01T00:00:00Z,142,FALSE
138,,,2024-01-01T00:00:00Z,370,FALSE
138,,,2024-01-01T00:00:00Z,371,FALSE
138,,,2024-01-01T00:00:00Z,372,FALSE
138,,,2024-01-01T00:00:00Z,330,FALSE
138,,,2024-01-01T00:00:00Z,373,FALSE
138,,,2024-01-01T00:00:00Z,211,FALSE
138,,,2024-01-01T00:00:00Z,226,FALSE
138,,,2024-01-01T00:00:00Z,233,FALSE
138,,,2024-01-01T00:00:00Z,378,FALSE
138,,,2024-01-01T00:00:00Z,377,FALSE
138,,,2024-01-01T00:00:00Z,310,FALSE
138,,,2024-01-01T00:00:00Z,379,FALSE
138,,,2024-01-01T00:00:00Z,382,FALSE
138,,,2024-01-01T00:00:00Z,381,FALSE
138,,,2024-01-01T00:00:00Z,383,FALSE
138,,,2024-01-01T00:00:00Z,385,FALSE
138,,,2024-01-01T00:00:00Z,352,FALSE
138,,,2024-01-01T00:00:00Z,353,FALSE
138,,,2024-01-01T00:00:00Z,354,FALSE
138,,,2024-01-01T00:00:00Z,144,FALSE
138,,,2024-01-01T00:00:00Z,356,FALSE
138,,,2024-01-01T00:00:00Z,357,FALSE
138,,,2024-01-01T00:00:00Z,358,FALSE
138,,,2024-01-01T00:00:00Z,355,FALSE
138,,,2024-01-01T00:00:00Z,364,FALSE
138,,,2024-01-01T00:00:00Z,365,FALSE
138,,,2024-01-01T00:00:00Z,366,FALSE
138,,,2024-02-01T00:00:00Z,368,FALSE
138,,,2024-02-01T00:00:00Z,140,FALSE
138,,,2024-02-01T00:00:00Z,369,FALSE
138,,,2024-02-01T00:00:00Z,139,FALSE
138,,,2024-02-01T00:00:00Z,125,FALSE
138,,,2024-02-01T00:00:00Z,136,FALSE
138,,,2024-02-01T00:00:00Z,141,FALSE
138,,,2024-02-01T00:00:00Z,45,FALSE
138,,,2024-02-01T00:00:00Z,143,FALSE
138,,,2024-02-01T00:00:00Z,137,FALSE
138,,,2024-02-01T00:00:00Z,142,FALSE
138,,,2024-02-01T00:00:00Z,370,FALSE
138,,,2024-02-01T00:00:00Z,371,FALSE
138,,,2024-02-01T00:00:00Z,372,FALSE
138,,,2024-02-01T00:00:00Z,330,FALSE
138,,,2024-02-01T00:00:00Z,373,FALSE
138,,,2024-02-01T00:00:00Z,211,FALSE
138,,,2024-02-01T00:00:00Z,226,FALSE
138,,,2024-02-01T00:00:00Z,233,FALSE
138,,,2024-02-01T00:00:00Z,378,FALSE
138,,,2024-02-01T00:00:00Z,377,FALSE
138,,,2024-02-01T00:00:00Z,310,FALSE
138,,,2024-02-01T00:00:00Z,379,FALSE
138,,,2024-02-01T00:00:00Z,382,FALSE
138,,,2024-02-01T00:00:00Z,381,FALSE
138,,,2024-02-01T00:00:00Z,383,FALSE
138,,,2024-02-01T00:00:00Z,385,FALSE
138,,,2024-02-01T00:00:00Z,352,FALSE
138,,,2024-02-01T00:00:00Z,353,FALSE
138,,,2024-02-01T00:00:00Z,354,FALSE
138,,,2024-02-01T00:00:00Z,144,FALSE
138,,,2024-02-01T00:00:00Z,356,FALSE
138,,,2024-02-01T00:00:00Z,357,FALSE
138,,,2024-02-01T00:00:00Z,358,FALSE
138,,,2024-02-01T00:00:00Z,355,FALSE
138,,,2024-02-01T00:00:00Z,364,FALSE
138,,,2024-02-01T00:00:00Z,365,FALSE
138,,,2024-02-01T00:00:00Z,366,FALSE
138,,,2024-03-01T00:00:00Z,368,FALSE
138,,,2024-03-01T00:00:00Z,140,FALSE
138,,,2024-03-01T00:00:00Z,369,FALSE
138,,,2024-03-01T00:00:00Z,139,FALSE
138,,,2024-03-01T00:00:00Z,125,FALSE
138,,,2024-03-01T00:00:00Z,136,FALSE
138,,,2024-03-01T00:00:00Z,141,FALSE
138,,,2024-03-01T00:00:00Z,45,FALSE
138,,,2024-03-01T00:00:00Z,143,FALSE
138,,,2024-03-01T00:00:00Z,137,FALSE
138,,,2024-03-01T00:00:00Z,142,FALSE
138,,,2024-03-01T00:00:00Z,370,FALSE
138,,,2024-03-01T00:00:00Z,371,FALSE
138,,,2024-03-01T00:00:00Z,372,FALSE
138,,,2024-03-01T00:00:00Z,330,FALSE
138,,,2024-03-01T00:00:00Z,373,FALSE
138,,,2024-03-01T00:00:00Z,211,FALSE
138,,,2024-03-01T00:00:00Z,226,FALSE
138,,,2024-03-01T00:00:00Z,233,FALSE
138,,,2024-03-01T00:00:00Z,378,FALSE
138,,,2024-03-01T00:00:00Z,377,FALSE
138,,,2024-03-01T00:00:00Z,310,FALSE
138,,,2024-03-01T00:00:00Z,379,FALSE
138,,,2024-03-01T00:00:00Z,382,FALSE
138,,,2024-03-01T00:00:00Z,381,FALSE
138,,,2024-03-01T00:00:00Z,383,FALSE
138,,,2024-03-01T00:00:00Z,385,FALSE
138,,,2024-03-01T00:00:00Z,352,FALSE
138,,,2024-03-01T00:00:00Z,353,FALSE
138,,,2024-03-01T00:00:00Z,354,FALSE
138,,,2024-03-01T00:00:00Z,144,FALSE
138,,,2024-03-01T00:00:00Z,356,FALSE
138,,,2024-03-01T00:00:00Z,357,FALSE
138,,,2024-03-01T00:00:00Z,358,FALSE
138,,,2024-03-01T00:00:00Z,355,FALSE
138,,,2024-03-01T00:00:00Z,364,FALSE
138,,,2024-03-01T00:00:00Z,365,FALSE
138,,,2024-03-01T00:00:00Z,366,FALSE
138,,,2024-04-01T00:00:00Z,368,FALSE
138,,,2024-04-01T00:00:00Z,140,FALSE
138,,,2024-04-01T00:00:00Z,369,FALSE
138,,,2024-04-01T00:00:00Z,139,FALSE
138,,,2024-04-01T00:00:00Z,125,FALSE
138,,,2024-04-01T00:00:00Z,136,FALSE
138,,,2024-04-01T00:00:00Z,141,FALSE
138,,,2024-04-01T00:00:00Z,45,FALSE
138,,,2024-04-01T00:00:00Z,143,FALSE
138,,,2024-04-01T00:00:00Z,137,FALSE
138,,,2024-04-01T00:00:00Z,142,FALSE
138,,,2024-04-01T00:00:00Z,370,FALSE
138,,,2024-04-01T00:00:00Z,371,FALSE
138,,,2024-04-01T00:00:00Z,372,FALSE
138,,,2024-04-01T00:00:00Z,330,FALSE
138,,,2024-04-01T00:00:00Z,373,FALSE
138,,,2024-04-01T00:00:00Z,211,FALSE
138,,,2024-04-01T00:00:00Z,226,FALSE
138,,,2024-04-01T00:00:00Z,233,FALSE
138,,,2024-04-01T00:00:00Z,378,FALSE
138,,,2024-04-01T00:00:00Z,377,FALSE
138,,,2024-04-01T00:00:00Z,310,FALSE
138,,,2024-04-01T00:00:00Z,379,FALSE
138,,,2024-04-01T00:00:00Z,382,FALSE
138,,,2024-04-01T00:00:00Z,381,FALSE
138,,,2024-04-01T00:00:00Z,383,FALSE
138,,,2024-04-01T00:00:00Z,385,FALSE
138,,,2024-04-01T00:00:00Z,352,FALSE
138,,,2024-04-01T00:00:00Z,353,FALSE
138,,,2024-04-01T00:00:00Z,354,FALSE
138,,,2024-04-01T00:00:00Z,144,FALSE
138,,,2024-04-01T00:00:00Z,356,FALSE
138,,,2024-04-01T00:00:00Z,357,FALSE
138,,,2024-04-01T00:00:00Z,358,FALSE
138,,,2024-04-01T00:00:00Z,355,FALSE
138,,,2024-04-01T00:00:00Z,364,FALSE
138,,,2024-04-01T00:00:00Z,365,FALSE
138,,,2024-04-01T00:00:00Z,366,FALSE
138,,,2024-05-01T00:00:00Z,368,FALSE
138,,,2024-05-01T00:00:00Z,140,FALSE
138,,,2024-05-01T00:00:00Z,369,FALSE
138,,,2024-05-01T00:00:00Z,139,FALSE
138,,,2024-05-01T00:00:00Z,125,FALSE
138,,,2024-05-01T00:00:00Z,136,FALSE
138,,,2024-05-01T00:00:00Z,141,FALSE
138,,,2024-05-01T00:00:00Z,45,FALSE
138,,,2024-05-01T00:00:00Z,143,FALSE
138,,,2024-05-01T00:00:00Z,137,FALSE
138,,,2024-05-01T00:00:00Z,142,FALSE
138,,,2024-05-01T00:00:00Z,370,FALSE
138,,,2024-05-01T00:00:00Z,371,FALSE
138,,,2024-05-01T00:00:00Z,372,FALSE
138,,,2024-05-01T00:00:00Z,330,FALSE
138,,,2024-05-01T00:00:00Z,373,FALSE
138,,,2024-05-01T00:00:00Z,211,FALSE
138,,,2024-05-01T00:00:00Z,226,FALSE
138,,,2024-05-01T00:00:00Z,233,FALSE
138,,,2024-05-01T00:00:00Z,378,FALSE
138,,,2024-05-01T00:00:00Z,377,FALSE
138,,,2024-05-01T00:00:00Z,310,FALSE
138,,,2024-05-01T00:00:00Z,379,FALSE
138,,,2024-05-01T00:00:00Z,382,FALSE
138,,,2024-05-01T00:00:00Z,381,FALSE
138,,,2024-05-01T00:00:00Z,383,FALSE
138,,,2024-05-01T00:00:00Z,385,FALSE
138,,,2024-05-01T00:00:00Z,352,FALSE
138,,,2024-05-01T00:00:00Z,353,FALSE
138,,,2024-05-01T00:00:00Z,354,FALSE
138,,,2024-05-01T00:00:00Z,144,FALSE
138,,,2024-05-01T00:00:00Z,356,FALSE
138,,,2024-05-01T00:00:00Z,357,FALSE
138,,,2024-05-01T00:00:00Z,358,FALSE
138,,,2024-05-01T00:00:00Z,355,FALSE
138,,,2024-05-01T00:00:00Z,364,FALSE
138,,,2024-05-01T00:00:00Z,365,FALSE
138,,,2024-05-01T00:00:00Z,366,FALSE
138,,,2024-06-01T00:00:00Z,368,FALSE
138,,,2024-06-01T00:00:00Z,140,FALSE
138,,,2024-06-01T00:00:00Z,369,FALSE
138,,,2024-06-01T00:00:00Z,139,FALSE
138,,,2024-06-01T00:00:00Z,125,FALSE
138,,,2024-06-01T00:00:00Z,136,FALSE
138,,,2024-06-01T00:00:00Z,141,FALSE
138,,,2024-06-01T00:00:00Z,45,FALSE
138,,,2024-06-01T00:00:00Z,143,FALSE
138,,,2024-06-01T00:00:00Z,137,FALSE
138,,,2024-06-01T00:00:00Z,142,FALSE
138,,,2024-06-01T00:00:00Z,370,FALSE
138,,,2024-06-01T00:00:00Z,371,FALSE
138,,,2024-06-01T00:00:00Z,372,FALSE
138,,,2024-06-01T00:00:00Z,330,FALSE
138,,,2024-06-01T00:00:00Z,373,FALSE
138,,,2024-06-01T00:00:00Z,211,FALSE
138,,,2024-06-01T00:00:00Z,226,FALSE
138,,,2024-06-01T00:00:00Z,233,FALSE
138,,,2024-06-01T00:00:00Z,378,FALSE
138,,,2024-06-01T00:00:00Z,377,FALSE
138,,,2024-06-01T00:00:00Z,310,FALSE
138,,,2024-06-01T00:00:00Z,379,FALSE
138,,,2024-06-01T00:00:00Z,382,FALSE
138,,,2024-06-01T00:00:00Z,381,FALSE
138,,,2024-06-01T00:00:00Z,383,FALSE
138,,,2024-06-01T00:00:00Z,385,FALSE
138,,,2024-06-01T00:00:00Z,352,FALSE
138,,,2024-06-01T00:00:00Z,353,FALSE
138,,,2024-06-01T00:00:00Z,354,FALSE
138,,,2024-06-01T00:00:00Z,144,FALSE
138,,,2024-06-01T00:00:00Z,356,FALSE
138,,,2024-06-01T00:00:00Z,357,FALSE
138,,,2024-06-01T00:00:00Z,358,FALSE
138,,,2024-06-01T00:00:00Z,355,FALSE
138,,,2024-06-01T00:00:00Z,364,FALSE
138,,,2024-06-01T00:00:00Z,365,FALSE
138,,,2024-06-01T00:00:00Z,366,FALSE
138,,,2024-07-01T00:00:00Z,368,FALSE
138,,,2024-07-01T00:00:00Z,140,FALSE
138,,,2024-07-01T00:00:00Z,369,FALSE
138,,,2024-07-01T00:00:00Z,139,FALSE
138,,,2024-07-01T00:00:00Z,125,FALSE
138,,,2024-07-01T00:00:00Z,136,FALSE
138,,,2024-07-01T00:00:00Z,141,FALSE
138,,,2024-07-01T00:00:00Z,45,FALSE
138,,,2024-07-01T00:00:00Z,143,FALSE
138,,,2024-07-01T00:00:00Z,137,FALSE
138,,,2024-07-01T00:00:00Z,142,FALSE
138,,,2024-07-01T00:00:00Z,370,FALSE
138,,,2024-07-01T00:00:00Z,371,FALSE
138,,,2024-07-01T00:00:00Z,372,FALSE
138,,,2024-07-01T00:00:00Z,330,FALSE
138,,,2024-07-01T00:00:00Z,373,FALSE
138,,,2024-07-01T00:00:00Z,211,FALSE
138,,,2024-07-01T00:00:00Z,226,FALSE
138,,,2024-07-01T00:00:00Z,233,FALSE
138,,,2024-07-01T00:00:00Z,378,FALSE
138,,,2024-07-01T00:00:00Z,377,FALSE
138,,,2024-07-01T00:00:00Z,310,FALSE
138,,,2024-07-01T00:00:00Z,379,FALSE
138,,,2024-07-01T00:00:00Z,382,FALSE
138,,,2024-07-01T00:00:00Z,381,FALSE
138,,,2024-07-01T00:00:00Z,383,FALSE
138,,,2024-07-01T00:00:00Z,385,FALSE
138,,,2024-07-01T00:00:00Z,352,FALSE
138,,,2024-07-01T00:00:00Z,353,FALSE
138,,,2024-07-01T00:00:00Z,354,FALSE
138,,,2024-07-01T00:00:00Z,144,FALSE
138,,,2024-07-01T00:00:00Z,356,FALSE
138,,,2024-07-01T00:00:00Z,357,FALSE
138,,,2024-07-01T00:00:00Z,358,FALSE
138,,,2024-07-01T00:00:00Z,355,FALSE
138,,,2024-07-01T00:00:00Z,364,FALSE
138,,,2024-07-01T00:00:00Z,365,FALSE
138,,,2024-07-01T00:00:00Z,366,FALSE
138,,,2024-08-01T00:00:00Z,368,FALSE
138,,,2024-08-01T00:00:00Z,140,FALSE
138,,,2024-08-01T00:00:00Z,369,FALSE
138,,,2024-08-01T00:00:00Z,139,FALSE
138,,,2024-08-01T00:00:00Z,125,FALSE
138,,,2024-08-01T00:00:00Z,136,FALSE
138,,,2024-08-01T00:00:00Z,141,FALSE
138,,,2024-08-01T00:00:00Z,45,FALSE
138,,,2024-08-01T00:00:00Z,143,FALSE
138,,,2024-08-01T00:00:00Z,137,FALSE
138,,,2024-08-01T00:00:00Z,142,FALSE
138,,,2024-08-01T00:00:00Z,370,FALSE
138,,,2024-08-01T00:00:00Z,371,FALSE
138,,,2024-08-01T00:00:00Z,372,FALSE
138,,,2024-08-01T00:00:00Z,330,FALSE
138,,,2024-08-01T00:00:00Z,373,FALSE
138,,,2024-08-01T00:00:00Z,211,FALSE
138,,,2024-08-01T00:00:00Z,226,FALSE
138,,,2024-08-01T00:00:00Z,233,FALSE
138,,,2024-08-01T00:00:00Z,378,FALSE
138,,,2024-08-01T00:00:00Z,377,FALSE
138,,,2024-08-01T00:00:00Z,310,FALSE
138,,,2024-08-01T00:00:00Z,379,FALSE
138,,,2024-08-01T00:00:00Z,382,FALSE
138,,,2024-08-01T00:00:00Z,381,FALSE
138,,,2024-08-01T00:00:00Z,383,FALSE
138,,,2024-08-01T00:00:00Z,385,FALSE
138,,,2024-08-01T00:00:00Z,352,FALSE
138,,,2024-08-01T00:00:00Z,353,FALSE
138,,,2024-08-01T00:00:00Z,354,FALSE
138,,,2024-08-01T00:00:00Z,144,FALSE
138,,,2024-08-01T00:00:00Z,356,FALSE
138,,,2024-08-01T00:00:00Z,357,FALSE
138,,,2024-08-01T00:00:00Z,358,FALSE
138,,,2024-08-01T00:00:00Z,355,FALSE
138,,,2024-08-01T00:00:00Z,364,FALSE
138,,,2024-08-01T00:00:00Z,365,FALSE
138,,,2024-08-01T00:00:00Z,366,FALSE
138,,,2024-09-01T00:00:00Z,368,FALSE
138,,,2024-09-01T00:00:00Z,140,FALSE
138,,,2024-09-01T00:00:00Z,369,FALSE
138,,,2024-09-01T00:00:00Z,139,FALSE
138,,,2024-09-01T00:00:00Z,125,FALSE
138,,,2024-09-01T00:00:00Z,136,FALSE
138,,,2024-09-01T00:00:00Z,141,FALSE
138,,,2024-09-01T00:00:00Z,45,FALSE
138,,,2024-09-01T00:00:00Z,143,FALSE
138,,,2024-09-01T00:00:00Z,137,FALSE
138,,,2024-09-01T00:00:00Z,142,FALSE
138,,,2024-09-01T00:00:00Z,370,FALSE
138,,,2024-09-01T00:00:00Z,371,FALSE
138,,,2024-09-01T00:00:00Z,372,FALSE
138,,,2024-09-01T00:00:00Z,330,FALSE
138,,,2024-09-01T00:00:00Z,373,FALSE
138,,,2024-09-01T00:00:00Z,211,FALSE
138,,,2024-09-01T00:00:00Z,226,FALSE
138,,,2024-09-01T00:00:00Z,233,FALSE
138,,,2024-09-01T00:00:00Z,378,FALSE
138,,,2024-09-01T00:00:00Z,377,FALSE
138,,,2024-09-01T00:00:00Z,310,FALSE
138,,,2024-09-01T00:00:00Z,379,FALSE
138,,,2024-09-01T00:00:00Z,382,FALSE
138,,,2024-09-01T00:00:00Z,381,FALSE
138,,,2024-09-01T00:00:00Z,383,FALSE
138,,,2024-09-01T00:00:00Z,385,FALSE
138,,,2024-09-01T00:00:00Z,352,FALSE
138,,,2024-09-01T00:00:00Z,353,FALSE
138,,,2024-09-01T00:00:00Z,354,FALSE
138,,,2024-09-01T00:00:00Z,144,FALSE
138,,,2024-09-01T00:00:00Z,356,FALSE
138,,,2024-09-01T00:00:00Z,357,FALSE
138,,,2024-09-01T00:00:00Z,358,FALSE
138,,,2024-09-01T00:00:00Z,355,FALSE
138,,,2024-09-01T00:00:00Z,364,FALSE
138,,,2024-09-01T00:00:00Z,365,FALSE
138,,,2024-09-01T00:00:00Z,366,FALSE
138,,,2024-10-01T00:00:00Z,368,FALSE
138,,,2024-10-01T00:00:00Z,140,FALSE
138,,,2024-10-01T00:00:00Z,369,FALSE
138,,,2024-10-01T00:00:00Z,139,FALSE
138,,,2024-10-01T00:00:00Z,125,FALSE
138,,,2024-10-01T00:00:00Z,136,FALSE
138,,,2024-10-01T00:00:00Z,141,FALSE
138,,,2024-10-01T00:00:00Z,45,FALSE
138,,,2024-10-01T00:00:00Z,143,FALSE
138,,,2024-10-01T00:00:00Z,137,FALSE
138,,,2024-10-01T00:00:00Z,142,FALSE
138,,,2024-10-01T00:00:00Z,370,FALSE
138,,,2024-10-01T00:00:00Z,371,FALSE
138,,,2024-10-01T00:00:00Z,372,FALSE
138,,,2024-10-01T00:00:00Z,330,FALSE
138,,,2024-10-01T00:00:00Z,373,FALSE
138,,,2024-10-01T00:00:00Z,211,FALSE
138,,,2024-10-01T00:00:00Z,226,FALSE
138,,,2024-10-01T00:00:00Z,233,FALSE
138,,,2024-10-01T00:00:00Z,378,FALSE
138,,,2024-10-01T00:00:00Z,377,FALSE
138,,,2024-10-01T00:00:00Z,310,FALSE
138,,,2024-10-01T00:00:00Z,379,FALSE
138,,,2024-10-01T00:00:00Z,382,FALSE
138,,,2024-10-01T00:00:00Z,381,FALSE
138,,,2024-10-01T00:00:00Z,383,FALSE
138,,,2024-10-01T00:00:00Z,385,FALSE
138,,,2024-10-01T00:00:00Z,352,FALSE
138,,,2024-10-01T00:00:00Z,353,FALSE
138,,,2024-10-01T00:00:00Z,354,FALSE
138,,,2024-10-01T00:00:00Z,144,FALSE
138,,,2024-10-01T00:00:00Z,356,FALSE
138,,,2024-10-01T00:00:00Z,357,FALSE
138,,,2024-10-01T00:00:00Z,358,FALSE
138,,,2024-10-01T00:00:00Z,355,FALSE
138,,,2024-10-01T00:00:00Z,364,FALSE
138,,,2024-10-01T00:00:00Z,365,FALSE
138,,,2024-10-01T00:00:00Z,366,FALSE
138,,,2024-11-01T00:00:00Z,368,FALSE
138,,,2024-11-01T00:00:00Z,140,FALSE
138,,,2024-11-01T00:00:00Z,369,FALSE
138,,,2024-11-01T00:00:00Z,139,FALSE
138,,,2024-11-01T00:00:00Z,125,FALSE
138,,,2024-11-01T00:00:00Z,136,FALSE
138,,,2024-11-01T00:00:00Z,141,FALSE
138,,,2024-11-01T00:00:00Z,45,FALSE
138,,,2024-11-01T00:00:00Z,143,FALSE
138,,,2024-11-01T00:00:00Z,137,FALSE
138,,,2024-11-01T00:00:00Z,142,FALSE
138,,,2024-11-01T00:00:00Z,370,FALSE
138,,,2024-11-01T00:00:00Z,371,FALSE
138,,,2024-11-01T00:00:00Z,372,FALSE
138,,,2024-11-01T00:00:00Z,330,FALSE
138,,,2024-11-01T00:00:00Z,373,FALSE
138,,,2024-11-01T00:00:00Z,211,FALSE
138,,,2024-11-01T00:00:00Z,226,FALSE
138,,,2024-11-01T00:00:00Z,233,FALSE
138,,,2024-11-01T00:00:00Z,378,FALSE
138,,,2024-11-01T00:00:00Z,377,FALSE
138,,,2024-11-01T00:00:00Z,310,FALSE
138,,,2024-11-01T00:00:00Z,379,FALSE
138,,,2024-11-01T00:00:00Z,382,FALSE
138,,,2024-11-01T00:00:00Z,381,FALSE
138,,,2024-11-01T00:00:00Z,383,FALSE
138,,,2024-11-01T00:00:00Z,385,FALSE
138,,,2024-11-01T00:00:00Z,352,FALSE
138,,,2024-11-01T00:00:00Z,353,FALSE
138,,,2024-11-01T00:00:00Z,354,FALSE
138,,,2024-11-01T00:00:00Z,144,FALSE
138,,,2024-11-01T00:00:00Z,356,FALSE
138,,,2024-11-01T00:00:00Z,357,FALSE
138,,,2024-11-01T00:00:00Z,358,FALSE
138,,,2024-11-01T00:00:00Z,355,FALSE
138,,,2024-11-01T00:00:00Z,364,FALSE
138,,,2024-11-01T00:00:00Z,365,FALSE
138,,,2024-11-01T00:00:00Z,366,FALSE
138,,,2024-12-01T00:00:00Z,368,FALSE
138,,,2024-12-01T00:00:00Z,140,FALSE
138,,,2024-12-01T00:00:00Z,369,FALSE
138,,,2024-12-01T00:00:00Z,139,FALSE
138,,,2024-12-01T00:00:00Z,125,FALSE
138,,,2024-12-01T00:00:00Z,136,FALSE
138,,,2024-12-01T00:00:00Z,141,FALSE
138,,,2024-12-01T00:00:00Z,45,FALSE
138,,,2024-12-01T00:00:00Z,143,FALSE
138,,,2024-12-01T00:00:00Z,137,FALSE
138,,,2024-12-01T00:00:00Z,142,FALSE
138,,,2024-12-01T00:00:00Z,370,FALSE
138,,,2024-12-01T00:00:00Z,371,FALSE
138,,,2024-12-01T00:00:00Z,372,FALSE
138,,,2024-12-01T00:00:00Z,330,FALSE
138,,,2024-12-01T00:00:00Z,373,FALSE
138,,,2024-12-01T00:00:00Z,211,FALSE
138,,,2024-12-01T00:00:00Z,226,FALSE
138,,,2024-12-01T00:00:00Z,233,FALSE
138,,,2024-12-01T00:00:00Z,378,FALSE
138,,,2024-12-01T00:00:00Z,377,FALSE
138,,,2024-12-01T00:00:00Z,310,FALSE
138,,,2024-12-01T00:00:00Z,379,FALSE
138,,,2024-12-01T00:00:00Z,382,FALSE
138,,,2024-12-01T00:00:00Z,381,FALSE
138,,,2024-12-01T00:00:00Z,383,FALSE
138,,,2024-12-01T00:00:00Z,385,FALSE
138,,,2024-12-01T00:00:00Z,352,FALSE
138,,,2024-12-01T00:00:00Z,353,FALSE
138,,,2024-12-01T00:00:00Z,354,FALSE
138,,,2024-12-01T00:00:00Z,144,FALSE
138,,,2024-12-01T00:00:00Z,356,FALSE
138,,,2024-12-01T00:00:00Z,357,FALSE
138,,,2024-12-01T00:00:00Z,358,FALSE
138,,,2024-12-01T00:00:00Z,355,FALSE
138,,,2024-12-01T00:00:00Z,364,FALSE
138,,,2024-12-01T00:00:00Z,365,FALSE
138,,,2024-12-01T00:00:00Z,366,FALSE
139,,,2024-01-01T00:00:00Z,138,FALSE
139,,,2024-01-01T00:00:00Z,368,FALSE
139,,,2024-01-01T00:00:00Z,140,FALSE
139,,,2024-01-01T00:00:00Z,369,FALSE
139,,,2024-01-01T00:00:00Z,125,FALSE
139,,,2024-01-01T00:00:00Z,136,FALSE
139,,,2024-01-01T00:00:00Z,141,FALSE
139,,,2024-01-01T00:00:00Z,45,FALSE
139,,,2024-01-01T00:00:00Z,143,FALSE
139,,,2024-01-01T00:00:00Z,137,FALSE
139,,,2024-01-01T00:00:00Z,142,FALSE
139,,,2024-01-01T00:00:00Z,370,FALSE
139,,,2024-01-01T00:00:00Z,371,FALSE
139,,,2024-01-01T00:00:00Z,372,FALSE
139,,,2024-01-01T00:00:00Z,330,FALSE
139,,,2024-01-01T00:00:00Z,373,FALSE
139,,,2024-01-01T00:00:00Z,211,FALSE
139,,,2024-01-01T00:00:00Z,226,FALSE
139,,,2024-01-01T00:00:00Z,233,FALSE
139,,,2024-01-01T00:00:00Z,378,FALSE
139,,,2024-01-01T00:00:00Z,377,FALSE
139,,,2024-01-01T00:00:00Z,310,FALSE
139,,,2024-01-01T00:00:00Z,379,FALSE
139,,,2024-01-01T00:00:00Z,382,FALSE
139,,,2024-01-01T00:00:00Z,381,FALSE
139,,,2024-01-01T00:00:00Z,383,FALSE
139,,,2024-01-01T00:00:00Z,385,FALSE
139,,,2024-01-01T00:00:00Z,352,FALSE
139,,,2024-01-01T00:00:00Z,353,FALSE
139,,,2024-01-01T00:00:00Z,354,FALSE
139,,,2024-01-01T00:00:00Z,144,FALSE
139,,,2024-01-01T00:00:00Z,356,FALSE
139,,,2024-01-01T00:00:00Z,357,FALSE
139,,,2024-01-01T00:00:00Z,358,FALSE
139,,,2024-01-01T00:00:00Z,355,FALSE
139,,,2024-01-01T00:00:00Z,364,FALSE
139,,,2024-01-01T00:00:00Z,365,FALSE
139,,,2024-01-01T00:00:00Z,366,FALSE
139,,,2024-02-01T00:00:00Z,138,FALSE
139,,,2024-02-01T00:00:00Z,368,FALSE
139,,,2024-02-01T00:00:00Z,140,FALSE
139,,,2024-02-01T00:00:00Z,369,FALSE
139,,,2024-02-01T00:00:00Z,125,FALSE
139,,,2024-02-01T00:00:00Z,136,FALSE
139,,,2024-02-01T00:00:00Z,141,FALSE
139,,,2024-02-01T00:00:00Z,45,FALSE
139,,,2024-02-01T00:00:00Z,143,FALSE
139,,,2024-02-01T00:00:00Z,137,FALSE
139,,,2024-02-01T00:00:00Z,142,FALSE
139,,,2024-02-01T00:00:00Z,370,FALSE
139,,,2024-02-01T00:00:00Z,371,FALSE
139,,,2024-02-01T00:00:00Z,372,FALSE
139,,,2024-02-01T00:00:00Z,330,FALSE
139,,,2024-02-01T00:00:00Z,373,FALSE
139,,,2024-02-01T00:00:00Z,211,FALSE
139,,,2024-02-01T00:00:00Z,226,FALSE
139,,,2024-02-01T00:00:00Z,233,FALSE
139,,,2024-02-01T00:00:00Z,378,FALSE
139,,,2024-02-01T00:00:00Z,377,FALSE
139,,,2024-02-01T00:00:00Z,310,FALSE
139,,,2024-02-01T00:00:00Z,379,FALSE
139,,,2024-02-01T00:00:00Z,382,FALSE
139,,,2024-02-01T00:00:00Z,381,FALSE
139,,,2024-02-01T00:00:00Z,383,FALSE
139,,,2024-02-01T00:00:00Z,385,FALSE
139,,,2024-02-01T00:00:00Z,352,FALSE
139,,,2024-02-01T00:00:00Z,353,FALSE
139,,,2024-02-01T00:00:00Z,354,FALSE
139,,,2024-02-01T00:00:00Z,144,FALSE
139,,,2024-02-01T00:00:00Z,356,FALSE
139,,,2024-02-01T00:00:00Z,357,FALSE
139,,,2024-02-01T00:00:00Z,358,FALSE
139,,,2024-02-01T00:00:00Z,355,FALSE
139,,,2024-02-01T00:00:00Z,364,FALSE
139,,,2024-02-01T00:00:00Z,365,FALSE
139,,,2024-02-01T00:00:00Z,366,FALSE
139,,,2024-03-01T00:00:00Z,138,FALSE
139,,,2024-03-01T00:00:00Z,368,FALSE
139,,,2024-03-01T00:00:00Z,140,FALSE
139,,,2024-03-01T00:00:00Z,369,FALSE
139,,,2024-03-01T00:00:00Z,125,FALSE
139,,,2024-03-01T00:00:00Z,136,FALSE
139,,,2024-03-01T00:00:00Z,141,FALSE
139,,,2024-03-01T00:00:00Z,45,FALSE
139,,,2024-03-01T00:00:00Z,143,FALSE
139,,,2024-03-01T00:00:00Z,137,FALSE
139,,,2024-03-01T00:00:00Z,142,FALSE
139,,,2024-03-01T00:00:00Z,370,FALSE
139,,,2024-03-01T00:00:00Z,371,FALSE
139,,,2024-03-01T00:00:00Z,372,FALSE
139,,,2024-03-01T00:00:00Z,330,FALSE
139,,,2024-03-01T00:00:00Z,373,FALSE
139,,,2024-03-01T00:00:00Z,211,FALSE
139,,,2024-03-01T00:00:00Z,226,FALSE
139,,,2024-03-01T00:00:00Z,233,FALSE
139,,,2024-03-01T00:00:00Z,378,FALSE
139,,,2024-03-01T00:00:00Z,377,FALSE
139,,,2024-03-01T00:00:00Z,310,FALSE
139,,,2024-03-01T00:00:00Z,379,FALSE
139,,,2024-03-01T00:00:00Z,382,FALSE
139,,,2024-03-01T00:00:00Z,381,FALSE
139,,,2024-03-01T00:00:00Z,383,FALSE
139,,,2024-03-01T00:00:00Z,385,FALSE
139,,,2024-03-01T00:00:00Z,352,FALSE
139,,,2024-03-01T00:00:00Z,353,FALSE
139,,,2024-03-01T00:00:00Z,354,FALSE
139,,,2024-03-01T00:00:00Z,144,FALSE
139,,,2024-03-01T00:00:00Z,356,FALSE
139,,,2024-03-01T00:00:00Z,357,FALSE
139,,,2024-03-01T00:00:00Z,358,FALSE
139,,,2024-03-01T00:00:00Z,355,FALSE
139,,,2024-03-01T00:00:00Z,364,FALSE
139,,,2024-03-01T00:00:00Z,365,FALSE
139,,,2024-03-01T00:00:00Z,366,FALSE
139,,,2024-04-01T00:00:00Z,138,FALSE
139,,,2024-04-01T00:00:00Z,368,FALSE
139,,,2024-04-01T00:00:00Z,140,FALSE
139,,,2024-04-01T00:00:00Z,369,FALSE
139,,,2024-04-01T00:00:00Z,125,FALSE
139,,,2024-04-01T00:00:00Z,136,FALSE
139,,,2024-04-01T00:00:00Z,141,FALSE
139,,,2024-04-01T00:00:00Z,45,FALSE
139,,,2024-04-01T00:00:00Z,143,FALSE
139,,,2024-04-01T00:00:00Z,137,FALSE
139,,,2024-04-01T00:00:00Z,142,FALSE
139,,,2024-04-01T00:00:00Z,370,FALSE
139,,,2024-04-01T00:00:00Z,371,FALSE
139,,,2024-04-01T00:00:00Z,372,FALSE
139,,,2024-04-01T00:00:00Z,330,FALSE
139,,,2024-04-01T00:00:00Z,373,FALSE
139,,,2024-04-01T00:00:00Z,211,FALSE
139,,,2024-04-01T00:00:00Z,226,FALSE
139,,,2024-04-01T00:00:00Z,233,FALSE
139,,,2024-04-01T00:00:00Z,378,FALSE
139,,,2024-04-01T00:00:00Z,377,FALSE
139,,,2024-04-01T00:00:00Z,310,FALSE
139,,,2024-04-01T00:00:00Z,379,FALSE
139,,,2024-04-01T00:00:00Z,382,FALSE
139,,,2024-04-01T00:00:00Z,381,FALSE
139,,,2024-04-01T00:00:00Z,383,FALSE
139,,,2024-04-01T00:00:00Z,385,FALSE
139,,,2024-04-01T00:00:00Z,352,FALSE
139,,,2024-04-01T00:00:00Z,353,FALSE
139,,,2024-04-01T00:00:00Z,354,FALSE
139,,,2024-04-01T00:00:00Z,144,FALSE
139,,,2024-04-01T00:00:00Z,356,FALSE
139,,,2024-04-01T00:00:00Z,357,FALSE
139,,,2024-04-01T00:00:00Z,358,FALSE
139,,,2024-04-01T00:00:00Z,355,FALSE
139,,,2024-04-01T00:00:00Z,364,FALSE
139,,,2024-04-01T00:00:00Z,365,FALSE
139,,,2024-04-01T00:00:00Z,366,FALSE
139,,,2024-05-01T00:00:00Z,138,FALSE
139,,,2024-05-01T00:00:00Z,368,FALSE
139,,,2024-05-01T00:00:00Z,140,FALSE
139,,,2024-05-01T00:00:00Z,369,FALSE
139,,,2024-05-01T00:00:00Z,125,FALSE
139,,,2024-05-01T00:00:00Z,136,FALSE
139,,,2024-05-01T00:00:00Z,141,FALSE
139,,,2024-05-01T00:00:00Z,45,FALSE
139,,,2024-05-01T00:00:00Z,143,FALSE
139,,,2024-05-01T00:00:00Z,137,FALSE
139,,,2024-05-01T00:00:00Z,142,FALSE
139,,,2024-05-01T00:00:00Z,370,FALSE
139,,,2024-05-01T00:00:00Z,371,FALSE
139,,,2024-05-01T00:00:00Z,372,FALSE
139,,,2024-05-01T00:00:00Z,330,FALSE
139,,,2024-05-01T00:00:00Z,373,FALSE
139,,,2024-05-01T00:00:00Z,211,FALSE
139,,,2024-05-01T00:00:00Z,226,FALSE
139,,,2024-05-01T00:00:00Z,233,FALSE
139,,,2024-05-01T00:00:00Z,378,FALSE
139,,,2024-05-01T00:00:00Z,377,FALSE
139,,,2024-05-01T00:00:00Z,310,FALSE
139,,,2024-05-01T00:00:00Z,379,FALSE
139,,,2024-05-01T00:00:00Z,382,FALSE
139,,,2024-05-01T00:00:00Z,381,FALSE
139,,,2024-05-01T00:00:00Z,383,FALSE
139,,,2024-05-01T00:00:00Z,385,FALSE
139,,,2024-05-01T00:00:00Z,352,FALSE
139,,,2024-05-01T00:00:00Z,353,FALSE
139,,,2024-05-01T00:00:00Z,354,FALSE
139,,,2024-05-01T00:00:00Z,144,FALSE
139,,,2024-05-01T00:00:00Z,356,FALSE
139,,,2024-05-01T00:00:00Z,357,FALSE
139,,,2024-05-01T00:00:00Z,358,FALSE
139,,,2024-05-01T00:00:00Z,355,FALSE
139,,,2024-05-01T00:00:00Z,364,FALSE
139,,,2024-05-01T00:00:00Z,365,FALSE
139,,,2024-05-01T00:00:00Z,366,FALSE
139,,,2024-06-01T00:00:00Z,138,FALSE
139,,,2024-06-01T00:00:00Z,368,FALSE
139,,,2024-06-01T00:00:00Z,140,FALSE
139,,,2024-06-01T00:00:00Z,369,FALSE
139,,,2024-06-01T00:00:00Z,125,FALSE
139,,,2024-06-01T00:00:00Z,136,FALSE
139,,,2024-06-01T00:00:00Z,141,FALSE
139,,,2024-06-01T00:00:00Z,45,FALSE
139,,,2024-06-01T00:00:00Z,143,FALSE
139,,,2024-06-01T00:00:00Z,137,FALSE
139,,,2024-06-01T00:00:00Z,142,FALSE
139,,,2024-06-01T00:00:00Z,370,FALSE
139,,,2024-06-01T00:00:00Z,371,FALSE
139,,,2024-06-01T00:00:00Z,372,FALSE
139,,,2024-06-01T00:00:00Z,330,FALSE
139,,,2024-06-01T00:00:00Z,373,FALSE
139,,,2024-06-01T00:00:00Z,211,FALSE
139,,,2024-06-01T00:00:00Z,226,FALSE
139,,,2024-06-01T00:00:00Z,233,FALSE
139,,,2024-06-01T00:00:00Z,378,FALSE
139,,,2024-06-01T00:00:00Z,377,FALSE
139,,,2024-06-01T00:00:00Z,310,FALSE
139,,,2024-06-01T00:00:00Z,379,FALSE
139,,,2024-06-01T00:00:00Z,382,FALSE
139,,,2024-06-01T00:00:00Z,381,FALSE
139,,,2024-06-01T00:00:00Z,383,FALSE
139,,,2024-06-01T00:00:00Z,385,FALSE
139,,,2024-06-01T00:00:00Z,352,FALSE
139,,,2024-06-01T00:00:00Z,353,FALSE
139,,,2024-06-01T00:00:00Z,354,FALSE
139,,,2024-06-01T00:00:00Z,144,FALSE
139,,,2024-06-01T00:00:00Z,356,FALSE
139,,,2024-06-01T00:00:00Z,357,FALSE
139,,,2024-06-01T00:00:00Z,358,FALSE
139,,,2024-06-01T00:00:00Z,355,FALSE
139,,,2024-06-01T00:00:00Z,364,FALSE
139,,,2024-06-01T00:00:00Z,365,FALSE
139,,,2024-06-01T00:00:00Z,366,FALSE
139,,,2024-07-01T00:00:00Z,138,FALSE
139,,,2024-07-01T00:00:00Z,368,FALSE
139,,,2024-07-01T00:00:00Z,140,FALSE
139,,,2024-07-01T00:00:00Z,369,FALSE
139,,,2024-07-01T00:00:00Z,125,FALSE
139,,,2024-07-01T00:00:00Z,136,FALSE
139,,,2024-07-01T00:00:00Z,141,FALSE
139,,,2024-07-01T00:00:00Z,45,FALSE
139,,,2024-07-01T00:00:00Z,143,FALSE
139,,,2024-07-01T00:00:00Z,137,FALSE
139,,,2024-07-01T00:00:00Z,142,FALSE
139,,,2024-07-01T00:00:00Z,370,FALSE
139,,,2024-07-01T00:00:00Z,371,FALSE
139,,,2024-07-01T00:00:00Z,372,FALSE
139,,,2024-07-01T00:00:00Z,330,FALSE
139,,,2024-07-01T00:00:00Z,373,FALSE
139,,,2024-07-01T00:00:00Z,211,FALSE
139,,,2024-07-01T00:00:00Z,226,FALSE
139,,,2024-07-01T00:00:00Z,233,FALSE
139,,,2024-07-01T00:00:00Z,378,FALSE
139,,,2024-07-01T00:00:00Z,377,FALSE
139,,,2024-07-01T00:00:00Z,310,FALSE
139,,,2024-07-01T00:00:00Z,379,FALSE
139,,,2024-07-01T00:00:00Z,382,FALSE
139,,,2024-07-01T00:00:00Z,381,FALSE
139,,,2024-07-01T00:00:00Z,383,FALSE
139,,,2024-07-01T00:00:00Z,385,FALSE
139,,,2024-07-01T00:00:00Z,352,FALSE
139,,,2024-07-01T00:00:00Z,353,FALSE
139,,,2024-07-01T00:00:00Z,354,FALSE
139,,,2024-07-01T00:00:00Z,144,FALSE
139,,,2024-07-01T00:00:00Z,356,FALSE
139,,,2024-07-01T00:00:00Z,357,FALSE
139,,,2024-07-01T00:00:00Z,358,FALSE
139,,,2024-07-01T00:00:00Z,355,FALSE
139,,,2024-07-01T00:00:00Z,364,FALSE
139,,,2024-07-01T00:00:00Z,365,FALSE
139,,,2024-07-01T00:00:00Z,366,FALSE
139,,,2024-08-01T00:00:00Z,138,FALSE
139,,,2024-08-01T00:00:00Z,368,FALSE
139,,,2024-08-01T00:00:00Z,140,FALSE
139,,,2024-08-01T00:00:00Z,369,FALSE
139,,,2024-08-01T00:00:00Z,125,FALSE
139,,,2024-08-01T00:00:00Z,136,FALSE
139,,,2024-08-01T00:00:00Z,141,FALSE
139,,,2024-08-01T00:00:00Z,45,FALSE
139,,,2024-08-01T00:00:00Z,143,FALSE
139,,,2024-08-01T00:00:00Z,137,FALSE
139,,,2024-08-01T00:00:00Z,142,FALSE
139,,,2024-08-01T00:00:00Z,370,FALSE
139,,,2024-08-01T00:00:00Z,371,FALSE
139,,,2024-08-01T00:00:00Z,372,FALSE
139,,,2024-08-01T00:00:00Z,330,FALSE
139,,,2024-08-01T00:00:00Z,373,FALSE
139,,,2024-08-01T00:00:00Z,211,FALSE
139,,,2024-08-01T00:00:00Z,226,FALSE
139,,,2024-08-01T00:00:00Z,233,FALSE
139,,,2024-08-01T00:00:00Z,378,FALSE
139,,,2024-08-01T00:00:00Z,377,FALSE
139,,,2024-08-01T00:00:00Z,310,FALSE
139,,,2024-08-01T00:00:00Z,379,FALSE
139,,,2024-08-01T00:00:00Z,382,FALSE
139,,,2024-08-01T00:00:00Z,381,FALSE
139,,,2024-08-01T00:00:00Z,383,FALSE
139,,,2024-08-01T00:00:00Z,385,FALSE
139,,,2024-08-01T00:00:00Z,352,FALSE
139,,,2024-08-01T00:00:00Z,353,FALSE
139,,,2024-08-01T00:00:00Z,354,FALSE
139,,,2024-08-01T00:00:00Z,144,FALSE
139,,,2024-08-01T00:00:00Z,356,FALSE
139,,,2024-08-01T00:00:00Z,357,FALSE
139,,,2024-08-01T00:00:00Z,358,FALSE
139,,,2024-08-01T00:00:00Z,355,FALSE
139,,,2024-08-01T00:00:00Z,364,FALSE
139,,,2024-08-01T00:00:00Z,365,FALSE
139,,,2024-08-01T00:00:00Z,366,FALSE
139,,,2024-09-01T00:00:00Z,138,FALSE
139,,,2024-09-01T00:00:00Z,368,FALSE
139,,,2024-09-01T00:00:00Z,140,FALSE
139,,,2024-09-01T00:00:00Z,369,FALSE
139,,,2024-09-01T00:00:00Z,125,FALSE
139,,,2024-09-01T00:00:00Z,136,FALSE
139,,,2024-09-01T00:00:00Z,141,FALSE
139,,,2024-09-01T00:00:00Z,45,FALSE
139,,,2024-09-01T00:00:00Z,143,FALSE
139,,,2024-09-01T00:00:00Z,137,FALSE
139,,,2024-09-01T00:00:00Z,142,FALSE
139,,,2024-09-01T00:00:00Z,370,FALSE
139,,,2024-09-01T00:00:00Z,371,FALSE
139,,,2024-09-01T00:00:00Z,372,FALSE
139,,,2024-09-01T00:00:00Z,330,FALSE
139,,,2024-09-01T00:00:00Z,373,FALSE
139,,,2024-09-01T00:00:00Z,211,FALSE
139,,,2024-09-01T00:00:00Z,226,FALSE
139,,,2024-09-01T00:00:00Z,233,FALSE
139,,,2024-09-01T00:00:00Z,378,FALSE
139,,,2024-09-01T00:00:00Z,377,FALSE
139,,,2024-09-01T00:00:00Z,310,FALSE
139,,,2024-09-01T00:00:00Z,379,FALSE
139,,,2024-09-01T00:00:00Z,382,FALSE
139,,,2024-09-01T00:00:00Z,381,FALSE
139,,,2024-09-01T00:00:00Z,383,FALSE
139,,,2024-09-01T00:00:00Z,385,FALSE
139,,,2024-09-01T00:00:00Z,352,FALSE
139,,,2024-09-01T00:00:00Z,353,FALSE
139,,,2024-09-01T00:00:00Z,354,FALSE
139,,,2024-09-01T00:00:00Z,144,FALSE
139,,,2024-09-01T00:00:00Z,356,FALSE
139,,,2024-09-01T00:00:00Z,357,FALSE
139,,,2024-09-01T00:00:00Z,358,FALSE
139,,,2024-09-01T00:00:00Z,355,FALSE
139,,,2024-09-01T00:00:00Z,364,FALSE
139,,,2024-09-01T00:00:00Z,365,FALSE
139,,,2024-09-01T00:00:00Z,366,FALSE
139,,,2024-10-01T00:00:00Z,138,FALSE
139,,,2024-10-01T00:00:00Z,368,FALSE
139,,,2024-10-01T00:00:00Z,140,FALSE
139,,,2024-10-01T00:00:00Z,369,FALSE
139,,,2024-10-01T00:00:00Z,125,FALSE
139,,,2024-10-01T00:00:00Z,136,FALSE
139,,,2024-10-01T00:00:00Z,141,FALSE
139,,,2024-10-01T00:00:00Z,45,FALSE
139,,,2024-10-01T00:00:00Z,143,FALSE
139,,,2024-10-01T00:00:00Z,137,FALSE
139,,,2024-10-01T00:00:00Z,142,FALSE
139,,,2024-10-01T00:00:00Z,370,FALSE
139,,,2024-10-01T00:00:00Z,371,FALSE
139,,,2024-10-01T00:00:00Z,372,FALSE
139,,,2024-10-01T00:00:00Z,330,FALSE
139,,,2024-10-01T00:00:00Z,373,FALSE
139,,,2024-10-01T00:00:00Z,211,FALSE
139,,,2024-10-01T00:00:00Z,226,FALSE
139,,,2024-10-01T00:00:00Z,233,FALSE
139,,,2024-10-01T00:00:00Z,378,FALSE
139,,,2024-10-01T00:00:00Z,377,FALSE
139,,,2024-10-01T00:00:00Z,310,FALSE
139,,,2024-10-01T00:00:00Z,379,FALSE
139,,,2024-10-01T00:00:00Z,382,FALSE
139,,,2024-10-01T00:00:00Z,381,FALSE
139,,,2024-10-01T00:00:00Z,383,FALSE
139,,,2024-10-01T00:00:00Z,385,FALSE
139,,,2024-10-01T00:00:00Z,352,FALSE
139,,,2024-10-01T00:00:00Z,353,FALSE
139,,,2024-10-01T00:00:00Z,354,FALSE
139,,,2024-10-01T00:00:00Z,144,FALSE
139,,,2024-10-01T00:00:00Z,356,FALSE
139,,,2024-10-01T00:00:00Z,357,FALSE
139,,,2024-10-01T00:00:00Z,358,FALSE
139,,,2024-10-01T00:00:00Z,355,FALSE
139,,,2024-10-01T00:00:00Z,364,FALSE
139,,,2024-10-01T00:00:00Z,365,FALSE
139,,,2024-10-01T00:00:00Z,366,FALSE
139,,,2024-11-01T00:00:00Z,138,FALSE
139,,,2024-11-01T00:00:00Z,368,FALSE
139,,,2024-11-01T00:00:00Z,140,FALSE
139,,,2024-11-01T00:00:00Z,369,FALSE
139,,,2024-11-01T00:00:00Z,125,FALSE
139,,,2024-11-01T00:00:00Z,136,FALSE
139,,,2024-11-01T00:00:00Z,141,FALSE
139,,,2024-11-01T00:00:00Z,45,FALSE
139,,,2024-11-01T00:00:00Z,143,FALSE
139,,,2024-11-01T00:00:00Z,137,FALSE
139,,,2024-11-01T00:00:00Z,142,FALSE
139,,,2024-11-01T00:00:00Z,370,FALSE
139,,,2024-11-01T00:00:00Z,371,FALSE
139,,,2024-11-01T00:00:00Z,372,FALSE
139,,,2024-11-01T00:00:00Z,330,FALSE
139,,,2024-11-01T00:00:00Z,373,FALSE
139,,,2024-11-01T00:00:00Z,211,FALSE
139,,,2024-11-01T00:00:00Z,226,FALSE
139,,,2024-11-01T00:00:00Z,233,FALSE
139,,,2024-11-01T00:00:00Z,378,FALSE
139,,,2024-11-01T00:00:00Z,377,FALSE
139,,,2024-11-01T00:00:00Z,310,FALSE
139,,,2024-11-01T00:00:00Z,379,FALSE
139,,,2024-11-01T00:00:00Z,382,FALSE
139,,,2024-11-01T00:00:00Z,381,FALSE
139,,,2024-11-01T00:00:00Z,383,FALSE
139,,,2024-11-01T00:00:00Z,385,FALSE
139,,,2024-11-01T00:00:00Z,352,FALSE
139,,,2024-11-01T00:00:00Z,353,FALSE
139,,,2024-11-01T00:00:00Z,354,FALSE
139,,,2024-11-01T00:00:00Z,144,FALSE
139,,,2024-11-01T00:00:00Z,356,FALSE
139,,,2024-11-01T00:00:00Z,357,FALSE
139,,,2024-11-01T00:00:00Z,358,FALSE
139,,,2024-11-01T00:00:00Z,355,FALSE
139,,,2024-11-01T00:00:00Z,364,FALSE
139,,,2024-11-01T00:00:00Z,365,FALSE
139,,,2024-11-01T00:00:00Z,366,FALSE
139,,,2024-12-01T00:00:00Z,138,FALSE
139,,,2024-12-01T00:00:00Z,368,FALSE
139,,,2024-12-01T00:00:00Z,140,FALSE
139,,,2024-12-01T00:00:00Z,369,FALSE
139,,,2024-12-01T00:00:00Z,125,FALSE
139,,,2024-12-01T00:00:00Z,136,FALSE
139,,,2024-12-01T00:00:00Z,141,FALSE
139,,,2024-12-01T00:00:00Z,45,FALSE
139,,,2024-12-01T00:00:00Z,143,FALSE
139,,,2024-12-01T00:00:00Z,137,FALSE
139,,,2024-12-01T00:00:00Z,142,FALSE
139,,,2024-12-01T00:00:00Z,370,FALSE
139,,,2024-12-01T00:00:00Z,371,FALSE
139,,,2024-12-01T00:00:00Z,372,FALSE
139,,,2024-12-01T00:00:00Z,330,FALSE
139,,,2024-12-01T00:00:00Z,373,FALSE
139,,,2024-12-01T00:00:00Z,211,FALSE
139,,,2024-12-01T00:00:00Z,226,FALSE
139,,,2024-12-01T00:00:00Z,233,FALSE
139,,,2024-12-01T00:00:00Z,378,FALSE
139,,,2024-12-01T00:00:00Z,377,FALSE
139,,,2024-12-01T00:00:00Z,310,FALSE
139,,,2024-12-01T00:00:00Z,379,FALSE
139,,,2024-12-01T00:00:00Z,382,FALSE
139,,,2024-12-01T00:00:00Z,381,FALSE
139,,,2024-12-01T00:00:00Z,383,FALSE
139,,,2024-12-01T00:00:00Z,385,FALSE
139,,,2024-12-01T00:00:00Z,352,FALSE
139,,,2024-12-01T00:00:00Z,353,FALSE
139,,,2024-12-01T00:00:00Z,354,FALSE
139,,,2024-12-01T00:00:00Z,144,FALSE
139,,,2024-12-01T00:00:00Z,356,FALSE
139,,,2024-12-01T00:00:00Z,357,FALSE
139,,,2024-12-01T00:00:00Z,358,FALSE
139,,,2024-12-01T00:00:00Z,355,FALSE
139,,,2024-12-01T00:00:00Z,364,FALSE
139,,,2024-12-01T00:00:00Z,365,FALSE
139,,,2024-12-01T00:00:00Z,366,FALSE
140,,,2024-01-01T00:00:00Z,138,FALSE
140,,,2024-01-01T00:00:00Z,368,FALSE
140,,,2024-01-01T00:00:00Z,369,FALSE
140,,,2024-01-01T00:00:00Z,139,FALSE
140,,,2024-01-01T00:00:00Z,125,FALSE
140,,,2024-01-01T00:00:00Z,136,FALSE
140,,,2024-01-01T00:00:00Z,141,FALSE
140,,,2024-01-01T00:00:00Z,45,FALSE
140,,,2024-01-01T00:00:00Z,143,FALSE
140,,,2024-01-01T00:00:00Z,137,FALSE
140,,,2024-01-01T00:00:00Z,142,FALSE
140,,,2024-01-01T00:00:00Z,370,FALSE
140,,,2024-01-01T00:00:00Z,371,FALSE
140,,,2024-01-01T00:00:00Z,372,FALSE
140,,,2024-01-01T00:00:00Z,330,FALSE
140,,,2024-01-01T00:00:00Z,373,FALSE
140,,,2024-01-01T00:00:00Z,211,FALSE
140,,,2024-01-01T00:00:00Z,226,FALSE
140,,,2024-01-01T00:00:00Z,233,FALSE
140,,,2024-01-01T00:00:00Z,378,FALSE
140,,,2024-01-01T00:00:00Z,377,FALSE
140,,,2024-01-01T00:00:00Z,310,FALSE
140,,,2024-01-01T00:00:00Z,379,FALSE
140,,,2024-01-01T00:00:00Z,382,FALSE
140,,,2024-01-01T00:00:00Z,381,FALSE
140,,,2024-01-01T00:00:00Z,383,FALSE
140,,,2024-01-01T00:00:00Z,385,FALSE
140,,,2024-01-01T00:00:00Z,352,FALSE
140,,,2024-01-01T00:00:00Z,353,FALSE
140,,,2024-01-01T00:00:00Z,354,FALSE
140,,,2024-01-01T00:00:00Z,144,FALSE
140,,,2024-01-01T00:00:00Z,356,FALSE
140,,,2024-01-01T00:00:00Z,357,FALSE
140,,,2024-01-01T00:00:00Z,358,FALSE
140,,,2024-01-01T00:00:00Z,355,FALSE
140,,,2024-01-01T00:00:00Z,364,FALSE
140,,,2024-01-01T00:00:00Z,365,FALSE
140,,,2024-01-01T00:00:00Z,366,FALSE
140,,,2024-02-01T00:00:00Z,138,FALSE
140,,,2024-02-01T00:00:00Z,368,FALSE
140,,,2024-02-01T00:00:00Z,369,FALSE
140,,,2024-02-01T00:00:00Z,139,FALSE
140,,,2024-02-01T00:00:00Z,125,FALSE
140,,,2024-02-01T00:00:00Z,136,FALSE
140,,,2024-02-01T00:00:00Z,141,FALSE
140,,,2024-02-01T00:00:00Z,45,FALSE
140,,,2024-02-01T00:00:00Z,143,FALSE
140,,,2024-02-01T00:00:00Z,137,FALSE
140,,,2024-02-01T00:00:00Z,142,FALSE
140,,,2024-02-01T00:00:00Z,370,FALSE
140,,,2024-02-01T00:00:00Z,371,FALSE
140,,,2024-02-01T00:00:00Z,372,FALSE
140,,,2024-02-01T00:00:00Z,330,FALSE
140,,,2024-02-01T00:00:00Z,373,FALSE
140,,,2024-02-01T00:00:00Z,211,FALSE
140,,,2024-02-01T00:00:00Z,226,FALSE
140,,,2024-02-01T00:00:00Z,233,FALSE
140,,,2024-02-01T00:00:00Z,378,FALSE
140,,,2024-02-01T00:00:00Z,377,FALSE
140,,,2024-02-01T00:00:00Z,310,FALSE
140,,,2024-02-01T00:00:00Z,379,FALSE
140,,,2024-02-01T00:00:00Z,382,FALSE
140,,,2024-02-01T00:00:00Z,381,FALSE
140,,,2024-02-01T00:00:00Z,383,FALSE
140,,,2024-02-01T00:00:00Z,385,FALSE
140,,,2024-02-01T00:00:00Z,352,FALSE
140,,,2024-02-01T00:00:00Z,353,FALSE
140,,,2024-02-01T00:00:00Z,354,FALSE
140,,,2024-02-01T00:00:00Z,144,FALSE
140,,,2024-02-01T00:00:00Z,356,FALSE
140,,,2024-02-01T00:00:00Z,357,FALSE
140,,,2024-02-01T00:00:00Z,358,FALSE
140,,,2024-02-01T00:00:00Z,355,FALSE
140,,,2024-02-01T00:00:00Z,364,FALSE
140,,,2024-02-01T00:00:00Z,365,FALSE
140,,,2024-02-01T00:00:00Z,366,FALSE
140,,,2024-03-01T00:00:00Z,138,FALSE
140,,,2024-03-01T00:00:00Z,368,FALSE
140,,,2024-03-01T00:00:00Z,369,FALSE
140,,,2024-03-01T00:00:00Z,139,FALSE
140,,,2024-03-01T00:00:00Z,125,FALSE
140,,,2024-03-01T00:00:00Z,136,FALSE
140,,,2024-03-01T00:00:00Z,141,FALSE
140,,,2024-03-01T00:00:00Z,45,FALSE
140,,,2024-03-01T00:00:00Z,143,FALSE
140,,,2024-03-01T00:00:00Z,137,FALSE
140,,,2024-03-01T00:00:00Z,142,FALSE
140,,,2024-03-01T00:00:00Z,370,FALSE
140,,,2024-03-01T00:00:00Z,371,FALSE
140,,,2024-03-01T00:00:00Z,372,FALSE
140,,,2024-03-01T00:00:00Z,330,FALSE
140,,,2024-03-01T00:00:00Z,373,FALSE
140,,,2024-03-01T00:00:00Z,211,FALSE
140,,,2024-03-01T00:00:00Z,226,FALSE
140,,,2024-03-01T00:00:00Z,233,FALSE
140,,,2024-03-01T00:00:00Z,378,FALSE
140,,,2024-03-01T00:00:00Z,377,FALSE
140,,,2024-03-01T00:00:00Z,310,FALSE
140,,,2024-03-01T00:00:00Z,379,FALSE
140,,,2024-03-01T00:00:00Z,382,FALSE
140,,,2024-03-01T00:00:00Z,381,FALSE
140,,,2024-03-01T00:00:00Z,383,FALSE
140,,,2024-03-01T00:00:00Z,385,FALSE
140,,,2024-03-01T00:00:00Z,352,FALSE
140,,,2024-03-01T00:00:00Z,353,FALSE
140,,,2024-03-01T00:00:00Z,354,FALSE
140,,,2024-03-01T00:00:00Z,144,FALSE
140,,,2024-03-01T00:00:00Z,356,FALSE
140,,,2024-03-01T00:00:00Z,357,FALSE
140,,,2024-03-01T00:00:00Z,358,FALSE
140,,,2024-03-01T00:00:00Z,355,FALSE
140,,,2024-03-01T00:00:00Z,364,FALSE
140,,,2024-03-01T00:00:00Z,365,FALSE
140,,,2024-03-01T00:00:00Z,366,FALSE
140,,,2024-04-01T00:00:00Z,138,FALSE
140,,,2024-04-01T00:00:00Z,368,FALSE
140,,,2024-04-01T00:00:00Z,369,FALSE
140,,,2024-04-01T00:00:00Z,139,FALSE
140,,,2024-04-01T00:00:00Z,125,FALSE
140,,,2024-04-01T00:00:00Z,136,FALSE
140,,,2024-04-01T00:00:00Z,141,FALSE
140,,,2024-04-01T00:00:00Z,45,FALSE
140,,,2024-04-01T00:00:00Z,143,FALSE
140,,,2024-04-01T00:00:00Z,137,FALSE
140,,,2024-04-01T00:00:00Z,142,FALSE
140,,,2024-04-01T00:00:00Z,370,FALSE
140,,,2024-04-01T00:00:00Z,371,FALSE
140,,,2024-04-01T00:00:00Z,372,FALSE
140,,,2024-04-01T00:00:00Z,330,FALSE
140,,,2024-04-01T00:00:00Z,373,FALSE
140,,,2024-04-01T00:00:00Z,211,FALSE
140,,,2024-04-01T00:00:00Z,226,FALSE
140,,,2024-04-01T00:00:00Z,233,FALSE
140,,,2024-04-01T00:00:00Z,378,FALSE
140,,,2024-04-01T00:00:00Z,377,FALSE
140,,,2024-04-01T00:00:00Z,310,FALSE
140,,,2024-04-01T00:00:00Z,379,FALSE
140,,,2024-04-01T00:00:00Z,382,FALSE
140,,,2024-04-01T00:00:00Z,381,FALSE
140,,,2024-04-01T00:00:00Z,383,FALSE
140,,,2024-04-01T00:00:00Z,385,FALSE
140,,,2024-04-01T00:00:00Z,352,FALSE
140,,,2024-04-01T00:00:00Z,353,FALSE
140,,,2024-04-01T00:00:00Z,354,FALSE
140,,,2024-04-01T00:00:00Z,144,FALSE
140,,,2024-04-01T00:00:00Z,356,FALSE
140,,,2024-04-01T00:00:00Z,357,FALSE
140,,,2024-04-01T00:00:00Z,358,FALSE
140,,,2024-04-01T00:00:00Z,355,FALSE
140,,,2024-04-01T00:00:00Z,364,FALSE
140,,,2024-04-01T00:00:00Z,365,FALSE
140,,,2024-04-01T00:00:00Z,366,FALSE
140,,,2024-05-01T00:00:00Z,138,FALSE
140,,,2024-05-01T00:00:00Z,368,FALSE
140,,,2024-05-01T00:00:00Z,369,FALSE
140,,,2024-05-01T00:00:00Z,139,FALSE
140,,,2024-05-01T00:00:00Z,125,FALSE
140,,,2024-05-01T00:00:00Z,136,FALSE
140,,,2024-05-01T00:00:00Z,141,FALSE
140,,,2024-05-01T00:00:00Z,45,FALSE
140,,,2024-05-01T00:00:00Z,143,FALSE
140,,,2024-05-01T00:00:00Z,137,FALSE
140,,,2024-05-01T00:00:00Z,142,FALSE
140,,,2024-05-01T00:00:00Z,370,FALSE
140,,,2024-05-01T00:00:00Z,371,FALSE
140,,,2024-05-01T00:00:00Z,372,FALSE
140,,,2024-05-01T00:00:00Z,330,FALSE
140,,,2024-05-01T00:00:00Z,373,FALSE
140,,,2024-05-01T00:00:00Z,211,FALSE
140,,,2024-05-01T00:00:00Z,226,FALSE
140,,,2024-05-01T00:00:00Z,233,FALSE
140,,,2024-05-01T00:00:00Z,378,FALSE
140,,,2024-05-01T00:00:00Z,377,FALSE
140,,,2024-05-01T00:00:00Z,310,FALSE
140,,,2024-05-01T00:00:00Z,379,FALSE
140,,,2024-05-01T00:00:00Z,382,FALSE
140,,,2024-05-01T00:00:00Z,381,FALSE
140,,,2024-05-01T00:00:00Z,383,FALSE
140,,,2024-05-01T00:00:00Z,385,FALSE
140,,,2024-05-01T00:00:00Z,352,FALSE
140,,,2024-05-01T00:00:00Z,353,FALSE
140,,,2024-05-01T00:00:00Z,354,FALSE
140,,,2024-05-01T00:00:00Z,144,FALSE
140,,,2024-05-01T00:00:00Z,356,FALSE
140,,,2024-05-01T00:00:00Z,357,FALSE
140,,,2024-05-01T00:00:00Z,358,FALSE
140,,,2024-05-01T00:00:00Z,355,FALSE
140,,,2024-05-01T00:00:00Z,364,FALSE
140,,,2024-05-01T00:00:00Z,365,FALSE
140,,,2024-05-01T00:00:00Z,366,FALSE
140,,,2024-06-01T00:00:00Z,138,FALSE
140,,,2024-06-01T00:00:00Z,368,FALSE
140,,,2024-06-01T00:00:00Z,369,FALSE
140,,,2024-06-01T00:00:00Z,139,FALSE
140,,,2024-06-01T00:00:00Z,125,FALSE
140,,,2024-06-01T00:00:00Z,136,FALSE
140,,,2024-06-01T00:00:00Z,141,FALSE
140,,,2024-06-01T00:00:00Z,45,FALSE
140,,,2024-06-01T00:00:00Z,143,FALSE
140,,,2024-06-01T00:00:00Z,137,FALSE
140,,,2024-06-01T00:00:00Z,142,FALSE
140,,,2024-06-01T00:00:00Z,370,FALSE
140,,,2024-06-01T00:00:00Z,371,FALSE
140,,,2024-06-01T00:00:00Z,372,FALSE
140,,,2024-06-01T00:00:00Z,330,FALSE
140,,,2024-06-01T00:00:00Z,373,FALSE
140,,,2024-06-01T00:00:00Z,211,FALSE
140,,,2024-06-01T00:00:00Z,226,FALSE
140,,,2024-06-01T00:00:00Z,233,FALSE
140,,,2024-06-01T00:00:00Z,378,FALSE
140,,,2024-06-01T00:00:00Z,377,FALSE
140,,,2024-06-01T00:00:00Z,310,FALSE
140,,,2024-06-01T00:00:00Z,379,FALSE
140,,,2024-06-01T00:00:00Z,382,FALSE
140,,,2024-06-01T00:00:00Z,381,FALSE
140,,,2024-06-01T00:00:00Z,383,FALSE
140,,,2024-06-01T00:00:00Z,385,FALSE
140,,,2024-06-01T00:00:00Z,352,FALSE
140,,,2024-06-01T00:00:00Z,353,FALSE
140,,,2024-06-01T00:00:00Z,354,FALSE
140,,,2024-06-01T00:00:00Z,144,FALSE
140,,,2024-06-01T00:00:00Z,356,FALSE
140,,,2024-06-01T00:00:00Z,357,FALSE
140,,,2024-06-01T00:00:00Z,358,FALSE
140,,,2024-06-01T00:00:00Z,355,FALSE
140,,,2024-06-01T00:00:00Z,364,FALSE
140,,,2024-06-01T00:00:00Z,365,FALSE
140,,,2024-06-01T00:00:00Z,366,FALSE
140,,,2024-07-01T00:00:00Z,138,FALSE
140,,,2024-07-01T00:00:00Z,368,FALSE
140,,,2024-07-01T00:00:00Z,369,FALSE
140,,,2024-07-01T00:00:00Z,139,FALSE
140,,,2024-07-01T00:00:00Z,125,FALSE
140,,,2024-07-01T00:00:00Z,136,FALSE
140,,,2024-07-01T00:00:00Z,141,FALSE
140,,,2024-07-01T00:00:00Z,45,FALSE
140,,,2024-07-01T00:00:00Z,143,FALSE
140,,,2024-07-01T00:00:00Z,137,FALSE
140,,,2024-07-01T00:00:00Z,142,FALSE
140,,,2024-07-01T00:00:00Z,370,FALSE
140,,,2024-07-01T00:00:00Z,371,FALSE
140,,,2024-07-01T00:00:00Z,372,FALSE
140,,,2024-07-01T00:00:00Z,330,FALSE
140,,,2024-07-01T00:00:00Z,373,FALSE
140,,,2024-07-01T00:00:00Z,211,FALSE
140,,,2024-07-01T00:00:00Z,226,FALSE
140,,,2024-07-01T00:00:00Z,233,FALSE
140,,,2024-07-01T00:00:00Z,378,FALSE
140,,,2024-07-01T00:00:00Z,377,FALSE
140,,,2024-07-01T00:00:00Z,310,FALSE
140,,,2024-07-01T00:00:00Z,379,FALSE
140,,,2024-07-01T00:00:00Z,382,FALSE
140,,,2024-07-01T00:00:00Z,381,FALSE
140,,,2024-07-01T00:00:00Z,383,FALSE
140,,,2024-07-01T00:00:00Z,385,FALSE
140,,,2024-07-01T00:00:00Z,352,FALSE
140,,,2024-07-01T00:00:00Z,353,FALSE
140,,,2024-07-01T00:00:00Z,354,FALSE
140,,,2024-07-01T00:00:00Z,144,FALSE
140,,,2024-07-01T00:00:00Z,356,FALSE
140,,,2024-07-01T00:00:00Z,357,FALSE
140,,,2024-07-01T00:00:00Z,358,FALSE
140,,,2024-07-01T00:00:00Z,355,FALSE
140,,,2024-07-01T00:00:00Z,364,FALSE
140,,,2024-07-01T00:00:00Z,365,FALSE
140,,,2024-07-01T00:00:00Z,366,FALSE
140,,,2024-08-01T00:00:00Z,138,FALSE
140,,,2024-08-01T00:00:00Z,368,FALSE
140,,,2024-08-01T00:00:00Z,369,FALSE
140,,,2024-08-01T00:00:00Z,139,FALSE
140,,,2024-08-01T00:00:00Z,125,FALSE
140,,,2024-08-01T00:00:00Z,136,FALSE
140,,,2024-08-01T00:00:00Z,141,FALSE
140,,,2024-08-01T00:00:00Z,45,FALSE
140,,,2024-08-01T00:00:00Z,143,FALSE
140,,,2024-08-01T00:00:00Z,137,FALSE
140,,,2024-08-01T00:00:00Z,142,FALSE
140,,,2024-08-01T00:00:00Z,370,FALSE
140,,,2024-08-01T00:00:00Z,371,FALSE
140,,,2024-08-01T00:00:00Z,372,FALSE
140,,,2024-08-01T00:00:00Z,330,FALSE
140,,,2024-08-01T00:00:00Z,373,FALSE
140,,,2024-08-01T00:00:00Z,211,FALSE
140,,,2024-08-01T00:00:00Z,226,FALSE
140,,,2024-08-01T00:00:00Z,233,FALSE
140,,,2024-08-01T00:00:00Z,378,FALSE
140,,,2024-08-01T00:00:00Z,377,FALSE
140,,,2024-08-01T00:00:00Z,310,FALSE
140,,,2024-08-01T00:00:00Z,379,FALSE
140,,,2024-08-01T00:00:00Z,382,FALSE
140,,,2024-08-01T00:00:00Z,381,FALSE
140,,,2024-08-01T00:00:00Z,383,FALSE
140,,,2024-08-01T00:00:00Z,385,FALSE
140,,,2024-08-01T00:00:00Z,352,FALSE
140,,,2024-08-01T00:00:00Z,353,FALSE
140,,,2024-08-01T00:00:00Z,354,FALSE
140,,,2024-08-01T00:00:00Z,144,FALSE
140,,,2024-08-01T00:00:00Z,356,FALSE
140,,,2024-08-01T00:00:00Z,357,FALSE
140,,,2024-08-01T00:00:00Z,358,FALSE
140,,,2024-08-01T00:00:00Z,355,FALSE
140,,,2024-08-01T00:00:00Z,364,FALSE
140,,,2024-08-01T00:00:00Z,365,FALSE
140,,,2024-08-01T00:00:00Z,366,FALSE
140,,,2024-09-01T00:00:00Z,138,FALSE
140,,,2024-09-01T00:00:00Z,368,FALSE
140,,,2024-09-01T00:00:00Z,369,FALSE
140,,,2024-09-01T00:00:00Z,139,FALSE
140,,,2024-09-01T00:00:00Z,125,FALSE
140,,,2024-09-01T00:00:00Z,136,FALSE
140,,,2024-09-01T00:00:00Z,141,FALSE
140,,,2024-09-01T00:00:00Z,45,FALSE
140,,,2024-09-01T00:00:00Z,143,FALSE
140,,,2024-09-01T00:00:00Z,137,FALSE
140,,,2024-09-01T00:00:00Z,142,FALSE
140,,,2024-09-01T00:00:00Z,370,FALSE
140,,,2024-09-01T00:00:00Z,371,FALSE
140,,,2024-09-01T00:00:00Z,372,FALSE
140,,,2024-09-01T00:00:00Z,330,FALSE
140,,,2024-09-01T00:00:00Z,373,FALSE
140,,,2024-09-01T00:00:00Z,211,FALSE
140,,,2024-09-01T00:00:00Z,226,FALSE
140,,,2024-09-01T00:00:00Z,233,FALSE
140,,,2024-09-01T00:00:00Z,378,FALSE
140,,,2024-09-01T00:00:00Z,377,FALSE
140,,,2024-09-01T00:00:00Z,310,FALSE
140,,,2024-09-01T00:00:00Z,379,FALSE
140,,,2024-09-01T00:00:00Z,382,FALSE
140,,,2024-09-01T00:00:00Z,381,FALSE
140,,,2024-09-01T00:00:00Z,383,FALSE
140,,,2024-09-01T00:00:00Z,385,FALSE
140,,,2024-09-01T00:00:00Z,352,FALSE
140,,,2024-09-01T00:00:00Z,353,FALSE
140,,,2024-09-01T00:00:00Z,354,FALSE
140,,,2024-09-01T00:00:00Z,144,FALSE
140,,,2024-09-01T00:00:00Z,356,FALSE
140,,,2024-09-01T00:00:00Z,357,FALSE
140,,,2024-09-01T00:00:00Z,358,FALSE
140,,,2024-09-01T00:00:00Z,355,FALSE
140,,,2024-09-01T00:00:00Z,364,FALSE
140,,,2024-09-01T00:00:00Z,365,FALSE
140,,,2024-09-01T00:00:00Z,366,FALSE
140,,,2024-10-01T00:00:00Z,138,FALSE
140,,,2024-10-01T00:00:00Z,368,FALSE
140,,,2024-10-01T00:00:00Z,369,FALSE
140,,,2024-10-01T00:00:00Z,139,FALSE
140,,,2024-10-01T00:00:00Z,125,FALSE
140,,,2024-10-01T00:00:00Z,136,FALSE
140,,,2024-10-01T00:00:00Z,141,FALSE
140,,,2024-10-01T00:00:00Z,45,FALSE
140,,,2024-10-01T00:00:00Z,143,FALSE
140,,,2024-10-01T00:00:00Z,137,FALSE
140,,,2024-10-01T00:00:00Z,142,FALSE
140,,,2024-10-01T00:00:00Z,370,FALSE
140,,,2024-10-01T00:00:00Z,371,FALSE
140,,,2024-10-01T00:00:00Z,372,FALSE
140,,,2024-10-01T00:00:00Z,330,FALSE
140,,,2024-10-01T00:00:00Z,373,FALSE
140,,,2024-10-01T00:00:00Z,211,FALSE
140,,,2024-10-01T00:00:00Z,226,FALSE
140,,,2024-10-01T00:00:00Z,233,FALSE
140,,,2024-10-01T00:00:00Z,378,FALSE
140,,,2024-10-01T00:00:00Z,377,FALSE
140,,,2024-10-01T00:00:00Z,310,FALSE
140,,,2024-10-01T00:00:00Z,379,FALSE
140,,,2024-10-01T00:00:00Z,382,FALSE
140,,,2024-10-01T00:00:00Z,381,FALSE
140,,,2024-10-01T00:00:00Z,383,FALSE
140,,,2024-10-01T00:00:00Z,385,FALSE
140,,,2024-10-01T00:00:00Z,352,FALSE
140,,,2024-10-01T00:00:00Z,353,FALSE
140,,,2024-10-01T00:00:00Z,354,FALSE
140,,,2024-10-01T00:00:00Z,144,FALSE
140,,,2024-10-01T00:00:00Z,356,FALSE
140,,,2024-10-01T00:00:00Z,357,FALSE
140,,,2024-10-01T00:00:00Z,358,FALSE
140,,,2024-10-01T00:00:00Z,355,FALSE
140,,,2024-10-01T00:00:00Z,364,FALSE
140,,,2024-10-01T00:00:00Z,365,FALSE
140,,,2024-10-01T00:00:00Z,366,FALSE
140,,,2024-11-01T00:00:00Z,138,FALSE
140,,,2024-11-01T00:00:00Z,368,FALSE
140,,,2024-11-01T00:00:00Z,369,FALSE
140,,,2024-11-01T00:00:00Z,139,FALSE
140,,,2024-11-01T00:00:00Z,125,FALSE
140,,,2024-11-01T00:00:00Z,136,FALSE
140,,,2024-11-01T00:00:00Z,141,FALSE
140,,,2024-11-01T00:00:00Z,45,FALSE
140,,,2024-11-01T00:00:00Z,143,FALSE
140,,,2024-11-01T00:00:00Z,137,FALSE
140,,,2024-11-01T00:00:00Z,142,FALSE
140,,,2024-11-01T00:00:00Z,370,FALSE
140,,,2024-11-01T00:00:00Z,371,FALSE
140,,,2024-11-01T00:00:00Z,372,FALSE
140,,,2024-11-01T00:00:00Z,330,FALSE
140,,,2024-11-01T00:00:00Z,373,FALSE
140,,,2024-11-01T00:00:00Z,211,FALSE
140,,,2024-11-01T00:00:00Z,226,FALSE
140,,,2024-11-01T00:00:00Z,233,FALSE
140,,,2024-11-01T00:00:00Z,378,FALSE
140,,,2024-11-01T00:00:00Z,377,FALSE
140,,,2024-11-01T00:00:00Z,310,FALSE
140,,,2024-11-01T00:00:00Z,379,FALSE
140,,,2024-11-01T00:00:00Z,382,FALSE
140,,,2024-11-01T00:00:00Z,381,FALSE
140,,,2024-11-01T00:00:00Z,383,FALSE
140,,,2024-11-01T00:00:00Z,385,FALSE
140,,,2024-11-01T00:00:00Z,352,FALSE
140,,,2024-11-01T00:00:00Z,353,FALSE
140,,,2024-11-01T00:00:00Z,354,FALSE
140,,,2024-11-01T00:00:00Z,144,FALSE
140,,,2024-11-01T00:00:00Z,356,FALSE
140,,,2024-11-01T00:00:00Z,357,FALSE
140,,,2024-11-01T00:00:00Z,358,FALSE
140,,,2024-11-01T00:00:00Z,355,FALSE
140,,,2024-11-01T00:00:00Z,364,FALSE
140,,,2024-11-01T00:00:00Z,365,FALSE
140,,,2024-11-01T00:00:00Z,366,FALSE
140,,,2024-12-01T00:00:00Z,138,FALSE
140,,,2024-12-01T00:00:00Z,368,FALSE
140,,,2024-12-01T00:00:00Z,369,FALSE
140,,,2024-12-01T00:00:00Z,139,FALSE
140,,,2024-12-01T00:00:00Z,125,FALSE
140,,,2024-12-01T00:00:00Z,136,FALSE
140,,,2024-12-01T00:00:00Z,141,FALSE
140,,,2024-12-01T00:00:00Z,45,FALSE
140,,,2024-12-01T00:00:00Z,143,FALSE
140,,,2024-12-01T00:00:00Z,137,FALSE
140,,,2024-12-01T00:00:00Z,142,FALSE
140,,,2024-12-01T00:00:00Z,370,FALSE
140,,,2024-12-01T00:00:00Z,371,FALSE
140,,,2024-12-01T00:00:00Z,372,FALSE
140,,,2024-12-01T00:00:00Z,330,FALSE
140,,,2024-12-01T00:00:00Z,373,FALSE
140,,,2024-12-01T00:00:00Z,211,FALSE
140,,,2024-12-01T00:00:00Z,226,FALSE
140,,,2024-12-01T00:00:00Z,233,FALSE
140,,,2024-12-01T00:00:00Z,378,FALSE
140,,,2024-12-01T00:00:00Z,377,FALSE
140,,,2024-12-01T00:00:00Z,310,FALSE
140,,,2024-12-01T00:00:00Z,379,FALSE
140,,,2024-12-01T00:00:00Z,382,FALSE
140,,,2024-12-01T00:00:00Z,381,FALSE
140,,,2024-12-01T00:00:00Z,383,FALSE
140,,,2024-12-01T00:00:00Z,385,FALSE
140,,,2024-12-01T00:00:00Z,352,FALSE
140,,,2024-12-01T00:00:00Z,353,FALSE
140,,,2024-12-01T00:00:00Z,354,FALSE
140,,,2024-12-01T00:00:00Z,144,FALSE
140,,,2024-12-01T00:00:00Z,356,FALSE
140,,,2024-12-01T00:00:00Z,357,FALSE
140,,,2024-12-01T00:00:00Z,358,FALSE
140,,,2024-12-01T00:00:00Z,355,FALSE
140,,,2024-12-01T00:00:00Z,364,FALSE
140,,,2024-12-01T00:00:00Z,365,FALSE
140,,,2024-12-01T00:00:00Z,366,FALSE
141,,,2024-01-01T00:00:00Z,138,FALSE
141,,,2024-01-01T00:00:00Z,368,FALSE
141,,,2024-01-01T00:00:00Z,140,FALSE
141,,,2024-01-01T00:00:00Z,369,FALSE
141,,,2024-01-01T00:00:00Z,139,FALSE
141,,,2024-01-01T00:00:00Z,125,FALSE
141,,,2024-01-01T00:00:00Z,136,FALSE
141,,,2024-01-01T00:00:00Z,45,FALSE
141,,,2024-01-01T00:00:00Z,143,FALSE
141,,,2024-01-01T00:00:00Z,137,FALSE
141,,,2024-01-01T00:00:00Z,142,FALSE
141,,,2024-01-01T00:00:00Z,370,FALSE
141,,,2024-01-01T00:00:00Z,371,FALSE
141,,,2024-01-01T00:00:00Z,372,FALSE
141,,,2024-01-01T00:00:00Z,330,FALSE
141,,,2024-01-01T00:00:00Z,373,FALSE
141,,,2024-01-01T00:00:00Z,211,FALSE
141,,,2024-01-01T00:00:00Z,226,FALSE
141,,,2024-01-01T00:00:00Z,233,FALSE
141,,,2024-01-01T00:00:00Z,378,FALSE
141,,,2024-01-01T00:00:00Z,377,FALSE
141,,,2024-01-01T00:00:00Z,310,FALSE
141,,,2024-01-01T00:00:00Z,379,FALSE
141,,,2024-01-01T00:00:00Z,382,FALSE
141,,,2024-01-01T00:00:00Z,381,FALSE
141,,,2024-01-01T00:00:00Z,383,FALSE
141,,,2024-01-01T00:00:00Z,385,FALSE
141,,,2024-01-01T00:00:00Z,352,FALSE
141,,,2024-01-01T00:00:00Z,353,FALSE
141,,,2024-01-01T00:00:00Z,354,FALSE
141,,,2024-01-01T00:00:00Z,144,FALSE
141,,,2024-01-01T00:00:00Z,356,FALSE
141,,,2024-01-01T00:00:00Z,357,FALSE
141,,,2024-01-01T00:00:00Z,358,FALSE
141,,,2024-01-01T00:00:00Z,355,FALSE
141,,,2024-01-01T00:00:00Z,364,FALSE
141,,,2024-01-01T00:00:00Z,365,FALSE
141,,,2024-01-01T00:00:00Z,366,FALSE
141,,,2024-02-01T00:00:00Z,138,FALSE
141,,,2024-02-01T00:00:00Z,368,FALSE
141,,,2024-02-01T00:00:00Z,140,FALSE
141,,,2024-02-01T00:00:00Z,369,FALSE
141,,,2024-02-01T00:00:00Z,139,FALSE
141,,,2024-02-01T00:00:00Z,125,FALSE
141,,,2024-02-01T00:00:00Z,136,FALSE
141,,,2024-02-01T00:00:00Z,45,FALSE
141,,,2024-02-01T00:00:00Z,143,FALSE
141,,,2024-02-01T00:00:00Z,137,FALSE
141,,,2024-02-01T00:00:00Z,142,FALSE
141,,,2024-02-01T00:00:00Z,370,FALSE
141,,,2024-02-01T00:00:00Z,371,FALSE
141,,,2024-02-01T00:00:00Z,372,FALSE
141,,,2024-02-01T00:00:00Z,330,FALSE
141,,,2024-02-01T00:00:00Z,373,FALSE
141,,,2024-02-01T00:00:00Z,211,FALSE
141,,,2024-02-01T00:00:00Z,226,FALSE
141,,,2024-02-01T00:00:00Z,233,FALSE
141,,,2024-02-01T00:00:00Z,378,FALSE
141,,,2024-02-01T00:00:00Z,377,FALSE
141,,,2024-02-01T00:00:00Z,310,FALSE
141,,,2024-02-01T00:00:00Z,379,FALSE
141,,,2024-02-01T00:00:00Z,382,FALSE
141,,,2024-02-01T00:00:00Z,381,FALSE
141,,,2024-02-01T00:00:00Z,383,FALSE
141,,,2024-02-01T00:00:00Z,385,FALSE
141,,,2024-02-01T00:00:00Z,352,FALSE
141,,,2024-02-01T00:00:00Z,353,FALSE
141,,,2024-02-01T00:00:00Z,354,FALSE
141,,,2024-02-01T00:00:00Z,144,FALSE
141,,,2024-02-01T00:00:00Z,356,FALSE
141,,,2024-02-01T00:00:00Z,357,FALSE
141,,,2024-02-01T00:00:00Z,358,FALSE
141,,,2024-02-01T00:00:00Z,355,FALSE
141,,,2024-02-01T00:00:00Z,364,FALSE
141,,,2024-02-01T00:00:00Z,365,FALSE
141,,,2024-02-01T00:00:00Z,366,FALSE
141,,,2024-03-01T00:00:00Z,138,FALSE
141,,,2024-03-01T00:00:00Z,368,FALSE
141,,,2024-03-01T00:00:00Z,140,FALSE
141,,,2024-03-01T00:00:00Z,369,FALSE
141,,,2024-03-01T00:00:00Z,139,FALSE
141,,,2024-03-01T00:00:00Z,125,FALSE
141,,,2024-03-01T00:00:00Z,136,FALSE
141,,,2024-03-01T00:00:00Z,45,FALSE
141,,,2024-03-01T00:00:00Z,143,FALSE
141,,,2024-03-01T00:00:00Z,137,FALSE
141,,,2024-03-01T00:00:00Z,142,FALSE
141,,,2024-03-01T00:00:00Z,370,FALSE
141,,,2024-03-01T00:00:00Z,371,FALSE
141,,,2024-03-01T00:00:00Z,372,FALSE
141,,,2024-03-01T00:00:00Z,330,FALSE
141,,,2024-03-01T00:00:00Z,373,FALSE
141,,,2024-03-01T00:00:00Z,211,FALSE
141,,,2024-03-01T00:00:00Z,226,FALSE
141,,,2024-03-01T00:00:00Z,233,FALSE
141,,,2024-03-01T00:00:00Z,378,FALSE
141,,,2024-03-01T00:00:00Z,377,FALSE
141,,,2024-03-01T00:00:00Z,310,FALSE
141,,,2024-03-01T00:00:00Z,379,FALSE
141,,,2024-03-01T00:00:00Z,382,FALSE
141,,,2024-03-01T00:00:00Z,381,FALSE
141,,,2024-03-01T00:00:00Z,383,FALSE
141,,,2024-03-01T00:00:00Z,385,FALSE
141,,,2024-03-01T00:00:00Z,352,FALSE
141,,,2024-03-01T00:00:00Z,353,FALSE
141,,,2024-03-01T00:00:00Z,354,FALSE
141,,,2024-03-01T00:00:00Z,144,FALSE
141,,,2024-03-01T00:00:00Z,356,FALSE
141,,,2024-03-01T00:00:00Z,357,FALSE
141,,,2024-03-01T00:00:00Z,358,FALSE
141,,,2024-03-01T00:00:00Z,355,FALSE
141,,,2024-03-01T00:00:00Z,364,FALSE
141,,,2024-03-01T00:00:00Z,365,FALSE
141,,,2024-03-01T00:00:00Z,366,FALSE
141,,,2024-04-01T00:00:00Z,138,FALSE
141,,,2024-04-01T00:00:00Z,368,FALSE
141,,,2024-04-01T00:00:00Z,140,FALSE
141,,,2024-04-01T00:00:00Z,369,FALSE
141,,,2024-04-01T00:00:00Z,139,FALSE
141,,,2024-04-01T00:00:00Z,125,FALSE
141,,,2024-04-01T00:00:00Z,136,FALSE
141,,,2024-04-01T00:00:00Z,45,FALSE
141,,,2024-04-01T00:00:00Z,143,FALSE
141,,,2024-04-01T00:00:00Z,137,FALSE
141,,,2024-04-01T00:00:00Z,142,FALSE
141,,,2024-04-01T00:00:00Z,370,FALSE
141,,,2024-04-01T00:00:00Z,371,FALSE
141,,,2024-04-01T00:00:00Z,372,FALSE
141,,,2024-04-01T00:00:00Z,330,FALSE
141,,,2024-04-01T00:00:00Z,373,FALSE
141,,,2024-04-01T00:00:00Z,211,FALSE
141,,,2024-04-01T00:00:00Z,226,FALSE
141,,,2024-04-01T00:00:00Z,233,FALSE
141,,,2024-04-01T00:00:00Z,378,FALSE
141,,,2024-04-01T00:00:00Z,377,FALSE
141,,,2024-04-01T00:00:00Z,310,FALSE
141,,,2024-04-01T00:00:00Z,379,FALSE
141,,,2024-04-01T00:00:00Z,382,FALSE
141,,,2024-04-01T00:00:00Z,381,FALSE
141,,,2024-04-01T00:00:00Z,383,FALSE
141,,,2024-04-01T00:00:00Z,385,FALSE
141,,,2024-04-01T00:00:00Z,352,FALSE
141,,,2024-04-01T00:00:00Z,353,FALSE
141,,,2024-04-01T00:00:00Z,354,FALSE
141,,,2024-04-01T00:00:00Z,144,FALSE
141,,,2024-04-01T00:00:00Z,356,FALSE
141,,,2024-04-01T00:00:00Z,357,FALSE
141,,,2024-04-01T00:00:00Z,358,FALSE
141,,,2024-04-01T00:00:00Z,355,FALSE
141,,,2024-04-01T00:00:00Z,364,FALSE
141,,,2024-04-01T00:00:00Z,365,FALSE
141,,,2024-04-01T00:00:00Z,366,FALSE
141,,,2024-05-01T00:00:00Z,138,FALSE
141,,,2024-05-01T00:00:00Z,368,FALSE
141,,,2024-05-01T00:00:00Z,140,FALSE
141,,,2024-05-01T00:00:00Z,369,FALSE
141,,,2024-05-01T00:00:00Z,139,FALSE
141,,,2024-05-01T00:00:00Z,125,FALSE
141,,,2024-05-01T00:00:00Z,136,FALSE
141,,,2024-05-01T00:00:00Z,45,FALSE
141,,,2024-05-01T00:00:00Z,143,FALSE
141,,,2024-05-01T00:00:00Z,137,FALSE
141,,,2024-05-01T00:00:00Z,142,FALSE
141,,,2024-05-01T00:00:00Z,370,FALSE
141,,,2024-05-01T00:00:00Z,371,FALSE
141,,,2024-05-01T00:00:00Z,372,FALSE
141,,,2024-05-01T00:00:00Z,330,FALSE
141,,,2024-05-01T00:00:00Z,373,FALSE
141,,,2024-05-01T00:00:00Z,211,FALSE
141,,,2024-05-01T00:00:00Z,226,FALSE
141,,,2024-05-01T00:00:00Z,233,FALSE
141,,,2024-05-01T00:00:00Z,378,FALSE
141,,,2024-05-01T00:00:00Z,377,FALSE
141,,,2024-05-01T00:00:00Z,310,FALSE
141,,,2024-05-01T00:00:00Z,379,FALSE
141,,,2024-05-01T00:00:00Z,382,FALSE
141,,,2024-05-01T00:00:00Z,381,FALSE
141,,,2024-05-01T00:00:00Z,383,FALSE
141,,,2024-05-01T00:00:00Z,385,FALSE
141,,,2024-05-01T00:00:00Z,352,FALSE
141,,,2024-05-01T00:00:00Z,353,FALSE
141,,,2024-05-01T00:00:00Z,354,FALSE
141,,,2024-05-01T00:00:00Z,144,FALSE
141,,,2024-05-01T00:00:00Z,356,FALSE
141,,,2024-05-01T00:00:00Z,357,FALSE
141,,,2024-05-01T00:00:00Z,358,FALSE
141,,,2024-05-01T00:00:00Z,355,FALSE
141,,,2024-05-01T00:00:00Z,364,FALSE
141,,,2024-05-01T00:00:00Z,365,FALSE
141,,,2024-05-01T00:00:00Z,366,FALSE
141,,,2024-06-01T00:00:00Z,138,FALSE
141,,,2024-06-01T00:00:00Z,368,FALSE
141,,,2024-06-01T00:00:00Z,140,FALSE
141,,,2024-06-01T00:00:00Z,369,FALSE
141,,,2024-06-01T00:00:00Z,139,FALSE
141,,,2024-06-01T00:00:00Z,125,FALSE
141,,,2024-06-01T00:00:00Z,136,FALSE
141,,,2024-06-01T00:00:00Z,45,FALSE
141,,,2024-06-01T00:00:00Z,143,FALSE
141,,,2024-06-01T00:00:00Z,137,FALSE
141,,,2024-06-01T00:00:00Z,142,FALSE
141,,,2024-06-01T00:00:00Z,370,FALSE
141,,,2024-06-01T00:00:00Z,371,FALSE
141,,,2024-06-01T00:00:00Z,372,FALSE
141,,,2024-06-01T00:00:00Z,330,FALSE
141,,,2024-06-01T00:00:00Z,373,FALSE
141,,,2024-06-01T00:00:00Z,211,FALSE
141,,,2024-06-01T00:00:00Z,226,FALSE
141,,,2024-06-01T00:00:00Z,233,FALSE
141,,,2024-06-01T00:00:00Z,378,FALSE
141,,,2024-06-01T00:00:00Z,377,FALSE
141,,,2024-06-01T00:00:00Z,310,FALSE
141,,,2024-06-01T00:00:00Z,379,FALSE
141,,,2024-06-01T00:00:00Z,382,FALSE
141,,,2024-06-01T00:00:00Z,381,FALSE
141,,,2024-06-01T00:00:00Z,383,FALSE
141,,,2024-06-01T00:00:00Z,385,FALSE
141,,,2024-06-01T00:00:00Z,352,FALSE
141,,,2024-06-01T00:00:00Z,353,FALSE
141,,,2024-06-01T00:00:00Z,354,FALSE
141,,,2024-06-01T00:00:00Z,144,FALSE
141,,,2024-06-01T00:00:00Z,356,FALSE
141,,,2024-06-01T00:00:00Z,357,FALSE
141,,,2024-06-01T00:00:00Z,358,FALSE
141,,,2024-06-01T00:00:00Z,355,FALSE
141,,,2024-06-01T00:00:00Z,364,FALSE
141,,,2024-06-01T00:00:00Z,365,FALSE
141,,,2024-06-01T00:00:00Z,366,FALSE
141,,,2024-07-01T00:00:00Z,138,FALSE
141,,,2024-07-01T00:00:00Z,368,FALSE
141,,,2024-07-01T00:00:00Z,140,FALSE
141,,,2024-07-01T00:00:00Z,369,FALSE
141,,,2024-07-01T00:00:00Z,139,FALSE
141,,,2024-07-01T00:00:00Z,125,FALSE
141,,,2024-07-01T00:00:00Z,136,FALSE
141,,,2024-07-01T00:00:00Z,45,FALSE
141,,,2024-07-01T00:00:00Z,143,FALSE
141,,,2024-07-01T00:00:00Z,137,FALSE
141,,,2024-07-01T00:00:00Z,142,FALSE
141,,,2024-07-01T00:00:00Z,370,FALSE
141,,,2024-07-01T00:00:00Z,371,FALSE
141,,,2024-07-01T00:00:00Z,372,FALSE
141,,,2024-07-01T00:00:00Z,330,FALSE
141,,,2024-07-01T00:00:00Z,373,FALSE
141,,,2024-07-01T00:00:00Z,211,FALSE
141,,,2024-07-01T00:00:00Z,226,FALSE
141,,,2024-07-01T00:00:00Z,233,FALSE
141,,,2024-07-01T00:00:00Z,378,FALSE
141,,,2024-07-01T00:00:00Z,377,FALSE
141,,,2024-07-01T00:00:00Z,310,FALSE
141,,,2024-07-01T00:00:00Z,379,FALSE
141,,,2024-07-01T00:00:00Z,382,FALSE
141,,,2024-07-01T00:00:00Z,381,FALSE
141,,,2024-07-01T00:00:00Z,383,FALSE
141,,,2024-07-01T00:00:00Z,385,FALSE
141,,,2024-07-01T00:00:00Z,352,FALSE
141,,,2024-07-01T00:00:00Z,353,FALSE
141,,,2024-07-01T00:00:00Z,354,FALSE
141,,,2024-07-01T00:00:00Z,144,FALSE
141,,,2024-07-01T00:00:00Z,356,FALSE
141,,,2024-07-01T00:00:00Z,357,FALSE
141,,,2024-07-01T00:00:00Z,358,FALSE
141,,,2024-07-01T00:00:00Z,355,FALSE
141,,,2024-07-01T00:00:00Z,364,FALSE
141,,,2024-07-01T00:00:00Z,365,FALSE
141,,,2024-07-01T00:00:00Z,366,FALSE
141,,,2024-08-01T00:00:00Z,138,FALSE
141,,,2024-08-01T00:00:00Z,368,FALSE
141,,,2024-08-01T00:00:00Z,140,FALSE
141,,,2024-08-01T00:00:00Z,369,FALSE
141,,,2024-08-01T00:00:00Z,139,FALSE
141,,,2024-08-01T00:00:00Z,125,FALSE
141,,,2024-08-01T00:00:00Z,136,FALSE
141,,,2024-08-01T00:00:00Z,45,FALSE
141,,,2024-08-01T00:00:00Z,143,FALSE
141,,,2024-08-01T00:00:00Z,137,FALSE
141,,,2024-08-01T00:00:00Z,142,FALSE
141,,,2024-08-01T00:00:00Z,370,FALSE
141,,,2024-08-01T00:00:00Z,371,FALSE
141,,,2024-08-01T00:00:00Z,372,FALSE
141,,,2024-08-01T00:00:00Z,330,FALSE
141,,,2024-08-01T00:00:00Z,373,FALSE
141,,,2024-08-01T00:00:00Z,211,FALSE
141,,,2024-08-01T00:00:00Z,226,FALSE
141,,,2024-08-01T00:00:00Z,233,FALSE
141,,,2024-08-01T00:00:00Z,378,FALSE
141,,,2024-08-01T00:00:00Z,377,FALSE
141,,,2024-08-01T00:00:00Z,310,FALSE
141,,,2024-08-01T00:00:00Z,379,FALSE
141,,,2024-08-01T00:00:00Z,382,FALSE
141,,,2024-08-01T00:00:00Z,381,FALSE
141,,,2024-08-01T00:00:00Z,383,FALSE
141,,,2024-08-01T00:00:00Z,385,FALSE
141,,,2024-08-01T00:00:00Z,352,FALSE
141,,,2024-08-01T00:00:00Z,353,FALSE
141,,,2024-08-01T00:00:00Z,354,FALSE
141,,,2024-08-01T00:00:00Z,144,FALSE
141,,,2024-08-01T00:00:00Z,356,FALSE
141,,,2024-08-01T00:00:00Z,357,FALSE
141,,,2024-08-01T00:00:00Z,358,FALSE
141,,,2024-08-01T00:00:00Z,355,FALSE
141,,,2024-08-01T00:00:00Z,364,FALSE
141,,,2024-08-01T00:00:00Z,365,FALSE
141,,,2024-08-01T00:00:00Z,366,FALSE
141,,,2024-09-01T00:00:00Z,138,FALSE
141,,,2024-09-01T00:00:00Z,368,FALSE
141,,,2024-09-01T00:00:00Z,140,FALSE
141,,,2024-09-01T00:00:00Z,369,FALSE
141,,,2024-09-01T00:00:00Z,139,FALSE
141,,,2024-09-01T00:00:00Z,125,FALSE
141,,,2024-09-01T00:00:00Z,136,FALSE
141,,,2024-09-01T00:00:00Z,45,FALSE
141,,,2024-09-01T00:00:00Z,143,FALSE
141,,,2024-09-01T00:00:00Z,137,FALSE
141,,,2024-09-01T00:00:00Z,142,FALSE
141,,,2024-09-01T00:00:00Z,370,FALSE
141,,,2024-09-01T00:00:00Z,371,FALSE
141,,,2024-09-01T00:00:00Z,372,FALSE
141,,,2024-09-01T00:00:00Z,330,FALSE
141,,,2024-09-01T00:00:00Z,373,FALSE
141,,,2024-09-01T00:00:00Z,211,FALSE
141,,,2024-09-01T00:00:00Z,226,FALSE
141,,,2024-09-01T00:00:00Z,233,FALSE
141,,,2024-09-01T00:00:00Z,378,FALSE
141,,,2024-09-01T00:00:00Z,377,FALSE
141,,,2024-09-01T00:00:00Z,310,FALSE
141,,,2024-09-01T00:00:00Z,379,FALSE
141,,,2024-09-01T00:00:00Z,382,FALSE
141,,,2024-09-01T00:00:00Z,381,FALSE
141,,,2024-09-01T00:00:00Z,383,FALSE
141,,,2024-09-01T00:00:00Z,385,FALSE
141,,,2024-09-01T00:00:00Z,352,FALSE
141,,,2024-09-01T00:00:00Z,353,FALSE
141,,,2024-09-01T00:00:00Z,354,FALSE
141,,,2024-09-01T00:00:00Z,144,FALSE
141,,,2024-09-01T00:00:00Z,356,FALSE
141,,,2024-09-01T00:00:00Z,357,FALSE
141,,,2024-09-01T00:00:00Z,358,FALSE
141,,,2024-09-01T00:00:00Z,355,FALSE
141,,,2024-09-01T00:00:00Z,364,FALSE
141,,,2024-09-01T00:00:00Z,365,FALSE
141,,,2024-09-01T00:00:00Z,366,FALSE
141,,,2024-10-01T00:00:00Z,138,FALSE
141,,,2024-10-01T00:00:00Z,368,FALSE
141,,,2024-10-01T00:00:00Z,140,FALSE
141,,,2024-10-01T00:00:00Z,369,FALSE
141,,,2024-10-01T00:00:00Z,139,FALSE
141,,,2024-10-01T00:00:00Z,125,FALSE
141,,,2024-10-01T00:00:00Z,136,FALSE
141,,,2024-10-01T00:00:00Z,45,FALSE
141,,,2024-10-01T00:00:00Z,143,FALSE
141,,,2024-10-01T00:00:00Z,137,FALSE
141,,,2024-10-01T00:00:00Z,142,FALSE
141,,,2024-10-01T00:00:00Z,370,FALSE
141,,,2024-10-01T00:00:00Z,371,FALSE
141,,,2024-10-01T00:00:00Z,372,FALSE
141,,,2024-10-01T00:00:00Z,330,FALSE
141,,,2024-10-01T00:00:00Z,373,FALSE
141,,,2024-10-01T00:00:00Z,211,FALSE
141,,,2024-10-01T00:00:00Z,226,FALSE
141,,,2024-10-01T00:00:00Z,233,FALSE
141,,,2024-10-01T00:00:00Z,378,FALSE
141,,,2024-10-01T00:00:00Z,377,FALSE
141,,,2024-10-01T00:00:00Z,310,FALSE
141,,,2024-10-01T00:00:00Z,379,FALSE
141,,,2024-10-01T00:00:00Z,382,FALSE
141,,,2024-10-01T00:00:00Z,381,FALSE
141,,,2024-10-01T00:00:00Z,383,FALSE
141,,,2024-10-01T00:00:00Z,385,FALSE
141,,,2024-10-01T00:00:00Z,352,FALSE
141,,,2024-10-01T00:00:00Z,353,FALSE
141,,,2024-10-01T00:00:00Z,354,FALSE
141,,,2024-10-01T00:00:00Z,144,FALSE
141,,,2024-10-01T00:00:00Z,356,FALSE
141,,,2024-10-01T00:00:00Z,357,FALSE
141,,,2024-10-01T00:00:00Z,358,FALSE
141,,,2024-10-01T00:00:00Z,355,FALSE
141,,,2024-10-01T00:00:00Z,364,FALSE
141,,,2024-10-01T00:00:00Z,365,FALSE
141,,,2024-10-01T00:00:00Z,366,FALSE
141,,,2024-11-01T00:00:00Z,138,FALSE
141,,,2024-11-01T00:00:00Z,368,FALSE
141,,,2024-11-01T00:00:00Z,140,FALSE
141,,,2024-11-01T00:00:00Z,369,FALSE
141,,,2024-11-01T00:00:00Z,139,FALSE
141,,,2024-11-01T00:00:00Z,125,FALSE
141,,,2024-11-01T00:00:00Z,136,FALSE
141,,,2024-11-01T00:00:00Z,45,FALSE
141,,,2024-11-01T00:00:00Z,143,FALSE
141,,,2024-11-01T00:00:00Z,137,FALSE
141,,,2024-11-01T00:00:00Z,142,FALSE
141,,,2024-11-01T00:00:00Z,370,FALSE
141,,,2024-11-01T00:00:00Z,371,FALSE
141,,,2024-11-01T00:00:00Z,372,FALSE
141,,,2024-11-01T00:00:00Z,330,FALSE
141,,,2024-11-01T00:00:00Z,373,FALSE
141,,,2024-11-01T00:00:00Z,211,FALSE
141,,,2024-11-01T00:00:00Z,226,FALSE
141,,,2024-11-01T00:00:00Z,233,FALSE
141,,,2024-11-01T00:00:00Z,378,FALSE
141,,,2024-11-01T00:00:00Z,377,FALSE
141,,,2024-11-01T00:00:00Z,310,FALSE
141,,,2024-11-01T00:00:00Z,379,FALSE
141,,,2024-11-01T00:00:00Z,382,FALSE
141,,,2024-11-01T00:00:00Z,381,FALSE
141,,,2024-11-01T00:00:00Z,383,FALSE
141,,,2024-11-01T00:00:00Z,385,FALSE
141,,,2024-11-01T00:00:00Z,352,FALSE
141,,,2024-11-01T00:00:00Z,353,FALSE
141,,,2024-11-01T00:00:00Z,354,FALSE
141,,,2024-11-01T00:00:00Z,144,FALSE
141,,,2024-11-01T00:00:00Z,356,FALSE
141,,,2024-11-01T00:00:00Z,357,FALSE
141,,,2024-11-01T00:00:00Z,358,FALSE
141,,,2024-11-01T00:00:00Z,355,FALSE
141,,,2024-11-01T00:00:00Z,364,FALSE
141,,,2024-11-01T00:00:00Z,365,FALSE
141,,,2024-11-01T00:00:00Z,366,FALSE
141,,,2024-12-01T00:00:00Z,138,FALSE
141,,,2024-12-01T00:00:00Z,368,FALSE
141,,,2024-12-01T00:00:00Z,140,FALSE
141,,,2024-12-01T00:00:00Z,369,FALSE
141,,,2024-12-01T00:00:00Z,139,FALSE
141,,,2024-12-01T00:00:00Z,125,FALSE
141,,,2024-12-01T00:00:00Z,136,FALSE
141,,,2024-12-01T00:00:00Z,45,FALSE
141,,,2024-12-01T00:00:00Z,143,FALSE
141,,,2024-12-01T00:00:00Z,137,FALSE
141,,,2024-12-01T00:00:00Z,142,FALSE
141,,,2024-12-01T00:00:00Z,370,FALSE
141,,,2024-12-01T00:00:00Z,371,FALSE
141,,,2024-12-01T00:00:00Z,372,FALSE
141,,,2024-12-01T00:00:00Z,330,FALSE
141,,,2024-12-01T00:00:00Z,373,FALSE
141,,,2024-12-01T00:00:00Z,211,FALSE
141,,,2024-12-01T00:00:00Z,226,FALSE
141,,,2024-12-01T00:00:00Z,233,FALSE
141,,,2024-12-01T00:00:00Z,378,FALSE
141,,,2024-12-01T00:00:00Z,377,FALSE
141,,,2024-12-01T00:00:00Z,310,FALSE
141,,,2024-12-01T00:00:00Z,379,FALSE
141,,,2024-12-01T00:00:00Z,382,FALSE
141,,,2024-12-01T00:00:00Z,381,FALSE
141,,,2024-12-01T00:00:00Z,383,FALSE
141,,,2024-12-01T00:00:00Z,385,FALSE
141,,,2024-12-01T00:00:00Z,352,FALSE
141,,,2024-12-01T00:00:00Z,353,FALSE
141,,,2024-12-01T00:00:00Z,354,FALSE
141,,,2024-12-01T00:00:00Z,144,FALSE
141,,,2024-12-01T00:00:00Z,356,FALSE
141,,,2024-12-01T00:00:00Z,357,FALSE
141,,,2024-12-01T00:00:00Z,358,FALSE
141,,,2024-12-01T00:00:00Z,355,FALSE
141,,,2024-12-01T00:00:00Z,364,FALSE
141,,,2024-12-01T00:00:00Z,365,FALSE
141,,,2024-12-01T00:00:00Z,366,FALSE
142,,,2024-01-01T00:00:00Z,138,FALSE
142,,,2024-01-01T00:00:00Z,368,FALSE
142,,,2024-01-01T00:00:00Z,140,FALSE
142,,,2024-01-01T00:00:00Z,369,FALSE
142,,,2024-01-01T00:00:00Z,139,FALSE
142,,,2024-01-01T00:00:00Z,125,FALSE
142,,,2024-01-01T00:00:00Z,136,FALSE
142,,,2024-01-01T00:00:00Z,141,FALSE
142,,,2024-01-01T00:00:00Z,45,FALSE
142,,,2024-01-01T00:00:00Z,143,FALSE
142,,,2024-01-01T00:00:00Z,137,FALSE
142,,,2024-01-01T00:00:00Z,370,FALSE
142,,,2024-01-01T00:00:00Z,371,FALSE
142,,,2024-01-01T00:00:00Z,372,FALSE
142,,,2024-01-01T00:00:00Z,330,FALSE
142,,,2024-01-01T00:00:00Z,373,FALSE
142,,,2024-01-01T00:00:00Z,211,FALSE
142,,,2024-01-01T00:00:00Z,226,FALSE
142,,,2024-01-01T00:00:00Z,233,FALSE
142,,,2024-01-01T00:00:00Z,378,FALSE
142,,,2024-01-01T00:00:00Z,377,FALSE
142,,,2024-01-01T00:00:00Z,310,FALSE
142,,,2024-01-01T00:00:00Z,379,FALSE
142,,,2024-01-01T00:00:00Z,382,FALSE
142,,,2024-01-01T00:00:00Z,381,FALSE
142,,,2024-01-01T00:00:00Z,383,FALSE
142,,,2024-01-01T00:00:00Z,385,FALSE
142,,,2024-01-01T00:00:00Z,352,FALSE
142,,,2024-01-01T00:00:00Z,353,FALSE
142,,,2024-01-01T00:00:00Z,354,FALSE
142,,,2024-01-01T00:00:00Z,144,FALSE
142,,,2024-01-01T00:00:00Z,356,FALSE
142,,,2024-01-01T00:00:00Z,357,FALSE
142,,,2024-01-01T00:00:00Z,358,FALSE
142,,,2024-01-01T00:00:00Z,355,FALSE
142,,,2024-01-01T00:00:00Z,364,FALSE
142,,,2024-01-01T00:00:00Z,365,FALSE
142,,,2024-01-01T00:00:00Z,366,FALSE
142,,,2024-02-01T00:00:00Z,138,FALSE
142,,,2024-02-01T00:00:00Z,368,FALSE
142,,,2024-02-01T00:00:00Z,140,FALSE
142,,,2024-02-01T00:00:00Z,369,FALSE
142,,,2024-02-01T00:00:00Z,139,FALSE
142,,,2024-02-01T00:00:00Z,125,FALSE
142,,,2024-02-01T00:00:00Z,136,FALSE
142,,,2024-02-01T00:00:00Z,141,FALSE
142,,,2024-02-01T00:00:00Z,45,FALSE
142,,,2024-02-01T00:00:00Z,143,FALSE
142,,,2024-02-01T00:00:00Z,137,FALSE
142,,,2024-02-01T00:00:00Z,370,FALSE
142,,,2024-02-01T00:00:00Z,371,FALSE
142,,,2024-02-01T00:00:00Z,372,FALSE
142,,,2024-02-01T00:00:00Z,330,FALSE
142,,,2024-02-01T00:00:00Z,373,FALSE
142,,,2024-02-01T00:00:00Z,211,FALSE
142,,,2024-02-01T00:00:00Z,226,FALSE
142,,,2024-02-01T00:00:00Z,233,FALSE
142,,,2024-02-01T00:00:00Z,378,FALSE
142,,,2024-02-01T00:00:00Z,377,FALSE
142,,,2024-02-01T00:00:00Z,310,FALSE
142,,,2024-02-01T00:00:00Z,379,FALSE
142,,,2024-02-01T00:00:00Z,382,FALSE
142,,,2024-02-01T00:00:00Z,381,FALSE
142,,,2024-02-01T00:00:00Z,383,FALSE
142,,,2024-02-01T00:00:00Z,385,FALSE
142,,,2024-02-01T00:00:00Z,352,FALSE
142,,,2024-02-01T00:00:00Z,353,FALSE
142,,,2024-02-01T00:00:00Z,354,FALSE
142,,,2024-02-01T00:00:00Z,144,FALSE
142,,,2024-02-01T00:00:00Z,356,FALSE
142,,,2024-02-01T00:00:00Z,357,FALSE
142,,,2024-02-01T00:00:00Z,358,FALSE
142,,,2024-02-01T00:00:00Z,355,FALSE
142,,,2024-02-01T00:00:00Z,364,FALSE
142,,,2024-02-01T00:00:00Z,365,FALSE
142,,,2024-02-01T00:00:00Z,366,FALSE
142,,,2024-03-01T00:00:00Z,138,FALSE
142,,,2024-03-01T00:00:00Z,368,FALSE
142,,,2024-03-01T00:00:00Z,140,FALSE
142,,,2024-03-01T00:00:00Z,369,FALSE
142,,,2024-03-01T00:00:00Z,139,FALSE
142,,,2024-03-01T00:00:00Z,125,FALSE
142,,,2024-03-01T00:00:00Z,136,FALSE
142,,,2024-03-01T00:00:00Z,141,FALSE
142,,,2024-03-01T00:00:00Z,45,FALSE
142,,,2024-03-01T00:00:00Z,143,FALSE
142,,,2024-03-01T00:00:00Z,137,FALSE
142,,,2024-03-01T00:00:00Z,370,FALSE
142,,,2024-03-01T00:00:00Z,371,FALSE
142,,,2024-03-01T00:00:00Z,372,FALSE
142,,,2024-03-01T00:00:00Z,330,FALSE
142,,,2024-03-01T00:00:00Z,373,FALSE
142,,,2024-03-01T00:00:00Z,211,FALSE
142,,,2024-03-01T00:00:00Z,226,FALSE
142,,,2024-03-01T00:00:00Z,233,FALSE
142,,,2024-03-01T00:00:00Z,378,FALSE
142,,,2024-03-01T00:00:00Z,377,FALSE
142,,,2024-03-01T00:00:00Z,310,FALSE
142,,,2024-03-01T00:00:00Z,379,FALSE
142,,,2024-03-01T00:00:00Z,382,FALSE
142,,,2024-03-01T00:00:00Z,381,FALSE
142,,,2024-03-01T00:00:00Z,383,FALSE
142,,,2024-03-01T00:00:00Z,385,FALSE
142,,,2024-03-01T00:00:00Z,352,FALSE
142,,,2024-03-01T00:00:00Z,353,FALSE
142,,,2024-03-01T00:00:00Z,354,FALSE
142,,,2024-03-01T00:00:00Z,144,FALSE
142,,,2024-03-01T00:00:00Z,356,FALSE
142,,,2024-03-01T00:00:00Z,357,FALSE
142,,,2024-03-01T00:00:00Z,358,FALSE
142,,,2024-03-01T00:00:00Z,355,FALSE
142,,,2024-03-01T00:00:00Z,364,FALSE
142,,,2024-03-01T00:00:00Z,365,FALSE
142,,,2024-03-01T00:00:00Z,366,FALSE
142,,,2024-04-01T00:00:00Z,138,FALSE
142,,,2024-04-01T00:00:00Z,368,FALSE
142,,,2024-04-01T00:00:00Z,140,FALSE
142,,,2024-04-01T00:00:00Z,369,FALSE
142,,,2024-04-01T00:00:00Z,139,FALSE
142,,,2024-04-01T00:00:00Z,125,FALSE
142,,,2024-04-01T00:00:00Z,136,FALSE
142,,,2024-04-01T00:00:00Z,141,FALSE
142,,,2024-04-01T00:00:00Z,45,FALSE
142,,,2024-04-01T00:00:00Z,143,FALSE
142,,,2024-04-01T00:00:00Z,137,FALSE
142,,,2024-04-01T00:00:00Z,370,FALSE
142,,,2024-04-01T00:00:00Z,371,FALSE
142,,,2024-04-01T00:00:00Z,372,FALSE
142,,,2024-04-01T00:00:00Z,330,FALSE
142,,,2024-04-01T00:00:00Z,373,FALSE
142,,,2024-04-01T00:00:00Z,211,FALSE
142,,,2024-04-01T00:00:00Z,226,FALSE
142,,,2024-04-01T00:00:00Z,233,FALSE
142,,,2024-04-01T00:00:00Z,378,FALSE
142,,,2024-04-01T00:00:00Z,377,FALSE
142,,,2024-04-01T00:00:00Z,310,FALSE
142,,,2024-04-01T00:00:00Z,379,FALSE
142,,,2024-04-01T00:00:00Z,382,FALSE
142,,,2024-04-01T00:00:00Z,381,FALSE
142,,,2024-04-01T00:00:00Z,383,FALSE
142,,,2024-04-01T00:00:00Z,385,FALSE
142,,,2024-04-01T00:00:00Z,352,FALSE
142,,,2024-04-01T00:00:00Z,353,FALSE
142,,,2024-04-01T00:00:00Z,354,FALSE
142,,,2024-04-01T00:00:00Z,144,FALSE
142,,,2024-04-01T00:00:00Z,356,FALSE
142,,,2024-04-01T00:00:00Z,357,FALSE
142,,,2024-04-01T00:00:00Z,358,FALSE
142,,,2024-04-01T00:00:00Z,355,FALSE
142,,,2024-04-01T00:00:00Z,364,FALSE
142,,,2024-04-01T00:00:00Z,365,FALSE
142,,,2024-04-01T00:00:00Z,366,FALSE
142,,,2024-05-01T00:00:00Z,138,FALSE
142,,,2024-05-01T00:00:00Z,368,FALSE
142,,,2024-05-01T00:00:00Z,140,FALSE
142,,,2024-05-01T00:00:00Z,369,FALSE
142,,,2024-05-01T00:00:00Z,139,FALSE
142,,,2024-05-01T00:00:00Z,125,FALSE
142,,,2024-05-01T00:00:00Z,136,FALSE
142,,,2024-05-01T00:00:00Z,141,FALSE
142,,,2024-05-01T00:00:00Z,45,FALSE
142,,,2024-05-01T00:00:00Z,143,FALSE
142,,,2024-05-01T00:00:00Z,137,FALSE
142,,,2024-05-01T00:00:00Z,370,FALSE
142,,,2024-05-01T00:00:00Z,371,FALSE
142,,,2024-05-01T00:00:00Z,372,FALSE
142,,,2024-05-01T00:00:00Z,330,FALSE
142,,,2024-05-01T00:00:00Z,373,FALSE
142,,,2024-05-01T00:00:00Z,211,FALSE
142,,,2024-05-01T00:00:00Z,226,FALSE
142,,,2024-05-01T00:00:00Z,233,FALSE
142,,,2024-05-01T00:00:00Z,378,FALSE
142,,,2024-05-01T00:00:00Z,377,FALSE
142,,,2024-05-01T00:00:00Z,310,FALSE
142,,,2024-05-01T00:00:00Z,379,FALSE
142,,,2024-05-01T00:00:00Z,382,FALSE
142,,,2024-05-01T00:00:00Z,381,FALSE
142,,,2024-05-01T00:00:00Z,383,FALSE
142,,,2024-05-01T00:00:00Z,385,FALSE
142,,,2024-05-01T00:00:00Z,352,FALSE
142,,,2024-05-01T00:00:00Z,353,FALSE
142,,,2024-05-01T00:00:00Z,354,FALSE
142,,,2024-05-01T00:00:00Z,144,FALSE
142,,,2024-05-01T00:00:00Z,356,FALSE
142,,,2024-05-01T00:00:00Z,357,FALSE
142,,,2024-05-01T00:00:00Z,358,FALSE
142,,,2024-05-01T00:00:00Z,355,FALSE
142,,,2024-05-01T00:00:00Z,364,FALSE
142,,,2024-05-01T00:00:00Z,365,FALSE
142,,,2024-05-01T00:00:00Z,366,FALSE
142,,,2024-06-01T00:00:00Z,138,FALSE
142,,,2024-06-01T00:00:00Z,368,FALSE
142,,,2024-06-01T00:00:00Z,140,FALSE
142,,,2024-06-01T00:00:00Z,369,FALSE
142,,,2024-06-01T00:00:00Z,139,FALSE
142,,,2024-06-01T00:00:00Z,125,FALSE
142,,,2024-06-01T00:00:00Z,136,FALSE
142,,,2024-06-01T00:00:00Z,141,FALSE
142,,,2024-06-01T00:00:00Z,45,FALSE
142,,,2024-06-01T00:00:00Z,143,FALSE
142,,,2024-06-01T00:00:00Z,137,FALSE
142,,,2024-06-01T00:00:00Z,370,FALSE
142,,,2024-06-01T00:00:00Z,371,FALSE
142,,,2024-06-01T00:00:00Z,372,FALSE
142,,,2024-06-01T00:00:00Z,330,FALSE
142,,,2024-06-01T00:00:00Z,373,FALSE
142,,,2024-06-01T00:00:00Z,211,FALSE
142,,,2024-06-01T00:00:00Z,226,FALSE
142,,,2024-06-01T00:00:00Z,233,FALSE
142,,,2024-06-01T00:00:00Z,378,FALSE
142,,,2024-06-01T00:00:00Z,377,FALSE
142,,,2024-06-01T00:00:00Z,310,FALSE
142,,,2024-06-01T00:00:00Z,379,FALSE
142,,,2024-06-01T00:00:00Z,382,FALSE
142,,,2024-06-01T00:00:00Z,381,FALSE
142,,,2024-06-01T00:00:00Z,383,FALSE
142,,,2024-06-01T00:00:00Z,385,FALSE
142,,,2024-06-01T00:00:00Z,352,FALSE
142,,,2024-06-01T00:00:00Z,353,FALSE
142,,,2024-06-01T00:00:00Z,354,FALSE
142,,,2024-06-01T00:00:00Z,144,FALSE
142,,,2024-06-01T00:00:00Z,356,FALSE
142,,,2024-06-01T00:00:00Z,357,FALSE
142,,,2024-06-01T00:00:00Z,358,FALSE
142,,,2024-06-01T00:00:00Z,355,FALSE
142,,,2024-06-01T00:00:00Z,364,FALSE
142,,,2024-06-01T00:00:00Z,365,FALSE
142,,,2024-06-01T00:00:00Z,366,FALSE
142,,,2024-07-01T00:00:00Z,138,FALSE
142,,,2024-07-01T00:00:00Z,368,FALSE
142,,,2024-07-01T00:00:00Z,140,FALSE
142,,,2024-07-01T00:00:00Z,369,FALSE
142,,,2024-07-01T00:00:00Z,139,FALSE
142,,,2024-07-01T00:00:00Z,125,FALSE
142,,,2024-07-01T00:00:00Z,136,FALSE
142,,,2024-07-01T00:00:00Z,141,FALSE
142,,,2024-07-01T00:00:00Z,45,FALSE
142,,,2024-07-01T00:00:00Z,143,FALSE
142,,,2024-07-01T00:00:00Z,137,FALSE
142,,,2024-07-01T00:00:00Z,370,FALSE
142,,,2024-07-01T00:00:00Z,371,FALSE
142,,,2024-07-01T00:00:00Z,372,FALSE
142,,,2024-07-01T00:00:00Z,330,FALSE
142,,,2024-07-01T00:00:00Z,373,FALSE
142,,,2024-07-01T00:00:00Z,211,FALSE
142,,,2024-07-01T00:00:00Z,226,FALSE
142,,,2024-07-01T00:00:00Z,233,FALSE
142,,,2024-07-01T00:00:00Z,378,FALSE
142,,,2024-07-01T00:00:00Z,377,FALSE
142,,,2024-07-01T00:00:00Z,310,FALSE
142,,,2024-07-01T00:00:00Z,379,FALSE
142,,,2024-07-01T00:00:00Z,382,FALSE
142,,,2024-07-01T00:00:00Z,381,FALSE
142,,,2024-07-01T00:00:00Z,383,FALSE
142,,,2024-07-01T00:00:00Z,385,FALSE
142,,,2024-07-01T00:00:00Z,352,FALSE
142,,,2024-07-01T00:00:00Z,353,FALSE
142,,,2024-07-01T00:00:00Z,354,FALSE
142,,,2024-07-01T00:00:00Z,144,FALSE
142,,,2024-07-01T00:00:00Z,356,FALSE
142,,,2024-07-01T00:00:00Z,357,FALSE
142,,,2024-07-01T00:00:00Z,358,FALSE
142,,,2024-07-01T00:00:00Z,355,FALSE
142,,,2024-07-01T00:00:00Z,364,FALSE
142,,,2024-07-01T00:00:00Z,365,FALSE
142,,,2024-07-01T00:00:00Z,366,FALSE
142,,,2024-08-01T00:00:00Z,138,FALSE
142,,,2024-08-01T00:00:00Z,368,FALSE
142,,,2024-08-01T00:00:00Z,140,FALSE
142,,,2024-08-01T00:00:00Z,369,FALSE
142,,,2024-08-01T00:00:00Z,139,FALSE
142,,,2024-08-01T00:00:00Z,125,FALSE
142,,,2024-08-01T00:00:00Z,136,FALSE
142,,,2024-08-01T00:00:00Z,141,FALSE
142,,,2024-08-01T00:00:00Z,45,FALSE
142,,,2024-08-01T00:00:00Z,143,FALSE
142,,,2024-08-01T00:00:00Z,137,FALSE
142,,,2024-08-01T00:00:00Z,370,FALSE
142,,,2024-08-01T00:00:00Z,371,FALSE
142,,,2024-08-01T00:00:00Z,372,FALSE
142,,,2024-08-01T00:00:00Z,330,FALSE
142,,,2024-08-01T00:00:00Z,373,FALSE
142,,,2024-08-01T00:00:00Z,211,FALSE
142,,,2024-08-01T00:00:00Z,226,FALSE
142,,,2024-08-01T00:00:00Z,233,FALSE
142,,,2024-08-01T00:00:00Z,378,FALSE
142,,,2024-08-01T00:00:00Z,377,FALSE
142,,,2024-08-01T00:00:00Z,310,FALSE
142,,,2024-08-01T00:00:00Z,379,FALSE
142,,,2024-08-01T00:00:00Z,382,FALSE
142,,,2024-08-01T00:00:00Z,381,FALSE
142,,,2024-08-01T00:00:00Z,383,FALSE
142,,,2024-08-01T00:00:00Z,385,FALSE
142,,,2024-08-01T00:00:00Z,352,FALSE
142,,,2024-08-01T00:00:00Z,353,FALSE
142,,,2024-08-01T00:00:00Z,354,FALSE
142,,,2024-08-01T00:00:00Z,144,FALSE
142,,,2024-08-01T00:00:00Z,356,FALSE
142,,,2024-08-01T00:00:00Z,357,FALSE
142,,,2024-08-01T00:00:00Z,358,FALSE
142,,,2024-08-01T00:00:00Z,355,FALSE
142,,,2024-08-01T00:00:00Z,364,FALSE
142,,,2024-08-01T00:00:00Z,365,FALSE
142,,,2024-08-01T00:00:00Z,366,FALSE
142,,,2024-09-01T00:00:00Z,138,FALSE
142,,,2024-09-01T00:00:00Z,368,FALSE
142,,,2024-09-01T00:00:00Z,140,FALSE
142,,,2024-09-01T00:00:00Z,369,FALSE
142,,,2024-09-01T00:00:00Z,139,FALSE
142,,,2024-09-01T00:00:00Z,125,FALSE
142,,,2024-09-01T00:00:00Z,136,FALSE
142,,,2024-09-01T00:00:00Z,141,FALSE
142,,,2024-09-01T00:00:00Z,45,FALSE
142,,,2024-09-01T00:00:00Z,143,FALSE
142,,,2024-09-01T00:00:00Z,137,FALSE
142,,,2024-09-01T00:00:00Z,370,FALSE
142,,,2024-09-01T00:00:00Z,371,FALSE
142,,,2024-09-01T00:00:00Z,372,FALSE
142,,,2024-09-01T00:00:00Z,330,FALSE
142,,,2024-09-01T00:00:00Z,373,FALSE
142,,,2024-09-01T00:00:00Z,211,FALSE
142,,,2024-09-01T00:00:00Z,226,FALSE
142,,,2024-09-01T00:00:00Z,233,FALSE
142,,,2024-09-01T00:00:00Z,378,FALSE
142,,,2024-09-01T00:00:00Z,377,FALSE
142,,,2024-09-01T00:00:00Z,310,FALSE
142,,,2024-09-01T00:00:00Z,379,FALSE
142,,,2024-09-01T00:00:00Z,382,FALSE
142,,,2024-09-01T00:00:00Z,381,FALSE
142,,,2024-09-01T00:00:00Z,383,FALSE
142,,,2024-09-01T00:00:00Z,385,FALSE
142,,,2024-09-01T00:00:00Z,352,FALSE
142,,,2024-09-01T00:00:00Z,353,FALSE
142,,,2024-09-01T00:00:00Z,354,FALSE
142,,,2024-09-01T00:00:00Z,144,FALSE
142,,,2024-09-01T00:00:00Z,356,FALSE
142,,,2024-09-01T00:00:00Z,357,FALSE
142,,,2024-09-01T00:00:00Z,358,FALSE
142,,,2024-09-01T00:00:00Z,355,FALSE
142,,,2024-09-01T00:00:00Z,364,FALSE
142,,,2024-09-01T00:00:00Z,365,FALSE
142,,,2024-09-01T00:00:00Z,366,FALSE
142,,,2024-10-01T00:00:00Z,138,FALSE
142,,,2024-10-01T00:00:00Z,368,FALSE
142,,,2024-10-01T00:00:00Z,140,FALSE
142,,,2024-10-01T00:00:00Z,369,FALSE
142,,,2024-10-01T00:00:00Z,139,FALSE
142,,,2024-10-01T00:00:00Z,125,FALSE
142,,,2024-10-01T00:00:00Z,136,FALSE
142,,,2024-10-01T00:00:00Z,141,FALSE
142,,,2024-10-01T00:00:00Z,45,FALSE
142,,,2024-10-01T00:00:00Z,143,FALSE
142,,,2024-10-01T00:00:00Z,137,FALSE
142,,,2024-10-01T00:00:00Z,370,FALSE
142,,,2024-10-01T00:00:00Z,371,FALSE
142,,,2024-10-01T00:00:00Z,372,FALSE
142,,,2024-10-01T00:00:00Z,330,FALSE
142,,,2024-10-01T00:00:00Z,373,FALSE
142,,,2024-10-01T00:00:00Z,211,FALSE
142,,,2024-10-01T00:00:00Z,226,FALSE
142,,,2024-10-01T00:00:00Z,233,FALSE
142,,,2024-10-01T00:00:00Z,378,FALSE
142,,,2024-10-01T00:00:00Z,377,FALSE
142,,,2024-10-01T00:00:00Z,310,FALSE
142,,,2024-10-01T00:00:00Z,379,FALSE
142,,,2024-10-01T00:00:00Z,382,FALSE
142,,,2024-10-01T00:00:00Z,381,FALSE
142,,,2024-10-01T00:00:00Z,383,FALSE
142,,,2024-10-01T00:00:00Z,385,FALSE
142,,,2024-10-01T00:00:00Z,352,FALSE
142,,,2024-10-01T00:00:00Z,353,FALSE
142,,,2024-10-01T00:00:00Z,354,FALSE
142,,,2024-10-01T00:00:00Z,144,FALSE
142,,,2024-10-01T00:00:00Z,356,FALSE
142,,,2024-10-01T00:00:00Z,357,FALSE
142,,,2024-10-01T00:00:00Z,358,FALSE
142,,,2024-10-01T00:00:00Z,355,FALSE
142,,,2024-10-01T00:00:00Z,364,FALSE
142,,,2024-10-01T00:00:00Z,365,FALSE
142,,,2024-10-01T00:00:00Z,366,FALSE
142,,,2024-11-01T00:00:00Z,138,FALSE
142,,,2024-11-01T00:00:00Z,368,FALSE
142,,,2024-11-01T00:00:00Z,140,FALSE
142,,,2024-11-01T00:00:00Z,369,FALSE
142,,,2024-11-01T00:00:00Z,139,FALSE
142,,,2024-11-01T00:00:00Z,125,FALSE
142,,,2024-11-01T00:00:00Z,136,FALSE
142,,,2024-11-01T00:00:00Z,141,FALSE
142,,,2024-11-01T00:00:00Z,45,FALSE
142,,,2024-11-01T00:00:00Z,143,FALSE
142,,,2024-11-01T00:00:00Z,137,FALSE
142,,,2024-11-01T00:00:00Z,370,FALSE
142,,,2024-11-01T00:00:00Z,371,FALSE
142,,,2024-11-01T00:00:00Z,372,FALSE
142,,,2024-11-01T00:00:00Z,330,FALSE
142,,,2024-11-01T00:00:00Z,373,FALSE
142,,,2024-11-01T00:00:00Z,211,FALSE
142,,,2024-11-01T00:00:00Z,226,FALSE
142,,,2024-11-01T00:00:00Z,233,FALSE
142,,,2024-11-01T00:00:00Z,378,FALSE
142,,,2024-11-01T00:00:00Z,377,FALSE
142,,,2024-11-01T00:00:00Z,310,FALSE
142,,,2024-11-01T00:00:00Z,379,FALSE
142,,,2024-11-01T00:00:00Z,382,FALSE
142,,,2024-11-01T00:00:00Z,381,FALSE
142,,,2024-11-01T00:00:00Z,383,FALSE
142,,,2024-11-01T00:00:00Z,385,FALSE
142,,,2024-11-01T00:00:00Z,352,FALSE
142,,,2024-11-01T00:00:00Z,353,FALSE
142,,,2024-11-01T00:00:00Z,354,FALSE
142,,,2024-11-01T00:00:00Z,144,FALSE
142,,,2024-11-01T00:00:00Z,356,FALSE
142,,,2024-11-01T00:00:00Z,357,FALSE
142,,,2024-11-01T00:00:00Z,358,FALSE
142,,,2024-11-01T00:00:00Z,355,FALSE
142,,,2024-11-01T00:00:00Z,364,FALSE
142,,,2024-11-01T00:00:00Z,365,FALSE
142,,,2024-11-01T00:00:00Z,366,FALSE
142,,,2024-12-01T00:00:00Z,138,FALSE
142,,,2024-12-01T00:00:00Z,368,FALSE
142,,,2024-12-01T00:00:00Z,140,FALSE
142,,,2024-12-01T00:00:00Z,369,FALSE
142,,,2024-12-01T00:00:00Z,139,FALSE
142,,,2024-12-01T00:00:00Z,125,FALSE
142,,,2024-12-01T00:00:00Z,136,FALSE
142,,,2024-12-01T00:00:00Z,141,FALSE
142,,,2024-12-01T00:00:00Z,45,FALSE
142,,,2024-12-01T00:00:00Z,143,FALSE
142,,,2024-12-01T00:00:00Z,137,FALSE
142,,,2024-12-01T00:00:00Z,370,FALSE
142,,,2024-12-01T00:00:00Z,371,FALSE
142,,,2024-12-01T00:00:00Z,372,FALSE
142,,,2024-12-01T00:00:00Z,330,FALSE
142,,,2024-12-01T00:00:00Z,373,FALSE
142,,,2024-12-01T00:00:00Z,211,FALSE
142,,,2024-12-01T00:00:00Z,226,FALSE
142,,,2024-12-01T00:00:00Z,233,FALSE
142,,,2024-12-01T00:00:00Z,378,FALSE
142,,,2024-12-01T00:00:00Z,377,FALSE
142,,,2024-12-01T00:00:00Z,310,FALSE
142,,,2024-12-01T00:00:00Z,379,FALSE
142,,,2024-12-01T00:00:00Z,382,FALSE
142,,,2024-12-01T00:00:00Z,381,FALSE
142,,,2024-12-01T00:00:00Z,383,FALSE
142,,,2024-12-01T00:00:00Z,385,FALSE
142,,,2024-12-01T00:00:00Z,352,FALSE
142,,,2024-12-01T00:00:00Z,353,FALSE
142,,,2024-12-01T00:00:00Z,354,FALSE
142,,,2024-12-01T00:00:00Z,144,FALSE
142,,,2024-12-01T00:00:00Z,356,FALSE
142,,,2024-12-01T00:00:00Z,357,FALSE
142,,,2024-12-01T00:00:00Z,358,FALSE
142,,,2024-12-01T00:00:00Z,355,FALSE
142,,,2024-12-01T00:00:00Z,364,FALSE
142,,,2024-12-01T00:00:00Z,365,FALSE
142,,,2024-12-01T00:00:00Z,366,FALSE
143,,,2024-01-01T00:00:00Z,138,FALSE
143,,,2024-01-01T00:00:00Z,368,FALSE
143,,,2024-01-01T00:00:00Z,140,FALSE
143,,,2024-01-01T00:00:00Z,369,FALSE
143,,,2024-01-01T00:00:00Z,139,FALSE
143,,,2024-01-01T00:00:00Z,125,FALSE
143,,,2024-01-01T00:00:00Z,136,FALSE
143,,,2024-01-01T00:00:00Z,141,FALSE
143,,,2024-01-01T00:00:00Z,45,FALSE
143,,,2024-01-01T00:00:00Z,137,FALSE
143,,,2024-01-01T00:00:00Z,142,FALSE
143,,,2024-01-01T00:00:00Z,370,FALSE
143,,,2024-01-01T00:00:00Z,371,FALSE
143,,,2024-01-01T00:00:00Z,372,FALSE
143,,,2024-01-01T00:00:00Z,330,FALSE
143,,,2024-01-01T00:00:00Z,373,FALSE
143,,,2024-01-01T00:00:00Z,211,FALSE
143,,,2024-01-01T00:00:00Z,226,FALSE
143,,,2024-01-01T00:00:00Z,233,FALSE
143,,,2024-01-01T00:00:00Z,378,FALSE
143,,,2024-01-01T00:00:00Z,377,FALSE
143,,,2024-01-01T00:00:00Z,310,FALSE
143,,,2024-01-01T00:00:00Z,379,FALSE
143,,,2024-01-01T00:00:00Z,382,FALSE
143,,,2024-01-01T00:00:00Z,381,FALSE
143,,,2024-01-01T00:00:00Z,383,FALSE
143,,,2024-01-01T00:00:00Z,385,FALSE
143,,,2024-01-01T00:00:00Z,352,FALSE
143,,,2024-01-01T00:00:00Z,353,FALSE
143,,,2024-01-01T00:00:00Z,354,FALSE
143,,,2024-01-01T00:00:00Z,144,FALSE
143,,,2024-01-01T00:00:00Z,356,FALSE
143,,,2024-01-01T00:00:00Z,357,FALSE
143,,,2024-01-01T00:00:00Z,358,FALSE
143,,,2024-01-01T00:00:00Z,355,FALSE
143,,,2024-01-01T00:00:00Z,364,FALSE
143,,,2024-01-01T00:00:00Z,365,FALSE
143,,,2024-01-01T00:00:00Z,366,FALSE
143,,,2024-02-01T00:00:00Z,138,FALSE
143,,,2024-02-01T00:00:00Z,368,FALSE
143,,,2024-02-01T00:00:00Z,140,FALSE
143,,,2024-02-01T00:00:00Z,369,FALSE
143,,,2024-02-01T00:00:00Z,139,FALSE
143,,,2024-02-01T00:00:00Z,125,FALSE
143,,,2024-02-01T00:00:00Z,136,FALSE
143,,,2024-02-01T00:00:00Z,141,FALSE
143,,,2024-02-01T00:00:00Z,45,FALSE
143,,,2024-02-01T00:00:00Z,137,FALSE
143,,,2024-02-01T00:00:00Z,142,FALSE
143,,,2024-02-01T00:00:00Z,370,FALSE
143,,,2024-02-01T00:00:00Z,371,FALSE
143,,,2024-02-01T00:00:00Z,372,FALSE
143,,,2024-02-01T00:00:00Z,330,FALSE
143,,,2024-02-01T00:00:00Z,373,FALSE
143,,,2024-02-01T00:00:00Z,211,FALSE
143,,,2024-02-01T00:00:00Z,226,FALSE
143,,,2024-02-01T00:00:00Z,233,FALSE
143,,,2024-02-01T00:00:00Z,378,FALSE
143,,,2024-02-01T00:00:00Z,377,FALSE
143,,,2024-02-01T00:00:00Z,310,FALSE
143,,,2024-02-01T00:00:00Z,379,FALSE
143,,,2024-02-01T00:00:00Z,382,FALSE
143,,,2024-02-01T00:00:00Z,381,FALSE
143,,,2024-02-01T00:00:00Z,383,FALSE
143,,,2024-02-01T00:00:00Z,385,FALSE
143,,,2024-02-01T00:00:00Z,352,FALSE
143,,,2024-02-01T00:00:00Z,353,FALSE
143,,,2024-02-01T00:00:00Z,354,FALSE
143,,,2024-02-01T00:00:00Z,144,FALSE
143,,,2024-02-01T00:00:00Z,356,FALSE
143,,,2024-02-01T00:00:00Z,357,FALSE
143,,,2024-02-01T00:00:00Z,358,FALSE
143,,,2024-02-01T00:00:00Z,355,FALSE
143,,,2024-02-01T00:00:00Z,364,FALSE
143,,,2024-02-01T00:00:00Z,365,FALSE
143,,,2024-02-01T00:00:00Z,366,FALSE
143,,,2024-03-01T00:00:00Z,138,FALSE
143,,,2024-03-01T00:00:00Z,368,FALSE
143,,,2024-03-01T00:00:00Z,140,FALSE
143,,,2024-03-01T00:00:00Z,369,FALSE
143,,,2024-03-01T00:00:00Z,139,FALSE
143,,,2024-03-01T00:00:00Z,125,FALSE
143,,,2024-03-01T00:00:00Z,136,FALSE
143,,,2024-03-01T00:00:00Z,141,FALSE
143,,,2024-03-01T00:00:00Z,45,FALSE
143,,,2024-03-01T00:00:00Z,137,FALSE
143,,,2024-03-01T00:00:00Z,142,FALSE
143,,,2024-03-01T00:00:00Z,370,FALSE
143,,,2024-03-01T00:00:00Z,371,FALSE
143,,,2024-03-01T00:00:00Z,372,FALSE
143,,,2024-03-01T00:00:00Z,330,FALSE
143,,,2024-03-01T00:00:00Z,373,FALSE
143,,,2024-03-01T00:00:00Z,211,FALSE
143,,,2024-03-01T00:00:00Z,226,FALSE
143,,,2024-03-01T00:00:00Z,233,FALSE
143,,,2024-03-01T00:00:00Z,378,FALSE
143,,,2024-03-01T00:00:00Z,377,FALSE
143,,,2024-03-01T00:00:00Z,310,FALSE
143,,,2024-03-01T00:00:00Z,379,FALSE
143,,,2024-03-01T00:00:00Z,382,FALSE
143,,,2024-03-01T00:00:00Z,381,FALSE
143,,,2024-03-01T00:00:00Z,383,FALSE
143,,,2024-03-01T00:00:00Z,385,FALSE
143,,,2024-03-01T00:00:00Z,352,FALSE
143,,,2024-03-01T00:00:00Z,353,FALSE
143,,,2024-03-01T00:00:00Z,354,FALSE
143,,,2024-03-01T00:00:00Z,144,FALSE
143,,,2024-03-01T00:00:00Z,356,FALSE
143,,,2024-03-01T00:00:00Z,357,FALSE
143,,,2024-03-01T00:00:00Z,358,FALSE
143,,,2024-03-01T00:00:00Z,355,FALSE
143,,,2024-03-01T00:00:00Z,364,FALSE
143,,,2024-03-01T00:00:00Z,365,FALSE
143,,,2024-03-01T00:00:00Z,366,FALSE
143,,,2024-04-01T00:00:00Z,138,FALSE
143,,,2024-04-01T00:00:00Z,368,FALSE
143,,,2024-04-01T00:00:00Z,140,FALSE
143,,,2024-04-01T00:00:00Z,369,FALSE
143,,,2024-04-01T00:00:00Z,139,FALSE
143,,,2024-04-01T00:00:00Z,125,FALSE
143,,,2024-04-01T00:00:00Z,136,FALSE
143,,,2024-04-01T00:00:00Z,141,FALSE
143,,,2024-04-01T00:00:00Z,45,FALSE
143,,,2024-04-01T00:00:00Z,137,FALSE
143,,,2024-04-01T00:00:00Z,142,FALSE
143,,,2024-04-01T00:00:00Z,370,FALSE
143,,,2024-04-01T00:00:00Z,371,FALSE
143,,,2024-04-01T00:00:00Z,372,FALSE
143,,,2024-04-01T00:00:00Z,330,FALSE
143,,,2024-04-01T00:00:00Z,373,FALSE
143,,,2024-04-01T00:00:00Z,211,FALSE
143,,,2024-04-01T00:00:00Z,226,FALSE
143,,,2024-04-01T00:00:00Z,233,FALSE
143,,,2024-04-01T00:00:00Z,378,FALSE
143,,,2024-04-01T00:00:00Z,377,FALSE
143,,,2024-04-01T00:00:00Z,310,FALSE
143,,,2024-04-01T00:00:00Z,379,FALSE
143,,,2024-04-01T00:00:00Z,382,FALSE
143,,,2024-04-01T00:00:00Z,381,FALSE
143,,,2024-04-01T00:00:00Z,383,FALSE
143,,,2024-04-01T00:00:00Z,385,FALSE
143,,,2024-04-01T00:00:00Z,352,FALSE
143,,,2024-04-01T00:00:00Z,353,FALSE
143,,,2024-04-01T00:00:00Z,354,FALSE
143,,,2024-04-01T00:00:00Z,144,FALSE
143,,,2024-04-01T00:00:00Z,356,FALSE
143,,,2024-04-01T00:00:00Z,357,FALSE
143,,,2024-04-01T00:00:00Z,358,FALSE
143,,,2024-04-01T00:00:00Z,355,FALSE
143,,,2024-04-01T00:00:00Z,364,FALSE
143,,,2024-04-01T00:00:00Z,365,FALSE
143,,,2024-04-01T00:00:00Z,366,FALSE
143,,,2024-05-01T00:00:00Z,138,FALSE
143,,,2024-05-01T00:00:00Z,368,FALSE
143,,,2024-05-01T00:00:00Z,140,FALSE
143,,,2024-05-01T00:00:00Z,369,FALSE
143,,,2024-05-01T00:00:00Z,139,FALSE
143,,,2024-05-01T00:00:00Z,125,FALSE
143,,,2024-05-01T00:00:00Z,136,FALSE
143,,,2024-05-01T00:00:00Z,141,FALSE
143,,,2024-05-01T00:00:00Z,45,FALSE
143,,,2024-05-01T00:00:00Z,137,FALSE
143,,,2024-05-01T00:00:00Z,142,FALSE
143,,,2024-05-01T00:00:00Z,370,FALSE
143,,,2024-05-01T00:00:00Z,371,FALSE
143,,,2024-05-01T00:00:00Z,372,FALSE
143,,,2024-05-01T00:00:00Z,330,FALSE
143,,,2024-05-01T00:00:00Z,373,FALSE
143,,,2024-05-01T00:00:00Z,211,FALSE
143,,,2024-05-01T00:00:00Z,226,FALSE
143,,,2024-05-01T00:00:00Z,233,FALSE
143,,,2024-05-01T00:00:00Z,378,FALSE
143,,,2024-05-01T00:00:00Z,377,FALSE
143,,,2024-05-01T00:00:00Z,310,FALSE
143,,,2024-05-01T00:00:00Z,379,FALSE
143,,,2024-05-01T00:00:00Z,382,FALSE
143,,,2024-05-01T00:00:00Z,381,FALSE
143,,,2024-05-01T00:00:00Z,383,FALSE
143,,,2024-05-01T00:00:00Z,385,FALSE
143,,,2024-05-01T00:00:00Z,352,FALSE
143,,,2024-05-01T00:00:00Z,353,FALSE
143,,,2024-05-01T00:00:00Z,354,FALSE
143,,,2024-05-01T00:00:00Z,144,FALSE
143,,,2024-05-01T00:00:00Z,356,FALSE
143,,,2024-05-01T00:00:00Z,357,FALSE
143,,,2024-05-01T00:00:00Z,358,FALSE
143,,,2024-05-01T00:00:00Z,355,FALSE
143,,,2024-05-01T00:00:00Z,364,FALSE
143,,,2024-05-01T00:00:00Z,365,FALSE
143,,,2024-05-01T00:00:00Z,366,FALSE
143,,,2024-06-01T00:00:00Z,138,FALSE
143,,,2024-06-01T00:00:00Z,368,FALSE
143,,,2024-06-01T00:00:00Z,140,FALSE
143,,,2024-06-01T00:00:00Z,369,FALSE
143,,,2024-06-01T00:00:00Z,139,FALSE
143,,,2024-06-01T00:00:00Z,125,FALSE
143,,,2024-06-01T00:00:00Z,136,FALSE
143,,,2024-06-01T00:00:00Z,141,FALSE
143,,,2024-06-01T00:00:00Z,45,FALSE
143,,,2024-06-01T00:00:00Z,137,FALSE
143,,,2024-06-01T00:00:00Z,142,FALSE
143,,,2024-06-01T00:00:00Z,370,FALSE
143,,,2024-06-01T00:00:00Z,371,FALSE
143,,,2024-06-01T00:00:00Z,372,FALSE
143,,,2024-06-01T00:00:00Z,330,FALSE
143,,,2024-06-01T00:00:00Z,373,FALSE
143,,,2024-06-01T00:00:00Z,211,FALSE
143,,,2024-06-01T00:00:00Z,226,FALSE
143,,,2024-06-01T00:00:00Z,233,FALSE
143,,,2024-06-01T00:00:00Z,378,FALSE
143,,,2024-06-01T00:00:00Z,377,FALSE
143,,,2024-06-01T00:00:00Z,310,FALSE
143,,,2024-06-01T00:00:00Z,379,FALSE
143,,,2024-06-01T00:00:00Z,382,FALSE
143,,,2024-06-01T00:00:00Z,381,FALSE
143,,,2024-06-01T00:00:00Z,383,FALSE
143,,,2024-06-01T00:00:00Z,385,FALSE
143,,,2024-06-01T00:00:00Z,352,FALSE
143,,,2024-06-01T00:00:00Z,353,FALSE
143,,,2024-06-01T00:00:00Z,354,FALSE
143,,,2024-06-01T00:00:00Z,144,FALSE
143,,,2024-06-01T00:00:00Z,356,FALSE
143,,,2024-06-01T00:00:00Z,357,FALSE
143,,,2024-06-01T00:00:00Z,358,FALSE
143,,,2024-06-01T00:00:00Z,355,FALSE
143,,,2024-06-01T00:00:00Z,364,FALSE
143,,,2024-06-01T00:00:00Z,365,FALSE
143,,,2024-06-01T00:00:00Z,366,FALSE
143,,,2024-07-01T00:00:00Z,138,FALSE
143,,,2024-07-01T00:00:00Z,368,FALSE
143,,,2024-07-01T00:00:00Z,140,FALSE
143,,,2024-07-01T00:00:00Z,369,FALSE
143,,,2024-07-01T00:00:00Z,139,FALSE
143,,,2024-07-01T00:00:00Z,125,FALSE
143,,,2024-07-01T00:00:00Z,136,FALSE
143,,,2024-07-01T00:00:00Z,141,FALSE
143,,,2024-07-01T00:00:00Z,45,FALSE
143,,,2024-07-01T00:00:00Z,137,FALSE
143,,,2024-07-01T00:00:00Z,142,FALSE
143,,,2024-07-01T00:00:00Z,370,FALSE
143,,,2024-07-01T00:00:00Z,371,FALSE
143,,,2024-07-01T00:00:00Z,372,FALSE
143,,,2024-07-01T00:00:00Z,330,FALSE
143,,,2024-07-01T00:00:00Z,373,FALSE
143,,,2024-07-01T00:00:00Z,211,FALSE
143,,,2024-07-01T00:00:00Z,226,FALSE
143,,,2024-07-01T00:00:00Z,233,FALSE
143,,,2024-07-01T00:00:00Z,378,FALSE
143,,,2024-07-01T00:00:00Z,377,FALSE
143,,,2024-07-01T00:00:00Z,310,FALSE
143,,,2024-07-01T00:00:00Z,379,FALSE
143,,,2024-07-01T00:00:00Z,382,FALSE
143,,,2024-07-01T00:00:00Z,381,FALSE
143,,,2024-07-01T00:00:00Z,383,FALSE
143,,,2024-07-01T00:00:00Z,385,FALSE
143,,,2024-07-01T00:00:00Z,352,FALSE
143,,,2024-07-01T00:00:00Z,353,FALSE
143,,,2024-07-01T00:00:00Z,354,FALSE
143,,,2024-07-01T00:00:00Z,144,FALSE
143,,,2024-07-01T00:00:00Z,356,FALSE
143,,,2024-07-01T00:00:00Z,357,FALSE
143,,,2024-07-01T00:00:00Z,358,FALSE
143,,,2024-07-01T00:00:00Z,355,FALSE
143,,,2024-07-01T00:00:00Z,364,FALSE
143,,,2024-07-01T00:00:00Z,365,FALSE
143,,,2024-07-01T00:00:00Z,366,FALSE
143,,,2024-08-01T00:00:00Z,138,FALSE
143,,,2024-08-01T00:00:00Z,368,FALSE
143,,,2024-08-01T00:00:00Z,140,FALSE
143,,,2024-08-01T00:00:00Z,369,FALSE
143,,,2024-08-01T00:00:00Z,139,FALSE
143,,,2024-08-01T00:00:00Z,125,FALSE
143,,,2024-08-01T00:00:00Z,136,FALSE
143,,,2024-08-01T00:00:00Z,141,FALSE
143,,,2024-08-01T00:00:00Z,45,FALSE
143,,,2024-08-01T00:00:00Z,137,FALSE
143,,,2024-08-01T00:00:00Z,142,FALSE
143,,,2024-08-01T00:00:00Z,370,FALSE
143,,,2024-08-01T00:00:00Z,371,FALSE
143,,,2024-08-01T00:00:00Z,372,FALSE
143,,,2024-08-01T00:00:00Z,330,FALSE
143,,,2024-08-01T00:00:00Z,373,FALSE
143,,,2024-08-01T00:00:00Z,211,FALSE
143,,,2024-08-01T00:00:00Z,226,FALSE
143,,,2024-08-01T00:00:00Z,233,FALSE
143,,,2024-08-01T00:00:00Z,378,FALSE
143,,,2024-08-01T00:00:00Z,377,FALSE
143,,,2024-08-01T00:00:00Z,310,FALSE
143,,,2024-08-01T00:00:00Z,379,FALSE
143,,,2024-08-01T00:00:00Z,382,FALSE
143,,,2024-08-01T00:00:00Z,381,FALSE
143,,,2024-08-01T00:00:00Z,383,FALSE
143,,,2024-08-01T00:00:00Z,385,FALSE
143,,,2024-08-01T00:00:00Z,352,FALSE
143,,,2024-08-01T00:00:00Z,353,FALSE
143,,,2024-08-01T00:00:00Z,354,FALSE
143,,,2024-08-01T00:00:00Z,144,FALSE
143,,,2024-08-01T00:00:00Z,356,FALSE
143,,,2024-08-01T00:00:00Z,357,FALSE
143,,,2024-08-01T00:00:00Z,358,FALSE
143,,,2024-08-01T00:00:00Z,355,FALSE
143,,,2024-08-01T00:00:00Z,364,FALSE
143,,,2024-08-01T00:00:00Z,365,FALSE
143,,,2024-08-01T00:00:00Z,366,FALSE
143,,,2024-09-01T00:00:00Z,138,FALSE
143,,,2024-09-01T00:00:00Z,368,FALSE
143,,,2024-09-01T00:00:00Z,140,FALSE
143,,,2024-09-01T00:00:00Z,369,FALSE
143,,,2024-09-01T00:00:00Z,139,FALSE
143,,,2024-09-01T00:00:00Z,125,FALSE
143,,,2024-09-01T00:00:00Z,136,FALSE
143,,,2024-09-01T00:00:00Z,141,FALSE
143,,,2024-09-01T00:00:00Z,45,FALSE
143,,,2024-09-01T00:00:00Z,137,FALSE
143,,,2024-09-01T00:00:00Z,142,FALSE
143,,,2024-09-01T00:00:00Z,370,FALSE
143,,,2024-09-01T00:00:00Z,371,FALSE
143,,,2024-09-01T00:00:00Z,372,FALSE
143,,,2024-09-01T00:00:00Z,330,FALSE
143,,,2024-09-01T00:00:00Z,373,FALSE
143,,,2024-09-01T00:00:00Z,211,FALSE
143,,,2024-09-01T00:00:00Z,226,FALSE
143,,,2024-09-01T00:00:00Z,233,FALSE
143,,,2024-09-01T00:00:00Z,378,FALSE
143,,,2024-09-01T00:00:00Z,377,FALSE
143,,,2024-09-01T00:00:00Z,310,FALSE
143,,,2024-09-01T00:00:00Z,379,FALSE
143,,,2024-09-01T00:00:00Z,382,FALSE
143,,,2024-09-01T00:00:00Z,381,FALSE
143,,,2024-09-01T00:00:00Z,383,FALSE
143,,,2024-09-01T00:00:00Z,385,FALSE
143,,,2024-09-01T00:00:00Z,352,FALSE
143,,,2024-09-01T00:00:00Z,353,FALSE
143,,,2024-09-01T00:00:00Z,354,FALSE
143,,,2024-09-01T00:00:00Z,144,FALSE
143,,,2024-09-01T00:00:00Z,356,FALSE
143,,,2024-09-01T00:00:00Z,357,FALSE
143,,,2024-09-01T00:00:00Z,358,FALSE
143,,,2024-09-01T00:00:00Z,355,FALSE
143,,,2024-09-01T00:00:00Z,364,FALSE
143,,,2024-09-01T00:00:00Z,365,FALSE
143,,,2024-09-01T00:00:00Z,366,FALSE
143,,,2024-10-01T00:00:00Z,138,FALSE
143,,,2024-10-01T00:00:00Z,368,FALSE
143,,,2024-10-01T00:00:00Z,140,FALSE
143,,,2024-10-01T00:00:00Z,369,FALSE
143,,,2024-10-01T00:00:00Z,139,FALSE
143,,,2024-10-01T00:00:00Z,125,FALSE
143,,,2024-10-01T00:00:00Z,136,FALSE
143,,,2024-10-01T00:00:00Z,141,FALSE
143,,,2024-10-01T00:00:00Z,45,FALSE
143,,,2024-10-01T00:00:00Z,137,FALSE
143,,,2024-10-01T00:00:00Z,142,FALSE
143,,,2024-10-01T00:00:00Z,370,FALSE
143,,,2024-10-01T00:00:00Z,371,FALSE
143,,,2024-10-01T00:00:00Z,372,FALSE
143,,,2024-10-01T00:00:00Z,330,FALSE
143,,,2024-10-01T00:00:00Z,373,FALSE
143,,,2024-10-01T00:00:00Z,211,FALSE
143,,,2024-10-01T00:00:00Z,226,FALSE
143,,,2024-10-01T00:00:00Z,233,FALSE
143,,,2024-10-01T00:00:00Z,378,FALSE
143,,,2024-10-01T00:00:00Z,377,FALSE
143,,,2024-10-01T00:00:00Z,310,FALSE
143,,,2024-10-01T00:00:00Z,379,FALSE
143,,,2024-10-01T00:00:00Z,382,FALSE
143,,,2024-10-01T00:00:00Z,381,FALSE
143,,,2024-10-01T00:00:00Z,383,FALSE
143,,,2024-10-01T00:00:00Z,385,FALSE
143,,,2024-10-01T00:00:00Z,352,FALSE
143,,,2024-10-01T00:00:00Z,353,FALSE
143,,,2024-10-01T00:00:00Z,354,FALSE
143,,,2024-10-01T00:00:00Z,144,FALSE
143,,,2024-10-01T00:00:00Z,356,FALSE
143,,,2024-10-01T00:00:00Z,357,FALSE
143,,,2024-10-01T00:00:00Z,358,FALSE
143,,,2024-10-01T00:00:00Z,355,FALSE
143,,,2024-10-01T00:00:00Z,364,FALSE
143,,,2024-10-01T00:00:00Z,365,FALSE
143,,,2024-10-01T00:00:00Z,366,FALSE
143,,,2024-11-01T00:00:00Z,138,FALSE
143,,,2024-11-01T00:00:00Z,368,FALSE
143,,,2024-11-01T00:00:00Z,140,FALSE
143,,,2024-11-01T00:00:00Z,369,FALSE
143,,,2024-11-01T00:00:00Z,139,FALSE
143,,,2024-11-01T00:00:00Z,125,FALSE
143,,,2024-11-01T00:00:00Z,136,FALSE
143,,,2024-11-01T00:00:00Z,141,FALSE
143,,,2024-11-01T00:00:00Z,45,FALSE
143,,,2024-11-01T00:00:00Z,137,FALSE
143,,,2024-11-01T00:00:00Z,142,FALSE
143,,,2024-11-01T00:00:00Z,370,FALSE
143,,,2024-11-01T00:00:00Z,371,FALSE
143,,,2024-11-01T00:00:00Z,372,FALSE
143,,,2024-11-01T00:00:00Z,330,FALSE
143,,,2024-11-01T00:00:00Z,373,FALSE
143,,,2024-11-01T00:00:00Z,211,FALSE
143,,,2024-11-01T00:00:00Z,226,FALSE
143,,,2024-11-01T00:00:00Z,233,FALSE
143,,,2024-11-01T00:00:00Z,378,FALSE
143,,,2024-11-01T00:00:00Z,377,FALSE
143,,,2024-11-01T00:00:00Z,310,FALSE
143,,,2024-11-01T00:00:00Z,379,FALSE
143,,,2024-11-01T00:00:00Z,382,FALSE
143,,,2024-11-01T00:00:00Z,381,FALSE
143,,,2024-11-01T00:00:00Z,383,FALSE
143,,,2024-11-01T00:00:00Z,385,FALSE
143,,,2024-11-01T00:00:00Z,352,FALSE
143,,,2024-11-01T00:00:00Z,353,FALSE
143,,,2024-11-01T00:00:00Z,354,FALSE
143,,,2024-11-01T00:00:00Z,144,FALSE
143,,,2024-11-01T00:00:00Z,356,FALSE
143,,,2024-11-01T00:00:00Z,357,FALSE
143,,,2024-11-01T00:00:00Z,358,FALSE
143,,,2024-11-01T00:00:00Z,355,FALSE
143,,,2024-11-01T00:00:00Z,364,FALSE
143,,,2024-11-01T00:00:00Z,365,FALSE
143,,,2024-11-01T00:00:00Z,366,FALSE
143,,,2024-12-01T00:00:00Z,138,FALSE
143,,,2024-12-01T00:00:00Z,368,FALSE
143,,,2024-12-01T00:00:00Z,140,FALSE
143,,,2024-12-01T00:00:00Z,369,FALSE
143,,,2024-12-01T00:00:00Z,139,FALSE
143,,,2024-12-01T00:00:00Z,125,FALSE
143,,,2024-12-01T00:00:00Z,136,FALSE
143,,,2024-12-01T00:00:00Z,141,FALSE
143,,,2024-12-01T00:00:00Z,45,FALSE
143,,,2024-12-01T00:00:00Z,137,FALSE
143,,,2024-12-01T00:00:00Z,142,FALSE
143,,,2024-12-01T00:00:00Z,370,FALSE
143,,,2024-12-01T00:00:00Z,371,FALSE
143,,,2024-12-01T00:00:00Z,372,FALSE
143,,,2024-12-01T00:00:00Z,330,FALSE
143,,,2024-12-01T00:00:00Z,373,FALSE
143,,,2024-12-01T00:00:00Z,211,FALSE
143,,,2024-12-01T00:00:00Z,226,FALSE
143,,,2024-12-01T00:00:00Z,233,FALSE
143,,,2024-12-01T00:00:00Z,378,FALSE
143,,,2024-12-01T00:00:00Z,377,FALSE
143,,,2024-12-01T00:00:00Z,310,FALSE
143,,,2024-12-01T00:00:00Z,379,FALSE
143,,,2024-12-01T00:00:00Z,382,FALSE
143,,,2024-12-01T00:00:00Z,381,FALSE
143,,,2024-12-01T00:00:00Z,383,FALSE
143,,,2024-12-01T00:00:00Z,385,FALSE
143,,,2024-12-01T00:00:00Z,352,FALSE
143,,,2024-12-01T00:00:00Z,353,FALSE
143,,,2024-12-01T00:00:00Z,354,FALSE
143,,,2024-12-01T00:00:00Z,144,FALSE
143,,,2024-12-01T00:00:00Z,356,FALSE
143,,,2024-12-01T00:00:00Z,357,FALSE
143,,,2024-12-01T00:00:00Z,358,FALSE
143,,,2024-12-01T00:00:00Z,355,FALSE
143,,,2024-12-01T00:00:00Z,364,FALSE
143,,,2024-12-01T00:00:00Z,365,FALSE
143,,,2024-12-01T00:00:00Z,366,FALSE
144,,,2024-01-01T00:00:00Z,138,FALSE
144,,,2024-01-01T00:00:00Z,368,FALSE
144,,,2024-01-01T00:00:00Z,140,FALSE
144,,,2024-01-01T00:00:00Z,369,FALSE
144,,,2024-01-01T00:00:00Z,139,FALSE
144,,,2024-01-01T00:00:00Z,125,FALSE
144,,,2024-01-01T00:00:00Z,136,FALSE
144,,,2024-01-01T00:00:00Z,141,FALSE
144,,,2024-01-01T00:00:00Z,45,FALSE
144,,,2024-01-01T00:00:00Z,143,FALSE
144,,,2024-01-01T00:00:00Z,137,FALSE
144,,,2024-01-01T00:00:00Z,142,FALSE
144,,,2024-01-01T00:00:00Z,370,FALSE
144,,,2024-01-01T00:00:00Z,371,FALSE
144,,,2024-01-01T00:00:00Z,372,FALSE
144,,,2024-01-01T00:00:00Z,330,FALSE
144,,,2024-01-01T00:00:00Z,373,FALSE
144,,,2024-01-01T00:00:00Z,211,FALSE
144,,,2024-01-01T00:00:00Z,226,FALSE
144,,,2024-01-01T00:00:00Z,233,FALSE
144,,,2024-01-01T00:00:00Z,378,FALSE
144,,,2024-01-01T00:00:00Z,377,FALSE
144,,,2024-01-01T00:00:00Z,310,FALSE
144,,,2024-01-01T00:00:00Z,379,FALSE
144,,,2024-01-01T00:00:00Z,382,FALSE
144,,,2024-01-01T00:00:00Z,381,FALSE
144,,,2024-01-01T00:00:00Z,383,FALSE
144,,,2024-01-01T00:00:00Z,385,FALSE
144,,,2024-01-01T00:00:00Z,352,FALSE
144,,,2024-01-01T00:00:00Z,353,FALSE
144,,,2024-01-01T00:00:00Z,354,FALSE
144,,,2024-01-01T00:00:00Z,356,FALSE
144,,,2024-01-01T00:00:00Z,357,FALSE
144,,,2024-01-01T00:00:00Z,358,FALSE
144,,,2024-01-01T00:00:00Z,355,FALSE
144,,,2024-01-01T00:00:00Z,364,FALSE
144,,,2024-01-01T00:00:00Z,365,FALSE
144,,,2024-01-01T00:00:00Z,366,FALSE
144,,,2024-02-01T00:00:00Z,138,FALSE
144,,,2024-02-01T00:00:00Z,368,FALSE
144,,,2024-02-01T00:00:00Z,140,FALSE
144,,,2024-02-01T00:00:00Z,369,FALSE
144,,,2024-02-01T00:00:00Z,139,FALSE
144,,,2024-02-01T00:00:00Z,125,FALSE
144,,,2024-02-01T00:00:00Z,136,FALSE
144,,,2024-02-01T00:00:00Z,141,FALSE
144,,,2024-02-01T00:00:00Z,45,FALSE
144,,,2024-02-01T00:00:00Z,143,FALSE
144,,,2024-02-01T00:00:00Z,137,FALSE
144,,,2024-02-01T00:00:00Z,142,FALSE
144,,,2024-02-01T00:00:00Z,370,FALSE
144,,,2024-02-01T00:00:00Z,371,FALSE
144,,,2024-02-01T00:00:00Z,372,FALSE
144,,,2024-02-01T00:00:00Z,330,FALSE
144,,,2024-02-01T00:00:00Z,373,FALSE
144,,,2024-02-01T00:00:00Z,211,FALSE
144,,,2024-02-01T00:00:00Z,226,FALSE
144,,,2024-02-01T00:00:00Z,233,FALSE
144,,,2024-02-01T00:00:00Z,378,FALSE
144,,,2024-02-01T00:00:00Z,377,FALSE
144,,,2024-02-01T00:00:00Z,310,FALSE
144,,,2024-02-01T00:00:00Z,379,FALSE
144,,,2024-02-01T00:00:00Z,382,FALSE
144,,,2024-02-01T00:00:00Z,381,FALSE
144,,,2024-02-01T00:00:00Z,383,FALSE
144,,,2024-02-01T00:00:00Z,385,FALSE
144,,,2024-02-01T00:00:00Z,352,FALSE
144,,,2024-02-01T00:00:00Z,353,FALSE
144,,,2024-02-01T00:00:00Z,354,FALSE
144,,,2024-02-01T00:00:00Z,356,FALSE
144,,,2024-02-01T00:00:00Z,357,FALSE
144,,,2024-02-01T00:00:00Z,358,FALSE
144,,,2024-02-01T00:00:00Z,355,FALSE
144,,,2024-02-01T00:00:00Z,364,FALSE
144,,,2024-02-01T00:00:00Z,365,FALSE
144,,,2024-02-01T00:00:00Z,366,FALSE
144,,,2024-03-01T00:00:00Z,138,FALSE
144,,,2024-03-01T00:00:00Z,368,FALSE
144,,,2024-03-01T00:00:00Z,140,FALSE
144,,,2024-03-01T00:00:00Z,369,FALSE
144,,,2024-03-01T00:00:00Z,139,FALSE
144,,,2024-03-01T00:00:00Z,125,FALSE
144,,,2024-03-01T00:00:00Z,136,FALSE
144,,,2024-03-01T00:00:00Z,141,FALSE
144,,,2024-03-01T00:00:00Z,45,FALSE
144,,,2024-03-01T00:00:00Z,143,FALSE
144,,,2024-03-01T00:00:00Z,137,FALSE
144,,,2024-03-01T00:00:00Z,142,FALSE
144,,,2024-03-01T00:00:00Z,370,FALSE
144,,,2024-03-01T00:00:00Z,371,FALSE
144,,,2024-03-01T00:00:00Z,372,FALSE
144,,,2024-03-01T00:00:00Z,330,FALSE
144,,,2024-03-01T00:00:00Z,373,FALSE
144,,,2024-03-01T00:00:00Z,211,FALSE
144,,,2024-03-01T00:00:00Z,226,FALSE
144,,,2024-03-01T00:00:00Z,233,FALSE
144,,,2024-03-01T00:00:00Z,378,FALSE
144,,,2024-03-01T00:00:00Z,377,FALSE
144,,,2024-03-01T00:00:00Z,310,FALSE
144,,,2024-03-01T00:00:00Z,379,FALSE
144,,,2024-03-01T00:00:00Z,382,FALSE
144,,,2024-03-01T00:00:00Z,381,FALSE
144,,,2024-03-01T00:00:00Z,383,FALSE
144,,,2024-03-01T00:00:00Z,385,FALSE
144,,,2024-03-01T00:00:00Z,352,FALSE
144,,,2024-03-01T00:00:00Z,353,FALSE
144,,,2024-03-01T00:00:00Z,354,FALSE
144,,,2024-03-01T00:00:00Z,356,FALSE
144,,,2024-03-01T00:00:00Z,357,FALSE
144,,,2024-03-01T00:00:00Z,358,FALSE
144,,,2024-03-01T00:00:00Z,355,FALSE
144,,,2024-03-01T00:00:00Z,364,FALSE
144,,,2024-03-01T00:00:00Z,365,FALSE
144,,,2024-03-01T00:00:00Z,366,FALSE
144,,,2024-04-01T00:00:00Z,138,FALSE
144,,,2024-04-01T00:00:00Z,368,FALSE
144,,,2024-04-01T00:00:00Z,140,FALSE
144,,,2024-04-01T00:00:00Z,369,FALSE
144,,,2024-04-01T00:00:00Z,139,FALSE
144,,,2024-04-01T00:00:00Z,125,FALSE
144,,,2024-04-01T00:00:00Z,136,FALSE
144,,,2024-04-01T00:00:00Z,141,FALSE
144,,,2024-04-01T00:00:00Z,45,FALSE
144,,,2024-04-01T00:00:00Z,143,FALSE
144,,,2024-04-01T00:00:00Z,137,FALSE
144,,,2024-04-01T00:00:00Z,142,FALSE
144,,,2024-04-01T00:00:00Z,370,FALSE
144,,,2024-04-01T00:00:00Z,371,FALSE
144,,,2024-04-01T00:00:00Z,372,FALSE
144,,,2024-04-01T00:00:00Z,330,FALSE
144,,,2024-04-01T00:00:00Z,373,FALSE
144,,,2024-04-01T00:00:00Z,211,FALSE
144,,,2024-04-01T00:00:00Z,226,FALSE
144,,,2024-04-01T00:00:00Z,233,FALSE
144,,,2024-04-01T00:00:00Z,378,FALSE
144,,,2024-04-01T00:00:00Z,377,FALSE
144,,,2024-04-01T00:00:00Z,310,FALSE
144,,,2024-04-01T00:00:00Z,379,FALSE
144,,,2024-04-01T00:00:00Z,382,FALSE
144,,,2024-04-01T00:00:00Z,381,FALSE
144,,,2024-04-01T00:00:00Z,383,FALSE
144,,,2024-04-01T00:00:00Z,385,FALSE
144,,,2024-04-01T00:00:00Z,352,FALSE
144,,,2024-04-01T00:00:00Z,353,FALSE
144,,,2024-04-01T00:00:00Z,354,FALSE
144,,,2024-04-01T00:00:00Z,356,FALSE
144,,,2024-04-01T00:00:00Z,357,FALSE
144,,,2024-04-01T00:00:00Z,358,FALSE
144,,,2024-04-01T00:00:00Z,355,FALSE
144,,,2024-04-01T00:00:00Z,364,FALSE
144,,,2024-04-01T00:00:00Z,365,FALSE
144,,,2024-04-01T00:00:00Z,366,FALSE
144,,,2024-05-01T00:00:00Z,138,FALSE
144,,,2024-05-01T00:00:00Z,368,FALSE
144,,,2024-05-01T00:00:00Z,140,FALSE
144,,,2024-05-01T00:00:00Z,369,FALSE
144,,,2024-05-01T00:00:00Z,139,FALSE
144,,,2024-05-01T00:00:00Z,125,FALSE
144,,,2024-05-01T00:00:00Z,136,FALSE
144,,,2024-05-01T00:00:00Z,141,FALSE
144,,,2024-05-01T00:00:00Z,45,FALSE
144,,,2024-05-01T00:00:00Z,143,FALSE
144,,,2024-05-01T00:00:00Z,137,FALSE
144,,,2024-05-01T00:00:00Z,142,FALSE
144,,,2024-05-01T00:00:00Z,370,FALSE
144,,,2024-05-01T00:00:00Z,371,FALSE
144,,,2024-05-01T00:00:00Z,372,FALSE
144,,,2024-05-01T00:00:00Z,330,FALSE
144,,,2024-05-01T00:00:00Z,373,FALSE
144,,,2024-05-01T00:00:00Z,211,FALSE
144,,,2024-05-01T00:00:00Z,226,FALSE
144,,,2024-05-01T00:00:00Z,233,FALSE
144,,,2024-05-01T00:00:00Z,378,FALSE
144,,,2024-05-01T00:00:00Z,377,FALSE
144,,,2024-05-01T00:00:00Z,310,FALSE
144,,,2024-05-01T00:00:00Z,379,FALSE
144,,,2024-05-01T00:00:00Z,382,FALSE
144,,,2024-05-01T00:00:00Z,381,FALSE
144,,,2024-05-01T00:00:00Z,383,FALSE
144,,,2024-05-01T00:00:00Z,385,FALSE
144,,,2024-05-01T00:00:00Z,352,FALSE
144,,,2024-05-01T00:00:00Z,353,FALSE
144,,,2024-05-01T00:00:00Z,354,FALSE
144,,,2024-05-01T00:00:00Z,356,FALSE
144,,,2024-05-01T00:00:00Z,357,FALSE
144,,,2024-05-01T00:00:00Z,358,FALSE
144,,,2024-05-01T00:00:00Z,355,FALSE
144,,,2024-05-01T00:00:00Z,364,FALSE
144,,,2024-05-01T00:00:00Z,365,FALSE
144,,,2024-05-01T00:00:00Z,366,FALSE
144,,,2024-06-01T00:00:00Z,138,FALSE
144,,,2024-06-01T00:00:00Z,368,FALSE
144,,,2024-06-01T00:00:00Z,140,FALSE
144,,,2024-06-01T00:00:00Z,369,FALSE
144,,,2024-06-01T00:00:00Z,139,FALSE
144,,,2024-06-01T00:00:00Z,125,FALSE
144,,,2024-06-01T00:00:00Z,136,FALSE
144,,,2024-06-01T00:00:00Z,141,FALSE
144,,,2024-06-01T00:00:00Z,45,FALSE
144,,,2024-06-01T00:00:00Z,143,FALSE
144,,,2024-06-01T00:00:00Z,137,FALSE
144,,,2024-06-01T00:00:00Z,142,FALSE
144,,,2024-06-01T00:00:00Z,370,FALSE
144,,,2024-06-01T00:00:00Z,371,FALSE
144,,,2024-06-01T00:00:00Z,372,FALSE
144,,,2024-06-01T00:00:00Z,330,FALSE
144,,,2024-06-01T00:00:00Z,373,FALSE
144,,,2024-06-01T00:00:00Z,211,FALSE
144,,,2024-06-01T00:00:00Z,226,FALSE
144,,,2024-06-01T00:00:00Z,233,FALSE
144,,,2024-06-01T00:00:00Z,378,FALSE
144,,,2024-06-01T00:00:00Z,377,FALSE
144,,,2024-06-01T00:00:00Z,310,FALSE
144,,,2024-06-01T00:00:00Z,379,FALSE
144,,,2024-06-01T00:00:00Z,382,FALSE
144,,,2024-06-01T00:00:00Z,381,FALSE
144,,,2024-06-01T00:00:00Z,383,FALSE
144,,,2024-06-01T00:00:00Z,385,FALSE
144,,,2024-06-01T00:00:00Z,352,FALSE
144,,,2024-06-01T00:00:00Z,353,FALSE
144,,,2024-06-01T00:00:00Z,354,FALSE
144,,,2024-06-01T00:00:00Z,356,FALSE
144,,,2024-06-01T00:00:00Z,357,FALSE
144,,,2024-06-01T00:00:00Z,358,FALSE
144,,,2024-06-01T00:00:00Z,355,FALSE
144,,,2024-06-01T00:00:00Z,364,FALSE
144,,,2024-06-01T00:00:00Z,365,FALSE
144,,,2024-06-01T00:00:00Z,366,FALSE
144,,,2024-07-01T00:00:00Z,138,FALSE
144,,,2024-07-01T00:00:00Z,368,FALSE
144,,,2024-07-01T00:00:00Z,140,FALSE
144,,,2024-07-01T00:00:00Z,369,FALSE
144,,,2024-07-01T00:00:00Z,139,FALSE
144,,,2024-07-01T00:00:00Z,125,FALSE
144,,,2024-07-01T00:00:00Z,136,FALSE
144,,,2024-07-01T00:00:00Z,141,FALSE
144,,,2024-07-01T00:00:00Z,45,FALSE
144,,,2024-07-01T00:00:00Z,143,FALSE
144,,,2024-07-01T00:00:00Z,137,FALSE
144,,,2024-07-01T00:00:00Z,142,FALSE
144,,,2024-07-01T00:00:00Z,370,FALSE
144,,,2024-07-01T00:00:00Z,371,FALSE
144,,,2024-07-01T00:00:00Z,372,FALSE
144,,,2024-07-01T00:00:00Z,330,FALSE
144,,,2024-07-01T00:00:00Z,373,FALSE
144,,,2024-07-01T00:00:00Z,211,FALSE
144,,,2024-07-01T00:00:00Z,226,FALSE
144,,,2024-07-01T00:00:00Z,233,FALSE
144,,,2024-07-01T00:00:00Z,378,FALSE
144,,,2024-07-01T00:00:00Z,377,FALSE
144,,,2024-07-01T00:00:00Z,310,FALSE
144,,,2024-07-01T00:00:00Z,379,FALSE
144,,,2024-07-01T00:00:00Z,382,FALSE
144,,,2024-07-01T00:00:00Z,381,FALSE
144,,,2024-07-01T00:00:00Z,383,FALSE
144,,,2024-07-01T00:00:00Z,385,FALSE
144,,,2024-07-01T00:00:00Z,352,FALSE
144,,,2024-07-01T00:00:00Z,353,FALSE
144,,,2024-07-01T00:00:00Z,354,FALSE
144,,,2024-07-01T00:00:00Z,356,FALSE
144,,,2024-07-01T00:00:00Z,357,FALSE
144,,,2024-07-01T00:00:00Z,358,FALSE
144,,,2024-07-01T00:00:00Z,355,FALSE
144,,,2024-07-01T00:00:00Z,364,FALSE
144,,,2024-07-01T00:00:00Z,365,FALSE
144,,,2024-07-01T00:00:00Z,366,FALSE
144,,,2024-08-01T00:00:00Z,138,FALSE
144,,,2024-08-01T00:00:00Z,368,FALSE
144,,,2024-08-01T00:00:00Z,140,FALSE
144,,,2024-08-01T00:00:00Z,369,FALSE
144,,,2024-08-01T00:00:00Z,139,FALSE
144,,,2024-08-01T00:00:00Z,125,FALSE
144,,,2024-08-01T00:00:00Z,136,FALSE
144,,,2024-08-01T00:00:00Z,141,FALSE
144,,,2024-08-01T00:00:00Z,45,FALSE
144,,,2024-08-01T00:00:00Z,143,FALSE
144,,,2024-08-01T00:00:00Z,137,FALSE
144,,,2024-08-01T00:00:00Z,142,FALSE
144,,,2024-08-01T00:00:00Z,370,FALSE
144,,,2024-08-01T00:00:00Z,371,FALSE
144,,,2024-08-01T00:00:00Z,372,FALSE
144,,,2024-08-01T00:00:00Z,330,FALSE
144,,,2024-08-01T00:00:00Z,373,FALSE
144,,,2024-08-01T00:00:00Z,211,FALSE
144,,,2024-08-01T00:00:00Z,226,FALSE
144,,,2024-08-01T00:00:00Z,233,FALSE
144,,,2024-08-01T00:00:00Z,378,FALSE
144,,,2024-08-01T00:00:00Z,377,FALSE
144,,,2024-08-01T00:00:00Z,310,FALSE
144,,,2024-08-01T00:00:00Z,379,FALSE
144,,,2024-08-01T00:00:00Z,382,FALSE
144,,,2024-08-01T00:00:00Z,381,FALSE
144,,,2024-08-01T00:00:00Z,383,FALSE
144,,,2024-08-01T00:00:00Z,385,FALSE
144,,,2024-08-01T00:00:00Z,352,FALSE
144,,,2024-08-01T00:00:00Z,353,FALSE
144,,,2024-08-01T00:00:00Z,354,FALSE
144,,,2024-08-01T00:00:00Z,356,FALSE
144,,,2024-08-01T00:00:00Z,357,FALSE
144,,,2024-08-01T00:00:00Z,358,FALSE
144,,,2024-08-01T00:00:00Z,355,FALSE
144,,,2024-08-01T00:00:00Z,364,FALSE
144,,,2024-08-01T00:00:00Z,365,FALSE
144,,,2024-08-01T00:00:00Z,366,FALSE
144,,,2024-09-01T00:00:00Z,138,FALSE
144,,,2024-09-01T00:00:00Z,368,FALSE
144,,,2024-09-01T00:00:00Z,140,FALSE
144,,,2024-09-01T00:00:00Z,369,FALSE
144,,,2024-09-01T00:00:00Z,139,FALSE
144,,,2024-09-01T00:00:00Z,125,FALSE
144,,,2024-09-01T00:00:00Z,136,FALSE
144,,,2024-09-01T00:00:00Z,141,FALSE
144,,,2024-09-01T00:00:00Z,45,FALSE
144,,,2024-09-01T00:00:00Z,143,FALSE
144,,,2024-09-01T00:00:00Z,137,FALSE
144,,,2024-09-01T00:00:00Z,142,FALSE
144,,,2024-09-01T00:00:00Z,370,FALSE
144,,,2024-09-01T00:00:00Z,371,FALSE
144,,,2024-09-01T00:00:00Z,372,FALSE
144,,,2024-09-01T00:00:00Z,330,FALSE
144,,,2024-09-01T00:00:00Z,373,FALSE
144,,,2024-09-01T00:00:00Z,211,FALSE
144,,,2024-09-01T00:00:00Z,226,FALSE
144,,,2024-09-01T00:00:00Z,233,FALSE
144,,,2024-09-01T00:00:00Z,378,FALSE
144,,,2024-09-01T00:00:00Z,377,FALSE
144,,,2024-09-01T00:00:00Z,310,FALSE
144,,,2024-09-01T00:00:00Z,379,FALSE
144,,,2024-09-01T00:00:00Z,382,FALSE
144,,,2024-09-01T00:00:00Z,381,FALSE
144,,,2024-09-01T00:00:00Z,383,FALSE
144,,,2024-09-01T00:00:00Z,385,FALSE
144,,,2024-09-01T00:00:00Z,352,FALSE
144,,,2024-09-01T00:00:00Z,353,FALSE
144,,,2024-09-01T00:00:00Z,354,FALSE
144,,,2024-09-01T00:00:00Z,356,FALSE
144,,,2024-09-01T00:00:00Z,357,FALSE
144,,,2024-09-01T00:00:00Z,358,FALSE
144,,,2024-09-01T00:00:00Z,355,FALSE
144,,,2024-09-01T00:00:00Z,364,FALSE
144,,,2024-09-01T00:00:00Z,365,FALSE
144,,,2024-09-01T00:00:00Z,366,FALSE
144,,,2024-10-01T00:00:00Z,138,FALSE
144,,,2024-10-01T00:00:00Z,368,FALSE
144,,,2024-10-01T00:00:00Z,140,FALSE
144,,,2024-10-01T00:00:00Z,369,FALSE
144,,,2024-10-01T00:00:00Z,139,FALSE
144,,,2024-10-01T00:00:00Z,125,FALSE
144,,,2024-10-01T00:00:00Z,136,FALSE
144,,,2024-10-01T00:00:00Z,141,FALSE
144,,,2024-10-01T00:00:00Z,45,FALSE
144,,,2024-10-01T00:00:00Z,143,FALSE
144,,,2024-10-01T00:00:00Z,137,FALSE
144,,,2024-10-01T00:00:00Z,142,FALSE
144,,,2024-10-01T00:00:00Z,370,FALSE
144,,,2024-10-01T00:00:00Z,371,FALSE
144,,,2024-10-01T00:00:00Z,372,FALSE
144,,,2024-10-01T00:00:00Z,330,FALSE
144,,,2024-10-01T00:00:00Z,373,FALSE
144,,,2024-10-01T00:00:00Z,211,FALSE
144,,,2024-10-01T00:00:00Z,226,FALSE
144,,,2024-10-01T00:00:00Z,233,FALSE
144,,,2024-10-01T00:00:00Z,378,FALSE
144,,,2024-10-01T00:00:00Z,377,FALSE
144,,,2024-10-01T00:00:00Z,310,FALSE
144,,,2024-10-01T00:00:00Z,379,FALSE
144,,,2024-10-01T00:00:00Z,382,FALSE
144,,,2024-10-01T00:00:00Z,381,FALSE
144,,,2024-10-01T00:00:00Z,383,FALSE
144,,,2024-10-01T00:00:00Z,385,FALSE
144,,,2024-10-01T00:00:00Z,352,FALSE
144,,,2024-10-01T00:00:00Z,353,FALSE
144,,,2024-10-01T00:00:00Z,354,FALSE
144,,,2024-10-01T00:00:00Z,356,FALSE
144,,,2024-10-01T00:00:00Z,357,FALSE
144,,,2024-10-01T00:00:00Z,358,FALSE
144,,,2024-10-01T00:00:00Z,355,FALSE
144,,,2024-10-01T00:00:00Z,364,FALSE
144,,,2024-10-01T00:00:00Z,365,FALSE
144,,,2024-10-01T00:00:00Z,366,FALSE
144,,,2024-11-01T00:00:00Z,138,FALSE
144,,,2024-11-01T00:00:00Z,368,FALSE
144,,,2024-11-01T00:00:00Z,140,FALSE
144,,,2024-11-01T00:00:00Z,369,FALSE
144,,,2024-11-01T00:00:00Z,139,FALSE
144,,,2024-11-01T00:00:00Z,125,FALSE
144,,,2024-11-01T00:00:00Z,136,FALSE
144,,,2024-11-01T00:00:00Z,141,FALSE
144,,,2024-11-01T00:00:00Z,45,FALSE
144,,,2024-11-01T00:00:00Z,143,FALSE
144,,,2024-11-01T00:00:00Z,137,FALSE
144,,,2024-11-01T00:00:00Z,142,FALSE
144,,,2024-11-01T00:00:00Z,370,FALSE
144,,,2024-11-01T00:00:00Z,371,FALSE
144,,,2024-11-01T00:00:00Z,372,FALSE
144,,,2024-11-01T00:00:00Z,330,FALSE
144,,,2024-11-01T00:00:00Z,373,FALSE
144,,,2024-11-01T00:00:00Z,211,FALSE
144,,,2024-11-01T00:00:00Z,226,FALSE
144,,,2024-11-01T00:00:00Z,233,FALSE
144,,,2024-11-01T00:00:00Z,378,FALSE
144,,,2024-11-01T00:00:00Z,377,FALSE
144,,,2024-11-01T00:00:00Z,310,FALSE
144,,,2024-11-01T00:00:00Z,379,FALSE
144,,,2024-11-01T00:00:00Z,382,FALSE
144,,,2024-11-01T00:00:00Z,381,FALSE
144,,,2024-11-01T00:00:00Z,383,FALSE
144,,,2024-11-01T00:00:00Z,385,FALSE
144,,,2024-11-01T00:00:00Z,352,FALSE
144,,,2024-11-01T00:00:00Z,353,FALSE
144,,,2024-11-01T00:00:00Z,354,FALSE
144,,,2024-11-01T00:00:00Z,356,FALSE
144,,,2024-11-01T00:00:00Z,357,FALSE
144,,,2024-11-01T00:00:00Z,358,FALSE
144,,,2024-11-01T00:00:00Z,355,FALSE
144,,,2024-11-01T00:00:00Z,364,FALSE
144,,,2024-11-01T00:00:00Z,365,FALSE
144,,,2024-11-01T00:00:00Z,366,FALSE
144,,,2024-12-01T00:00:00Z,138,FALSE
144,,,2024-12-01T00:00:00Z,368,FALSE
144,,,2024-12-01T00:00:00Z,140,FALSE
144,,,2024-12-01T00:00:00Z,369,FALSE
144,,,2024-12-01T00:00:00Z,139,FALSE
144,,,2024-12-01T00:00:00Z,125,FALSE
144,,,2024-12-01T00:00:00Z,136,FALSE
144,,,2024-12-01T00:00:00Z,141,FALSE
144,,,2024-12-01T00:00:00Z,45,FALSE
144,,,2024-12-01T00:00:00Z,143,FALSE
144,,,2024-12-01T00:00:00Z,137,FALSE
144,,,2024-12-01T00:00:00Z,142,FALSE
144,,,2024-12-01T00:00:00Z,370,FALSE
144,,,2024-12-01T00:00:00Z,371,FALSE
144,,,2024-12-01T00:00:00Z,372,FALSE
144,,,2024-12-01T00:00:00Z,330,FALSE
144,,,2024-12-01T00:00:00Z,373,FALSE
144,,,2024-12-01T00:00:00Z,211,FALSE
144,,,2024-12-01T00:00:00Z,226,FALSE
144,,,2024-12-01T00:00:00Z,233,FALSE
144,,,2024-12-01T00:00:00Z,378,FALSE
144,,,2024-12-01T00:00:00Z,377,FALSE
144,,,2024-12-01T00:00:00Z,310,FALSE
144,,,2024-12-01T00:00:00Z,379,FALSE
144,,,2024-12-01T00:00:00Z,382,FALSE
144,,,2024-12-01T00:00:00Z,381,FALSE
144,,,2024-12-01T00:00:00Z,383,FALSE
144,,,2024-12-01T00:00:00Z,385,FALSE
144,,,2024-12-01T00:00:00Z,352,FALSE
144,,,2024-12-01T00:00:00Z,353,FALSE
144,,,2024-12-01T00:00:00Z,354,FALSE
144,,,2024-12-01T00:00:00Z,356,FALSE
144,,,2024-12-01T00:00:00Z,357,FALSE
144,,,2024-12-01T00:00:00Z,358,FALSE
144,,,2024-12-01T00:00:00Z,355,FALSE
144,,,2024-12-01T00:00:00Z,364,FALSE
144,,,2024-12-01T00:00:00Z,365,FALSE
144,,,2024-12-01T00:00:00Z,366,FALSE
211,,,2024-01-01T00:00:00Z,138,FALSE
211,,,2024-01-01T00:00:00Z,368,FALSE
211,,,2024-01-01T00:00:00Z,140,FALSE
211,,,2024-01-01T00:00:00Z,369,FALSE
211,,,2024-01-01T00:00:00Z,139,FALSE
211,,,2024-01-01T00:00:00Z,125,FALSE
211,,,2024-01-01T00:00:00Z,136,FALSE
211,,,2024-01-01T00:00:00Z,141,FALSE
211,,,2024-01-01T00:00:00Z,45,FALSE
211,,,2024-01-01T00:00:00Z,143,FALSE
211,,,2024-01-01T00:00:00Z,137,FALSE
211,,,2024-01-01T00:00:00Z,142,FALSE
211,,,2024-01-01T00:00:00Z,370,FALSE
211,,,2024-01-01T00:00:00Z,371,FALSE
211,,,2024-01-01T00:00:00Z,372,FALSE
211,,,2024-01-01T00:00:00Z,330,FALSE
211,,,2024-01-01T00:00:00Z,373,FALSE
211,,,2024-01-01T00:00:00Z,226,FALSE
211,,,2024-01-01T00:00:00Z,233,FALSE
211,,,2024-01-01T00:00:00Z,378,FALSE
211,,,2024-01-01T00:00:00Z,377,FALSE
211,,,2024-01-01T00:00:00Z,310,FALSE
211,,,2024-01-01T00:00:00Z,379,FALSE
211,,,2024-01-01T00:00:00Z,382,FALSE
211,,,2024-01-01T00:00:00Z,381,FALSE
211,,,2024-01-01T00:00:00Z,383,FALSE
211,,,2024-01-01T00:00:00Z,385,FALSE
211,,,2024-01-01T00:00:00Z,352,FALSE
211,,,2024-01-01T00:00:00Z,353,FALSE
211,,,2024-01-01T00:00:00Z,354,FALSE
211,,,2024-01-01T00:00:00Z,144,FALSE
211,,,2024-01-01T00:00:00Z,356,FALSE
211,,,2024-01-01T00:00:00Z,357,FALSE
211,,,2024-01-01T00:00:00Z,358,FALSE
211,,,2024-01-01T00:00:00Z,355,FALSE
211,,,2024-01-01T00:00:00Z,364,FALSE
211,,,2024-01-01T00:00:00Z,365,FALSE
211,,,2024-01-01T00:00:00Z,366,FALSE
211,,,2024-02-01T00:00:00Z,138,FALSE
211,,,2024-02-01T00:00:00Z,368,FALSE
211,,,2024-02-01T00:00:00Z,140,FALSE
211,,,2024-02-01T00:00:00Z,369,FALSE
211,,,2024-02-01T00:00:00Z,139,FALSE
211,,,2024-02-01T00:00:00Z,125,FALSE
211,,,2024-02-01T00:00:00Z,136,FALSE
211,,,2024-02-01T00:00:00Z,141,FALSE
211,,,2024-02-01T00:00:00Z,45,FALSE
211,,,2024-02-01T00:00:00Z,143,FALSE
211,,,2024-02-01T00:00:00Z,137,FALSE
211,,,2024-02-01T00:00:00Z,142,FALSE
211,,,2024-02-01T00:00:00Z,370,FALSE
211,,,2024-02-01T00:00:00Z,371,FALSE
211,,,2024-02-01T00:00:00Z,372,FALSE
211,,,2024-02-01T00:00:00Z,330,FALSE
211,,,2024-02-01T00:00:00Z,373,FALSE
211,,,2024-02-01T00:00:00Z,226,FALSE
211,,,2024-02-01T00:00:00Z,233,FALSE
211,,,2024-02-01T00:00:00Z,378,FALSE
211,,,2024-02-01T00:00:00Z,377,FALSE
211,,,2024-02-01T00:00:00Z,310,FALSE
211,,,2024-02-01T00:00:00Z,379,FALSE
211,,,2024-02-01T00:00:00Z,382,FALSE
211,,,2024-02-01T00:00:00Z,381,FALSE
211,,,2024-02-01T00:00:00Z,383,FALSE
211,,,2024-02-01T00:00:00Z,385,FALSE
211,,,2024-02-01T00:00:00Z,352,FALSE
211,,,2024-02-01T00:00:00Z,353,FALSE
211,,,2024-02-01T00:00:00Z,354,FALSE
211,,,2024-02-01T00:00:00Z,144,FALSE
211,,,2024-02-01T00:00:00Z,356,FALSE
211,,,2024-02-01T00:00:00Z,357,FALSE
211,,,2024-02-01T00:00:00Z,358,FALSE
211,,,2024-02-01T00:00:00Z,355,FALSE
211,,,2024-02-01T00:00:00Z,364,FALSE
211,,,2024-02-01T00:00:00Z,365,FALSE
211,,,2024-02-01T00:00:00Z,366,FALSE
211,,,2024-03-01T00:00:00Z,138,FALSE
211,,,2024-03-01T00:00:00Z,368,FALSE
211,,,2024-03-01T00:00:00Z,140,FALSE
211,,,2024-03-01T00:00:00Z,369,FALSE
211,,,2024-03-01T00:00:00Z,139,FALSE
211,,,2024-03-01T00:00:00Z,125,FALSE
211,,,2024-03-01T00:00:00Z,136,FALSE
211,,,2024-03-01T00:00:00Z,141,FALSE
211,,,2024-03-01T00:00:00Z,45,FALSE
211,,,2024-03-01T00:00:00Z,143,FALSE
211,,,2024-03-01T00:00:00Z,137,FALSE
211,,,2024-03-01T00:00:00Z,142,FALSE
211,,,2024-03-01T00:00:00Z,370,FALSE
211,,,2024-03-01T00:00:00Z,371,FALSE
211,,,2024-03-01T00:00:00Z,372,FALSE
211,,,2024-03-01T00:00:00Z,330,FALSE
211,,,2024-03-01T00:00:00Z,373,FALSE
211,,,2024-03-01T00:00:00Z,226,FALSE
211,,,2024-03-01T00:00:00Z,233,FALSE
211,,,2024-03-01T00:00:00Z,378,FALSE
211,,,2024-03-01T00:00:00Z,377,FALSE
211,,,2024-03-01T00:00:00Z,310,FALSE
211,,,2024-03-01T00:00:00Z,379,FALSE
211,,,2024-03-01T00:00:00Z,382,FALSE
211,,,2024-03-01T00:00:00Z,381,FALSE
211,,,2024-03-01T00:00:00Z,383,FALSE
211,,,2024-03-01T00:00:00Z,385,FALSE
211,,,2024-03-01T00:00:00Z,352,FALSE
211,,,2024-03-01T00:00:00Z,353,FALSE
211,,,2024-03-01T00:00:00Z,354,FALSE
211,,,2024-03-01T00:00:00Z,144,FALSE
211,,,2024-03-01T00:00:00Z,356,FALSE
211,,,2024-03-01T00:00:00Z,357,FALSE
211,,,2024-03-01T00:00:00Z,358,FALSE
211,,,2024-03-01T00:00:00Z,355,FALSE
211,,,2024-03-01T00:00:00Z,364,FALSE
211,,,2024-03-01T00:00:00Z,365,FALSE
211,,,2024-03-01T00:00:00Z,366,FALSE
211,,,2024-04-01T00:00:00Z,138,FALSE
211,,,2024-04-01T00:00:00Z,368,FALSE
211,,,2024-04-01T00:00:00Z,140,FALSE
211,,,2024-04-01T00:00:00Z,369,FALSE
211,,,2024-04-01T00:00:00Z,139,FALSE
211,,,2024-04-01T00:00:00Z,125,FALSE
211,,,2024-04-01T00:00:00Z,136,FALSE
211,,,2024-04-01T00:00:00Z,141,FALSE
211,,,2024-04-01T00:00:00Z,45,FALSE
211,,,2024-04-01T00:00:00Z,143,FALSE
211,,,2024-04-01T00:00:00Z,137,FALSE
211,,,2024-04-01T00:00:00Z,142,FALSE
211,,,2024-04-01T00:00:00Z,370,FALSE
211,,,2024-04-01T00:00:00Z,371,FALSE
211,,,2024-04-01T00:00:00Z,372,FALSE
211,,,2024-04-01T00:00:00Z,330,FALSE
211,,,2024-04-01T00:00:00Z,373,FALSE
211,,,2024-04-01T00:00:00Z,226,FALSE
211,,,2024-04-01T00:00:00Z,233,FALSE
211,,,2024-04-01T00:00:00Z,378,FALSE
211,,,2024-04-01T00:00:00Z,377,FALSE
211,,,2024-04-01T00:00:00Z,310,FALSE
211,,,2024-04-01T00:00:00Z,379,FALSE
211,,,2024-04-01T00:00:00Z,382,FALSE
211,,,2024-04-01T00:00:00Z,381,FALSE
211,,,2024-04-01T00:00:00Z,383,FALSE
211,,,2024-04-01T00:00:00Z,385,FALSE
211,,,2024-04-01T00:00:00Z,352,FALSE
211,,,2024-04-01T00:00:00Z,353,FALSE
211,,,2024-04-01T00:00:00Z,354,FALSE
211,,,2024-04-01T00:00:00Z,144,FALSE
211,,,2024-04-01T00:00:00Z,356,FALSE
211,,,2024-04-01T00:00:00Z,357,FALSE
211,,,2024-04-01T00:00:00Z,358,FALSE
211,,,2024-04-01T00:00:00Z,355,FALSE
211,,,2024-04-01T00:00:00Z,364,FALSE
211,,,2024-04-01T00:00:00Z,365,FALSE
211,,,2024-04-01T00:00:00Z,366,FALSE
211,,,2024-05-01T00:00:00Z,138,FALSE
211,,,2024-05-01T00:00:00Z,368,FALSE
211,,,2024-05-01T00:00:00Z,140,FALSE
211,,,2024-05-01T00:00:00Z,369,FALSE
211,,,2024-05-01T00:00:00Z,139,FALSE
211,,,2024-05-01T00:00:00Z,125,FALSE
211,,,2024-05-01T00:00:00Z,136,FALSE
211,,,2024-05-01T00:00:00Z,141,FALSE
211,,,2024-05-01T00:00:00Z,45,FALSE
211,,,2024-05-01T00:00:00Z,143,FALSE
211,,,2024-05-01T00:00:00Z,137,FALSE
211,,,2024-05-01T00:00:00Z,142,FALSE
211,,,2024-05-01T00:00:00Z,370,FALSE
211,,,2024-05-01T00:00:00Z,371,FALSE
211,,,2024-05-01T00:00:00Z,372,FALSE
211,,,2024-05-01T00:00:00Z,330,FALSE
211,,,2024-05-01T00:00:00Z,373,FALSE
211,,,2024-05-01T00:00:00Z,226,FALSE
211,,,2024-05-01T00:00:00Z,233,FALSE
211,,,2024-05-01T00:00:00Z,378,FALSE
211,,,2024-05-01T00:00:00Z,377,FALSE
211,,,2024-05-01T00:00:00Z,310,FALSE
211,,,2024-05-01T00:00:00Z,379,FALSE
211,,,2024-05-01T00:00:00Z,382,FALSE
211,,,2024-05-01T00:00:00Z,381,FALSE
211,,,2024-05-01T00:00:00Z,383,FALSE
211,,,2024-05-01T00:00:00Z,385,FALSE
211,,,2024-05-01T00:00:00Z,352,FALSE
211,,,2024-05-01T00:00:00Z,353,FALSE
211,,,2024-05-01T00:00:00Z,354,FALSE
211,,,2024-05-01T00:00:00Z,144,FALSE
211,,,2024-05-01T00:00:00Z,356,FALSE
211,,,2024-05-01T00:00:00Z,357,FALSE
211,,,2024-05-01T00:00:00Z,358,FALSE
211,,,2024-05-01T00:00:00Z,355,FALSE
211,,,2024-05-01T00:00:00Z,364,FALSE
211,,,2024-05-01T00:00:00Z,365,FALSE
211,,,2024-05-01T00:00:00Z,366,FALSE
211,,,2024-06-01T00:00:00Z,138,FALSE
211,,,2024-06-01T00:00:00Z,368,FALSE
211,,,2024-06-01T00:00:00Z,140,FALSE
211,,,2024-06-01T00:00:00Z,369,FALSE
211,,,2024-06-01T00:00:00Z,139,FALSE
211,,,2024-06-01T00:00:00Z,125,FALSE
211,,,2024-06-01T00:00:00Z,136,FALSE
211,,,2024-06-01T00:00:00Z,141,FALSE
211,,,2024-06-01T00:00:00Z,45,FALSE
211,,,2024-06-01T00:00:00Z,143,FALSE
211,,,2024-06-01T00:00:00Z,137,FALSE
211,,,2024-06-01T00:00:00Z,142,FALSE
211,,,2024-06-01T00:00:00Z,370,FALSE
211,,,2024-06-01T00:00:00Z,371,FALSE
211,,,2024-06-01T00:00:00Z,372,FALSE
211,,,2024-06-01T00:00:00Z,330,FALSE
211,,,2024-06-01T00:00:00Z,373,FALSE
211,,,2024-06-01T00:00:00Z,226,FALSE
211,,,2024-06-01T00:00:00Z,233,FALSE
211,,,2024-06-01T00:00:00Z,378,FALSE
211,,,2024-06-01T00:00:00Z,377,FALSE
211,,,2024-06-01T00:00:00Z,310,FALSE
211,,,2024-06-01T00:00:00Z,379,FALSE
211,,,2024-06-01T00:00:00Z,382,FALSE
211,,,2024-06-01T00:00:00Z,381,FALSE
211,,,2024-06-01T00:00:00Z,383,FALSE
211,,,2024-06-01T00:00:00Z,385,FALSE
211,,,2024-06-01T00:00:00Z,352,FALSE
211,,,2024-06-01T00:00:00Z,353,FALSE
211,,,2024-06-01T00:00:00Z,354,FALSE
211,,,2024-06-01T00:00:00Z,144,FALSE
211,,,2024-06-01T00:00:00Z,356,FALSE
211,,,2024-06-01T00:00:00Z,357,FALSE
211,,,2024-06-01T00:00:00Z,358,FALSE
211,,,2024-06-01T00:00:00Z,355,FALSE
211,,,2024-06-01T00:00:00Z,364,FALSE
211,,,2024-06-01T00:00:00Z,365,FALSE
211,,,2024-06-01T00:00:00Z,366,FALSE
211,,,2024-07-01T00:00:00Z,138,FALSE
211,,,2024-07-01T00:00:00Z,368,FALSE
211,,,2024-07-01T00:00:00Z,140,FALSE
211,,,2024-07-01T00:00:00Z,369,FALSE
211,,,2024-07-01T00:00:00Z,139,FALSE
211,,,2024-07-01T00:00:00Z,125,FALSE
211,,,2024-07-01T00:00:00Z,136,FALSE
211,,,2024-07-01T00:00:00Z,141,FALSE
211,,,2024-07-01T00:00:00Z,45,FALSE
211,,,2024-07-01T00:00:00Z,143,FALSE
211,,,2024-07-01T00:00:00Z,137,FALSE
211,,,2024-07-01T00:00:00Z,142,FALSE
211,,,2024-07-01T00:00:00Z,370,FALSE
211,,,2024-07-01T00:00:00Z,371,FALSE
211,,,2024-07-01T00:00:00Z,372,FALSE
211,,,2024-07-01T00:00:00Z,330,FALSE
211,,,2024-07-01T00:00:00Z,373,FALSE
211,,,2024-07-01T00:00:00Z,226,FALSE
211,,,2024-07-01T00:00:00Z,233,FALSE
211,,,2024-07-01T00:00:00Z,378,FALSE
211,,,2024-07-01T00:00:00Z,377,FALSE
211,,,2024-07-01T00:00:00Z,310,FALSE
211,,,2024-07-01T00:00:00Z,379,FALSE
211,,,2024-07-01T00:00:00Z,382,FALSE
211,,,2024-07-01T00:00:00Z,381,FALSE
211,,,2024-07-01T00:00:00Z,383,FALSE
211,,,2024-07-01T00:00:00Z,385,FALSE
211,,,2024-07-01T00:00:00Z,352,FALSE
211,,,2024-07-01T00:00:00Z,353,FALSE
211,,,2024-07-01T00:00:00Z,354,FALSE
211,,,2024-07-01T00:00:00Z,144,FALSE
211,,,2024-07-01T00:00:00Z,356,FALSE
211,,,2024-07-01T00:00:00Z,357,FALSE
211,,,2024-07-01T00:00:00Z,358,FALSE
211,,,2024-07-01T00:00:00Z,355,FALSE
211,,,2024-07-01T00:00:00Z,364,FALSE
211,,,2024-07-01T00:00:00Z,365,FALSE
211,,,2024-07-01T00:00:00Z,366,FALSE
211,,,2024-08-01T00:00:00Z,138,FALSE
211,,,2024-08-01T00:00:00Z,368,FALSE
211,,,2024-08-01T00:00:00Z,140,FALSE
211,,,2024-08-01T00:00:00Z,369,FALSE
211,,,2024-08-01T00:00:00Z,139,FALSE
211,,,2024-08-01T00:00:00Z,125,FALSE
211,,,2024-08-01T00:00:00Z,136,FALSE
211,,,2024-08-01T00:00:00Z,141,FALSE
211,,,2024-08-01T00:00:00Z,45,FALSE
211,,,2024-08-01T00:00:00Z,143,FALSE
211,,,2024-08-01T00:00:00Z,137,FALSE
211,,,2024-08-01T00:00:00Z,142,FALSE
211,,,2024-08-01T00:00:00Z,370,FALSE
211,,,2024-08-01T00:00:00Z,371,FALSE
211,,,2024-08-01T00:00:00Z,372,FALSE
211,,,2024-08-01T00:00:00Z,330,FALSE
211,,,2024-08-01T00:00:00Z,373,FALSE
211,,,2024-08-01T00:00:00Z,226,FALSE
211,,,2024-08-01T00:00:00Z,233,FALSE
211,,,2024-08-01T00:00:00Z,378,FALSE
211,,,2024-08-01T00:00:00Z,377,FALSE
211,,,2024-08-01T00:00:00Z,310,FALSE
211,,,2024-08-01T00:00:00Z,379,FALSE
211,,,2024-08-01T00:00:00Z,382,FALSE
211,,,2024-08-01T00:00:00Z,381,FALSE
211,,,2024-08-01T00:00:00Z,383,FALSE
211,,,2024-08-01T00:00:00Z,385,FALSE
211,,,2024-08-01T00:00:00Z,352,FALSE
211,,,2024-08-01T00:00:00Z,353,FALSE
211,,,2024-08-01T00:00:00Z,354,FALSE
211,,,2024-08-01T00:00:00Z,144,FALSE
211,,,2024-08-01T00:00:00Z,356,FALSE
211,,,2024-08-01T00:00:00Z,357,FALSE
211,,,2024-08-01T00:00:00Z,358,FALSE
211,,,2024-08-01T00:00:00Z,355,FALSE
211,,,2024-08-01T00:00:00Z,364,FALSE
211,,,2024-08-01T00:00:00Z,365,FALSE
211,,,2024-08-01T00:00:00Z,366,FALSE
211,,,2024-09-01T00:00:00Z,138,FALSE
211,,,2024-09-01T00:00:00Z,368,FALSE
211,,,2024-09-01T00:00:00Z,140,FALSE
211,,,2024-09-01T00:00:00Z,369,FALSE
211,,,2024-09-01T00:00:00Z,139,FALSE
211,,,2024-09-01T00:00:00Z,125,FALSE
211,,,2024-09-01T00:00:00Z,136,FALSE
211,,,2024-09-01T00:00:00Z,141,FALSE
211,,,2024-09-01T00:00:00Z,45,FALSE
211,,,2024-09-01T00:00:00Z,143,FALSE
211,,,2024-09-01T00:00:00Z,137,FALSE
211,,,2024-09-01T00:00:00Z,142,FALSE
211,,,2024-09-01T00:00:00Z,370,FALSE
211,,,2024-09-01T00:00:00Z,371,FALSE
211,,,2024-09-01T00:00:00Z,372,FALSE
211,,,2024-09-01T00:00:00Z,330,FALSE
211,,,2024-09-01T00:00:00Z,373,FALSE
211,,,2024-09-01T00:00:00Z,226,FALSE
211,,,2024-09-01T00:00:00Z,233,FALSE
211,,,2024-09-01T00:00:00Z,378,FALSE
211,,,2024-09-01T00:00:00Z,377,FALSE
211,,,2024-09-01T00:00:00Z,310,FALSE
211,,,2024-09-01T00:00:00Z,379,FALSE
211,,,2024-09-01T00:00:00Z,382,FALSE
211,,,2024-09-01T00:00:00Z,381,FALSE
211,,,2024-09-01T00:00:00Z,383,FALSE
211,,,2024-09-01T00:00:00Z,385,FALSE
211,,,2024-09-01T00:00:00Z,352,FALSE
211,,,2024-09-01T00:00:00Z,353,FALSE
211,,,2024-09-01T00:00:00Z,354,FALSE
211,,,2024-09-01T00:00:00Z,144,FALSE
211,,,2024-09-01T00:00:00Z,356,FALSE
211,,,2024-09-01T00:00:00Z,357,FALSE
211,,,2024-09-01T00:00:00Z,358,FALSE
211,,,2024-09-01T00:00:00Z,355,FALSE
211,,,2024-09-01T00:00:00Z,364,FALSE
211,,,2024-09-01T00:00:00Z,365,FALSE
211,,,2024-09-01T00:00:00Z,366,FALSE
211,,,2024-10-01T00:00:00Z,138,FALSE
211,,,2024-10-01T00:00:00Z,368,FALSE
211,,,2024-10-01T00:00:00Z,140,FALSE
211,,,2024-10-01T00:00:00Z,369,FALSE
211,,,2024-10-01T00:00:00Z,139,FALSE
211,,,2024-10-01T00:00:00Z,125,FALSE
211,,,2024-10-01T00:00:00Z,136,FALSE
211,,,2024-10-01T00:00:00Z,141,FALSE
211,,,2024-10-01T00:00:00Z,45,FALSE
211,,,2024-10-01T00:00:00Z,143,FALSE
211,,,2024-10-01T00:00:00Z,137,FALSE
211,,,2024-10-01T00:00:00Z,142,FALSE
211,,,2024-10-01T00:00:00Z,370,FALSE
211,,,2024-10-01T00:00:00Z,371,FALSE
211,,,2024-10-01T00:00:00Z,372,FALSE
211,,,2024-10-01T00:00:00Z,330,FALSE
211,,,2024-10-01T00:00:00Z,373,FALSE
211,,,2024-10-01T00:00:00Z,226,FALSE
211,,,2024-10-01T00:00:00Z,233,FALSE
211,,,2024-10-01T00:00:00Z,378,FALSE
211,,,2024-10-01T00:00:00Z,377,FALSE
211,,,2024-10-01T00:00:00Z,310,FALSE
211,,,2024-10-01T00:00:00Z,379,FALSE
211,,,2024-10-01T00:00:00Z,382,FALSE
211,,,2024-10-01T00:00:00Z,381,FALSE
211,,,2024-10-01T00:00:00Z,383,FALSE
211,,,2024-10-01T00:00:00Z,385,FALSE
211,,,2024-10-01T00:00:00Z,352,FALSE
211,,,2024-10-01T00:00:00Z,353,FALSE
211,,,2024-10-01T00:00:00Z,354,FALSE
211,,,2024-10-01T00:00:00Z,144,FALSE
211,,,2024-10-01T00:00:00Z,356,FALSE
211,,,2024-10-01T00:00:00Z,357,FALSE
211,,,2024-10-01T00:00:00Z,358,FALSE
211,,,2024-10-01T00:00:00Z,355,FALSE
211,,,2024-10-01T00:00:00Z,364,FALSE
211,,,2024-10-01T00:00:00Z,365,FALSE
211,,,2024-10-01T00:00:00Z,366,FALSE
211,,,2024-11-01T00:00:00Z,138,FALSE
211,,,2024-11-01T00:00:00Z,368,FALSE
211,,,2024-11-01T00:00:00Z,140,FALSE
211,,,2024-11-01T00:00:00Z,369,FALSE
211,,,2024-11-01T00:00:00Z,139,FALSE
211,,,2024-11-01T00:00:00Z,125,FALSE
211,,,2024-11-01T00:00:00Z,136,FALSE
211,,,2024-11-01T00:00:00Z,141,FALSE
211,,,2024-11-01T00:00:00Z,45,FALSE
211,,,2024-11-01T00:00:00Z,143,FALSE
211,,,2024-11-01T00:00:00Z,137,FALSE
211,,,2024-11-01T00:00:00Z,142,FALSE
211,,,2024-11-01T00:00:00Z,370,FALSE
211,,,2024-11-01T00:00:00Z,371,FALSE
211,,,2024-11-01T00:00:00Z,372,FALSE
211,,,2024-11-01T00:00:00Z,330,FALSE
211,,,2024-11-01T00:00:00Z,373,FALSE
211,,,2024-11-01T00:00:00Z,226,FALSE
211,,,2024-11-01T00:00:00Z,233,FALSE
211,,,2024-11-01T00:00:00Z,378,FALSE
211,,,2024-11-01T00:00:00Z,377,FALSE
211,,,2024-11-01T00:00:00Z,310,FALSE
211,,,2024-11-01T00:00:00Z,379,FALSE
211,,,2024-11-01T00:00:00Z,382,FALSE
211,,,2024-11-01T00:00:00Z,381,FALSE
211,,,2024-11-01T00:00:00Z,383,FALSE
211,,,2024-11-01T00:00:00Z,385,FALSE
211,,,2024-11-01T00:00:00Z,352,FALSE
211,,,2024-11-01T00:00:00Z,353,FALSE
211,,,2024-11-01T00:00:00Z,354,FALSE
211,,,2024-11-01T00:00:00Z,144,FALSE
211,,,2024-11-01T00:00:00Z,356,FALSE
211,,,2024-11-01T00:00:00Z,357,FALSE
211,,,2024-11-01T00:00:00Z,358,FALSE
211,,,2024-11-01T00:00:00Z,355,FALSE
211,,,2024-11-01T00:00:00Z,364,FALSE
211,,,2024-11-01T00:00:00Z,365,FALSE
211,,,2024-11-01T00:00:00Z,366,FALSE
211,,,2024-12-01T00:00:00Z,138,FALSE
211,,,2024-12-01T00:00:00Z,368,FALSE
211,,,2024-12-01T00:00:00Z,140,FALSE
211,,,2024-12-01T00:00:00Z,369,FALSE
211,,,2024-12-01T00:00:00Z,139,FALSE
211,,,2024-12-01T00:00:00Z,125,FALSE
211,,,2024-12-01T00:00:00Z,136,FALSE
211,,,2024-12-01T00:00:00Z,141,FALSE
211,,,2024-12-01T00:00:00Z,45,FALSE
211,,,2024-12-01T00:00:00Z,143,FALSE
211,,,2024-12-01T00:00:00Z,137,FALSE
211,,,2024-12-01T00:00:00Z,142,FALSE
211,,,2024-12-01T00:00:00Z,370,FALSE
211,,,2024-12-01T00:00:00Z,371,FALSE
211,,,2024-12-01T00:00:00Z,372,FALSE
211,,,2024-12-01T00:00:00Z,330,FALSE
211,,,2024-12-01T00:00:00Z,373,FALSE
211,,,2024-12-01T00:00:00Z,226,FALSE
211,,,2024-12-01T00:00:00Z,233,FALSE
211,,,2024-12-01T00:00:00Z,378,FALSE
211,,,2024-12-01T00:00:00Z,377,FALSE
211,,,2024-12-01T00:00:00Z,310,FALSE
211,,,2024-12-01T00:00:00Z,379,FALSE
211,,,2024-12-01T00:00:00Z,382,FALSE
211,,,2024-12-01T00:00:00Z,381,FALSE
211,,,2024-12-01T00:00:00Z,383,FALSE
211,,,2024-12-01T00:00:00Z,385,FALSE
211,,,2024-12-01T00:00:00Z,352,FALSE
211,,,2024-12-01T00:00:00Z,353,FALSE
211,,,2024-12-01T00:00:00Z,354,FALSE
211,,,2024-12-01T00:00:00Z,144,FALSE
211,,,2024-12-01T00:00:00Z,356,FALSE
211,,,2024-12-01T00:00:00Z,357,FALSE
211,,,2024-12-01T00:00:00Z,358,FALSE
211,,,2024-12-01T00:00:00Z,355,FALSE
211,,,2024-12-01T00:00:00Z,364,FALSE
211,,,2024-12-01T00:00:00Z,365,FALSE
211,,,2024-12-01T00:00:00Z,366,FALSE
226,,,2024-01-01T00:00:00Z,138,FALSE
226,,,2024-01-01T00:00:00Z,368,FALSE
226,,,2024-01-01T00:00:00Z,140,FALSE
226,,,2024-01-01T00:00:00Z,369,FALSE
226,,,2024-01-01T00:00:00Z,139,FALSE
226,,,2024-01-01T00:00:00Z,125,FALSE
226,,,2024-01-01T00:00:00Z,136,FALSE
226,,,2024-01-01T00:00:00Z,141,FALSE
226,,,2024-01-01T00:00:00Z,45,FALSE
226,,,2024-01-01T00:00:00Z,143,FALSE
226,,,2024-01-01T00:00:00Z,137,FALSE
226,,,2024-01-01T00:00:00Z,142,FALSE
226,,,2024-01-01T00:00:00Z,370,FALSE
226,,,2024-01-01T00:00:00Z,371,FALSE
226,,,2024-01-01T00:00:00Z,372,FALSE
226,,,2024-01-01T00:00:00Z,330,FALSE
226,,,2024-01-01T00:00:00Z,373,FALSE
226,,,2024-01-01T00:00:00Z,211,FALSE
226,,,2024-01-01T00:00:00Z,233,FALSE
226,,,2024-01-01T00:00:00Z,378,FALSE
226,,,2024-01-01T00:00:00Z,377,FALSE
226,,,2024-01-01T00:00:00Z,310,FALSE
226,,,2024-01-01T00:00:00Z,379,FALSE
226,,,2024-01-01T00:00:00Z,382,FALSE
226,,,2024-01-01T00:00:00Z,381,FALSE
226,,,2024-01-01T00:00:00Z,383,FALSE
226,,,2024-01-01T00:00:00Z,385,FALSE
226,,,2024-01-01T00:00:00Z,352,FALSE
226,,,2024-01-01T00:00:00Z,353,FALSE
226,,,2024-01-01T00:00:00Z,354,FALSE
226,,,2024-01-01T00:00:00Z,144,FALSE
226,,,2024-01-01T00:00:00Z,356,FALSE
226,,,2024-01-01T00:00:00Z,357,FALSE
226,,,2024-01-01T00:00:00Z,358,FALSE
226,,,2024-01-01T00:00:00Z,355,FALSE
226,,,2024-01-01T00:00:00Z,364,FALSE
226,,,2024-01-01T00:00:00Z,365,FALSE
226,,,2024-01-01T00:00:00Z,366,FALSE
226,,,2024-02-01T00:00:00Z,138,FALSE
226,,,2024-02-01T00:00:00Z,368,FALSE
226,,,2024-02-01T00:00:00Z,140,FALSE
226,,,2024-02-01T00:00:00Z,369,FALSE
226,,,2024-02-01T00:00:00Z,139,FALSE
226,,,2024-02-01T00:00:00Z,125,FALSE
226,,,2024-02-01T00:00:00Z,136,FALSE
226,,,2024-02-01T00:00:00Z,141,FALSE
226,,,2024-02-01T00:00:00Z,45,FALSE
226,,,2024-02-01T00:00:00Z,143,FALSE
226,,,2024-02-01T00:00:00Z,137,FALSE
226,,,2024-02-01T00:00:00Z,142,FALSE
226,,,2024-02-01T00:00:00Z,370,FALSE
226,,,2024-02-01T00:00:00Z,371,FALSE
226,,,2024-02-01T00:00:00Z,372,FALSE
226,,,2024-02-01T00:00:00Z,330,FALSE
226,,,2024-02-01T00:00:00Z,373,FALSE
226,,,2024-02-01T00:00:00Z,211,FALSE
226,,,2024-02-01T00:00:00Z,233,FALSE
226,,,2024-02-01T00:00:00Z,378,FALSE
226,,,2024-02-01T00:00:00Z,377,FALSE
226,,,2024-02-01T00:00:00Z,310,FALSE
226,,,2024-02-01T00:00:00Z,379,FALSE
226,,,2024-02-01T00:00:00Z,382,FALSE
226,,,2024-02-01T00:00:00Z,381,FALSE
226,,,2024-02-01T00:00:00Z,383,FALSE
226,,,2024-02-01T00:00:00Z,385,FALSE
226,,,2024-02-01T00:00:00Z,352,FALSE
226,,,2024-02-01T00:00:00Z,353,FALSE
226,,,2024-02-01T00:00:00Z,354,FALSE
226,,,2024-02-01T00:00:00Z,144,FALSE
226,,,2024-02-01T00:00:00Z,356,FALSE
226,,,2024-02-01T00:00:00Z,357,FALSE
226,,,2024-02-01T00:00:00Z,358,FALSE
226,,,2024-02-01T00:00:00Z,355,FALSE
226,,,2024-02-01T00:00:00Z,364,FALSE
226,,,2024-02-01T00:00:00Z,365,FALSE
226,,,2024-02-01T00:00:00Z,366,FALSE
226,,,2024-03-01T00:00:00Z,138,FALSE
226,,,2024-03-01T00:00:00Z,368,FALSE
226,,,2024-03-01T00:00:00Z,140,FALSE
226,,,2024-03-01T00:00:00Z,369,FALSE
226,,,2024-03-01T00:00:00Z,139,FALSE
226,,,2024-03-01T00:00:00Z,125,FALSE
226,,,2024-03-01T00:00:00Z,136,FALSE
226,,,2024-03-01T00:00:00Z,141,FALSE
226,,,2024-03-01T00:00:00Z,45,FALSE
226,,,2024-03-01T00:00:00Z,143,FALSE
226,,,2024-03-01T00:00:00Z,137,FALSE
226,,,2024-03-01T00:00:00Z,142,FALSE
226,,,2024-03-01T00:00:00Z,370,FALSE
226,,,2024-03-01T00:00:00Z,371,FALSE
226,,,2024-03-01T00:00:00Z,372,FALSE
226,,,2024-03-01T00:00:00Z,330,FALSE
226,,,2024-03-01T00:00:00Z,373,FALSE
226,,,2024-03-01T00:00:00Z,211,FALSE
226,,,2024-03-01T00:00:00Z,233,FALSE
226,,,2024-03-01T00:00:00Z,378,FALSE
226,,,2024-03-01T00:00:00Z,377,FALSE
226,,,2024-03-01T00:00:00Z,310,FALSE
226,,,2024-03-01T00:00:00Z,379,FALSE
226,,,2024-03-01T00:00:00Z,382,FALSE
226,,,2024-03-01T00:00:00Z,381,FALSE
226,,,2024-03-01T00:00:00Z,383,FALSE
226,,,2024-03-01T00:00:00Z,385,FALSE
226,,,2024-03-01T00:00:00Z,352,FALSE
226,,,2024-03-01T00:00:00Z,353,FALSE
226,,,2024-03-01T00:00:00Z,354,FALSE
226,,,2024-03-01T00:00:00Z,144,FALSE
226,,,2024-03-01T00:00:00Z,356,FALSE
226,,,2024-03-01T00:00:00Z,357,FALSE
226,,,2024-03-01T00:00:00Z,358,FALSE
226,,,2024-03-01T00:00:00Z,355,FALSE
226,,,2024-03-01T00:00:00Z,364,FALSE
226,,,2024-03-01T00:00:00Z,365,FALSE
226,,,2024-03-01T00:00:00Z,366,FALSE
226,,,2024-04-01T00:00:00Z,138,FALSE
226,,,2024-04-01T00:00:00Z,368,FALSE
226,,,2024-04-01T00:00:00Z,140,FALSE
226,,,2024-04-01T00:00:00Z,369,FALSE
226,,,2024-04-01T00:00:00Z,139,FALSE
226,,,2024-04-01T00:00:00Z,125,FALSE
226,,,2024-04-01T00:00:00Z,136,FALSE
226,,,2024-04-01T00:00:00Z,141,FALSE
226,,,2024-04-01T00:00:00Z,45,FALSE
226,,,2024-04-01T00:00:00Z,143,FALSE
226,,,2024-04-01T00:00:00Z,137,FALSE
226,,,2024-04-01T00:00:00Z,142,FALSE
226,,,2024-04-01T00:00:00Z,370,FALSE
226,,,2024-04-01T00:00:00Z,371,FALSE
226,,,2024-04-01T00:00:00Z,372,FALSE
226,,,2024-04-01T00:00:00Z,330,FALSE
226,,,2024-04-01T00:00:00Z,373,FALSE
226,,,2024-04-01T00:00:00Z,211,FALSE
226,,,2024-04-01T00:00:00Z,233,FALSE
226,,,2024-04-01T00:00:00Z,378,FALSE
226,,,2024-04-01T00:00:00Z,377,FALSE
226,,,2024-04-01T00:00:00Z,310,FALSE
226,,,2024-04-01T00:00:00Z,379,FALSE
226,,,2024-04-01T00:00:00Z,382,FALSE
226,,,2024-04-01T00:00:00Z,381,FALSE
226,,,2024-04-01T00:00:00Z,383,FALSE
226,,,2024-04-01T00:00:00Z,385,FALSE
226,,,2024-04-01T00:00:00Z,352,FALSE
226,,,2024-04-01T00:00:00Z,353,FALSE
226,,,2024-04-01T00:00:00Z,354,FALSE
226,,,2024-04-01T00:00:00Z,144,FALSE
226,,,2024-04-01T00:00:00Z,356,FALSE
226,,,2024-04-01T00:00:00Z,357,FALSE
226,,,2024-04-01T00:00:00Z,358,FALSE
226,,,2024-04-01T00:00:00Z,355,FALSE
226,,,2024-04-01T00:00:00Z,364,FALSE
226,,,2024-04-01T00:00:00Z,365,FALSE
226,,,2024-04-01T00:00:00Z,366,FALSE
226,,,2024-05-01T00:00:00Z,138,FALSE
226,,,2024-05-01T00:00:00Z,368,FALSE
226,,,2024-05-01T00:00:00Z,140,FALSE
226,,,2024-05-01T00:00:00Z,369,FALSE
226,,,2024-05-01T00:00:00Z,139,FALSE
226,,,2024-05-01T00:00:00Z,125,FALSE
226,,,2024-05-01T00:00:00Z,136,FALSE
226,,,2024-05-01T00:00:00Z,141,FALSE
226,,,2024-05-01T00:00:00Z,45,FALSE
226,,,2024-05-01T00:00:00Z,143,FALSE
226,,,2024-05-01T00:00:00Z,137,FALSE
226,,,2024-05-01T00:00:00Z,142,FALSE
226,,,2024-05-01T00:00:00Z,370,FALSE
226,,,2024-05-01T00:00:00Z,371,FALSE
226,,,2024-05-01T00:00:00Z,372,FALSE
226,,,2024-05-01T00:00:00Z,330,FALSE
226,,,2024-05-01T00:00:00Z,373,FALSE
226,,,2024-05-01T00:00:00Z,211,FALSE
226,,,2024-05-01T00:00:00Z,233,FALSE
226,,,2024-05-01T00:00:00Z,378,FALSE
226,,,2024-05-01T00:00:00Z,377,FALSE
226,,,2024-05-01T00:00:00Z,310,FALSE
226,,,2024-05-01T00:00:00Z,379,FALSE
226,,,2024-05-01T00:00:00Z,382,FALSE
226,,,2024-05-01T00:00:00Z,381,FALSE
226,,,2024-05-01T00:00:00Z,383,FALSE
226,,,2024-05-01T00:00:00Z,385,FALSE
226,,,2024-05-01T00:00:00Z,352,FALSE
226,,,2024-05-01T00:00:00Z,353,FALSE
226,,,2024-05-01T00:00:00Z,354,FALSE
226,,,2024-05-01T00:00:00Z,144,FALSE
226,,,2024-05-01T00:00:00Z,356,FALSE
226,,,2024-05-01T00:00:00Z,357,FALSE
226,,,2024-05-01T00:00:00Z,358,FALSE
226,,,2024-05-01T00:00:00Z,355,FALSE
226,,,2024-05-01T00:00:00Z,364,FALSE
226,,,2024-05-01T00:00:00Z,365,FALSE
226,,,2024-05-01T00:00:00Z,366,FALSE
226,,,2024-06-01T00:00:00Z,138,FALSE
226,,,2024-06-01T00:00:00Z,368,FALSE
226,,,2024-06-01T00:00:00Z,140,FALSE
226,,,2024-06-01T00:00:00Z,369,FALSE
226,,,2024-06-01T00:00:00Z,139,FALSE
226,,,2024-06-01T00:00:00Z,125,FALSE
226,,,2024-06-01T00:00:00Z,136,FALSE
226,,,2024-06-01T00:00:00Z,141,FALSE
226,,,2024-06-01T00:00:00Z,45,FALSE
226,,,2024-06-01T00:00:00Z,143,FALSE
226,,,2024-06-01T00:00:00Z,137,FALSE
226,,,2024-06-01T00:00:00Z,142,FALSE
226,,,2024-06-01T00:00:00Z,370,FALSE
226,,,2024-06-01T00:00:00Z,371,FALSE
226,,,2024-06-01T00:00:00Z,372,FALSE
226,,,2024-06-01T00:00:00Z,330,FALSE
226,,,2024-06-01T00:00:00Z,373,FALSE
226,,,2024-06-01T00:00:00Z,211,FALSE
226,,,2024-06-01T00:00:00Z,233,FALSE
226,,,2024-06-01T00:00:00Z,378,FALSE
226,,,2024-06-01T00:00:00Z,377,FALSE
226,,,2024-06-01T00:00:00Z,310,FALSE
226,,,2024-06-01T00:00:00Z,379,FALSE
226,,,2024-06-01T00:00:00Z,382,FALSE
226,,,2024-06-01T00:00:00Z,381,FALSE
226,,,2024-06-01T00:00:00Z,383,FALSE
226,,,2024-06-01T00:00:00Z,385,FALSE
226,,,2024-06-01T00:00:00Z,352,FALSE
226,,,2024-06-01T00:00:00Z,353,FALSE
226,,,2024-06-01T00:00:00Z,354,FALSE
226,,,2024-06-01T00:00:00Z,144,FALSE
226,,,2024-06-01T00:00:00Z,356,FALSE
226,,,2024-06-01T00:00:00Z,357,FALSE
226,,,2024-06-01T00:00:00Z,358,FALSE
226,,,2024-06-01T00:00:00Z,355,FALSE
226,,,2024-06-01T00:00:00Z,364,FALSE
226,,,2024-06-01T00:00:00Z,365,FALSE
226,,,2024-06-01T00:00:00Z,366,FALSE
226,,,2024-07-01T00:00:00Z,138,FALSE
226,,,2024-07-01T00:00:00Z,368,FALSE
226,,,2024-07-01T00:00:00Z,140,FALSE
226,,,2024-07-01T00:00:00Z,369,FALSE
226,,,2024-07-01T00:00:00Z,139,FALSE
226,,,2024-07-01T00:00:00Z,125,FALSE
226,,,2024-07-01T00:00:00Z,136,FALSE
226,,,2024-07-01T00:00:00Z,141,FALSE
226,,,2024-07-01T00:00:00Z,45,FALSE
226,,,2024-07-01T00:00:00Z,143,FALSE
226,,,2024-07-01T00:00:00Z,137,FALSE
226,,,2024-07-01T00:00:00Z,142,FALSE
226,,,2024-07-01T00:00:00Z,370,FALSE
226,,,2024-07-01T00:00:00Z,371,FALSE
226,,,2024-07-01T00:00:00Z,372,FALSE
226,,,2024-07-01T00:00:00Z,330,FALSE
226,,,2024-07-01T00:00:00Z,373,FALSE
226,,,2024-07-01T00:00:00Z,211,FALSE
226,,,2024-07-01T00:00:00Z,233,FALSE
226,,,2024-07-01T00:00:00Z,378,FALSE
226,,,2024-07-01T00:00:00Z,377,FALSE
226,,,2024-07-01T00:00:00Z,310,FALSE
226,,,2024-07-01T00:00:00Z,379,FALSE
226,,,2024-07-01T00:00:00Z,382,FALSE
226,,,2024-07-01T00:00:00Z,381,FALSE
226,,,2024-07-01T00:00:00Z,383,FALSE
226,,,2024-07-01T00:00:00Z,385,FALSE
226,,,2024-07-01T00:00:00Z,352,FALSE
226,,,2024-07-01T00:00:00Z,353,FALSE
226,,,2024-07-01T00:00:00Z,354,FALSE
226,,,2024-07-01T00:00:00Z,144,FALSE
226,,,2024-07-01T00:00:00Z,356,FALSE
226,,,2024-07-01T00:00:00Z,357,FALSE
226,,,2024-07-01T00:00:00Z,358,FALSE
226,,,2024-07-01T00:00:00Z,355,FALSE
226,,,2024-07-01T00:00:00Z,364,FALSE
226,,,2024-07-01T00:00:00Z,365,FALSE
226,,,2024-07-01T00:00:00Z,366,FALSE
226,,,2024-08-01T00:00:00Z,138,FALSE
226,,,2024-08-01T00:00:00Z,368,FALSE
226,,,2024-08-01T00:00:00Z,140,FALSE
226,,,2024-08-01T00:00:00Z,369,FALSE
226,,,2024-08-01T00:00:00Z,139,FALSE
226,,,2024-08-01T00:00:00Z,125,FALSE
226,,,2024-08-01T00:00:00Z,136,FALSE
226,,,2024-08-01T00:00:00Z,141,FALSE
226,,,2024-08-01T00:00:00Z,45,FALSE
226,,,2024-08-01T00:00:00Z,143,FALSE
226,,,2024-08-01T00:00:00Z,137,FALSE
226,,,2024-08-01T00:00:00Z,142,FALSE
226,,,2024-08-01T00:00:00Z,370,FALSE
226,,,2024-08-01T00:00:00Z,371,FALSE
226,,,2024-08-01T00:00:00Z,372,FALSE
226,,,2024-08-01T00:00:00Z,330,FALSE
226,,,2024-08-01T00:00:00Z,373,FALSE
226,,,2024-08-01T00:00:00Z,211,FALSE
226,,,2024-08-01T00:00:00Z,233,FALSE
226,,,2024-08-01T00:00:00Z,378,FALSE
226,,,2024-08-01T00:00:00Z,377,FALSE
226,,,2024-08-01T00:00:00Z,310,FALSE
226,,,2024-08-01T00:00:00Z,379,FALSE
226,,,2024-08-01T00:00:00Z,382,FALSE
226,,,2024-08-01T00:00:00Z,381,FALSE
226,,,2024-08-01T00:00:00Z,383,FALSE
226,,,2024-08-01T00:00:00Z,385,FALSE
226,,,2024-08-01T00:00:00Z,352,FALSE
226,,,2024-08-01T00:00:00Z,353,FALSE
226,,,2024-08-01T00:00:00Z,354,FALSE
226,,,2024-08-01T00:00:00Z,144,FALSE
226,,,2024-08-01T00:00:00Z,356,FALSE
226,,,2024-08-01T00:00:00Z,357,FALSE
226,,,2024-08-01T00:00:00Z,358,FALSE
226,,,2024-08-01T00:00:00Z,355,FALSE
226,,,2024-08-01T00:00:00Z,364,FALSE
226,,,2024-08-01T00:00:00Z,365,FALSE
226,,,2024-08-01T00:00:00Z,366,FALSE
226,,,2024-09-01T00:00:00Z,138,FALSE
226,,,2024-09-01T00:00:00Z,368,FALSE
226,,,2024-09-01T00:00:00Z,140,FALSE
226,,,2024-09-01T00:00:00Z,369,FALSE
226,,,2024-09-01T00:00:00Z,139,FALSE
226,,,2024-09-01T00:00:00Z,125,FALSE
226,,,2024-09-01T00:00:00Z,136,FALSE
226,,,2024-09-01T00:00:00Z,141,FALSE
226,,,2024-09-01T00:00:00Z,45,FALSE
226,,,2024-09-01T00:00:00Z,143,FALSE
226,,,2024-09-01T00:00:00Z,137,FALSE
226,,,2024-09-01T00:00:00Z,142,FALSE
226,,,2024-09-01T00:00:00Z,370,FALSE
226,,,2024-09-01T00:00:00Z,371,FALSE
226,,,2024-09-01T00:00:00Z,372,FALSE
226,,,2024-09-01T00:00:00Z,330,FALSE
226,,,2024-09-01T00:00:00Z,373,FALSE
226,,,2024-09-01T00:00:00Z,211,FALSE
226,,,2024-09-01T00:00:00Z,233,FALSE
226,,,2024-09-01T00:00:00Z,378,FALSE
226,,,2024-09-01T00:00:00Z,377,FALSE
226,,,2024-09-01T00:00:00Z,310,FALSE
226,,,2024-09-01T00:00:00Z,379,FALSE
226,,,2024-09-01T00:00:00Z,382,FALSE
226,,,2024-09-01T00:00:00Z,381,FALSE
226,,,2024-09-01T00:00:00Z,383,FALSE
226,,,2024-09-01T00:00:00Z,385,FALSE
226,,,2024-09-01T00:00:00Z,352,FALSE
226,,,2024-09-01T00:00:00Z,353,FALSE
226,,,2024-09-01T00:00:00Z,354,FALSE
226,,,2024-09-01T00:00:00Z,144,FALSE
226,,,2024-09-01T00:00:00Z,356,FALSE
226,,,2024-09-01T00:00:00Z,357,FALSE
226,,,2024-09-01T00:00:00Z,358,FALSE
226,,,2024-09-01T00:00:00Z,355,FALSE
226,,,2024-09-01T00:00:00Z,364,FALSE
226,,,2024-09-01T00:00:00Z,365,FALSE
226,,,2024-09-01T00:00:00Z,366,FALSE
226,,,2024-10-01T00:00:00Z,138,FALSE
226,,,2024-10-01T00:00:00Z,368,FALSE
226,,,2024-10-01T00:00:00Z,140,FALSE
226,,,2024-10-01T00:00:00Z,369,FALSE
226,,,2024-10-01T00:00:00Z,139,FALSE
226,,,2024-10-01T00:00:00Z,125,FALSE
226,,,2024-10-01T00:00:00Z,136,FALSE
226,,,2024-10-01T00:00:00Z,141,FALSE
226,,,2024-10-01T00:00:00Z,45,FALSE
226,,,2024-10-01T00:00:00Z,143,FALSE
226,,,2024-10-01T00:00:00Z,137,FALSE
226,,,2024-10-01T00:00:00Z,142,FALSE
226,,,2024-10-01T00:00:00Z,370,FALSE
226,,,2024-10-01T00:00:00Z,371,FALSE
226,,,2024-10-01T00:00:00Z,372,FALSE
226,,,2024-10-01T00:00:00Z,330,FALSE
226,,,2024-10-01T00:00:00Z,373,FALSE
226,,,2024-10-01T00:00:00Z,211,FALSE
226,,,2024-10-01T00:00:00Z,233,FALSE
226,,,2024-10-01T00:00:00Z,378,FALSE
226,,,2024-10-01T00:00:00Z,377,FALSE
226,,,2024-10-01T00:00:00Z,310,FALSE
226,,,2024-10-01T00:00:00Z,379,FALSE
226,,,2024-10-01T00:00:00Z,382,FALSE
226,,,2024-10-01T00:00:00Z,381,FALSE
226,,,2024-10-01T00:00:00Z,383,FALSE
226,,,2024-10-01T00:00:00Z,385,FALSE
226,,,2024-10-01T00:00:00Z,352,FALSE
226,,,2024-10-01T00:00:00Z,353,FALSE
226,,,2024-10-01T00:00:00Z,354,FALSE
226,,,2024-10-01T00:00:00Z,144,FALSE
226,,,2024-10-01T00:00:00Z,356,FALSE
226,,,2024-10-01T00:00:00Z,357,FALSE
226,,,2024-10-01T00:00:00Z,358,FALSE
226,,,2024-10-01T00:00:00Z,355,FALSE
226,,,2024-10-01T00:00:00Z,364,FALSE
226,,,2024-10-01T00:00:00Z,365,FALSE
226,,,2024-10-01T00:00:00Z,366,FALSE
226,,,2024-11-01T00:00:00Z,138,FALSE
226,,,2024-11-01T00:00:00Z,368,FALSE
226,,,2024-11-01T00:00:00Z,140,FALSE
226,,,2024-11-01T00:00:00Z,369,FALSE
226,,,2024-11-01T00:00:00Z,139,FALSE
226,,,2024-11-01T00:00:00Z,125,FALSE
226,,,2024-11-01T00:00:00Z,136,FALSE
226,,,2024-11-01T00:00:00Z,141,FALSE
226,,,2024-11-01T00:00:00Z,45,FALSE
226,,,2024-11-01T00:00:00Z,143,FALSE
226,,,2024-11-01T00:00:00Z,137,FALSE
226,,,2024-11-01T00:00:00Z,142,FALSE
226,,,2024-11-01T00:00:00Z,370,FALSE
226,,,2024-11-01T00:00:00Z,371,FALSE
226,,,2024-11-01T00:00:00Z,372,FALSE
226,,,2024-11-01T00:00:00Z,330,FALSE
226,,,2024-11-01T00:00:00Z,373,FALSE
226,,,2024-11-01T00:00:00Z,211,FALSE
226,,,2024-11-01T00:00:00Z,233,FALSE
226,,,2024-11-01T00:00:00Z,378,FALSE
226,,,2024-11-01T00:00:00Z,377,FALSE
226,,,2024-11-01T00:00:00Z,310,FALSE
226,,,2024-11-01T00:00:00Z,379,FALSE
226,,,2024-11-01T00:00:00Z,382,FALSE
226,,,2024-11-01T00:00:00Z,381,FALSE
226,,,2024-11-01T00:00:00Z,383,FALSE
226,,,2024-11-01T00:00:00Z,385,FALSE
226,,,2024-11-01T00:00:00Z,352,FALSE
226,,,2024-11-01T00:00:00Z,353,FALSE
226,,,2024-11-01T00:00:00Z,354,FALSE
226,,,2024-11-01T00:00:00Z,144,FALSE
226,,,2024-11-01T00:00:00Z,356,FALSE
226,,,2024-11-01T00:00:00Z,357,FALSE
226,,,2024-11-01T00:00:00Z,358,FALSE
226,,,2024-11-01T00:00:00Z,355,FALSE
226,,,2024-11-01T00:00:00Z,364,FALSE
226,,,2024-11-01T00:00:00Z,365,FALSE
226,,,2024-11-01T00:00:00Z,366,FALSE
226,,,2024-12-01T00:00:00Z,138,FALSE
226,,,2024-12-01T00:00:00Z,368,FALSE
226,,,2024-12-01T00:00:00Z,140,FALSE
226,,,2024-12-01T00:00:00Z,369,FALSE
226,,,2024-12-01T00:00:00Z,139,FALSE
226,,,2024-12-01T00:00:00Z,125,FALSE
226,,,2024-12-01T00:00:00Z,136,FALSE
226,,,2024-12-01T00:00:00Z,141,FALSE
226,,,2024-12-01T00:00:00Z,45,FALSE
226,,,2024-12-01T00:00:00Z,143,FALSE
226,,,2024-12-01T00:00:00Z,137,FALSE
226,,,2024-12-01T00:00:00Z,142,FALSE
226,,,2024-12-01T00:00:00Z,370,FALSE
226,,,2024-12-01T00:00:00Z,371,FALSE
226,,,2024-12-01T00:00:00Z,372,FALSE
226,,,2024-12-01T00:00:00Z,330,FALSE
226,,,2024-12-01T00:00:00Z,373,FALSE
226,,,2024-12-01T00:00:00Z,211,FALSE
226,,,2024-12-01T00:00:00Z,233,FALSE
226,,,2024-12-01T00:00:00Z,378,FALSE
226,,,2024-12-01T00:00:00Z,377,FALSE
226,,,2024-12-01T00:00:00Z,310,FALSE
226,,,2024-12-01T00:00:00Z,379,FALSE
226,,,2024-12-01T00:00:00Z,382,FALSE
226,,,2024-12-01T00:00:00Z,381,FALSE
226,,,2024-12-01T00:00:00Z,383,FALSE
226,,,2024-12-01T00:00:00Z,385,FALSE
226,,,2024-12-01T00:00:00Z,352,FALSE
226,,,2024-12-01T00:00:00Z,353,FALSE
226,,,2024-12-01T00:00:00Z,354,FALSE
226,,,2024-12-01T00:00:00Z,144,FALSE
226,,,2024-12-01T00:00:00Z,356,FALSE
226,,,2024-12-01T00:00:00Z,357,FALSE
226,,,2024-12-01T00:00:00Z,358,FALSE
226,,,2024-12-01T00:00:00Z,355,FALSE
226,,,2024-12-01T00:00:00Z,364,FALSE
226,,,2024-12-01T00:00:00Z,365,FALSE
226,,,2024-12-01T00:00:00Z,366,FALSE
233,,,2024-01-01T00:00:00Z,138,FALSE
233,,,2024-01-01T00:00:00Z,368,FALSE
233,,,2024-01-01T00:00:00Z,140,FALSE
233,,,2024-01-01T00:00:00Z,369,FALSE
233,,,2024-01-01T00:00:00Z,139,FALSE
233,,,2024-01-01T00:00:00Z,125,FALSE
233,,,2024-01-01T00:00:00Z,136,FALSE
233,,,2024-01-01T00:00:00Z,141,FALSE
233,,,2024-01-01T00:00:00Z,45,FALSE
233,,,2024-01-01T00:00:00Z,143,FALSE
233,,,2024-01-01T00:00:00Z,137,FALSE
233,,,2024-01-01T00:00:00Z,142,FALSE
233,,,2024-01-01T00:00:00Z,370,FALSE
233,,,2024-01-01T00:00:00Z,371,FALSE
233,,,2024-01-01T00:00:00Z,372,FALSE
233,,,2024-01-01T00:00:00Z,330,FALSE
233,,,2024-01-01T00:00:00Z,373,FALSE
233,,,2024-01-01T00:00:00Z,211,FALSE
233,,,2024-01-01T00:00:00Z,226,FALSE
233,,,2024-01-01T00:00:00Z,378,FALSE
233,,,2024-01-01T00:00:00Z,377,FALSE
233,,,2024-01-01T00:00:00Z,310,FALSE
233,,,2024-01-01T00:00:00Z,379,FALSE
233,,,2024-01-01T00:00:00Z,382,FALSE
233,,,2024-01-01T00:00:00Z,381,FALSE
233,,,2024-01-01T00:00:00Z,383,FALSE
233,,,2024-01-01T00:00:00Z,385,FALSE
233,,,2024-01-01T00:00:00Z,352,FALSE
233,,,2024-01-01T00:00:00Z,353,FALSE
233,,,2024-01-01T00:00:00Z,354,FALSE
233,,,2024-01-01T00:00:00Z,144,FALSE
233,,,2024-01-01T00:00:00Z,356,FALSE
233,,,2024-01-01T00:00:00Z,357,FALSE
233,,,2024-01-01T00:00:00Z,358,FALSE
233,,,2024-01-01T00:00:00Z,355,FALSE
233,,,2024-01-01T00:00:00Z,364,FALSE
233,,,2024-01-01T00:00:00Z,365,FALSE
233,,,2024-01-01T00:00:00Z,366,FALSE
233,,,2024-02-01T00:00:00Z,138,FALSE
233,,,2024-02-01T00:00:00Z,368,FALSE
233,,,2024-02-01T00:00:00Z,140,FALSE
233,,,2024-02-01T00:00:00Z,369,FALSE
233,,,2024-02-01T00:00:00Z,139,FALSE
233,,,2024-02-01T00:00:00Z,125,FALSE
233,,,2024-02-01T00:00:00Z,136,FALSE
233,,,2024-02-01T00:00:00Z,141,FALSE
233,,,2024-02-01T00:00:00Z,45,FALSE
233,,,2024-02-01T00:00:00Z,143,FALSE
233,,,2024-02-01T00:00:00Z,137,FALSE
233,,,2024-02-01T00:00:00Z,142,FALSE
233,,,2024-02-01T00:00:00Z,370,FALSE
233,,,2024-02-01T00:00:00Z,371,FALSE
233,,,2024-02-01T00:00:00Z,372,FALSE
233,,,2024-02-01T00:00:00Z,330,FALSE
233,,,2024-02-01T00:00:00Z,373,FALSE
233,,,2024-02-01T00:00:00Z,211,FALSE
233,,,2024-02-01T00:00:00Z,226,FALSE
233,,,2024-02-01T00:00:00Z,378,FALSE
233,,,2024-02-01T00:00:00Z,377,FALSE
233,,,2024-02-01T00:00:00Z,310,FALSE
233,,,2024-02-01T00:00:00Z,379,FALSE
233,,,2024-02-01T00:00:00Z,382,FALSE
233,,,2024-02-01T00:00:00Z,381,FALSE
233,,,2024-02-01T00:00:00Z,383,FALSE
233,,,2024-02-01T00:00:00Z,385,FALSE
233,,,2024-02-01T00:00:00Z,352,FALSE
233,,,2024-02-01T00:00:00Z,353,FALSE
233,,,2024-02-01T00:00:00Z,354,FALSE
233,,,2024-02-01T00:00:00Z,144,FALSE
233,,,2024-02-01T00:00:00Z,356,FALSE
233,,,2024-02-01T00:00:00Z,357,FALSE
233,,,2024-02-01T00:00:00Z,358,FALSE
233,,,2024-02-01T00:00:00Z,355,FALSE
233,,,2024-02-01T00:00:00Z,364,FALSE
233,,,2024-02-01T00:00:00Z,365,FALSE
233,,,2024-02-01T00:00:00Z,366,FALSE
233,,,2024-03-01T00:00:00Z,138,FALSE
233,,,2024-03-01T00:00:00Z,368,FALSE
233,,,2024-03-01T00:00:00Z,140,FALSE
233,,,2024-03-01T00:00:00Z,369,FALSE
233,,,2024-03-01T00:00:00Z,139,FALSE
233,,,2024-03-01T00:00:00Z,125,FALSE
233,,,2024-03-01T00:00:00Z,136,FALSE
233,,,2024-03-01T00:00:00Z,141,FALSE
233,,,2024-03-01T00:00:00Z,45,FALSE
233,,,2024-03-01T00:00:00Z,143,FALSE
233,,,2024-03-01T00:00:00Z,137,FALSE
233,,,2024-03-01T00:00:00Z,142,FALSE
233,,,2024-03-01T00:00:00Z,370,FALSE
233,,,2024-03-01T00:00:00Z,371,FALSE
233,,,2024-03-01T00:00:00Z,372,FALSE
233,,,2024-03-01T00:00:00Z,330,FALSE
233,,,2024-03-01T00:00:00Z,373,FALSE
233,,,2024-03-01T00:00:00Z,211,FALSE
233,,,2024-03-01T00:00:00Z,226,FALSE
233,,,2024-03-01T00:00:00Z,378,FALSE
233,,,2024-03-01T00:00:00Z,377,FALSE
233,,,2024-03-01T00:00:00Z,310,FALSE
233,,,2024-03-01T00:00:00Z,379,FALSE
233,,,2024-03-01T00:00:00Z,382,FALSE
233,,,2024-03-01T00:00:00Z,381,FALSE
233,,,2024-03-01T00:00:00Z,383,FALSE
233,,,2024-03-01T00:00:00Z,385,FALSE
233,,,2024-03-01T00:00:00Z,352,FALSE
233,,,2024-03-01T00:00:00Z,353,FALSE
233,,,2024-03-01T00:00:00Z,354,FALSE
233,,,2024-03-01T00:00:00Z,144,FALSE
233,,,2024-03-01T00:00:00Z,356,FALSE
233,,,2024-03-01T00:00:00Z,357,FALSE
233,,,2024-03-01T00:00:00Z,358,FALSE
233,,,2024-03-01T00:00:00Z,355,FALSE
233,,,2024-03-01T00:00:00Z,364,FALSE
233,,,2024-03-01T00:00:00Z,365,FALSE
233,,,2024-03-01T00:00:00Z,366,FALSE
233,,,2024-04-01T00:00:00Z,138,FALSE
233,,,2024-04-01T00:00:00Z,368,FALSE
233,,,2024-04-01T00:00:00Z,140,FALSE
233,,,2024-04-01T00:00:00Z,369,FALSE
233,,,2024-04-01T00:00:00Z,139,FALSE
233,,,2024-04-01T00:00:00Z,125,FALSE
233,,,2024-04-01T00:00:00Z,136,FALSE
233,,,2024-04-01T00:00:00Z,141,FALSE
233,,,2024-04-01T00:00:00Z,45,FALSE
233,,,2024-04-01T00:00:00Z,143,FALSE
233,,,2024-04-01T00:00:00Z,137,FALSE
233,,,2024-04-01T00:00:00Z,142,FALSE
233,,,2024-04-01T00:00:00Z,370,FALSE
233,,,2024-04-01T00:00:00Z,371,FALSE
233,,,2024-04-01T00:00:00Z,372,FALSE
233,,,2024-04-01T00:00:00Z,330,FALSE
233,,,2024-04-01T00:00:00Z,373,FALSE
233,,,2024-04-01T00:00:00Z,211,FALSE
233,,,2024-04-01T00:00:00Z,226,FALSE
233,,,2024-04-01T00:00:00Z,378,FALSE
233,,,2024-04-01T00:00:00Z,377,FALSE
233,,,2024-04-01T00:00:00Z,310,FALSE
233,,,2024-04-01T00:00:00Z,379,FALSE
233,,,2024-04-01T00:00:00Z,382,FALSE
233,,,2024-04-01T00:00:00Z,381,FALSE
233,,,2024-04-01T00:00:00Z,383,FALSE
233,,,2024-04-01T00:00:00Z,385,FALSE
233,,,2024-04-01T00:00:00Z,352,FALSE
233,,,2024-04-01T00:00:00Z,353,FALSE
233,,,2024-04-01T00:00:00Z,354,FALSE
233,,,2024-04-01T00:00:00Z,144,FALSE
233,,,2024-04-01T00:00:00Z,356,FALSE
233,,,2024-04-01T00:00:00Z,357,FALSE
233,,,2024-04-01T00:00:00Z,358,FALSE
233,,,2024-04-01T00:00:00Z,355,FALSE
233,,,2024-04-01T00:00:00Z,364,FALSE
233,,,2024-04-01T00:00:00Z,365,FALSE
233,,,2024-04-01T00:00:00Z,366,FALSE
233,,,2024-05-01T00:00:00Z,138,FALSE
233,,,2024-05-01T00:00:00Z,368,FALSE
233,,,2024-05-01T00:00:00Z,140,FALSE
233,,,2024-05-01T00:00:00Z,369,FALSE
233,,,2024-05-01T00:00:00Z,139,FALSE
233,,,2024-05-01T00:00:00Z,125,FALSE
233,,,2024-05-01T00:00:00Z,136,FALSE
233,,,2024-05-01T00:00:00Z,141,FALSE
233,,,2024-05-01T00:00:00Z,45,FALSE
233,,,2024-05-01T00:00:00Z,143,FALSE
233,,,2024-05-01T00:00:00Z,137,FALSE
233,,,2024-05-01T00:00:00Z,142,FALSE
233,,,2024-05-01T00:00:00Z,370,FALSE
233,,,2024-05-01T00:00:00Z,371,FALSE
233,,,2024-05-01T00:00:00Z,372,FALSE
233,,,2024-05-01T00:00:00Z,330,FALSE
233,,,2024-05-01T00:00:00Z,373,FALSE
233,,,2024-05-01T00:00:00Z,211,FALSE
233,,,2024-05-01T00:00:00Z,226,FALSE
233,,,2024-05-01T00:00:00Z,378,FALSE
233,,,2024-05-01T00:00:00Z,377,FALSE
233,,,2024-05-01T00:00:00Z,310,FALSE
233,,,2024-05-01T00:00:00Z,379,FALSE
233,,,2024-05-01T00:00:00Z,382,FALSE
233,,,2024-05-01T00:00:00Z,381,FALSE
233,,,2024-05-01T00:00:00Z,383,FALSE
233,,,2024-05-01T00:00:00Z,385,FALSE
233,,,2024-05-01T00:00:00Z,352,FALSE
233,,,2024-05-01T00:00:00Z,353,FALSE
233,,,2024-05-01T00:00:00Z,354,FALSE
233,,,2024-05-01T00:00:00Z,144,FALSE
233,,,2024-05-01T00:00:00Z,356,FALSE
233,,,2024-05-01T00:00:00Z,357,FALSE
233,,,2024-05-01T00:00:00Z,358,FALSE
233,,,2024-05-01T00:00:00Z,355,FALSE
233,,,2024-05-01T00:00:00Z,364,FALSE
233,,,2024-05-01T00:00:00Z,365,FALSE
233,,,2024-05-01T00:00:00Z,366,FALSE
233,,,2024-06-01T00:00:00Z,138,FALSE
233,,,2024-06-01T00:00:00Z,368,FALSE
233,,,2024-06-01T00:00:00Z,140,FALSE
233,,,2024-06-01T00:00:00Z,369,FALSE
233,,,2024-06-01T00:00:00Z,139,FALSE
233,,,2024-06-01T00:00:00Z,125,FALSE
233,,,2024-06-01T00:00:00Z,136,FALSE
233,,,2024-06-01T00:00:00Z,141,FALSE
233,,,2024-06-01T00:00:00Z,45,FALSE
233,,,2024-06-01T00:00:00Z,143,FALSE
233,,,2024-06-01T00:00:00Z,137,FALSE
233,,,2024-06-01T00:00:00Z,142,FALSE
233,,,2024-06-01T00:00:00Z,370,FALSE
233,,,2024-06-01T00:00:00Z,371,FALSE
233,,,2024-06-01T00:00:00Z,372,FALSE
233,,,2024-06-01T00:00:00Z,330,FALSE
233,,,2024-06-01T00:00:00Z,373,FALSE
233,,,2024-06-01T00:00:00Z,211,FALSE
233,,,2024-06-01T00:00:00Z,226,FALSE
233,,,2024-06-01T00:00:00Z,378,FALSE
233,,,2024-06-01T00:00:00Z,377,FALSE
233,,,2024-06-01T00:00:00Z,310,FALSE
233,,,2024-06-01T00:00:00Z,379,FALSE
233,,,2024-06-01T00:00:00Z,382,FALSE
233,,,2024-06-01T00:00:00Z,381,FALSE
233,,,2024-06-01T00:00:00Z,383,FALSE
233,,,2024-06-01T00:00:00Z,385,FALSE
233,,,2024-06-01T00:00:00Z,352,FALSE
233,,,2024-06-01T00:00:00Z,353,FALSE
233,,,2024-06-01T00:00:00Z,354,FALSE
233,,,2024-06-01T00:00:00Z,144,FALSE
233,,,2024-06-01T00:00:00Z,356,FALSE
233,,,2024-06-01T00:00:00Z,357,FALSE
233,,,2024-06-01T00:00:00Z,358,FALSE
233,,,2024-06-01T00:00:00Z,355,FALSE
233,,,2024-06-01T00:00:00Z,364,FALSE
233,,,2024-06-01T00:00:00Z,365,FALSE
233,,,2024-06-01T00:00:00Z,366,FALSE
233,,,2024-07-01T00:00:00Z,138,FALSE
233,,,2024-07-01T00:00:00Z,368,FALSE
233,,,2024-07-01T00:00:00Z,140,FALSE
233,,,2024-07-01T00:00:00Z,369,FALSE
233,,,2024-07-01T00:00:00Z,139,FALSE
233,,,2024-07-01T00:00:00Z,125,FALSE
233,,,2024-07-01T00:00:00Z,136,FALSE
233,,,2024-07-01T00:00:00Z,141,FALSE
233,,,2024-07-01T00:00:00Z,45,FALSE
233,,,2024-07-01T00:00:00Z,143,FALSE
233,,,2024-07-01T00:00:00Z,137,FALSE
233,,,2024-07-01T00:00:00Z,142,FALSE
233,,,2024-07-01T00:00:00Z,370,FALSE
233,,,2024-07-01T00:00:00Z,371,FALSE
233,,,2024-07-01T00:00:00Z,372,FALSE
233,,,2024-07-01T00:00:00Z,330,FALSE
233,,,2024-07-01T00:00:00Z,373,FALSE
233,,,2024-07-01T00:00:00Z,211,FALSE
233,,,2024-07-01T00:00:00Z,226,FALSE
233,,,2024-07-01T00:00:00Z,378,FALSE
233,,,2024-07-01T00:00:00Z,377,FALSE
233,,,2024-07-01T00:00:00Z,310,FALSE
233,,,2024-07-01T00:00:00Z,379,FALSE
233,,,2024-07-01T00:00:00Z,382,FALSE
233,,,2024-07-01T00:00:00Z,381,FALSE
233,,,2024-07-01T00:00:00Z,383,FALSE
233,,,2024-07-01T00:00:00Z,385,FALSE
233,,,2024-07-01T00:00:00Z,352,FALSE
233,,,2024-07-01T00:00:00Z,353,FALSE
233,,,2024-07-01T00:00:00Z,354,FALSE
233,,,2024-07-01T00:00:00Z,144,FALSE
233,,,2024-07-01T00:00:00Z,356,FALSE
233,,,2024-07-01T00:00:00Z,357,FALSE
233,,,2024-07-01T00:00:00Z,358,FALSE
233,,,2024-07-01T00:00:00Z,355,FALSE
233,,,2024-07-01T00:00:00Z,364,FALSE
233,,,2024-07-01T00:00:00Z,365,FALSE
233,,,2024-07-01T00:00:00Z,366,FALSE
233,,,2024-08-01T00:00:00Z,138,FALSE
233,,,2024-08-01T00:00:00Z,368,FALSE
233,,,2024-08-01T00:00:00Z,140,FALSE
233,,,2024-08-01T00:00:00Z,369,FALSE
233,,,2024-08-01T00:00:00Z,139,FALSE
233,,,2024-08-01T00:00:00Z,125,FALSE
233,,,2024-08-01T00:00:00Z,136,FALSE
233,,,2024-08-01T00:00:00Z,141,FALSE
233,,,2024-08-01T00:00:00Z,45,FALSE
233,,,2024-08-01T00:00:00Z,143,FALSE
233,,,2024-08-01T00:00:00Z,137,FALSE
233,,,2024-08-01T00:00:00Z,142,FALSE
233,,,2024-08-01T00:00:00Z,370,FALSE
233,,,2024-08-01T00:00:00Z,371,FALSE
233,,,2024-08-01T00:00:00Z,372,FALSE
233,,,2024-08-01T00:00:00Z,330,FALSE
233,,,2024-08-01T00:00:00Z,373,FALSE
233,,,2024-08-01T00:00:00Z,211,FALSE
233,,,2024-08-01T00:00:00Z,226,FALSE
233,,,2024-08-01T00:00:00Z,378,FALSE
233,,,2024-08-01T00:00:00Z,377,FALSE
233,,,2024-08-01T00:00:00Z,310,FALSE
233,,,2024-08-01T00:00:00Z,379,FALSE
233,,,2024-08-01T00:00:00Z,382,FALSE
233,,,2024-08-01T00:00:00Z,381,FALSE
233,,,2024-08-01T00:00:00Z,383,FALSE
233,,,2024-08-01T00:00:00Z,385,FALSE
233,,,2024-08-01T00:00:00Z,352,FALSE
233,,,2024-08-01T00:00:00Z,353,FALSE
233,,,2024-08-01T00:00:00Z,354,FALSE
233,,,2024-08-01T00:00:00Z,144,FALSE
233,,,2024-08-01T00:00:00Z,356,FALSE
233,,,2024-08-01T00:00:00Z,357,FALSE
233,,,2024-08-01T00:00:00Z,358,FALSE
233,,,2024-08-01T00:00:00Z,355,FALSE
233,,,2024-08-01T00:00:00Z,364,FALSE
233,,,2024-08-01T00:00:00Z,365,FALSE
233,,,2024-08-01T00:00:00Z,366,FALSE
233,,,2024-09-01T00:00:00Z,138,FALSE
233,,,2024-09-01T00:00:00Z,368,FALSE
233,,,2024-09-01T00:00:00Z,140,FALSE
233,,,2024-09-01T00:00:00Z,369,FALSE
233,,,2024-09-01T00:00:00Z,139,FALSE
233,,,2024-09-01T00:00:00Z,125,FALSE
233,,,2024-09-01T00:00:00Z,136,FALSE
233,,,2024-09-01T00:00:00Z,141,FALSE
233,,,2024-09-01T00:00:00Z,45,FALSE
233,,,2024-09-01T00:00:00Z,143,FALSE
233,,,2024-09-01T00:00:00Z,137,FALSE
233,,,2024-09-01T00:00:00Z,142,FALSE
233,,,2024-09-01T00:00:00Z,370,FALSE
233,,,2024-09-01T00:00:00Z,371,FALSE
233,,,2024-09-01T00:00:00Z,372,FALSE
233,,,2024-09-01T00:00:00Z,330,FALSE
233,,,2024-09-01T00:00:00Z,373,FALSE
233,,,2024-09-01T00:00:00Z,211,FALSE
233,,,2024-09-01T00:00:00Z,226,FALSE
233,,,2024-09-01T00:00:00Z,378,FALSE
233,,,2024-09-01T00:00:00Z,377,FALSE
233,,,2024-09-01T00:00:00Z,310,FALSE
233,,,2024-09-01T00:00:00Z,379,FALSE
233,,,2024-09-01T00:00:00Z,382,FALSE
233,,,2024-09-01T00:00:00Z,381,FALSE
233,,,2024-09-01T00:00:00Z,383,FALSE
233,,,2024-09-01T00:00:00Z,385,FALSE
233,,,2024-09-01T00:00:00Z,352,FALSE
233,,,2024-09-01T00:00:00Z,353,FALSE
233,,,2024-09-01T00:00:00Z,354,FALSE
233,,,2024-09-01T00:00:00Z,144,FALSE
233,,,2024-09-01T00:00:00Z,356,FALSE
233,,,2024-09-01T00:00:00Z,357,FALSE
233,,,2024-09-01T00:00:00Z,358,FALSE
233,,,2024-09-01T00:00:00Z,355,FALSE
233,,,2024-09-01T00:00:00Z,364,FALSE
233,,,2024-09-01T00:00:00Z,365,FALSE
233,,,2024-09-01T00:00:00Z,366,FALSE
233,,,2024-10-01T00:00:00Z,138,FALSE
233,,,2024-10-01T00:00:00Z,368,FALSE
233,,,2024-10-01T00:00:00Z,140,FALSE
233,,,2024-10-01T00:00:00Z,369,FALSE
233,,,2024-10-01T00:00:00Z,139,FALSE
233,,,2024-10-01T00:00:00Z,125,FALSE
233,,,2024-10-01T00:00:00Z,136,FALSE
233,,,2024-10-01T00:00:00Z,141,FALSE
233,,,2024-10-01T00:00:00Z,45,FALSE
233,,,2024-10-01T00:00:00Z,143,FALSE
233,,,2024-10-01T00:00:00Z,137,FALSE
233,,,2024-10-01T00:00:00Z,142,FALSE
233,,,2024-10-01T00:00:00Z,370,FALSE
233,,,2024-10-01T00:00:00Z,371,FALSE
233,,,2024-10-01T00:00:00Z,372,FALSE
233,,,2024-10-01T00:00:00Z,330,FALSE
233,,,2024-10-01T00:00:00Z,373,FALSE
233,,,2024-10-01T00:00:00Z,211,FALSE
233,,,2024-10-01T00:00:00Z,226,FALSE
233,,,2024-10-01T00:00:00Z,378,FALSE
233,,,2024-10-01T00:00:00Z,377,FALSE
233,,,2024-10-01T00:00:00Z,310,FALSE
233,,,2024-10-01T00:00:00Z,379,FALSE
233,,,2024-10-01T00:00:00Z,382,FALSE
233,,,2024-10-01T00:00:00Z,381,FALSE
233,,,2024-10-01T00:00:00Z,383,FALSE
233,,,2024-10-01T00:00:00Z,385,FALSE
233,,,2024-10-01T00:00:00Z,352,FALSE
233,,,2024-10-01T00:00:00Z,353,FALSE
233,,,2024-10-01T00:00:00Z,354,FALSE
233,,,2024-10-01T00:00:00Z,144,FALSE
233,,,2024-10-01T00:00:00Z,356,FALSE
233,,,2024-10-01T00:00:00Z,357,FALSE
233,,,2024-10-01T00:00:00Z,358,FALSE
233,,,2024-10-01T00:00:00Z,355,FALSE
233,,,2024-10-01T00:00:00Z,364,FALSE
233,,,2024-10-01T00:00:00Z,365,FALSE
233,,,2024-10-01T00:00:00Z,366,FALSE
233,,,2024-11-01T00:00:00Z,138,FALSE
233,,,2024-11-01T00:00:00Z,368,FALSE
233,,,2024-11-01T00:00:00Z,140,FALSE
233,,,2024-11-01T00:00:00Z,369,FALSE
233,,,2024-11-01T00:00:00Z,139,FALSE
233,,,2024-11-01T00:00:00Z,125,FALSE
233,,,2024-11-01T00:00:00Z,136,FALSE
233,,,2024-11-01T00:00:00Z,141,FALSE
233,,,2024-11-01T00:00:00Z,45,FALSE
233,,,2024-11-01T00:00:00Z,143,FALSE
233,,,2024-11-01T00:00:00Z,137,FALSE
233,,,2024-11-01T00:00:00Z,142,FALSE
233,,,2024-11-01T00:00:00Z,370,FALSE
233,,,2024-11-01T00:00:00Z,371,FALSE
233,,,2024-11-01T00:00:00Z,372,FALSE
233,,,2024-11-01T00:00:00Z,330,FALSE
233,,,2024-11-01T00:00:00Z,373,FALSE
233,,,2024-11-01T00:00:00Z,211,FALSE
233,,,2024-11-01T00:00:00Z,226,FALSE
233,,,2024-11-01T00:00:00Z,378,FALSE
233,,,2024-11-01T00:00:00Z,377,FALSE
233,,,2024-11-01T00:00:00Z,310,FALSE
233,,,2024-11-01T00:00:00Z,379,FALSE
233,,,2024-11-01T00:00:00Z,382,FALSE
233,,,2024-11-01T00:00:00Z,381,FALSE
233,,,2024-11-01T00:00:00Z,383,FALSE
233,,,2024-11-01T00:00:00Z,385,FALSE
233,,,2024-11-01T00:00:00Z,352,FALSE
233,,,2024-11-01T00:00:00Z,353,FALSE
233,,,2024-11-01T00:00:00Z,354,FALSE
233,,,2024-11-01T00:00:00Z,144,FALSE
233,,,2024-11-01T00:00:00Z,356,FALSE
233,,,2024-11-01T00:00:00Z,357,FALSE
233,,,2024-11-01T00:00:00Z,358,FALSE
233,,,2024-11-01T00:00:00Z,355,FALSE
233,,,2024-11-01T00:00:00Z,364,FALSE
233,,,2024-11-01T00:00:00Z,365,FALSE
233,,,2024-11-01T00:00:00Z,366,FALSE
233,,,2024-12-01T00:00:00Z,138,FALSE
233,,,2024-12-01T00:00:00Z,368,FALSE
233,,,2024-12-01T00:00:00Z,140,FALSE
233,,,2024-12-01T00:00:00Z,369,FALSE
233,,,2024-12-01T00:00:00Z,139,FALSE
233,,,2024-12-01T00:00:00Z,125,FALSE
233,,,2024-12-01T00:00:00Z,136,FALSE
233,,,2024-12-01T00:00:00Z,141,FALSE
233,,,2024-12-01T00:00:00Z,45,FALSE
233,,,2024-12-01T00:00:00Z,143,FALSE
233,,,2024-12-01T00:00:00Z,137,FALSE
233,,,2024-12-01T00:00:00Z,142,FALSE
233,,,2024-12-01T00:00:00Z,370,FALSE
233,,,2024-12-01T00:00:00Z,371,FALSE
233,,,2024-12-01T00:00:00Z,372,FALSE
233,,,2024-12-01T00:00:00Z,330,FALSE
233,,,2024-12-01T00:00:00Z,373,FALSE
233,,,2024-12-01T00:00:00Z,211,FALSE
233,,,2024-12-01T00:00:00Z,226,FALSE
233,,,2024-12-01T00:00:00Z,378,FALSE
233,,,2024-12-01T00:00:00Z,377,FALSE
233,,,2024-12-01T00:00:00Z,310,FALSE
233,,,2024-12-01T00:00:00Z,379,FALSE
233,,,2024-12-01T00:00:00Z,382,FALSE
233,,,2024-12-01T00:00:00Z,381,FALSE
233,,,2024-12-01T00:00:00Z,383,FALSE
233,,,2024-12-01T00:00:00Z,385,FALSE
233,,,2024-12-01T00:00:00Z,352,FALSE
233,,,2024-12-01T00:00:00Z,353,FALSE
233,,,2024-12-01T00:00:00Z,354,FALSE
233,,,2024-12-01T00:00:00Z,144,FALSE
233,,,2024-12-01T00:00:00Z,356,FALSE
233,,,2024-12-01T00:00:00Z,357,FALSE
233,,,2024-12-01T00:00:00Z,358,FALSE
233,,,2024-12-01T00:00:00Z,355,FALSE
233,,,2024-12-01T00:00:00Z,364,FALSE
233,,,2024-12-01T00:00:00Z,365,FALSE
233,,,2024-12-01T00:00:00Z,366,FALSE
310,,,2024-01-01T00:00:00Z,138,FALSE
310,,,2024-01-01T00:00:00Z,368,FALSE
310,,,2024-01-01T00:00:00Z,140,FALSE
310,,,2024-01-01T00:00:00Z,369,FALSE
310,,,2024-01-01T00:00:00Z,139,FALSE
310,,,2024-01-01T00:00:00Z,125,FALSE
310,,,2024-01-01T00:00:00Z,136,FALSE
310,,,2024-01-01T00:00:00Z,141,FALSE
310,,,2024-01-01T00:00:00Z,45,FALSE
310,,,2024-01-01T00:00:00Z,143,FALSE
310,,,2024-01-01T00:00:00Z,137,FALSE
310,,,2024-01-01T00:00:00Z,142,FALSE
310,,,2024-01-01T00:00:00Z,370,FALSE
310,,,2024-01-01T00:00:00Z,371,FALSE
310,,,2024-01-01T00:00:00Z,372,FALSE
310,,,2024-01-01T00:00:00Z,330,FALSE
310,,,2024-01-01T00:00:00Z,373,FALSE
310,,,2024-01-01T00:00:00Z,211,FALSE
310,,,2024-01-01T00:00:00Z,226,FALSE
310,,,2024-01-01T00:00:00Z,233,FALSE
310,,,2024-01-01T00:00:00Z,378,FALSE
310,,,2024-01-01T00:00:00Z,377,FALSE
310,,,2024-01-01T00:00:00Z,379,FALSE
310,,,2024-01-01T00:00:00Z,382,FALSE
310,,,2024-01-01T00:00:00Z,381,FALSE
310,,,2024-01-01T00:00:00Z,383,FALSE
310,,,2024-01-01T00:00:00Z,385,FALSE
310,,,2024-01-01T00:00:00Z,352,FALSE
310,,,2024-01-01T00:00:00Z,353,FALSE
310,,,2024-01-01T00:00:00Z,354,FALSE
310,,,2024-01-01T00:00:00Z,144,FALSE
310,,,2024-01-01T00:00:00Z,356,FALSE
310,,,2024-01-01T00:00:00Z,357,FALSE
310,,,2024-01-01T00:00:00Z,358,FALSE
310,,,2024-01-01T00:00:00Z,355,FALSE
310,,,2024-01-01T00:00:00Z,364,FALSE
310,,,2024-01-01T00:00:00Z,365,FALSE
310,,,2024-01-01T00:00:00Z,366,FALSE
310,,,2024-02-01T00:00:00Z,138,FALSE
310,,,2024-02-01T00:00:00Z,368,FALSE
310,,,2024-02-01T00:00:00Z,140,FALSE
310,,,2024-02-01T00:00:00Z,369,FALSE
310,,,2024-02-01T00:00:00Z,139,FALSE
310,,,2024-02-01T00:00:00Z,125,FALSE
310,,,2024-02-01T00:00:00Z,136,FALSE
310,,,2024-02-01T00:00:00Z,141,FALSE
310,,,2024-02-01T00:00:00Z,45,FALSE
310,,,2024-02-01T00:00:00Z,143,FALSE
310,,,2024-02-01T00:00:00Z,137,FALSE
310,,,2024-02-01T00:00:00Z,142,FALSE
310,,,2024-02-01T00:00:00Z,370,FALSE
310,,,2024-02-01T00:00:00Z,371,FALSE
310,,,2024-02-01T00:00:00Z,372,FALSE
310,,,2024-02-01T00:00:00Z,330,FALSE
310,,,2024-02-01T00:00:00Z,373,FALSE
310,,,2024-02-01T00:00:00Z,211,FALSE
310,,,2024-02-01T00:00:00Z,226,FALSE
310,,,2024-02-01T00:00:00Z,233,FALSE
310,,,2024-02-01T00:00:00Z,378,FALSE
310,,,2024-02-01T00:00:00Z,377,FALSE
310,,,2024-02-01T00:00:00Z,379,FALSE
310,,,2024-02-01T00:00:00Z,382,FALSE
310,,,2024-02-01T00:00:00Z,381,FALSE
310,,,2024-02-01T00:00:00Z,383,FALSE
310,,,2024-02-01T00:00:00Z,385,FALSE
310,,,2024-02-01T00:00:00Z,352,FALSE
310,,,2024-02-01T00:00:00Z,353,FALSE
310,,,2024-02-01T00:00:00Z,354,FALSE
310,,,2024-02-01T00:00:00Z,144,FALSE
310,,,2024-02-01T00:00:00Z,356,FALSE
310,,,2024-02-01T00:00:00Z,357,FALSE
310,,,2024-02-01T00:00:00Z,358,FALSE
310,,,2024-02-01T00:00:00Z,355,FALSE
310,,,2024-02-01T00:00:00Z,364,FALSE
310,,,2024-02-01T00:00:00Z,365,FALSE
310,,,2024-02-01T00:00:00Z,366,FALSE
310,,,2024-03-01T00:00:00Z,138,FALSE
310,,,2024-03-01T00:00:00Z,368,FALSE
310,,,2024-03-01T00:00:00Z,140,FALSE
310,,,2024-03-01T00:00:00Z,369,FALSE
310,,,2024-03-01T00:00:00Z,139,FALSE
310,,,2024-03-01T00:00:00Z,125,FALSE
310,,,2024-03-01T00:00:00Z,136,FALSE
310,,,2024-03-01T00:00:00Z,141,FALSE
310,,,2024-03-01T00:00:00Z,45,FALSE
310,,,2024-03-01T00:00:00Z,143,FALSE
310,,,2024-03-01T00:00:00Z,137,FALSE
310,,,2024-03-01T00:00:00Z,142,FALSE
310,,,2024-03-01T00:00:00Z,370,FALSE
310,,,2024-03-01T00:00:00Z,371,FALSE
310,,,2024-03-01T00:00:00Z,372,FALSE
310,,,2024-03-01T00:00:00Z,330,FALSE
310,,,2024-03-01T00:00:00Z,373,FALSE
310,,,2024-03-01T00:00:00Z,211,FALSE
310,,,2024-03-01T00:00:00Z,226,FALSE
310,,,2024-03-01T00:00:00Z,233,FALSE
310,,,2024-03-01T00:00:00Z,378,FALSE
310,,,2024-03-01T00:00:00Z,377,FALSE
310,,,2024-03-01T00:00:00Z,379,FALSE
310,,,2024-03-01T00:00:00Z,382,FALSE
310,,,2024-03-01T00:00:00Z,381,FALSE
310,,,2024-03-01T00:00:00Z,383,FALSE
310,,,2024-03-01T00:00:00Z,385,FALSE
310,,,2024-03-01T00:00:00Z,352,FALSE
310,,,2024-03-01T00:00:00Z,353,FALSE
310,,,2024-03-01T00:00:00Z,354,FALSE
310,,,2024-03-01T00:00:00Z,144,FALSE
310,,,2024-03-01T00:00:00Z,356,FALSE
310,,,2024-03-01T00:00:00Z,357,FALSE
310,,,2024-03-01T00:00:00Z,358,FALSE
310,,,2024-03-01T00:00:00Z,355,FALSE
310,,,2024-03-01T00:00:00Z,364,FALSE
310,,,2024-03-01T00:00:00Z,365,FALSE
310,,,2024-03-01T00:00:00Z,366,FALSE
310,,,2024-04-01T00:00:00Z,138,FALSE
310,,,2024-04-01T00:00:00Z,368,FALSE
310,,,2024-04-01T00:00:00Z,140,FALSE
310,,,2024-04-01T00:00:00Z,369,FALSE
310,,,2024-04-01T00:00:00Z,139,FALSE
310,,,2024-04-01T00:00:00Z,125,FALSE
310,,,2024-04-01T00:00:00Z,136,FALSE
310,,,2024-04-01T00:00:00Z,141,FALSE
310,,,2024-04-01T00:00:00Z,45,FALSE
310,,,2024-04-01T00:00:00Z,143,FALSE
310,,,2024-04-01T00:00:00Z,137,FALSE
310,,,2024-04-01T00:00:00Z,142,FALSE
310,,,2024-04-01T00:00:00Z,370,FALSE
310,,,2024-04-01T00:00:00Z,371,FALSE
310,,,2024-04-01T00:00:00Z,372,FALSE
310,,,2024-04-01T00:00:00Z,330,FALSE
310,,,2024-04-01T00:00:00Z,373,FALSE
310,,,2024-04-01T00:00:00Z,211,FALSE
310,,,2024-04-01T00:00:00Z,226,FALSE
310,,,2024-04-01T00:00:00Z,233,FALSE
310,,,2024-04-01T00:00:00Z,378,FALSE
310,,,2024-04-01T00:00:00Z,377,FALSE
310,,,2024-04-01T00:00:00Z,379,FALSE
310,,,2024-04-01T00:00:00Z,382,FALSE
310,,,2024-04-01T00:00:00Z,381,FALSE
310,,,2024-04-01T00:00:00Z,383,FALSE
310,,,2024-04-01T00:00:00Z,385,FALSE
310,,,2024-04-01T00:00:00Z,352,FALSE
310,,,2024-04-01T00:00:00Z,353,FALSE
310,,,2024-04-01T00:00:00Z,354,FALSE
310,,,2024-04-01T00:00:00Z,144,FALSE
310,,,2024-04-01T00:00:00Z,356,FALSE
310,,,2024-04-01T00:00:00Z,357,FALSE
310,,,2024-04-01T00:00:00Z,358,FALSE
310,,,2024-04-01T00:00:00Z,355,FALSE
310,,,2024-04-01T00:00:00Z,364,FALSE
310,,,2024-04-01T00:00:00Z,365,FALSE
310,,,2024-04-01T00:00:00Z,366,FALSE
310,,,2024-05-01T00:00:00Z,138,FALSE
310,,,2024-05-01T00:00:00Z,368,FALSE
310,,,2024-05-01T00:00:00Z,140,FALSE
310,,,2024-05-01T00:00:00Z,369,FALSE
310,,,2024-05-01T00:00:00Z,139,FALSE
310,,,2024-05-01T00:00:00Z,125,FALSE
310,,,2024-05-01T00:00:00Z,136,FALSE
310,,,2024-05-01T00:00:00Z,141,FALSE
310,,,2024-05-01T00:00:00Z,45,FALSE
310,,,2024-05-01T00:00:00Z,143,FALSE
310,,,2024-05-01T00:00:00Z,137,FALSE
310,,,2024-05-01T00:00:00Z,142,FALSE
310,,,2024-05-01T00:00:00Z,370,FALSE
310,,,2024-05-01T00:00:00Z,371,FALSE
310,,,2024-05-01T00:00:00Z,372,FALSE
310,,,2024-05-01T00:00:00Z,330,FALSE
310,,,2024-05-01T00:00:00Z,373,FALSE
310,,,2024-05-01T00:00:00Z,211,FALSE
310,,,2024-05-01T00:00:00Z,226,FALSE
310,,,2024-05-01T00:00:00Z,233,FALSE
310,,,2024-05-01T00:00:00Z,378,FALSE
310,,,2024-05-01T00:00:00Z,377,FALSE
310,,,2024-05-01T00:00:00Z,379,FALSE
310,,,2024-05-01T00:00:00Z,382,FALSE
310,,,2024-05-01T00:00:00Z,381,FALSE
310,,,2024-05-01T00:00:00Z,383,FALSE
310,,,2024-05-01T00:00:00Z,385,FALSE
310,,,2024-05-01T00:00:00Z,352,FALSE
310,,,2024-05-01T00:00:00Z,353,FALSE
310,,,2024-05-01T00:00:00Z,354,FALSE
310,,,2024-05-01T00:00:00Z,144,FALSE
310,,,2024-05-01T00:00:00Z,356,FALSE
310,,,2024-05-01T00:00:00Z,357,FALSE
310,,,2024-05-01T00:00:00Z,358,FALSE
310,,,2024-05-01T00:00:00Z,355,FALSE
310,,,2024-05-01T00:00:00Z,364,FALSE
310,,,2024-05-01T00:00:00Z,365,FALSE
310,,,2024-05-01T00:00:00Z,366,FALSE
310,,,2024-06-01T00:00:00Z,138,FALSE
310,,,2024-06-01T00:00:00Z,368,FALSE
310,,,2024-06-01T00:00:00Z,140,FALSE
310,,,2024-06-01T00:00:00Z,369,FALSE
310,,,2024-06-01T00:00:00Z,139,FALSE
310,,,2024-06-01T00:00:00Z,125,FALSE
310,,,2024-06-01T00:00:00Z,136,FALSE
310,,,2024-06-01T00:00:00Z,141,FALSE
310,,,2024-06-01T00:00:00Z,45,FALSE
310,,,2024-06-01T00:00:00Z,143,FALSE
310,,,2024-06-01T00:00:00Z,137,FALSE
310,,,2024-06-01T00:00:00Z,142,FALSE
310,,,2024-06-01T00:00:00Z,370,FALSE
310,,,2024-06-01T00:00:00Z,371,FALSE
310,,,2024-06-01T00:00:00Z,372,FALSE
310,,,2024-06-01T00:00:00Z,330,FALSE
310,,,2024-06-01T00:00:00Z,373,FALSE
310,,,2024-06-01T00:00:00Z,211,FALSE
310,,,2024-06-01T00:00:00Z,226,FALSE
310,,,2024-06-01T00:00:00Z,233,FALSE
310,,,2024-06-01T00:00:00Z,378,FALSE
310,,,2024-06-01T00:00:00Z,377,FALSE
310,,,2024-06-01T00:00:00Z,379,FALSE
310,,,2024-06-01T00:00:00Z,382,FALSE
310,,,2024-06-01T00:00:00Z,381,FALSE
310,,,2024-06-01T00:00:00Z,383,FALSE
310,,,2024-06-01T00:00:00Z,385,FALSE
310,,,2024-06-01T00:00:00Z,352,FALSE
310,,,2024-06-01T00:00:00Z,353,FALSE
310,,,2024-06-01T00:00:00Z,354,FALSE
310,,,2024-06-01T00:00:00Z,144,FALSE
310,,,2024-06-01T00:00:00Z,356,FALSE
310,,,2024-06-01T00:00:00Z,357,FALSE
310,,,2024-06-01T00:00:00Z,358,FALSE
310,,,2024-06-01T00:00:00Z,355,FALSE
310,,,2024-06-01T00:00:00Z,364,FALSE
310,,,2024-06-01T00:00:00Z,365,FALSE
310,,,2024-06-01T00:00:00Z,366,FALSE
310,,,2024-07-01T00:00:00Z,138,FALSE
310,,,2024-07-01T00:00:00Z,368,FALSE
310,,,2024-07-01T00:00:00Z,140,FALSE
310,,,2024-07-01T00:00:00Z,369,FALSE
310,,,2024-07-01T00:00:00Z,139,FALSE
310,,,2024-07-01T00:00:00Z,125,FALSE
310,,,2024-07-01T00:00:00Z,136,FALSE
310,,,2024-07-01T00:00:00Z,141,FALSE
310,,,2024-07-01T00:00:00Z,45,FALSE
310,,,2024-07-01T00:00:00Z,143,FALSE
310,,,2024-07-01T00:00:00Z,137,FALSE
310,,,2024-07-01T00:00:00Z,142,FALSE
310,,,2024-07-01T00:00:00Z,370,FALSE
310,,,2024-07-01T00:00:00Z,371,FALSE
310,,,2024-07-01T00:00:00Z,372,FALSE
310,,,2024-07-01T00:00:00Z,330,FALSE
310,,,2024-07-01T00:00:00Z,373,FALSE
310,,,2024-07-01T00:00:00Z,211,FALSE
310,,,2024-07-01T00:00:00Z,226,FALSE
310,,,2024-07-01T00:00:00Z,233,FALSE
310,,,2024-07-01T00:00:00Z,378,FALSE
310,,,2024-07-01T00:00:00Z,377,FALSE
310,,,2024-07-01T00:00:00Z,379,FALSE
310,,,2024-07-01T00:00:00Z,382,FALSE
310,,,2024-07-01T00:00:00Z,381,FALSE
310,,,2024-07-01T00:00:00Z,383,FALSE
310,,,2024-07-01T00:00:00Z,385,FALSE
310,,,2024-07-01T00:00:00Z,352,FALSE
310,,,2024-07-01T00:00:00Z,353,FALSE
310,,,2024-07-01T00:00:00Z,354,FALSE
310,,,2024-07-01T00:00:00Z,144,FALSE
310,,,2024-07-01T00:00:00Z,356,FALSE
310,,,2024-07-01T00:00:00Z,357,FALSE
310,,,2024-07-01T00:00:00Z,358,FALSE
310,,,2024-07-01T00:00:00Z,355,FALSE
310,,,2024-07-01T00:00:00Z,364,FALSE
310,,,2024-07-01T00:00:00Z,365,FALSE
310,,,2024-07-01T00:00:00Z,366,FALSE
310,,,2024-08-01T00:00:00Z,138,FALSE
310,,,2024-08-01T00:00:00Z,368,FALSE
310,,,2024-08-01T00:00:00Z,140,FALSE
310,,,2024-08-01T00:00:00Z,369,FALSE
310,,,2024-08-01T00:00:00Z,139,FALSE
310,,,2024-08-01T00:00:00Z,125,FALSE
310,,,2024-08-01T00:00:00Z,136,FALSE
310,,,2024-08-01T00:00:00Z,141,FALSE
310,,,2024-08-01T00:00:00Z,45,FALSE
310,,,2024-08-01T00:00:00Z,143,FALSE
310,,,2024-08-01T00:00:00Z,137,FALSE
310,,,2024-08-01T00:00:00Z,142,FALSE
310,,,2024-08-01T00:00:00Z,370,FALSE
310,,,2024-08-01T00:00:00Z,371,FALSE
310,,,2024-08-01T00:00:00Z,372,FALSE
310,,,2024-08-01T00:00:00Z,330,FALSE
310,,,2024-08-01T00:00:00Z,373,FALSE
310,,,2024-08-01T00:00:00Z,211,FALSE
310,,,2024-08-01T00:00:00Z,226,FALSE
310,,,2024-08-01T00:00:00Z,233,FALSE
310,,,2024-08-01T00:00:00Z,378,FALSE
310,,,2024-08-01T00:00:00Z,377,FALSE
310,,,2024-08-01T00:00:00Z,379,FALSE
310,,,2024-08-01T00:00:00Z,382,FALSE
310,,,2024-08-01T00:00:00Z,381,FALSE
310,,,2024-08-01T00:00:00Z,383,FALSE
310,,,2024-08-01T00:00:00Z,385,FALSE
310,,,2024-08-01T00:00:00Z,352,FALSE
310,,,2024-08-01T00:00:00Z,353,FALSE
310,,,2024-08-01T00:00:00Z,354,FALSE
310,,,2024-08-01T00:00:00Z,144,FALSE
310,,,2024-08-01T00:00:00Z,356,FALSE
310,,,2024-08-01T00:00:00Z,357,FALSE
310,,,2024-08-01T00:00:00Z,358,FALSE
310,,,2024-08-01T00:00:00Z,355,FALSE
310,,,2024-08-01T00:00:00Z,364,FALSE
310,,,2024-08-01T00:00:00Z,365,FALSE
310,,,2024-08-01T00:00:00Z,366,FALSE
310,,,2024-09-01T00:00:00Z,138,FALSE
310,,,2024-09-01T00:00:00Z,368,FALSE
310,,,2024-09-01T00:00:00Z,140,FALSE
310,,,2024-09-01T00:00:00Z,369,FALSE
310,,,2024-09-01T00:00:00Z,139,FALSE
310,,,2024-09-01T00:00:00Z,125,FALSE
310,,,2024-09-01T00:00:00Z,136,FALSE
310,,,2024-09-01T00:00:00Z,141,FALSE
310,,,2024-09-01T00:00:00Z,45,FALSE
310,,,2024-09-01T00:00:00Z,143,FALSE
310,,,2024-09-01T00:00:00Z,137,FALSE
310,,,2024-09-01T00:00:00Z,142,FALSE
310,,,2024-09-01T00:00:00Z,370,FALSE
310,,,2024-09-01T00:00:00Z,371,FALSE
310,,,2024-09-01T00:00:00Z,372,FALSE
310,,,2024-09-01T00:00:00Z,330,FALSE
310,,,2024-09-01T00:00:00Z,373,FALSE
310,,,2024-09-01T00:00:00Z,211,FALSE
310,,,2024-09-01T00:00:00Z,226,FALSE
310,,,2024-09-01T00:00:00Z,233,FALSE
310,,,2024-09-01T00:00:00Z,378,FALSE
310,,,2024-09-01T00:00:00Z,377,FALSE
310,,,2024-09-01T00:00:00Z,379,FALSE
310,,,2024-09-01T00:00:00Z,382,FALSE
310,,,2024-09-01T00:00:00Z,381,FALSE
310,,,2024-09-01T00:00:00Z,383,FALSE
310,,,2024-09-01T00:00:00Z,385,FALSE
310,,,2024-09-01T00:00:00Z,352,FALSE
310,,,2024-09-01T00:00:00Z,353,FALSE
310,,,2024-09-01T00:00:00Z,354,FALSE
310,,,2024-09-01T00:00:00Z,144,FALSE
310,,,2024-09-01T00:00:00Z,356,FALSE
310,,,2024-09-01T00:00:00Z,357,FALSE
310,,,2024-09-01T00:00:00Z,358,FALSE
310,,,2024-09-01T00:00:00Z,355,FALSE
310,,,2024-09-01T00:00:00Z,364,FALSE
310,,,2024-09-01T00:00:00Z,365,FALSE
310,,,2024-09-01T00:00:00Z,366,FALSE
310,,,2024-10-01T00:00:00Z,138,FALSE
310,,,2024-10-01T00:00:00Z,368,FALSE
310,,,2024-10-01T00:00:00Z,140,FALSE
310,,,2024-10-01T00:00:00Z,369,FALSE
310,,,2024-10-01T00:00:00Z,139,FALSE
310,,,2024-10-01T00:00:00Z,125,FALSE
310,,,2024-10-01T00:00:00Z,136,FALSE
310,,,2024-10-01T00:00:00Z,141,FALSE
310,,,2024-10-01T00:00:00Z,45,FALSE
310,,,2024-10-01T00:00:00Z,143,FALSE
310,,,2024-10-01T00:00:00Z,137,FALSE
310,,,2024-10-01T00:00:00Z,142,FALSE
310,,,2024-10-01T00:00:00Z,370,FALSE
310,,,2024-10-01T00:00:00Z,371,FALSE
310,,,2024-10-01T00:00:00Z,372,FALSE
310,,,2024-10-01T00:00:00Z,330,FALSE
310,,,2024-10-01T00:00:00Z,373,FALSE
310,,,2024-10-01T00:00:00Z,211,FALSE
310,,,2024-10-01T00:00:00Z,226,FALSE
310,,,2024-10-01T00:00:00Z,233,FALSE
310,,,2024-10-01T00:00:00Z,378,FALSE
310,,,2024-10-01T00:00:00Z,377,FALSE
310,,,2024-10-01T00:00:00Z,379,FALSE
310,,,2024-10-01T00:00:00Z,382,FALSE
310,,,2024-10-01T00:00:00Z,381,FALSE
310,,,2024-10-01T00:00:00Z,383,FALSE
310,,,2024-10-01T00:00:00Z,385,FALSE
310,,,2024-10-01T00:00:00Z,352,FALSE
310,,,2024-10-01T00:00:00Z,353,FALSE
310,,,2024-10-01T00:00:00Z,354,FALSE
310,,,2024-10-01T00:00:00Z,144,FALSE
310,,,2024-10-01T00:00:00Z,356,FALSE
310,,,2024-10-01T00:00:00Z,357,FALSE
310,,,2024-10-01T00:00:00Z,358,FALSE
310,,,2024-10-01T00:00:00Z,355,FALSE
310,,,2024-10-01T00:00:00Z,364,FALSE
310,,,2024-10-01T00:00:00Z,365,FALSE
310,,,2024-10-01T00:00:00Z,366,FALSE
310,,,2024-11-01T00:00:00Z,138,FALSE
310,,,2024-11-01T00:00:00Z,368,FALSE
310,,,2024-11-01T00:00:00Z,140,FALSE
310,,,2024-11-01T00:00:00Z,369,FALSE
310,,,2024-11-01T00:00:00Z,139,FALSE
310,,,2024-11-01T00:00:00Z,125,FALSE
310,,,2024-11-01T00:00:00Z,136,FALSE
310,,,2024-11-01T00:00:00Z,141,FALSE
310,,,2024-11-01T00:00:00Z,45,FALSE
310,,,2024-11-01T00:00:00Z,143,FALSE
310,,,2024-11-01T00:00:00Z,137,FALSE
310,,,2024-11-01T00:00:00Z,142,FALSE
310,,,2024-11-01T00:00:00Z,370,FALSE
310,,,2024-11-01T00:00:00Z,371,FALSE
310,,,2024-11-01T00:00:00Z,372,FALSE
310,,,2024-11-01T00:00:00Z,330,FALSE
310,,,2024-11-01T00:00:00Z,373,FALSE
310,,,2024-11-01T00:00:00Z,211,FALSE
310,,,2024-11-01T00:00:00Z,226,FALSE
310,,,2024-11-01T00:00:00Z,233,FALSE
310,,,2024-11-01T00:00:00Z,378,FALSE
310,,,2024-11-01T00:00:00Z,377,FALSE
310,,,2024-11-01T00:00:00Z,379,FALSE
310,,,2024-11-01T00:00:00Z,382,FALSE
310,,,2024-11-01T00:00:00Z,381,FALSE
310,,,2024-11-01T00:00:00Z,383,FALSE
310,,,2024-11-01T00:00:00Z,385,FALSE
310,,,2024-11-01T00:00:00Z,352,FALSE
310,,,2024-11-01T00:00:00Z,353,FALSE
310,,,2024-11-01T00:00:00Z,354,FALSE
310,,,2024-11-01T00:00:00Z,144,FALSE
310,,,2024-11-01T00:00:00Z,356,FALSE
310,,,2024-11-01T00:00:00Z,357,FALSE
310,,,2024-11-01T00:00:00Z,358,FALSE
310,,,2024-11-01T00:00:00Z,355,FALSE
310,,,2024-11-01T00:00:00Z,364,FALSE
310,,,2024-11-01T00:00:00Z,365,FALSE
310,,,2024-11-01T00:00:00Z,366,FALSE
310,,,2024-12-01T00:00:00Z,138,FALSE
310,,,2024-12-01T00:00:00Z,368,FALSE
310,,,2024-12-01T00:00:00Z,140,FALSE
310,,,2024-12-01T00:00:00Z,369,FALSE
310,,,2024-12-01T00:00:00Z,139,FALSE
310,,,2024-12-01T00:00:00Z,125,FALSE
310,,,2024-12-01T00:00:00Z,136,FALSE
310,,,2024-12-01T00:00:00Z,141,FALSE
310,,,2024-12-01T00:00:00Z,45,FALSE
310,,,2024-12-01T00:00:00Z,143,FALSE
310,,,2024-12-01T00:00:00Z,137,FALSE
310,,,2024-12-01T00:00:00Z,142,FALSE
310,,,2024-12-01T00:00:00Z,370,FALSE
310,,,2024-12-01T00:00:00Z,371,FALSE
310,,,2024-12-01T00:00:00Z,372,FALSE
310,,,2024-12-01T00:00:00Z,330,FALSE
310,,,2024-12-01T00:00:00Z,373,FALSE
310,,,2024-12-01T00:00:00Z,211,FALSE
310,,,2024-12-01T00:00:00Z,226,FALSE
310,,,2024-12-01T00:00:00Z,233,FALSE
310,,,2024-12-01T00:00:00Z,378,FALSE
310,,,2024-12-01T00:00:00Z,377,FALSE
310,,,2024-12-01T00:00:00Z,379,FALSE
310,,,2024-12-01T00:00:00Z,382,FALSE
310,,,2024-12-01T00:00:00Z,381,FALSE
310,,,2024-12-01T00:00:00Z,383,FALSE
310,,,2024-12-01T00:00:00Z,385,FALSE
310,,,2024-12-01T00:00:00Z,352,FALSE
310,,,2024-12-01T00:00:00Z,353,FALSE
310,,,2024-12-01T00:00:00Z,354,FALSE
310,,,2024-12-01T00:00:00Z,144,FALSE
310,,,2024-12-01T00:00:00Z,356,FALSE
310,,,2024-12-01T00:00:00Z,357,FALSE
310,,,2024-12-01T00:00:00Z,358,FALSE
310,,,2024-12-01T00:00:00Z,355,FALSE
310,,,2024-12-01T00:00:00Z,364,FALSE
310,,,2024-12-01T00:00:00Z,365,FALSE
310,,,2024-12-01T00:00:00Z,366,FALSE
330,,,2024-01-01T00:00:00Z,138,FALSE
330,,,2024-01-01T00:00:00Z,368,FALSE
330,,,2024-01-01T00:00:00Z,140,FALSE
330,,,2024-01-01T00:00:00Z,369,FALSE
330,,,2024-01-01T00:00:00Z,139,FALSE
330,,,2024-01-01T00:00:00Z,125,FALSE
330,,,2024-01-01T00:00:00Z,136,FALSE
330,,,2024-01-01T00:00:00Z,141,FALSE
330,,,2024-01-01T00:00:00Z,45,FALSE
330,,,2024-01-01T00:00:00Z,143,FALSE
330,,,2024-01-01T00:00:00Z,137,FALSE
330,,,2024-01-01T00:00:00Z,142,FALSE
330,,,2024-01-01T00:00:00Z,370,FALSE
330,,,2024-01-01T00:00:00Z,371,FALSE
330,,,2024-01-01T00:00:00Z,372,FALSE
330,,,2024-01-01T00:00:00Z,373,FALSE
330,,,2024-01-01T00:00:00Z,211,FALSE
330,,,2024-01-01T00:00:00Z,226,FALSE
330,,,2024-01-01T00:00:00Z,233,FALSE
330,,,2024-01-01T00:00:00Z,378,FALSE
330,,,2024-01-01T00:00:00Z,377,FALSE
330,,,2024-01-01T00:00:00Z,310,FALSE
330,,,2024-01-01T00:00:00Z,379,FALSE
330,,,2024-01-01T00:00:00Z,382,FALSE
330,,,2024-01-01T00:00:00Z,381,FALSE
330,,,2024-01-01T00:00:00Z,383,FALSE
330,,,2024-01-01T00:00:00Z,385,FALSE
330,,,2024-01-01T00:00:00Z,352,FALSE
330,,,2024-01-01T00:00:00Z,353,FALSE
330,,,2024-01-01T00:00:00Z,354,FALSE
330,,,2024-01-01T00:00:00Z,144,FALSE
330,,,2024-01-01T00:00:00Z,356,FALSE
330,,,2024-01-01T00:00:00Z,357,FALSE
330,,,2024-01-01T00:00:00Z,358,FALSE
330,,,2024-01-01T00:00:00Z,355,FALSE
330,,,2024-01-01T00:00:00Z,364,FALSE
330,,,2024-01-01T00:00:00Z,365,FALSE
330,,,2024-01-01T00:00:00Z,366,FALSE
330,,,2024-02-01T00:00:00Z,138,FALSE
330,,,2024-02-01T00:00:00Z,368,FALSE
330,,,2024-02-01T00:00:00Z,140,FALSE
330,,,2024-02-01T00:00:00Z,369,FALSE
330,,,2024-02-01T00:00:00Z,139,FALSE
330,,,2024-02-01T00:00:00Z,125,FALSE
330,,,2024-02-01T00:00:00Z,136,FALSE
330,,,2024-02-01T00:00:00Z,141,FALSE
330,,,2024-02-01T00:00:00Z,45,FALSE
330,,,2024-02-01T00:00:00Z,143,FALSE
330,,,2024-02-01T00:00:00Z,137,FALSE
330,,,2024-02-01T00:00:00Z,142,FALSE
330,,,2024-02-01T00:00:00Z,370,FALSE
330,,,2024-02-01T00:00:00Z,371,FALSE
330,,,2024-02-01T00:00:00Z,372,FALSE
330,,,2024-02-01T00:00:00Z,373,FALSE
330,,,2024-02-01T00:00:00Z,211,FALSE
330,,,2024-02-01T00:00:00Z,226,FALSE
330,,,2024-02-01T00:00:00Z,233,FALSE
330,,,2024-02-01T00:00:00Z,378,FALSE
330,,,2024-02-01T00:00:00Z,377,FALSE
330,,,2024-02-01T00:00:00Z,310,FALSE
330,,,2024-02-01T00:00:00Z,379,FALSE
330,,,2024-02-01T00:00:00Z,382,FALSE
330,,,2024-02-01T00:00:00Z,381,FALSE
330,,,2024-02-01T00:00:00Z,383,FALSE
330,,,2024-02-01T00:00:00Z,385,FALSE
330,,,2024-02-01T00:00:00Z,352,FALSE
330,,,2024-02-01T00:00:00Z,353,FALSE
330,,,2024-02-01T00:00:00Z,354,FALSE
330,,,2024-02-01T00:00:00Z,144,FALSE
330,,,2024-02-01T00:00:00Z,356,FALSE
330,,,2024-02-01T00:00:00Z,357,FALSE
330,,,2024-02-01T00:00:00Z,358,FALSE
330,,,2024-02-01T00:00:00Z,355,FALSE
330,,,2024-02-01T00:00:00Z,364,FALSE
330,,,2024-02-01T00:00:00Z,365,FALSE
330,,,2024-02-01T00:00:00Z,366,FALSE
330,,,2024-03-01T00:00:00Z,138,FALSE
330,,,2024-03-01T00:00:00Z,368,FALSE
330,,,2024-03-01T00:00:00Z,140,FALSE
330,,,2024-03-01T00:00:00Z,369,FALSE
330,,,2024-03-01T00:00:00Z,139,FALSE
330,,,2024-03-01T00:00:00Z,125,FALSE
330,,,2024-03-01T00:00:00Z,136,FALSE
330,,,2024-03-01T00:00:00Z,141,FALSE
330,,,2024-03-01T00:00:00Z,45,FALSE
330,,,2024-03-01T00:00:00Z,143,FALSE
330,,,2024-03-01T00:00:00Z,137,FALSE
330,,,2024-03-01T00:00:00Z,142,FALSE
330,,,2024-03-01T00:00:00Z,370,FALSE
330,,,2024-03-01T00:00:00Z,371,FALSE
330,,,2024-03-01T00:00:00Z,372,FALSE
330,,,2024-03-01T00:00:00Z,373,FALSE
330,,,2024-03-01T00:00:00Z,211,FALSE
330,,,2024-03-01T00:00:00Z,226,FALSE
330,,,2024-03-01T00:00:00Z,233,FALSE
330,,,2024-03-01T00:00:00Z,378,FALSE
330,,,2024-03-01T00:00:00Z,377,FALSE
330,,,2024-03-01T00:00:00Z,310,FALSE
330,,,2024-03-01T00:00:00Z,379,FALSE
330,,,2024-03-01T00:00:00Z,382,FALSE
330,,,2024-03-01T00:00:00Z,381,FALSE
330,,,2024-03-01T00:00:00Z,383,FALSE
330,,,2024-03-01T00:00:00Z,385,FALSE
330,,,2024-03-01T00:00:00Z,352,FALSE
330,,,2024-03-01T00:00:00Z,353,FALSE
330,,,2024-03-01T00:00:00Z,354,FALSE
330,,,2024-03-01T00:00:00Z,144,FALSE
330,,,2024-03-01T00:00:00Z,356,FALSE
330,,,2024-03-01T00:00:00Z,357,FALSE
330,,,2024-03-01T00:00:00Z,358,FALSE
330,,,2024-03-01T00:00:00Z,355,FALSE
330,,,2024-03-01T00:00:00Z,364,FALSE
330,,,2024-03-01T00:00:00Z,365,FALSE
330,,,2024-03-01T00:00:00Z,366,FALSE
330,,,2024-04-01T00:00:00Z,138,FALSE
330,,,2024-04-01T00:00:00Z,368,FALSE
330,,,2024-04-01T00:00:00Z,140,FALSE
330,,,2024-04-01T00:00:00Z,369,FALSE
330,,,2024-04-01T00:00:00Z,139,FALSE
330,,,2024-04-01T00:00:00Z,125,FALSE
330,,,2024-04-01T00:00:00Z,136,FALSE
330,,,2024-04-01T00:00:00Z,141,FALSE
330,,,2024-04-01T00:00:00Z,45,FALSE
330,,,2024-04-01T00:00:00Z,143,FALSE
330,,,2024-04-01T00:00:00Z,137,FALSE
330,,,2024-04-01T00:00:00Z,142,FALSE
330,,,2024-04-01T00:00:00Z,370,FALSE
330,,,2024-04-01T00:00:00Z,371,FALSE
330,,,2024-04-01T00:00:00Z,372,FALSE
330,,,2024-04-01T00:00:00Z,373,FALSE
330,,,2024-04-01T00:00:00Z,211,FALSE
330,,,2024-04-01T00:00:00Z,226,FALSE
330,,,2024-04-01T00:00:00Z,233,FALSE
330,,,2024-04-01T00:00:00Z,378,FALSE
330,,,2024-04-01T00:00:00Z,377,FALSE
330,,,2024-04-01T00:00:00Z,310,FALSE
330,,,2024-04-01T00:00:00Z,379,FALSE
330,,,2024-04-01T00:00:00Z,382,FALSE
330,,,2024-04-01T00:00:00Z,381,FALSE
330,,,2024-04-01T00:00:00Z,383,FALSE
330,,,2024-04-01T00:00:00Z,385,FALSE
330,,,2024-04-01T00:00:00Z,352,FALSE
330,,,2024-04-01T00:00:00Z,353,FALSE
330,,,2024-04-01T00:00:00Z,354,FALSE
330,,,2024-04-01T00:00:00Z,144,FALSE
330,,,2024-04-01T00:00:00Z,356,FALSE
330,,,2024-04-01T00:00:00Z,357,FALSE
330,,,2024-04-01T00:00:00Z,358,FALSE
330,,,2024-04-01T00:00:00Z,355,FALSE
330,,,2024-04-01T00:00:00Z,364,FALSE
330,,,2024-04-01T00:00:00Z,365,FALSE
330,,,2024-04-01T00:00:00Z,366,FALSE
330,,,2024-05-01T00:00:00Z,138,FALSE
330,,,2024-05-01T00:00:00Z,368,FALSE
330,,,2024-05-01T00:00:00Z,140,FALSE
330,,,2024-05-01T00:00:00Z,369,FALSE
330,,,2024-05-01T00:00:00Z,139,FALSE
330,,,2024-05-01T00:00:00Z,125,FALSE
330,,,2024-05-01T00:00:00Z,136,FALSE
330,,,2024-05-01T00:00:00Z,141,FALSE
330,,,2024-05-01T00:00:00Z,45,FALSE
330,,,2024-05-01T00:00:00Z,143,FALSE
330,,,2024-05-01T00:00:00Z,137,FALSE
330,,,2024-05-01T00:00:00Z,142,FALSE
330,,,2024-05-01T00:00:00Z,370,FALSE
330,,,2024-05-01T00:00:00Z,371,FALSE
330,,,2024-05-01T00:00:00Z,372,FALSE
330,,,2024-05-01T00:00:00Z,373,FALSE
330,,,2024-05-01T00:00:00Z,211,FALSE
330,,,2024-05-01T00:00:00Z,226,FALSE
330,,,2024-05-01T00:00:00Z,233,FALSE
330,,,2024-05-01T00:00:00Z,378,FALSE
330,,,2024-05-01T00:00:00Z,377,FALSE
330,,,2024-05-01T00:00:00Z,310,FALSE
330,,,2024-05-01T00:00:00Z,379,FALSE
330,,,2024-05-01T00:00:00Z,382,FALSE
330,,,2024-05-01T00:00:00Z,381,FALSE
330,,,2024-05-01T00:00:00Z,383,FALSE
330,,,2024-05-01T00:00:00Z,385,FALSE
330,,,2024-05-01T00:00:00Z,352,FALSE
330,,,2024-05-01T00:00:00Z,353,FALSE
330,,,2024-05-01T00:00:00Z,354,FALSE
330,,,2024-05-01T00:00:00Z,144,FALSE
330,,,2024-05-01T00:00:00Z,356,FALSE
330,,,2024-05-01T00:00:00Z,357,FALSE
330,,,2024-05-01T00:00:00Z,358,FALSE
330,,,2024-05-01T00:00:00Z,355,FALSE
330,,,2024-05-01T00:00:00Z,364,FALSE
330,,,2024-05-01T00:00:00Z,365,FALSE
330,,,2024-05-01T00:00:00Z,366,FALSE
330,,,2024-06-01T00:00:00Z,138,FALSE
330,,,2024-06-01T00:00:00Z,368,FALSE
330,,,2024-06-01T00:00:00Z,140,FALSE
330,,,2024-06-01T00:00:00Z,369,FALSE
330,,,2024-06-01T00:00:00Z,139,FALSE
330,,,2024-06-01T00:00:00Z,125,FALSE
330,,,2024-06-01T00:00:00Z,136,FALSE
330,,,2024-06-01T00:00:00Z,141,FALSE
330,,,2024-06-01T00:00:00Z,45,FALSE
330,,,2024-06-01T00:00:00Z,143,FALSE
330,,,2024-06-01T00:00:00Z,137,FALSE
330,,,2024-06-01T00:00:00Z,142,FALSE
330,,,2024-06-01T00:00:00Z,370,FALSE
330,,,2024-06-01T00:00:00Z,371,FALSE
330,,,2024-06-01T00:00:00Z,372,FALSE
330,,,2024-06-01T00:00:00Z,373,FALSE
330,,,2024-06-01T00:00:00Z,211,FALSE
330,,,2024-06-01T00:00:00Z,226,FALSE
330,,,2024-06-01T00:00:00Z,233,FALSE
330,,,2024-06-01T00:00:00Z,378,FALSE
330,,,2024-06-01T00:00:00Z,377,FALSE
330,,,2024-06-01T00:00:00Z,310,FALSE
330,,,2024-06-01T00:00:00Z,379,FALSE
330,,,2024-06-01T00:00:00Z,382,FALSE
330,,,2024-06-01T00:00:00Z,381,FALSE
330,,,2024-06-01T00:00:00Z,383,FALSE
330,,,2024-06-01T00:00:00Z,385,FALSE
330,,,2024-06-01T00:00:00Z,352,FALSE
330,,,2024-06-01T00:00:00Z,353,FALSE
330,,,2024-06-01T00:00:00Z,354,FALSE
330,,,2024-06-01T00:00:00Z,144,FALSE
330,,,2024-06-01T00:00:00Z,356,FALSE
330,,,2024-06-01T00:00:00Z,357,FALSE
330,,,2024-06-01T00:00:00Z,358,FALSE
330,,,2024-06-01T00:00:00Z,355,FALSE
330,,,2024-06-01T00:00:00Z,364,FALSE
330,,,2024-06-01T00:00:00Z,365,FALSE
330,,,2024-06-01T00:00:00Z,366,FALSE
330,,,2024-07-01T00:00:00Z,138,FALSE
330,,,2024-07-01T00:00:00Z,368,FALSE
330,,,2024-07-01T00:00:00Z,140,FALSE
330,,,2024-07-01T00:00:00Z,369,FALSE
330,,,2024-07-01T00:00:00Z,139,FALSE
330,,,2024-07-01T00:00:00Z,125,FALSE
330,,,2024-07-01T00:00:00Z,136,FALSE
330,,,2024-07-01T00:00:00Z,141,FALSE
330,,,2024-07-01T00:00:00Z,45,FALSE
330,,,2024-07-01T00:00:00Z,143,FALSE
330,,,2024-07-01T00:00:00Z,137,FALSE
330,,,2024-07-01T00:00:00Z,142,FALSE
330,,,2024-07-01T00:00:00Z,370,FALSE
330,,,2024-07-01T00:00:00Z,371,FALSE
330,,,2024-07-01T00:00:00Z,372,FALSE
330,,,2024-07-01T00:00:00Z,373,FALSE
330,,,2024-07-01T00:00:00Z,211,FALSE
330,,,2024-07-01T00:00:00Z,226,FALSE
330,,,2024-07-01T00:00:00Z,233,FALSE
330,,,2024-07-01T00:00:00Z,378,FALSE
330,,,2024-07-01T00:00:00Z,377,FALSE
330,,,2024-07-01T00:00:00Z,310,FALSE
330,,,2024-07-01T00:00:00Z,379,FALSE
330,,,2024-07-01T00:00:00Z,382,FALSE
330,,,2024-07-01T00:00:00Z,381,FALSE
330,,,2024-07-01T00:00:00Z,383,FALSE
330,,,2024-07-01T00:00:00Z,385,FALSE
330,,,2024-07-01T00:00:00Z,352,FALSE
330,,,2024-07-01T00:00:00Z,353,FALSE
330,,,2024-07-01T00:00:00Z,354,FALSE
330,,,2024-07-01T00:00:00Z,144,FALSE
330,,,2024-07-01T00:00:00Z,356,FALSE
330,,,2024-07-01T00:00:00Z,357,FALSE
330,,,2024-07-01T00:00:00Z,358,FALSE
330,,,2024-07-01T00:00:00Z,355,FALSE
330,,,2024-07-01T00:00:00Z,364,FALSE
330,,,2024-07-01T00:00:00Z,365,FALSE
330,,,2024-07-01T00:00:00Z,366,FALSE
330,,,2024-08-01T00:00:00Z,138,FALSE
330,,,2024-08-01T00:00:00Z,368,FALSE
330,,,2024-08-01T00:00:00Z,140,FALSE
330,,,2024-08-01T00:00:00Z,369,FALSE
330,,,2024-08-01T00:00:00Z,139,FALSE
330,,,2024-08-01T00:00:00Z,125,FALSE
330,,,2024-08-01T00:00:00Z,136,FALSE
330,,,2024-08-01T00:00:00Z,141,FALSE
330,,,2024-08-01T00:00:00Z,45,FALSE
330,,,2024-08-01T00:00:00Z,143,FALSE
330,,,2024-08-01T00:00:00Z,137,FALSE
330,,,2024-08-01T00:00:00Z,142,FALSE
330,,,2024-08-01T00:00:00Z,370,FALSE
330,,,2024-08-01T00:00:00Z,371,FALSE
330,,,2024-08-01T00:00:00Z,372,FALSE
330,,,2024-08-01T00:00:00Z,373,FALSE
330,,,2024-08-01T00:00:00Z,211,FALSE
330,,,2024-08-01T00:00:00Z,226,FALSE
330,,,2024-08-01T00:00:00Z,233,FALSE
330,,,2024-08-01T00:00:00Z,378,FALSE
330,,,2024-08-01T00:00:00Z,377,FALSE
330,,,2024-08-01T00:00:00Z,310,FALSE
330,,,2024-08-01T00:00:00Z,379,FALSE
330,,,2024-08-01T00:00:00Z,382,FALSE
330,,,2024-08-01T00:00:00Z,381,FALSE
330,,,2024-08-01T00:00:00Z,383,FALSE
330,,,2024-08-01T00:00:00Z,385,FALSE
330,,,2024-08-01T00:00:00Z,352,FALSE
330,,,2024-08-01T00:00:00Z,353,FALSE
330,,,2024-08-01T00:00:00Z,354,FALSE
330,,,2024-08-01T00:00:00Z,144,FALSE
330,,,2024-08-01T00:00:00Z,356,FALSE
330,,,2024-08-01T00:00:00Z,357,FALSE
330,,,2024-08-01T00:00:00Z,358,FALSE
330,,,2024-08-01T00:00:00Z,355,FALSE
330,,,2024-08-01T00:00:00Z,364,FALSE
330,,,2024-08-01T00:00:00Z,365,FALSE
330,,,2024-08-01T00:00:00Z,366,FALSE
330,,,2024-09-01T00:00:00Z,138,FALSE
330,,,2024-09-01T00:00:00Z,368,FALSE
330,,,2024-09-01T00:00:00Z,140,FALSE
330,,,2024-09-01T00:00:00Z,369,FALSE
330,,,2024-09-01T00:00:00Z,139,FALSE
330,,,2024-09-01T00:00:00Z,125,FALSE
330,,,2024-09-01T00:00:00Z,136,FALSE
330,,,2024-09-01T00:00:00Z,141,FALSE
330,,,2024-09-01T00:00:00Z,45,FALSE
330,,,2024-09-01T00:00:00Z,143,FALSE
330,,,2024-09-01T00:00:00Z,137,FALSE
330,,,2024-09-01T00:00:00Z,142,FALSE
330,,,2024-09-01T00:00:00Z,370,FALSE
330,,,2024-09-01T00:00:00Z,371,FALSE
330,,,2024-09-01T00:00:00Z,372,FALSE
330,,,2024-09-01T00:00:00Z,373,FALSE
330,,,2024-09-01T00:00:00Z,211,FALSE
330,,,2024-09-01T00:00:00Z,226,FALSE
330,,,2024-09-01T00:00:00Z,233,FALSE
330,,,2024-09-01T00:00:00Z,378,FALSE
330,,,2024-09-01T00:00:00Z,377,FALSE
330,,,2024-09-01T00:00:00Z,310,FALSE
330,,,2024-09-01T00:00:00Z,379,FALSE
330,,,2024-09-01T00:00:00Z,382,FALSE
330,,,2024-09-01T00:00:00Z,381,FALSE
330,,,2024-09-01T00:00:00Z,383,FALSE
330,,,2024-09-01T00:00:00Z,385,FALSE
330,,,2024-09-01T00:00:00Z,352,FALSE
330,,,2024-09-01T00:00:00Z,353,FALSE
330,,,2024-09-01T00:00:00Z,354,FALSE
330,,,2024-09-01T00:00:00Z,144,FALSE
330,,,2024-09-01T00:00:00Z,356,FALSE
330,,,2024-09-01T00:00:00Z,357,FALSE
330,,,2024-09-01T00:00:00Z,358,FALSE
330,,,2024-09-01T00:00:00Z,355,FALSE
330,,,2024-09-01T00:00:00Z,364,FALSE
330,,,2024-09-01T00:00:00Z,365,FALSE
330,,,2024-09-01T00:00:00Z,366,FALSE
330,,,2024-10-01T00:00:00Z,138,FALSE
330,,,2024-10-01T00:00:00Z,368,FALSE
330,,,2024-10-01T00:00:00Z,140,FALSE
330,,,2024-10-01T00:00:00Z,369,FALSE
330,,,2024-10-01T00:00:00Z,139,FALSE
330,,,2024-10-01T00:00:00Z,125,FALSE
330,,,2024-10-01T00:00:00Z,136,FALSE
330,,,2024-10-01T00:00:00Z,141,FALSE
330,,,2024-10-01T00:00:00Z,45,FALSE
330,,,2024-10-01T00:00:00Z,143,FALSE
330,,,2024-10-01T00:00:00Z,137,FALSE
330,,,2024-10-01T00:00:00Z,142,FALSE
330,,,2024-10-01T00:00:00Z,370,FALSE
330,,,2024-10-01T00:00:00Z,371,FALSE
330,,,2024-10-01T00:00:00Z,372,FALSE
330,,,2024-10-01T00:00:00Z,373,FALSE
330,,,2024-10-01T00:00:00Z,211,FALSE
330,,,2024-10-01T00:00:00Z,226,FALSE
330,,,2024-10-01T00:00:00Z,233,FALSE
330,,,2024-10-01T00:00:00Z,378,FALSE
330,,,2024-10-01T00:00:00Z,377,FALSE
330,,,2024-10-01T00:00:00Z,310,FALSE
330,,,2024-10-01T00:00:00Z,379,FALSE
330,,,2024-10-01T00:00:00Z,382,FALSE
330,,,2024-10-01T00:00:00Z,381,FALSE
330,,,2024-10-01T00:00:00Z,383,FALSE
330,,,2024-10-01T00:00:00Z,385,FALSE
330,,,2024-10-01T00:00:00Z,352,FALSE
330,,,2024-10-01T00:00:00Z,353,FALSE
330,,,2024-10-01T00:00:00Z,354,FALSE
330,,,2024-10-01T00:00:00Z,144,FALSE
330,,,2024-10-01T00:00:00Z,356,FALSE
330,,,2024-10-01T00:00:00Z,357,FALSE
330,,,2024-10-01T00:00:00Z,358,FALSE
330,,,2024-10-01T00:00:00Z,355,FALSE
330,,,2024-10-01T00:00:00Z,364,FALSE
330,,,2024-10-01T00:00:00Z,365,FALSE
330,,,2024-10-01T00:00:00Z,366,FALSE
330,,,2024-11-01T00:00:00Z,138,FALSE
330,,,2024-11-01T00:00:00Z,368,FALSE
330,,,2024-11-01T00:00:00Z,140,FALSE
330,,,2024-11-01T00:00:00Z,369,FALSE
330,,,2024-11-01T00:00:00Z,139,FALSE
330,,,2024-11-01T00:00:00Z,125,FALSE
330,,,2024-11-01T00:00:00Z,136,FALSE
330,,,2024-11-01T00:00:00Z,141,FALSE
330,,,2024-11-01T00:00:00Z,45,FALSE
330,,,2024-11-01T00:00:00Z,143,FALSE
330,,,2024-11-01T00:00:00Z,137,FALSE
330,,,2024-11-01T00:00:00Z,142,FALSE
330,,,2024-11-01T00:00:00Z,370,FALSE
330,,,2024-11-01T00:00:00Z,371,FALSE
330,,,2024-11-01T00:00:00Z,372,FALSE
330,,,2024-11-01T00:00:00Z,373,FALSE
330,,,2024-11-01T00:00:00Z,211,FALSE
330,,,2024-11-01T00:00:00Z,226,FALSE
330,,,2024-11-01T00:00:00Z,233,FALSE
330,,,2024-11-01T00:00:00Z,378,FALSE
330,,,2024-11-01T00:00:00Z,377,FALSE
330,,,2024-11-01T00:00:00Z,310,FALSE
330,,,2024-11-01T00:00:00Z,379,FALSE
330,,,2024-11-01T00:00:00Z,382,FALSE
330,,,2024-11-01T00:00:00Z,381,FALSE
330,,,2024-11-01T00:00:00Z,383,FALSE
330,,,2024-11-01T00:00:00Z,385,FALSE
330,,,2024-11-01T00:00:00Z,352,FALSE
330,,,2024-11-01T00:00:00Z,353,FALSE
330,,,2024-11-01T00:00:00Z,354,FALSE
330,,,2024-11-01T00:00:00Z,144,FALSE
330,,,2024-11-01T00:00:00Z,356,FALSE
330,,,2024-11-01T00:00:00Z,357,FALSE
330,,,2024-11-01T00:00:00Z,358,FALSE
330,,,2024-11-01T00:00:00Z,355,FALSE
330,,,2024-11-01T00:00:00Z,364,FALSE
330,,,2024-11-01T00:00:00Z,365,FALSE
330,,,2024-11-01T00:00:00Z,366,FALSE
330,,,2024-12-01T00:00:00Z,138,FALSE
330,,,2024-12-01T00:00:00Z,368,FALSE
330,,,2024-12-01T00:00:00Z,140,FALSE
330,,,2024-12-01T00:00:00Z,369,FALSE
330,,,2024-12-01T00:00:00Z,139,FALSE
330,,,2024-12-01T00:00:00Z,125,FALSE
330,,,2024-12-01T00:00:00Z,136,FALSE
330,,,2024-12-01T00:00:00Z,141,FALSE
330,,,2024-12-01T00:00:00Z,45,FALSE
330,,,2024-12-01T00:00:00Z,143,FALSE
330,,,2024-12-01T00:00:00Z,137,FALSE
330,,,2024-12-01T00:00:00Z,142,FALSE
330,,,2024-12-01T00:00:00Z,370,FALSE
330,,,2024-12-01T00:00:00Z,371,FALSE
330,,,2024-12-01T00:00:00Z,372,FALSE
330,,,2024-12-01T00:00:00Z,373,FALSE
330,,,2024-12-01T00:00:00Z,211,FALSE
330,,,2024-12-01T00:00:00Z,226,FALSE
330,,,2024-12-01T00:00:00Z,233,FALSE
330,,,2024-12-01T00:00:00Z,378,FALSE
330,,,2024-12-01T00:00:00Z,377,FALSE
330,,,2024-12-01T00:00:00Z,310,FALSE
330,,,2024-12-01T00:00:00Z,379,FALSE
330,,,2024-12-01T00:00:00Z,382,FALSE
330,,,2024-12-01T00:00:00Z,381,FALSE
330,,,2024-12-01T00:00:00Z,383,FALSE
330,,,2024-12-01T00:00:00Z,385,FALSE
330,,,2024-12-01T00:00:00Z,352,FALSE
330,,,2024-12-01T00:00:00Z,353,FALSE
330,,,2024-12-01T00:00:00Z,354,FALSE
330,,,2024-12-01T00:00:00Z,144,FALSE
330,,,2024-12-01T00:00:00Z,356,FALSE
330,,,2024-12-01T00:00:00Z,357,FALSE
330,,,2024-12-01T00:00:00Z,358,FALSE
330,,,2024-12-01T00:00:00Z,355,FALSE
330,,,2024-12-01T00:00:00Z,364,FALSE
330,,,2024-12-01T00:00:00Z,365,FALSE
330,,,2024-12-01T00:00:00Z,366,FALSE
352,,,2024-01-01T00:00:00Z,138,FALSE
352,,,2024-01-01T00:00:00Z,368,FALSE
352,,,2024-01-01T00:00:00Z,140,FALSE
352,,,2024-01-01T00:00:00Z,369,FALSE
352,,,2024-01-01T00:00:00Z,139,FALSE
352,,,2024-01-01T00:00:00Z,125,FALSE
352,,,2024-01-01T00:00:00Z,136,FALSE
352,,,2024-01-01T00:00:00Z,141,FALSE
352,,,2024-01-01T00:00:00Z,45,FALSE
352,,,2024-01-01T00:00:00Z,143,FALSE
352,,,2024-01-01T00:00:00Z,137,FALSE
352,,,2024-01-01T00:00:00Z,142,FALSE
352,,,2024-01-01T00:00:00Z,370,FALSE
352,,,2024-01-01T00:00:00Z,371,FALSE
352,,,2024-01-01T00:00:00Z,372,FALSE
352,,,2024-01-01T00:00:00Z,330,FALSE
352,,,2024-01-01T00:00:00Z,373,FALSE
352,,,2024-01-01T00:00:00Z,211,FALSE
352,,,2024-01-01T00:00:00Z,226,FALSE
352,,,2024-01-01T00:00:00Z,233,FALSE
352,,,2024-01-01T00:00:00Z,378,FALSE
352,,,2024-01-01T00:00:00Z,377,FALSE
352,,,2024-01-01T00:00:00Z,310,FALSE
352,,,2024-01-01T00:00:00Z,379,FALSE
352,,,2024-01-01T00:00:00Z,382,FALSE
352,,,2024-01-01T00:00:00Z,381,FALSE
352,,,2024-01-01T00:00:00Z,383,FALSE
352,,,2024-01-01T00:00:00Z,385,FALSE
352,,,2024-01-01T00:00:00Z,353,FALSE
352,,,2024-01-01T00:00:00Z,354,FALSE
352,,,2024-01-01T00:00:00Z,144,FALSE
352,,,2024-01-01T00:00:00Z,356,FALSE
352,,,2024-01-01T00:00:00Z,357,FALSE
352,,,2024-01-01T00:00:00Z,358,FALSE
352,,,2024-01-01T00:00:00Z,355,FALSE
352,,,2024-01-01T00:00:00Z,364,FALSE
352,,,2024-01-01T00:00:00Z,365,FALSE
352,,,2024-01-01T00:00:00Z,366,FALSE
352,,,2024-02-01T00:00:00Z,138,FALSE
352,,,2024-02-01T00:00:00Z,368,FALSE
352,,,2024-02-01T00:00:00Z,140,FALSE
352,,,2024-02-01T00:00:00Z,369,FALSE
352,,,2024-02-01T00:00:00Z,139,FALSE
352,,,2024-02-01T00:00:00Z,125,FALSE
352,,,2024-02-01T00:00:00Z,136,FALSE
352,,,2024-02-01T00:00:00Z,141,FALSE
352,,,2024-02-01T00:00:00Z,45,FALSE
352,,,2024-02-01T00:00:00Z,143,FALSE
352,,,2024-02-01T00:00:00Z,137,FALSE
352,,,2024-02-01T00:00:00Z,142,FALSE
352,,,2024-02-01T00:00:00Z,370,FALSE
352,,,2024-02-01T00:00:00Z,371,FALSE
352,,,2024-02-01T00:00:00Z,372,FALSE
352,,,2024-02-01T00:00:00Z,330,FALSE
352,,,2024-02-01T00:00:00Z,373,FALSE
352,,,2024-02-01T00:00:00Z,211,FALSE
352,,,2024-02-01T00:00:00Z,226,FALSE
352,,,2024-02-01T00:00:00Z,233,FALSE
352,,,2024-02-01T00:00:00Z,378,FALSE
352,,,2024-02-01T00:00:00Z,377,FALSE
352,,,2024-02-01T00:00:00Z,310,FALSE
352,,,2024-02-01T00:00:00Z,379,FALSE
352,,,2024-02-01T00:00:00Z,382,FALSE
352,,,2024-02-01T00:00:00Z,381,FALSE
352,,,2024-02-01T00:00:00Z,383,FALSE
352,,,2024-02-01T00:00:00Z,385,FALSE
352,,,2024-02-01T00:00:00Z,353,FALSE
352,,,2024-02-01T00:00:00Z,354,FALSE
352,,,2024-02-01T00:00:00Z,144,FALSE
352,,,2024-02-01T00:00:00Z,356,FALSE
352,,,2024-02-01T00:00:00Z,357,FALSE
352,,,2024-02-01T00:00:00Z,358,FALSE
352,,,2024-02-01T00:00:00Z,355,FALSE
352,,,2024-02-01T00:00:00Z,364,FALSE
352,,,2024-02-01T00:00:00Z,365,FALSE
352,,,2024-02-01T00:00:00Z,366,FALSE
352,,,2024-03-01T00:00:00Z,138,FALSE
352,,,2024-03-01T00:00:00Z,368,FALSE
352,,,2024-03-01T00:00:00Z,140,FALSE
352,,,2024-03-01T00:00:00Z,369,FALSE
352,,,2024-03-01T00:00:00Z,139,FALSE
352,,,2024-03-01T00:00:00Z,125,FALSE
352,,,2024-03-01T00:00:00Z,136,FALSE
352,,,2024-03-01T00:00:00Z,141,FALSE
352,,,2024-03-01T00:00:00Z,45,FALSE
352,,,2024-03-01T00:00:00Z,143,FALSE
352,,,2024-03-01T00:00:00Z,137,FALSE
352,,,2024-03-01T00:00:00Z,142,FALSE
352,,,2024-03-01T00:00:00Z,370,FALSE
352,,,2024-03-01T00:00:00Z,371,FALSE
352,,,2024-03-01T00:00:00Z,372,FALSE
352,,,2024-03-01T00:00:00Z,330,FALSE
352,,,2024-03-01T00:00:00Z,373,FALSE
352,,,2024-03-01T00:00:00Z,211,FALSE
352,,,2024-03-01T00:00:00Z,226,FALSE
352,,,2024-03-01T00:00:00Z,233,FALSE
352,,,2024-03-01T00:00:00Z,378,FALSE
352,,,2024-03-01T00:00:00Z,377,FALSE
352,,,2024-03-01T00:00:00Z,310,FALSE
352,,,2024-03-01T00:00:00Z,379,FALSE
352,,,2024-03-01T00:00:00Z,382,FALSE
352,,,2024-03-01T00:00:00Z,381,FALSE
352,,,2024-03-01T00:00:00Z,383,FALSE
352,,,2024-03-01T00:00:00Z,385,FALSE
352,,,2024-03-01T00:00:00Z,353,FALSE
352,,,2024-03-01T00:00:00Z,354,FALSE
352,,,2024-03-01T00:00:00Z,144,FALSE
352,,,2024-03-01T00:00:00Z,356,FALSE
352,,,2024-03-01T00:00:00Z,357,FALSE
352,,,2024-03-01T00:00:00Z,358,FALSE
352,,,2024-03-01T00:00:00Z,355,FALSE
352,,,2024-03-01T00:00:00Z,364,FALSE
352,,,2024-03-01T00:00:00Z,365,FALSE
352,,,2024-03-01T00:00:00Z,366,FALSE
352,,,2024-04-01T00:00:00Z,138,FALSE
352,,,2024-04-01T00:00:00Z,368,FALSE
352,,,2024-04-01T00:00:00Z,140,FALSE
352,,,2024-04-01T00:00:00Z,369,FALSE
352,,,2024-04-01T00:00:00Z,139,FALSE
352,,,2024-04-01T00:00:00Z,125,FALSE
352,,,2024-04-01T00:00:00Z,136,FALSE
352,,,2024-04-01T00:00:00Z,141,FALSE
352,,,2024-04-01T00:00:00Z,45,FALSE
352,,,2024-04-01T00:00:00Z,143,FALSE
352,,,2024-04-01T00:00:00Z,137,FALSE
352,,,2024-04-01T00:00:00Z,142,FALSE
352,,,2024-04-01T00:00:00Z,370,FALSE
352,,,2024-04-01T00:00:00Z,371,FALSE
352,,,2024-04-01T00:00:00Z,372,FALSE
352,,,2024-04-01T00:00:00Z,330,FALSE
352,,,2024-04-01T00:00:00Z,373,FALSE
352,,,2024-04-01T00:00:00Z,211,FALSE
352,,,2024-04-01T00:00:00Z,226,FALSE
352,,,2024-04-01T00:00:00Z,233,FALSE
352,,,2024-04-01T00:00:00Z,378,FALSE
352,,,2024-04-01T00:00:00Z,377,FALSE
352,,,2024-04-01T00:00:00Z,310,FALSE
352,,,2024-04-01T00:00:00Z,379,FALSE
352,,,2024-04-01T00:00:00Z,382,FALSE
352,,,2024-04-01T00:00:00Z,381,FALSE
352,,,2024-04-01T00:00:00Z,383,FALSE
352,,,2024-04-01T00:00:00Z,385,FALSE
352,,,2024-04-01T00:00:00Z,353,FALSE
352,,,2024-04-01T00:00:00Z,354,FALSE
352,,,2024-04-01T00:00:00Z,144,FALSE
352,,,2024-04-01T00:00:00Z,356,FALSE
352,,,2024-04-01T00:00:00Z,357,FALSE
352,,,2024-04-01T00:00:00Z,358,FALSE
352,,,2024-04-01T00:00:00Z,355,FALSE
352,,,2024-04-01T00:00:00Z,364,FALSE
352,,,2024-04-01T00:00:00Z,365,FALSE
352,,,2024-04-01T00:00:00Z,366,FALSE
352,,,2024-05-01T00:00:00Z,138,FALSE
352,,,2024-05-01T00:00:00Z,368,FALSE
352,,,2024-05-01T00:00:00Z,140,FALSE
352,,,2024-05-01T00:00:00Z,369,FALSE
352,,,2024-05-01T00:00:00Z,139,FALSE
352,,,2024-05-01T00:00:00Z,125,FALSE
352,,,2024-05-01T00:00:00Z,136,FALSE
352,,,2024-05-01T00:00:00Z,141,FALSE
352,,,2024-05-01T00:00:00Z,45,FALSE
352,,,2024-05-01T00:00:00Z,143,FALSE
352,,,2024-05-01T00:00:00Z,137,FALSE
352,,,2024-05-01T00:00:00Z,142,FALSE
352,,,2024-05-01T00:00:00Z,370,FALSE
352,,,2024-05-01T00:00:00Z,371,FALSE
352,,,2024-05-01T00:00:00Z,372,FALSE
352,,,2024-05-01T00:00:00Z,330,FALSE
352,,,2024-05-01T00:00:00Z,373,FALSE
352,,,2024-05-01T00:00:00Z,211,FALSE
352,,,2024-05-01T00:00:00Z,226,FALSE
352,,,2024-05-01T00:00:00Z,233,FALSE
352,,,2024-05-01T00:00:00Z,378,FALSE
352,,,2024-05-01T00:00:00Z,377,FALSE
352,,,2024-05-01T00:00:00Z,310,FALSE
352,,,2024-05-01T00:00:00Z,379,FALSE
352,,,2024-05-01T00:00:00Z,382,FALSE
352,,,2024-05-01T00:00:00Z,381,FALSE
352,,,2024-05-01T00:00:00Z,383,FALSE
352,,,2024-05-01T00:00:00Z,385,FALSE
352,,,2024-05-01T00:00:00Z,353,FALSE
352,,,2024-05-01T00:00:00Z,354,FALSE
352,,,2024-05-01T00:00:00Z,144,FALSE
352,,,2024-05-01T00:00:00Z,356,FALSE
352,,,2024-05-01T00:00:00Z,357,FALSE
352,,,2024-05-01T00:00:00Z,358,FALSE
352,,,2024-05-01T00:00:00Z,355,FALSE
352,,,2024-05-01T00:00:00Z,364,FALSE
352,,,2024-05-01T00:00:00Z,365,FALSE
352,,,2024-05-01T00:00:00Z,366,FALSE
352,,,2024-06-01T00:00:00Z,138,FALSE
352,,,2024-06-01T00:00:00Z,368,FALSE
352,,,2024-06-01T00:00:00Z,140,FALSE
352,,,2024-06-01T00:00:00Z,369,FALSE
352,,,2024-06-01T00:00:00Z,139,FALSE
352,,,2024-06-01T00:00:00Z,125,FALSE
352,,,2024-06-01T00:00:00Z,136,FALSE
352,,,2024-06-01T00:00:00Z,141,FALSE
352,,,2024-06-01T00:00:00Z,45,FALSE
352,,,2024-06-01T00:00:00Z,143,FALSE
352,,,2024-06-01T00:00:00Z,137,FALSE
352,,,2024-06-01T00:00:00Z,142,FALSE
352,,,2024-06-01T00:00:00Z,370,FALSE
352,,,2024-06-01T00:00:00Z,371,FALSE
352,,,2024-06-01T00:00:00Z,372,FALSE
352,,,2024-06-01T00:00:00Z,330,FALSE
352,,,2024-06-01T00:00:00Z,373,FALSE
352,,,2024-06-01T00:00:00Z,211,FALSE
352,,,2024-06-01T00:00:00Z,226,FALSE
352,,,2024-06-01T00:00:00Z,233,FALSE
352,,,2024-06-01T00:00:00Z,378,FALSE
352,,,2024-06-01T00:00:00Z,377,FALSE
352,,,2024-06-01T00:00:00Z,310,FALSE
352,,,2024-06-01T00:00:00Z,379,FALSE
352,,,2024-06-01T00:00:00Z,382,FALSE
352,,,2024-06-01T00:00:00Z,381,FALSE
352,,,2024-06-01T00:00:00Z,383,FALSE
352,,,2024-06-01T00:00:00Z,385,FALSE
352,,,2024-06-01T00:00:00Z,353,FALSE
352,,,2024-06-01T00:00:00Z,354,FALSE
352,,,2024-06-01T00:00:00Z,144,FALSE
352,,,2024-06-01T00:00:00Z,356,FALSE
352,,,2024-06-01T00:00:00Z,357,FALSE
352,,,2024-06-01T00:00:00Z,358,FALSE
352,,,2024-06-01T00:00:00Z,355,FALSE
352,,,2024-06-01T00:00:00Z,364,FALSE
352,,,2024-06-01T00:00:00Z,365,FALSE
352,,,2024-06-01T00:00:00Z,366,FALSE
352,,,2024-07-01T00:00:00Z,138,FALSE
352,,,2024-07-01T00:00:00Z,368,FALSE
352,,,2024-07-01T00:00:00Z,140,FALSE
352,,,2024-07-01T00:00:00Z,369,FALSE
352,,,2024-07-01T00:00:00Z,139,FALSE
352,,,2024-07-01T00:00:00Z,125,FALSE
352,,,2024-07-01T00:00:00Z,136,FALSE
352,,,2024-07-01T00:00:00Z,141,FALSE
352,,,2024-07-01T00:00:00Z,45,FALSE
352,,,2024-07-01T00:00:00Z,143,FALSE
352,,,2024-07-01T00:00:00Z,137,FALSE
352,,,2024-07-01T00:00:00Z,142,FALSE
352,,,2024-07-01T00:00:00Z,370,FALSE
352,,,2024-07-01T00:00:00Z,371,FALSE
352,,,2024-07-01T00:00:00Z,372,FALSE
352,,,2024-07-01T00:00:00Z,330,FALSE
352,,,2024-07-01T00:00:00Z,373,FALSE
352,,,2024-07-01T00:00:00Z,211,FALSE
352,,,2024-07-01T00:00:00Z,226,FALSE
352,,,2024-07-01T00:00:00Z,233,FALSE
352,,,2024-07-01T00:00:00Z,378,FALSE
352,,,2024-07-01T00:00:00Z,377,FALSE
352,,,2024-07-01T00:00:00Z,310,FALSE
352,,,2024-07-01T00:00:00Z,379,FALSE
352,,,2024-07-01T00:00:00Z,382,FALSE
352,,,2024-07-01T00:00:00Z,381,FALSE
352,,,2024-07-01T00:00:00Z,383,FALSE
352,,,2024-07-01T00:00:00Z,385,FALSE
352,,,2024-07-01T00:00:00Z,353,FALSE
352,,,2024-07-01T00:00:00Z,354,FALSE
352,,,2024-07-01T00:00:00Z,144,FALSE
352,,,2024-07-01T00:00:00Z,356,FALSE
352,,,2024-07-01T00:00:00Z,357,FALSE
352,,,2024-07-01T00:00:00Z,358,FALSE
352,,,2024-07-01T00:00:00Z,355,FALSE
352,,,2024-07-01T00:00:00Z,364,FALSE
352,,,2024-07-01T00:00:00Z,365,FALSE
352,,,2024-07-01T00:00:00Z,366,FALSE
352,,,2024-08-01T00:00:00Z,138,FALSE
352,,,2024-08-01T00:00:00Z,368,FALSE
352,,,2024-08-01T00:00:00Z,140,FALSE
352,,,2024-08-01T00:00:00Z,369,FALSE
352,,,2024-08-01T00:00:00Z,139,FALSE
352,,,2024-08-01T00:00:00Z,125,FALSE
352,,,2024-08-01T00:00:00Z,136,FALSE
352,,,2024-08-01T00:00:00Z,141,FALSE
352,,,2024-08-01T00:00:00Z,45,FALSE
352,,,2024-08-01T00:00:00Z,143,FALSE
352,,,2024-08-01T00:00:00Z,137,FALSE
352,,,2024-08-01T00:00:00Z,142,FALSE
352,,,2024-08-01T00:00:00Z,370,FALSE
352,,,2024-08-01T00:00:00Z,371,FALSE
352,,,2024-08-01T00:00:00Z,372,FALSE
352,,,2024-08-01T00:00:00Z,330,FALSE
352,,,2024-08-01T00:00:00Z,373,FALSE
352,,,2024-08-01T00:00:00Z,211,FALSE
352,,,2024-08-01T00:00:00Z,226,FALSE
352,,,2024-08-01T00:00:00Z,233,FALSE
352,,,2024-08-01T00:00:00Z,378,FALSE
352,,,2024-08-01T00:00:00Z,377,FALSE
352,,,2024-08-01T00:00:00Z,310,FALSE
352,,,2024-08-01T00:00:00Z,379,FALSE
352,,,2024-08-01T00:00:00Z,382,FALSE
352,,,2024-08-01T00:00:00Z,381,FALSE
352,,,2024-08-01T00:00:00Z,383,FALSE
352,,,2024-08-01T00:00:00Z,385,FALSE
352,,,2024-08-01T00:00:00Z,353,FALSE
352,,,2024-08-01T00:00:00Z,354,FALSE
352,,,2024-08-01T00:00:00Z,144,FALSE
352,,,2024-08-01T00:00:00Z,356,FALSE
352,,,2024-08-01T00:00:00Z,357,FALSE
352,,,2024-08-01T00:00:00Z,358,FALSE
352,,,2024-08-01T00:00:00Z,355,FALSE
352,,,2024-08-01T00:00:00Z,364,FALSE
352,,,2024-08-01T00:00:00Z,365,FALSE
352,,,2024-08-01T00:00:00Z,366,FALSE
352,,,2024-09-01T00:00:00Z,138,FALSE
352,,,2024-09-01T00:00:00Z,368,FALSE
352,,,2024-09-01T00:00:00Z,140,FALSE
352,,,2024-09-01T00:00:00Z,369,FALSE
352,,,2024-09-01T00:00:00Z,139,FALSE
352,,,2024-09-01T00:00:00Z,125,FALSE
352,,,2024-09-01T00:00:00Z,136,FALSE
352,,,2024-09-01T00:00:00Z,141,FALSE
352,,,2024-09-01T00:00:00Z,45,FALSE
352,,,2024-09-01T00:00:00Z,143,FALSE
352,,,2024-09-01T00:00:00Z,137,FALSE
352,,,2024-09-01T00:00:00Z,142,FALSE
352,,,2024-09-01T00:00:00Z,370,FALSE
352,,,2024-09-01T00:00:00Z,371,FALSE
352,,,2024-09-01T00:00:00Z,372,FALSE
352,,,2024-09-01T00:00:00Z,330,FALSE
352,,,2024-09-01T00:00:00Z,373,FALSE
352,,,2024-09-01T00:00:00Z,211,FALSE
352,,,2024-09-01T00:00:00Z,226,FALSE
352,,,2024-09-01T00:00:00Z,233,FALSE
352,,,2024-09-01T00:00:00Z,378,FALSE
352,,,2024-09-01T00:00:00Z,377,FALSE
352,,,2024-09-01T00:00:00Z,310,FALSE
352,,,2024-09-01T00:00:00Z,379,FALSE
352,,,2024-09-01T00:00:00Z,382,FALSE
352,,,2024-09-01T00:00:00Z,381,FALSE
352,,,2024-09-01T00:00:00Z,383,FALSE
352,,,2024-09-01T00:00:00Z,385,FALSE
352,,,2024-09-01T00:00:00Z,353,FALSE
352,,,2024-09-01T00:00:00Z,354,FALSE
352,,,2024-09-01T00:00:00Z,144,FALSE
352,,,2024-09-01T00:00:00Z,356,FALSE
352,,,2024-09-01T00:00:00Z,357,FALSE
352,,,2024-09-01T00:00:00Z,358,FALSE
352,,,2024-09-01T00:00:00Z,355,FALSE
352,,,2024-09-01T00:00:00Z,364,FALSE
352,,,2024-09-01T00:00:00Z,365,FALSE
352,,,2024-09-01T00:00:00Z,366,FALSE
352,,,2024-10-01T00:00:00Z,138,FALSE
352,,,2024-10-01T00:00:00Z,368,FALSE
352,,,2024-10-01T00:00:00Z,140,FALSE
352,,,2024-10-01T00:00:00Z,369,FALSE
352,,,2024-10-01T00:00:00Z,139,FALSE
352,,,2024-10-01T00:00:00Z,125,FALSE
352,,,2024-10-01T00:00:00Z,136,FALSE
352,,,2024-10-01T00:00:00Z,141,FALSE
352,,,2024-10-01T00:00:00Z,45,FALSE
352,,,2024-10-01T00:00:00Z,143,FALSE
352,,,2024-10-01T00:00:00Z,137,FALSE
352,,,2024-10-01T00:00:00Z,142,FALSE
352,,,2024-10-01T00:00:00Z,370,FALSE
352,,,2024-10-01T00:00:00Z,371,FALSE
352,,,2024-10-01T00:00:00Z,372,FALSE
352,,,2024-10-01T00:00:00Z,330,FALSE
352,,,2024-10-01T00:00:00Z,373,FALSE
352,,,2024-10-01T00:00:00Z,211,FALSE
352,,,2024-10-01T00:00:00Z,226,FALSE
352,,,2024-10-01T00:00:00Z,233,FALSE
352,,,2024-10-01T00:00:00Z,378,FALSE
352,,,2024-10-01T00:00:00Z,377,FALSE
352,,,2024-10-01T00:00:00Z,310,FALSE
352,,,2024-10-01T00:00:00Z,379,FALSE
352,,,2024-10-01T00:00:00Z,382,FALSE
352,,,2024-10-01T00:00:00Z,381,FALSE
352,,,2024-10-01T00:00:00Z,383,FALSE
352,,,2024-10-01T00:00:00Z,385,FALSE
352,,,2024-10-01T00:00:00Z,353,FALSE
352,,,2024-10-01T00:00:00Z,354,FALSE
352,,,2024-10-01T00:00:00Z,144,FALSE
352,,,2024-10-01T00:00:00Z,356,FALSE
352,,,2024-10-01T00:00:00Z,357,FALSE
352,,,2024-10-01T00:00:00Z,358,FALSE
352,,,2024-10-01T00:00:00Z,355,FALSE
352,,,2024-10-01T00:00:00Z,364,FALSE
352,,,2024-10-01T00:00:00Z,365,FALSE
352,,,2024-10-01T00:00:00Z,366,FALSE
352,,,2024-11-01T00:00:00Z,138,FALSE
352,,,2024-11-01T00:00:00Z,368,FALSE
352,,,2024-11-01T00:00:00Z,140,FALSE
352,,,2024-11-01T00:00:00Z,369,FALSE
352,,,2024-11-01T00:00:00Z,139,FALSE
352,,,2024-11-01T00:00:00Z,125,FALSE
352,,,2024-11-01T00:00:00Z,136,FALSE
352,,,2024-11-01T00:00:00Z,141,FALSE
352,,,2024-11-01T00:00:00Z,45,FALSE
352,,,2024-11-01T00:00:00Z,143,FALSE
352,,,2024-11-01T00:00:00Z,137,FALSE
352,,,2024-11-01T00:00:00Z,142,FALSE
352,,,2024-11-01T00:00:00Z,370,FALSE
352,,,2024-11-01T00:00:00Z,371,FALSE
352,,,2024-11-01T00:00:00Z,372,FALSE
352,,,2024-11-01T00:00:00Z,330,FALSE
352,,,2024-11-01T00:00:00Z,373,FALSE
352,,,2024-11-01T00:00:00Z,211,FALSE
352,,,2024-11-01T00:00:00Z,226,FALSE
352,,,2024-11-01T00:00:00Z,233,FALSE
352,,,2024-11-01T00:00:00Z,378,FALSE
352,,,2024-11-01T00:00:00Z,377,FALSE
352,,,2024-11-01T00:00:00Z,310,FALSE
352,,,2024-11-01T00:00:00Z,379,FALSE
352,,,2024-11-01T00:00:00Z,382,FALSE
352,,,2024-11-01T00:00:00Z,381,FALSE
352,,,2024-11-01T00:00:00Z,383,FALSE
352,,,2024-11-01T00:00:00Z,385,FALSE
352,,,2024-11-01T00:00:00Z,353,FALSE
352,,,2024-11-01T00:00:00Z,354,FALSE
352,,,2024-11-01T00:00:00Z,144,FALSE
352,,,2024-11-01T00:00:00Z,356,FALSE
352,,,2024-11-01T00:00:00Z,357,FALSE
352,,,2024-11-01T00:00:00Z,358,FALSE
352,,,2024-11-01T00:00:00Z,355,FALSE
352,,,2024-11-01T00:00:00Z,364,FALSE
352,,,2024-11-01T00:00:00Z,365,FALSE
352,,,2024-11-01T00:00:00Z,366,FALSE
352,,,2024-12-01T00:00:00Z,138,FALSE
352,,,2024-12-01T00:00:00Z,368,FALSE
352,,,2024-12-01T00:00:00Z,140,FALSE
352,,,2024-12-01T00:00:00Z,369,FALSE
352,,,2024-12-01T00:00:00Z,139,FALSE
352,,,2024-12-01T00:00:00Z,125,FALSE
352,,,2024-12-01T00:00:00Z,136,FALSE
352,,,2024-12-01T00:00:00Z,141,FALSE
352,,,2024-12-01T00:00:00Z,45,FALSE
352,,,2024-12-01T00:00:00Z,143,FALSE
352,,,2024-12-01T00:00:00Z,137,FALSE
352,,,2024-12-01T00:00:00Z,142,FALSE
352,,,2024-12-01T00:00:00Z,370,FALSE
352,,,2024-12-01T00:00:00Z,371,FALSE
352,,,2024-12-01T00:00:00Z,372,FALSE
352,,,2024-12-01T00:00:00Z,330,FALSE
352,,,2024-12-01T00:00:00Z,373,FALSE
352,,,2024-12-01T00:00:00Z,211,FALSE
352,,,2024-12-01T00:00:00Z,226,FALSE
352,,,2024-12-01T00:00:00Z,233,FALSE
352,,,2024-12-01T00:00:00Z,378,FALSE
352,,,2024-12-01T00:00:00Z,377,FALSE
352,,,2024-12-01T00:00:00Z,310,FALSE
352,,,2024-12-01T00:00:00Z,379,FALSE
352,,,2024-12-01T00:00:00Z,382,FALSE
352,,,2024-12-01T00:00:00Z,381,FALSE
352,,,2024-12-01T00:00:00Z,383,FALSE
352,,,2024-12-01T00:00:00Z,385,FALSE
352,,,2024-12-01T00:00:00Z,353,FALSE
352,,,2024-12-01T00:00:00Z,354,FALSE
352,,,2024-12-01T00:00:00Z,144,FALSE
352,,,2024-12-01T00:00:00Z,356,FALSE
352,,,2024-12-01T00:00:00Z,357,FALSE
352,,,2024-12-01T00:00:00Z,358,FALSE
352,,,2024-12-01T00:00:00Z,355,FALSE
352,,,2024-12-01T00:00:00Z,364,FALSE
352,,,2024-12-01T00:00:00Z,365,FALSE
352,,,2024-12-01T00:00:00Z,366,FALSE
353,,,2024-01-01T00:00:00Z,138,FALSE
353,,,2024-01-01T00:00:00Z,368,FALSE
353,,,2024-01-01T00:00:00Z,140,FALSE
353,,,2024-01-01T00:00:00Z,369,FALSE
353,,,2024-01-01T00:00:00Z,139,FALSE
353,,,2024-01-01T00:00:00Z,125,FALSE
353,,,2024-01-01T00:00:00Z,136,FALSE
353,,,2024-01-01T00:00:00Z,141,FALSE
353,,,2024-01-01T00:00:00Z,45,FALSE
353,,,2024-01-01T00:00:00Z,143,FALSE
353,,,2024-01-01T00:00:00Z,137,FALSE
353,,,2024-01-01T00:00:00Z,142,FALSE
353,,,2024-01-01T00:00:00Z,370,FALSE
353,,,2024-01-01T00:00:00Z,371,FALSE
353,,,2024-01-01T00:00:00Z,372,FALSE
353,,,2024-01-01T00:00:00Z,330,FALSE
353,,,2024-01-01T00:00:00Z,373,FALSE
353,,,2024-01-01T00:00:00Z,211,FALSE
353,,,2024-01-01T00:00:00Z,226,FALSE
353,,,2024-01-01T00:00:00Z,233,FALSE
353,,,2024-01-01T00:00:00Z,378,FALSE
353,,,2024-01-01T00:00:00Z,377,FALSE
353,,,2024-01-01T00:00:00Z,310,FALSE
353,,,2024-01-01T00:00:00Z,379,FALSE
353,,,2024-01-01T00:00:00Z,382,FALSE
353,,,2024-01-01T00:00:00Z,381,FALSE
353,,,2024-01-01T00:00:00Z,383,FALSE
353,,,2024-01-01T00:00:00Z,385,FALSE
353,,,2024-01-01T00:00:00Z,352,FALSE
353,,,2024-01-01T00:00:00Z,354,FALSE
353,,,2024-01-01T00:00:00Z,144,FALSE
353,,,2024-01-01T00:00:00Z,356,FALSE
353,,,2024-01-01T00:00:00Z,357,FALSE
353,,,2024-01-01T00:00:00Z,358,FALSE
353,,,2024-01-01T00:00:00Z,355,FALSE
353,,,2024-01-01T00:00:00Z,364,FALSE
353,,,2024-01-01T00:00:00Z,365,FALSE
353,,,2024-01-01T00:00:00Z,366,FALSE
353,,,2024-02-01T00:00:00Z,138,FALSE
353,,,2024-02-01T00:00:00Z,368,FALSE
353,,,2024-02-01T00:00:00Z,140,FALSE
353,,,2024-02-01T00:00:00Z,369,FALSE
353,,,2024-02-01T00:00:00Z,139,FALSE
353,,,2024-02-01T00:00:00Z,125,FALSE
353,,,2024-02-01T00:00:00Z,136,FALSE
353,,,2024-02-01T00:00:00Z,141,FALSE
353,,,2024-02-01T00:00:00Z,45,FALSE
353,,,2024-02-01T00:00:00Z,143,FALSE
353,,,2024-02-01T00:00:00Z,137,FALSE
353,,,2024-02-01T00:00:00Z,142,FALSE
353,,,2024-02-01T00:00:00Z,370,FALSE
353,,,2024-02-01T00:00:00Z,371,FALSE
353,,,2024-02-01T00:00:00Z,372,FALSE
353,,,2024-02-01T00:00:00Z,330,FALSE
353,,,2024-02-01T00:00:00Z,373,FALSE
353,,,2024-02-01T00:00:00Z,211,FALSE
353,,,2024-02-01T00:00:00Z,226,FALSE
353,,,2024-02-01T00:00:00Z,233,FALSE
353,,,2024-02-01T00:00:00Z,378,FALSE
353,,,2024-02-01T00:00:00Z,377,FALSE
353,,,2024-02-01T00:00:00Z,310,FALSE
353,,,2024-02-01T00:00:00Z,379,FALSE
353,,,2024-02-01T00:00:00Z,382,FALSE
353,,,2024-02-01T00:00:00Z,381,FALSE
353,,,2024-02-01T00:00:00Z,383,FALSE
353,,,2024-02-01T00:00:00Z,385,FALSE
353,,,2024-02-01T00:00:00Z,352,FALSE
353,,,2024-02-01T00:00:00Z,354,FALSE
353,,,2024-02-01T00:00:00Z,144,FALSE
353,,,2024-02-01T00:00:00Z,356,FALSE
353,,,2024-02-01T00:00:00Z,357,FALSE
353,,,2024-02-01T00:00:00Z,358,FALSE
353,,,2024-02-01T00:00:00Z,355,FALSE
353,,,2024-02-01T00:00:00Z,364,FALSE
353,,,2024-02-01T00:00:00Z,365,FALSE
353,,,2024-02-01T00:00:00Z,366,FALSE
353,,,2024-03-01T00:00:00Z,138,FALSE
353,,,2024-03-01T00:00:00Z,368,FALSE
353,,,2024-03-01T00:00:00Z,140,FALSE
353,,,2024-03-01T00:00:00Z,369,FALSE
353,,,2024-03-01T00:00:00Z,139,FALSE
353,,,2024-03-01T00:00:00Z,125,FALSE
353,,,2024-03-01T00:00:00Z,136,FALSE
353,,,2024-03-01T00:00:00Z,141,FALSE
353,,,2024-03-01T00:00:00Z,45,FALSE
353,,,2024-03-01T00:00:00Z,143,FALSE
353,,,2024-03-01T00:00:00Z,137,FALSE
353,,,2024-03-01T00:00:00Z,142,FALSE
353,,,2024-03-01T00:00:00Z,370,FALSE
353,,,2024-03-01T00:00:00Z,371,FALSE
353,,,2024-03-01T00:00:00Z,372,FALSE
353,,,2024-03-01T00:00:00Z,330,FALSE
353,,,2024-03-01T00:00:00Z,373,FALSE
353,,,2024-03-01T00:00:00Z,211,FALSE
353,,,2024-03-01T00:00:00Z,226,FALSE
353,,,2024-03-01T00:00:00Z,233,FALSE
353,,,2024-03-01T00:00:00Z,378,FALSE
353,,,2024-03-01T00:00:00Z,377,FALSE
353,,,2024-03-01T00:00:00Z,310,FALSE
353,,,2024-03-01T00:00:00Z,379,FALSE
353,,,2024-03-01T00:00:00Z,382,FALSE
353,,,2024-03-01T00:00:00Z,381,FALSE
353,,,2024-03-01T00:00:00Z,383,FALSE
353,,,2024-03-01T00:00:00Z,385,FALSE
353,,,2024-03-01T00:00:00Z,352,FALSE
353,,,2024-03-01T00:00:00Z,354,FALSE
353,,,2024-03-01T00:00:00Z,144,FALSE
353,,,2024-03-01T00:00:00Z,356,FALSE
353,,,2024-03-01T00:00:00Z,357,FALSE
353,,,2024-03-01T00:00:00Z,358,FALSE
353,,,2024-03-01T00:00:00Z,355,FALSE
353,,,2024-03-01T00:00:00Z,364,FALSE
353,,,2024-03-01T00:00:00Z,365,FALSE
353,,,2024-03-01T00:00:00Z,366,FALSE
353,,,2024-04-01T00:00:00Z,138,FALSE
353,,,2024-04-01T00:00:00Z,368,FALSE
353,,,2024-04-01T00:00:00Z,140,FALSE
353,,,2024-04-01T00:00:00Z,369,FALSE
353,,,2024-04-01T00:00:00Z,139,FALSE
353,,,2024-04-01T00:00:00Z,125,FALSE
353,,,2024-04-01T00:00:00Z,136,FALSE
353,,,2024-04-01T00:00:00Z,141,FALSE
353,,,2024-04-01T00:00:00Z,45,FALSE
353,,,2024-04-01T00:00:00Z,143,FALSE
353,,,2024-04-01T00:00:00Z,137,FALSE
353,,,2024-04-01T00:00:00Z,142,FALSE
353,,,2024-04-01T00:00:00Z,370,FALSE
353,,,2024-04-01T00:00:00Z,371,FALSE
353,,,2024-04-01T00:00:00Z,372,FALSE
353,,,2024-04-01T00:00:00Z,330,FALSE
353,,,2024-04-01T00:00:00Z,373,FALSE
353,,,2024-04-01T00:00:00Z,211,FALSE
353,,,2024-04-01T00:00:00Z,226,FALSE
353,,,2024-04-01T00:00:00Z,233,FALSE
353,,,2024-04-01T00:00:00Z,378,FALSE
353,,,2024-04-01T00:00:00Z,377,FALSE
353,,,2024-04-01T00:00:00Z,310,FALSE
353,,,2024-04-01T00:00:00Z,379,FALSE
353,,,2024-04-01T00:00:00Z,382,FALSE
353,,,2024-04-01T00:00:00Z,381,FALSE
353,,,2024-04-01T00:00:00Z,383,FALSE
353,,,2024-04-01T00:00:00Z,385,FALSE
353,,,2024-04-01T00:00:00Z,352,FALSE
353,,,2024-04-01T00:00:00Z,354,FALSE
353,,,2024-04-01T00:00:00Z,144,FALSE
353,,,2024-04-01T00:00:00Z,356,FALSE
353,,,2024-04-01T00:00:00Z,357,FALSE
353,,,2024-04-01T00:00:00Z,358,FALSE
353,,,2024-04-01T00:00:00Z,355,FALSE
353,,,2024-04-01T00:00:00Z,364,FALSE
353,,,2024-04-01T00:00:00Z,365,FALSE
353,,,2024-04-01T00:00:00Z,366,FALSE
353,,,2024-05-01T00:00:00Z,138,FALSE
353,,,2024-05-01T00:00:00Z,368,FALSE
353,,,2024-05-01T00:00:00Z,140,FALSE
353,,,2024-05-01T00:00:00Z,369,FALSE
353,,,2024-05-01T00:00:00Z,139,FALSE
353,,,2024-05-01T00:00:00Z,125,FALSE
353,,,2024-05-01T00:00:00Z,136,FALSE
353,,,2024-05-01T00:00:00Z,141,FALSE
353,,,2024-05-01T00:00:00Z,45,FALSE
353,,,2024-05-01T00:00:00Z,143,FALSE
353,,,2024-05-01T00:00:00Z,137,FALSE
353,,,2024-05-01T00:00:00Z,142,FALSE
353,,,2024-05-01T00:00:00Z,370,FALSE
353,,,2024-05-01T00:00:00Z,371,FALSE
353,,,2024-05-01T00:00:00Z,372,FALSE
353,,,2024-05-01T00:00:00Z,330,FALSE
353,,,2024-05-01T00:00:00Z,373,FALSE
353,,,2024-05-01T00:00:00Z,211,FALSE
353,,,2024-05-01T00:00:00Z,226,FALSE
353,,,2024-05-01T00:00:00Z,233,FALSE
353,,,2024-05-01T00:00:00Z,378,FALSE
353,,,2024-05-01T00:00:00Z,377,FALSE
353,,,2024-05-01T00:00:00Z,310,FALSE
353,,,2024-05-01T00:00:00Z,379,FALSE
353,,,2024-05-01T00:00:00Z,382,FALSE
353,,,2024-05-01T00:00:00Z,381,FALSE
353,,,2024-05-01T00:00:00Z,383,FALSE
353,,,2024-05-01T00:00:00Z,385,FALSE
353,,,2024-05-01T00:00:00Z,352,FALSE
353,,,2024-05-01T00:00:00Z,354,FALSE
353,,,2024-05-01T00:00:00Z,144,FALSE
353,,,2024-05-01T00:00:00Z,356,FALSE
353,,,2024-05-01T00:00:00Z,357,FALSE
353,,,2024-05-01T00:00:00Z,358,FALSE
353,,,2024-05-01T00:00:00Z,355,FALSE
353,,,2024-05-01T00:00:00Z,364,FALSE
353,,,2024-05-01T00:00:00Z,365,FALSE
353,,,2024-05-01T00:00:00Z,366,FALSE
353,,,2024-06-01T00:00:00Z,138,FALSE
353,,,2024-06-01T00:00:00Z,368,FALSE
353,,,2024-06-01T00:00:00Z,140,FALSE
353,,,2024-06-01T00:00:00Z,369,FALSE
353,,,2024-06-01T00:00:00Z,139,FALSE
353,,,2024-06-01T00:00:00Z,125,FALSE
353,,,2024-06-01T00:00:00Z,136,FALSE
353,,,2024-06-01T00:00:00Z,141,FALSE
353,,,2024-06-01T00:00:00Z,45,FALSE
353,,,2024-06-01T00:00:00Z,143,FALSE
353,,,2024-06-01T00:00:00Z,137,FALSE
353,,,2024-06-01T00:00:00Z,142,FALSE
353,,,2024-06-01T00:00:00Z,370,FALSE
353,,,2024-06-01T00:00:00Z,371,FALSE
353,,,2024-06-01T00:00:00Z,372,FALSE
353,,,2024-06-01T00:00:00Z,330,FALSE
353,,,2024-06-01T00:00:00Z,373,FALSE
353,,,2024-06-01T00:00:00Z,211,FALSE
353,,,2024-06-01T00:00:00Z,226,FALSE
353,,,2024-06-01T00:00:00Z,233,FALSE
353,,,2024-06-01T00:00:00Z,378,FALSE
353,,,2024-06-01T00:00:00Z,377,FALSE
353,,,2024-06-01T00:00:00Z,310,FALSE
353,,,2024-06-01T00:00:00Z,379,FALSE
353,,,2024-06-01T00:00:00Z,382,FALSE
353,,,2024-06-01T00:00:00Z,381,FALSE
353,,,2024-06-01T00:00:00Z,383,FALSE
353,,,2024-06-01T00:00:00Z,385,FALSE
353,,,2024-06-01T00:00:00Z,352,FALSE
353,,,2024-06-01T00:00:00Z,354,FALSE
353,,,2024-06-01T00:00:00Z,144,FALSE
353,,,2024-06-01T00:00:00Z,356,FALSE
353,,,2024-06-01T00:00:00Z,357,FALSE
353,,,2024-06-01T00:00:00Z,358,FALSE
353,,,2024-06-01T00:00:00Z,355,FALSE
353,,,2024-06-01T00:00:00Z,364,FALSE
353,,,2024-06-01T00:00:00Z,365,FALSE
353,,,2024-06-01T00:00:00Z,366,FALSE
353,,,2024-07-01T00:00:00Z,138,FALSE
353,,,2024-07-01T00:00:00Z,368,FALSE
353,,,2024-07-01T00:00:00Z,140,FALSE
353,,,2024-07-01T00:00:00Z,369,FALSE
353,,,2024-07-01T00:00:00Z,139,FALSE
353,,,2024-07-01T00:00:00Z,125,FALSE
353,,,2024-07-01T00:00:00Z,136,FALSE
353,,,2024-07-01T00:00:00Z,141,FALSE
353,,,2024-07-01T00:00:00Z,45,FALSE
353,,,2024-07-01T00:00:00Z,143,FALSE
353,,,2024-07-01T00:00:00Z,137,FALSE
353,,,2024-07-01T00:00:00Z,142,FALSE
353,,,2024-07-01T00:00:00Z,370,FALSE
353,,,2024-07-01T00:00:00Z,371,FALSE
353,,,2024-07-01T00:00:00Z,372,FALSE
353,,,2024-07-01T00:00:00Z,330,FALSE
353,,,2024-07-01T00:00:00Z,373,FALSE
353,,,2024-07-01T00:00:00Z,211,FALSE
353,,,2024-07-01T00:00:00Z,226,FALSE
353,,,2024-07-01T00:00:00Z,233,FALSE
353,,,2024-07-01T00:00:00Z,378,FALSE
353,,,2024-07-01T00:00:00Z,377,FALSE
353,,,2024-07-01T00:00:00Z,310,FALSE
353,,,2024-07-01T00:00:00Z,379,FALSE
353,,,2024-07-01T00:00:00Z,382,FALSE
353,,,2024-07-01T00:00:00Z,381,FALSE
353,,,2024-07-01T00:00:00Z,383,FALSE
353,,,2024-07-01T00:00:00Z,385,FALSE
353,,,2024-07-01T00:00:00Z,352,FALSE
353,,,2024-07-01T00:00:00Z,354,FALSE
353,,,2024-07-01T00:00:00Z,144,FALSE
353,,,2024-07-01T00:00:00Z,356,FALSE
353,,,2024-07-01T00:00:00Z,357,FALSE
353,,,2024-07-01T00:00:00Z,358,FALSE
353,,,2024-07-01T00:00:00Z,355,FALSE
353,,,2024-07-01T00:00:00Z,364,FALSE
353,,,2024-07-01T00:00:00Z,365,FALSE
353,,,2024-07-01T00:00:00Z,366,FALSE
353,,,2024-08-01T00:00:00Z,138,FALSE
353,,,2024-08-01T00:00:00Z,368,FALSE
353,,,2024-08-01T00:00:00Z,140,FALSE
353,,,2024-08-01T00:00:00Z,369,FALSE
353,,,2024-08-01T00:00:00Z,139,FALSE
353,,,2024-08-01T00:00:00Z,125,FALSE
353,,,2024-08-01T00:00:00Z,136,FALSE
353,,,2024-08-01T00:00:00Z,141,FALSE
353,,,2024-08-01T00:00:00Z,45,FALSE
353,,,2024-08-01T00:00:00Z,143,FALSE
353,,,2024-08-01T00:00:00Z,137,FALSE
353,,,2024-08-01T00:00:00Z,142,FALSE
353,,,2024-08-01T00:00:00Z,370,FALSE
353,,,2024-08-01T00:00:00Z,371,FALSE
353,,,2024-08-01T00:00:00Z,372,FALSE
353,,,2024-08-01T00:00:00Z,330,FALSE
353,,,2024-08-01T00:00:00Z,373,FALSE
353,,,2024-08-01T00:00:00Z,211,FALSE
353,,,2024-08-01T00:00:00Z,226,FALSE
353,,,2024-08-01T00:00:00Z,233,FALSE
353,,,2024-08-01T00:00:00Z,378,FALSE
353,,,2024-08-01T00:00:00Z,377,FALSE
353,,,2024-08-01T00:00:00Z,310,FALSE
353,,,2024-08-01T00:00:00Z,379,FALSE
353,,,2024-08-01T00:00:00Z,382,FALSE
353,,,2024-08-01T00:00:00Z,381,FALSE
353,,,2024-08-01T00:00:00Z,383,FALSE
353,,,2024-08-01T00:00:00Z,385,FALSE
353,,,2024-08-01T00:00:00Z,352,FALSE
353,,,2024-08-01T00:00:00Z,354,FALSE
353,,,2024-08-01T00:00:00Z,144,FALSE
353,,,2024-08-01T00:00:00Z,356,FALSE
353,,,2024-08-01T00:00:00Z,357,FALSE
353,,,2024-08-01T00:00:00Z,358,FALSE
353,,,2024-08-01T00:00:00Z,355,FALSE
353,,,2024-08-01T00:00:00Z,364,FALSE
353,,,2024-08-01T00:00:00Z,365,FALSE
353,,,2024-08-01T00:00:00Z,366,FALSE
353,,,2024-09-01T00:00:00Z,138,FALSE
353,,,2024-09-01T00:00:00Z,368,FALSE
353,,,2024-09-01T00:00:00Z,140,FALSE
353,,,2024-09-01T00:00:00Z,369,FALSE
353,,,2024-09-01T00:00:00Z,139,FALSE
353,,,2024-09-01T00:00:00Z,125,FALSE
353,,,2024-09-01T00:00:00Z,136,FALSE
353,,,2024-09-01T00:00:00Z,141,FALSE
353,,,2024-09-01T00:00:00Z,45,FALSE
353,,,2024-09-01T00:00:00Z,143,FALSE
353,,,2024-09-01T00:00:00Z,137,FALSE
353,,,2024-09-01T00:00:00Z,142,FALSE
353,,,2024-09-01T00:00:00Z,370,FALSE
353,,,2024-09-01T00:00:00Z,371,FALSE
353,,,2024-09-01T00:00:00Z,372,FALSE
353,,,2024-09-01T00:00:00Z,330,FALSE
353,,,2024-09-01T00:00:00Z,373,FALSE
353,,,2024-09-01T00:00:00Z,211,FALSE
353,,,2024-09-01T00:00:00Z,226,FALSE
353,,,2024-09-01T00:00:00Z,233,FALSE
353,,,2024-09-01T00:00:00Z,378,FALSE
353,,,2024-09-01T00:00:00Z,377,FALSE
353,,,2024-09-01T00:00:00Z,310,FALSE
353,,,2024-09-01T00:00:00Z,379,FALSE
353,,,2024-09-01T00:00:00Z,382,FALSE
353,,,2024-09-01T00:00:00Z,381,FALSE
353,,,2024-09-01T00:00:00Z,383,FALSE
353,,,2024-09-01T00:00:00Z,385,FALSE
353,,,2024-09-01T00:00:00Z,352,FALSE
353,,,2024-09-01T00:00:00Z,354,FALSE
353,,,2024-09-01T00:00:00Z,144,FALSE
353,,,2024-09-01T00:00:00Z,356,FALSE
353,,,2024-09-01T00:00:00Z,357,FALSE
353,,,2024-09-01T00:00:00Z,358,FALSE
353,,,2024-09-01T00:00:00Z,355,FALSE
353,,,2024-09-01T00:00:00Z,364,FALSE
353,,,2024-09-01T00:00:00Z,365,FALSE
353,,,2024-09-01T00:00:00Z,366,FALSE
353,,,2024-10-01T00:00:00Z,138,FALSE
353,,,2024-10-01T00:00:00Z,368,FALSE
353,,,2024-10-01T00:00:00Z,140,FALSE
353,,,2024-10-01T00:00:00Z,369,FALSE
353,,,2024-10-01T00:00:00Z,139,FALSE
353,,,2024-10-01T00:00:00Z,125,FALSE
353,,,2024-10-01T00:00:00Z,136,FALSE
353,,,2024-10-01T00:00:00Z,141,FALSE
353,,,2024-10-01T00:00:00Z,45,FALSE
353,,,2024-10-01T00:00:00Z,143,FALSE
353,,,2024-10-01T00:00:00Z,137,FALSE
353,,,2024-10-01T00:00:00Z,142,FALSE
353,,,2024-10-01T00:00:00Z,370,FALSE
353,,,2024-10-01T00:00:00Z,371,FALSE
353,,,2024-10-01T00:00:00Z,372,FALSE
353,,,2024-10-01T00:00:00Z,330,FALSE
353,,,2024-10-01T00:00:00Z,373,FALSE
353,,,2024-10-01T00:00:00Z,211,FALSE
353,,,2024-10-01T00:00:00Z,226,FALSE
353,,,2024-10-01T00:00:00Z,233,FALSE
353,,,2024-10-01T00:00:00Z,378,FALSE
353,,,2024-10-01T00:00:00Z,377,FALSE
353,,,2024-10-01T00:00:00Z,310,FALSE
353,,,2024-10-01T00:00:00Z,379,FALSE
353,,,2024-10-01T00:00:00Z,382,FALSE
353,,,2024-10-01T00:00:00Z,381,FALSE
353,,,2024-10-01T00:00:00Z,383,FALSE
353,,,2024-10-01T00:00:00Z,385,FALSE
353,,,2024-10-01T00:00:00Z,352,FALSE
353,,,2024-10-01T00:00:00Z,354,FALSE
353,,,2024-10-01T00:00:00Z,144,FALSE
353,,,2024-10-01T00:00:00Z,356,FALSE
353,,,2024-10-01T00:00:00Z,357,FALSE
353,,,2024-10-01T00:00:00Z,358,FALSE
353,,,2024-10-01T00:00:00Z,355,FALSE
353,,,2024-10-01T00:00:00Z,364,FALSE
353,,,2024-10-01T00:00:00Z,365,FALSE
353,,,2024-10-01T00:00:00Z,366,FALSE
353,,,2024-11-01T00:00:00Z,138,FALSE
353,,,2024-11-01T00:00:00Z,368,FALSE
353,,,2024-11-01T00:00:00Z,140,FALSE
353,,,2024-11-01T00:00:00Z,369,FALSE
353,,,2024-11-01T00:00:00Z,139,FALSE
353,,,2024-11-01T00:00:00Z,125,FALSE
353,,,2024-11-01T00:00:00Z,136,FALSE
353,,,2024-11-01T00:00:00Z,141,FALSE
353,,,2024-11-01T00:00:00Z,45,FALSE
353,,,2024-11-01T00:00:00Z,143,FALSE
353,,,2024-11-01T00:00:00Z,137,FALSE
353,,,2024-11-01T00:00:00Z,142,FALSE
353,,,2024-11-01T00:00:00Z,370,FALSE
353,,,2024-11-01T00:00:00Z,371,FALSE
353,,,2024-11-01T00:00:00Z,372,FALSE
353,,,2024-11-01T00:00:00Z,330,FALSE
353,,,2024-11-01T00:00:00Z,373,FALSE
353,,,2024-11-01T00:00:00Z,211,FALSE
353,,,2024-11-01T00:00:00Z,226,FALSE
353,,,2024-11-01T00:00:00Z,233,FALSE
353,,,2024-11-01T00:00:00Z,378,FALSE
353,,,2024-11-01T00:00:00Z,377,FALSE
353,,,2024-11-01T00:00:00Z,310,FALSE
353,,,2024-11-01T00:00:00Z,379,FALSE
353,,,2024-11-01T00:00:00Z,382,FALSE
353,,,2024-11-01T00:00:00Z,381,FALSE
353,,,2024-11-01T00:00:00Z,383,FALSE
353,,,2024-11-01T00:00:00Z,385,FALSE
353,,,2024-11-01T00:00:00Z,352,FALSE
353,,,2024-11-01T00:00:00Z,354,FALSE
353,,,2024-11-01T00:00:00Z,144,FALSE
353,,,2024-11-01T00:00:00Z,356,FALSE
353,,,2024-11-01T00:00:00Z,357,FALSE
353,,,2024-11-01T00:00:00Z,358,FALSE
353,,,2024-11-01T00:00:00Z,355,FALSE
353,,,2024-11-01T00:00:00Z,364,FALSE
353,,,2024-11-01T00:00:00Z,365,FALSE
353,,,2024-11-01T00:00:00Z,366,FALSE
353,,,2024-12-01T00:00:00Z,138,FALSE
353,,,2024-12-01T00:00:00Z,368,FALSE
353,,,2024-12-01T00:00:00Z,140,FALSE
353,,,2024-12-01T00:00:00Z,369,FALSE
353,,,2024-12-01T00:00:00Z,139,FALSE
353,,,2024-12-01T00:00:00Z,125,FALSE
353,,,2024-12-01T00:00:00Z,136,FALSE
353,,,2024-12-01T00:00:00Z,141,FALSE
353,,,2024-12-01T00:00:00Z,45,FALSE
353,,,2024-12-01T00:00:00Z,143,FALSE
353,,,2024-12-01T00:00:00Z,137,FALSE
353,,,2024-12-01T00:00:00Z,142,FALSE
353,,,2024-12-01T00:00:00Z,370,FALSE
353,,,2024-12-01T00:00:00Z,371,FALSE
353,,,2024-12-01T00:00:00Z,372,FALSE
353,,,2024-12-01T00:00:00Z,330,FALSE
353,,,2024-12-01T00:00:00Z,373,FALSE
353,,,2024-12-01T00:00:00Z,211,FALSE
353,,,2024-12-01T00:00:00Z,226,FALSE
353,,,2024-12-01T00:00:00Z,233,FALSE
353,,,2024-12-01T00:00:00Z,378,FALSE
353,,,2024-12-01T00:00:00Z,377,FALSE
353,,,2024-12-01T00:00:00Z,310,FALSE
353,,,2024-12-01T00:00:00Z,379,FALSE
353,,,2024-12-01T00:00:00Z,382,FALSE
353,,,2024-12-01T00:00:00Z,381,FALSE
353,,,2024-12-01T00:00:00Z,383,FALSE
353,,,2024-12-01T00:00:00Z,385,FALSE
353,,,2024-12-01T00:00:00Z,352,FALSE
353,,,2024-12-01T00:00:00Z,354,FALSE
353,,,2024-12-01T00:00:00Z,144,FALSE
353,,,2024-12-01T00:00:00Z,356,FALSE
353,,,2024-12-01T00:00:00Z,357,FALSE
353,,,2024-12-01T00:00:00Z,358,FALSE
353,,,2024-12-01T00:00:00Z,355,FALSE
353,,,2024-12-01T00:00:00Z,364,FALSE
353,,,2024-12-01T00:00:00Z,365,FALSE
353,,,2024-12-01T00:00:00Z,366,FALSE
354,,,2024-01-01T00:00:00Z,138,FALSE
354,,,2024-01-01T00:00:00Z,368,FALSE
354,,,2024-01-01T00:00:00Z,140,FALSE
354,,,2024-01-01T00:00:00Z,369,FALSE
354,,,2024-01-01T00:00:00Z,139,FALSE
354,,,2024-01-01T00:00:00Z,125,FALSE
354,,,2024-01-01T00:00:00Z,136,FALSE
354,,,2024-01-01T00:00:00Z,141,FALSE
354,,,2024-01-01T00:00:00Z,45,FALSE
354,,,2024-01-01T00:00:00Z,143,FALSE
354,,,2024-01-01T00:00:00Z,137,FALSE
354,,,2024-01-01T00:00:00Z,142,FALSE
354,,,2024-01-01T00:00:00Z,370,FALSE
354,,,2024-01-01T00:00:00Z,371,FALSE
354,,,2024-01-01T00:00:00Z,372,FALSE
354,,,2024-01-01T00:00:00Z,330,FALSE
354,,,2024-01-01T00:00:00Z,373,FALSE
354,,,2024-01-01T00:00:00Z,211,FALSE
354,,,2024-01-01T00:00:00Z,226,FALSE
354,,,2024-01-01T00:00:00Z,233,FALSE
354,,,2024-01-01T00:00:00Z,378,FALSE
354,,,2024-01-01T00:00:00Z,377,FALSE
354,,,2024-01-01T00:00:00Z,310,FALSE
354,,,2024-01-01T00:00:00Z,379,FALSE
354,,,2024-01-01T00:00:00Z,382,FALSE
354,,,2024-01-01T00:00:00Z,381,FALSE
354,,,2024-01-01T00:00:00Z,383,FALSE
354,,,2024-01-01T00:00:00Z,385,FALSE
354,,,2024-01-01T00:00:00Z,352,FALSE
354,,,2024-01-01T00:00:00Z,353,FALSE
354,,,2024-01-01T00:00:00Z,144,FALSE
354,,,2024-01-01T00:00:00Z,356,FALSE
354,,,2024-01-01T00:00:00Z,357,FALSE
354,,,2024-01-01T00:00:00Z,358,FALSE
354,,,2024-01-01T00:00:00Z,355,FALSE
354,,,2024-01-01T00:00:00Z,364,FALSE
354,,,2024-01-01T00:00:00Z,365,FALSE
354,,,2024-01-01T00:00:00Z,366,FALSE
354,,,2024-02-01T00:00:00Z,138,FALSE
354,,,2024-02-01T00:00:00Z,368,FALSE
354,,,2024-02-01T00:00:00Z,140,FALSE
354,,,2024-02-01T00:00:00Z,369,FALSE
354,,,2024-02-01T00:00:00Z,139,FALSE
354,,,2024-02-01T00:00:00Z,125,FALSE
354,,,2024-02-01T00:00:00Z,136,FALSE
354,,,2024-02-01T00:00:00Z,141,FALSE
354,,,2024-02-01T00:00:00Z,45,FALSE
354,,,2024-02-01T00:00:00Z,143,FALSE
354,,,2024-02-01T00:00:00Z,137,FALSE
354,,,2024-02-01T00:00:00Z,142,FALSE
354,,,2024-02-01T00:00:00Z,370,FALSE
354,,,2024-02-01T00:00:00Z,371,FALSE
354,,,2024-02-01T00:00:00Z,372,FALSE
354,,,2024-02-01T00:00:00Z,330,FALSE
354,,,2024-02-01T00:00:00Z,373,FALSE
354,,,2024-02-01T00:00:00Z,211,FALSE
354,,,2024-02-01T00:00:00Z,226,FALSE
354,,,2024-02-01T00:00:00Z,233,FALSE
354,,,2024-02-01T00:00:00Z,378,FALSE
354,,,2024-02-01T00:00:00Z,377,FALSE
354,,,2024-02-01T00:00:00Z,310,FALSE
354,,,2024-02-01T00:00:00Z,379,FALSE
354,,,2024-02-01T00:00:00Z,382,FALSE
354,,,2024-02-01T00:00:00Z,381,FALSE
354,,,2024-02-01T00:00:00Z,383,FALSE
354,,,2024-02-01T00:00:00Z,385,FALSE
354,,,2024-02-01T00:00:00Z,352,FALSE
354,,,2024-02-01T00:00:00Z,353,FALSE
354,,,2024-02-01T00:00:00Z,144,FALSE
354,,,2024-02-01T00:00:00Z,356,FALSE
354,,,2024-02-01T00:00:00Z,357,FALSE
354,,,2024-02-01T00:00:00Z,358,FALSE
354,,,2024-02-01T00:00:00Z,355,FALSE
354,,,2024-02-01T00:00:00Z,364,FALSE
354,,,2024-02-01T00:00:00Z,365,FALSE
354,,,2024-02-01T00:00:00Z,366,FALSE
354,,,2024-03-01T00:00:00Z,138,FALSE
354,,,2024-03-01T00:00:00Z,368,FALSE
354,,,2024-03-01T00:00:00Z,140,FALSE
354,,,2024-03-01T00:00:00Z,369,FALSE
354,,,2024-03-01T00:00:00Z,139,FALSE
354,,,2024-03-01T00:00:00Z,125,FALSE
354,,,2024-03-01T00:00:00Z,136,FALSE
354,,,2024-03-01T00:00:00Z,141,FALSE
354,,,2024-03-01T00:00:00Z,45,FALSE
354,,,2024-03-01T00:00:00Z,143,FALSE
354,,,2024-03-01T00:00:00Z,137,FALSE
354,,,2024-03-01T00:00:00Z,142,FALSE
354,,,2024-03-01T00:00:00Z,370,FALSE
354,,,2024-03-01T00:00:00Z,371,FALSE
354,,,2024-03-01T00:00:00Z,372,FALSE
354,,,2024-03-01T00:00:00Z,330,FALSE
354,,,2024-03-01T00:00:00Z,373,FALSE
354,,,2024-03-01T00:00:00Z,211,FALSE
354,,,2024-03-01T00:00:00Z,226,FALSE
354,,,2024-03-01T00:00:00Z,233,FALSE
354,,,2024-03-01T00:00:00Z,378,FALSE
354,,,2024-03-01T00:00:00Z,377,FALSE
354,,,2024-03-01T00:00:00Z,310,FALSE
354,,,2024-03-01T00:00:00Z,379,FALSE
354,,,2024-03-01T00:00:00Z,382,FALSE
354,,,2024-03-01T00:00:00Z,381,FALSE
354,,,2024-03-01T00:00:00Z,383,FALSE
354,,,2024-03-01T00:00:00Z,385,FALSE
354,,,2024-03-01T00:00:00Z,352,FALSE
354,,,2024-03-01T00:00:00Z,353,FALSE
354,,,2024-03-01T00:00:00Z,144,FALSE
354,,,2024-03-01T00:00:00Z,356,FALSE
354,,,2024-03-01T00:00:00Z,357,FALSE
354,,,2024-03-01T00:00:00Z,358,FALSE
354,,,2024-03-01T00:00:00Z,355,FALSE
354,,,2024-03-01T00:00:00Z,364,FALSE
354,,,2024-03-01T00:00:00Z,365,FALSE
354,,,2024-03-01T00:00:00Z,366,FALSE
354,,,2024-04-01T00:00:00Z,138,FALSE
354,,,2024-04-01T00:00:00Z,368,FALSE
354,,,2024-04-01T00:00:00Z,140,FALSE
354,,,2024-04-01T00:00:00Z,369,FALSE
354,,,2024-04-01T00:00:00Z,139,FALSE
354,,,2024-04-01T00:00:00Z,125,FALSE
354,,,2024-04-01T00:00:00Z,136,FALSE
354,,,2024-04-01T00:00:00Z,141,FALSE
354,,,2024-04-01T00:00:00Z,45,FALSE
354,,,2024-04-01T00:00:00Z,143,FALSE
354,,,2024-04-01T00:00:00Z,137,FALSE
354,,,2024-04-01T00:00:00Z,142,FALSE
354,,,2024-04-01T00:00:00Z,370,FALSE
354,,,2024-04-01T00:00:00Z,371,FALSE
354,,,2024-04-01T00:00:00Z,372,FALSE
354,,,2024-04-01T00:00:00Z,330,FALSE
354,,,2024-04-01T00:00:00Z,373,FALSE
354,,,2024-04-01T00:00:00Z,211,FALSE
354,,,2024-04-01T00:00:00Z,226,FALSE
354,,,2024-04-01T00:00:00Z,233,FALSE
354,,,2024-04-01T00:00:00Z,378,FALSE
354,,,2024-04-01T00:00:00Z,377,FALSE
354,,,2024-04-01T00:00:00Z,310,FALSE
354,,,2024-04-01T00:00:00Z,379,FALSE
354,,,2024-04-01T00:00:00Z,382,FALSE
354,,,2024-04-01T00:00:00Z,381,FALSE
354,,,2024-04-01T00:00:00Z,383,FALSE
354,,,2024-04-01T00:00:00Z,385,FALSE
354,,,2024-04-01T00:00:00Z,352,FALSE
354,,,2024-04-01T00:00:00Z,353,FALSE
354,,,2024-04-01T00:00:00Z,144,FALSE
354,,,2024-04-01T00:00:00Z,356,FALSE
354,,,2024-04-01T00:00:00Z,357,FALSE
354,,,2024-04-01T00:00:00Z,358,FALSE
354,,,2024-04-01T00:00:00Z,355,FALSE
354,,,2024-04-01T00:00:00Z,364,FALSE
354,,,2024-04-01T00:00:00Z,365,FALSE
354,,,2024-04-01T00:00:00Z,366,FALSE
354,,,2024-05-01T00:00:00Z,138,FALSE
354,,,2024-05-01T00:00:00Z,368,FALSE
354,,,2024-05-01T00:00:00Z,140,FALSE
354,,,2024-05-01T00:00:00Z,369,FALSE
354,,,2024-05-01T00:00:00Z,139,FALSE
354,,,2024-05-01T00:00:00Z,125,FALSE
354,,,2024-05-01T00:00:00Z,136,FALSE
354,,,2024-05-01T00:00:00Z,141,FALSE
354,,,2024-05-01T00:00:00Z,45,FALSE
354,,,2024-05-01T00:00:00Z,143,FALSE
354,,,2024-05-01T00:00:00Z,137,FALSE
354,,,2024-05-01T00:00:00Z,142,FALSE
354,,,2024-05-01T00:00:00Z,370,FALSE
354,,,2024-05-01T00:00:00Z,371,FALSE
354,,,2024-05-01T00:00:00Z,372,FALSE
354,,,2024-05-01T00:00:00Z,330,FALSE
354,,,2024-05-01T00:00:00Z,373,FALSE
354,,,2024-05-01T00:00:00Z,211,FALSE
354,,,2024-05-01T00:00:00Z,226,FALSE
354,,,2024-05-01T00:00:00Z,233,FALSE
354,,,2024-05-01T00:00:00Z,378,FALSE
354,,,2024-05-01T00:00:00Z,377,FALSE
354,,,2024-05-01T00:00:00Z,310,FALSE
354,,,2024-05-01T00:00:00Z,379,FALSE
354,,,2024-05-01T00:00:00Z,382,FALSE
354,,,2024-05-01T00:00:00Z,381,FALSE
354,,,2024-05-01T00:00:00Z,383,FALSE
354,,,2024-05-01T00:00:00Z,385,FALSE
354,,,2024-05-01T00:00:00Z,352,FALSE
354,,,2024-05-01T00:00:00Z,353,FALSE
354,,,2024-05-01T00:00:00Z,144,FALSE
354,,,2024-05-01T00:00:00Z,356,FALSE
354,,,2024-05-01T00:00:00Z,357,FALSE
354,,,2024-05-01T00:00:00Z,358,FALSE
354,,,2024-05-01T00:00:00Z,355,FALSE
354,,,2024-05-01T00:00:00Z,364,FALSE
354,,,2024-05-01T00:00:00Z,365,FALSE
354,,,2024-05-01T00:00:00Z,366,FALSE
354,,,2024-06-01T00:00:00Z,138,FALSE
354,,,2024-06-01T00:00:00Z,368,FALSE
354,,,2024-06-01T00:00:00Z,140,FALSE
354,,,2024-06-01T00:00:00Z,369,FALSE
354,,,2024-06-01T00:00:00Z,139,FALSE
354,,,2024-06-01T00:00:00Z,125,FALSE
354,,,2024-06-01T00:00:00Z,136,FALSE
354,,,2024-06-01T00:00:00Z,141,FALSE
354,,,2024-06-01T00:00:00Z,45,FALSE
354,,,2024-06-01T00:00:00Z,143,FALSE
354,,,2024-06-01T00:00:00Z,137,FALSE
354,,,2024-06-01T00:00:00Z,142,FALSE
354,,,2024-06-01T00:00:00Z,370,FALSE
354,,,2024-06-01T00:00:00Z,371,FALSE
354,,,2024-06-01T00:00:00Z,372,FALSE
354,,,2024-06-01T00:00:00Z,330,FALSE
354,,,2024-06-01T00:00:00Z,373,FALSE
354,,,2024-06-01T00:00:00Z,211,FALSE
354,,,2024-06-01T00:00:00Z,226,FALSE
354,,,2024-06-01T00:00:00Z,233,FALSE
354,,,2024-06-01T00:00:00Z,378,FALSE
354,,,2024-06-01T00:00:00Z,377,FALSE
354,,,2024-06-01T00:00:00Z,310,FALSE
354,,,2024-06-01T00:00:00Z,379,FALSE
354,,,2024-06-01T00:00:00Z,382,FALSE
354,,,2024-06-01T00:00:00Z,381,FALSE
354,,,2024-06-01T00:00:00Z,383,FALSE
354,,,2024-06-01T00:00:00Z,385,FALSE
354,,,2024-06-01T00:00:00Z,352,FALSE
354,,,2024-06-01T00:00:00Z,353,FALSE
354,,,2024-06-01T00:00:00Z,144,FALSE
354,,,2024-06-01T00:00:00Z,356,FALSE
354,,,2024-06-01T00:00:00Z,357,FALSE
354,,,2024-06-01T00:00:00Z,358,FALSE
354,,,2024-06-01T00:00:00Z,355,FALSE
354,,,2024-06-01T00:00:00Z,364,FALSE
354,,,2024-06-01T00:00:00Z,365,FALSE
354,,,2024-06-01T00:00:00Z,366,FALSE
354,,,2024-07-01T00:00:00Z,138,FALSE
354,,,2024-07-01T00:00:00Z,368,FALSE
354,,,2024-07-01T00:00:00Z,140,FALSE
354,,,2024-07-01T00:00:00Z,369,FALSE
354,,,2024-07-01T00:00:00Z,139,FALSE
354,,,2024-07-01T00:00:00Z,125,FALSE
354,,,2024-07-01T00:00:00Z,136,FALSE
354,,,2024-07-01T00:00:00Z,141,FALSE
354,,,2024-07-01T00:00:00Z,45,FALSE
354,,,2024-07-01T00:00:00Z,143,FALSE
354,,,2024-07-01T00:00:00Z,137,FALSE
354,,,2024-07-01T00:00:00Z,142,FALSE
354,,,2024-07-01T00:00:00Z,370,FALSE
354,,,2024-07-01T00:00:00Z,371,FALSE
354,,,2024-07-01T00:00:00Z,372,FALSE
354,,,2024-07-01T00:00:00Z,330,FALSE
354,,,2024-07-01T00:00:00Z,373,FALSE
354,,,2024-07-01T00:00:00Z,211,FALSE
354,,,2024-07-01T00:00:00Z,226,FALSE
354,,,2024-07-01T00:00:00Z,233,FALSE
354,,,2024-07-01T00:00:00Z,378,FALSE
354,,,2024-07-01T00:00:00Z,377,FALSE
354,,,2024-07-01T00:00:00Z,310,FALSE
354,,,2024-07-01T00:00:00Z,379,FALSE
354,,,2024-07-01T00:00:00Z,382,FALSE
354,,,2024-07-01T00:00:00Z,381,FALSE
354,,,2024-07-01T00:00:00Z,383,FALSE
354,,,2024-07-01T00:00:00Z,385,FALSE
354,,,2024-07-01T00:00:00Z,352,FALSE
354,,,2024-07-01T00:00:00Z,353,FALSE
354,,,2024-07-01T00:00:00Z,144,FALSE
354,,,2024-07-01T00:00:00Z,356,FALSE
354,,,2024-07-01T00:00:00Z,357,FALSE
354,,,2024-07-01T00:00:00Z,358,FALSE
354,,,2024-07-01T00:00:00Z,355,FALSE
354,,,2024-07-01T00:00:00Z,364,FALSE
354,,,2024-07-01T00:00:00Z,365,FALSE
354,,,2024-07-01T00:00:00Z,366,FALSE
354,,,2024-08-01T00:00:00Z,138,FALSE
354,,,2024-08-01T00:00:00Z,368,FALSE
354,,,2024-08-01T00:00:00Z,140,FALSE
354,,,2024-08-01T00:00:00Z,369,FALSE
354,,,2024-08-01T00:00:00Z,139,FALSE
354,,,2024-08-01T00:00:00Z,125,FALSE
354,,,2024-08-01T00:00:00Z,136,FALSE
354,,,2024-08-01T00:00:00Z,141,FALSE
354,,,2024-08-01T00:00:00Z,45,FALSE
354,,,2024-08-01T00:00:00Z,143,FALSE
354,,,2024-08-01T00:00:00Z,137,FALSE
354,,,2024-08-01T00:00:00Z,142,FALSE
354,,,2024-08-01T00:00:00Z,370,FALSE
354,,,2024-08-01T00:00:00Z,371,FALSE
354,,,2024-08-01T00:00:00Z,372,FALSE
354,,,2024-08-01T00:00:00Z,330,FALSE
354,,,2024-08-01T00:00:00Z,373,FALSE
354,,,2024-08-01T00:00:00Z,211,FALSE
354,,,2024-08-01T00:00:00Z,226,FALSE
354,,,2024-08-01T00:00:00Z,233,FALSE
354,,,2024-08-01T00:00:00Z,378,FALSE
354,,,2024-08-01T00:00:00Z,377,FALSE
354,,,2024-08-01T00:00:00Z,310,FALSE
354,,,2024-08-01T00:00:00Z,379,FALSE
354,,,2024-08-01T00:00:00Z,382,FALSE
354,,,2024-08-01T00:00:00Z,381,FALSE
354,,,2024-08-01T00:00:00Z,383,FALSE
354,,,2024-08-01T00:00:00Z,385,FALSE
354,,,2024-08-01T00:00:00Z,352,FALSE
354,,,2024-08-01T00:00:00Z,353,FALSE
354,,,2024-08-01T00:00:00Z,144,FALSE
354,,,2024-08-01T00:00:00Z,356,FALSE
354,,,2024-08-01T00:00:00Z,357,FALSE
354,,,2024-08-01T00:00:00Z,358,FALSE
354,,,2024-08-01T00:00:00Z,355,FALSE
354,,,2024-08-01T00:00:00Z,364,FALSE
354,,,2024-08-01T00:00:00Z,365,FALSE
354,,,2024-08-01T00:00:00Z,366,FALSE
354,,,2024-09-01T00:00:00Z,138,FALSE
354,,,2024-09-01T00:00:00Z,368,FALSE
354,,,2024-09-01T00:00:00Z,140,FALSE
354,,,2024-09-01T00:00:00Z,369,FALSE
354,,,2024-09-01T00:00:00Z,139,FALSE
354,,,2024-09-01T00:00:00Z,125,FALSE
354,,,2024-09-01T00:00:00Z,136,FALSE
354,,,2024-09-01T00:00:00Z,141,FALSE
354,,,2024-09-01T00:00:00Z,45,FALSE
354,,,2024-09-01T00:00:00Z,143,FALSE
354,,,2024-09-01T00:00:00Z,137,FALSE
354,,,2024-09-01T00:00:00Z,142,FALSE
354,,,2024-09-01T00:00:00Z,370,FALSE
354,,,2024-09-01T00:00:00Z,371,FALSE
354,,,2024-09-01T00:00:00Z,372,FALSE
354,,,2024-09-01T00:00:00Z,330,FALSE
354,,,2024-09-01T00:00:00Z,373,FALSE
354,,,2024-09-01T00:00:00Z,211,FALSE
354,,,2024-09-01T00:00:00Z,226,FALSE
354,,,2024-09-01T00:00:00Z,233,FALSE
354,,,2024-09-01T00:00:00Z,378,FALSE
354,,,2024-09-01T00:00:00Z,377,FALSE
354,,,2024-09-01T00:00:00Z,310,FALSE
354,,,2024-09-01T00:00:00Z,379,FALSE
354,,,2024-09-01T00:00:00Z,382,FALSE
354,,,2024-09-01T00:00:00Z,381,FALSE
354,,,2024-09-01T00:00:00Z,383,FALSE
354,,,2024-09-01T00:00:00Z,385,FALSE
354,,,2024-09-01T00:00:00Z,352,FALSE
354,,,2024-09-01T00:00:00Z,353,FALSE
354,,,2024-09-01T00:00:00Z,144,FALSE
354,,,2024-09-01T00:00:00Z,356,FALSE
354,,,2024-09-01T00:00:00Z,357,FALSE
354,,,2024-09-01T00:00:00Z,358,FALSE
354,,,2024-09-01T00:00:00Z,355,FALSE
354,,,2024-09-01T00:00:00Z,364,FALSE
354,,,2024-09-01T00:00:00Z,365,FALSE
354,,,2024-09-01T00:00:00Z,366,FALSE
354,,,2024-10-01T00:00:00Z,138,FALSE
354,,,2024-10-01T00:00:00Z,368,FALSE
354,,,2024-10-01T00:00:00Z,140,FALSE
354,,,2024-10-01T00:00:00Z,369,FALSE
354,,,2024-10-01T00:00:00Z,139,FALSE
354,,,2024-10-01T00:00:00Z,125,FALSE
354,,,2024-10-01T00:00:00Z,136,FALSE
354,,,2024-10-01T00:00:00Z,141,FALSE
354,,,2024-10-01T00:00:00Z,45,FALSE
354,,,2024-10-01T00:00:00Z,143,FALSE
354,,,2024-10-01T00:00:00Z,137,FALSE
354,,,2024-10-01T00:00:00Z,142,FALSE
354,,,2024-10-01T00:00:00Z,370,FALSE
354,,,2024-10-01T00:00:00Z,371,FALSE
354,,,2024-10-01T00:00:00Z,372,FALSE
354,,,2024-10-01T00:00:00Z,330,FALSE
354,,,2024-10-01T00:00:00Z,373,FALSE
354,,,2024-10-01T00:00:00Z,211,FALSE
354,,,2024-10-01T00:00:00Z,226,FALSE
354,,,2024-10-01T00:00:00Z,233,FALSE
354,,,2024-10-01T00:00:00Z,378,FALSE
354,,,2024-10-01T00:00:00Z,377,FALSE
354,,,2024-10-01T00:00:00Z,310,FALSE
354,,,2024-10-01T00:00:00Z,379,FALSE
354,,,2024-10-01T00:00:00Z,382,FALSE
354,,,2024-10-01T00:00:00Z,381,FALSE
354,,,2024-10-01T00:00:00Z,383,FALSE
354,,,2024-10-01T00:00:00Z,385,FALSE
354,,,2024-10-01T00:00:00Z,352,FALSE
354,,,2024-10-01T00:00:00Z,353,FALSE
354,,,2024-10-01T00:00:00Z,144,FALSE
354,,,2024-10-01T00:00:00Z,356,FALSE
354,,,2024-10-01T00:00:00Z,357,FALSE
354,,,2024-10-01T00:00:00Z,358,FALSE
354,,,2024-10-01T00:00:00Z,355,FALSE
354,,,2024-10-01T00:00:00Z,364,FALSE
354,,,2024-10-01T00:00:00Z,365,FALSE
354,,,2024-10-01T00:00:00Z,366,FALSE
354,,,2024-11-01T00:00:00Z,138,FALSE
354,,,2024-11-01T00:00:00Z,368,FALSE
354,,,2024-11-01T00:00:00Z,140,FALSE
354,,,2024-11-01T00:00:00Z,369,FALSE
354,,,2024-11-01T00:00:00Z,139,FALSE
354,,,2024-11-01T00:00:00Z,125,FALSE
354,,,2024-11-01T00:00:00Z,136,FALSE
354,,,2024-11-01T00:00:00Z,141,FALSE
354,,,2024-11-01T00:00:00Z,45,FALSE
354,,,2024-11-01T00:00:00Z,143,FALSE
354,,,2024-11-01T00:00:00Z,137,FALSE
354,,,2024-11-01T00:00:00Z,142,FALSE
354,,,2024-11-01T00:00:00Z,370,FALSE
354,,,2024-11-01T00:00:00Z,371,FALSE
354,,,2024-11-01T00:00:00Z,372,FALSE
354,,,2024-11-01T00:00:00Z,330,FALSE
354,,,2024-11-01T00:00:00Z,373,FALSE
354,,,2024-11-01T00:00:00Z,211,FALSE
354,,,2024-11-01T00:00:00Z,226,FALSE
354,,,2024-11-01T00:00:00Z,233,FALSE
354,,,2024-11-01T00:00:00Z,378,FALSE
354,,,2024-11-01T00:00:00Z,377,FALSE
354,,,2024-11-01T00:00:00Z,310,FALSE
354,,,2024-11-01T00:00:00Z,379,FALSE
354,,,2024-11-01T00:00:00Z,382,FALSE
354,,,2024-11-01T00:00:00Z,381,FALSE
354,,,2024-11-01T00:00:00Z,383,FALSE
354,,,2024-11-01T00:00:00Z,385,FALSE
354,,,2024-11-01T00:00:00Z,352,FALSE
354,,,2024-11-01T00:00:00Z,353,FALSE
354,,,2024-11-01T00:00:00Z,144,FALSE
354,,,2024-11-01T00:00:00Z,356,FALSE
354,,,2024-11-01T00:00:00Z,357,FALSE
354,,,2024-11-01T00:00:00Z,358,FALSE
354,,,2024-11-01T00:00:00Z,355,FALSE
354,,,2024-11-01T00:00:00Z,364,FALSE
354,,,2024-11-01T00:00:00Z,365,FALSE
354,,,2024-11-01T00:00:00Z,366,FALSE
354,,,2024-12-01T00:00:00Z,138,FALSE
354,,,2024-12-01T00:00:00Z,368,FALSE
354,,,2024-12-01T00:00:00Z,140,FALSE
354,,,2024-12-01T00:00:00Z,369,FALSE
354,,,2024-12-01T00:00:00Z,139,FALSE
354,,,2024-12-01T00:00:00Z,125,FALSE
354,,,2024-12-01T00:00:00Z,136,FALSE
354,,,2024-12-01T00:00:00Z,141,FALSE
354,,,2024-12-01T00:00:00Z,45,FALSE
354,,,2024-12-01T00:00:00Z,143,FALSE
354,,,2024-12-01T00:00:00Z,137,FALSE
354,,,2024-12-01T00:00:00Z,142,FALSE
354,,,2024-12-01T00:00:00Z,370,FALSE
354,,,2024-12-01T00:00:00Z,371,FALSE
354,,,2024-12-01T00:00:00Z,372,FALSE
354,,,2024-12-01T00:00:00Z,330,FALSE
354,,,2024-12-01T00:00:00Z,373,FALSE
354,,,2024-12-01T00:00:00Z,211,FALSE
354,,,2024-12-01T00:00:00Z,226,FALSE
354,,,2024-12-01T00:00:00Z,233,FALSE
354,,,2024-12-01T00:00:00Z,378,FALSE
354,,,2024-12-01T00:00:00Z,377,FALSE
354,,,2024-12-01T00:00:00Z,310,FALSE
354,,,2024-12-01T00:00:00Z,379,FALSE
354,,,2024-12-01T00:00:00Z,382,FALSE
354,,,2024-12-01T00:00:00Z,381,FALSE
354,,,2024-12-01T00:00:00Z,383,FALSE
354,,,2024-12-01T00:00:00Z,385,FALSE
354,,,2024-12-01T00:00:00Z,352,FALSE
354,,,2024-12-01T00:00:00Z,353,FALSE
354,,,2024-12-01T00:00:00Z,144,FALSE
354,,,2024-12-01T00:00:00Z,356,FALSE
354,,,2024-12-01T00:00:00Z,357,FALSE
354,,,2024-12-01T00:00:00Z,358,FALSE
354,,,2024-12-01T00:00:00Z,355,FALSE
354,,,2024-12-01T00:00:00Z,364,FALSE
354,,,2024-12-01T00:00:00Z,365,FALSE
354,,,2024-12-01T00:00:00Z,366,FALSE
355,,,2024-01-01T00:00:00Z,138,FALSE
355,,,2024-01-01T00:00:00Z,368,FALSE
355,,,2024-01-01T00:00:00Z,140,FALSE
355,,,2024-01-01T00:00:00Z,369,FALSE
355,,,2024-01-01T00:00:00Z,139,FALSE
355,,,2024-01-01T00:00:00Z,125,FALSE
355,,,2024-01-01T00:00:00Z,136,FALSE
355,,,2024-01-01T00:00:00Z,141,FALSE
355,,,2024-01-01T00:00:00Z,45,FALSE
355,,,2024-01-01T00:00:00Z,143,FALSE
355,,,2024-01-01T00:00:00Z,137,FALSE
355,,,2024-01-01T00:00:00Z,142,FALSE
355,,,2024-01-01T00:00:00Z,370,FALSE
355,,,2024-01-01T00:00:00Z,371,FALSE
355,,,2024-01-01T00:00:00Z,372,FALSE
355,,,2024-01-01T00:00:00Z,330,FALSE
355,,,2024-01-01T00:00:00Z,373,FALSE
355,,,2024-01-01T00:00:00Z,211,FALSE
355,,,2024-01-01T00:00:00Z,226,FALSE
355,,,2024-01-01T00:00:00Z,233,FALSE
355,,,2024-01-01T00:00:00Z,378,FALSE
355,,,2024-01-01T00:00:00Z,377,FALSE
355,,,2024-01-01T00:00:00Z,310,FALSE
355,,,2024-01-01T00:00:00Z,379,FALSE
355,,,2024-01-01T00:00:00Z,382,FALSE
355,,,2024-01-01T00:00:00Z,381,FALSE
355,,,2024-01-01T00:00:00Z,383,FALSE
355,,,2024-01-01T00:00:00Z,385,FALSE
355,,,2024-01-01T00:00:00Z,352,FALSE
355,,,2024-01-01T00:00:00Z,353,FALSE
355,,,2024-01-01T00:00:00Z,354,FALSE
355,,,2024-01-01T00:00:00Z,144,FALSE
355,,,2024-01-01T00:00:00Z,356,FALSE
355,,,2024-01-01T00:00:00Z,357,FALSE
355,,,2024-01-01T00:00:00Z,358,FALSE
355,,,2024-01-01T00:00:00Z,364,FALSE
355,,,2024-01-01T00:00:00Z,365,FALSE
355,,,2024-01-01T00:00:00Z,366,FALSE
355,,,2024-02-01T00:00:00Z,138,FALSE
355,,,2024-02-01T00:00:00Z,368,FALSE
355,,,2024-02-01T00:00:00Z,140,FALSE
355,,,2024-02-01T00:00:00Z,369,FALSE
355,,,2024-02-01T00:00:00Z,139,FALSE
355,,,2024-02-01T00:00:00Z,125,FALSE
355,,,2024-02-01T00:00:00Z,136,FALSE
355,,,2024-02-01T00:00:00Z,141,FALSE
355,,,2024-02-01T00:00:00Z,45,FALSE
355,,,2024-02-01T00:00:00Z,143,FALSE
355,,,2024-02-01T00:00:00Z,137,FALSE
355,,,2024-02-01T00:00:00Z,142,FALSE
355,,,2024-02-01T00:00:00Z,370,FALSE
355,,,2024-02-01T00:00:00Z,371,FALSE
355,,,2024-02-01T00:00:00Z,372,FALSE
355,,,2024-02-01T00:00:00Z,330,FALSE
355,,,2024-02-01T00:00:00Z,373,FALSE
355,,,2024-02-01T00:00:00Z,211,FALSE
355,,,2024-02-01T00:00:00Z,226,FALSE
355,,,2024-02-01T00:00:00Z,233,FALSE
355,,,2024-02-01T00:00:00Z,378,FALSE
355,,,2024-02-01T00:00:00Z,377,FALSE
355,,,2024-02-01T00:00:00Z,310,FALSE
355,,,2024-02-01T00:00:00Z,379,FALSE
355,,,2024-02-01T00:00:00Z,382,FALSE
355,,,2024-02-01T00:00:00Z,381,FALSE
355,,,2024-02-01T00:00:00Z,383,FALSE
355,,,2024-02-01T00:00:00Z,385,FALSE
355,,,2024-02-01T00:00:00Z,352,FALSE
355,,,2024-02-01T00:00:00Z,353,FALSE
355,,,2024-02-01T00:00:00Z,354,FALSE
355,,,2024-02-01T00:00:00Z,144,FALSE
355,,,2024-02-01T00:00:00Z,356,FALSE
355,,,2024-02-01T00:00:00Z,357,FALSE
355,,,2024-02-01T00:00:00Z,358,FALSE
355,,,2024-02-01T00:00:00Z,364,FALSE
355,,,2024-02-01T00:00:00Z,365,FALSE
355,,,2024-02-01T00:00:00Z,366,FALSE
355,,,2024-03-01T00:00:00Z,138,FALSE
355,,,2024-03-01T00:00:00Z,368,FALSE
355,,,2024-03-01T00:00:00Z,140,FALSE
355,,,2024-03-01T00:00:00Z,369,FALSE
355,,,2024-03-01T00:00:00Z,139,FALSE
355,,,2024-03-01T00:00:00Z,125,FALSE
355,,,2024-03-01T00:00:00Z,136,FALSE
355,,,2024-03-01T00:00:00Z,141,FALSE
355,,,2024-03-01T00:00:00Z,45,FALSE
355,,,2024-03-01T00:00:00Z,143,FALSE
355,,,2024-03-01T00:00:00Z,137,FALSE
355,,,2024-03-01T00:00:00Z,142,FALSE
355,,,2024-03-01T00:00:00Z,370,FALSE
355,,,2024-03-01T00:00:00Z,371,FALSE
355,,,2024-03-01T00:00:00Z,372,FALSE
355,,,2024-03-01T00:00:00Z,330,FALSE
355,,,2024-03-01T00:00:00Z,373,FALSE
355,,,2024-03-01T00:00:00Z,211,FALSE
355,,,2024-03-01T00:00:00Z,226,FALSE
355,,,2024-03-01T00:00:00Z,233,FALSE
355,,,2024-03-01T00:00:00Z,378,FALSE
355,,,2024-03-01T00:00:00Z,377,FALSE
355,,,2024-03-01T00:00:00Z,310,FALSE
355,,,2024-03-01T00:00:00Z,379,FALSE
355,,,2024-03-01T00:00:00Z,382,FALSE
355,,,2024-03-01T00:00:00Z,381,FALSE
355,,,2024-03-01T00:00:00Z,383,FALSE
355,,,2024-03-01T00:00:00Z,385,FALSE
355,,,2024-03-01T00:00:00Z,352,FALSE
355,,,2024-03-01T00:00:00Z,353,FALSE
355,,,2024-03-01T00:00:00Z,354,FALSE
355,,,2024-03-01T00:00:00Z,144,FALSE
355,,,2024-03-01T00:00:00Z,356,FALSE
355,,,2024-03-01T00:00:00Z,357,FALSE
355,,,2024-03-01T00:00:00Z,358,FALSE
355,,,2024-03-01T00:00:00Z,364,FALSE
355,,,2024-03-01T00:00:00Z,365,FALSE
355,,,2024-03-01T00:00:00Z,366,FALSE
355,,,2024-04-01T00:00:00Z,138,FALSE
355,,,2024-04-01T00:00:00Z,368,FALSE
355,,,2024-04-01T00:00:00Z,140,FALSE
355,,,2024-04-01T00:00:00Z,369,FALSE
355,,,2024-04-01T00:00:00Z,139,FALSE
355,,,2024-04-01T00:00:00Z,125,FALSE
355,,,2024-04-01T00:00:00Z,136,FALSE
355,,,2024-04-01T00:00:00Z,141,FALSE
355,,,2024-04-01T00:00:00Z,45,FALSE
355,,,2024-04-01T00:00:00Z,143,FALSE
355,,,2024-04-01T00:00:00Z,137,FALSE
355,,,2024-04-01T00:00:00Z,142,FALSE
355,,,2024-04-01T00:00:00Z,370,FALSE
355,,,2024-04-01T00:00:00Z,371,FALSE
355,,,2024-04-01T00:00:00Z,372,FALSE
355,,,2024-04-01T00:00:00Z,330,FALSE
355,,,2024-04-01T00:00:00Z,373,FALSE
355,,,2024-04-01T00:00:00Z,211,FALSE
355,,,2024-04-01T00:00:00Z,226,FALSE
355,,,2024-04-01T00:00:00Z,233,FALSE
355,,,2024-04-01T00:00:00Z,378,FALSE
355,,,2024-04-01T00:00:00Z,377,FALSE
355,,,2024-04-01T00:00:00Z,310,FALSE
355,,,2024-04-01T00:00:00Z,379,FALSE
355,,,2024-04-01T00:00:00Z,382,FALSE
355,,,2024-04-01T00:00:00Z,381,FALSE
355,,,2024-04-01T00:00:00Z,383,FALSE
355,,,2024-04-01T00:00:00Z,385,FALSE
355,,,2024-04-01T00:00:00Z,352,FALSE
355,,,2024-04-01T00:00:00Z,353,FALSE
355,,,2024-04-01T00:00:00Z,354,FALSE
355,,,2024-04-01T00:00:00Z,144,FALSE
355,,,2024-04-01T00:00:00Z,356,FALSE
355,,,2024-04-01T00:00:00Z,357,FALSE
355,,,2024-04-01T00:00:00Z,358,FALSE
355,,,2024-04-01T00:00:00Z,364,FALSE
355,,,2024-04-01T00:00:00Z,365,FALSE
355,,,2024-04-01T00:00:00Z,366,FALSE
355,,,2024-05-01T00:00:00Z,138,FALSE
355,,,2024-05-01T00:00:00Z,368,FALSE
355,,,2024-05-01T00:00:00Z,140,FALSE
355,,,2024-05-01T00:00:00Z,369,FALSE
355,,,2024-05-01T00:00:00Z,139,FALSE
355,,,2024-05-01T00:00:00Z,125,FALSE
355,,,2024-05-01T00:00:00Z,136,FALSE
355,,,2024-05-01T00:00:00Z,141,FALSE
355,,,2024-05-01T00:00:00Z,45,FALSE
355,,,2024-05-01T00:00:00Z,143,FALSE
355,,,2024-05-01T00:00:00Z,137,FALSE
355,,,2024-05-01T00:00:00Z,142,FALSE
355,,,2024-05-01T00:00:00Z,370,FALSE
355,,,2024-05-01T00:00:00Z,371,FALSE
355,,,2024-05-01T00:00:00Z,372,FALSE
355,,,2024-05-01T00:00:00Z,330,FALSE
355,,,2024-05-01T00:00:00Z,373,FALSE
355,,,2024-05-01T00:00:00Z,211,FALSE
355,,,2024-05-01T00:00:00Z,226,FALSE
355,,,2024-05-01T00:00:00Z,233,FALSE
355,,,2024-05-01T00:00:00Z,378,FALSE
355,,,2024-05-01T00:00:00Z,377,FALSE
355,,,2024-05-01T00:00:00Z,310,FALSE
355,,,2024-05-01T00:00:00Z,379,FALSE
355,,,2024-05-01T00:00:00Z,382,FALSE
355,,,2024-05-01T00:00:00Z,381,FALSE
355,,,2024-05-01T00:00:00Z,383,FALSE
355,,,2024-05-01T00:00:00Z,385,FALSE
355,,,2024-05-01T00:00:00Z,352,FALSE
355,,,2024-05-01T00:00:00Z,353,FALSE
355,,,2024-05-01T00:00:00Z,354,FALSE
355,,,2024-05-01T00:00:00Z,144,FALSE
355,,,2024-05-01T00:00:00Z,356,FALSE
355,,,2024-05-01T00:00:00Z,357,FALSE
355,,,2024-05-01T00:00:00Z,358,FALSE
355,,,2024-05-01T00:00:00Z,364,FALSE
355,,,2024-05-01T00:00:00Z,365,FALSE
355,,,2024-05-01T00:00:00Z,366,FALSE
355,,,2024-06-01T00:00:00Z,138,FALSE
355,,,2024-06-01T00:00:00Z,368,FALSE
355,,,2024-06-01T00:00:00Z,140,FALSE
355,,,2024-06-01T00:00:00Z,369,FALSE
355,,,2024-06-01T00:00:00Z,139,FALSE
355,,,2024-06-01T00:00:00Z,125,FALSE
355,,,2024-06-01T00:00:00Z,136,FALSE
355,,,2024-06-01T00:00:00Z,141,FALSE
355,,,2024-06-01T00:00:00Z,45,FALSE
355,,,2024-06-01T00:00:00Z,143,FALSE
355,,,2024-06-01T00:00:00Z,137,FALSE
355,,,2024-06-01T00:00:00Z,142,FALSE
355,,,2024-06-01T00:00:00Z,370,FALSE
355,,,2024-06-01T00:00:00Z,371,FALSE
355,,,2024-06-01T00:00:00Z,372,FALSE
355,,,2024-06-01T00:00:00Z,330,FALSE
355,,,2024-06-01T00:00:00Z,373,FALSE
355,,,2024-06-01T00:00:00Z,211,FALSE
355,,,2024-06-01T00:00:00Z,226,FALSE
355,,,2024-06-01T00:00:00Z,233,FALSE
355,,,2024-06-01T00:00:00Z,378,FALSE
355,,,2024-06-01T00:00:00Z,377,FALSE
355,,,2024-06-01T00:00:00Z,310,FALSE
355,,,2024-06-01T00:00:00Z,379,FALSE
355,,,2024-06-01T00:00:00Z,382,FALSE
355,,,2024-06-01T00:00:00Z,381,FALSE
355,,,2024-06-01T00:00:00Z,383,FALSE
355,,,2024-06-01T00:00:00Z,385,FALSE
355,,,2024-06-01T00:00:00Z,352,FALSE
355,,,2024-06-01T00:00:00Z,353,FALSE
355,,,2024-06-01T00:00:00Z,354,FALSE
355,,,2024-06-01T00:00:00Z,144,FALSE
355,,,2024-06-01T00:00:00Z,356,FALSE
355,,,2024-06-01T00:00:00Z,357,FALSE
355,,,2024-06-01T00:00:00Z,358,FALSE
355,,,2024-06-01T00:00:00Z,364,FALSE
355,,,2024-06-01T00:00:00Z,365,FALSE
355,,,2024-06-01T00:00:00Z,366,FALSE
355,,,2024-07-01T00:00:00Z,138,FALSE
355,,,2024-07-01T00:00:00Z,368,FALSE
355,,,2024-07-01T00:00:00Z,140,FALSE
355,,,2024-07-01T00:00:00Z,369,FALSE
355,,,2024-07-01T00:00:00Z,139,FALSE
355,,,2024-07-01T00:00:00Z,125,FALSE
355,,,2024-07-01T00:00:00Z,136,FALSE
355,,,2024-07-01T00:00:00Z,141,FALSE
355,,,2024-07-01T00:00:00Z,45,FALSE
355,,,2024-07-01T00:00:00Z,143,FALSE
355,,,2024-07-01T00:00:00Z,137,FALSE
355,,,2024-07-01T00:00:00Z,142,FALSE
355,,,2024-07-01T00:00:00Z,370,FALSE
355,,,2024-07-01T00:00:00Z,371,FALSE
355,,,2024-07-01T00:00:00Z,372,FALSE
355,,,2024-07-01T00:00:00Z,330,FALSE
355,,,2024-07-01T00:00:00Z,373,FALSE
355,,,2024-07-01T00:00:00Z,211,FALSE
355,,,2024-07-01T00:00:00Z,226,FALSE
355,,,2024-07-01T00:00:00Z,233,FALSE
355,,,2024-07-01T00:00:00Z,378,FALSE
355,,,2024-07-01T00:00:00Z,377,FALSE
355,,,2024-07-01T00:00:00Z,310,FALSE
355,,,2024-07-01T00:00:00Z,379,FALSE
355,,,2024-07-01T00:00:00Z,382,FALSE
355,,,2024-07-01T00:00:00Z,381,FALSE
355,,,2024-07-01T00:00:00Z,383,FALSE
355,,,2024-07-01T00:00:00Z,385,FALSE
355,,,2024-07-01T00:00:00Z,352,FALSE
355,,,2024-07-01T00:00:00Z,353,FALSE
355,,,2024-07-01T00:00:00Z,354,FALSE
355,,,2024-07-01T00:00:00Z,144,FALSE
355,,,2024-07-01T00:00:00Z,356,FALSE
355,,,2024-07-01T00:00:00Z,357,FALSE
355,,,2024-07-01T00:00:00Z,358,FALSE
355,,,2024-07-01T00:00:00Z,364,FALSE
355,,,2024-07-01T00:00:00Z,365,FALSE
355,,,2024-07-01T00:00:00Z,366,FALSE
355,,,2024-08-01T00:00:00Z,138,FALSE
355,,,2024-08-01T00:00:00Z,368,FALSE
355,,,2024-08-01T00:00:00Z,140,FALSE
355,,,2024-08-01T00:00:00Z,369,FALSE
355,,,2024-08-01T00:00:00Z,139,FALSE
355,,,2024-08-01T00:00:00Z,125,FALSE
355,,,2024-08-01T00:00:00Z,136,FALSE
355,,,2024-08-01T00:00:00Z,141,FALSE
355,,,2024-08-01T00:00:00Z,45,FALSE
355,,,2024-08-01T00:00:00Z,143,FALSE
355,,,2024-08-01T00:00:00Z,137,FALSE
355,,,2024-08-01T00:00:00Z,142,FALSE
355,,,2024-08-01T00:00:00Z,370,FALSE
355,,,2024-08-01T00:00:00Z,371,FALSE
355,,,2024-08-01T00:00:00Z,372,FALSE
355,,,2024-08-01T00:00:00Z,330,FALSE
355,,,2024-08-01T00:00:00Z,373,FALSE
355,,,2024-08-01T00:00:00Z,211,FALSE
355,,,2024-08-01T00:00:00Z,226,FALSE
355,,,2024-08-01T00:00:00Z,233,FALSE
355,,,2024-08-01T00:00:00Z,378,FALSE
355,,,2024-08-01T00:00:00Z,377,FALSE
355,,,2024-08-01T00:00:00Z,310,FALSE
355,,,2024-08-01T00:00:00Z,379,FALSE
355,,,2024-08-01T00:00:00Z,382,FALSE
355,,,2024-08-01T00:00:00Z,381,FALSE
355,,,2024-08-01T00:00:00Z,383,FALSE
355,,,2024-08-01T00:00:00Z,385,FALSE
355,,,2024-08-01T00:00:00Z,352,FALSE
355,,,2024-08-01T00:00:00Z,353,FALSE
355,,,2024-08-01T00:00:00Z,354,FALSE
355,,,2024-08-01T00:00:00Z,144,FALSE
355,,,2024-08-01T00:00:00Z,356,FALSE
355,,,2024-08-01T00:00:00Z,357,FALSE
355,,,2024-08-01T00:00:00Z,358,FALSE
355,,,2024-08-01T00:00:00Z,364,FALSE
355,,,2024-08-01T00:00:00Z,365,FALSE
355,,,2024-08-01T00:00:00Z,366,FALSE
355,,,2024-09-01T00:00:00Z,138,FALSE
355,,,2024-09-01T00:00:00Z,368,FALSE
355,,,2024-09-01T00:00:00Z,140,FALSE
355,,,2024-09-01T00:00:00Z,369,FALSE
355,,,2024-09-01T00:00:00Z,139,FALSE
355,,,2024-09-01T00:00:00Z,125,FALSE
355,,,2024-09-01T00:00:00Z,136,FALSE
355,,,2024-09-01T00:00:00Z,141,FALSE
355,,,2024-09-01T00:00:00Z,45,FALSE
355,,,2024-09-01T00:00:00Z,143,FALSE
355,,,2024-09-01T00:00:00Z,137,FALSE
355,,,2024-09-01T00:00:00Z,142,FALSE
355,,,2024-09-01T00:00:00Z,370,FALSE
355,,,2024-09-01T00:00:00Z,371,FALSE
355,,,2024-09-01T00:00:00Z,372,FALSE
355,,,2024-09-01T00:00:00Z,330,FALSE
355,,,2024-09-01T00:00:00Z,373,FALSE
355,,,2024-09-01T00:00:00Z,211,FALSE
355,,,2024-09-01T00:00:00Z,226,FALSE
355,,,2024-09-01T00:00:00Z,233,FALSE
355,,,2024-09-01T00:00:00Z,378,FALSE
355,,,2024-09-01T00:00:00Z,377,FALSE
355,,,2024-09-01T00:00:00Z,310,FALSE
355,,,2024-09-01T00:00:00Z,379,FALSE
355,,,2024-09-01T00:00:00Z,382,FALSE
355,,,2024-09-01T00:00:00Z,381,FALSE
355,,,2024-09-01T00:00:00Z,383,FALSE
355,,,2024-09-01T00:00:00Z,385,FALSE
355,,,2024-09-01T00:00:00Z,352,FALSE
355,,,2024-09-01T00:00:00Z,353,FALSE
355,,,2024-09-01T00:00:00Z,354,FALSE
355,,,2024-09-01T00:00:00Z,144,FALSE
355,,,2024-09-01T00:00:00Z,356,FALSE
355,,,2024-09-01T00:00:00Z,357,FALSE
355,,,2024-09-01T00:00:00Z,358,FALSE
355,,,2024-09-01T00:00:00Z,364,FALSE
355,,,2024-09-01T00:00:00Z,365,FALSE
355,,,2024-09-01T00:00:00Z,366,FALSE
355,,,2024-10-01T00:00:00Z,138,FALSE
355,,,2024-10-01T00:00:00Z,368,FALSE
355,,,2024-10-01T00:00:00Z,140,FALSE
355,,,2024-10-01T00:00:00Z,369,FALSE
355,,,2024-10-01T00:00:00Z,139,FALSE
355,,,2024-10-01T00:00:00Z,125,FALSE
355,,,2024-10-01T00:00:00Z,136,FALSE
355,,,2024-10-01T00:00:00Z,141,FALSE
355,,,2024-10-01T00:00:00Z,45,FALSE
355,,,2024-10-01T00:00:00Z,143,FALSE
355,,,2024-10-01T00:00:00Z,137,FALSE
355,,,2024-10-01T00:00:00Z,142,FALSE
355,,,2024-10-01T00:00:00Z,370,FALSE
355,,,2024-10-01T00:00:00Z,371,FALSE
355,,,2024-10-01T00:00:00Z,372,FALSE
355,,,2024-10-01T00:00:00Z,330,FALSE
355,,,2024-10-01T00:00:00Z,373,FALSE
355,,,2024-10-01T00:00:00Z,211,FALSE
355,,,2024-10-01T00:00:00Z,226,FALSE
355,,,2024-10-01T00:00:00Z,233,FALSE
355,,,2024-10-01T00:00:00Z,378,FALSE
355,,,2024-10-01T00:00:00Z,377,FALSE
355,,,2024-10-01T00:00:00Z,310,FALSE
355,,,2024-10-01T00:00:00Z,379,FALSE
355,,,2024-10-01T00:00:00Z,382,FALSE
355,,,2024-10-01T00:00:00Z,381,FALSE
355,,,2024-10-01T00:00:00Z,383,FALSE
355,,,2024-10-01T00:00:00Z,385,FALSE
355,,,2024-10-01T00:00:00Z,352,FALSE
355,,,2024-10-01T00:00:00Z,353,FALSE
355,,,2024-10-01T00:00:00Z,354,FALSE
355,,,2024-10-01T00:00:00Z,144,FALSE
355,,,2024-10-01T00:00:00Z,356,FALSE
355,,,2024-10-01T00:00:00Z,357,FALSE
355,,,2024-10-01T00:00:00Z,358,FALSE
355,,,2024-10-01T00:00:00Z,364,FALSE
355,,,2024-10-01T00:00:00Z,365,FALSE
355,,,2024-10-01T00:00:00Z,366,FALSE
355,,,2024-11-01T00:00:00Z,138,FALSE
355,,,2024-11-01T00:00:00Z,368,FALSE
355,,,2024-11-01T00:00:00Z,140,FALSE
355,,,2024-11-01T00:00:00Z,369,FALSE
355,,,2024-11-01T00:00:00Z,139,FALSE
355,,,2024-11-01T00:00:00Z,125,FALSE
355,,,2024-11-01T00:00:00Z,136,FALSE
355,,,2024-11-01T00:00:00Z,141,FALSE
355,,,2024-11-01T00:00:00Z,45,FALSE
355,,,2024-11-01T00:00:00Z,143,FALSE
355,,,2024-11-01T00:00:00Z,137,FALSE
355,,,2024-11-01T00:00:00Z,142,FALSE
355,,,2024-11-01T00:00:00Z,370,FALSE
355,,,2024-11-01T00:00:00Z,371,FALSE
355,,,2024-11-01T00:00:00Z,372,FALSE
355,,,2024-11-01T00:00:00Z,330,FALSE
355,,,2024-11-01T00:00:00Z,373,FALSE
355,,,2024-11-01T00:00:00Z,211,FALSE
355,,,2024-11-01T00:00:00Z,226,FALSE
355,,,2024-11-01T00:00:00Z,233,FALSE
355,,,2024-11-01T00:00:00Z,378,FALSE
355,,,2024-11-01T00:00:00Z,377,FALSE
355,,,2024-11-01T00:00:00Z,310,FALSE
355,,,2024-11-01T00:00:00Z,379,FALSE
355,,,2024-11-01T00:00:00Z,382,FALSE
355,,,2024-11-01T00:00:00Z,381,FALSE
355,,,2024-11-01T00:00:00Z,383,FALSE
355,,,2024-11-01T00:00:00Z,385,FALSE
355,,,2024-11-01T00:00:00Z,352,FALSE
355,,,2024-11-01T00:00:00Z,353,FALSE
355,,,2024-11-01T00:00:00Z,354,FALSE
355,,,2024-11-01T00:00:00Z,144,FALSE
355,,,2024-11-01T00:00:00Z,356,FALSE
355,,,2024-11-01T00:00:00Z,357,FALSE
355,,,2024-11-01T00:00:00Z,358,FALSE
355,,,2024-11-01T00:00:00Z,364,FALSE
355,,,2024-11-01T00:00:00Z,365,FALSE
355,,,2024-11-01T00:00:00Z,366,FALSE
355,,,2024-12-01T00:00:00Z,138,FALSE
355,,,2024-12-01T00:00:00Z,368,FALSE
355,,,2024-12-01T00:00:00Z,140,FALSE
355,,,2024-12-01T00:00:00Z,369,FALSE
355,,,2024-12-01T00:00:00Z,139,FALSE
355,,,2024-12-01T00:00:00Z,125,FALSE
355,,,2024-12-01T00:00:00Z,136,FALSE
355,,,2024-12-01T00:00:00Z,141,FALSE
355,,,2024-12-01T00:00:00Z,45,FALSE
355,,,2024-12-01T00:00:00Z,143,FALSE
355,,,2024-12-01T00:00:00Z,137,FALSE
355,,,2024-12-01T00:00:00Z,142,FALSE
355,,,2024-12-01T00:00:00Z,370,FALSE
355,,,2024-12-01T00:00:00Z,371,FALSE
355,,,2024-12-01T00:00:00Z,372,FALSE
355,,,2024-12-01T00:00:00Z,330,FALSE
355,,,2024-12-01T00:00:00Z,373,FALSE
355,,,2024-12-01T00:00:00Z,211,FALSE
355,,,2024-12-01T00:00:00Z,226,FALSE
355,,,2024-12-01T00:00:00Z,233,FALSE
355,,,2024-12-01T00:00:00Z,378,FALSE
355,,,2024-12-01T00:00:00Z,377,FALSE
355,,,2024-12-01T00:00:00Z,310,FALSE
355,,,2024-12-01T00:00:00Z,379,FALSE
355,,,2024-12-01T00:00:00Z,382,FALSE
355,,,2024-12-01T00:00:00Z,381,FALSE
355,,,2024-12-01T00:00:00Z,383,FALSE
355,,,2024-12-01T00:00:00Z,385,FALSE
355,,,2024-12-01T00:00:00Z,352,FALSE
355,,,2024-12-01T00:00:00Z,353,FALSE
355,,,2024-12-01T00:00:00Z,354,FALSE
355,,,2024-12-01T00:00:00Z,144,FALSE
355,,,2024-12-01T00:00:00Z,356,FALSE
355,,,2024-12-01T00:00:00Z,357,FALSE
355,,,2024-12-01T00:00:00Z,358,FALSE
355,,,2024-12-01T00:00:00Z,364,FALSE
355,,,2024-12-01T00:00:00Z,365,FALSE
355,,,2024-12-01T00:00:00Z,366,FALSE
356,,,2024-01-01T00:00:00Z,138,FALSE
356,,,2024-01-01T00:00:00Z,368,FALSE
356,,,2024-01-01T00:00:00Z,140,FALSE
356,,,2024-01-01T00:00:00Z,369,FALSE
356,,,2024-01-01T00:00:00Z,139,FALSE
356,,,2024-01-01T00:00:00Z,125,FALSE
356,,,2024-01-01T00:00:00Z,136,FALSE
356,,,2024-01-01T00:00:00Z,141,FALSE
356,,,2024-01-01T00:00:00Z,45,FALSE
356,,,2024-01-01T00:00:00Z,143,FALSE
356,,,2024-01-01T00:00:00Z,137,FALSE
356,,,2024-01-01T00:00:00Z,142,FALSE
356,,,2024-01-01T00:00:00Z,370,FALSE
356,,,2024-01-01T00:00:00Z,371,FALSE
356,,,2024-01-01T00:00:00Z,372,FALSE
356,,,2024-01-01T00:00:00Z,330,FALSE
356,,,2024-01-01T00:00:00Z,373,FALSE
356,,,2024-01-01T00:00:00Z,211,FALSE
356,,,2024-01-01T00:00:00Z,226,FALSE
356,,,2024-01-01T00:00:00Z,233,FALSE
356,,,2024-01-01T00:00:00Z,378,FALSE
356,,,2024-01-01T00:00:00Z,377,FALSE
356,,,2024-01-01T00:00:00Z,310,FALSE
356,,,2024-01-01T00:00:00Z,379,FALSE
356,,,2024-01-01T00:00:00Z,382,FALSE
356,,,2024-01-01T00:00:00Z,381,FALSE
356,,,2024-01-01T00:00:00Z,383,FALSE
356,,,2024-01-01T00:00:00Z,385,FALSE
356,,,2024-01-01T00:00:00Z,352,FALSE
356,,,2024-01-01T00:00:00Z,353,FALSE
356,,,2024-01-01T00:00:00Z,354,FALSE
356,,,2024-01-01T00:00:00Z,144,FALSE
356,,,2024-01-01T00:00:00Z,357,FALSE
356,,,2024-01-01T00:00:00Z,358,FALSE
356,,,2024-01-01T00:00:00Z,355,FALSE
356,,,2024-01-01T00:00:00Z,364,FALSE
356,,,2024-01-01T00:00:00Z,365,FALSE
356,,,2024-01-01T00:00:00Z,366,FALSE
356,,,2024-02-01T00:00:00Z,138,FALSE
356,,,2024-02-01T00:00:00Z,368,FALSE
356,,,2024-02-01T00:00:00Z,140,FALSE
356,,,2024-02-01T00:00:00Z,369,FALSE
356,,,2024-02-01T00:00:00Z,139,FALSE
356,,,2024-02-01T00:00:00Z,125,FALSE
356,,,2024-02-01T00:00:00Z,136,FALSE
356,,,2024-02-01T00:00:00Z,141,FALSE
356,,,2024-02-01T00:00:00Z,45,FALSE
356,,,2024-02-01T00:00:00Z,143,FALSE
356,,,2024-02-01T00:00:00Z,137,FALSE
356,,,2024-02-01T00:00:00Z,142,FALSE
356,,,2024-02-01T00:00:00Z,370,FALSE
356,,,2024-02-01T00:00:00Z,371,FALSE
356,,,2024-02-01T00:00:00Z,372,FALSE
356,,,2024-02-01T00:00:00Z,330,FALSE
356,,,2024-02-01T00:00:00Z,373,FALSE
356,,,2024-02-01T00:00:00Z,211,FALSE
356,,,2024-02-01T00:00:00Z,226,FALSE
356,,,2024-02-01T00:00:00Z,233,FALSE
356,,,2024-02-01T00:00:00Z,378,FALSE
356,,,2024-02-01T00:00:00Z,377,FALSE
356,,,2024-02-01T00:00:00Z,310,FALSE
356,,,2024-02-01T00:00:00Z,379,FALSE
356,,,2024-02-01T00:00:00Z,382,FALSE
356,,,2024-02-01T00:00:00Z,381,FALSE
356,,,2024-02-01T00:00:00Z,383,FALSE
356,,,2024-02-01T00:00:00Z,385,FALSE
356,,,2024-02-01T00:00:00Z,352,FALSE
356,,,2024-02-01T00:00:00Z,353,FALSE
356,,,2024-02-01T00:00:00Z,354,FALSE
356,,,2024-02-01T00:00:00Z,144,FALSE
356,,,2024-02-01T00:00:00Z,357,FALSE
356,,,2024-02-01T00:00:00Z,358,FALSE
356,,,2024-02-01T00:00:00Z,355,FALSE
356,,,2024-02-01T00:00:00Z,364,FALSE
356,,,2024-02-01T00:00:00Z,365,FALSE
356,,,2024-02-01T00:00:00Z,366,FALSE
356,,,2024-03-01T00:00:00Z,138,FALSE
356,,,2024-03-01T00:00:00Z,368,FALSE
356,,,2024-03-01T00:00:00Z,140,FALSE
356,,,2024-03-01T00:00:00Z,369,FALSE
356,,,2024-03-01T00:00:00Z,139,FALSE
356,,,2024-03-01T00:00:00Z,125,FALSE
356,,,2024-03-01T00:00:00Z,136,FALSE
356,,,2024-03-01T00:00:00Z,141,FALSE
356,,,2024-03-01T00:00:00Z,45,FALSE
356,,,2024-03-01T00:00:00Z,143,FALSE
356,,,2024-03-01T00:00:00Z,137,FALSE
356,,,2024-03-01T00:00:00Z,142,FALSE
356,,,2024-03-01T00:00:00Z,370,FALSE
356,,,2024-03-01T00:00:00Z,371,FALSE
356,,,2024-03-01T00:00:00Z,372,FALSE
356,,,2024-03-01T00:00:00Z,330,FALSE
356,,,2024-03-01T00:00:00Z,373,FALSE
356,,,2024-03-01T00:00:00Z,211,FALSE
356,,,2024-03-01T00:00:00Z,226,FALSE
356,,,2024-03-01T00:00:00Z,233,FALSE
356,,,2024-03-01T00:00:00Z,378,FALSE
356,,,2024-03-01T00:00:00Z,377,FALSE
356,,,2024-03-01T00:00:00Z,310,FALSE
356,,,2024-03-01T00:00:00Z,379,FALSE
356,,,2024-03-01T00:00:00Z,382,FALSE
356,,,2024-03-01T00:00:00Z,381,FALSE
356,,,2024-03-01T00:00:00Z,383,FALSE
356,,,2024-03-01T00:00:00Z,385,FALSE
356,,,2024-03-01T00:00:00Z,352,FALSE
356,,,2024-03-01T00:00:00Z,353,FALSE
356,,,2024-03-01T00:00:00Z,354,FALSE
356,,,2024-03-01T00:00:00Z,144,FALSE
356,,,2024-03-01T00:00:00Z,357,FALSE
356,,,2024-03-01T00:00:00Z,358,FALSE
356,,,2024-03-01T00:00:00Z,355,FALSE
356,,,2024-03-01T00:00:00Z,364,FALSE
356,,,2024-03-01T00:00:00Z,365,FALSE
356,,,2024-03-01T00:00:00Z,366,FALSE
356,,,2024-04-01T00:00:00Z,138,FALSE
356,,,2024-04-01T00:00:00Z,368,FALSE
356,,,2024-04-01T00:00:00Z,140,FALSE
356,,,2024-04-01T00:00:00Z,369,FALSE
356,,,2024-04-01T00:00:00Z,139,FALSE
356,,,2024-04-01T00:00:00Z,125,FALSE
356,,,2024-04-01T00:00:00Z,136,FALSE
356,,,2024-04-01T00:00:00Z,141,FALSE
356,,,2024-04-01T00:00:00Z,45,FALSE
356,,,2024-04-01T00:00:00Z,143,FALSE
356,,,2024-04-01T00:00:00Z,137,FALSE
356,,,2024-04-01T00:00:00Z,142,FALSE
356,,,2024-04-01T00:00:00Z,370,FALSE
356,,,2024-04-01T00:00:00Z,371,FALSE
356,,,2024-04-01T00:00:00Z,372,FALSE
356,,,2024-04-01T00:00:00Z,330,FALSE
356,,,2024-04-01T00:00:00Z,373,FALSE
356,,,2024-04-01T00:00:00Z,211,FALSE
356,,,2024-04-01T00:00:00Z,226,FALSE
356,,,2024-04-01T00:00:00Z,233,FALSE
356,,,2024-04-01T00:00:00Z,378,FALSE
356,,,2024-04-01T00:00:00Z,377,FALSE
356,,,2024-04-01T00:00:00Z,310,FALSE
356,,,2024-04-01T00:00:00Z,379,FALSE
356,,,2024-04-01T00:00:00Z,382,FALSE
356,,,2024-04-01T00:00:00Z,381,FALSE
356,,,2024-04-01T00:00:00Z,383,FALSE
356,,,2024-04-01T00:00:00Z,385,FALSE
356,,,2024-04-01T00:00:00Z,352,FALSE
356,,,2024-04-01T00:00:00Z,353,FALSE
356,,,2024-04-01T00:00:00Z,354,FALSE
356,,,2024-04-01T00:00:00Z,144,FALSE
356,,,2024-04-01T00:00:00Z,357,FALSE
356,,,2024-04-01T00:00:00Z,358,FALSE
356,,,2024-04-01T00:00:00Z,355,FALSE
356,,,2024-04-01T00:00:00Z,364,FALSE
356,,,2024-04-01T00:00:00Z,365,FALSE
356,,,2024-04-01T00:00:00Z,366,FALSE
356,,,2024-05-01T00:00:00Z,138,FALSE
356,,,2024-05-01T00:00:00Z,368,FALSE
356,,,2024-05-01T00:00:00Z,140,FALSE
356,,,2024-05-01T00:00:00Z,369,FALSE
356,,,2024-05-01T00:00:00Z,139,FALSE
356,,,2024-05-01T00:00:00Z,125,FALSE
356,,,2024-05-01T00:00:00Z,136,FALSE
356,,,2024-05-01T00:00:00Z,141,FALSE
356,,,2024-05-01T00:00:00Z,45,FALSE
356,,,2024-05-01T00:00:00Z,143,FALSE
356,,,2024-05-01T00:00:00Z,137,FALSE
356,,,2024-05-01T00:00:00Z,142,FALSE
356,,,2024-05-01T00:00:00Z,370,FALSE
356,,,2024-05-01T00:00:00Z,371,FALSE
356,,,2024-05-01T00:00:00Z,372,FALSE
356,,,2024-05-01T00:00:00Z,330,FALSE
356,,,2024-05-01T00:00:00Z,373,FALSE
356,,,2024-05-01T00:00:00Z,211,FALSE
356,,,2024-05-01T00:00:00Z,226,FALSE
356,,,2024-05-01T00:00:00Z,233,FALSE
356,,,2024-05-01T00:00:00Z,378,FALSE
356,,,2024-05-01T00:00:00Z,377,FALSE
356,,,2024-05-01T00:00:00Z,310,FALSE
356,,,2024-05-01T00:00:00Z,379,FALSE
356,,,2024-05-01T00:00:00Z,382,FALSE
356,,,2024-05-01T00:00:00Z,381,FALSE
356,,,2024-05-01T00:00:00Z,383,FALSE
356,,,2024-05-01T00:00:00Z,385,FALSE
356,,,2024-05-01T00:00:00Z,352,FALSE
356,,,2024-05-01T00:00:00Z,353,FALSE
356,,,2024-05-01T00:00:00Z,354,FALSE
356,,,2024-05-01T00:00:00Z,144,FALSE
356,,,2024-05-01T00:00:00Z,357,FALSE
356,,,2024-05-01T00:00:00Z,358,FALSE
356,,,2024-05-01T00:00:00Z,355,FALSE
356,,,2024-05-01T00:00:00Z,364,FALSE
356,,,2024-05-01T00:00:00Z,365,FALSE
356,,,2024-05-01T00:00:00Z,366,FALSE
356,,,2024-06-01T00:00:00Z,138,FALSE
356,,,2024-06-01T00:00:00Z,368,FALSE
356,,,2024-06-01T00:00:00Z,140,FALSE
356,,,2024-06-01T00:00:00Z,369,FALSE
356,,,2024-06-01T00:00:00Z,139,FALSE
356,,,2024-06-01T00:00:00Z,125,FALSE
356,,,2024-06-01T00:00:00Z,136,FALSE
356,,,2024-06-01T00:00:00Z,141,FALSE
356,,,2024-06-01T00:00:00Z,45,FALSE
356,,,2024-06-01T00:00:00Z,143,FALSE
356,,,2024-06-01T00:00:00Z,137,FALSE
356,,,2024-06-01T00:00:00Z,142,FALSE
356,,,2024-06-01T00:00:00Z,370,FALSE
356,,,2024-06-01T00:00:00Z,371,FALSE
356,,,2024-06-01T00:00:00Z,372,FALSE
356,,,2024-06-01T00:00:00Z,330,FALSE
356,,,2024-06-01T00:00:00Z,373,FALSE
356,,,2024-06-01T00:00:00Z,211,FALSE
356,,,2024-06-01T00:00:00Z,226,FALSE
356,,,2024-06-01T00:00:00Z,233,FALSE
356,,,2024-06-01T00:00:00Z,378,FALSE
356,,,2024-06-01T00:00:00Z,377,FALSE
356,,,2024-06-01T00:00:00Z,310,FALSE
356,,,2024-06-01T00:00:00Z,379,FALSE
356,,,2024-06-01T00:00:00Z,382,FALSE
356,,,2024-06-01T00:00:00Z,381,FALSE
356,,,2024-06-01T00:00:00Z,383,FALSE
356,,,2024-06-01T00:00:00Z,385,FALSE
356,,,2024-06-01T00:00:00Z,352,FALSE
356,,,2024-06-01T00:00:00Z,353,FALSE
356,,,2024-06-01T00:00:00Z,354,FALSE
356,,,2024-06-01T00:00:00Z,144,FALSE
356,,,2024-06-01T00:00:00Z,357,FALSE
356,,,2024-06-01T00:00:00Z,358,FALSE
356,,,2024-06-01T00:00:00Z,355,FALSE
356,,,2024-06-01T00:00:00Z,364,FALSE
356,,,2024-06-01T00:00:00Z,365,FALSE
356,,,2024-06-01T00:00:00Z,366,FALSE
356,,,2024-07-01T00:00:00Z,138,FALSE
356,,,2024-07-01T00:00:00Z,368,FALSE
356,,,2024-07-01T00:00:00Z,140,FALSE
356,,,2024-07-01T00:00:00Z,369,FALSE
356,,,2024-07-01T00:00:00Z,139,FALSE
356,,,2024-07-01T00:00:00Z,125,FALSE
356,,,2024-07-01T00:00:00Z,136,FALSE
356,,,2024-07-01T00:00:00Z,141,FALSE
356,,,2024-07-01T00:00:00Z,45,FALSE
356,,,2024-07-01T00:00:00Z,143,FALSE
356,,,2024-07-01T00:00:00Z,137,FALSE
356,,,2024-07-01T00:00:00Z,142,FALSE
356,,,2024-07-01T00:00:00Z,370,FALSE
356,,,2024-07-01T00:00:00Z,371,FALSE
356,,,2024-07-01T00:00:00Z,372,FALSE
356,,,2024-07-01T00:00:00Z,330,FALSE
356,,,2024-07-01T00:00:00Z,373,FALSE
356,,,2024-07-01T00:00:00Z,211,FALSE
356,,,2024-07-01T00:00:00Z,226,FALSE
356,,,2024-07-01T00:00:00Z,233,FALSE
356,,,2024-07-01T00:00:00Z,378,FALSE
356,,,2024-07-01T00:00:00Z,377,FALSE
356,,,2024-07-01T00:00:00Z,310,FALSE
356,,,2024-07-01T00:00:00Z,379,FALSE
356,,,2024-07-01T00:00:00Z,382,FALSE
356,,,2024-07-01T00:00:00Z,381,FALSE
356,,,2024-07-01T00:00:00Z,383,FALSE
356,,,2024-07-01T00:00:00Z,385,FALSE
356,,,2024-07-01T00:00:00Z,352,FALSE
356,,,2024-07-01T00:00:00Z,353,FALSE
356,,,2024-07-01T00:00:00Z,354,FALSE
356,,,2024-07-01T00:00:00Z,144,FALSE
356,,,2024-07-01T00:00:00Z,357,FALSE
356,,,2024-07-01T00:00:00Z,358,FALSE
356,,,2024-07-01T00:00:00Z,355,FALSE
356,,,2024-07-01T00:00:00Z,364,FALSE
356,,,2024-07-01T00:00:00Z,365,FALSE
356,,,2024-07-01T00:00:00Z,366,FALSE
356,,,2024-08-01T00:00:00Z,138,FALSE
356,,,2024-08-01T00:00:00Z,368,FALSE
356,,,2024-08-01T00:00:00Z,140,FALSE
356,,,2024-08-01T00:00:00Z,369,FALSE
356,,,2024-08-01T00:00:00Z,139,FALSE
356,,,2024-08-01T00:00:00Z,125,FALSE
356,,,2024-08-01T00:00:00Z,136,FALSE
356,,,2024-08-01T00:00:00Z,141,FALSE
356,,,2024-08-01T00:00:00Z,45,FALSE
356,,,2024-08-01T00:00:00Z,143,FALSE
356,,,2024-08-01T00:00:00Z,137,FALSE
356,,,2024-08-01T00:00:00Z,142,FALSE
356,,,2024-08-01T00:00:00Z,370,FALSE
356,,,2024-08-01T00:00:00Z,371,FALSE
356,,,2024-08-01T00:00:00Z,372,FALSE
356,,,2024-08-01T00:00:00Z,330,FALSE
356,,,2024-08-01T00:00:00Z,373,FALSE
356,,,2024-08-01T00:00:00Z,211,FALSE
356,,,2024-08-01T00:00:00Z,226,FALSE
356,,,2024-08-01T00:00:00Z,233,FALSE
356,,,2024-08-01T00:00:00Z,378,FALSE
356,,,2024-08-01T00:00:00Z,377,FALSE
356,,,2024-08-01T00:00:00Z,310,FALSE
356,,,2024-08-01T00:00:00Z,379,FALSE
356,,,2024-08-01T00:00:00Z,382,FALSE
356,,,2024-08-01T00:00:00Z,381,FALSE
356,,,2024-08-01T00:00:00Z,383,FALSE
356,,,2024-08-01T00:00:00Z,385,FALSE
356,,,2024-08-01T00:00:00Z,352,FALSE
356,,,2024-08-01T00:00:00Z,353,FALSE
356,,,2024-08-01T00:00:00Z,354,FALSE
356,,,2024-08-01T00:00:00Z,144,FALSE
356,,,2024-08-01T00:00:00Z,357,FALSE
356,,,2024-08-01T00:00:00Z,358,FALSE
356,,,2024-08-01T00:00:00Z,355,FALSE
356,,,2024-08-01T00:00:00Z,364,FALSE
356,,,2024-08-01T00:00:00Z,365,FALSE
356,,,2024-08-01T00:00:00Z,366,FALSE
356,,,2024-09-01T00:00:00Z,138,FALSE
356,,,2024-09-01T00:00:00Z,368,FALSE
356,,,2024-09-01T00:00:00Z,140,FALSE
356,,,2024-09-01T00:00:00Z,369,FALSE
356,,,2024-09-01T00:00:00Z,139,FALSE
356,,,2024-09-01T00:00:00Z,125,FALSE
356,,,2024-09-01T00:00:00Z,136,FALSE
356,,,2024-09-01T00:00:00Z,141,FALSE
356,,,2024-09-01T00:00:00Z,45,FALSE
356,,,2024-09-01T00:00:00Z,143,FALSE
356,,,2024-09-01T00:00:00Z,137,FALSE
356,,,2024-09-01T00:00:00Z,142,FALSE
356,,,2024-09-01T00:00:00Z,370,FALSE
356,,,2024-09-01T00:00:00Z,371,FALSE
356,,,2024-09-01T00:00:00Z,372,FALSE
356,,,2024-09-01T00:00:00Z,330,FALSE
356,,,2024-09-01T00:00:00Z,373,FALSE
356,,,2024-09-01T00:00:00Z,211,FALSE
356,,,2024-09-01T00:00:00Z,226,FALSE
356,,,2024-09-01T00:00:00Z,233,FALSE
356,,,2024-09-01T00:00:00Z,378,FALSE
356,,,2024-09-01T00:00:00Z,377,FALSE
356,,,2024-09-01T00:00:00Z,310,FALSE
356,,,2024-09-01T00:00:00Z,379,FALSE
356,,,2024-09-01T00:00:00Z,382,FALSE
356,,,2024-09-01T00:00:00Z,381,FALSE
356,,,2024-09-01T00:00:00Z,383,FALSE
356,,,2024-09-01T00:00:00Z,385,FALSE
356,,,2024-09-01T00:00:00Z,352,FALSE
356,,,2024-09-01T00:00:00Z,353,FALSE
356,,,2024-09-01T00:00:00Z,354,FALSE
356,,,2024-09-01T00:00:00Z,144,FALSE
356,,,2024-09-01T00:00:00Z,357,FALSE
356,,,2024-09-01T00:00:00Z,358,FALSE
356,,,2024-09-01T00:00:00Z,355,FALSE
356,,,2024-09-01T00:00:00Z,364,FALSE
356,,,2024-09-01T00:00:00Z,365,FALSE
356,,,2024-09-01T00:00:00Z,366,FALSE
356,,,2024-10-01T00:00:00Z,138,FALSE
356,,,2024-10-01T00:00:00Z,368,FALSE
356,,,2024-10-01T00:00:00Z,140,FALSE
356,,,2024-10-01T00:00:00Z,369,FALSE
356,,,2024-10-01T00:00:00Z,139,FALSE
356,,,2024-10-01T00:00:00Z,125,FALSE
356,,,2024-10-01T00:00:00Z,136,FALSE
356,,,2024-10-01T00:00:00Z,141,FALSE
356,,,2024-10-01T00:00:00Z,45,FALSE
356,,,2024-10-01T00:00:00Z,143,FALSE
356,,,2024-10-01T00:00:00Z,137,FALSE
356,,,2024-10-01T00:00:00Z,142,FALSE
356,,,2024-10-01T00:00:00Z,370,FALSE
356,,,2024-10-01T00:00:00Z,371,FALSE
356,,,2024-10-01T00:00:00Z,372,FALSE
356,,,2024-10-01T00:00:00Z,330,FALSE
356,,,2024-10-01T00:00:00Z,373,FALSE
356,,,2024-10-01T00:00:00Z,211,FALSE
356,,,2024-10-01T00:00:00Z,226,FALSE
356,,,2024-10-01T00:00:00Z,233,FALSE
356,,,2024-10-01T00:00:00Z,378,FALSE
356,,,2024-10-01T00:00:00Z,377,FALSE
356,,,2024-10-01T00:00:00Z,310,FALSE
356,,,2024-10-01T00:00:00Z,379,FALSE
356,,,2024-10-01T00:00:00Z,382,FALSE
356,,,2024-10-01T00:00:00Z,381,FALSE
356,,,2024-10-01T00:00:00Z,383,FALSE
356,,,2024-10-01T00:00:00Z,385,FALSE
356,,,2024-10-01T00:00:00Z,352,FALSE
356,,,2024-10-01T00:00:00Z,353,FALSE
356,,,2024-10-01T00:00:00Z,354,FALSE
356,,,2024-10-01T00:00:00Z,144,FALSE
356,,,2024-10-01T00:00:00Z,357,FALSE
356,,,2024-10-01T00:00:00Z,358,FALSE
356,,,2024-10-01T00:00:00Z,355,FALSE
356,,,2024-10-01T00:00:00Z,364,FALSE
356,,,2024-10-01T00:00:00Z,365,FALSE
356,,,2024-10-01T00:00:00Z,366,FALSE
356,,,2024-11-01T00:00:00Z,138,FALSE
356,,,2024-11-01T00:00:00Z,368,FALSE
356,,,2024-11-01T00:00:00Z,140,FALSE
356,,,2024-11-01T00:00:00Z,369,FALSE
356,,,2024-11-01T00:00:00Z,139,FALSE
356,,,2024-11-01T00:00:00Z,125,FALSE
356,,,2024-11-01T00:00:00Z,136,FALSE
356,,,2024-11-01T00:00:00Z,141,FALSE
356,,,2024-11-01T00:00:00Z,45,FALSE
356,,,2024-11-01T00:00:00Z,143,FALSE
356,,,2024-11-01T00:00:00Z,137,FALSE
356,,,2024-11-01T00:00:00Z,142,FALSE
356,,,2024-11-01T00:00:00Z,370,FALSE
356,,,2024-11-01T00:00:00Z,371,FALSE
356,,,2024-11-01T00:00:00Z,372,FALSE
356,,,2024-11-01T00:00:00Z,330,FALSE
356,,,2024-11-01T00:00:00Z,373,FALSE
356,,,2024-11-01T00:00:00Z,211,FALSE
356,,,2024-11-01T00:00:00Z,226,FALSE
356,,,2024-11-01T00:00:00Z,233,FALSE
356,,,2024-11-01T00:00:00Z,378,FALSE
356,,,2024-11-01T00:00:00Z,377,FALSE
356,,,2024-11-01T00:00:00Z,310,FALSE
356,,,2024-11-01T00:00:00Z,379,FALSE
356,,,2024-11-01T00:00:00Z,382,FALSE
356,,,2024-11-01T00:00:00Z,381,FALSE
356,,,2024-11-01T00:00:00Z,383,FALSE
356,,,2024-11-01T00:00:00Z,385,FALSE
356,,,2024-11-01T00:00:00Z,352,FALSE
356,,,2024-11-01T00:00:00Z,353,FALSE
356,,,2024-11-01T00:00:00Z,354,FALSE
356,,,2024-11-01T00:00:00Z,144,FALSE
356,,,2024-11-01T00:00:00Z,357,FALSE
356,,,2024-11-01T00:00:00Z,358,FALSE
356,,,2024-11-01T00:00:00Z,355,FALSE
356,,,2024-11-01T00:00:00Z,364,FALSE
356,,,2024-11-01T00:00:00Z,365,FALSE
356,,,2024-11-01T00:00:00Z,366,FALSE
356,,,2024-12-01T00:00:00Z,138,FALSE
356,,,2024-12-01T00:00:00Z,368,FALSE
356,,,2024-12-01T00:00:00Z,140,FALSE
356,,,2024-12-01T00:00:00Z,369,FALSE
356,,,2024-12-01T00:00:00Z,139,FALSE
356,,,2024-12-01T00:00:00Z,125,FALSE
356,,,2024-12-01T00:00:00Z,136,FALSE
356,,,2024-12-01T00:00:00Z,141,FALSE
356,,,2024-12-01T00:00:00Z,45,FALSE
356,,,2024-12-01T00:00:00Z,143,FALSE
356,,,2024-12-01T00:00:00Z,137,FALSE
356,,,2024-12-01T00:00:00Z,142,FALSE
356,,,2024-12-01T00:00:00Z,370,FALSE
356,,,2024-12-01T00:00:00Z,371,FALSE
356,,,2024-12-01T00:00:00Z,372,FALSE
356,,,2024-12-01T00:00:00Z,330,FALSE
356,,,2024-12-01T00:00:00Z,373,FALSE
356,,,2024-12-01T00:00:00Z,211,FALSE
356,,,2024-12-01T00:00:00Z,226,FALSE
356,,,2024-12-01T00:00:00Z,233,FALSE
356,,,2024-12-01T00:00:00Z,378,FALSE
356,,,2024-12-01T00:00:00Z,377,FALSE
356,,,2024-12-01T00:00:00Z,310,FALSE
356,,,2024-12-01T00:00:00Z,379,FALSE
356,,,2024-12-01T00:00:00Z,382,FALSE
356,,,2024-12-01T00:00:00Z,381,FALSE
356,,,2024-12-01T00:00:00Z,383,FALSE
356,,,2024-12-01T00:00:00Z,385,FALSE
356,,,2024-12-01T00:00:00Z,352,FALSE
356,,,2024-12-01T00:00:00Z,353,FALSE
356,,,2024-12-01T00:00:00Z,354,FALSE
356,,,2024-12-01T00:00:00Z,144,FALSE
356,,,2024-12-01T00:00:00Z,357,FALSE
356,,,2024-12-01T00:00:00Z,358,FALSE
356,,,2024-12-01T00:00:00Z,355,FALSE
356,,,2024-12-01T00:00:00Z,364,FALSE
356,,,2024-12-01T00:00:00Z,365,FALSE
356,,,2024-12-01T00:00:00Z,366,FALSE
357,,,2024-01-01T00:00:00Z,138,FALSE
357,,,2024-01-01T00:00:00Z,368,FALSE
357,,,2024-01-01T00:00:00Z,140,FALSE
357,,,2024-01-01T00:00:00Z,369,FALSE
357,,,2024-01-01T00:00:00Z,139,FALSE
357,,,2024-01-01T00:00:00Z,125,FALSE
357,,,2024-01-01T00:00:00Z,136,FALSE
357,,,2024-01-01T00:00:00Z,141,FALSE
357,,,2024-01-01T00:00:00Z,45,FALSE
357,,,2024-01-01T00:00:00Z,143,FALSE
357,,,2024-01-01T00:00:00Z,137,FALSE
357,,,2024-01-01T00:00:00Z,142,FALSE
357,,,2024-01-01T00:00:00Z,370,FALSE
357,,,2024-01-01T00:00:00Z,371,FALSE
357,,,2024-01-01T00:00:00Z,372,FALSE
357,,,2024-01-01T00:00:00Z,330,FALSE
357,,,2024-01-01T00:00:00Z,373,FALSE
357,,,2024-01-01T00:00:00Z,211,FALSE
357,,,2024-01-01T00:00:00Z,226,FALSE
357,,,2024-01-01T00:00:00Z,233,FALSE
357,,,2024-01-01T00:00:00Z,378,FALSE
357,,,2024-01-01T00:00:00Z,377,FALSE
357,,,2024-01-01T00:00:00Z,310,FALSE
357,,,2024-01-01T00:00:00Z,379,FALSE
357,,,2024-01-01T00:00:00Z,382,FALSE
357,,,2024-01-01T00:00:00Z,381,FALSE
357,,,2024-01-01T00:00:00Z,383,FALSE
357,,,2024-01-01T00:00:00Z,385,FALSE
357,,,2024-01-01T00:00:00Z,352,FALSE
357,,,2024-01-01T00:00:00Z,353,FALSE
357,,,2024-01-01T00:00:00Z,354,FALSE
357,,,2024-01-01T00:00:00Z,144,FALSE
357,,,2024-01-01T00:00:00Z,356,FALSE
357,,,2024-01-01T00:00:00Z,358,FALSE
357,,,2024-01-01T00:00:00Z,355,FALSE
357,,,2024-01-01T00:00:00Z,364,FALSE
357,,,2024-01-01T00:00:00Z,365,FALSE
357,,,2024-01-01T00:00:00Z,366,FALSE
357,,,2024-02-01T00:00:00Z,138,FALSE
357,,,2024-02-01T00:00:00Z,368,FALSE
357,,,2024-02-01T00:00:00Z,140,FALSE
357,,,2024-02-01T00:00:00Z,369,FALSE
357,,,2024-02-01T00:00:00Z,139,FALSE
357,,,2024-02-01T00:00:00Z,125,FALSE
357,,,2024-02-01T00:00:00Z,136,FALSE
357,,,2024-02-01T00:00:00Z,141,FALSE
357,,,2024-02-01T00:00:00Z,45,FALSE
357,,,2024-02-01T00:00:00Z,143,FALSE
357,,,2024-02-01T00:00:00Z,137,FALSE
357,,,2024-02-01T00:00:00Z,142,FALSE
357,,,2024-02-01T00:00:00Z,370,FALSE
357,,,2024-02-01T00:00:00Z,371,FALSE
357,,,2024-02-01T00:00:00Z,372,FALSE
357,,,2024-02-01T00:00:00Z,330,FALSE
357,,,2024-02-01T00:00:00Z,373,FALSE
357,,,2024-02-01T00:00:00Z,211,FALSE
357,,,2024-02-01T00:00:00Z,226,FALSE
357,,,2024-02-01T00:00:00Z,233,FALSE
357,,,2024-02-01T00:00:00Z,378,FALSE
357,,,2024-02-01T00:00:00Z,377,FALSE
357,,,2024-02-01T00:00:00Z,310,FALSE
357,,,2024-02-01T00:00:00Z,379,FALSE
357,,,2024-02-01T00:00:00Z,382,FALSE
357,,,2024-02-01T00:00:00Z,381,FALSE
357,,,2024-02-01T00:00:00Z,383,FALSE
357,,,2024-02-01T00:00:00Z,385,FALSE
357,,,2024-02-01T00:00:00Z,352,FALSE
357,,,2024-02-01T00:00:00Z,353,FALSE
357,,,2024-02-01T00:00:00Z,354,FALSE
357,,,2024-02-01T00:00:00Z,144,FALSE
357,,,2024-02-01T00:00:00Z,356,FALSE
357,,,2024-02-01T00:00:00Z,358,FALSE
357,,,2024-02-01T00:00:00Z,355,FALSE
357,,,2024-02-01T00:00:00Z,364,FALSE
357,,,2024-02-01T00:00:00Z,365,FALSE
357,,,2024-02-01T00:00:00Z,366,FALSE
357,,,2024-03-01T00:00:00Z,138,FALSE
357,,,2024-03-01T00:00:00Z,368,FALSE
357,,,2024-03-01T00:00:00Z,140,FALSE
357,,,2024-03-01T00:00:00Z,369,FALSE
357,,,2024-03-01T00:00:00Z,139,FALSE
357,,,2024-03-01T00:00:00Z,125,FALSE
357,,,2024-03-01T00:00:00Z,136,FALSE
357,,,2024-03-01T00:00:00Z,141,FALSE
357,,,2024-03-01T00:00:00Z,45,FALSE
357,,,2024-03-01T00:00:00Z,143,FALSE
357,,,2024-03-01T00:00:00Z,137,FALSE
357,,,2024-03-01T00:00:00Z,142,FALSE
357,,,2024-03-01T00:00:00Z,370,FALSE
357,,,2024-03-01T00:00:00Z,371,FALSE
357,,,2024-03-01T00:00:00Z,372,FALSE
357,,,2024-03-01T00:00:00Z,330,FALSE
357,,,2024-03-01T00:00:00Z,373,FALSE
357,,,2024-03-01T00:00:00Z,211,FALSE
357,,,2024-03-01T00:00:00Z,226,FALSE
357,,,2024-03-01T00:00:00Z,233,FALSE
357,,,2024-03-01T00:00:00Z,378,FALSE
357,,,2024-03-01T00:00:00Z,377,FALSE
357,,,2024-03-01T00:00:00Z,310,FALSE
357,,,2024-03-01T00:00:00Z,379,FALSE
357,,,2024-03-01T00:00:00Z,382,FALSE
357,,,2024-03-01T00:00:00Z,381,FALSE
357,,,2024-03-01T00:00:00Z,383,FALSE
357,,,2024-03-01T00:00:00Z,385,FALSE
357,,,2024-03-01T00:00:00Z,352,FALSE
357,,,2024-03-01T00:00:00Z,353,FALSE
357,,,2024-03-01T00:00:00Z,354,FALSE
357,,,2024-03-01T00:00:00Z,144,FALSE
357,,,2024-03-01T00:00:00Z,356,FALSE
357,,,2024-03-01T00:00:00Z,358,FALSE
357,,,2024-03-01T00:00:00Z,355,FALSE
357,,,2024-03-01T00:00:00Z,364,FALSE
357,,,2024-03-01T00:00:00Z,365,FALSE
357,,,2024-03-01T00:00:00Z,366,FALSE
357,,,2024-04-01T00:00:00Z,138,FALSE
357,,,2024-04-01T00:00:00Z,368,FALSE
357,,,2024-04-01T00:00:00Z,140,FALSE
357,,,2024-04-01T00:00:00Z,369,FALSE
357,,,2024-04-01T00:00:00Z,139,FALSE
357,,,2024-04-01T00:00:00Z,125,FALSE
357,,,2024-04-01T00:00:00Z,136,FALSE
357,,,2024-04-01T00:00:00Z,141,FALSE
357,,,2024-04-01T00:00:00Z,45,FALSE
357,,,2024-04-01T00:00:00Z,143,FALSE
357,,,2024-04-01T00:00:00Z,137,FALSE
357,,,2024-04-01T00:00:00Z,142,FALSE
357,,,2024-04-01T00:00:00Z,370,FALSE
357,,,2024-04-01T00:00:00Z,371,FALSE
357,,,2024-04-01T00:00:00Z,372,FALSE
357,,,2024-04-01T00:00:00Z,330,FALSE
357,,,2024-04-01T00:00:00Z,373,FALSE
357,,,2024-04-01T00:00:00Z,211,FALSE
357,,,2024-04-01T00:00:00Z,226,FALSE
357,,,2024-04-01T00:00:00Z,233,FALSE
357,,,2024-04-01T00:00:00Z,378,FALSE
357,,,2024-04-01T00:00:00Z,377,FALSE
357,,,2024-04-01T00:00:00Z,310,FALSE
357,,,2024-04-01T00:00:00Z,379,FALSE
357,,,2024-04-01T00:00:00Z,382,FALSE
357,,,2024-04-01T00:00:00Z,381,FALSE
357,,,2024-04-01T00:00:00Z,383,FALSE
357,,,2024-04-01T00:00:00Z,385,FALSE
357,,,2024-04-01T00:00:00Z,352,FALSE
357,,,2024-04-01T00:00:00Z,353,FALSE
357,,,2024-04-01T00:00:00Z,354,FALSE
357,,,2024-04-01T00:00:00Z,144,FALSE
357,,,2024-04-01T00:00:00Z,356,FALSE
357,,,2024-04-01T00:00:00Z,358,FALSE
357,,,2024-04-01T00:00:00Z,355,FALSE
357,,,2024-04-01T00:00:00Z,364,FALSE
357,,,2024-04-01T00:00:00Z,365,FALSE
357,,,2024-04-01T00:00:00Z,366,FALSE
357,,,2024-05-01T00:00:00Z,138,FALSE
357,,,2024-05-01T00:00:00Z,368,FALSE
357,,,2024-05-01T00:00:00Z,140,FALSE
357,,,2024-05-01T00:00:00Z,369,FALSE
357,,,2024-05-01T00:00:00Z,139,FALSE
357,,,2024-05-01T00:00:00Z,125,FALSE
357,,,2024-05-01T00:00:00Z,136,FALSE
357,,,2024-05-01T00:00:00Z,141,FALSE
357,,,2024-05-01T00:00:00Z,45,FALSE
357,,,2024-05-01T00:00:00Z,143,FALSE
357,,,2024-05-01T00:00:00Z,137,FALSE
357,,,2024-05-01T00:00:00Z,142,FALSE
357,,,2024-05-01T00:00:00Z,370,FALSE
357,,,2024-05-01T00:00:00Z,371,FALSE
357,,,2024-05-01T00:00:00Z,372,FALSE
357,,,2024-05-01T00:00:00Z,330,FALSE
357,,,2024-05-01T00:00:00Z,373,FALSE
357,,,2024-05-01T00:00:00Z,211,FALSE
357,,,2024-05-01T00:00:00Z,226,FALSE
357,,,2024-05-01T00:00:00Z,233,FALSE
357,,,2024-05-01T00:00:00Z,378,FALSE
357,,,2024-05-01T00:00:00Z,377,FALSE
357,,,2024-05-01T00:00:00Z,310,FALSE
357,,,2024-05-01T00:00:00Z,379,FALSE
357,,,2024-05-01T00:00:00Z,382,FALSE
357,,,2024-05-01T00:00:00Z,381,FALSE
357,,,2024-05-01T00:00:00Z,383,FALSE
357,,,2024-05-01T00:00:00Z,385,FALSE
357,,,2024-05-01T00:00:00Z,352,FALSE
357,,,2024-05-01T00:00:00Z,353,FALSE
357,,,2024-05-01T00:00:00Z,354,FALSE
357,,,2024-05-01T00:00:00Z,144,FALSE
357,,,2024-05-01T00:00:00Z,356,FALSE
357,,,2024-05-01T00:00:00Z,358,FALSE
357,,,2024-05-01T00:00:00Z,355,FALSE
357,,,2024-05-01T00:00:00Z,364,FALSE
357,,,2024-05-01T00:00:00Z,365,FALSE
357,,,2024-05-01T00:00:00Z,366,FALSE
357,,,2024-06-01T00:00:00Z,138,FALSE
357,,,2024-06-01T00:00:00Z,368,FALSE
357,,,2024-06-01T00:00:00Z,140,FALSE
357,,,2024-06-01T00:00:00Z,369,FALSE
357,,,2024-06-01T00:00:00Z,139,FALSE
357,,,2024-06-01T00:00:00Z,125,FALSE
357,,,2024-06-01T00:00:00Z,136,FALSE
357,,,2024-06-01T00:00:00Z,141,FALSE
357,,,2024-06-01T00:00:00Z,45,FALSE
357,,,2024-06-01T00:00:00Z,143,FALSE
357,,,2024-06-01T00:00:00Z,137,FALSE
357,,,2024-06-01T00:00:00Z,142,FALSE
357,,,2024-06-01T00:00:00Z,370,FALSE
357,,,2024-06-01T00:00:00Z,371,FALSE
357,,,2024-06-01T00:00:00Z,372,FALSE
357,,,2024-06-01T00:00:00Z,330,FALSE
357,,,2024-06-01T00:00:00Z,373,FALSE
357,,,2024-06-01T00:00:00Z,211,FALSE
357,,,2024-06-01T00:00:00Z,226,FALSE
357,,,2024-06-01T00:00:00Z,233,FALSE
357,,,2024-06-01T00:00:00Z,378,FALSE
357,,,2024-06-01T00:00:00Z,377,FALSE
357,,,2024-06-01T00:00:00Z,310,FALSE
357,,,2024-06-01T00:00:00Z,379,FALSE
357,,,2024-06-01T00:00:00Z,382,FALSE
357,,,2024-06-01T00:00:00Z,381,FALSE
357,,,2024-06-01T00:00:00Z,383,FALSE
357,,,2024-06-01T00:00:00Z,385,FALSE
357,,,2024-06-01T00:00:00Z,352,FALSE
357,,,2024-06-01T00:00:00Z,353,FALSE
357,,,2024-06-01T00:00:00Z,354,FALSE
357,,,2024-06-01T00:00:00Z,144,FALSE
357,,,2024-06-01T00:00:00Z,356,FALSE
357,,,2024-06-01T00:00:00Z,358,FALSE
357,,,2024-06-01T00:00:00Z,355,FALSE
357,,,2024-06-01T00:00:00Z,364,FALSE
357,,,2024-06-01T00:00:00Z,365,FALSE
357,,,2024-06-01T00:00:00Z,366,FALSE
357,,,2024-07-01T00:00:00Z,138,FALSE
357,,,2024-07-01T00:00:00Z,368,FALSE
357,,,2024-07-01T00:00:00Z,140,FALSE
357,,,2024-07-01T00:00:00Z,369,FALSE
357,,,2024-07-01T00:00:00Z,139,FALSE
357,,,2024-07-01T00:00:00Z,125,FALSE
357,,,2024-07-01T00:00:00Z,136,FALSE
357,,,2024-07-01T00:00:00Z,141,FALSE
357,,,2024-07-01T00:00:00Z,45,FALSE
357,,,2024-07-01T00:00:00Z,143,FALSE
357,,,2024-07-01T00:00:00Z,137,FALSE
357,,,2024-07-01T00:00:00Z,142,FALSE
357,,,2024-07-01T00:00:00Z,370,FALSE
357,,,2024-07-01T00:00:00Z,371,FALSE
357,,,2024-07-01T00:00:00Z,372,FALSE
357,,,2024-07-01T00:00:00Z,330,FALSE
357,,,2024-07-01T00:00:00Z,373,FALSE
357,,,2024-07-01T00:00:00Z,211,FALSE
357,,,2024-07-01T00:00:00Z,226,FALSE
357,,,2024-07-01T00:00:00Z,233,FALSE
357,,,2024-07-01T00:00:00Z,378,FALSE
357,,,2024-07-01T00:00:00Z,377,FALSE
357,,,2024-07-01T00:00:00Z,310,FALSE
357,,,2024-07-01T00:00:00Z,379,FALSE
357,,,2024-07-01T00:00:00Z,382,FALSE
357,,,2024-07-01T00:00:00Z,381,FALSE
357,,,2024-07-01T00:00:00Z,383,FALSE
357,,,2024-07-01T00:00:00Z,385,FALSE
357,,,2024-07-01T00:00:00Z,352,FALSE
357,,,2024-07-01T00:00:00Z,353,FALSE
357,,,2024-07-01T00:00:00Z,354,FALSE
357,,,2024-07-01T00:00:00Z,144,FALSE
357,,,2024-07-01T00:00:00Z,356,FALSE
357,,,2024-07-01T00:00:00Z,358,FALSE
357,,,2024-07-01T00:00:00Z,355,FALSE
357,,,2024-07-01T00:00:00Z,364,FALSE
357,,,2024-07-01T00:00:00Z,365,FALSE
357,,,2024-07-01T00:00:00Z,366,FALSE
357,,,2024-08-01T00:00:00Z,138,FALSE
357,,,2024-08-01T00:00:00Z,368,FALSE
357,,,2024-08-01T00:00:00Z,140,FALSE
357,,,2024-08-01T00:00:00Z,369,FALSE
357,,,2024-08-01T00:00:00Z,139,FALSE
357,,,2024-08-01T00:00:00Z,125,FALSE
357,,,2024-08-01T00:00:00Z,136,FALSE
357,,,2024-08-01T00:00:00Z,141,FALSE
357,,,2024-08-01T00:00:00Z,45,FALSE
357,,,2024-08-01T00:00:00Z,143,FALSE
357,,,2024-08-01T00:00:00Z,137,FALSE
357,,,2024-08-01T00:00:00Z,142,FALSE
357,,,2024-08-01T00:00:00Z,370,FALSE
357,,,2024-08-01T00:00:00Z,371,FALSE
357,,,2024-08-01T00:00:00Z,372,FALSE
357,,,2024-08-01T00:00:00Z,330,FALSE
357,,,2024-08-01T00:00:00Z,373,FALSE
357,,,2024-08-01T00:00:00Z,211,FALSE
357,,,2024-08-01T00:00:00Z,226,FALSE
357,,,2024-08-01T00:00:00Z,233,FALSE
357,,,2024-08-01T00:00:00Z,378,FALSE
357,,,2024-08-01T00:00:00Z,377,FALSE
357,,,2024-08-01T00:00:00Z,310,FALSE
357,,,2024-08-01T00:00:00Z,379,FALSE
357,,,2024-08-01T00:00:00Z,382,FALSE
357,,,2024-08-01T00:00:00Z,381,FALSE
357,,,2024-08-01T00:00:00Z,383,FALSE
357,,,2024-08-01T00:00:00Z,385,FALSE
357,,,2024-08-01T00:00:00Z,352,FALSE
357,,,2024-08-01T00:00:00Z,353,FALSE
357,,,2024-08-01T00:00:00Z,354,FALSE
357,,,2024-08-01T00:00:00Z,144,FALSE
357,,,2024-08-01T00:00:00Z,356,FALSE
357,,,2024-08-01T00:00:00Z,358,FALSE
357,,,2024-08-01T00:00:00Z,355,FALSE
357,,,2024-08-01T00:00:00Z,364,FALSE
357,,,2024-08-01T00:00:00Z,365,FALSE
357,,,2024-08-01T00:00:00Z,366,FALSE
357,,,2024-09-01T00:00:00Z,138,FALSE
357,,,2024-09-01T00:00:00Z,368,FALSE
357,,,2024-09-01T00:00:00Z,140,FALSE
357,,,2024-09-01T00:00:00Z,369,FALSE
357,,,2024-09-01T00:00:00Z,139,FALSE
357,,,2024-09-01T00:00:00Z,125,FALSE
357,,,2024-09-01T00:00:00Z,136,FALSE
357,,,2024-09-01T00:00:00Z,141,FALSE
357,,,2024-09-01T00:00:00Z,45,FALSE
357,,,2024-09-01T00:00:00Z,143,FALSE
357,,,2024-09-01T00:00:00Z,137,FALSE
357,,,2024-09-01T00:00:00Z,142,FALSE
357,,,2024-09-01T00:00:00Z,370,FALSE
357,,,2024-09-01T00:00:00Z,371,FALSE
357,,,2024-09-01T00:00:00Z,372,FALSE
357,,,2024-09-01T00:00:00Z,330,FALSE
357,,,2024-09-01T00:00:00Z,373,FALSE
357,,,2024-09-01T00:00:00Z,211,FALSE
357,,,2024-09-01T00:00:00Z,226,FALSE
357,,,2024-09-01T00:00:00Z,233,FALSE
357,,,2024-09-01T00:00:00Z,378,FALSE
357,,,2024-09-01T00:00:00Z,377,FALSE
357,,,2024-09-01T00:00:00Z,310,FALSE
357,,,2024-09-01T00:00:00Z,379,FALSE
357,,,2024-09-01T00:00:00Z,382,FALSE
357,,,2024-09-01T00:00:00Z,381,FALSE
357,,,2024-09-01T00:00:00Z,383,FALSE
357,,,2024-09-01T00:00:00Z,385,FALSE
357,,,2024-09-01T00:00:00Z,352,FALSE
357,,,2024-09-01T00:00:00Z,353,FALSE
357,,,2024-09-01T00:00:00Z,354,FALSE
357,,,2024-09-01T00:00:00Z,144,FALSE
357,,,2024-09-01T00:00:00Z,356,FALSE
357,,,2024-09-01T00:00:00Z,358,FALSE
357,,,2024-09-01T00:00:00Z,355,FALSE
357,,,2024-09-01T00:00:00Z,364,FALSE
357,,,2024-09-01T00:00:00Z,365,FALSE
357,,,2024-09-01T00:00:00Z,366,FALSE
357,,,2024-10-01T00:00:00Z,138,FALSE
357,,,2024-10-01T00:00:00Z,368,FALSE
357,,,2024-10-01T00:00:00Z,140,FALSE
357,,,2024-10-01T00:00:00Z,369,FALSE
357,,,2024-10-01T00:00:00Z,139,FALSE
357,,,2024-10-01T00:00:00Z,125,FALSE
357,,,2024-10-01T00:00:00Z,136,FALSE
357,,,2024-10-01T00:00:00Z,141,FALSE
357,,,2024-10-01T00:00:00Z,45,FALSE
357,,,2024-10-01T00:00:00Z,143,FALSE
357,,,2024-10-01T00:00:00Z,137,FALSE
357,,,2024-10-01T00:00:00Z,142,FALSE
357,,,2024-10-01T00:00:00Z,370,FALSE
357,,,2024-10-01T00:00:00Z,371,FALSE
357,,,2024-10-01T00:00:00Z,372,FALSE
357,,,2024-10-01T00:00:00Z,330,FALSE
357,,,2024-10-01T00:00:00Z,373,FALSE
357,,,2024-10-01T00:00:00Z,211,FALSE
357,,,2024-10-01T00:00:00Z,226,FALSE
357,,,2024-10-01T00:00:00Z,233,FALSE
357,,,2024-10-01T00:00:00Z,378,FALSE
357,,,2024-10-01T00:00:00Z,377,FALSE
357,,,2024-10-01T00:00:00Z,310,FALSE
357,,,2024-10-01T00:00:00Z,379,FALSE
357,,,2024-10-01T00:00:00Z,382,FALSE
357,,,2024-10-01T00:00:00Z,381,FALSE
357,,,2024-10-01T00:00:00Z,383,FALSE
357,,,2024-10-01T00:00:00Z,385,FALSE
357,,,2024-10-01T00:00:00Z,352,FALSE
357,,,2024-10-01T00:00:00Z,353,FALSE
357,,,2024-10-01T00:00:00Z,354,FALSE
357,,,2024-10-01T00:00:00Z,144,FALSE
357,,,2024-10-01T00:00:00Z,356,FALSE
357,,,2024-10-01T00:00:00Z,358,FALSE
357,,,2024-10-01T00:00:00Z,355,FALSE
357,,,2024-10-01T00:00:00Z,364,FALSE
357,,,2024-10-01T00:00:00Z,365,FALSE
357,,,2024-10-01T00:00:00Z,366,FALSE
357,,,2024-11-01T00:00:00Z,138,FALSE
357,,,2024-11-01T00:00:00Z,368,FALSE
357,,,2024-11-01T00:00:00Z,140,FALSE
357,,,2024-11-01T00:00:00Z,369,FALSE
357,,,2024-11-01T00:00:00Z,139,FALSE
357,,,2024-11-01T00:00:00Z,125,FALSE
357,,,2024-11-01T00:00:00Z,136,FALSE
357,,,2024-11-01T00:00:00Z,141,FALSE
357,,,2024-11-01T00:00:00Z,45,FALSE
357,,,2024-11-01T00:00:00Z,143,FALSE
357,,,2024-11-01T00:00:00Z,137,FALSE
357,,,2024-11-01T00:00:00Z,142,FALSE
357,,,2024-11-01T00:00:00Z,370,FALSE
357,,,2024-11-01T00:00:00Z,371,FALSE
357,,,2024-11-01T00:00:00Z,372,FALSE
357,,,2024-11-01T00:00:00Z,330,FALSE
357,,,2024-11-01T00:00:00Z,373,FALSE
357,,,2024-11-01T00:00:00Z,211,FALSE
357,,,2024-11-01T00:00:00Z,226,FALSE
357,,,2024-11-01T00:00:00Z,233,FALSE
357,,,2024-11-01T00:00:00Z,378,FALSE
357,,,2024-11-01T00:00:00Z,377,FALSE
357,,,2024-11-01T00:00:00Z,310,FALSE
357,,,2024-11-01T00:00:00Z,379,FALSE
357,,,2024-11-01T00:00:00Z,382,FALSE
357,,,2024-11-01T00:00:00Z,381,FALSE
357,,,2024-11-01T00:00:00Z,383,FALSE
357,,,2024-11-01T00:00:00Z,385,FALSE
357,,,2024-11-01T00:00:00Z,352,FALSE
357,,,2024-11-01T00:00:00Z,353,FALSE
357,,,2024-11-01T00:00:00Z,354,FALSE
357,,,2024-11-01T00:00:00Z,144,FALSE
357,,,2024-11-01T00:00:00Z,356,FALSE
357,,,2024-11-01T00:00:00Z,358,FALSE
357,,,2024-11-01T00:00:00Z,355,FALSE
357,,,2024-11-01T00:00:00Z,364,FALSE
357,,,2024-11-01T00:00:00Z,365,FALSE
357,,,2024-11-01T00:00:00Z,366,FALSE
357,,,2024-12-01T00:00:00Z,138,FALSE
357,,,2024-12-01T00:00:00Z,368,FALSE
357,,,2024-12-01T00:00:00Z,140,FALSE
357,,,2024-12-01T00:00:00Z,369,FALSE
357,,,2024-12-01T00:00:00Z,139,FALSE
357,,,2024-12-01T00:00:00Z,125,FALSE
357,,,2024-12-01T00:00:00Z,136,FALSE
357,,,2024-12-01T00:00:00Z,141,FALSE
357,,,2024-12-01T00:00:00Z,45,FALSE
357,,,2024-12-01T00:00:00Z,143,FALSE
357,,,2024-12-01T00:00:00Z,137,FALSE
357,,,2024-12-01T00:00:00Z,142,FALSE
357,,,2024-12-01T00:00:00Z,370,FALSE
357,,,2024-12-01T00:00:00Z,371,FALSE
357,,,2024-12-01T00:00:00Z,372,FALSE
357,,,2024-12-01T00:00:00Z,330,FALSE
357,,,2024-12-01T00:00:00Z,373,FALSE
357,,,2024-12-01T00:00:00Z,211,FALSE
357,,,2024-12-01T00:00:00Z,226,FALSE
357,,,2024-12-01T00:00:00Z,233,FALSE
357,,,2024-12-01T00:00:00Z,378,FALSE
357,,,2024-12-01T00:00:00Z,377,FALSE
357,,,2024-12-01T00:00:00Z,310,FALSE
357,,,2024-12-01T00:00:00Z,379,FALSE
357,,,2024-12-01T00:00:00Z,382,FALSE
357,,,2024-12-01T00:00:00Z,381,FALSE
357,,,2024-12-01T00:00:00Z,383,FALSE
357,,,2024-12-01T00:00:00Z,385,FALSE
357,,,2024-12-01T00:00:00Z,352,FALSE
357,,,2024-12-01T00:00:00Z,353,FALSE
357,,,2024-12-01T00:00:00Z,354,FALSE
357,,,2024-12-01T00:00:00Z,144,FALSE
357,,,2024-12-01T00:00:00Z,356,FALSE
357,,,2024-12-01T00:00:00Z,358,FALSE
357,,,2024-12-01T00:00:00Z,355,FALSE
357,,,2024-12-01T00:00:00Z,364,FALSE
357,,,2024-12-01T00:00:00Z,365,FALSE
357,,,2024-12-01T00:00:00Z,366,FALSE
358,,,2024-01-01T00:00:00Z,138,FALSE
358,,,2024-01-01T00:00:00Z,368,FALSE
358,,,2024-01-01T00:00:00Z,140,FALSE
358,,,2024-01-01T00:00:00Z,369,FALSE
358,,,2024-01-01T00:00:00Z,139,FALSE
358,,,2024-01-01T00:00:00Z,125,FALSE
358,,,2024-01-01T00:00:00Z,136,FALSE
358,,,2024-01-01T00:00:00Z,141,FALSE
358,,,2024-01-01T00:00:00Z,45,FALSE
358,,,2024-01-01T00:00:00Z,143,FALSE
358,,,2024-01-01T00:00:00Z,137,FALSE
358,,,2024-01-01T00:00:00Z,142,FALSE
358,,,2024-01-01T00:00:00Z,370,FALSE
358,,,2024-01-01T00:00:00Z,371,FALSE
358,,,2024-01-01T00:00:00Z,372,FALSE
358,,,2024-01-01T00:00:00Z,330,FALSE
358,,,2024-01-01T00:00:00Z,373,FALSE
358,,,2024-01-01T00:00:00Z,211,FALSE
358,,,2024-01-01T00:00:00Z,226,FALSE
358,,,2024-01-01T00:00:00Z,233,FALSE
358,,,2024-01-01T00:00:00Z,378,FALSE
358,,,2024-01-01T00:00:00Z,377,FALSE
358,,,2024-01-01T00:00:00Z,310,FALSE
358,,,2024-01-01T00:00:00Z,379,FALSE
358,,,2024-01-01T00:00:00Z,382,FALSE
358,,,2024-01-01T00:00:00Z,381,FALSE
358,,,2024-01-01T00:00:00Z,383,FALSE
358,,,2024-01-01T00:00:00Z,385,FALSE
358,,,2024-01-01T00:00:00Z,352,FALSE
358,,,2024-01-01T00:00:00Z,353,FALSE
358,,,2024-01-01T00:00:00Z,354,FALSE
358,,,2024-01-01T00:00:00Z,144,FALSE
358,,,2024-01-01T00:00:00Z,356,FALSE
358,,,2024-01-01T00:00:00Z,357,FALSE
358,,,2024-01-01T00:00:00Z,355,FALSE
358,,,2024-01-01T00:00:00Z,364,FALSE
358,,,2024-01-01T00:00:00Z,365,FALSE
358,,,2024-01-01T00:00:00Z,366,FALSE
358,,,2024-02-01T00:00:00Z,138,FALSE
358,,,2024-02-01T00:00:00Z,368,FALSE
358,,,2024-02-01T00:00:00Z,140,FALSE
358,,,2024-02-01T00:00:00Z,369,FALSE
358,,,2024-02-01T00:00:00Z,139,FALSE
358,,,2024-02-01T00:00:00Z,125,FALSE
358,,,2024-02-01T00:00:00Z,136,FALSE
358,,,2024-02-01T00:00:00Z,141,FALSE
358,,,2024-02-01T00:00:00Z,45,FALSE
358,,,2024-02-01T00:00:00Z,143,FALSE
358,,,2024-02-01T00:00:00Z,137,FALSE
358,,,2024-02-01T00:00:00Z,142,FALSE
358,,,2024-02-01T00:00:00Z,370,FALSE
358,,,2024-02-01T00:00:00Z,371,FALSE
358,,,2024-02-01T00:00:00Z,372,FALSE
358,,,2024-02-01T00:00:00Z,330,FALSE
358,,,2024-02-01T00:00:00Z,373,FALSE
358,,,2024-02-01T00:00:00Z,211,FALSE
358,,,2024-02-01T00:00:00Z,226,FALSE
358,,,2024-02-01T00:00:00Z,233,FALSE
358,,,2024-02-01T00:00:00Z,378,FALSE
358,,,2024-02-01T00:00:00Z,377,FALSE
358,,,2024-02-01T00:00:00Z,310,FALSE
358,,,2024-02-01T00:00:00Z,379,FALSE
358,,,2024-02-01T00:00:00Z,382,FALSE
358,,,2024-02-01T00:00:00Z,381,FALSE
358,,,2024-02-01T00:00:00Z,383,FALSE
358,,,2024-02-01T00:00:00Z,385,FALSE
358,,,2024-02-01T00:00:00Z,352,FALSE
358,,,2024-02-01T00:00:00Z,353,FALSE
358,,,2024-02-01T00:00:00Z,354,FALSE
358,,,2024-02-01T00:00:00Z,144,FALSE
358,,,2024-02-01T00:00:00Z,356,FALSE
358,,,2024-02-01T00:00:00Z,357,FALSE
358,,,2024-02-01T00:00:00Z,355,FALSE
358,,,2024-02-01T00:00:00Z,364,FALSE
358,,,2024-02-01T00:00:00Z,365,FALSE
358,,,2024-02-01T00:00:00Z,366,FALSE
358,,,2024-03-01T00:00:00Z,138,FALSE
358,,,2024-03-01T00:00:00Z,368,FALSE
358,,,2024-03-01T00:00:00Z,140,FALSE
358,,,2024-03-01T00:00:00Z,369,FALSE
358,,,2024-03-01T00:00:00Z,139,FALSE
358,,,2024-03-01T00:00:00Z,125,FALSE
358,,,2024-03-01T00:00:00Z,136,FALSE
358,,,2024-03-01T00:00:00Z,141,FALSE
358,,,2024-03-01T00:00:00Z,45,FALSE
358,,,2024-03-01T00:00:00Z,143,FALSE
358,,,2024-03-01T00:00:00Z,137,FALSE
358,,,2024-03-01T00:00:00Z,142,FALSE
358,,,2024-03-01T00:00:00Z,370,FALSE
358,,,2024-03-01T00:00:00Z,371,FALSE
358,,,2024-03-01T00:00:00Z,372,FALSE
358,,,2024-03-01T00:00:00Z,330,FALSE
358,,,2024-03-01T00:00:00Z,373,FALSE
358,,,2024-03-01T00:00:00Z,211,FALSE
358,,,2024-03-01T00:00:00Z,226,FALSE
358,,,2024-03-01T00:00:00Z,233,FALSE
358,,,2024-03-01T00:00:00Z,378,FALSE
358,,,2024-03-01T00:00:00Z,377,FALSE
358,,,2024-03-01T00:00:00Z,310,FALSE
358,,,2024-03-01T00:00:00Z,379,FALSE
358,,,2024-03-01T00:00:00Z,382,FALSE
358,,,2024-03-01T00:00:00Z,381,FALSE
358,,,2024-03-01T00:00:00Z,383,FALSE
358,,,2024-03-01T00:00:00Z,385,FALSE
358,,,2024-03-01T00:00:00Z,352,FALSE
358,,,2024-03-01T00:00:00Z,353,FALSE
358,,,2024-03-01T00:00:00Z,354,FALSE
358,,,2024-03-01T00:00:00Z,144,FALSE
358,,,2024-03-01T00:00:00Z,356,FALSE
358,,,2024-03-01T00:00:00Z,357,FALSE
358,,,2024-03-01T00:00:00Z,355,FALSE
358,,,2024-03-01T00:00:00Z,364,FALSE
358,,,2024-03-01T00:00:00Z,365,FALSE
358,,,2024-03-01T00:00:00Z,366,FALSE
358,,,2024-04-01T00:00:00Z,138,FALSE
358,,,2024-04-01T00:00:00Z,368,FALSE
358,,,2024-04-01T00:00:00Z,140,FALSE
358,,,2024-04-01T00:00:00Z,369,FALSE
358,,,2024-04-01T00:00:00Z,139,FALSE
358,,,2024-04-01T00:00:00Z,125,FALSE
358,,,2024-04-01T00:00:00Z,136,FALSE
358,,,2024-04-01T00:00:00Z,141,FALSE
358,,,2024-04-01T00:00:00Z,45,FALSE
358,,,2024-04-01T00:00:00Z,143,FALSE
358,,,2024-04-01T00:00:00Z,137,FALSE
358,,,2024-04-01T00:00:00Z,142,FALSE
358,,,2024-04-01T00:00:00Z,370,FALSE
358,,,2024-04-01T00:00:00Z,371,FALSE
358,,,2024-04-01T00:00:00Z,372,FALSE
358,,,2024-04-01T00:00:00Z,330,FALSE
358,,,2024-04-01T00:00:00Z,373,FALSE
358,,,2024-04-01T00:00:00Z,211,FALSE
358,,,2024-04-01T00:00:00Z,226,FALSE
358,,,2024-04-01T00:00:00Z,233,FALSE
358,,,2024-04-01T00:00:00Z,378,FALSE
358,,,2024-04-01T00:00:00Z,377,FALSE
358,,,2024-04-01T00:00:00Z,310,FALSE
358,,,2024-04-01T00:00:00Z,379,FALSE
358,,,2024-04-01T00:00:00Z,382,FALSE
358,,,2024-04-01T00:00:00Z,381,FALSE
358,,,2024-04-01T00:00:00Z,383,FALSE
358,,,2024-04-01T00:00:00Z,385,FALSE
358,,,2024-04-01T00:00:00Z,352,FALSE
358,,,2024-04-01T00:00:00Z,353,FALSE
358,,,2024-04-01T00:00:00Z,354,FALSE
358,,,2024-04-01T00:00:00Z,144,FALSE
358,,,2024-04-01T00:00:00Z,356,FALSE
358,,,2024-04-01T00:00:00Z,357,FALSE
358,,,2024-04-01T00:00:00Z,355,FALSE
358,,,2024-04-01T00:00:00Z,364,FALSE
358,,,2024-04-01T00:00:00Z,365,FALSE
358,,,2024-04-01T00:00:00Z,366,FALSE
358,,,2024-05-01T00:00:00Z,138,FALSE
358,,,2024-05-01T00:00:00Z,368,FALSE
358,,,2024-05-01T00:00:00Z,140,FALSE
358,,,2024-05-01T00:00:00Z,369,FALSE
358,,,2024-05-01T00:00:00Z,139,FALSE
358,,,2024-05-01T00:00:00Z,125,FALSE
358,,,2024-05-01T00:00:00Z,136,FALSE
358,,,2024-05-01T00:00:00Z,141,FALSE
358,,,2024-05-01T00:00:00Z,45,FALSE
358,,,2024-05-01T00:00:00Z,143,FALSE
358,,,2024-05-01T00:00:00Z,137,FALSE
358,,,2024-05-01T00:00:00Z,142,FALSE
358,,,2024-05-01T00:00:00Z,370,FALSE
358,,,2024-05-01T00:00:00Z,371,FALSE
358,,,2024-05-01T00:00:00Z,372,FALSE
358,,,2024-05-01T00:00:00Z,330,FALSE
358,,,2024-05-01T00:00:00Z,373,FALSE
358,,,2024-05-01T00:00:00Z,211,FALSE
358,,,2024-05-01T00:00:00Z,226,FALSE
358,,,2024-05-01T00:00:00Z,233,FALSE
358,,,2024-05-01T00:00:00Z,378,FALSE
358,,,2024-05-01T00:00:00Z,377,FALSE
358,,,2024-05-01T00:00:00Z,310,FALSE
358,,,2024-05-01T00:00:00Z,379,FALSE
358,,,2024-05-01T00:00:00Z,382,FALSE
358,,,2024-05-01T00:00:00Z,381,FALSE
358,,,2024-05-01T00:00:00Z,383,FALSE
358,,,2024-05-01T00:00:00Z,385,FALSE
358,,,2024-05-01T00:00:00Z,352,FALSE
358,,,2024-05-01T00:00:00Z,353,FALSE
358,,,2024-05-01T00:00:00Z,354,FALSE
358,,,2024-05-01T00:00:00Z,144,FALSE
358,,,2024-05-01T00:00:00Z,356,FALSE
358,,,2024-05-01T00:00:00Z,357,FALSE
358,,,2024-05-01T00:00:00Z,355,FALSE
358,,,2024-05-01T00:00:00Z,364,FALSE
358,,,2024-05-01T00:00:00Z,365,FALSE
358,,,2024-05-01T00:00:00Z,366,FALSE
358,,,2024-06-01T00:00:00Z,138,FALSE
358,,,2024-06-01T00:00:00Z,368,FALSE
358,,,2024-06-01T00:00:00Z,140,FALSE
358,,,2024-06-01T00:00:00Z,369,FALSE
358,,,2024-06-01T00:00:00Z,139,FALSE
358,,,2024-06-01T00:00:00Z,125,FALSE
358,,,2024-06-01T00:00:00Z,136,FALSE
358,,,2024-06-01T00:00:00Z,141,FALSE
358,,,2024-06-01T00:00:00Z,45,FALSE
358,,,2024-06-01T00:00:00Z,143,FALSE
358,,,2024-06-01T00:00:00Z,137,FALSE
358,,,2024-06-01T00:00:00Z,142,FALSE
358,,,2024-06-01T00:00:00Z,370,FALSE
358,,,2024-06-01T00:00:00Z,371,FALSE
358,,,2024-06-01T00:00:00Z,372,FALSE
358,,,2024-06-01T00:00:00Z,330,FALSE
358,,,2024-06-01T00:00:00Z,373,FALSE
358,,,2024-06-01T00:00:00Z,211,FALSE
358,,,2024-06-01T00:00:00Z,226,FALSE
358,,,2024-06-01T00:00:00Z,233,FALSE
358,,,2024-06-01T00:00:00Z,378,FALSE
358,,,2024-06-01T00:00:00Z,377,FALSE
358,,,2024-06-01T00:00:00Z,310,FALSE
358,,,2024-06-01T00:00:00Z,379,FALSE
358,,,2024-06-01T00:00:00Z,382,FALSE
358,,,2024-06-01T00:00:00Z,381,FALSE
358,,,2024-06-01T00:00:00Z,383,FALSE
358,,,2024-06-01T00:00:00Z,385,FALSE
358,,,2024-06-01T00:00:00Z,352,FALSE
358,,,2024-06-01T00:00:00Z,353,FALSE
358,,,2024-06-01T00:00:00Z,354,FALSE
358,,,2024-06-01T00:00:00Z,144,FALSE
358,,,2024-06-01T00:00:00Z,356,FALSE
358,,,2024-06-01T00:00:00Z,357,FALSE
358,,,2024-06-01T00:00:00Z,355,FALSE
358,,,2024-06-01T00:00:00Z,364,FALSE
358,,,2024-06-01T00:00:00Z,365,FALSE
358,,,2024-06-01T00:00:00Z,366,FALSE
358,,,2024-07-01T00:00:00Z,138,FALSE
358,,,2024-07-01T00:00:00Z,368,FALSE
358,,,2024-07-01T00:00:00Z,140,FALSE
358,,,2024-07-01T00:00:00Z,369,FALSE
358,,,2024-07-01T00:00:00Z,139,FALSE
358,,,2024-07-01T00:00:00Z,125,FALSE
358,,,2024-07-01T00:00:00Z,136,FALSE
358,,,2024-07-01T00:00:00Z,141,FALSE
358,,,2024-07-01T00:00:00Z,45,FALSE
358,,,2024-07-01T00:00:00Z,143,FALSE
358,,,2024-07-01T00:00:00Z,137,FALSE
358,,,2024-07-01T00:00:00Z,142,FALSE
358,,,2024-07-01T00:00:00Z,370,FALSE
358,,,2024-07-01T00:00:00Z,371,FALSE
358,,,2024-07-01T00:00:00Z,372,FALSE
358,,,2024-07-01T00:00:00Z,330,FALSE
358,,,2024-07-01T00:00:00Z,373,FALSE
358,,,2024-07-01T00:00:00Z,211,FALSE
358,,,2024-07-01T00:00:00Z,226,FALSE
358,,,2024-07-01T00:00:00Z,233,FALSE
358,,,2024-07-01T00:00:00Z,378,FALSE
358,,,2024-07-01T00:00:00Z,377,FALSE
358,,,2024-07-01T00:00:00Z,310,FALSE
358,,,2024-07-01T00:00:00Z,379,FALSE
358,,,2024-07-01T00:00:00Z,382,FALSE
358,,,2024-07-01T00:00:00Z,381,FALSE
358,,,2024-07-01T00:00:00Z,383,FALSE
358,,,2024-07-01T00:00:00Z,385,FALSE
358,,,2024-07-01T00:00:00Z,352,FALSE
358,,,2024-07-01T00:00:00Z,353,FALSE
358,,,2024-07-01T00:00:00Z,354,FALSE
358,,,2024-07-01T00:00:00Z,144,FALSE
358,,,2024-07-01T00:00:00Z,356,FALSE
358,,,2024-07-01T00:00:00Z,357,FALSE
358,,,2024-07-01T00:00:00Z,355,FALSE
358,,,2024-07-01T00:00:00Z,364,FALSE
358,,,2024-07-01T00:00:00Z,365,FALSE
358,,,2024-07-01T00:00:00Z,366,FALSE
358,,,2024-08-01T00:00:00Z,138,FALSE
358,,,2024-08-01T00:00:00Z,368,FALSE
358,,,2024-08-01T00:00:00Z,140,FALSE
358,,,2024-08-01T00:00:00Z,369,FALSE
358,,,2024-08-01T00:00:00Z,139,FALSE
358,,,2024-08-01T00:00:00Z,125,FALSE
358,,,2024-08-01T00:00:00Z,136,FALSE
358,,,2024-08-01T00:00:00Z,141,FALSE
358,,,2024-08-01T00:00:00Z,45,FALSE
358,,,2024-08-01T00:00:00Z,143,FALSE
358,,,2024-08-01T00:00:00Z,137,FALSE
358,,,2024-08-01T00:00:00Z,142,FALSE
358,,,2024-08-01T00:00:00Z,370,FALSE
358,,,2024-08-01T00:00:00Z,371,FALSE
358,,,2024-08-01T00:00:00Z,372,FALSE
358,,,2024-08-01T00:00:00Z,330,FALSE
358,,,2024-08-01T00:00:00Z,373,FALSE
358,,,2024-08-01T00:00:00Z,211,FALSE
358,,,2024-08-01T00:00:00Z,226,FALSE
358,,,2024-08-01T00:00:00Z,233,FALSE
358,,,2024-08-01T00:00:00Z,378,FALSE
358,,,2024-08-01T00:00:00Z,377,FALSE
358,,,2024-08-01T00:00:00Z,310,FALSE
358,,,2024-08-01T00:00:00Z,379,FALSE
358,,,2024-08-01T00:00:00Z,382,FALSE
358,,,2024-08-01T00:00:00Z,381,FALSE
358,,,2024-08-01T00:00:00Z,383,FALSE
358,,,2024-08-01T00:00:00Z,385,FALSE
358,,,2024-08-01T00:00:00Z,352,FALSE
358,,,2024-08-01T00:00:00Z,353,FALSE
358,,,2024-08-01T00:00:00Z,354,FALSE
358,,,2024-08-01T00:00:00Z,144,FALSE
358,,,2024-08-01T00:00:00Z,356,FALSE
358,,,2024-08-01T00:00:00Z,357,FALSE
358,,,2024-08-01T00:00:00Z,355,FALSE
358,,,2024-08-01T00:00:00Z,364,FALSE
358,,,2024-08-01T00:00:00Z,365,FALSE
358,,,2024-08-01T00:00:00Z,366,FALSE
358,,,2024-09-01T00:00:00Z,138,FALSE
358,,,2024-09-01T00:00:00Z,368,FALSE
358,,,2024-09-01T00:00:00Z,140,FALSE
358,,,2024-09-01T00:00:00Z,369,FALSE
358,,,2024-09-01T00:00:00Z,139,FALSE
358,,,2024-09-01T00:00:00Z,125,FALSE
358,,,2024-09-01T00:00:00Z,136,FALSE
358,,,2024-09-01T00:00:00Z,141,FALSE
358,,,2024-09-01T00:00:00Z,45,FALSE
358,,,2024-09-01T00:00:00Z,143,FALSE
358,,,2024-09-01T00:00:00Z,137,FALSE
358,,,2024-09-01T00:00:00Z,142,FALSE
358,,,2024-09-01T00:00:00Z,370,FALSE
358,,,2024-09-01T00:00:00Z,371,FALSE
358,,,2024-09-01T00:00:00Z,372,FALSE
358,,,2024-09-01T00:00:00Z,330,FALSE
358,,,2024-09-01T00:00:00Z,373,FALSE
358,,,2024-09-01T00:00:00Z,211,FALSE
358,,,2024-09-01T00:00:00Z,226,FALSE
358,,,2024-09-01T00:00:00Z,233,FALSE
358,,,2024-09-01T00:00:00Z,378,FALSE
358,,,2024-09-01T00:00:00Z,377,FALSE
358,,,2024-09-01T00:00:00Z,310,FALSE
358,,,2024-09-01T00:00:00Z,379,FALSE
358,,,2024-09-01T00:00:00Z,382,FALSE
358,,,2024-09-01T00:00:00Z,381,FALSE
358,,,2024-09-01T00:00:00Z,383,FALSE
358,,,2024-09-01T00:00:00Z,385,FALSE
358,,,2024-09-01T00:00:00Z,352,FALSE
358,,,2024-09-01T00:00:00Z,353,FALSE
358,,,2024-09-01T00:00:00Z,354,FALSE
358,,,2024-09-01T00:00:00Z,144,FALSE
358,,,2024-09-01T00:00:00Z,356,FALSE
358,,,2024-09-01T00:00:00Z,357,FALSE
358,,,2024-09-01T00:00:00Z,355,FALSE
358,,,2024-09-01T00:00:00Z,364,FALSE
358,,,2024-09-01T00:00:00Z,365,FALSE
358,,,2024-09-01T00:00:00Z,366,FALSE
358,,,2024-10-01T00:00:00Z,138,FALSE
358,,,2024-10-01T00:00:00Z,368,FALSE
358,,,2024-10-01T00:00:00Z,140,FALSE
358,,,2024-10-01T00:00:00Z,369,FALSE
358,,,2024-10-01T00:00:00Z,139,FALSE
358,,,2024-10-01T00:00:00Z,125,FALSE
358,,,2024-10-01T00:00:00Z,136,FALSE
358,,,2024-10-01T00:00:00Z,141,FALSE
358,,,2024-10-01T00:00:00Z,45,FALSE
358,,,2024-10-01T00:00:00Z,143,FALSE
358,,,2024-10-01T00:00:00Z,137,FALSE
358,,,2024-10-01T00:00:00Z,142,FALSE
358,,,2024-10-01T00:00:00Z,370,FALSE
358,,,2024-10-01T00:00:00Z,371,FALSE
358,,,2024-10-01T00:00:00Z,372,FALSE
358,,,2024-10-01T00:00:00Z,330,FALSE
358,,,2024-10-01T00:00:00Z,373,FALSE
358,,,2024-10-01T00:00:00Z,211,FALSE
358,,,2024-10-01T00:00:00Z,226,FALSE
358,,,2024-10-01T00:00:00Z,233,FALSE
358,,,2024-10-01T00:00:00Z,378,FALSE
358,,,2024-10-01T00:00:00Z,377,FALSE
358,,,2024-10-01T00:00:00Z,310,FALSE
358,,,2024-10-01T00:00:00Z,379,FALSE
358,,,2024-10-01T00:00:00Z,382,FALSE
358,,,2024-10-01T00:00:00Z,381,FALSE
358,,,2024-10-01T00:00:00Z,383,FALSE
358,,,2024-10-01T00:00:00Z,385,FALSE
358,,,2024-10-01T00:00:00Z,352,FALSE
358,,,2024-10-01T00:00:00Z,353,FALSE
358,,,2024-10-01T00:00:00Z,354,FALSE
358,,,2024-10-01T00:00:00Z,144,FALSE
358,,,2024-10-01T00:00:00Z,356,FALSE
358,,,2024-10-01T00:00:00Z,357,FALSE
358,,,2024-10-01T00:00:00Z,355,FALSE
358,,,2024-10-01T00:00:00Z,364,FALSE
358,,,2024-10-01T00:00:00Z,365,FALSE
358,,,2024-10-01T00:00:00Z,366,FALSE
358,,,2024-11-01T00:00:00Z,138,FALSE
358,,,2024-11-01T00:00:00Z,368,FALSE
358,,,2024-11-01T00:00:00Z,140,FALSE
358,,,2024-11-01T00:00:00Z,369,FALSE
358,,,2024-11-01T00:00:00Z,139,FALSE
358,,,2024-11-01T00:00:00Z,125,FALSE
358,,,2024-11-01T00:00:00Z,136,FALSE
358,,,2024-11-01T00:00:00Z,141,FALSE
358,,,2024-11-01T00:00:00Z,45,FALSE
358,,,2024-11-01T00:00:00Z,143,FALSE
358,,,2024-11-01T00:00:00Z,137,FALSE
358,,,2024-11-01T00:00:00Z,142,FALSE
358,,,2024-11-01T00:00:00Z,370,FALSE
358,,,2024-11-01T00:00:00Z,371,FALSE
358,,,2024-11-01T00:00:00Z,372,FALSE
358,,,2024-11-01T00:00:00Z,330,FALSE
358,,,2024-11-01T00:00:00Z,373,FALSE
358,,,2024-11-01T00:00:00Z,211,FALSE
358,,,2024-11-01T00:00:00Z,226,FALSE
358,,,2024-11-01T00:00:00Z,233,FALSE
358,,,2024-11-01T00:00:00Z,378,FALSE
358,,,2024-11-01T00:00:00Z,377,FALSE
358,,,2024-11-01T00:00:00Z,310,FALSE
358,,,2024-11-01T00:00:00Z,379,FALSE
358,,,2024-11-01T00:00:00Z,382,FALSE
358,,,2024-11-01T00:00:00Z,381,FALSE
358,,,2024-11-01T00:00:00Z,383,FALSE
358,,,2024-11-01T00:00:00Z,385,FALSE
358,,,2024-11-01T00:00:00Z,352,FALSE
358,,,2024-11-01T00:00:00Z,353,FALSE
358,,,2024-11-01T00:00:00Z,354,FALSE
358,,,2024-11-01T00:00:00Z,144,FALSE
358,,,2024-11-01T00:00:00Z,356,FALSE
358,,,2024-11-01T00:00:00Z,357,FALSE
358,,,2024-11-01T00:00:00Z,355,FALSE
358,,,2024-11-01T00:00:00Z,364,FALSE
358,,,2024-11-01T00:00:00Z,365,FALSE
358,,,2024-11-01T00:00:00Z,366,FALSE
358,,,2024-12-01T00:00:00Z,138,FALSE
358,,,2024-12-01T00:00:00Z,368,FALSE
358,,,2024-12-01T00:00:00Z,140,FALSE
358,,,2024-12-01T00:00:00Z,369,FALSE
358,,,2024-12-01T00:00:00Z,139,FALSE
358,,,2024-12-01T00:00:00Z,125,FALSE
358,,,2024-12-01T00:00:00Z,136,FALSE
358,,,2024-12-01T00:00:00Z,141,FALSE
358,,,2024-12-01T00:00:00Z,45,FALSE
358,,,2024-12-01T00:00:00Z,143,FALSE
358,,,2024-12-01T00:00:00Z,137,FALSE
358,,,2024-12-01T00:00:00Z,142,FALSE
358,,,2024-12-01T00:00:00Z,370,FALSE
358,,,2024-12-01T00:00:00Z,371,FALSE
358,,,2024-12-01T00:00:00Z,372,FALSE
358,,,2024-12-01T00:00:00Z,330,FALSE
358,,,2024-12-01T00:00:00Z,373,FALSE
358,,,2024-12-01T00:00:00Z,211,FALSE
358,,,2024-12-01T00:00:00Z,226,FALSE
358,,,2024-12-01T00:00:00Z,233,FALSE
358,,,2024-12-01T00:00:00Z,378,FALSE
358,,,2024-12-01T00:00:00Z,377,FALSE
358,,,2024-12-01T00:00:00Z,310,FALSE
358,,,2024-12-01T00:00:00Z,379,FALSE
358,,,2024-12-01T00:00:00Z,382,FALSE
358,,,2024-12-01T00:00:00Z,381,FALSE
358,,,2024-12-01T00:00:00Z,383,FALSE
358,,,2024-12-01T00:00:00Z,385,FALSE
358,,,2024-12-01T00:00:00Z,352,FALSE
358,,,2024-12-01T00:00:00Z,353,FALSE
358,,,2024-12-01T00:00:00Z,354,FALSE
358,,,2024-12-01T00:00:00Z,144,FALSE
358,,,2024-12-01T00:00:00Z,356,FALSE
358,,,2024-12-01T00:00:00Z,357,FALSE
358,,,2024-12-01T00:00:00Z,355,FALSE
358,,,2024-12-01T00:00:00Z,364,FALSE
358,,,2024-12-01T00:00:00Z,365,FALSE
358,,,2024-12-01T00:00:00Z,366,FALSE
364,,,2024-01-01T00:00:00Z,138,FALSE
364,,,2024-01-01T00:00:00Z,368,FALSE
364,,,2024-01-01T00:00:00Z,140,FALSE
364,,,2024-01-01T00:00:00Z,369,FALSE
364,,,2024-01-01T00:00:00Z,139,FALSE
364,,,2024-01-01T00:00:00Z,125,FALSE
364,,,2024-01-01T00:00:00Z,136,FALSE
364,,,2024-01-01T00:00:00Z,141,FALSE
364,,,2024-01-01T00:00:00Z,45,FALSE
364,,,2024-01-01T00:00:00Z,143,FALSE
364,,,2024-01-01T00:00:00Z,137,FALSE
364,,,2024-01-01T00:00:00Z,142,FALSE
364,,,2024-01-01T00:00:00Z,370,FALSE
364,,,2024-01-01T00:00:00Z,371,FALSE
364,,,2024-01-01T00:00:00Z,372,FALSE
364,,,2024-01-01T00:00:00Z,330,FALSE
364,,,2024-01-01T00:00:00Z,373,FALSE
364,,,2024-01-01T00:00:00Z,211,FALSE
364,,,2024-01-01T00:00:00Z,226,FALSE
364,,,2024-01-01T00:00:00Z,233,FALSE
364,,,2024-01-01T00:00:00Z,378,FALSE
364,,,2024-01-01T00:00:00Z,377,FALSE
364,,,2024-01-01T00:00:00Z,310,FALSE
364,,,2024-01-01T00:00:00Z,379,FALSE
364,,,2024-01-01T00:00:00Z,382,FALSE
364,,,2024-01-01T00:00:00Z,381,FALSE
364,,,2024-01-01T00:00:00Z,383,FALSE
364,,,2024-01-01T00:00:00Z,385,FALSE
364,,,2024-01-01T00:00:00Z,352,FALSE
364,,,2024-01-01T00:00:00Z,353,FALSE
364,,,2024-01-01T00:00:00Z,354,FALSE
364,,,2024-01-01T00:00:00Z,144,FALSE
364,,,2024-01-01T00:00:00Z,356,FALSE
364,,,2024-01-01T00:00:00Z,357,FALSE
364,,,2024-01-01T00:00:00Z,358,FALSE
364,,,2024-01-01T00:00:00Z,355,FALSE
364,,,2024-01-01T00:00:00Z,365,FALSE
364,,,2024-01-01T00:00:00Z,366,FALSE
364,,,2024-02-01T00:00:00Z,138,FALSE
364,,,2024-02-01T00:00:00Z,368,FALSE
364,,,2024-02-01T00:00:00Z,140,FALSE
364,,,2024-02-01T00:00:00Z,369,FALSE
364,,,2024-02-01T00:00:00Z,139,FALSE
364,,,2024-02-01T00:00:00Z,125,FALSE
364,,,2024-02-01T00:00:00Z,136,FALSE
364,,,2024-02-01T00:00:00Z,141,FALSE
364,,,2024-02-01T00:00:00Z,45,FALSE
364,,,2024-02-01T00:00:00Z,143,FALSE
364,,,2024-02-01T00:00:00Z,137,FALSE
364,,,2024-02-01T00:00:00Z,142,FALSE
364,,,2024-02-01T00:00:00Z,370,FALSE
364,,,2024-02-01T00:00:00Z,371,FALSE
364,,,2024-02-01T00:00:00Z,372,FALSE
364,,,2024-02-01T00:00:00Z,330,FALSE
364,,,2024-02-01T00:00:00Z,373,FALSE
364,,,2024-02-01T00:00:00Z,211,FALSE
364,,,2024-02-01T00:00:00Z,226,FALSE
364,,,2024-02-01T00:00:00Z,233,FALSE
364,,,2024-02-01T00:00:00Z,378,FALSE
364,,,2024-02-01T00:00:00Z,377,FALSE
364,,,2024-02-01T00:00:00Z,310,FALSE
364,,,2024-02-01T00:00:00Z,379,FALSE
364,,,2024-02-01T00:00:00Z,382,FALSE
364,,,2024-02-01T00:00:00Z,381,FALSE
364,,,2024-02-01T00:00:00Z,383,FALSE
364,,,2024-02-01T00:00:00Z,385,FALSE
364,,,2024-02-01T00:00:00Z,352,FALSE
364,,,2024-02-01T00:00:00Z,353,FALSE
364,,,2024-02-01T00:00:00Z,354,FALSE
364,,,2024-02-01T00:00:00Z,144,FALSE
364,,,2024-02-01T00:00:00Z,356,FALSE
364,,,2024-02-01T00:00:00Z,357,FALSE
364,,,2024-02-01T00:00:00Z,358,FALSE
364,,,2024-02-01T00:00:00Z,355,FALSE
364,,,2024-02-01T00:00:00Z,365,FALSE
364,,,2024-02-01T00:00:00Z,366,FALSE
364,,,2024-03-01T00:00:00Z,138,FALSE
364,,,2024-03-01T00:00:00Z,368,FALSE
364,,,2024-03-01T00:00:00Z,140,FALSE
364,,,2024-03-01T00:00:00Z,369,FALSE
364,,,2024-03-01T00:00:00Z,139,FALSE
364,,,2024-03-01T00:00:00Z,125,FALSE
364,,,2024-03-01T00:00:00Z,136,FALSE
364,,,2024-03-01T00:00:00Z,141,FALSE
364,,,2024-03-01T00:00:00Z,45,FALSE
364,,,2024-03-01T00:00:00Z,143,FALSE
364,,,2024-03-01T00:00:00Z,137,FALSE
364,,,2024-03-01T00:00:00Z,142,FALSE
364,,,2024-03-01T00:00:00Z,370,FALSE
364,,,2024-03-01T00:00:00Z,371,FALSE
364,,,2024-03-01T00:00:00Z,372,FALSE
364,,,2024-03-01T00:00:00Z,330,FALSE
364,,,2024-03-01T00:00:00Z,373,FALSE
364,,,2024-03-01T00:00:00Z,211,FALSE
364,,,2024-03-01T00:00:00Z,226,FALSE
364,,,2024-03-01T00:00:00Z,233,FALSE
364,,,2024-03-01T00:00:00Z,378,FALSE
364,,,2024-03-01T00:00:00Z,377,FALSE
364,,,2024-03-01T00:00:00Z,310,FALSE
364,,,2024-03-01T00:00:00Z,379,FALSE
364,,,2024-03-01T00:00:00Z,382,FALSE
364,,,2024-03-01T00:00:00Z,381,FALSE
364,,,2024-03-01T00:00:00Z,383,FALSE
364,,,2024-03-01T00:00:00Z,385,FALSE
364,,,2024-03-01T00:00:00Z,352,FALSE
364,,,2024-03-01T00:00:00Z,353,FALSE
364,,,2024-03-01T00:00:00Z,354,FALSE
364,,,2024-03-01T00:00:00Z,144,FALSE
364,,,2024-03-01T00:00:00Z,356,FALSE
364,,,2024-03-01T00:00:00Z,357,FALSE
364,,,2024-03-01T00:00:00Z,358,FALSE
364,,,2024-03-01T00:00:00Z,355,FALSE
364,,,2024-03-01T00:00:00Z,365,FALSE
364,,,2024-03-01T00:00:00Z,366,FALSE
364,,,2024-04-01T00:00:00Z,138,FALSE
364,,,2024-04-01T00:00:00Z,368,FALSE
364,,,2024-04-01T00:00:00Z,140,FALSE
364,,,2024-04-01T00:00:00Z,369,FALSE
364,,,2024-04-01T00:00:00Z,139,FALSE
364,,,2024-04-01T00:00:00Z,125,FALSE
364,,,2024-04-01T00:00:00Z,136,FALSE
364,,,2024-04-01T00:00:00Z,141,FALSE
364,,,2024-04-01T00:00:00Z,45,FALSE
364,,,2024-04-01T00:00:00Z,143,FALSE
364,,,2024-04-01T00:00:00Z,137,FALSE
364,,,2024-04-01T00:00:00Z,142,FALSE
364,,,2024-04-01T00:00:00Z,370,FALSE
364,,,2024-04-01T00:00:00Z,371,FALSE
364,,,2024-04-01T00:00:00Z,372,FALSE
364,,,2024-04-01T00:00:00Z,330,FALSE
364,,,2024-04-01T00:00:00Z,373,FALSE
364,,,2024-04-01T00:00:00Z,211,FALSE
364,,,2024-04-01T00:00:00Z,226,FALSE
364,,,2024-04-01T00:00:00Z,233,FALSE
364,,,2024-04-01T00:00:00Z,378,FALSE
364,,,2024-04-01T00:00:00Z,377,FALSE
364,,,2024-04-01T00:00:00Z,310,FALSE
364,,,2024-04-01T00:00:00Z,379,FALSE
364,,,2024-04-01T00:00:00Z,382,FALSE
364,,,2024-04-01T00:00:00Z,381,FALSE
364,,,2024-04-01T00:00:00Z,383,FALSE
364,,,2024-04-01T00:00:00Z,385,FALSE
364,,,2024-04-01T00:00:00Z,352,FALSE
364,,,2024-04-01T00:00:00Z,353,FALSE
364,,,2024-04-01T00:00:00Z,354,FALSE
364,,,2024-04-01T00:00:00Z,144,FALSE
364,,,2024-04-01T00:00:00Z,356,FALSE
364,,,2024-04-01T00:00:00Z,357,FALSE
364,,,2024-04-01T00:00:00Z,358,FALSE
364,,,2024-04-01T00:00:00Z,355,FALSE
364,,,2024-04-01T00:00:00Z,365,FALSE
364,,,2024-04-01T00:00:00Z,366,FALSE
364,,,2024-05-01T00:00:00Z,138,FALSE
364,,,2024-05-01T00:00:00Z,368,FALSE
364,,,2024-05-01T00:00:00Z,140,FALSE
364,,,2024-05-01T00:00:00Z,369,FALSE
364,,,2024-05-01T00:00:00Z,139,FALSE
364,,,2024-05-01T00:00:00Z,125,FALSE
364,,,2024-05-01T00:00:00Z,136,FALSE
364,,,2024-05-01T00:00:00Z,141,FALSE
364,,,2024-05-01T00:00:00Z,45,FALSE
364,,,2024-05-01T00:00:00Z,143,FALSE
364,,,2024-05-01T00:00:00Z,137,FALSE
364,,,2024-05-01T00:00:00Z,142,FALSE
364,,,2024-05-01T00:00:00Z,370,FALSE
364,,,2024-05-01T00:00:00Z,371,FALSE
364,,,2024-05-01T00:00:00Z,372,FALSE
364,,,2024-05-01T00:00:00Z,330,FALSE
364,,,2024-05-01T00:00:00Z,373,FALSE
364,,,2024-05-01T00:00:00Z,211,FALSE
364,,,2024-05-01T00:00:00Z,226,FALSE
364,,,2024-05-01T00:00:00Z,233,FALSE
364,,,2024-05-01T00:00:00Z,378,FALSE
364,,,2024-05-01T00:00:00Z,377,FALSE
364,,,2024-05-01T00:00:00Z,310,FALSE
364,,,2024-05-01T00:00:00Z,379,FALSE
364,,,2024-05-01T00:00:00Z,382,FALSE
364,,,2024-05-01T00:00:00Z,381,FALSE
364,,,2024-05-01T00:00:00Z,383,FALSE
364,,,2024-05-01T00:00:00Z,385,FALSE
364,,,2024-05-01T00:00:00Z,352,FALSE
364,,,2024-05-01T00:00:00Z,353,FALSE
364,,,2024-05-01T00:00:00Z,354,FALSE
364,,,2024-05-01T00:00:00Z,144,FALSE
364,,,2024-05-01T00:00:00Z,356,FALSE
364,,,2024-05-01T00:00:00Z,357,FALSE
364,,,2024-05-01T00:00:00Z,358,FALSE
364,,,2024-05-01T00:00:00Z,355,FALSE
364,,,2024-05-01T00:00:00Z,365,FALSE
364,,,2024-05-01T00:00:00Z,366,FALSE
364,,,2024-06-01T00:00:00Z,138,FALSE
364,,,2024-06-01T00:00:00Z,368,FALSE
364,,,2024-06-01T00:00:00Z,140,FALSE
364,,,2024-06-01T00:00:00Z,369,FALSE
364,,,2024-06-01T00:00:00Z,139,FALSE
364,,,2024-06-01T00:00:00Z,125,FALSE
364,,,2024-06-01T00:00:00Z,136,FALSE
364,,,2024-06-01T00:00:00Z,141,FALSE
364,,,2024-06-01T00:00:00Z,45,FALSE
364,,,2024-06-01T00:00:00Z,143,FALSE
364,,,2024-06-01T00:00:00Z,137,FALSE
364,,,2024-06-01T00:00:00Z,142,FALSE
364,,,2024-06-01T00:00:00Z,370,FALSE
364,,,2024-06-01T00:00:00Z,371,FALSE
364,,,2024-06-01T00:00:00Z,372,FALSE
364,,,2024-06-01T00:00:00Z,330,FALSE
364,,,2024-06-01T00:00:00Z,373,FALSE
364,,,2024-06-01T00:00:00Z,211,FALSE
364,,,2024-06-01T00:00:00Z,226,FALSE
364,,,2024-06-01T00:00:00Z,233,FALSE
364,,,2024-06-01T00:00:00Z,378,FALSE
364,,,2024-06-01T00:00:00Z,377,FALSE
364,,,2024-06-01T00:00:00Z,310,FALSE
364,,,2024-06-01T00:00:00Z,379,FALSE
364,,,2024-06-01T00:00:00Z,382,FALSE
364,,,2024-06-01T00:00:00Z,381,FALSE
364,,,2024-06-01T00:00:00Z,383,FALSE
364,,,2024-06-01T00:00:00Z,385,FALSE
364,,,2024-06-01T00:00:00Z,352,FALSE
364,,,2024-06-01T00:00:00Z,353,FALSE
364,,,2024-06-01T00:00:00Z,354,FALSE
364,,,2024-06-01T00:00:00Z,144,FALSE
364,,,2024-06-01T00:00:00Z,356,FALSE
364,,,2024-06-01T00:00:00Z,357,FALSE
364,,,2024-06-01T00:00:00Z,358,FALSE
364,,,2024-06-01T00:00:00Z,355,FALSE
364,,,2024-06-01T00:00:00Z,365,FALSE
364,,,2024-06-01T00:00:00Z,366,FALSE
364,,,2024-07-01T00:00:00Z,138,FALSE
364,,,2024-07-01T00:00:00Z,368,FALSE
364,,,2024-07-01T00:00:00Z,140,FALSE
364,,,2024-07-01T00:00:00Z,369,FALSE
364,,,2024-07-01T00:00:00Z,139,FALSE
364,,,2024-07-01T00:00:00Z,125,FALSE
364,,,2024-07-01T00:00:00Z,136,FALSE
364,,,2024-07-01T00:00:00Z,141,FALSE
364,,,2024-07-01T00:00:00Z,45,FALSE
364,,,2024-07-01T00:00:00Z,143,FALSE
364,,,2024-07-01T00:00:00Z,137,FALSE
364,,,2024-07-01T00:00:00Z,142,FALSE
364,,,2024-07-01T00:00:00Z,370,FALSE
364,,,2024-07-01T00:00:00Z,371,FALSE
364,,,2024-07-01T00:00:00Z,372,FALSE
364,,,2024-07-01T00:00:00Z,330,FALSE
364,,,2024-07-01T00:00:00Z,373,FALSE
364,,,2024-07-01T00:00:00Z,211,FALSE
364,,,2024-07-01T00:00:00Z,226,FALSE
364,,,2024-07-01T00:00:00Z,233,FALSE
364,,,2024-07-01T00:00:00Z,378,FALSE
364,,,2024-07-01T00:00:00Z,377,FALSE
364,,,2024-07-01T00:00:00Z,310,FALSE
364,,,2024-07-01T00:00:00Z,379,FALSE
364,,,2024-07-01T00:00:00Z,382,FALSE
364,,,2024-07-01T00:00:00Z,381,FALSE
364,,,2024-07-01T00:00:00Z,383,FALSE
364,,,2024-07-01T00:00:00Z,385,FALSE
364,,,2024-07-01T00:00:00Z,352,FALSE
364,,,2024-07-01T00:00:00Z,353,FALSE
364,,,2024-07-01T00:00:00Z,354,FALSE
364,,,2024-07-01T00:00:00Z,144,FALSE
364,,,2024-07-01T00:00:00Z,356,FALSE
364,,,2024-07-01T00:00:00Z,357,FALSE
364,,,2024-07-01T00:00:00Z,358,FALSE
364,,,2024-07-01T00:00:00Z,355,FALSE
364,,,2024-07-01T00:00:00Z,365,FALSE
364,,,2024-07-01T00:00:00Z,366,FALSE
364,,,2024-08-01T00:00:00Z,138,FALSE
364,,,2024-08-01T00:00:00Z,368,FALSE
364,,,2024-08-01T00:00:00Z,140,FALSE
364,,,2024-08-01T00:00:00Z,369,FALSE
364,,,2024-08-01T00:00:00Z,139,FALSE
364,,,2024-08-01T00:00:00Z,125,FALSE
364,,,2024-08-01T00:00:00Z,136,FALSE
364,,,2024-08-01T00:00:00Z,141,FALSE
364,,,2024-08-01T00:00:00Z,45,FALSE
364,,,2024-08-01T00:00:00Z,143,FALSE
364,,,2024-08-01T00:00:00Z,137,FALSE
364,,,2024-08-01T00:00:00Z,142,FALSE
364,,,2024-08-01T00:00:00Z,370,FALSE
364,,,2024-08-01T00:00:00Z,371,FALSE
364,,,2024-08-01T00:00:00Z,372,FALSE
364,,,2024-08-01T00:00:00Z,330,FALSE
364,,,2024-08-01T00:00:00Z,373,FALSE
364,,,2024-08-01T00:00:00Z,211,FALSE
364,,,2024-08-01T00:00:00Z,226,FALSE
364,,,2024-08-01T00:00:00Z,233,FALSE
364,,,2024-08-01T00:00:00Z,378,FALSE
364,,,2024-08-01T00:00:00Z,377,FALSE
364,,,2024-08-01T00:00:00Z,310,FALSE
364,,,2024-08-01T00:00:00Z,379,FALSE
364,,,2024-08-01T00:00:00Z,382,FALSE
364,,,2024-08-01T00:00:00Z,381,FALSE
364,,,2024-08-01T00:00:00Z,383,FALSE
364,,,2024-08-01T00:00:00Z,385,FALSE
364,,,2024-08-01T00:00:00Z,352,FALSE
364,,,2024-08-01T00:00:00Z,353,FALSE
364,,,2024-08-01T00:00:00Z,354,FALSE
364,,,2024-08-01T00:00:00Z,144,FALSE
364,,,2024-08-01T00:00:00Z,356,FALSE
364,,,2024-08-01T00:00:00Z,357,FALSE
364,,,2024-08-01T00:00:00Z,358,FALSE
364,,,2024-08-01T00:00:00Z,355,FALSE
364,,,2024-08-01T00:00:00Z,365,FALSE
364,,,2024-08-01T00:00:00Z,366,FALSE
364,,,2024-09-01T00:00:00Z,138,FALSE
364,,,2024-09-01T00:00:00Z,368,FALSE
364,,,2024-09-01T00:00:00Z,140,FALSE
364,,,2024-09-01T00:00:00Z,369,FALSE
364,,,2024-09-01T00:00:00Z,139,FALSE
364,,,2024-09-01T00:00:00Z,125,FALSE
364,,,2024-09-01T00:00:00Z,136,FALSE
364,,,2024-09-01T00:00:00Z,141,FALSE
364,,,2024-09-01T00:00:00Z,45,FALSE
364,,,2024-09-01T00:00:00Z,143,FALSE
364,,,2024-09-01T00:00:00Z,137,FALSE
364,,,2024-09-01T00:00:00Z,142,FALSE
364,,,2024-09-01T00:00:00Z,370,FALSE
364,,,2024-09-01T00:00:00Z,371,FALSE
364,,,2024-09-01T00:00:00Z,372,FALSE
364,,,2024-09-01T00:00:00Z,330,FALSE
364,,,2024-09-01T00:00:00Z,373,FALSE
364,,,2024-09-01T00:00:00Z,211,FALSE
364,,,2024-09-01T00:00:00Z,226,FALSE
364,,,2024-09-01T00:00:00Z,233,FALSE
364,,,2024-09-01T00:00:00Z,378,FALSE
364,,,2024-09-01T00:00:00Z,377,FALSE
364,,,2024-09-01T00:00:00Z,310,FALSE
364,,,2024-09-01T00:00:00Z,379,FALSE
364,,,2024-09-01T00:00:00Z,382,FALSE
364,,,2024-09-01T00:00:00Z,381,FALSE
364,,,2024-09-01T00:00:00Z,383,FALSE
364,,,2024-09-01T00:00:00Z,385,FALSE
364,,,2024-09-01T00:00:00Z,352,FALSE
364,,,2024-09-01T00:00:00Z,353,FALSE
364,,,2024-09-01T00:00:00Z,354,FALSE
364,,,2024-09-01T00:00:00Z,144,FALSE
364,,,2024-09-01T00:00:00Z,356,FALSE
364,,,2024-09-01T00:00:00Z,357,FALSE
364,,,2024-09-01T00:00:00Z,358,FALSE
364,,,2024-09-01T00:00:00Z,355,FALSE
364,,,2024-09-01T00:00:00Z,365,FALSE
364,,,2024-09-01T00:00:00Z,366,FALSE
364,,,2024-10-01T00:00:00Z,138,FALSE
364,,,2024-10-01T00:00:00Z,368,FALSE
364,,,2024-10-01T00:00:00Z,140,FALSE
364,,,2024-10-01T00:00:00Z,369,FALSE
364,,,2024-10-01T00:00:00Z,139,FALSE
364,,,2024-10-01T00:00:00Z,125,FALSE
364,,,2024-10-01T00:00:00Z,136,FALSE
364,,,2024-10-01T00:00:00Z,141,FALSE
364,,,2024-10-01T00:00:00Z,45,FALSE
364,,,2024-10-01T00:00:00Z,143,FALSE
364,,,2024-10-01T00:00:00Z,137,FALSE
364,,,2024-10-01T00:00:00Z,142,FALSE
364,,,2024-10-01T00:00:00Z,370,FALSE
364,,,2024-10-01T00:00:00Z,371,FALSE
364,,,2024-10-01T00:00:00Z,372,FALSE
364,,,2024-10-01T00:00:00Z,330,FALSE
364,,,2024-10-01T00:00:00Z,373,FALSE
364,,,2024-10-01T00:00:00Z,211,FALSE
364,,,2024-10-01T00:00:00Z,226,FALSE
364,,,2024-10-01T00:00:00Z,233,FALSE
364,,,2024-10-01T00:00:00Z,378,FALSE
364,,,2024-10-01T00:00:00Z,377,FALSE
364,,,2024-10-01T00:00:00Z,310,FALSE
364,,,2024-10-01T00:00:00Z,379,FALSE
364,,,2024-10-01T00:00:00Z,382,FALSE
364,,,2024-10-01T00:00:00Z,381,FALSE
364,,,2024-10-01T00:00:00Z,383,FALSE
364,,,2024-10-01T00:00:00Z,385,FALSE
364,,,2024-10-01T00:00:00Z,352,FALSE
364,,,2024-10-01T00:00:00Z,353,FALSE
364,,,2024-10-01T00:00:00Z,354,FALSE
364,,,2024-10-01T00:00:00Z,144,FALSE
364,,,2024-10-01T00:00:00Z,356,FALSE
364,,,2024-10-01T00:00:00Z,357,FALSE
364,,,2024-10-01T00:00:00Z,358,FALSE
364,,,2024-10-01T00:00:00Z,355,FALSE
364,,,2024-10-01T00:00:00Z,365,FALSE
364,,,2024-10-01T00:00:00Z,366,FALSE
364,,,2024-11-01T00:00:00Z,138,FALSE
364,,,2024-11-01T00:00:00Z,368,FALSE
364,,,2024-11-01T00:00:00Z,140,FALSE
364,,,2024-11-01T00:00:00Z,369,FALSE
364,,,2024-11-01T00:00:00Z,139,FALSE
364,,,2024-11-01T00:00:00Z,125,FALSE
364,,,2024-11-01T00:00:00Z,136,FALSE
364,,,2024-11-01T00:00:00Z,141,FALSE
364,,,2024-11-01T00:00:00Z,45,FALSE
364,,,2024-11-01T00:00:00Z,143,FALSE
364,,,2024-11-01T00:00:00Z,137,FALSE
364,,,2024-11-01T00:00:00Z,142,FALSE
364,,,2024-11-01T00:00:00Z,370,FALSE
364,,,2024-11-01T00:00:00Z,371,FALSE
364,,,2024-11-01T00:00:00Z,372,FALSE
364,,,2024-11-01T00:00:00Z,330,FALSE
364,,,2024-11-01T00:00:00Z,373,FALSE
364,,,2024-11-01T00:00:00Z,211,FALSE
364,,,2024-11-01T00:00:00Z,226,FALSE
364,,,2024-11-01T00:00:00Z,233,FALSE
364,,,2024-11-01T00:00:00Z,378,FALSE
364,,,2024-11-01T00:00:00Z,377,FALSE
364,,,2024-11-01T00:00:00Z,310,FALSE
364,,,2024-11-01T00:00:00Z,379,FALSE
364,,,2024-11-01T00:00:00Z,382,FALSE
364,,,2024-11-01T00:00:00Z,381,FALSE
364,,,2024-11-01T00:00:00Z,383,FALSE
364,,,2024-11-01T00:00:00Z,385,FALSE
364,,,2024-11-01T00:00:00Z,352,FALSE
364,,,2024-11-01T00:00:00Z,353,FALSE
364,,,2024-11-01T00:00:00Z,354,FALSE
364,,,2024-11-01T00:00:00Z,144,FALSE
364,,,2024-11-01T00:00:00Z,356,FALSE
364,,,2024-11-01T00:00:00Z,357,FALSE
364,,,2024-11-01T00:00:00Z,358,FALSE
364,,,2024-11-01T00:00:00Z,355,FALSE
364,,,2024-11-01T00:00:00Z,365,FALSE
364,,,2024-11-01T00:00:00Z,366,FALSE
364,,,2024-12-01T00:00:00Z,138,FALSE
364,,,2024-12-01T00:00:00Z,368,FALSE
364,,,2024-12-01T00:00:00Z,140,FALSE
364,,,2024-12-01T00:00:00Z,369,FALSE
364,,,2024-12-01T00:00:00Z,139,FALSE
364,,,2024-12-01T00:00:00Z,125,FALSE
364,,,2024-12-01T00:00:00Z,136,FALSE
364,,,2024-12-01T00:00:00Z,141,FALSE
364,,,2024-12-01T00:00:00Z,45,FALSE
364,,,2024-12-01T00:00:00Z,143,FALSE
364,,,2024-12-01T00:00:00Z,137,FALSE
364,,,2024-12-01T00:00:00Z,142,FALSE
364,,,2024-12-01T00:00:00Z,370,FALSE
364,,,2024-12-01T00:00:00Z,371,FALSE
364,,,2024-12-01T00:00:00Z,372,FALSE
364,,,2024-12-01T00:00:00Z,330,FALSE
364,,,2024-12-01T00:00:00Z,373,FALSE
364,,,2024-12-01T00:00:00Z,211,FALSE
364,,,2024-12-01T00:00:00Z,226,FALSE
364,,,2024-12-01T00:00:00Z,233,FALSE
364,,,2024-12-01T00:00:00Z,378,FALSE
364,,,2024-12-01T00:00:00Z,377,FALSE
364,,,2024-12-01T00:00:00Z,310,FALSE
364,,,2024-12-01T00:00:00Z,379,FALSE
364,,,2024-12-01T00:00:00Z,382,FALSE
364,,,2024-12-01T00:00:00Z,381,FALSE
364,,,2024-12-01T00:00:00Z,383,FALSE
364,,,2024-12-01T00:00:00Z,385,FALSE
364,,,2024-12-01T00:00:00Z,352,FALSE
364,,,2024-12-01T00:00:00Z,353,FALSE
364,,,2024-12-01T00:00:00Z,354,FALSE
364,,,2024-12-01T00:00:00Z,144,FALSE
364,,,2024-12-01T00:00:00Z,356,FALSE
364,,,2024-12-01T00:00:00Z,357,FALSE
364,,,2024-12-01T00:00:00Z,358,FALSE
364,,,2024-12-01T00:00:00Z,355,FALSE
364,,,2024-12-01T00:00:00Z,365,FALSE
364,,,2024-12-01T00:00:00Z,366,FALSE
365,,,2024-01-01T00:00:00Z,138,FALSE
365,,,2024-01-01T00:00:00Z,368,FALSE
365,,,2024-01-01T00:00:00Z,140,FALSE
365,,,2024-01-01T00:00:00Z,369,FALSE
365,,,2024-01-01T00:00:00Z,139,FALSE
365,,,2024-01-01T00:00:00Z,125,FALSE
365,,,2024-01-01T00:00:00Z,136,FALSE
365,,,2024-01-01T00:00:00Z,141,FALSE
365,,,2024-01-01T00:00:00Z,45,FALSE
365,,,2024-01-01T00:00:00Z,143,FALSE
365,,,2024-01-01T00:00:00Z,137,FALSE
365,,,2024-01-01T00:00:00Z,142,FALSE
365,,,2024-01-01T00:00:00Z,370,FALSE
365,,,2024-01-01T00:00:00Z,371,FALSE
365,,,2024-01-01T00:00:00Z,372,FALSE
365,,,2024-01-01T00:00:00Z,330,FALSE
365,,,2024-01-01T00:00:00Z,373,FALSE
365,,,2024-01-01T00:00:00Z,211,FALSE
365,,,2024-01-01T00:00:00Z,226,FALSE
365,,,2024-01-01T00:00:00Z,233,FALSE
365,,,2024-01-01T00:00:00Z,378,FALSE
365,,,2024-01-01T00:00:00Z,377,FALSE
365,,,2024-01-01T00:00:00Z,310,FALSE
365,,,2024-01-01T00:00:00Z,379,FALSE
365,,,2024-01-01T00:00:00Z,382,FALSE
365,,,2024-01-01T00:00:00Z,381,FALSE
365,,,2024-01-01T00:00:00Z,383,FALSE
365,,,2024-01-01T00:00:00Z,385,FALSE
365,,,2024-01-01T00:00:00Z,352,FALSE
365,,,2024-01-01T00:00:00Z,353,FALSE
365,,,2024-01-01T00:00:00Z,354,FALSE
365,,,2024-01-01T00:00:00Z,144,FALSE
365,,,2024-01-01T00:00:00Z,356,FALSE
365,,,2024-01-01T00:00:00Z,357,FALSE
365,,,2024-01-01T00:00:00Z,358,FALSE
365,,,2024-01-01T00:00:00Z,355,FALSE
365,,,2024-01-01T00:00:00Z,364,FALSE
365,,,2024-01-01T00:00:00Z,366,FALSE
365,,,2024-02-01T00:00:00Z,138,FALSE
365,,,2024-02-01T00:00:00Z,368,FALSE
365,,,2024-02-01T00:00:00Z,140,FALSE
365,,,2024-02-01T00:00:00Z,369,FALSE
365,,,2024-02-01T00:00:00Z,139,FALSE
365,,,2024-02-01T00:00:00Z,125,FALSE
365,,,2024-02-01T00:00:00Z,136,FALSE
365,,,2024-02-01T00:00:00Z,141,FALSE
365,,,2024-02-01T00:00:00Z,45,FALSE
365,,,2024-02-01T00:00:00Z,143,FALSE
365,,,2024-02-01T00:00:00Z,137,FALSE
365,,,2024-02-01T00:00:00Z,142,FALSE
365,,,2024-02-01T00:00:00Z,370,FALSE
365,,,2024-02-01T00:00:00Z,371,FALSE
365,,,2024-02-01T00:00:00Z,372,FALSE
365,,,2024-02-01T00:00:00Z,330,FALSE
365,,,2024-02-01T00:00:00Z,373,FALSE
365,,,2024-02-01T00:00:00Z,211,FALSE
365,,,2024-02-01T00:00:00Z,226,FALSE
365,,,2024-02-01T00:00:00Z,233,FALSE
365,,,2024-02-01T00:00:00Z,378,FALSE
365,,,2024-02-01T00:00:00Z,377,FALSE
365,,,2024-02-01T00:00:00Z,310,FALSE
365,,,2024-02-01T00:00:00Z,379,FALSE
365,,,2024-02-01T00:00:00Z,382,FALSE
365,,,2024-02-01T00:00:00Z,381,FALSE
365,,,2024-02-01T00:00:00Z,383,FALSE
365,,,2024-02-01T00:00:00Z,385,FALSE
365,,,2024-02-01T00:00:00Z,352,FALSE
365,,,2024-02-01T00:00:00Z,353,FALSE
365,,,2024-02-01T00:00:00Z,354,FALSE
365,,,2024-02-01T00:00:00Z,144,FALSE
365,,,2024-02-01T00:00:00Z,356,FALSE
365,,,2024-02-01T00:00:00Z,357,FALSE
365,,,2024-02-01T00:00:00Z,358,FALSE
365,,,2024-02-01T00:00:00Z,355,FALSE
365,,,2024-02-01T00:00:00Z,364,FALSE
365,,,2024-02-01T00:00:00Z,366,FALSE
365,,,2024-03-01T00:00:00Z,138,FALSE
365,,,2024-03-01T00:00:00Z,368,FALSE
365,,,2024-03-01T00:00:00Z,140,FALSE
365,,,2024-03-01T00:00:00Z,369,FALSE
365,,,2024-03-01T00:00:00Z,139,FALSE
365,,,2024-03-01T00:00:00Z,125,FALSE
365,,,2024-03-01T00:00:00Z,136,FALSE
365,,,2024-03-01T00:00:00Z,141,FALSE
365,,,2024-03-01T00:00:00Z,45,FALSE
365,,,2024-03-01T00:00:00Z,143,FALSE
365,,,2024-03-01T00:00:00Z,137,FALSE
365,,,2024-03-01T00:00:00Z,142,FALSE
365,,,2024-03-01T00:00:00Z,370,FALSE
365,,,2024-03-01T00:00:00Z,371,FALSE
365,,,2024-03-01T00:00:00Z,372,FALSE
365,,,2024-03-01T00:00:00Z,330,FALSE
365,,,2024-03-01T00:00:00Z,373,FALSE
365,,,2024-03-01T00:00:00Z,211,FALSE
365,,,2024-03-01T00:00:00Z,226,FALSE
365,,,2024-03-01T00:00:00Z,233,FALSE
365,,,2024-03-01T00:00:00Z,378,FALSE
365,,,2024-03-01T00:00:00Z,377,FALSE
365,,,2024-03-01T00:00:00Z,310,FALSE
365,,,2024-03-01T00:00:00Z,379,FALSE
365,,,2024-03-01T00:00:00Z,382,FALSE
365,,,2024-03-01T00:00:00Z,381,FALSE
365,,,2024-03-01T00:00:00Z,383,FALSE
365,,,2024-03-01T00:00:00Z,385,FALSE
365,,,2024-03-01T00:00:00Z,352,FALSE
365,,,2024-03-01T00:00:00Z,353,FALSE
365,,,2024-03-01T00:00:00Z,354,FALSE
365,,,2024-03-01T00:00:00Z,144,FALSE
365,,,2024-03-01T00:00:00Z,356,FALSE
365,,,2024-03-01T00:00:00Z,357,FALSE
365,,,2024-03-01T00:00:00Z,358,FALSE
365,,,2024-03-01T00:00:00Z,355,FALSE
365,,,2024-03-01T00:00:00Z,364,FALSE
365,,,2024-03-01T00:00:00Z,366,FALSE
365,,,2024-04-01T00:00:00Z,138,FALSE
365,,,2024-04-01T00:00:00Z,368,FALSE
365,,,2024-04-01T00:00:00Z,140,FALSE
365,,,2024-04-01T00:00:00Z,369,FALSE
365,,,2024-04-01T00:00:00Z,139,FALSE
365,,,2024-04-01T00:00:00Z,125,FALSE
365,,,2024-04-01T00:00:00Z,136,FALSE
365,,,2024-04-01T00:00:00Z,141,FALSE
365,,,2024-04-01T00:00:00Z,45,FALSE
365,,,2024-04-01T00:00:00Z,143,FALSE
365,,,2024-04-01T00:00:00Z,137,FALSE
365,,,2024-04-01T00:00:00Z,142,FALSE
365,,,2024-04-01T00:00:00Z,370,FALSE
365,,,2024-04-01T00:00:00Z,371,FALSE
365,,,2024-04-01T00:00:00Z,372,FALSE
365,,,2024-04-01T00:00:00Z,330,FALSE
365,,,2024-04-01T00:00:00Z,373,FALSE
365,,,2024-04-01T00:00:00Z,211,FALSE
365,,,2024-04-01T00:00:00Z,226,FALSE
365,,,2024-04-01T00:00:00Z,233,FALSE
365,,,2024-04-01T00:00:00Z,378,FALSE
365,,,2024-04-01T00:00:00Z,377,FALSE
365,,,2024-04-01T00:00:00Z,310,FALSE
365,,,2024-04-01T00:00:00Z,379,FALSE
365,,,2024-04-01T00:00:00Z,382,FALSE
365,,,2024-04-01T00:00:00Z,381,FALSE
365,,,2024-04-01T00:00:00Z,383,FALSE
365,,,2024-04-01T00:00:00Z,385,FALSE
365,,,2024-04-01T00:00:00Z,352,FALSE
365,,,2024-04-01T00:00:00Z,353,FALSE
365,,,2024-04-01T00:00:00Z,354,FALSE
365,,,2024-04-01T00:00:00Z,144,FALSE
365,,,2024-04-01T00:00:00Z,356,FALSE
365,,,2024-04-01T00:00:00Z,357,FALSE
365,,,2024-04-01T00:00:00Z,358,FALSE
365,,,2024-04-01T00:00:00Z,355,FALSE
365,,,2024-04-01T00:00:00Z,364,FALSE
365,,,2024-04-01T00:00:00Z,366,FALSE
365,,,2024-05-01T00:00:00Z,138,FALSE
365,,,2024-05-01T00:00:00Z,368,FALSE
365,,,2024-05-01T00:00:00Z,140,FALSE
365,,,2024-05-01T00:00:00Z,369,FALSE
365,,,2024-05-01T00:00:00Z,139,FALSE
365,,,2024-05-01T00:00:00Z,125,FALSE
365,,,2024-05-01T00:00:00Z,136,FALSE
365,,,2024-05-01T00:00:00Z,141,FALSE
365,,,2024-05-01T00:00:00Z,45,FALSE
365,,,2024-05-01T00:00:00Z,143,FALSE
365,,,2024-05-01T00:00:00Z,137,FALSE
365,,,2024-05-01T00:00:00Z,142,FALSE
365,,,2024-05-01T00:00:00Z,370,FALSE
365,,,2024-05-01T00:00:00Z,371,FALSE
365,,,2024-05-01T00:00:00Z,372,FALSE
365,,,2024-05-01T00:00:00Z,330,FALSE
365,,,2024-05-01T00:00:00Z,373,FALSE
365,,,2024-05-01T00:00:00Z,211,FALSE
365,,,2024-05-01T00:00:00Z,226,FALSE
365,,,2024-05-01T00:00:00Z,233,FALSE
365,,,2024-05-01T00:00:00Z,378,FALSE
365,,,2024-05-01T00:00:00Z,377,FALSE
365,,,2024-05-01T00:00:00Z,310,FALSE
365,,,2024-05-01T00:00:00Z,379,FALSE
365,,,2024-05-01T00:00:00Z,382,FALSE
365,,,2024-05-01T00:00:00Z,381,FALSE
365,,,2024-05-01T00:00:00Z,383,FALSE
365,,,2024-05-01T00:00:00Z,385,FALSE
365,,,2024-05-01T00:00:00Z,352,FALSE
365,,,2024-05-01T00:00:00Z,353,FALSE
365,,,2024-05-01T00:00:00Z,354,FALSE
365,,,2024-05-01T00:00:00Z,144,FALSE
365,,,2024-05-01T00:00:00Z,356,FALSE
365,,,2024-05-01T00:00:00Z,357,FALSE
365,,,2024-05-01T00:00:00Z,358,FALSE
365,,,2024-05-01T00:00:00Z,355,FALSE
365,,,2024-05-01T00:00:00Z,364,FALSE
365,,,2024-05-01T00:00:00Z,366,FALSE
365,,,2024-06-01T00:00:00Z,138,FALSE
365,,,2024-06-01T00:00:00Z,368,FALSE
365,,,2024-06-01T00:00:00Z,140,FALSE
365,,,2024-06-01T00:00:00Z,369,FALSE
365,,,2024-06-01T00:00:00Z,139,FALSE
365,,,2024-06-01T00:00:00Z,125,FALSE
365,,,2024-06-01T00:00:00Z,136,FALSE
365,,,2024-06-01T00:00:00Z,141,FALSE
365,,,2024-06-01T00:00:00Z,45,FALSE
365,,,2024-06-01T00:00:00Z,143,FALSE
365,,,2024-06-01T00:00:00Z,137,FALSE
365,,,2024-06-01T00:00:00Z,142,FALSE
365,,,2024-06-01T00:00:00Z,370,FALSE
365,,,2024-06-01T00:00:00Z,371,FALSE
365,,,2024-06-01T00:00:00Z,372,FALSE
365,,,2024-06-01T00:00:00Z,330,FALSE
365,,,2024-06-01T00:00:00Z,373,FALSE
365,,,2024-06-01T00:00:00Z,211,FALSE
365,,,2024-06-01T00:00:00Z,226,FALSE
365,,,2024-06-01T00:00:00Z,233,FALSE
365,,,2024-06-01T00:00:00Z,378,FALSE
365,,,2024-06-01T00:00:00Z,377,FALSE
365,,,2024-06-01T00:00:00Z,310,FALSE
365,,,2024-06-01T00:00:00Z,379,FALSE
365,,,2024-06-01T00:00:00Z,382,FALSE
365,,,2024-06-01T00:00:00Z,381,FALSE
365,,,2024-06-01T00:00:00Z,383,FALSE
365,,,2024-06-01T00:00:00Z,385,FALSE
365,,,2024-06-01T00:00:00Z,352,FALSE
365,,,2024-06-01T00:00:00Z,353,FALSE
365,,,2024-06-01T00:00:00Z,354,FALSE
365,,,2024-06-01T00:00:00Z,144,FALSE
365,,,2024-06-01T00:00:00Z,356,FALSE
365,,,2024-06-01T00:00:00Z,357,FALSE
365,,,2024-06-01T00:00:00Z,358,FALSE
365,,,2024-06-01T00:00:00Z,355,FALSE
365,,,2024-06-01T00:00:00Z,364,FALSE
365,,,2024-06-01T00:00:00Z,366,FALSE
365,,,2024-07-01T00:00:00Z,138,FALSE
365,,,2024-07-01T00:00:00Z,368,FALSE
365,,,2024-07-01T00:00:00Z,140,FALSE
365,,,2024-07-01T00:00:00Z,369,FALSE
365,,,2024-07-01T00:00:00Z,139,FALSE
365,,,2024-07-01T00:00:00Z,125,FALSE
365,,,2024-07-01T00:00:00Z,136,FALSE
365,,,2024-07-01T00:00:00Z,141,FALSE
365,,,2024-07-01T00:00:00Z,45,FALSE
365,,,2024-07-01T00:00:00Z,143,FALSE
365,,,2024-07-01T00:00:00Z,137,FALSE
365,,,2024-07-01T00:00:00Z,142,FALSE
365,,,2024-07-01T00:00:00Z,370,FALSE
365,,,2024-07-01T00:00:00Z,371,FALSE
365,,,2024-07-01T00:00:00Z,372,FALSE
365,,,2024-07-01T00:00:00Z,330,FALSE
365,,,2024-07-01T00:00:00Z,373,FALSE
365,,,2024-07-01T00:00:00Z,211,FALSE
365,,,2024-07-01T00:00:00Z,226,FALSE
365,,,2024-07-01T00:00:00Z,233,FALSE
365,,,2024-07-01T00:00:00Z,378,FALSE
365,,,2024-07-01T00:00:00Z,377,FALSE
365,,,2024-07-01T00:00:00Z,310,FALSE
365,,,2024-07-01T00:00:00Z,379,FALSE
365,,,2024-07-01T00:00:00Z,382,FALSE
365,,,2024-07-01T00:00:00Z,381,FALSE
365,,,2024-07-01T00:00:00Z,383,FALSE
365,,,2024-07-01T00:00:00Z,385,FALSE
365,,,2024-07-01T00:00:00Z,352,FALSE
365,,,2024-07-01T00:00:00Z,353,FALSE
365,,,2024-07-01T00:00:00Z,354,FALSE
365,,,2024-07-01T00:00:00Z,144,FALSE
365,,,2024-07-01T00:00:00Z,356,FALSE
365,,,2024-07-01T00:00:00Z,357,FALSE
365,,,2024-07-01T00:00:00Z,358,FALSE
365,,,2024-07-01T00:00:00Z,355,FALSE
365,,,2024-07-01T00:00:00Z,364,FALSE
365,,,2024-07-01T00:00:00Z,366,FALSE
365,,,2024-08-01T00:00:00Z,138,FALSE
365,,,2024-08-01T00:00:00Z,368,FALSE
365,,,2024-08-01T00:00:00Z,140,FALSE
365,,,2024-08-01T00:00:00Z,369,FALSE
365,,,2024-08-01T00:00:00Z,139,FALSE
365,,,2024-08-01T00:00:00Z,125,FALSE
365,,,2024-08-01T00:00:00Z,136,FALSE
365,,,2024-08-01T00:00:00Z,141,FALSE
365,,,2024-08-01T00:00:00Z,45,FALSE
365,,,2024-08-01T00:00:00Z,143,FALSE
365,,,2024-08-01T00:00:00Z,137,FALSE
365,,,2024-08-01T00:00:00Z,142,FALSE
365,,,2024-08-01T00:00:00Z,370,FALSE
365,,,2024-08-01T00:00:00Z,371,FALSE
365,,,2024-08-01T00:00:00Z,372,FALSE
365,,,2024-08-01T00:00:00Z,330,FALSE
365,,,2024-08-01T00:00:00Z,373,FALSE
365,,,2024-08-01T00:00:00Z,211,FALSE
365,,,2024-08-01T00:00:00Z,226,FALSE
365,,,2024-08-01T00:00:00Z,233,FALSE
365,,,2024-08-01T00:00:00Z,378,FALSE
365,,,2024-08-01T00:00:00Z,377,FALSE
365,,,2024-08-01T00:00:00Z,310,FALSE
365,,,2024-08-01T00:00:00Z,379,FALSE
365,,,2024-08-01T00:00:00Z,382,FALSE
365,,,2024-08-01T00:00:00Z,381,FALSE
365,,,2024-08-01T00:00:00Z,383,FALSE
365,,,2024-08-01T00:00:00Z,385,FALSE
365,,,2024-08-01T00:00:00Z,352,FALSE
365,,,2024-08-01T00:00:00Z,353,FALSE
365,,,2024-08-01T00:00:00Z,354,FALSE
365,,,2024-08-01T00:00:00Z,144,FALSE
365,,,2024-08-01T00:00:00Z,356,FALSE
365,,,2024-08-01T00:00:00Z,357,FALSE
365,,,2024-08-01T00:00:00Z,358,FALSE
365,,,2024-08-01T00:00:00Z,355,FALSE
365,,,2024-08-01T00:00:00Z,364,FALSE
365,,,2024-08-01T00:00:00Z,366,FALSE
365,,,2024-09-01T00:00:00Z,138,FALSE
365,,,2024-09-01T00:00:00Z,368,FALSE
365,,,2024-09-01T00:00:00Z,140,FALSE
365,,,2024-09-01T00:00:00Z,369,FALSE
365,,,2024-09-01T00:00:00Z,139,FALSE
365,,,2024-09-01T00:00:00Z,125,FALSE
365,,,2024-09-01T00:00:00Z,136,FALSE
365,,,2024-09-01T00:00:00Z,141,FALSE
365,,,2024-09-01T00:00:00Z,45,FALSE
365,,,2024-09-01T00:00:00Z,143,FALSE
365,,,2024-09-01T00:00:00Z,137,FALSE
365,,,2024-09-01T00:00:00Z,142,FALSE
365,,,2024-09-01T00:00:00Z,370,FALSE
365,,,2024-09-01T00:00:00Z,371,FALSE
365,,,2024-09-01T00:00:00Z,372,FALSE
365,,,2024-09-01T00:00:00Z,330,FALSE
365,,,2024-09-01T00:00:00Z,373,FALSE
365,,,2024-09-01T00:00:00Z,211,FALSE
365,,,2024-09-01T00:00:00Z,226,FALSE
365,,,2024-09-01T00:00:00Z,233,FALSE
365,,,2024-09-01T00:00:00Z,378,FALSE
365,,,2024-09-01T00:00:00Z,377,FALSE
365,,,2024-09-01T00:00:00Z,310,FALSE
365,,,2024-09-01T00:00:00Z,379,FALSE
365,,,2024-09-01T00:00:00Z,382,FALSE
365,,,2024-09-01T00:00:00Z,381,FALSE
365,,,2024-09-01T00:00:00Z,383,FALSE
365,,,2024-09-01T00:00:00Z,385,FALSE
365,,,2024-09-01T00:00:00Z,352,FALSE
365,,,2024-09-01T00:00:00Z,353,FALSE
365,,,2024-09-01T00:00:00Z,354,FALSE
365,,,2024-09-01T00:00:00Z,144,FALSE
365,,,2024-09-01T00:00:00Z,356,FALSE
365,,,2024-09-01T00:00:00Z,357,FALSE
365,,,2024-09-01T00:00:00Z,358,FALSE
365,,,2024-09-01T00:00:00Z,355,FALSE
365,,,2024-09-01T00:00:00Z,364,FALSE
365,,,2024-09-01T00:00:00Z,366,FALSE
365,,,2024-10-01T00:00:00Z,138,FALSE
365,,,2024-10-01T00:00:00Z,368,FALSE
365,,,2024-10-01T00:00:00Z,140,FALSE
365,,,2024-10-01T00:00:00Z,369,FALSE
365,,,2024-10-01T00:00:00Z,139,FALSE
365,,,2024-10-01T00:00:00Z,125,FALSE
365,,,2024-10-01T00:00:00Z,136,FALSE
365,,,2024-10-01T00:00:00Z,141,FALSE
365,,,2024-10-01T00:00:00Z,45,FALSE
365,,,2024-10-01T00:00:00Z,143,FALSE
365,,,2024-10-01T00:00:00Z,137,FALSE
365,,,2024-10-01T00:00:00Z,142,FALSE
365,,,2024-10-01T00:00:00Z,370,FALSE
365,,,2024-10-01T00:00:00Z,371,FALSE
365,,,2024-10-01T00:00:00Z,372,FALSE
365,,,2024-10-01T00:00:00Z,330,FALSE
365,,,2024-10-01T00:00:00Z,373,FALSE
365,,,2024-10-01T00:00:00Z,211,FALSE
365,,,2024-10-01T00:00:00Z,226,FALSE
365,,,2024-10-01T00:00:00Z,233,FALSE
365,,,2024-10-01T00:00:00Z,378,FALSE
365,,,2024-10-01T00:00:00Z,377,FALSE
365,,,2024-10-01T00:00:00Z,310,FALSE
365,,,2024-10-01T00:00:00Z,379,FALSE
365,,,2024-10-01T00:00:00Z,382,FALSE
365,,,2024-10-01T00:00:00Z,381,FALSE
365,,,2024-10-01T00:00:00Z,383,FALSE
365,,,2024-10-01T00:00:00Z,385,FALSE
365,,,2024-10-01T00:00:00Z,352,FALSE
365,,,2024-10-01T00:00:00Z,353,FALSE
365,,,2024-10-01T00:00:00Z,354,FALSE
365,,,2024-10-01T00:00:00Z,144,FALSE
365,,,2024-10-01T00:00:00Z,356,FALSE
365,,,2024-10-01T00:00:00Z,357,FALSE
365,,,2024-10-01T00:00:00Z,358,FALSE
365,,,2024-10-01T00:00:00Z,355,FALSE
365,,,2024-10-01T00:00:00Z,364,FALSE
365,,,2024-10-01T00:00:00Z,366,FALSE
365,,,2024-11-01T00:00:00Z,138,FALSE
365,,,2024-11-01T00:00:00Z,368,FALSE
365,,,2024-11-01T00:00:00Z,140,FALSE
365,,,2024-11-01T00:00:00Z,369,FALSE
365,,,2024-11-01T00:00:00Z,139,FALSE
365,,,2024-11-01T00:00:00Z,125,FALSE
365,,,2024-11-01T00:00:00Z,136,FALSE
365,,,2024-11-01T00:00:00Z,141,FALSE
365,,,2024-11-01T00:00:00Z,45,FALSE
365,,,2024-11-01T00:00:00Z,143,FALSE
365,,,2024-11-01T00:00:00Z,137,FALSE
365,,,2024-11-01T00:00:00Z,142,FALSE
365,,,2024-11-01T00:00:00Z,370,FALSE
365,,,2024-11-01T00:00:00Z,371,FALSE
365,,,2024-11-01T00:00:00Z,372,FALSE
365,,,2024-11-01T00:00:00Z,330,FALSE
365,,,2024-11-01T00:00:00Z,373,FALSE
365,,,2024-11-01T00:00:00Z,211,FALSE
365,,,2024-11-01T00:00:00Z,226,FALSE
365,,,2024-11-01T00:00:00Z,233,FALSE
365,,,2024-11-01T00:00:00Z,378,FALSE
365,,,2024-11-01T00:00:00Z,377,FALSE
365,,,2024-11-01T00:00:00Z,310,FALSE
365,,,2024-11-01T00:00:00Z,379,FALSE
365,,,2024-11-01T00:00:00Z,382,FALSE
365,,,2024-11-01T00:00:00Z,381,FALSE
365,,,2024-11-01T00:00:00Z,383,FALSE
365,,,2024-11-01T00:00:00Z,385,FALSE
365,,,2024-11-01T00:00:00Z,352,FALSE
365,,,2024-11-01T00:00:00Z,353,FALSE
365,,,2024-11-01T00:00:00Z,354,FALSE
365,,,2024-11-01T00:00:00Z,144,FALSE
365,,,2024-11-01T00:00:00Z,356,FALSE
365,,,2024-11-01T00:00:00Z,357,FALSE
365,,,2024-11-01T00:00:00Z,358,FALSE
365,,,2024-11-01T00:00:00Z,355,FALSE
365,,,2024-11-01T00:00:00Z,364,FALSE
365,,,2024-11-01T00:00:00Z,366,FALSE
365,,,2024-12-01T00:00:00Z,138,FALSE
365,,,2024-12-01T00:00:00Z,368,FALSE
365,,,2024-12-01T00:00:00Z,140,FALSE
365,,,2024-12-01T00:00:00Z,369,FALSE
365,,,2024-12-01T00:00:00Z,139,FALSE
365,,,2024-12-01T00:00:00Z,125,FALSE
365,,,2024-12-01T00:00:00Z,136,FALSE
365,,,2024-12-01T00:00:00Z,141,FALSE
365,,,2024-12-01T00:00:00Z,45,FALSE
365,,,2024-12-01T00:00:00Z,143,FALSE
365,,,2024-12-01T00:00:00Z,137,FALSE
365,,,2024-12-01T00:00:00Z,142,FALSE
365,,,2024-12-01T00:00:00Z,370,FALSE
365,,,2024-12-01T00:00:00Z,371,FALSE
365,,,2024-12-01T00:00:00Z,372,FALSE
365,,,2024-12-01T00:00:00Z,330,FALSE
365,,,2024-12-01T00:00:00Z,373,FALSE
365,,,2024-12-01T00:00:00Z,211,FALSE
365,,,2024-12-01T00:00:00Z,226,FALSE
365,,,2024-12-01T00:00:00Z,233,FALSE
365,,,2024-12-01T00:00:00Z,378,FALSE
365,,,2024-12-01T00:00:00Z,377,FALSE
365,,,2024-12-01T00:00:00Z,310,FALSE
365,,,2024-12-01T00:00:00Z,379,FALSE
365,,,2024-12-01T00:00:00Z,382,FALSE
365,,,2024-12-01T00:00:00Z,381,FALSE
365,,,2024-12-01T00:00:00Z,383,FALSE
365,,,2024-12-01T00:00:00Z,385,FALSE
365,,,2024-12-01T00:00:00Z,352,FALSE
365,,,2024-12-01T00:00:00Z,353,FALSE
365,,,2024-12-01T00:00:00Z,354,FALSE
365,,,2024-12-01T00:00:00Z,144,FALSE
365,,,2024-12-01T00:00:00Z,356,FALSE
365,,,2024-12-01T00:00:00Z,357,FALSE
365,,,2024-12-01T00:00:00Z,358,FALSE
365,,,2024-12-01T00:00:00Z,355,FALSE
365,,,2024-12-01T00:00:00Z,364,FALSE
365,,,2024-12-01T00:00:00Z,366,FALSE
366,,,2024-01-01T00:00:00Z,138,FALSE
366,,,2024-01-01T00:00:00Z,368,FALSE
366,,,2024-01-01T00:00:00Z,140,FALSE
366,,,2024-01-01T00:00:00Z,369,FALSE
366,,,2024-01-01T00:00:00Z,139,FALSE
366,,,2024-01-01T00:00:00Z,125,FALSE
366,,,2024-01-01T00:00:00Z,136,FALSE
366,,,2024-01-01T00:00:00Z,141,FALSE
366,,,2024-01-01T00:00:00Z,45,FALSE
366,,,2024-01-01T00:00:00Z,143,FALSE
366,,,2024-01-01T00:00:00Z,137,FALSE
366,,,2024-01-01T00:00:00Z,142,FALSE
366,,,2024-01-01T00:00:00Z,370,FALSE
366,,,2024-01-01T00:00:00Z,371,FALSE
366,,,2024-01-01T00:00:00Z,372,FALSE
366,,,2024-01-01T00:00:00Z,330,FALSE
366,,,2024-01-01T00:00:00Z,373,FALSE
366,,,2024-01-01T00:00:00Z,211,FALSE
366,,,2024-01-01T00:00:00Z,226,FALSE
366,,,2024-01-01T00:00:00Z,233,FALSE
366,,,2024-01-01T00:00:00Z,378,FALSE
366,,,2024-01-01T00:00:00Z,377,FALSE
366,,,2024-01-01T00:00:00Z,310,FALSE
366,,,2024-01-01T00:00:00Z,379,FALSE
366,,,2024-01-01T00:00:00Z,382,FALSE
366,,,2024-01-01T00:00:00Z,381,FALSE
366,,,2024-01-01T00:00:00Z,383,FALSE
366,,,2024-01-01T00:00:00Z,385,FALSE
366,,,2024-01-01T00:00:00Z,352,FALSE
366,,,2024-01-01T00:00:00Z,353,FALSE
366,,,2024-01-01T00:00:00Z,354,FALSE
366,,,2024-01-01T00:00:00Z,144,FALSE
366,,,2024-01-01T00:00:00Z,356,FALSE
366,,,2024-01-01T00:00:00Z,357,FALSE
366,,,2024-01-01T00:00:00Z,358,FALSE
366,,,2024-01-01T00:00:00Z,355,FALSE
366,,,2024-01-01T00:00:00Z,364,FALSE
366,,,2024-01-01T00:00:00Z,365,FALSE
366,,,2024-02-01T00:00:00Z,138,FALSE
366,,,2024-02-01T00:00:00Z,368,FALSE
366,,,2024-02-01T00:00:00Z,140,FALSE
366,,,2024-02-01T00:00:00Z,369,FALSE
366,,,2024-02-01T00:00:00Z,139,FALSE
366,,,2024-02-01T00:00:00Z,125,FALSE
366,,,2024-02-01T00:00:00Z,136,FALSE
366,,,2024-02-01T00:00:00Z,141,FALSE
366,,,2024-02-01T00:00:00Z,45,FALSE
366,,,2024-02-01T00:00:00Z,143,FALSE
366,,,2024-02-01T00:00:00Z,137,FALSE
366,,,2024-02-01T00:00:00Z,142,FALSE
366,,,2024-02-01T00:00:00Z,370,FALSE
366,,,2024-02-01T00:00:00Z,371,FALSE
366,,,2024-02-01T00:00:00Z,372,FALSE
366,,,2024-02-01T00:00:00Z,330,FALSE
366,,,2024-02-01T00:00:00Z,373,FALSE
366,,,2024-02-01T00:00:00Z,211,FALSE
366,,,2024-02-01T00:00:00Z,226,FALSE
366,,,2024-02-01T00:00:00Z,233,FALSE
366,,,2024-02-01T00:00:00Z,378,FALSE
366,,,2024-02-01T00:00:00Z,377,FALSE
366,,,2024-02-01T00:00:00Z,310,FALSE
366,,,2024-02-01T00:00:00Z,379,FALSE
366,,,2024-02-01T00:00:00Z,382,FALSE
366,,,2024-02-01T00:00:00Z,381,FALSE
366,,,2024-02-01T00:00:00Z,383,FALSE
366,,,2024-02-01T00:00:00Z,385,FALSE
366,,,2024-02-01T00:00:00Z,352,FALSE
366,,,2024-02-01T00:00:00Z,353,FALSE
366,,,2024-02-01T00:00:00Z,354,FALSE
366,,,2024-02-01T00:00:00Z,144,FALSE
366,,,2024-02-01T00:00:00Z,356,FALSE
366,,,2024-02-01T00:00:00Z,357,FALSE
366,,,2024-02-01T00:00:00Z,358,FALSE
366,,,2024-02-01T00:00:00Z,355,FALSE
366,,,2024-02-01T00:00:00Z,364,FALSE
366,,,2024-02-01T00:00:00Z,365,FALSE
366,,,2024-03-01T00:00:00Z,138,FALSE
366,,,2024-03-01T00:00:00Z,368,FALSE
366,,,2024-03-01T00:00:00Z,140,FALSE
366,,,2024-03-01T00:00:00Z,369,FALSE
366,,,2024-03-01T00:00:00Z,139,FALSE
366,,,2024-03-01T00:00:00Z,125,FALSE
366,,,2024-03-01T00:00:00Z,136,FALSE
366,,,2024-03-01T00:00:00Z,141,FALSE
366,,,2024-03-01T00:00:00Z,45,FALSE
366,,,2024-03-01T00:00:00Z,143,FALSE
366,,,2024-03-01T00:00:00Z,137,FALSE
366,,,2024-03-01T00:00:00Z,142,FALSE
366,,,2024-03-01T00:00:00Z,370,FALSE
366,,,2024-03-01T00:00:00Z,371,FALSE
366,,,2024-03-01T00:00:00Z,372,FALSE
366,,,2024-03-01T00:00:00Z,330,FALSE
366,,,2024-03-01T00:00:00Z,373,FALSE
366,,,2024-03-01T00:00:00Z,211,FALSE
366,,,2024-03-01T00:00:00Z,226,FALSE
366,,,2024-03-01T00:00:00Z,233,FALSE
366,,,2024-03-01T00:00:00Z,378,FALSE
366,,,2024-03-01T00:00:00Z,377,FALSE
366,,,2024-03-01T00:00:00Z,310,FALSE
366,,,2024-03-01T00:00:00Z,379,FALSE
366,,,2024-03-01T00:00:00Z,382,FALSE
366,,,2024-03-01T00:00:00Z,381,FALSE
366,,,2024-03-01T00:00:00Z,383,FALSE
366,,,2024-03-01T00:00:00Z,385,FALSE
366,,,2024-03-01T00:00:00Z,352,FALSE
366,,,2024-03-01T00:00:00Z,353,FALSE
366,,,2024-03-01T00:00:00Z,354,FALSE
366,,,2024-03-01T00:00:00Z,144,FALSE
366,,,2024-03-01T00:00:00Z,356,FALSE
366,,,2024-03-01T00:00:00Z,357,FALSE
366,,,2024-03-01T00:00:00Z,358,FALSE
366,,,2024-03-01T00:00:00Z,355,FALSE
366,,,2024-03-01T00:00:00Z,364,FALSE
366,,,2024-03-01T00:00:00Z,365,FALSE
366,,,2024-04-01T00:00:00Z,138,FALSE
366,,,2024-04-01T00:00:00Z,368,FALSE
366,,,2024-04-01T00:00:00Z,140,FALSE
366,,,2024-04-01T00:00:00Z,369,FALSE
366,,,2024-04-01T00:00:00Z,139,FALSE
366,,,2024-04-01T00:00:00Z,125,FALSE
366,,,2024-04-01T00:00:00Z,136,FALSE
366,,,2024-04-01T00:00:00Z,141,FALSE
366,,,2024-04-01T00:00:00Z,45,FALSE
366,,,2024-04-01T00:00:00Z,143,FALSE
366,,,2024-04-01T00:00:00Z,137,FALSE
366,,,2024-04-01T00:00:00Z,142,FALSE
366,,,2024-04-01T00:00:00Z,370,FALSE
366,,,2024-04-01T00:00:00Z,371,FALSE
366,,,2024-04-01T00:00:00Z,372,FALSE
366,,,2024-04-01T00:00:00Z,330,FALSE
366,,,2024-04-01T00:00:00Z,373,FALSE
366,,,2024-04-01T00:00:00Z,211,FALSE
366,,,2024-04-01T00:00:00Z,226,FALSE
366,,,2024-04-01T00:00:00Z,233,FALSE
366,,,2024-04-01T00:00:00Z,378,FALSE
366,,,2024-04-01T00:00:00Z,377,FALSE
366,,,2024-04-01T00:00:00Z,310,FALSE
366,,,2024-04-01T00:00:00Z,379,FALSE
366,,,2024-04-01T00:00:00Z,382,FALSE
366,,,2024-04-01T00:00:00Z,381,FALSE
366,,,2024-04-01T00:00:00Z,383,FALSE
366,,,2024-04-01T00:00:00Z,385,FALSE
366,,,2024-04-01T00:00:00Z,352,FALSE
366,,,2024-04-01T00:00:00Z,353,FALSE
366,,,2024-04-01T00:00:00Z,354,FALSE
366,,,2024-04-01T00:00:00Z,144,FALSE
366,,,2024-04-01T00:00:00Z,356,FALSE
366,,,2024-04-01T00:00:00Z,357,FALSE
366,,,2024-04-01T00:00:00Z,358,FALSE
366,,,2024-04-01T00:00:00Z,355,FALSE
366,,,2024-04-01T00:00:00Z,364,FALSE
366,,,2024-04-01T00:00:00Z,365,FALSE
366,,,2024-05-01T00:00:00Z,138,FALSE
366,,,2024-05-01T00:00:00Z,368,FALSE
366,,,2024-05-01T00:00:00Z,140,FALSE
366,,,2024-05-01T00:00:00Z,369,FALSE
366,,,2024-05-01T00:00:00Z,139,FALSE
366,,,2024-05-01T00:00:00Z,125,FALSE
366,,,2024-05-01T00:00:00Z,136,FALSE
366,,,2024-05-01T00:00:00Z,141,FALSE
366,,,2024-05-01T00:00:00Z,45,FALSE
366,,,2024-05-01T00:00:00Z,143,FALSE
366,,,2024-05-01T00:00:00Z,137,FALSE
366,,,2024-05-01T00:00:00Z,142,FALSE
366,,,2024-05-01T00:00:00Z,370,FALSE
366,,,2024-05-01T00:00:00Z,371,FALSE
366,,,2024-05-01T00:00:00Z,372,FALSE
366,,,2024-05-01T00:00:00Z,330,FALSE
366,,,2024-05-01T00:00:00Z,373,FALSE
366,,,2024-05-01T00:00:00Z,211,FALSE
366,,,2024-05-01T00:00:00Z,226,FALSE
366,,,2024-05-01T00:00:00Z,233,FALSE
366,,,2024-05-01T00:00:00Z,378,FALSE
366,,,2024-05-01T00:00:00Z,377,FALSE
366,,,2024-05-01T00:00:00Z,310,FALSE
366,,,2024-05-01T00:00:00Z,379,FALSE
366,,,2024-05-01T00:00:00Z,382,FALSE
366,,,2024-05-01T00:00:00Z,381,FALSE
366,,,2024-05-01T00:00:00Z,383,FALSE
366,,,2024-05-01T00:00:00Z,385,FALSE
366,,,2024-05-01T00:00:00Z,352,FALSE
366,,,2024-05-01T00:00:00Z,353,FALSE
366,,,2024-05-01T00:00:00Z,354,FALSE
366,,,2024-05-01T00:00:00Z,144,FALSE
366,,,2024-05-01T00:00:00Z,356,FALSE
366,,,2024-05-01T00:00:00Z,357,FALSE
366,,,2024-05-01T00:00:00Z,358,FALSE
366,,,2024-05-01T00:00:00Z,355,FALSE
366,,,2024-05-01T00:00:00Z,364,FALSE
366,,,2024-05-01T00:00:00Z,365,FALSE
366,,,2024-06-01T00:00:00Z,138,FALSE
366,,,2024-06-01T00:00:00Z,368,FALSE
366,,,2024-06-01T00:00:00Z,140,FALSE
366,,,2024-06-01T00:00:00Z,369,FALSE
366,,,2024-06-01T00:00:00Z,139,FALSE
366,,,2024-06-01T00:00:00Z,125,FALSE
366,,,2024-06-01T00:00:00Z,136,FALSE
366,,,2024-06-01T00:00:00Z,141,FALSE
366,,,2024-06-01T00:00:00Z,45,FALSE
366,,,2024-06-01T00:00:00Z,143,FALSE
366,,,2024-06-01T00:00:00Z,137,FALSE
366,,,2024-06-01T00:00:00Z,142,FALSE
366,,,2024-06-01T00:00:00Z,370,FALSE
366,,,2024-06-01T00:00:00Z,371,FALSE
366,,,2024-06-01T00:00:00Z,372,FALSE
366,,,2024-06-01T00:00:00Z,330,FALSE
366,,,2024-06-01T00:00:00Z,373,FALSE
366,,,2024-06-01T00:00:00Z,211,FALSE
366,,,2024-06-01T00:00:00Z,226,FALSE
366,,,2024-06-01T00:00:00Z,233,FALSE
366,,,2024-06-01T00:00:00Z,378,FALSE
366,,,2024-06-01T00:00:00Z,377,FALSE
366,,,2024-06-01T00:00:00Z,310,FALSE
366,,,2024-06-01T00:00:00Z,379,FALSE
366,,,2024-06-01T00:00:00Z,382,FALSE
366,,,2024-06-01T00:00:00Z,381,FALSE
366,,,2024-06-01T00:00:00Z,383,FALSE
366,,,2024-06-01T00:00:00Z,385,FALSE
366,,,2024-06-01T00:00:00Z,352,FALSE
366,,,2024-06-01T00:00:00Z,353,FALSE
366,,,2024-06-01T00:00:00Z,354,FALSE
366,,,2024-06-01T00:00:00Z,144,FALSE
366,,,2024-06-01T00:00:00Z,356,FALSE
366,,,2024-06-01T00:00:00Z,357,FALSE
366,,,2024-06-01T00:00:00Z,358,FALSE
366,,,2024-06-01T00:00:00Z,355,FALSE
366,,,2024-06-01T00:00:00Z,364,FALSE
366,,,2024-06-01T00:00:00Z,365,FALSE
366,,,2024-07-01T00:00:00Z,138,FALSE
366,,,2024-07-01T00:00:00Z,368,FALSE
366,,,2024-07-01T00:00:00Z,140,FALSE
366,,,2024-07-01T00:00:00Z,369,FALSE
366,,,2024-07-01T00:00:00Z,139,FALSE
366,,,2024-07-01T00:00:00Z,125,FALSE
366,,,2024-07-01T00:00:00Z,136,FALSE
366,,,2024-07-01T00:00:00Z,141,FALSE
366,,,2024-07-01T00:00:00Z,45,FALSE
366,,,2024-07-01T00:00:00Z,143,FALSE
366,,,2024-07-01T00:00:00Z,137,FALSE
366,,,2024-07-01T00:00:00Z,142,FALSE
366,,,2024-07-01T00:00:00Z,370,FALSE
366,,,2024-07-01T00:00:00Z,371,FALSE
366,,,2024-07-01T00:00:00Z,372,FALSE
366,,,2024-07-01T00:00:00Z,330,FALSE
366,,,2024-07-01T00:00:00Z,373,FALSE
366,,,2024-07-01T00:00:00Z,211,FALSE
366,,,2024-07-01T00:00:00Z,226,FALSE
366,,,2024-07-01T00:00:00Z,233,FALSE
366,,,2024-07-01T00:00:00Z,378,FALSE
366,,,2024-07-01T00:00:00Z,377,FALSE
366,,,2024-07-01T00:00:00Z,310,FALSE
366,,,2024-07-01T00:00:00Z,379,FALSE
366,,,2024-07-01T00:00:00Z,382,FALSE
366,,,2024-07-01T00:00:00Z,381,FALSE
366,,,2024-07-01T00:00:00Z,383,FALSE
366,,,2024-07-01T00:00:00Z,385,FALSE
366,,,2024-07-01T00:00:00Z,352,FALSE
366,,,2024-07-01T00:00:00Z,353,FALSE
366,,,2024-07-01T00:00:00Z,354,FALSE
366,,,2024-07-01T00:00:00Z,144,FALSE
366,,,2024-07-01T00:00:00Z,356,FALSE
366,,,2024-07-01T00:00:00Z,357,FALSE
366,,,2024-07-01T00:00:00Z,358,FALSE
366,,,2024-07-01T00:00:00Z,355,FALSE
366,,,2024-07-01T00:00:00Z,364,FALSE
366,,,2024-07-01T00:00:00Z,365,FALSE
366,,,2024-08-01T00:00:00Z,138,FALSE
366,,,2024-08-01T00:00:00Z,368,FALSE
366,,,2024-08-01T00:00:00Z,140,FALSE
366,,,2024-08-01T00:00:00Z,369,FALSE
366,,,2024-08-01T00:00:00Z,139,FALSE
366,,,2024-08-01T00:00:00Z,125,FALSE
366,,,2024-08-01T00:00:00Z,136,FALSE
366,,,2024-08-01T00:00:00Z,141,FALSE
366,,,2024-08-01T00:00:00Z,45,FALSE
366,,,2024-08-01T00:00:00Z,143,FALSE
366,,,2024-08-01T00:00:00Z,137,FALSE
366,,,2024-08-01T00:00:00Z,142,FALSE
366,,,2024-08-01T00:00:00Z,370,FALSE
366,,,2024-08-01T00:00:00Z,371,FALSE
366,,,2024-08-01T00:00:00Z,372,FALSE
366,,,2024-08-01T00:00:00Z,330,FALSE
366,,,2024-08-01T00:00:00Z,373,FALSE
366,,,2024-08-01T00:00:00Z,211,FALSE
366,,,2024-08-01T00:00:00Z,226,FALSE
366,,,2024-08-01T00:00:00Z,233,FALSE
366,,,2024-08-01T00:00:00Z,378,FALSE
366,,,2024-08-01T00:00:00Z,377,FALSE
366,,,2024-08-01T00:00:00Z,310,FALSE
366,,,2024-08-01T00:00:00Z,379,FALSE
366,,,2024-08-01T00:00:00Z,382,FALSE
366,,,2024-08-01T00:00:00Z,381,FALSE
366,,,2024-08-01T00:00:00Z,383,FALSE
366,,,2024-08-01T00:00:00Z,385,FALSE
366,,,2024-08-01T00:00:00Z,352,FALSE
366,,,2024-08-01T00:00:00Z,353,FALSE
366,,,2024-08-01T00:00:00Z,354,FALSE
366,,,2024-08-01T00:00:00Z,144,FALSE
366,,,2024-08-01T00:00:00Z,356,FALSE
366,,,2024-08-01T00:00:00Z,357,FALSE
366,,,2024-08-01T00:00:00Z,358,FALSE
366,,,2024-08-01T00:00:00Z,355,FALSE
366,,,2024-08-01T00:00:00Z,364,FALSE
366,,,2024-08-01T00:00:00Z,365,FALSE
366,,,2024-09-01T00:00:00Z,138,FALSE
366,,,2024-09-01T00:00:00Z,368,FALSE
366,,,2024-09-01T00:00:00Z,140,FALSE
366,,,2024-09-01T00:00:00Z,369,FALSE
366,,,2024-09-01T00:00:00Z,139,FALSE
366,,,2024-09-01T00:00:00Z,125,FALSE
366,,,2024-09-01T00:00:00Z,136,FALSE
366,,,2024-09-01T00:00:00Z,141,FALSE
366,,,2024-09-01T00:00:00Z,45,FALSE
366,,,2024-09-01T00:00:00Z,143,FALSE
366,,,2024-09-01T00:00:00Z,137,FALSE
366,,,2024-09-01T00:00:00Z,142,FALSE
366,,,2024-09-01T00:00:00Z,370,FALSE
366,,,2024-09-01T00:00:00Z,371,FALSE
366,,,2024-09-01T00:00:00Z,372,FALSE
366,,,2024-09-01T00:00:00Z,330,FALSE
366,,,2024-09-01T00:00:00Z,373,FALSE
366,,,2024-09-01T00:00:00Z,211,FALSE
366,,,2024-09-01T00:00:00Z,226,FALSE
366,,,2024-09-01T00:00:00Z,233,FALSE
366,,,2024-09-01T00:00:00Z,378,FALSE
366,,,2024-09-01T00:00:00Z,377,FALSE
366,,,2024-09-01T00:00:00Z,310,FALSE
366,,,2024-09-01T00:00:00Z,379,FALSE
366,,,2024-09-01T00:00:00Z,382,FALSE
366,,,2024-09-01T00:00:00Z,381,FALSE
366,,,2024-09-01T00:00:00Z,383,FALSE
366,,,2024-09-01T00:00:00Z,385,FALSE
366,,,2024-09-01T00:00:00Z,352,FALSE
366,,,2024-09-01T00:00:00Z,353,FALSE
366,,,2024-09-01T00:00:00Z,354,FALSE
366,,,2024-09-01T00:00:00Z,144,FALSE
366,,,2024-09-01T00:00:00Z,356,FALSE
366,,,2024-09-01T00:00:00Z,357,FALSE
366,,,2024-09-01T00:00:00Z,358,FALSE
366,,,2024-09-01T00:00:00Z,355,FALSE
366,,,2024-09-01T00:00:00Z,364,FALSE
366,,,2024-09-01T00:00:00Z,365,FALSE
366,,,2024-10-01T00:00:00Z,138,FALSE
366,,,2024-10-01T00:00:00Z,368,FALSE
366,,,2024-10-01T00:00:00Z,140,FALSE
366,,,2024-10-01T00:00:00Z,369,FALSE
366,,,2024-10-01T00:00:00Z,139,FALSE
366,,,2024-10-01T00:00:00Z,125,FALSE
366,,,2024-10-01T00:00:00Z,136,FALSE
366,,,2024-10-01T00:00:00Z,141,FALSE
366,,,2024-10-01T00:00:00Z,45,FALSE
366,,,2024-10-01T00:00:00Z,143,FALSE
366,,,2024-10-01T00:00:00Z,137,FALSE
366,,,2024-10-01T00:00:00Z,142,FALSE
366,,,2024-10-01T00:00:00Z,370,FALSE
366,,,2024-10-01T00:00:00Z,371,FALSE
366,,,2024-10-01T00:00:00Z,372,FALSE
366,,,2024-10-01T00:00:00Z,330,FALSE
366,,,2024-10-01T00:00:00Z,373,FALSE
366,,,2024-10-01T00:00:00Z,211,FALSE
366,,,2024-10-01T00:00:00Z,226,FALSE
366,,,2024-10-01T00:00:00Z,233,FALSE
366,,,2024-10-01T00:00:00Z,378,FALSE
366,,,2024-10-01T00:00:00Z,377,FALSE
366,,,2024-10-01T00:00:00Z,310,FALSE
366,,,2024-10-01T00:00:00Z,379,FALSE
366,,,2024-10-01T00:00:00Z,382,FALSE
366,,,2024-10-01T00:00:00Z,381,FALSE
366,,,2024-10-01T00:00:00Z,383,FALSE
366,,,2024-10-01T00:00:00Z,385,FALSE
366,,,2024-10-01T00:00:00Z,352,FALSE
366,,,2024-10-01T00:00:00Z,353,FALSE
366,,,2024-10-01T00:00:00Z,354,FALSE
366,,,2024-10-01T00:00:00Z,144,FALSE
366,,,2024-10-01T00:00:00Z,356,FALSE
366,,,2024-10-01T00:00:00Z,357,FALSE
366,,,2024-10-01T00:00:00Z,358,FALSE
366,,,2024-10-01T00:00:00Z,355,FALSE
366,,,2024-10-01T00:00:00Z,364,FALSE
366,,,2024-10-01T00:00:00Z,365,FALSE
366,,,2024-11-01T00:00:00Z,138,FALSE
366,,,2024-11-01T00:00:00Z,368,FALSE
366,,,2024-11-01T00:00:00Z,140,FALSE
366,,,2024-11-01T00:00:00Z,369,FALSE
366,,,2024-11-01T00:00:00Z,139,FALSE
366,,,2024-11-01T00:00:00Z,125,FALSE
366,,,2024-11-01T00:00:00Z,136,FALSE
366,,,2024-11-01T00:00:00Z,141,FALSE
366,,,2024-11-01T00:00:00Z,45,FALSE
366,,,2024-11-01T00:00:00Z,143,FALSE
366,,,2024-11-01T00:00:00Z,137,FALSE
366,,,2024-11-01T00:00:00Z,142,FALSE
366,,,2024-11-01T00:00:00Z,370,FALSE
366,,,2024-11-01T00:00:00Z,371,FALSE
366,,,2024-11-01T00:00:00Z,372,FALSE
366,,,2024-11-01T00:00:00Z,330,FALSE
366,,,2024-11-01T00:00:00Z,373,FALSE
366,,,2024-11-01T00:00:00Z,211,FALSE
366,,,2024-11-01T00:00:00Z,226,FALSE
366,,,2024-11-01T00:00:00Z,233,FALSE
366,,,2024-11-01T00:00:00Z,378,FALSE
366,,,2024-11-01T00:00:00Z,377,FALSE
366,,,2024-11-01T00:00:00Z,310,FALSE
366,,,2024-11-01T00:00:00Z,379,FALSE
366,,,2024-11-01T00:00:00Z,382,FALSE
366,,,2024-11-01T00:00:00Z,381,FALSE
366,,,2024-11-01T00:00:00Z,383,FALSE
366,,,2024-11-01T00:00:00Z,385,FALSE
366,,,2024-11-01T00:00:00Z,352,FALSE
366,,,2024-11-01T00:00:00Z,353,FALSE
366,,,2024-11-01T00:00:00Z,354,FALSE
366,,,2024-11-01T00:00:00Z,144,FALSE
366,,,2024-11-01T00:00:00Z,356,FALSE
366,,,2024-11-01T00:00:00Z,357,FALSE
366,,,2024-11-01T00:00:00Z,358,FALSE
366,,,2024-11-01T00:00:00Z,355,FALSE
366,,,2024-11-01T00:00:00Z,364,FALSE
366,,,2024-11-01T00:00:00Z,365,FALSE
366,,,2024-12-01T00:00:00Z,138,FALSE
366,,,2024-12-01T00:00:00Z,368,FALSE
366,,,2024-12-01T00:00:00Z,140,FALSE
366,,,2024-12-01T00:00:00Z,369,FALSE
366,,,2024-12-01T00:00:00Z,139,FALSE
366,,,2024-12-01T00:00:00Z,125,FALSE
366,,,2024-12-01T00:00:00Z,136,FALSE
366,,,2024-12-01T00:00:00Z,141,FALSE
366,,,2024-12-01T00:00:00Z,45,FALSE
366,,,2024-12-01T00:00:00Z,143,FALSE
366,,,2024-12-01T00:00:00Z,137,FALSE
366,,,2024-12-01T00:00:00Z,142,FALSE
366,,,2024-12-01T00:00:00Z,370,FALSE
366,,,2024-12-01T00:00:00Z,371,FALSE
366,,,2024-12-01T00:00:00Z,372,FALSE
366,,,2024-12-01T00:00:00Z,330,FALSE
366,,,2024-12-01T00:00:00Z,373,FALSE
366,,,2024-12-01T00:00:00Z,211,FALSE
366,,,2024-12-01T00:00:00Z,226,FALSE
366,,,2024-12-01T00:00:00Z,233,FALSE
366,,,2024-12-01T00:00:00Z,378,FALSE
366,,,2024-12-01T00:00:00Z,377,FALSE
366,,,2024-12-01T00:00:00Z,310,FALSE
366,,,2024-12-01T00:00:00Z,379,FALSE
366,,,2024-12-01T00:00:00Z,382,FALSE
366,,,2024-12-01T00:00:00Z,381,FALSE
366,,,2024-12-01T00:00:00Z,383,FALSE
366,,,2024-12-01T00:00:00Z,385,FALSE
366,,,2024-12-01T00:00:00Z,352,FALSE
366,,,2024-12-01T00:00:00Z,353,FALSE
366,,,2024-12-01T00:00:00Z,354,FALSE
366,,,2024-12-01T00:00:00Z,144,FALSE
366,,,2024-12-01T00:00:00Z,356,FALSE
366,,,2024-12-01T00:00:00Z,357,FALSE
366,,,2024-12-01T00:00:00Z,358,FALSE
366,,,2024-12-01T00:00:00Z,355,FALSE
366,,,2024-12-01T00:00:00Z,364,FALSE
366,,,2024-12-01T00:00:00Z,365,FALSE
368,,,2024-01-01T00:00:00Z,138,FALSE
368,,,2024-01-01T00:00:00Z,140,FALSE
368,,,2024-01-01T00:00:00Z,369,FALSE
368,,,2024-01-01T00:00:00Z,139,FALSE
368,,,2024-01-01T00:00:00Z,125,FALSE
368,,,2024-01-01T00:00:00Z,136,FALSE
368,,,2024-01-01T00:00:00Z,141,FALSE
368,,,2024-01-01T00:00:00Z,45,FALSE
368,,,2024-01-01T00:00:00Z,143,FALSE
368,,,2024-01-01T00:00:00Z,137,FALSE
368,,,2024-01-01T00:00:00Z,142,FALSE
368,,,2024-01-01T00:00:00Z,370,FALSE
368,,,2024-01-01T00:00:00Z,371,FALSE
368,,,2024-01-01T00:00:00Z,372,FALSE
368,,,2024-01-01T00:00:00Z,330,FALSE
368,,,2024-01-01T00:00:00Z,373,FALSE
368,,,2024-01-01T00:00:00Z,211,FALSE
368,,,2024-01-01T00:00:00Z,226,FALSE
368,,,2024-01-01T00:00:00Z,233,FALSE
368,,,2024-01-01T00:00:00Z,378,FALSE
368,,,2024-01-01T00:00:00Z,377,FALSE
368,,,2024-01-01T00:00:00Z,310,FALSE
368,,,2024-01-01T00:00:00Z,379,FALSE
368,,,2024-01-01T00:00:00Z,382,FALSE
368,,,2024-01-01T00:00:00Z,381,FALSE
368,,,2024-01-01T00:00:00Z,383,FALSE
368,,,2024-01-01T00:00:00Z,385,FALSE
368,,,2024-01-01T00:00:00Z,352,FALSE
368,,,2024-01-01T00:00:00Z,353,FALSE
368,,,2024-01-01T00:00:00Z,354,FALSE
368,,,2024-01-01T00:00:00Z,144,FALSE
368,,,2024-01-01T00:00:00Z,356,FALSE
368,,,2024-01-01T00:00:00Z,357,FALSE
368,,,2024-01-01T00:00:00Z,358,FALSE
368,,,2024-01-01T00:00:00Z,355,FALSE
368,,,2024-01-01T00:00:00Z,364,FALSE
368,,,2024-01-01T00:00:00Z,365,FALSE
368,,,2024-01-01T00:00:00Z,366,FALSE
368,,,2024-02-01T00:00:00Z,138,FALSE
368,,,2024-02-01T00:00:00Z,140,FALSE
368,,,2024-02-01T00:00:00Z,369,FALSE
368,,,2024-02-01T00:00:00Z,139,FALSE
368,,,2024-02-01T00:00:00Z,125,FALSE
368,,,2024-02-01T00:00:00Z,136,FALSE
368,,,2024-02-01T00:00:00Z,141,FALSE
368,,,2024-02-01T00:00:00Z,45,FALSE
368,,,2024-02-01T00:00:00Z,143,FALSE
368,,,2024-02-01T00:00:00Z,137,FALSE
368,,,2024-02-01T00:00:00Z,142,FALSE
368,,,2024-02-01T00:00:00Z,370,FALSE
368,,,2024-02-01T00:00:00Z,371,FALSE
368,,,2024-02-01T00:00:00Z,372,FALSE
368,,,2024-02-01T00:00:00Z,330,FALSE
368,,,2024-02-01T00:00:00Z,373,FALSE
368,,,2024-02-01T00:00:00Z,211,FALSE
368,,,2024-02-01T00:00:00Z,226,FALSE
368,,,2024-02-01T00:00:00Z,233,FALSE
368,,,2024-02-01T00:00:00Z,378,FALSE
368,,,2024-02-01T00:00:00Z,377,FALSE
368,,,2024-02-01T00:00:00Z,310,FALSE
368,,,2024-02-01T00:00:00Z,379,FALSE
368,,,2024-02-01T00:00:00Z,382,FALSE
368,,,2024-02-01T00:00:00Z,381,FALSE
368,,,2024-02-01T00:00:00Z,383,FALSE
368,,,2024-02-01T00:00:00Z,385,FALSE
368,,,2024-02-01T00:00:00Z,352,FALSE
368,,,2024-02-01T00:00:00Z,353,FALSE
368,,,2024-02-01T00:00:00Z,354,FALSE
368,,,2024-02-01T00:00:00Z,144,FALSE
368,,,2024-02-01T00:00:00Z,356,FALSE
368,,,2024-02-01T00:00:00Z,357,FALSE
368,,,2024-02-01T00:00:00Z,358,FALSE
368,,,2024-02-01T00:00:00Z,355,FALSE
368,,,2024-02-01T00:00:00Z,364,FALSE
368,,,2024-02-01T00:00:00Z,365,FALSE
368,,,2024-02-01T00:00:00Z,366,FALSE
368,,,2024-03-01T00:00:00Z,138,FALSE
368,,,2024-03-01T00:00:00Z,140,FALSE
368,,,2024-03-01T00:00:00Z,369,FALSE
368,,,2024-03-01T00:00:00Z,139,FALSE
368,,,2024-03-01T00:00:00Z,125,FALSE
368,,,2024-03-01T00:00:00Z,136,FALSE
368,,,2024-03-01T00:00:00Z,141,FALSE
368,,,2024-03-01T00:00:00Z,45,FALSE
368,,,2024-03-01T00:00:00Z,143,FALSE
368,,,2024-03-01T00:00:00Z,137,FALSE
368,,,2024-03-01T00:00:00Z,142,FALSE
368,,,2024-03-01T00:00:00Z,370,FALSE
368,,,2024-03-01T00:00:00Z,371,FALSE
368,,,2024-03-01T00:00:00Z,372,FALSE
368,,,2024-03-01T00:00:00Z,330,FALSE
368,,,2024-03-01T00:00:00Z,373,FALSE
368,,,2024-03-01T00:00:00Z,211,FALSE
368,,,2024-03-01T00:00:00Z,226,FALSE
368,,,2024-03-01T00:00:00Z,233,FALSE
368,,,2024-03-01T00:00:00Z,378,FALSE
368,,,2024-03-01T00:00:00Z,377,FALSE
368,,,2024-03-01T00:00:00Z,310,FALSE
368,,,2024-03-01T00:00:00Z,379,FALSE
368,,,2024-03-01T00:00:00Z,382,FALSE
368,,,2024-03-01T00:00:00Z,381,FALSE
368,,,2024-03-01T00:00:00Z,383,FALSE
368,,,2024-03-01T00:00:00Z,385,FALSE
368,,,2024-03-01T00:00:00Z,352,FALSE
368,,,2024-03-01T00:00:00Z,353,FALSE
368,,,2024-03-01T00:00:00Z,354,FALSE
368,,,2024-03-01T00:00:00Z,144,FALSE
368,,,2024-03-01T00:00:00Z,356,FALSE
368,,,2024-03-01T00:00:00Z,357,FALSE
368,,,2024-03-01T00:00:00Z,358,FALSE
368,,,2024-03-01T00:00:00Z,355,FALSE
368,,,2024-03-01T00:00:00Z,364,FALSE
368,,,2024-03-01T00:00:00Z,365,FALSE
368,,,2024-03-01T00:00:00Z,366,FALSE
368,,,2024-04-01T00:00:00Z,138,FALSE
368,,,2024-04-01T00:00:00Z,140,FALSE
368,,,2024-04-01T00:00:00Z,369,FALSE
368,,,2024-04-01T00:00:00Z,139,FALSE
368,,,2024-04-01T00:00:00Z,125,FALSE
368,,,2024-04-01T00:00:00Z,136,FALSE
368,,,2024-04-01T00:00:00Z,141,FALSE
368,,,2024-04-01T00:00:00Z,45,FALSE
368,,,2024-04-01T00:00:00Z,143,FALSE
368,,,2024-04-01T00:00:00Z,137,FALSE
368,,,2024-04-01T00:00:00Z,142,FALSE
368,,,2024-04-01T00:00:00Z,370,FALSE
368,,,2024-04-01T00:00:00Z,371,FALSE
368,,,2024-04-01T00:00:00Z,372,FALSE
368,,,2024-04-01T00:00:00Z,330,FALSE
368,,,2024-04-01T00:00:00Z,373,FALSE
368,,,2024-04-01T00:00:00Z,211,FALSE
368,,,2024-04-01T00:00:00Z,226,FALSE
368,,,2024-04-01T00:00:00Z,233,FALSE
368,,,2024-04-01T00:00:00Z,378,FALSE
368,,,2024-04-01T00:00:00Z,377,FALSE
368,,,2024-04-01T00:00:00Z,310,FALSE
368,,,2024-04-01T00:00:00Z,379,FALSE
368,,,2024-04-01T00:00:00Z,382,FALSE
368,,,2024-04-01T00:00:00Z,381,FALSE
368,,,2024-04-01T00:00:00Z,383,FALSE
368,,,2024-04-01T00:00:00Z,385,FALSE
368,,,2024-04-01T00:00:00Z,352,FALSE
368,,,2024-04-01T00:00:00Z,353,FALSE
368,,,2024-04-01T00:00:00Z,354,FALSE
368,,,2024-04-01T00:00:00Z,144,FALSE
368,,,2024-04-01T00:00:00Z,356,FALSE
368,,,2024-04-01T00:00:00Z,357,FALSE
368,,,2024-04-01T00:00:00Z,358,FALSE
368,,,2024-04-01T00:00:00Z,355,FALSE
368,,,2024-04-01T00:00:00Z,364,FALSE
368,,,2024-04-01T00:00:00Z,365,FALSE
368,,,2024-04-01T00:00:00Z,366,FALSE
368,,,2024-05-01T00:00:00Z,138,FALSE
368,,,2024-05-01T00:00:00Z,140,FALSE
368,,,2024-05-01T00:00:00Z,369,FALSE
368,,,2024-05-01T00:00:00Z,139,FALSE
368,,,2024-05-01T00:00:00Z,125,FALSE
368,,,2024-05-01T00:00:00Z,136,FALSE
368,,,2024-05-01T00:00:00Z,141,FALSE
368,,,2024-05-01T00:00:00Z,45,FALSE
368,,,2024-05-01T00:00:00Z,143,FALSE
368,,,2024-05-01T00:00:00Z,137,FALSE
368,,,2024-05-01T00:00:00Z,142,FALSE
368,,,2024-05-01T00:00:00Z,370,FALSE
368,,,2024-05-01T00:00:00Z,371,FALSE
368,,,2024-05-01T00:00:00Z,372,FALSE
368,,,2024-05-01T00:00:00Z,330,FALSE
368,,,2024-05-01T00:00:00Z,373,FALSE
368,,,2024-05-01T00:00:00Z,211,FALSE
368,,,2024-05-01T00:00:00Z,226,FALSE
368,,,2024-05-01T00:00:00Z,233,FALSE
368,,,2024-05-01T00:00:00Z,378,FALSE
368,,,2024-05-01T00:00:00Z,377,FALSE
368,,,2024-05-01T00:00:00Z,310,FALSE
368,,,2024-05-01T00:00:00Z,379,FALSE
368,,,2024-05-01T00:00:00Z,382,FALSE
368,,,2024-05-01T00:00:00Z,381,FALSE
368,,,2024-05-01T00:00:00Z,383,FALSE
368,,,2024-05-01T00:00:00Z,385,FALSE
368,,,2024-05-01T00:00:00Z,352,FALSE
368,,,2024-05-01T00:00:00Z,353,FALSE
368,,,2024-05-01T00:00:00Z,354,FALSE
368,,,2024-05-01T00:00:00Z,144,FALSE
368,,,2024-05-01T00:00:00Z,356,FALSE
368,,,2024-05-01T00:00:00Z,357,FALSE
368,,,2024-05-01T00:00:00Z,358,FALSE
368,,,2024-05-01T00:00:00Z,355,FALSE
368,,,2024-05-01T00:00:00Z,364,FALSE
368,,,2024-05-01T00:00:00Z,365,FALSE
368,,,2024-05-01T00:00:00Z,366,FALSE
368,,,2024-06-01T00:00:00Z,138,FALSE
368,,,2024-06-01T00:00:00Z,140,FALSE
368,,,2024-06-01T00:00:00Z,369,FALSE
368,,,2024-06-01T00:00:00Z,139,FALSE
368,,,2024-06-01T00:00:00Z,125,FALSE
368,,,2024-06-01T00:00:00Z,136,FALSE
368,,,2024-06-01T00:00:00Z,141,FALSE
368,,,2024-06-01T00:00:00Z,45,FALSE
368,,,2024-06-01T00:00:00Z,143,FALSE
368,,,2024-06-01T00:00:00Z,137,FALSE
368,,,2024-06-01T00:00:00Z,142,FALSE
368,,,2024-06-01T00:00:00Z,370,FALSE
368,,,2024-06-01T00:00:00Z,371,FALSE
368,,,2024-06-01T00:00:00Z,372,FALSE
368,,,2024-06-01T00:00:00Z,330,FALSE
368,,,2024-06-01T00:00:00Z,373,FALSE
368,,,2024-06-01T00:00:00Z,211,FALSE
368,,,2024-06-01T00:00:00Z,226,FALSE
368,,,2024-06-01T00:00:00Z,233,FALSE
368,,,2024-06-01T00:00:00Z,378,FALSE
368,,,2024-06-01T00:00:00Z,377,FALSE
368,,,2024-06-01T00:00:00Z,310,FALSE
368,,,2024-06-01T00:00:00Z,379,FALSE
368,,,2024-06-01T00:00:00Z,382,FALSE
368,,,2024-06-01T00:00:00Z,381,FALSE
368,,,2024-06-01T00:00:00Z,383,FALSE
368,,,2024-06-01T00:00:00Z,385,FALSE
368,,,2024-06-01T00:00:00Z,352,FALSE
368,,,2024-06-01T00:00:00Z,353,FALSE
368,,,2024-06-01T00:00:00Z,354,FALSE
368,,,2024-06-01T00:00:00Z,144,FALSE
368,,,2024-06-01T00:00:00Z,356,FALSE
368,,,2024-06-01T00:00:00Z,357,FALSE
368,,,2024-06-01T00:00:00Z,358,FALSE
368,,,2024-06-01T00:00:00Z,355,FALSE
368,,,2024-06-01T00:00:00Z,364,FALSE
368,,,2024-06-01T00:00:00Z,365,FALSE
368,,,2024-06-01T00:00:00Z,366,FALSE
368,,,2024-07-01T00:00:00Z,138,FALSE
368,,,2024-07-01T00:00:00Z,140,FALSE
368,,,2024-07-01T00:00:00Z,369,FALSE
368,,,2024-07-01T00:00:00Z,139,FALSE
368,,,2024-07-01T00:00:00Z,125,FALSE
368,,,2024-07-01T00:00:00Z,136,FALSE
368,,,2024-07-01T00:00:00Z,141,FALSE
368,,,2024-07-01T00:00:00Z,45,FALSE
368,,,2024-07-01T00:00:00Z,143,FALSE
368,,,2024-07-01T00:00:00Z,137,FALSE
368,,,2024-07-01T00:00:00Z,142,FALSE
368,,,2024-07-01T00:00:00Z,370,FALSE
368,,,2024-07-01T00:00:00Z,371,FALSE
368,,,2024-07-01T00:00:00Z,372,FALSE
368,,,2024-07-01T00:00:00Z,330,FALSE
368,,,2024-07-01T00:00:00Z,373,FALSE
368,,,2024-07-01T00:00:00Z,211,FALSE
368,,,2024-07-01T00:00:00Z,226,FALSE
368,,,2024-07-01T00:00:00Z,233,FALSE
368,,,2024-07-01T00:00:00Z,378,FALSE
368,,,2024-07-01T00:00:00Z,377,FALSE
368,,,2024-07-01T00:00:00Z,310,FALSE
368,,,2024-07-01T00:00:00Z,379,FALSE
368,,,2024-07-01T00:00:00Z,382,FALSE
368,,,2024-07-01T00:00:00Z,381,FALSE
368,,,2024-07-01T00:00:00Z,383,FALSE
368,,,2024-07-01T00:00:00Z,385,FALSE
368,,,2024-07-01T00:00:00Z,352,FALSE
368,,,2024-07-01T00:00:00Z,353,FALSE
368,,,2024-07-01T00:00:00Z,354,FALSE
368,,,2024-07-01T00:00:00Z,144,FALSE
368,,,2024-07-01T00:00:00Z,356,FALSE
368,,,2024-07-01T00:00:00Z,357,FALSE
368,,,2024-07-01T00:00:00Z,358,FALSE
368,,,2024-07-01T00:00:00Z,355,FALSE
368,,,2024-07-01T00:00:00Z,364,FALSE
368,,,2024-07-01T00:00:00Z,365,FALSE
368,,,2024-07-01T00:00:00Z,366,FALSE
368,,,2024-08-01T00:00:00Z,138,FALSE
368,,,2024-08-01T00:00:00Z,140,FALSE
368,,,2024-08-01T00:00:00Z,369,FALSE
368,,,2024-08-01T00:00:00Z,139,FALSE
368,,,2024-08-01T00:00:00Z,125,FALSE
368,,,2024-08-01T00:00:00Z,136,FALSE
368,,,2024-08-01T00:00:00Z,141,FALSE
368,,,2024-08-01T00:00:00Z,45,FALSE
368,,,2024-08-01T00:00:00Z,143,FALSE
368,,,2024-08-01T00:00:00Z,137,FALSE
368,,,2024-08-01T00:00:00Z,142,FALSE
368,,,2024-08-01T00:00:00Z,370,FALSE
368,,,2024-08-01T00:00:00Z,371,FALSE
368,,,2024-08-01T00:00:00Z,372,FALSE
368,,,2024-08-01T00:00:00Z,330,FALSE
368,,,2024-08-01T00:00:00Z,373,FALSE
368,,,2024-08-01T00:00:00Z,211,FALSE
368,,,2024-08-01T00:00:00Z,226,FALSE
368,,,2024-08-01T00:00:00Z,233,FALSE
368,,,2024-08-01T00:00:00Z,378,FALSE
368,,,2024-08-01T00:00:00Z,377,FALSE
368,,,2024-08-01T00:00:00Z,310,FALSE
368,,,2024-08-01T00:00:00Z,379,FALSE
368,,,2024-08-01T00:00:00Z,382,FALSE
368,,,2024-08-01T00:00:00Z,381,FALSE
368,,,2024-08-01T00:00:00Z,383,FALSE
368,,,2024-08-01T00:00:00Z,385,FALSE
368,,,2024-08-01T00:00:00Z,352,FALSE
368,,,2024-08-01T00:00:00Z,353,FALSE
368,,,2024-08-01T00:00:00Z,354,FALSE
368,,,2024-08-01T00:00:00Z,144,FALSE
368,,,2024-08-01T00:00:00Z,356,FALSE
368,,,2024-08-01T00:00:00Z,357,FALSE
368,,,2024-08-01T00:00:00Z,358,FALSE
368,,,2024-08-01T00:00:00Z,355,FALSE
368,,,2024-08-01T00:00:00Z,364,FALSE
368,,,2024-08-01T00:00:00Z,365,FALSE
368,,,2024-08-01T00:00:00Z,366,FALSE
368,,,2024-09-01T00:00:00Z,138,FALSE
368,,,2024-09-01T00:00:00Z,140,FALSE
368,,,2024-09-01T00:00:00Z,369,FALSE
368,,,2024-09-01T00:00:00Z,139,FALSE
368,,,2024-09-01T00:00:00Z,125,FALSE
368,,,2024-09-01T00:00:00Z,136,FALSE
368,,,2024-09-01T00:00:00Z,141,FALSE
368,,,2024-09-01T00:00:00Z,45,FALSE
368,,,2024-09-01T00:00:00Z,143,FALSE
368,,,2024-09-01T00:00:00Z,137,FALSE
368,,,2024-09-01T00:00:00Z,142,FALSE
368,,,2024-09-01T00:00:00Z,370,FALSE
368,,,2024-09-01T00:00:00Z,371,FALSE
368,,,2024-09-01T00:00:00Z,372,FALSE
368,,,2024-09-01T00:00:00Z,330,FALSE
368,,,2024-09-01T00:00:00Z,373,FALSE
368,,,2024-09-01T00:00:00Z,211,FALSE
368,,,2024-09-01T00:00:00Z,226,FALSE
368,,,2024-09-01T00:00:00Z,233,FALSE
368,,,2024-09-01T00:00:00Z,378,FALSE
368,,,2024-09-01T00:00:00Z,377,FALSE
368,,,2024-09-01T00:00:00Z,310,FALSE
368,,,2024-09-01T00:00:00Z,379,FALSE
368,,,2024-09-01T00:00:00Z,382,FALSE
368,,,2024-09-01T00:00:00Z,381,FALSE
368,,,2024-09-01T00:00:00Z,383,FALSE
368,,,2024-09-01T00:00:00Z,385,FALSE
368,,,2024-09-01T00:00:00Z,352,FALSE
368,,,2024-09-01T00:00:00Z,353,FALSE
368,,,2024-09-01T00:00:00Z,354,FALSE
368,,,2024-09-01T00:00:00Z,144,FALSE
368,,,2024-09-01T00:00:00Z,356,FALSE
368,,,2024-09-01T00:00:00Z,357,FALSE
368,,,2024-09-01T00:00:00Z,358,FALSE
368,,,2024-09-01T00:00:00Z,355,FALSE
368,,,2024-09-01T00:00:00Z,364,FALSE
368,,,2024-09-01T00:00:00Z,365,FALSE
368,,,2024-09-01T00:00:00Z,366,FALSE
368,,,2024-10-01T00:00:00Z,138,FALSE
368,,,2024-10-01T00:00:00Z,140,FALSE
368,,,2024-10-01T00:00:00Z,369,FALSE
368,,,2024-10-01T00:00:00Z,139,FALSE
368,,,2024-10-01T00:00:00Z,125,FALSE
368,,,2024-10-01T00:00:00Z,136,FALSE
368,,,2024-10-01T00:00:00Z,141,FALSE
368,,,2024-10-01T00:00:00Z,45,FALSE
368,,,2024-10-01T00:00:00Z,143,FALSE
368,,,2024-10-01T00:00:00Z,137,FALSE
368,,,2024-10-01T00:00:00Z,142,FALSE
368,,,2024-10-01T00:00:00Z,370,FALSE
368,,,2024-10-01T00:00:00Z,371,FALSE
368,,,2024-10-01T00:00:00Z,372,FALSE
368,,,2024-10-01T00:00:00Z,330,FALSE
368,,,2024-10-01T00:00:00Z,373,FALSE
368,,,2024-10-01T00:00:00Z,211,FALSE
368,,,2024-10-01T00:00:00Z,226,FALSE
368,,,2024-10-01T00:00:00Z,233,FALSE
368,,,2024-10-01T00:00:00Z,378,FALSE
368,,,2024-10-01T00:00:00Z,377,FALSE
368,,,2024-10-01T00:00:00Z,310,FALSE
368,,,2024-10-01T00:00:00Z,379,FALSE
368,,,2024-10-01T00:00:00Z,382,FALSE
368,,,2024-10-01T00:00:00Z,381,FALSE
368,,,2024-10-01T00:00:00Z,383,FALSE
368,,,2024-10-01T00:00:00Z,385,FALSE
368,,,2024-10-01T00:00:00Z,352,FALSE
368,,,2024-10-01T00:00:00Z,353,FALSE
368,,,2024-10-01T00:00:00Z,354,FALSE
368,,,2024-10-01T00:00:00Z,144,FALSE
368,,,2024-10-01T00:00:00Z,356,FALSE
368,,,2024-10-01T00:00:00Z,357,FALSE
368,,,2024-10-01T00:00:00Z,358,FALSE
368,,,2024-10-01T00:00:00Z,355,FALSE
368,,,2024-10-01T00:00:00Z,364,FALSE
368,,,2024-10-01T00:00:00Z,365,FALSE
368,,,2024-10-01T00:00:00Z,366,FALSE
368,,,2024-11-01T00:00:00Z,138,FALSE
368,,,2024-11-01T00:00:00Z,140,FALSE
368,,,2024-11-01T00:00:00Z,369,FALSE
368,,,2024-11-01T00:00:00Z,139,FALSE
368,,,2024-11-01T00:00:00Z,125,FALSE
368,,,2024-11-01T00:00:00Z,136,FALSE
368,,,2024-11-01T00:00:00Z,141,FALSE
368,,,2024-11-01T00:00:00Z,45,FALSE
368,,,2024-11-01T00:00:00Z,143,FALSE
368,,,2024-11-01T00:00:00Z,137,FALSE
368,,,2024-11-01T00:00:00Z,142,FALSE
368,,,2024-11-01T00:00:00Z,370,FALSE
368,,,2024-11-01T00:00:00Z,371,FALSE
368,,,2024-11-01T00:00:00Z,372,FALSE
368,,,2024-11-01T00:00:00Z,330,FALSE
368,,,2024-11-01T00:00:00Z,373,FALSE
368,,,2024-11-01T00:00:00Z,211,FALSE
368,,,2024-11-01T00:00:00Z,226,FALSE
368,,,2024-11-01T00:00:00Z,233,FALSE
368,,,2024-11-01T00:00:00Z,378,FALSE
368,,,2024-11-01T00:00:00Z,377,FALSE
368,,,2024-11-01T00:00:00Z,310,FALSE
368,,,2024-11-01T00:00:00Z,379,FALSE
368,,,2024-11-01T00:00:00Z,382,FALSE
368,,,2024-11-01T00:00:00Z,381,FALSE
368,,,2024-11-01T00:00:00Z,383,FALSE
368,,,2024-11-01T00:00:00Z,385,FALSE
368,,,2024-11-01T00:00:00Z,352,FALSE
368,,,2024-11-01T00:00:00Z,353,FALSE
368,,,2024-11-01T00:00:00Z,354,FALSE
368,,,2024-11-01T00:00:00Z,144,FALSE
368,,,2024-11-01T00:00:00Z,356,FALSE
368,,,2024-11-01T00:00:00Z,357,FALSE
368,,,2024-11-01T00:00:00Z,358,FALSE
368,,,2024-11-01T00:00:00Z,355,FALSE
368,,,2024-11-01T00:00:00Z,364,FALSE
368,,,2024-11-01T00:00:00Z,365,FALSE
368,,,2024-11-01T00:00:00Z,366,FALSE
368,,,2024-12-01T00:00:00Z,138,FALSE
368,,,2024-12-01T00:00:00Z,140,FALSE
368,,,2024-12-01T00:00:00Z,369,FALSE
368,,,2024-12-01T00:00:00Z,139,FALSE
368,,,2024-12-01T00:00:00Z,125,FALSE
368,,,2024-12-01T00:00:00Z,136,FALSE
368,,,2024-12-01T00:00:00Z,141,FALSE
368,,,2024-12-01T00:00:00Z,45,FALSE
368,,,2024-12-01T00:00:00Z,143,FALSE
368,,,2024-12-01T00:00:00Z,137,FALSE
368,,,2024-12-01T00:00:00Z,142,FALSE
368,,,2024-12-01T00:00:00Z,370,FALSE
368,,,2024-12-01T00:00:00Z,371,FALSE
368,,,2024-12-01T00:00:00Z,372,FALSE
368,,,2024-12-01T00:00:00Z,330,FALSE
368,,,2024-12-01T00:00:00Z,373,FALSE
368,,,2024-12-01T00:00:00Z,211,FALSE
368,,,2024-12-01T00:00:00Z,226,FALSE
368,,,2024-12-01T00:00:00Z,233,FALSE
368,,,2024-12-01T00:00:00Z,378,FALSE
368,,,2024-12-01T00:00:00Z,377,FALSE
368,,,2024-12-01T00:00:00Z,310,FALSE
368,,,2024-12-01T00:00:00Z,379,FALSE
368,,,2024-12-01T00:00:00Z,382,FALSE
368,,,2024-12-01T00:00:00Z,381,FALSE
368,,,2024-12-01T00:00:00Z,383,FALSE
368,,,2024-12-01T00:00:00Z,385,FALSE
368,,,2024-12-01T00:00:00Z,352,FALSE
368,,,2024-12-01T00:00:00Z,353,FALSE
368,,,2024-12-01T00:00:00Z,354,FALSE
368,,,2024-12-01T00:00:00Z,144,FALSE
368,,,2024-12-01T00:00:00Z,356,FALSE
368,,,2024-12-01T00:00:00Z,357,FALSE
368,,,2024-12-01T00:00:00Z,358,FALSE
368,,,2024-12-01T00:00:00Z,355,FALSE
368,,,2024-12-01T00:00:00Z,364,FALSE
368,,,2024-12-01T00:00:00Z,365,FALSE
368,,,2024-12-01T00:00:00Z,366,FALSE
369,,,2024-01-01T00:00:00Z,138,FALSE
369,,,2024-01-01T00:00:00Z,368,FALSE
369,,,2024-01-01T00:00:00Z,140,FALSE
369,,,2024-01-01T00:00:00Z,139,FALSE
369,,,2024-01-01T00:00:00Z,125,FALSE
369,,,2024-01-01T00:00:00Z,136,FALSE
369,,,2024-01-01T00:00:00Z,141,FALSE
369,,,2024-01-01T00:00:00Z,45,FALSE
369,,,2024-01-01T00:00:00Z,143,FALSE
369,,,2024-01-01T00:00:00Z,137,FALSE
369,,,2024-01-01T00:00:00Z,142,FALSE
369,,,2024-01-01T00:00:00Z,370,FALSE
369,,,2024-01-01T00:00:00Z,371,FALSE
369,,,2024-01-01T00:00:00Z,372,FALSE
369,,,2024-01-01T00:00:00Z,330,FALSE
369,,,2024-01-01T00:00:00Z,373,FALSE
369,,,2024-01-01T00:00:00Z,211,FALSE
369,,,2024-01-01T00:00:00Z,226,FALSE
369,,,2024-01-01T00:00:00Z,233,FALSE
369,,,2024-01-01T00:00:00Z,378,FALSE
369,,,2024-01-01T00:00:00Z,377,FALSE
369,,,2024-01-01T00:00:00Z,310,FALSE
369,,,2024-01-01T00:00:00Z,379,FALSE
369,,,2024-01-01T00:00:00Z,382,FALSE
369,,,2024-01-01T00:00:00Z,381,FALSE
369,,,2024-01-01T00:00:00Z,383,FALSE
369,,,2024-01-01T00:00:00Z,385,FALSE
369,,,2024-01-01T00:00:00Z,352,FALSE
369,,,2024-01-01T00:00:00Z,353,FALSE
369,,,2024-01-01T00:00:00Z,354,FALSE
369,,,2024-01-01T00:00:00Z,144,FALSE
369,,,2024-01-01T00:00:00Z,356,FALSE
369,,,2024-01-01T00:00:00Z,357,FALSE
369,,,2024-01-01T00:00:00Z,358,FALSE
369,,,2024-01-01T00:00:00Z,355,FALSE
369,,,2024-01-01T00:00:00Z,364,FALSE
369,,,2024-01-01T00:00:00Z,365,FALSE
369,,,2024-01-01T00:00:00Z,366,FALSE
369,,,2024-02-01T00:00:00Z,138,FALSE
369,,,2024-02-01T00:00:00Z,368,FALSE
369,,,2024-02-01T00:00:00Z,140,FALSE
369,,,2024-02-01T00:00:00Z,139,FALSE
369,,,2024-02-01T00:00:00Z,125,FALSE
369,,,2024-02-01T00:00:00Z,136,FALSE
369,,,2024-02-01T00:00:00Z,141,FALSE
369,,,2024-02-01T00:00:00Z,45,FALSE
369,,,2024-02-01T00:00:00Z,143,FALSE
369,,,2024-02-01T00:00:00Z,137,FALSE
369,,,2024-02-01T00:00:00Z,142,FALSE
369,,,2024-02-01T00:00:00Z,370,FALSE
369,,,2024-02-01T00:00:00Z,371,FALSE
369,,,2024-02-01T00:00:00Z,372,FALSE
369,,,2024-02-01T00:00:00Z,330,FALSE
369,,,2024-02-01T00:00:00Z,373,FALSE
369,,,2024-02-01T00:00:00Z,211,FALSE
369,,,2024-02-01T00:00:00Z,226,FALSE
369,,,2024-02-01T00:00:00Z,233,FALSE
369,,,2024-02-01T00:00:00Z,378,FALSE
369,,,2024-02-01T00:00:00Z,377,FALSE
369,,,2024-02-01T00:00:00Z,310,FALSE
369,,,2024-02-01T00:00:00Z,379,FALSE
369,,,2024-02-01T00:00:00Z,382,FALSE
369,,,2024-02-01T00:00:00Z,381,FALSE
369,,,2024-02-01T00:00:00Z,383,FALSE
369,,,2024-02-01T00:00:00Z,385,FALSE
369,,,2024-02-01T00:00:00Z,352,FALSE
369,,,2024-02-01T00:00:00Z,353,FALSE
369,,,2024-02-01T00:00:00Z,354,FALSE
369,,,2024-02-01T00:00:00Z,144,FALSE
369,,,2024-02-01T00:00:00Z,356,FALSE
369,,,2024-02-01T00:00:00Z,357,FALSE
369,,,2024-02-01T00:00:00Z,358,FALSE
369,,,2024-02-01T00:00:00Z,355,FALSE
369,,,2024-02-01T00:00:00Z,364,FALSE
369,,,2024-02-01T00:00:00Z,365,FALSE
369,,,2024-02-01T00:00:00Z,366,FALSE
369,,,2024-03-01T00:00:00Z,138,FALSE
369,,,2024-03-01T00:00:00Z,368,FALSE
369,,,2024-03-01T00:00:00Z,140,FALSE
369,,,2024-03-01T00:00:00Z,139,FALSE
369,,,2024-03-01T00:00:00Z,125,FALSE
369,,,2024-03-01T00:00:00Z,136,FALSE
369,,,2024-03-01T00:00:00Z,141,FALSE
369,,,2024-03-01T00:00:00Z,45,FALSE
369,,,2024-03-01T00:00:00Z,143,FALSE
369,,,2024-03-01T00:00:00Z,137,FALSE
369,,,2024-03-01T00:00:00Z,142,FALSE
369,,,2024-03-01T00:00:00Z,370,FALSE
369,,,2024-03-01T00:00:00Z,371,FALSE
369,,,2024-03-01T00:00:00Z,372,FALSE
369,,,2024-03-01T00:00:00Z,330,FALSE
369,,,2024-03-01T00:00:00Z,373,FALSE
369,,,2024-03-01T00:00:00Z,211,FALSE
369,,,2024-03-01T00:00:00Z,226,FALSE
369,,,2024-03-01T00:00:00Z,233,FALSE
369,,,2024-03-01T00:00:00Z,378,FALSE
369,,,2024-03-01T00:00:00Z,377,FALSE
369,,,2024-03-01T00:00:00Z,310,FALSE
369,,,2024-03-01T00:00:00Z,379,FALSE
369,,,2024-03-01T00:00:00Z,382,FALSE
369,,,2024-03-01T00:00:00Z,381,FALSE
369,,,2024-03-01T00:00:00Z,383,FALSE
369,,,2024-03-01T00:00:00Z,385,FALSE
369,,,2024-03-01T00:00:00Z,352,FALSE
369,,,2024-03-01T00:00:00Z,353,FALSE
369,,,2024-03-01T00:00:00Z,354,FALSE
369,,,2024-03-01T00:00:00Z,144,FALSE
369,,,2024-03-01T00:00:00Z,356,FALSE
369,,,2024-03-01T00:00:00Z,357,FALSE
369,,,2024-03-01T00:00:00Z,358,FALSE
369,,,2024-03-01T00:00:00Z,355,FALSE
369,,,2024-03-01T00:00:00Z,364,FALSE
369,,,2024-03-01T00:00:00Z,365,FALSE
369,,,2024-03-01T00:00:00Z,366,FALSE
369,,,2024-04-01T00:00:00Z,138,FALSE
369,,,2024-04-01T00:00:00Z,368,FALSE
369,,,2024-04-01T00:00:00Z,140,FALSE
369,,,2024-04-01T00:00:00Z,139,FALSE
369,,,2024-04-01T00:00:00Z,125,FALSE
369,,,2024-04-01T00:00:00Z,136,FALSE
369,,,2024-04-01T00:00:00Z,141,FALSE
369,,,2024-04-01T00:00:00Z,45,FALSE
369,,,2024-04-01T00:00:00Z,143,FALSE
369,,,2024-04-01T00:00:00Z,137,FALSE
369,,,2024-04-01T00:00:00Z,142,FALSE
369,,,2024-04-01T00:00:00Z,370,FALSE
369,,,2024-04-01T00:00:00Z,371,FALSE
369,,,2024-04-01T00:00:00Z,372,FALSE
369,,,2024-04-01T00:00:00Z,330,FALSE
369,,,2024-04-01T00:00:00Z,373,FALSE
369,,,2024-04-01T00:00:00Z,211,FALSE
369,,,2024-04-01T00:00:00Z,226,FALSE
369,,,2024-04-01T00:00:00Z,233,FALSE
369,,,2024-04-01T00:00:00Z,378,FALSE
369,,,2024-04-01T00:00:00Z,377,FALSE
369,,,2024-04-01T00:00:00Z,310,FALSE
369,,,2024-04-01T00:00:00Z,379,FALSE
369,,,2024-04-01T00:00:00Z,382,FALSE
369,,,2024-04-01T00:00:00Z,381,FALSE
369,,,2024-04-01T00:00:00Z,383,FALSE
369,,,2024-04-01T00:00:00Z,385,FALSE
369,,,2024-04-01T00:00:00Z,352,FALSE
369,,,2024-04-01T00:00:00Z,353,FALSE
369,,,2024-04-01T00:00:00Z,354,FALSE
369,,,2024-04-01T00:00:00Z,144,FALSE
369,,,2024-04-01T00:00:00Z,356,FALSE
369,,,2024-04-01T00:00:00Z,357,FALSE
369,,,2024-04-01T00:00:00Z,358,FALSE
369,,,2024-04-01T00:00:00Z,355,FALSE
369,,,2024-04-01T00:00:00Z,364,FALSE
369,,,2024-04-01T00:00:00Z,365,FALSE
369,,,2024-04-01T00:00:00Z,366,FALSE
369,,,2024-05-01T00:00:00Z,138,FALSE
369,,,2024-05-01T00:00:00Z,368,FALSE
369,,,2024-05-01T00:00:00Z,140,FALSE
369,,,2024-05-01T00:00:00Z,139,FALSE
369,,,2024-05-01T00:00:00Z,125,FALSE
369,,,2024-05-01T00:00:00Z,136,FALSE
369,,,2024-05-01T00:00:00Z,141,FALSE
369,,,2024-05-01T00:00:00Z,45,FALSE
369,,,2024-05-01T00:00:00Z,143,FALSE
369,,,2024-05-01T00:00:00Z,137,FALSE
369,,,2024-05-01T00:00:00Z,142,FALSE
369,,,2024-05-01T00:00:00Z,370,FALSE
369,,,2024-05-01T00:00:00Z,371,FALSE
369,,,2024-05-01T00:00:00Z,372,FALSE
369,,,2024-05-01T00:00:00Z,330,FALSE
369,,,2024-05-01T00:00:00Z,373,FALSE
369,,,2024-05-01T00:00:00Z,211,FALSE
369,,,2024-05-01T00:00:00Z,226,FALSE
369,,,2024-05-01T00:00:00Z,233,FALSE
369,,,2024-05-01T00:00:00Z,378,FALSE
369,,,2024-05-01T00:00:00Z,377,FALSE
369,,,2024-05-01T00:00:00Z,310,FALSE
369,,,2024-05-01T00:00:00Z,379,FALSE
369,,,2024-05-01T00:00:00Z,382,FALSE
369,,,2024-05-01T00:00:00Z,381,FALSE
369,,,2024-05-01T00:00:00Z,383,FALSE
369,,,2024-05-01T00:00:00Z,385,FALSE
369,,,2024-05-01T00:00:00Z,352,FALSE
369,,,2024-05-01T00:00:00Z,353,FALSE
369,,,2024-05-01T00:00:00Z,354,FALSE
369,,,2024-05-01T00:00:00Z,144,FALSE
369,,,2024-05-01T00:00:00Z,356,FALSE
369,,,2024-05-01T00:00:00Z,357,FALSE
369,,,2024-05-01T00:00:00Z,358,FALSE
369,,,2024-05-01T00:00:00Z,355,FALSE
369,,,2024-05-01T00:00:00Z,364,FALSE
369,,,2024-05-01T00:00:00Z,365,FALSE
369,,,2024-05-01T00:00:00Z,366,FALSE
369,,,2024-06-01T00:00:00Z,138,FALSE
369,,,2024-06-01T00:00:00Z,368,FALSE
369,,,2024-06-01T00:00:00Z,140,FALSE
369,,,2024-06-01T00:00:00Z,139,FALSE
369,,,2024-06-01T00:00:00Z,125,FALSE
369,,,2024-06-01T00:00:00Z,136,FALSE
369,,,2024-06-01T00:00:00Z,141,FALSE
369,,,2024-06-01T00:00:00Z,45,FALSE
369,,,2024-06-01T00:00:00Z,143,FALSE
369,,,2024-06-01T00:00:00Z,137,FALSE
369,,,2024-06-01T00:00:00Z,142,FALSE
369,,,2024-06-01T00:00:00Z,370,FALSE
369,,,2024-06-01T00:00:00Z,371,FALSE
369,,,2024-06-01T00:00:00Z,372,FALSE
369,,,2024-06-01T00:00:00Z,330,FALSE
369,,,2024-06-01T00:00:00Z,373,FALSE
369,,,2024-06-01T00:00:00Z,211,FALSE
369,,,2024-06-01T00:00:00Z,226,FALSE
369,,,2024-06-01T00:00:00Z,233,FALSE
369,,,2024-06-01T00:00:00Z,378,FALSE
369,,,2024-06-01T00:00:00Z,377,FALSE
369,,,2024-06-01T00:00:00Z,310,FALSE
369,,,2024-06-01T00:00:00Z,379,FALSE
369,,,2024-06-01T00:00:00Z,382,FALSE
369,,,2024-06-01T00:00:00Z,381,FALSE
369,,,2024-06-01T00:00:00Z,383,FALSE
369,,,2024-06-01T00:00:00Z,385,FALSE
369,,,2024-06-01T00:00:00Z,352,FALSE
369,,,2024-06-01T00:00:00Z,353,FALSE
369,,,2024-06-01T00:00:00Z,354,FALSE
369,,,2024-06-01T00:00:00Z,144,FALSE
369,,,2024-06-01T00:00:00Z,356,FALSE
369,,,2024-06-01T00:00:00Z,357,FALSE
369,,,2024-06-01T00:00:00Z,358,FALSE
369,,,2024-06-01T00:00:00Z,355,FALSE
369,,,2024-06-01T00:00:00Z,364,FALSE
369,,,2024-06-01T00:00:00Z,365,FALSE
369,,,2024-06-01T00:00:00Z,366,FALSE
369,,,2024-07-01T00:00:00Z,138,FALSE
369,,,2024-07-01T00:00:00Z,368,FALSE
369,,,2024-07-01T00:00:00Z,140,FALSE
369,,,2024-07-01T00:00:00Z,139,FALSE
369,,,2024-07-01T00:00:00Z,125,FALSE
369,,,2024-07-01T00:00:00Z,136,FALSE
369,,,2024-07-01T00:00:00Z,141,FALSE
369,,,2024-07-01T00:00:00Z,45,FALSE
369,,,2024-07-01T00:00:00Z,143,FALSE
369,,,2024-07-01T00:00:00Z,137,FALSE
369,,,2024-07-01T00:00:00Z,142,FALSE
369,,,2024-07-01T00:00:00Z,370,FALSE
369,,,2024-07-01T00:00:00Z,371,FALSE
369,,,2024-07-01T00:00:00Z,372,FALSE
369,,,2024-07-01T00:00:00Z,330,FALSE
369,,,2024-07-01T00:00:00Z,373,FALSE
369,,,2024-07-01T00:00:00Z,211,FALSE
369,,,2024-07-01T00:00:00Z,226,FALSE
369,,,2024-07-01T00:00:00Z,233,FALSE
369,,,2024-07-01T00:00:00Z,378,FALSE
369,,,2024-07-01T00:00:00Z,377,FALSE
369,,,2024-07-01T00:00:00Z,310,FALSE
369,,,2024-07-01T00:00:00Z,379,FALSE
369,,,2024-07-01T00:00:00Z,382,FALSE
369,,,2024-07-01T00:00:00Z,381,FALSE
369,,,2024-07-01T00:00:00Z,383,FALSE
369,,,2024-07-01T00:00:00Z,385,FALSE
369,,,2024-07-01T00:00:00Z,352,FALSE
369,,,2024-07-01T00:00:00Z,353,FALSE
369,,,2024-07-01T00:00:00Z,354,FALSE
369,,,2024-07-01T00:00:00Z,144,FALSE
369,,,2024-07-01T00:00:00Z,356,FALSE
369,,,2024-07-01T00:00:00Z,357,FALSE
369,,,2024-07-01T00:00:00Z,358,FALSE
369,,,2024-07-01T00:00:00Z,355,FALSE
369,,,2024-07-01T00:00:00Z,364,FALSE
369,,,2024-07-01T00:00:00Z,365,FALSE
369,,,2024-07-01T00:00:00Z,366,FALSE
369,,,2024-08-01T00:00:00Z,138,FALSE
369,,,2024-08-01T00:00:00Z,368,FALSE
369,,,2024-08-01T00:00:00Z,140,FALSE
369,,,2024-08-01T00:00:00Z,139,FALSE
369,,,2024-08-01T00:00:00Z,125,FALSE
369,,,2024-08-01T00:00:00Z,136,FALSE
369,,,2024-08-01T00:00:00Z,141,FALSE
369,,,2024-08-01T00:00:00Z,45,FALSE
369,,,2024-08-01T00:00:00Z,143,FALSE
369,,,2024-08-01T00:00:00Z,137,FALSE
369,,,2024-08-01T00:00:00Z,142,FALSE
369,,,2024-08-01T00:00:00Z,370,FALSE
369,,,2024-08-01T00:00:00Z,371,FALSE
369,,,2024-08-01T00:00:00Z,372,FALSE
369,,,2024-08-01T00:00:00Z,330,FALSE
369,,,2024-08-01T00:00:00Z,373,FALSE
369,,,2024-08-01T00:00:00Z,211,FALSE
369,,,2024-08-01T00:00:00Z,226,FALSE
369,,,2024-08-01T00:00:00Z,233,FALSE
369,,,2024-08-01T00:00:00Z,378,FALSE
369,,,2024-08-01T00:00:00Z,377,FALSE
369,,,2024-08-01T00:00:00Z,310,FALSE
369,,,2024-08-01T00:00:00Z,379,FALSE
369,,,2024-08-01T00:00:00Z,382,FALSE
369,,,2024-08-01T00:00:00Z,381,FALSE
369,,,2024-08-01T00:00:00Z,383,FALSE
369,,,2024-08-01T00:00:00Z,385,FALSE
369,,,2024-08-01T00:00:00Z,352,FALSE
369,,,2024-08-01T00:00:00Z,353,FALSE
369,,,2024-08-01T00:00:00Z,354,FALSE
369,,,2024-08-01T00:00:00Z,144,FALSE
369,,,2024-08-01T00:00:00Z,356,FALSE
369,,,2024-08-01T00:00:00Z,357,FALSE
369,,,2024-08-01T00:00:00Z,358,FALSE
369,,,2024-08-01T00:00:00Z,355,FALSE
369,,,2024-08-01T00:00:00Z,364,FALSE
369,,,2024-08-01T00:00:00Z,365,FALSE
369,,,2024-08-01T00:00:00Z,366,FALSE
369,,,2024-09-01T00:00:00Z,138,FALSE
369,,,2024-09-01T00:00:00Z,368,FALSE
369,,,2024-09-01T00:00:00Z,140,FALSE
369,,,2024-09-01T00:00:00Z,139,FALSE
369,,,2024-09-01T00:00:00Z,125,FALSE
369,,,2024-09-01T00:00:00Z,136,FALSE
369,,,2024-09-01T00:00:00Z,141,FALSE
369,,,2024-09-01T00:00:00Z,45,FALSE
369,,,2024-09-01T00:00:00Z,143,FALSE
369,,,2024-09-01T00:00:00Z,137,FALSE
369,,,2024-09-01T00:00:00Z,142,FALSE
369,,,2024-09-01T00:00:00Z,370,FALSE
369,,,2024-09-01T00:00:00Z,371,FALSE
369,,,2024-09-01T00:00:00Z,372,FALSE
369,,,2024-09-01T00:00:00Z,330,FALSE
369,,,2024-09-01T00:00:00Z,373,FALSE
369,,,2024-09-01T00:00:00Z,211,FALSE
369,,,2024-09-01T00:00:00Z,226,FALSE
369,,,2024-09-01T00:00:00Z,233,FALSE
369,,,2024-09-01T00:00:00Z,378,FALSE
369,,,2024-09-01T00:00:00Z,377,FALSE
369,,,2024-09-01T00:00:00Z,310,FALSE
369,,,2024-09-01T00:00:00Z,379,FALSE
369,,,2024-09-01T00:00:00Z,382,FALSE
369,,,2024-09-01T00:00:00Z,381,FALSE
369,,,2024-09-01T00:00:00Z,383,FALSE
369,,,2024-09-01T00:00:00Z,385,FALSE
369,,,2024-09-01T00:00:00Z,352,FALSE
369,,,2024-09-01T00:00:00Z,353,FALSE
369,,,2024-09-01T00:00:00Z,354,FALSE
369,,,2024-09-01T00:00:00Z,144,FALSE
369,,,2024-09-01T00:00:00Z,356,FALSE
369,,,2024-09-01T00:00:00Z,357,FALSE
369,,,2024-09-01T00:00:00Z,358,FALSE
369,,,2024-09-01T00:00:00Z,355,FALSE
369,,,2024-09-01T00:00:00Z,364,FALSE
369,,,2024-09-01T00:00:00Z,365,FALSE
369,,,2024-09-01T00:00:00Z,366,FALSE
369,,,2024-10-01T00:00:00Z,138,FALSE
369,,,2024-10-01T00:00:00Z,368,FALSE
369,,,2024-10-01T00:00:00Z,140,FALSE
369,,,2024-10-01T00:00:00Z,139,FALSE
369,,,2024-10-01T00:00:00Z,125,FALSE
369,,,2024-10-01T00:00:00Z,136,FALSE
369,,,2024-10-01T00:00:00Z,141,FALSE
369,,,2024-10-01T00:00:00Z,45,FALSE
369,,,2024-10-01T00:00:00Z,143,FALSE
369,,,2024-10-01T00:00:00Z,137,FALSE
369,,,2024-10-01T00:00:00Z,142,FALSE
369,,,2024-10-01T00:00:00Z,370,FALSE
369,,,2024-10-01T00:00:00Z,371,FALSE
369,,,2024-10-01T00:00:00Z,372,FALSE
369,,,2024-10-01T00:00:00Z,330,FALSE
369,,,2024-10-01T00:00:00Z,373,FALSE
369,,,2024-10-01T00:00:00Z,211,FALSE
369,,,2024-10-01T00:00:00Z,226,FALSE
369,,,2024-10-01T00:00:00Z,233,FALSE
369,,,2024-10-01T00:00:00Z,378,FALSE
369,,,2024-10-01T00:00:00Z,377,FALSE
369,,,2024-10-01T00:00:00Z,310,FALSE
369,,,2024-10-01T00:00:00Z,379,FALSE
369,,,2024-10-01T00:00:00Z,382,FALSE
369,,,2024-10-01T00:00:00Z,381,FALSE
369,,,2024-10-01T00:00:00Z,383,FALSE
369,,,2024-10-01T00:00:00Z,385,FALSE
369,,,2024-10-01T00:00:00Z,352,FALSE
369,,,2024-10-01T00:00:00Z,353,FALSE
369,,,2024-10-01T00:00:00Z,354,FALSE
369,,,2024-10-01T00:00:00Z,144,FALSE
369,,,2024-10-01T00:00:00Z,356,FALSE
369,,,2024-10-01T00:00:00Z,357,FALSE
369,,,2024-10-01T00:00:00Z,358,FALSE
369,,,2024-10-01T00:00:00Z,355,FALSE
369,,,2024-10-01T00:00:00Z,364,FALSE
369,,,2024-10-01T00:00:00Z,365,FALSE
369,,,2024-10-01T00:00:00Z,366,FALSE
369,,,2024-11-01T00:00:00Z,138,FALSE
369,,,2024-11-01T00:00:00Z,368,FALSE
369,,,2024-11-01T00:00:00Z,140,FALSE
369,,,2024-11-01T00:00:00Z,139,FALSE
369,,,2024-11-01T00:00:00Z,125,FALSE
369,,,2024-11-01T00:00:00Z,136,FALSE
369,,,2024-11-01T00:00:00Z,141,FALSE
369,,,2024-11-01T00:00:00Z,45,FALSE
369,,,2024-11-01T00:00:00Z,143,FALSE
369,,,2024-11-01T00:00:00Z,137,FALSE
369,,,2024-11-01T00:00:00Z,142,FALSE
369,,,2024-11-01T00:00:00Z,370,FALSE
369,,,2024-11-01T00:00:00Z,371,FALSE
369,,,2024-11-01T00:00:00Z,372,FALSE
369,,,2024-11-01T00:00:00Z,330,FALSE
369,,,2024-11-01T00:00:00Z,373,FALSE
369,,,2024-11-01T00:00:00Z,211,FALSE
369,,,2024-11-01T00:00:00Z,226,FALSE
369,,,2024-11-01T00:00:00Z,233,FALSE
369,,,2024-11-01T00:00:00Z,378,FALSE
369,,,2024-11-01T00:00:00Z,377,FALSE
369,,,2024-11-01T00:00:00Z,310,FALSE
369,,,2024-11-01T00:00:00Z,379,FALSE
369,,,2024-11-01T00:00:00Z,382,FALSE
369,,,2024-11-01T00:00:00Z,381,FALSE
369,,,2024-11-01T00:00:00Z,383,FALSE
369,,,2024-11-01T00:00:00Z,385,FALSE
369,,,2024-11-01T00:00:00Z,352,FALSE
369,,,2024-11-01T00:00:00Z,353,FALSE
369,,,2024-11-01T00:00:00Z,354,FALSE
369,,,2024-11-01T00:00:00Z,144,FALSE
369,,,2024-11-01T00:00:00Z,356,FALSE
369,,,2024-11-01T00:00:00Z,357,FALSE
369,,,2024-11-01T00:00:00Z,358,FALSE
369,,,2024-11-01T00:00:00Z,355,FALSE
369,,,2024-11-01T00:00:00Z,364,FALSE
369,,,2024-11-01T00:00:00Z,365,FALSE
369,,,2024-11-01T00:00:00Z,366,FALSE
369,,,2024-12-01T00:00:00Z,138,FALSE
369,,,2024-12-01T00:00:00Z,368,FALSE
369,,,2024-12-01T00:00:00Z,140,FALSE
369,,,2024-12-01T00:00:00Z,139,FALSE
369,,,2024-12-01T00:00:00Z,125,FALSE
369,,,2024-12-01T00:00:00Z,136,FALSE
369,,,2024-12-01T00:00:00Z,141,FALSE
369,,,2024-12-01T00:00:00Z,45,FALSE
369,,,2024-12-01T00:00:00Z,143,FALSE
369,,,2024-12-01T00:00:00Z,137,FALSE
369,,,2024-12-01T00:00:00Z,142,FALSE
369,,,2024-12-01T00:00:00Z,370,FALSE
369,,,2024-12-01T00:00:00Z,371,FALSE
369,,,2024-12-01T00:00:00Z,372,FALSE
369,,,2024-12-01T00:00:00Z,330,FALSE
369,,,2024-12-01T00:00:00Z,373,FALSE
369,,,2024-12-01T00:00:00Z,211,FALSE
369,,,2024-12-01T00:00:00Z,226,FALSE
369,,,2024-12-01T00:00:00Z,233,FALSE
369,,,2024-12-01T00:00:00Z,378,FALSE
369,,,2024-12-01T00:00:00Z,377,FALSE
369,,,2024-12-01T00:00:00Z,310,FALSE
369,,,2024-12-01T00:00:00Z,379,FALSE
369,,,2024-12-01T00:00:00Z,382,FALSE
369,,,2024-12-01T00:00:00Z,381,FALSE
369,,,2024-12-01T00:00:00Z,383,FALSE
369,,,2024-12-01T00:00:00Z,385,FALSE
369,,,2024-12-01T00:00:00Z,352,FALSE
369,,,2024-12-01T00:00:00Z,353,FALSE
369,,,2024-12-01T00:00:00Z,354,FALSE
369,,,2024-12-01T00:00:00Z,144,FALSE
369,,,2024-12-01T00:00:00Z,356,FALSE
369,,,2024-12-01T00:00:00Z,357,FALSE
369,,,2024-12-01T00:00:00Z,358,FALSE
369,,,2024-12-01T00:00:00Z,355,FALSE
369,,,2024-12-01T00:00:00Z,364,FALSE
369,,,2024-12-01T00:00:00Z,365,FALSE
369,,,2024-12-01T00:00:00Z,366,FALSE
370,,,2024-01-01T00:00:00Z,138,FALSE
370,,,2024-01-01T00:00:00Z,368,FALSE
370,,,2024-01-01T00:00:00Z,140,FALSE
370,,,2024-01-01T00:00:00Z,369,FALSE
370,,,2024-01-01T00:00:00Z,139,FALSE
370,,,2024-01-01T00:00:00Z,125,FALSE
370,,,2024-01-01T00:00:00Z,136,FALSE
370,,,2024-01-01T00:00:00Z,141,FALSE
370,,,2024-01-01T00:00:00Z,45,FALSE
370,,,2024-01-01T00:00:00Z,143,FALSE
370,,,2024-01-01T00:00:00Z,137,FALSE
370,,,2024-01-01T00:00:00Z,142,FALSE
370,,,2024-01-01T00:00:00Z,371,FALSE
370,,,2024-01-01T00:00:00Z,372,FALSE
370,,,2024-01-01T00:00:00Z,330,FALSE
370,,,2024-01-01T00:00:00Z,373,FALSE
370,,,2024-01-01T00:00:00Z,211,FALSE
370,,,2024-01-01T00:00:00Z,226,FALSE
370,,,2024-01-01T00:00:00Z,233,FALSE
370,,,2024-01-01T00:00:00Z,378,FALSE
370,,,2024-01-01T00:00:00Z,377,FALSE
370,,,2024-01-01T00:00:00Z,310,FALSE
370,,,2024-01-01T00:00:00Z,379,FALSE
370,,,2024-01-01T00:00:00Z,382,FALSE
370,,,2024-01-01T00:00:00Z,381,FALSE
370,,,2024-01-01T00:00:00Z,383,FALSE
370,,,2024-01-01T00:00:00Z,385,FALSE
370,,,2024-01-01T00:00:00Z,352,FALSE
370,,,2024-01-01T00:00:00Z,353,FALSE
370,,,2024-01-01T00:00:00Z,354,FALSE
370,,,2024-01-01T00:00:00Z,144,FALSE
370,,,2024-01-01T00:00:00Z,356,FALSE
370,,,2024-01-01T00:00:00Z,357,FALSE
370,,,2024-01-01T00:00:00Z,358,FALSE
370,,,2024-01-01T00:00:00Z,355,FALSE
370,,,2024-01-01T00:00:00Z,364,FALSE
370,,,2024-01-01T00:00:00Z,365,FALSE
370,,,2024-01-01T00:00:00Z,366,FALSE
370,,,2024-02-01T00:00:00Z,138,FALSE
370,,,2024-02-01T00:00:00Z,368,FALSE
370,,,2024-02-01T00:00:00Z,140,FALSE
370,,,2024-02-01T00:00:00Z,369,FALSE
370,,,2024-02-01T00:00:00Z,139,FALSE
370,,,2024-02-01T00:00:00Z,125,FALSE
370,,,2024-02-01T00:00:00Z,136,FALSE
370,,,2024-02-01T00:00:00Z,141,FALSE
370,,,2024-02-01T00:00:00Z,45,FALSE
370,,,2024-02-01T00:00:00Z,143,FALSE
370,,,2024-02-01T00:00:00Z,137,FALSE
370,,,2024-02-01T00:00:00Z,142,FALSE
370,,,2024-02-01T00:00:00Z,371,FALSE
370,,,2024-02-01T00:00:00Z,372,FALSE
370,,,2024-02-01T00:00:00Z,330,FALSE
370,,,2024-02-01T00:00:00Z,373,FALSE
370,,,2024-02-01T00:00:00Z,211,FALSE
370,,,2024-02-01T00:00:00Z,226,FALSE
370,,,2024-02-01T00:00:00Z,233,FALSE
370,,,2024-02-01T00:00:00Z,378,FALSE
370,,,2024-02-01T00:00:00Z,377,FALSE
370,,,2024-02-01T00:00:00Z,310,FALSE
370,,,2024-02-01T00:00:00Z,379,FALSE
370,,,2024-02-01T00:00:00Z,382,FALSE
370,,,2024-02-01T00:00:00Z,381,FALSE
370,,,2024-02-01T00:00:00Z,383,FALSE
370,,,2024-02-01T00:00:00Z,385,FALSE
370,,,2024-02-01T00:00:00Z,352,FALSE
370,,,2024-02-01T00:00:00Z,353,FALSE
370,,,2024-02-01T00:00:00Z,354,FALSE
370,,,2024-02-01T00:00:00Z,144,FALSE
370,,,2024-02-01T00:00:00Z,356,FALSE
370,,,2024-02-01T00:00:00Z,357,FALSE
370,,,2024-02-01T00:00:00Z,358,FALSE
370,,,2024-02-01T00:00:00Z,355,FALSE
370,,,2024-02-01T00:00:00Z,364,FALSE
370,,,2024-02-01T00:00:00Z,365,FALSE
370,,,2024-02-01T00:00:00Z,366,FALSE
370,,,2024-03-01T00:00:00Z,138,FALSE
370,,,2024-03-01T00:00:00Z,368,FALSE
370,,,2024-03-01T00:00:00Z,140,FALSE
370,,,2024-03-01T00:00:00Z,369,FALSE
370,,,2024-03-01T00:00:00Z,139,FALSE
370,,,2024-03-01T00:00:00Z,125,FALSE
370,,,2024-03-01T00:00:00Z,136,FALSE
370,,,2024-03-01T00:00:00Z,141,FALSE
370,,,2024-03-01T00:00:00Z,45,FALSE
370,,,2024-03-01T00:00:00Z,143,FALSE
370,,,2024-03-01T00:00:00Z,137,FALSE
370,,,2024-03-01T00:00:00Z,142,FALSE
370,,,2024-03-01T00:00:00Z,371,FALSE
370,,,2024-03-01T00:00:00Z,372,FALSE
370,,,2024-03-01T00:00:00Z,330,FALSE
370,,,2024-03-01T00:00:00Z,373,FALSE
370,,,2024-03-01T00:00:00Z,211,FALSE
370,,,2024-03-01T00:00:00Z,226,FALSE
370,,,2024-03-01T00:00:00Z,233,FALSE
370,,,2024-03-01T00:00:00Z,378,FALSE
370,,,2024-03-01T00:00:00Z,377,FALSE
370,,,2024-03-01T00:00:00Z,310,FALSE
370,,,2024-03-01T00:00:00Z,379,FALSE
370,,,2024-03-01T00:00:00Z,382,FALSE
370,,,2024-03-01T00:00:00Z,381,FALSE
370,,,2024-03-01T00:00:00Z,383,FALSE
370,,,2024-03-01T00:00:00Z,385,FALSE
370,,,2024-03-01T00:00:00Z,352,FALSE
370,,,2024-03-01T00:00:00Z,353,FALSE
370,,,2024-03-01T00:00:00Z,354,FALSE
370,,,2024-03-01T00:00:00Z,144,FALSE
370,,,2024-03-01T00:00:00Z,356,FALSE
370,,,2024-03-01T00:00:00Z,357,FALSE
370,,,2024-03-01T00:00:00Z,358,FALSE
370,,,2024-03-01T00:00:00Z,355,FALSE
370,,,2024-03-01T00:00:00Z,364,FALSE
370,,,2024-03-01T00:00:00Z,365,FALSE
370,,,2024-03-01T00:00:00Z,366,FALSE
370,,,2024-04-01T00:00:00Z,138,FALSE
370,,,2024-04-01T00:00:00Z,368,FALSE
370,,,2024-04-01T00:00:00Z,140,FALSE
370,,,2024-04-01T00:00:00Z,369,FALSE
370,,,2024-04-01T00:00:00Z,139,FALSE
370,,,2024-04-01T00:00:00Z,125,FALSE
370,,,2024-04-01T00:00:00Z,136,FALSE
370,,,2024-04-01T00:00:00Z,141,FALSE
370,,,2024-04-01T00:00:00Z,45,FALSE
370,,,2024-04-01T00:00:00Z,143,FALSE
370,,,2024-04-01T00:00:00Z,137,FALSE
370,,,2024-04-01T00:00:00Z,142,FALSE
370,,,2024-04-01T00:00:00Z,371,FALSE
370,,,2024-04-01T00:00:00Z,372,FALSE
370,,,2024-04-01T00:00:00Z,330,FALSE
370,,,2024-04-01T00:00:00Z,373,FALSE
370,,,2024-04-01T00:00:00Z,211,FALSE
370,,,2024-04-01T00:00:00Z,226,FALSE
370,,,2024-04-01T00:00:00Z,233,FALSE
370,,,2024-04-01T00:00:00Z,378,FALSE
370,,,2024-04-01T00:00:00Z,377,FALSE
370,,,2024-04-01T00:00:00Z,310,FALSE
370,,,2024-04-01T00:00:00Z,379,FALSE
370,,,2024-04-01T00:00:00Z,382,FALSE
370,,,2024-04-01T00:00:00Z,381,FALSE
370,,,2024-04-01T00:00:00Z,383,FALSE
370,,,2024-04-01T00:00:00Z,385,FALSE
370,,,2024-04-01T00:00:00Z,352,FALSE
370,,,2024-04-01T00:00:00Z,353,FALSE
370,,,2024-04-01T00:00:00Z,354,FALSE
370,,,2024-04-01T00:00:00Z,144,FALSE
370,,,2024-04-01T00:00:00Z,356,FALSE
370,,,2024-04-01T00:00:00Z,357,FALSE
370,,,2024-04-01T00:00:00Z,358,FALSE
370,,,2024-04-01T00:00:00Z,355,FALSE
370,,,2024-04-01T00:00:00Z,364,FALSE
370,,,2024-04-01T00:00:00Z,365,FALSE
370,,,2024-04-01T00:00:00Z,366,FALSE
370,,,2024-05-01T00:00:00Z,138,FALSE
370,,,2024-05-01T00:00:00Z,368,FALSE
370,,,2024-05-01T00:00:00Z,140,FALSE
370,,,2024-05-01T00:00:00Z,369,FALSE
370,,,2024-05-01T00:00:00Z,139,FALSE
370,,,2024-05-01T00:00:00Z,125,FALSE
370,,,2024-05-01T00:00:00Z,136,FALSE
370,,,2024-05-01T00:00:00Z,141,FALSE
370,,,2024-05-01T00:00:00Z,45,FALSE
370,,,2024-05-01T00:00:00Z,143,FALSE
370,,,2024-05-01T00:00:00Z,137,FALSE
370,,,2024-05-01T00:00:00Z,142,FALSE
370,,,2024-05-01T00:00:00Z,371,FALSE
370,,,2024-05-01T00:00:00Z,372,FALSE
370,,,2024-05-01T00:00:00Z,330,FALSE
370,,,2024-05-01T00:00:00Z,373,FALSE
370,,,2024-05-01T00:00:00Z,211,FALSE
370,,,2024-05-01T00:00:00Z,226,FALSE
370,,,2024-05-01T00:00:00Z,233,FALSE
370,,,2024-05-01T00:00:00Z,378,FALSE
370,,,2024-05-01T00:00:00Z,377,FALSE
370,,,2024-05-01T00:00:00Z,310,FALSE
370,,,2024-05-01T00:00:00Z,379,FALSE
370,,,2024-05-01T00:00:00Z,382,FALSE
370,,,2024-05-01T00:00:00Z,381,FALSE
370,,,2024-05-01T00:00:00Z,383,FALSE
370,,,2024-05-01T00:00:00Z,385,FALSE
370,,,2024-05-01T00:00:00Z,352,FALSE
370,,,2024-05-01T00:00:00Z,353,FALSE
370,,,2024-05-01T00:00:00Z,354,FALSE
370,,,2024-05-01T00:00:00Z,144,FALSE
370,,,2024-05-01T00:00:00Z,356,FALSE
370,,,2024-05-01T00:00:00Z,357,FALSE
370,,,2024-05-01T00:00:00Z,358,FALSE
370,,,2024-05-01T00:00:00Z,355,FALSE
370,,,2024-05-01T00:00:00Z,364,FALSE
370,,,2024-05-01T00:00:00Z,365,FALSE
370,,,2024-05-01T00:00:00Z,366,FALSE
370,,,2024-06-01T00:00:00Z,138,FALSE
370,,,2024-06-01T00:00:00Z,368,FALSE
370,,,2024-06-01T00:00:00Z,140,FALSE
370,,,2024-06-01T00:00:00Z,369,FALSE
370,,,2024-06-01T00:00:00Z,139,FALSE
370,,,2024-06-01T00:00:00Z,125,FALSE
370,,,2024-06-01T00:00:00Z,136,FALSE
370,,,2024-06-01T00:00:00Z,141,FALSE
370,,,2024-06-01T00:00:00Z,45,FALSE
370,,,2024-06-01T00:00:00Z,143,FALSE
370,,,2024-06-01T00:00:00Z,137,FALSE
370,,,2024-06-01T00:00:00Z,142,FALSE
370,,,2024-06-01T00:00:00Z,371,FALSE
370,,,2024-06-01T00:00:00Z,372,FALSE
370,,,2024-06-01T00:00:00Z,330,FALSE
370,,,2024-06-01T00:00:00Z,373,FALSE
370,,,2024-06-01T00:00:00Z,211,FALSE
370,,,2024-06-01T00:00:00Z,226,FALSE
370,,,2024-06-01T00:00:00Z,233,FALSE
370,,,2024-06-01T00:00:00Z,378,FALSE
370,,,2024-06-01T00:00:00Z,377,FALSE
370,,,2024-06-01T00:00:00Z,310,FALSE
370,,,2024-06-01T00:00:00Z,379,FALSE
370,,,2024-06-01T00:00:00Z,382,FALSE
370,,,2024-06-01T00:00:00Z,381,FALSE
370,,,2024-06-01T00:00:00Z,383,FALSE
370,,,2024-06-01T00:00:00Z,385,FALSE
370,,,2024-06-01T00:00:00Z,352,FALSE
370,,,2024-06-01T00:00:00Z,353,FALSE
370,,,2024-06-01T00:00:00Z,354,FALSE
370,,,2024-06-01T00:00:00Z,144,FALSE
370,,,2024-06-01T00:00:00Z,356,FALSE
370,,,2024-06-01T00:00:00Z,357,FALSE
370,,,2024-06-01T00:00:00Z,358,FALSE
370,,,2024-06-01T00:00:00Z,355,FALSE
370,,,2024-06-01T00:00:00Z,364,FALSE
370,,,2024-06-01T00:00:00Z,365,FALSE
370,,,2024-06-01T00:00:00Z,366,FALSE
370,,,2024-07-01T00:00:00Z,138,FALSE
370,,,2024-07-01T00:00:00Z,368,FALSE
370,,,2024-07-01T00:00:00Z,140,FALSE
370,,,2024-07-01T00:00:00Z,369,FALSE
370,,,2024-07-01T00:00:00Z,139,FALSE
370,,,2024-07-01T00:00:00Z,125,FALSE
370,,,2024-07-01T00:00:00Z,136,FALSE
370,,,2024-07-01T00:00:00Z,141,FALSE
370,,,2024-07-01T00:00:00Z,45,FALSE
370,,,2024-07-01T00:00:00Z,143,FALSE
370,,,2024-07-01T00:00:00Z,137,FALSE
370,,,2024-07-01T00:00:00Z,142,FALSE
370,,,2024-07-01T00:00:00Z,371,FALSE
370,,,2024-07-01T00:00:00Z,372,FALSE
370,,,2024-07-01T00:00:00Z,330,FALSE
370,,,2024-07-01T00:00:00Z,373,FALSE
370,,,2024-07-01T00:00:00Z,211,FALSE
370,,,2024-07-01T00:00:00Z,226,FALSE
370,,,2024-07-01T00:00:00Z,233,FALSE
370,,,2024-07-01T00:00:00Z,378,FALSE
370,,,2024-07-01T00:00:00Z,377,FALSE
370,,,2024-07-01T00:00:00Z,310,FALSE
370,,,2024-07-01T00:00:00Z,379,FALSE
370,,,2024-07-01T00:00:00Z,382,FALSE
370,,,2024-07-01T00:00:00Z,381,FALSE
370,,,2024-07-01T00:00:00Z,383,FALSE
370,,,2024-07-01T00:00:00Z,385,FALSE
370,,,2024-07-01T00:00:00Z,352,FALSE
370,,,2024-07-01T00:00:00Z,353,FALSE
370,,,2024-07-01T00:00:00Z,354,FALSE
370,,,2024-07-01T00:00:00Z,144,FALSE
370,,,2024-07-01T00:00:00Z,356,FALSE
370,,,2024-07-01T00:00:00Z,357,FALSE
370,,,2024-07-01T00:00:00Z,358,FALSE
370,,,2024-07-01T00:00:00Z,355,FALSE
370,,,2024-07-01T00:00:00Z,364,FALSE
370,,,2024-07-01T00:00:00Z,365,FALSE
370,,,2024-07-01T00:00:00Z,366,FALSE
370,,,2024-08-01T00:00:00Z,138,FALSE
370,,,2024-08-01T00:00:00Z,368,FALSE
370,,,2024-08-01T00:00:00Z,140,FALSE
370,,,2024-08-01T00:00:00Z,369,FALSE
370,,,2024-08-01T00:00:00Z,139,FALSE
370,,,2024-08-01T00:00:00Z,125,FALSE
370,,,2024-08-01T00:00:00Z,136,FALSE
370,,,2024-08-01T00:00:00Z,141,FALSE
370,,,2024-08-01T00:00:00Z,45,FALSE
370,,,2024-08-01T00:00:00Z,143,FALSE
370,,,2024-08-01T00:00:00Z,137,FALSE
370,,,2024-08-01T00:00:00Z,142,FALSE
370,,,2024-08-01T00:00:00Z,371,FALSE
370,,,2024-08-01T00:00:00Z,372,FALSE
370,,,2024-08-01T00:00:00Z,330,FALSE
370,,,2024-08-01T00:00:00Z,373,FALSE
370,,,2024-08-01T00:00:00Z,211,FALSE
370,,,2024-08-01T00:00:00Z,226,FALSE
370,,,2024-08-01T00:00:00Z,233,FALSE
370,,,2024-08-01T00:00:00Z,378,FALSE
370,,,2024-08-01T00:00:00Z,377,FALSE
370,,,2024-08-01T00:00:00Z,310,FALSE
370,,,2024-08-01T00:00:00Z,379,FALSE
370,,,2024-08-01T00:00:00Z,382,FALSE
370,,,2024-08-01T00:00:00Z,381,FALSE
370,,,2024-08-01T00:00:00Z,383,FALSE
370,,,2024-08-01T00:00:00Z,385,FALSE
370,,,2024-08-01T00:00:00Z,352,FALSE
370,,,2024-08-01T00:00:00Z,353,FALSE
370,,,2024-08-01T00:00:00Z,354,FALSE
370,,,2024-08-01T00:00:00Z,144,FALSE
370,,,2024-08-01T00:00:00Z,356,FALSE
370,,,2024-08-01T00:00:00Z,357,FALSE
370,,,2024-08-01T00:00:00Z,358,FALSE
370,,,2024-08-01T00:00:00Z,355,FALSE
370,,,2024-08-01T00:00:00Z,364,FALSE
370,,,2024-08-01T00:00:00Z,365,FALSE
370,,,2024-08-01T00:00:00Z,366,FALSE
370,,,2024-09-01T00:00:00Z,138,FALSE
370,,,2024-09-01T00:00:00Z,368,FALSE
370,,,2024-09-01T00:00:00Z,140,FALSE
370,,,2024-09-01T00:00:00Z,369,FALSE
370,,,2024-09-01T00:00:00Z,139,FALSE
370,,,2024-09-01T00:00:00Z,125,FALSE
370,,,2024-09-01T00:00:00Z,136,FALSE
370,,,2024-09-01T00:00:00Z,141,FALSE
370,,,2024-09-01T00:00:00Z,45,FALSE
370,,,2024-09-01T00:00:00Z,143,FALSE
370,,,2024-09-01T00:00:00Z,137,FALSE
370,,,2024-09-01T00:00:00Z,142,FALSE
370,,,2024-09-01T00:00:00Z,371,FALSE
370,,,2024-09-01T00:00:00Z,372,FALSE
370,,,2024-09-01T00:00:00Z,330,FALSE
370,,,2024-09-01T00:00:00Z,373,FALSE
370,,,2024-09-01T00:00:00Z,211,FALSE
370,,,2024-09-01T00:00:00Z,226,FALSE
370,,,2024-09-01T00:00:00Z,233,FALSE
370,,,2024-09-01T00:00:00Z,378,FALSE
370,,,2024-09-01T00:00:00Z,377,FALSE
370,,,2024-09-01T00:00:00Z,310,FALSE
370,,,2024-09-01T00:00:00Z,379,FALSE
370,,,2024-09-01T00:00:00Z,382,FALSE
370,,,2024-09-01T00:00:00Z,381,FALSE
370,,,2024-09-01T00:00:00Z,383,FALSE
370,,,2024-09-01T00:00:00Z,385,FALSE
370,,,2024-09-01T00:00:00Z,352,FALSE
370,,,2024-09-01T00:00:00Z,353,FALSE
370,,,2024-09-01T00:00:00Z,354,FALSE
370,,,2024-09-01T00:00:00Z,144,FALSE
370,,,2024-09-01T00:00:00Z,356,FALSE
370,,,2024-09-01T00:00:00Z,357,FALSE
370,,,2024-09-01T00:00:00Z,358,FALSE
370,,,2024-09-01T00:00:00Z,355,FALSE
370,,,2024-09-01T00:00:00Z,364,FALSE
370,,,2024-09-01T00:00:00Z,365,FALSE
370,,,2024-09-01T00:00:00Z,366,FALSE
370,,,2024-10-01T00:00:00Z,138,FALSE
370,,,2024-10-01T00:00:00Z,368,FALSE
370,,,2024-10-01T00:00:00Z,140,FALSE
370,,,2024-10-01T00:00:00Z,369,FALSE
370,,,2024-10-01T00:00:00Z,139,FALSE
370,,,2024-10-01T00:00:00Z,125,FALSE
370,,,2024-10-01T00:00:00Z,136,FALSE
370,,,2024-10-01T00:00:00Z,141,FALSE
370,,,2024-10-01T00:00:00Z,45,FALSE
370,,,2024-10-01T00:00:00Z,143,FALSE
370,,,2024-10-01T00:00:00Z,137,FALSE
370,,,2024-10-01T00:00:00Z,142,FALSE
370,,,2024-10-01T00:00:00Z,371,FALSE
370,,,2024-10-01T00:00:00Z,372,FALSE
370,,,2024-10-01T00:00:00Z,330,FALSE
370,,,2024-10-01T00:00:00Z,373,FALSE
370,,,2024-10-01T00:00:00Z,211,FALSE
370,,,2024-10-01T00:00:00Z,226,FALSE
370,,,2024-10-01T00:00:00Z,233,FALSE
370,,,2024-10-01T00:00:00Z,378,FALSE
370,,,2024-10-01T00:00:00Z,377,FALSE
370,,,2024-10-01T00:00:00Z,310,FALSE
370,,,2024-10-01T00:00:00Z,379,FALSE
370,,,2024-10-01T00:00:00Z,382,FALSE
370,,,2024-10-01T00:00:00Z,381,FALSE
370,,,2024-10-01T00:00:00Z,383,FALSE
370,,,2024-10-01T00:00:00Z,385,FALSE
370,,,2024-10-01T00:00:00Z,352,FALSE
370,,,2024-10-01T00:00:00Z,353,FALSE
370,,,2024-10-01T00:00:00Z,354,FALSE
370,,,2024-10-01T00:00:00Z,144,FALSE
370,,,2024-10-01T00:00:00Z,356,FALSE
370,,,2024-10-01T00:00:00Z,357,FALSE
370,,,2024-10-01T00:00:00Z,358,FALSE
370,,,2024-10-01T00:00:00Z,355,FALSE
370,,,2024-10-01T00:00:00Z,364,FALSE
370,,,2024-10-01T00:00:00Z,365,FALSE
370,,,2024-10-01T00:00:00Z,366,FALSE
370,,,2024-11-01T00:00:00Z,138,FALSE
370,,,2024-11-01T00:00:00Z,368,FALSE
370,,,2024-11-01T00:00:00Z,140,FALSE
370,,,2024-11-01T00:00:00Z,369,FALSE
370,,,2024-11-01T00:00:00Z,139,FALSE
370,,,2024-11-01T00:00:00Z,125,FALSE
370,,,2024-11-01T00:00:00Z,136,FALSE
370,,,2024-11-01T00:00:00Z,141,FALSE
370,,,2024-11-01T00:00:00Z,45,FALSE
370,,,2024-11-01T00:00:00Z,143,FALSE
370,,,2024-11-01T00:00:00Z,137,FALSE
370,,,2024-11-01T00:00:00Z,142,FALSE
370,,,2024-11-01T00:00:00Z,371,FALSE
370,,,2024-11-01T00:00:00Z,372,FALSE
370,,,2024-11-01T00:00:00Z,330,FALSE
370,,,2024-11-01T00:00:00Z,373,FALSE
370,,,2024-11-01T00:00:00Z,211,FALSE
370,,,2024-11-01T00:00:00Z,226,FALSE
370,,,2024-11-01T00:00:00Z,233,FALSE
370,,,2024-11-01T00:00:00Z,378,FALSE
370,,,2024-11-01T00:00:00Z,377,FALSE
370,,,2024-11-01T00:00:00Z,310,FALSE
370,,,2024-11-01T00:00:00Z,379,FALSE
370,,,2024-11-01T00:00:00Z,382,FALSE
370,,,2024-11-01T00:00:00Z,381,FALSE
370,,,2024-11-01T00:00:00Z,383,FALSE
370,,,2024-11-01T00:00:00Z,385,FALSE
370,,,2024-11-01T00:00:00Z,352,FALSE
370,,,2024-11-01T00:00:00Z,353,FALSE
370,,,2024-11-01T00:00:00Z,354,FALSE
370,,,2024-11-01T00:00:00Z,144,FALSE
370,,,2024-11-01T00:00:00Z,356,FALSE
370,,,2024-11-01T00:00:00Z,357,FALSE
370,,,2024-11-01T00:00:00Z,358,FALSE
370,,,2024-11-01T00:00:00Z,355,FALSE
370,,,2024-11-01T00:00:00Z,364,FALSE
370,,,2024-11-01T00:00:00Z,365,FALSE
370,,,2024-11-01T00:00:00Z,366,FALSE
370,,,2024-12-01T00:00:00Z,138,FALSE
370,,,2024-12-01T00:00:00Z,368,FALSE
370,,,2024-12-01T00:00:00Z,140,FALSE
370,,,2024-12-01T00:00:00Z,369,FALSE
370,,,2024-12-01T00:00:00Z,139,FALSE
370,,,2024-12-01T00:00:00Z,125,FALSE
370,,,2024-12-01T00:00:00Z,136,FALSE
370,,,2024-12-01T00:00:00Z,141,FALSE
370,,,2024-12-01T00:00:00Z,45,FALSE
370,,,2024-12-01T00:00:00Z,143,FALSE
370,,,2024-12-01T00:00:00Z,137,FALSE
370,,,2024-12-01T00:00:00Z,142,FALSE
370,,,2024-12-01T00:00:00Z,371,FALSE
370,,,2024-12-01T00:00:00Z,372,FALSE
370,,,2024-12-01T00:00:00Z,330,FALSE
370,,,2024-12-01T00:00:00Z,373,FALSE
370,,,2024-12-01T00:00:00Z,211,FALSE
370,,,2024-12-01T00:00:00Z,226,FALSE
370,,,2024-12-01T00:00:00Z,233,FALSE
370,,,2024-12-01T00:00:00Z,378,FALSE
370,,,2024-12-01T00:00:00Z,377,FALSE
370,,,2024-12-01T00:00:00Z,310,FALSE
370,,,2024-12-01T00:00:00Z,379,FALSE
370,,,2024-12-01T00:00:00Z,382,FALSE
370,,,2024-12-01T00:00:00Z,381,FALSE
370,,,2024-12-01T00:00:00Z,383,FALSE
370,,,2024-12-01T00:00:00Z,385,FALSE
370,,,2024-12-01T00:00:00Z,352,FALSE
370,,,2024-12-01T00:00:00Z,353,FALSE
370,,,2024-12-01T00:00:00Z,354,FALSE
370,,,2024-12-01T00:00:00Z,144,FALSE
370,,,2024-12-01T00:00:00Z,356,FALSE
370,,,2024-12-01T00:00:00Z,357,FALSE
370,,,2024-12-01T00:00:00Z,358,FALSE
370,,,2024-12-01T00:00:00Z,355,FALSE
370,,,2024-12-01T00:00:00Z,364,FALSE
370,,,2024-12-01T00:00:00Z,365,FALSE
370,,,2024-12-01T00:00:00Z,366,FALSE
371,,,2024-01-01T00:00:00Z,138,FALSE
371,,,2024-01-01T00:00:00Z,368,FALSE
371,,,2024-01-01T00:00:00Z,140,FALSE
371,,,2024-01-01T00:00:00Z,369,FALSE
371,,,2024-01-01T00:00:00Z,139,FALSE
371,,,2024-01-01T00:00:00Z,125,FALSE
371,,,2024-01-01T00:00:00Z,136,FALSE
371,,,2024-01-01T00:00:00Z,141,FALSE
371,,,2024-01-01T00:00:00Z,45,FALSE
371,,,2024-01-01T00:00:00Z,143,FALSE
371,,,2024-01-01T00:00:00Z,137,FALSE
371,,,2024-01-01T00:00:00Z,142,FALSE
371,,,2024-01-01T00:00:00Z,370,FALSE
371,,,2024-01-01T00:00:00Z,372,FALSE
371,,,2024-01-01T00:00:00Z,330,FALSE
371,,,2024-01-01T00:00:00Z,373,FALSE
371,,,2024-01-01T00:00:00Z,211,FALSE
371,,,2024-01-01T00:00:00Z,226,FALSE
371,,,2024-01-01T00:00:00Z,233,FALSE
371,,,2024-01-01T00:00:00Z,378,FALSE
371,,,2024-01-01T00:00:00Z,377,FALSE
371,,,2024-01-01T00:00:00Z,310,FALSE
371,,,2024-01-01T00:00:00Z,379,FALSE
371,,,2024-01-01T00:00:00Z,382,FALSE
371,,,2024-01-01T00:00:00Z,381,FALSE
371,,,2024-01-01T00:00:00Z,383,FALSE
371,,,2024-01-01T00:00:00Z,385,FALSE
371,,,2024-01-01T00:00:00Z,352,FALSE
371,,,2024-01-01T00:00:00Z,353,FALSE
371,,,2024-01-01T00:00:00Z,354,FALSE
371,,,2024-01-01T00:00:00Z,144,FALSE
371,,,2024-01-01T00:00:00Z,356,FALSE
371,,,2024-01-01T00:00:00Z,357,FALSE
371,,,2024-01-01T00:00:00Z,358,FALSE
371,,,2024-01-01T00:00:00Z,355,FALSE
371,,,2024-01-01T00:00:00Z,364,FALSE
371,,,2024-01-01T00:00:00Z,365,FALSE
371,,,2024-01-01T00:00:00Z,366,FALSE
371,,,2024-02-01T00:00:00Z,138,FALSE
371,,,2024-02-01T00:00:00Z,368,FALSE
371,,,2024-02-01T00:00:00Z,140,FALSE
371,,,2024-02-01T00:00:00Z,369,FALSE
371,,,2024-02-01T00:00:00Z,139,FALSE
371,,,2024-02-01T00:00:00Z,125,FALSE
371,,,2024-02-01T00:00:00Z,136,FALSE
371,,,2024-02-01T00:00:00Z,141,FALSE
371,,,2024-02-01T00:00:00Z,45,FALSE
371,,,2024-02-01T00:00:00Z,143,FALSE
371,,,2024-02-01T00:00:00Z,137,FALSE
371,,,2024-02-01T00:00:00Z,142,FALSE
371,,,2024-02-01T00:00:00Z,370,FALSE
371,,,2024-02-01T00:00:00Z,372,FALSE
371,,,2024-02-01T00:00:00Z,330,FALSE
371,,,2024-02-01T00:00:00Z,373,FALSE
371,,,2024-02-01T00:00:00Z,211,FALSE
371,,,2024-02-01T00:00:00Z,226,FALSE
371,,,2024-02-01T00:00:00Z,233,FALSE
371,,,2024-02-01T00:00:00Z,378,FALSE
371,,,2024-02-01T00:00:00Z,377,FALSE
371,,,2024-02-01T00:00:00Z,310,FALSE
371,,,2024-02-01T00:00:00Z,379,FALSE
371,,,2024-02-01T00:00:00Z,382,FALSE
371,,,2024-02-01T00:00:00Z,381,FALSE
371,,,2024-02-01T00:00:00Z,383,FALSE
371,,,2024-02-01T00:00:00Z,385,FALSE
371,,,2024-02-01T00:00:00Z,352,FALSE
371,,,2024-02-01T00:00:00Z,353,FALSE
371,,,2024-02-01T00:00:00Z,354,FALSE
371,,,2024-02-01T00:00:00Z,144,FALSE
371,,,2024-02-01T00:00:00Z,356,FALSE
371,,,2024-02-01T00:00:00Z,357,FALSE
371,,,2024-02-01T00:00:00Z,358,FALSE
371,,,2024-02-01T00:00:00Z,355,FALSE
371,,,2024-02-01T00:00:00Z,364,FALSE
371,,,2024-02-01T00:00:00Z,365,FALSE
371,,,2024-02-01T00:00:00Z,366,FALSE
371,,,2024-03-01T00:00:00Z,138,FALSE
371,,,2024-03-01T00:00:00Z,368,FALSE
371,,,2024-03-01T00:00:00Z,140,FALSE
371,,,2024-03-01T00:00:00Z,369,FALSE
371,,,2024-03-01T00:00:00Z,139,FALSE
371,,,2024-03-01T00:00:00Z,125,FALSE
371,,,2024-03-01T00:00:00Z,136,FALSE
371,,,2024-03-01T00:00:00Z,141,FALSE
371,,,2024-03-01T00:00:00Z,45,FALSE
371,,,2024-03-01T00:00:00Z,143,FALSE
371,,,2024-03-01T00:00:00Z,137,FALSE
371,,,2024-03-01T00:00:00Z,142,FALSE
371,,,2024-03-01T00:00:00Z,370,FALSE
371,,,2024-03-01T00:00:00Z,372,FALSE
371,,,2024-03-01T00:00:00Z,330,FALSE
371,,,2024-03-01T00:00:00Z,373,FALSE
371,,,2024-03-01T00:00:00Z,211,FALSE
371,,,2024-03-01T00:00:00Z,226,FALSE
371,,,2024-03-01T00:00:00Z,233,FALSE
371,,,2024-03-01T00:00:00Z,378,FALSE
371,,,2024-03-01T00:00:00Z,377,FALSE
371,,,2024-03-01T00:00:00Z,310,FALSE
371,,,2024-03-01T00:00:00Z,379,FALSE
371,,,2024-03-01T00:00:00Z,382,FALSE
371,,,2024-03-01T00:00:00Z,381,FALSE
371,,,2024-03-01T00:00:00Z,383,FALSE
371,,,2024-03-01T00:00:00Z,385,FALSE
371,,,2024-03-01T00:00:00Z,352,FALSE
371,,,2024-03-01T00:00:00Z,353,FALSE
371,,,2024-03-01T00:00:00Z,354,FALSE
371,,,2024-03-01T00:00:00Z,144,FALSE
371,,,2024-03-01T00:00:00Z,356,FALSE
371,,,2024-03-01T00:00:00Z,357,FALSE
371,,,2024-03-01T00:00:00Z,358,FALSE
371,,,2024-03-01T00:00:00Z,355,FALSE
371,,,2024-03-01T00:00:00Z,364,FALSE
371,,,2024-03-01T00:00:00Z,365,FALSE
371,,,2024-03-01T00:00:00Z,366,FALSE
371,,,2024-04-01T00:00:00Z,138,FALSE
371,,,2024-04-01T00:00:00Z,368,FALSE
371,,,2024-04-01T00:00:00Z,140,FALSE
371,,,2024-04-01T00:00:00Z,369,FALSE
371,,,2024-04-01T00:00:00Z,139,FALSE
371,,,2024-04-01T00:00:00Z,125,FALSE
371,,,2024-04-01T00:00:00Z,136,FALSE
371,,,2024-04-01T00:00:00Z,141,FALSE
371,,,2024-04-01T00:00:00Z,45,FALSE
371,,,2024-04-01T00:00:00Z,143,FALSE
371,,,2024-04-01T00:00:00Z,137,FALSE
371,,,2024-04-01T00:00:00Z,142,FALSE
371,,,2024-04-01T00:00:00Z,370,FALSE
371,,,2024-04-01T00:00:00Z,372,FALSE
371,,,2024-04-01T00:00:00Z,330,FALSE
371,,,2024-04-01T00:00:00Z,373,FALSE
371,,,2024-04-01T00:00:00Z,211,FALSE
371,,,2024-04-01T00:00:00Z,226,FALSE
371,,,2024-04-01T00:00:00Z,233,FALSE
371,,,2024-04-01T00:00:00Z,378,FALSE
371,,,2024-04-01T00:00:00Z,377,FALSE
371,,,2024-04-01T00:00:00Z,310,FALSE
371,,,2024-04-01T00:00:00Z,379,FALSE
371,,,2024-04-01T00:00:00Z,382,FALSE
371,,,2024-04-01T00:00:00Z,381,FALSE
371,,,2024-04-01T00:00:00Z,383,FALSE
371,,,2024-04-01T00:00:00Z,385,FALSE
371,,,2024-04-01T00:00:00Z,352,FALSE
371,,,2024-04-01T00:00:00Z,353,FALSE
371,,,2024-04-01T00:00:00Z,354,FALSE
371,,,2024-04-01T00:00:00Z,144,FALSE
371,,,2024-04-01T00:00:00Z,356,FALSE
371,,,2024-04-01T00:00:00Z,357,FALSE
371,,,2024-04-01T00:00:00Z,358,FALSE
371,,,2024-04-01T00:00:00Z,355,FALSE
371,,,2024-04-01T00:00:00Z,364,FALSE
371,,,2024-04-01T00:00:00Z,365,FALSE
371,,,2024-04-01T00:00:00Z,366,FALSE
371,,,2024-05-01T00:00:00Z,138,FALSE
371,,,2024-05-01T00:00:00Z,368,FALSE
371,,,2024-05-01T00:00:00Z,140,FALSE
371,,,2024-05-01T00:00:00Z,369,FALSE
371,,,2024-05-01T00:00:00Z,139,FALSE
371,,,2024-05-01T00:00:00Z,125,FALSE
371,,,2024-05-01T00:00:00Z,136,FALSE
371,,,2024-05-01T00:00:00Z,141,FALSE
371,,,2024-05-01T00:00:00Z,45,FALSE
371,,,2024-05-01T00:00:00Z,143,FALSE
371,,,2024-05-01T00:00:00Z,137,FALSE
371,,,2024-05-01T00:00:00Z,142,FALSE
371,,,2024-05-01T00:00:00Z,370,FALSE
371,,,2024-05-01T00:00:00Z,372,FALSE
371,,,2024-05-01T00:00:00Z,330,FALSE
371,,,2024-05-01T00:00:00Z,373,FALSE
371,,,2024-05-01T00:00:00Z,211,FALSE
371,,,2024-05-01T00:00:00Z,226,FALSE
371,,,2024-05-01T00:00:00Z,233,FALSE
371,,,2024-05-01T00:00:00Z,378,FALSE
371,,,2024-05-01T00:00:00Z,377,FALSE
371,,,2024-05-01T00:00:00Z,310,FALSE
371,,,2024-05-01T00:00:00Z,379,FALSE
371,,,2024-05-01T00:00:00Z,382,FALSE
371,,,2024-05-01T00:00:00Z,381,FALSE
371,,,2024-05-01T00:00:00Z,383,FALSE
371,,,2024-05-01T00:00:00Z,385,FALSE
371,,,2024-05-01T00:00:00Z,352,FALSE
371,,,2024-05-01T00:00:00Z,353,FALSE
371,,,2024-05-01T00:00:00Z,354,FALSE
371,,,2024-05-01T00:00:00Z,144,FALSE
371,,,2024-05-01T00:00:00Z,356,FALSE
371,,,2024-05-01T00:00:00Z,357,FALSE
371,,,2024-05-01T00:00:00Z,358,FALSE
371,,,2024-05-01T00:00:00Z,355,FALSE
371,,,2024-05-01T00:00:00Z,364,FALSE
371,,,2024-05-01T00:00:00Z,365,FALSE
371,,,2024-05-01T00:00:00Z,366,FALSE
371,,,2024-06-01T00:00:00Z,138,FALSE
371,,,2024-06-01T00:00:00Z,368,FALSE
371,,,2024-06-01T00:00:00Z,140,FALSE
371,,,2024-06-01T00:00:00Z,369,FALSE
371,,,2024-06-01T00:00:00Z,139,FALSE
371,,,2024-06-01T00:00:00Z,125,FALSE
371,,,2024-06-01T00:00:00Z,136,FALSE
371,,,2024-06-01T00:00:00Z,141,FALSE
371,,,2024-06-01T00:00:00Z,45,FALSE
371,,,2024-06-01T00:00:00Z,143,FALSE
371,,,2024-06-01T00:00:00Z,137,FALSE
371,,,2024-06-01T00:00:00Z,142,FALSE
371,,,2024-06-01T00:00:00Z,370,FALSE
371,,,2024-06-01T00:00:00Z,372,FALSE
371,,,2024-06-01T00:00:00Z,330,FALSE
371,,,2024-06-01T00:00:00Z,373,FALSE
371,,,2024-06-01T00:00:00Z,211,FALSE
371,,,2024-06-01T00:00:00Z,226,FALSE
371,,,2024-06-01T00:00:00Z,233,FALSE
371,,,2024-06-01T00:00:00Z,378,FALSE
371,,,2024-06-01T00:00:00Z,377,FALSE
371,,,2024-06-01T00:00:00Z,310,FALSE
371,,,2024-06-01T00:00:00Z,379,FALSE
371,,,2024-06-01T00:00:00Z,382,FALSE
371,,,2024-06-01T00:00:00Z,381,FALSE
371,,,2024-06-01T00:00:00Z,383,FALSE
371,,,2024-06-01T00:00:00Z,385,FALSE
371,,,2024-06-01T00:00:00Z,352,FALSE
371,,,2024-06-01T00:00:00Z,353,FALSE
371,,,2024-06-01T00:00:00Z,354,FALSE
371,,,2024-06-01T00:00:00Z,144,FALSE
371,,,2024-06-01T00:00:00Z,356,FALSE
371,,,2024-06-01T00:00:00Z,357,FALSE
371,,,2024-06-01T00:00:00Z,358,FALSE
371,,,2024-06-01T00:00:00Z,355,FALSE
371,,,2024-06-01T00:00:00Z,364,FALSE
371,,,2024-06-01T00:00:00Z,365,FALSE
371,,,2024-06-01T00:00:00Z,366,FALSE
371,,,2024-07-01T00:00:00Z,138,FALSE
371,,,2024-07-01T00:00:00Z,368,FALSE
371,,,2024-07-01T00:00:00Z,140,FALSE
371,,,2024-07-01T00:00:00Z,369,FALSE
371,,,2024-07-01T00:00:00Z,139,FALSE
371,,,2024-07-01T00:00:00Z,125,FALSE
371,,,2024-07-01T00:00:00Z,136,FALSE
371,,,2024-07-01T00:00:00Z,141,FALSE
371,,,2024-07-01T00:00:00Z,45,FALSE
371,,,2024-07-01T00:00:00Z,143,FALSE
371,,,2024-07-01T00:00:00Z,137,FALSE
371,,,2024-07-01T00:00:00Z,142,FALSE
371,,,2024-07-01T00:00:00Z,370,FALSE
371,,,2024-07-01T00:00:00Z,372,FALSE
371,,,2024-07-01T00:00:00Z,330,FALSE
371,,,2024-07-01T00:00:00Z,373,FALSE
371,,,2024-07-01T00:00:00Z,211,FALSE
371,,,2024-07-01T00:00:00Z,226,FALSE
371,,,2024-07-01T00:00:00Z,233,FALSE
371,,,2024-07-01T00:00:00Z,378,FALSE
371,,,2024-07-01T00:00:00Z,377,FALSE
371,,,2024-07-01T00:00:00Z,310,FALSE
371,,,2024-07-01T00:00:00Z,379,FALSE
371,,,2024-07-01T00:00:00Z,382,FALSE
371,,,2024-07-01T00:00:00Z,381,FALSE
371,,,2024-07-01T00:00:00Z,383,FALSE
371,,,2024-07-01T00:00:00Z,385,FALSE
371,,,2024-07-01T00:00:00Z,352,FALSE
371,,,2024-07-01T00:00:00Z,353,FALSE
371,,,2024-07-01T00:00:00Z,354,FALSE
371,,,2024-07-01T00:00:00Z,144,FALSE
371,,,2024-07-01T00:00:00Z,356,FALSE
371,,,2024-07-01T00:00:00Z,357,FALSE
371,,,2024-07-01T00:00:00Z,358,FALSE
371,,,2024-07-01T00:00:00Z,355,FALSE
371,,,2024-07-01T00:00:00Z,364,FALSE
371,,,2024-07-01T00:00:00Z,365,FALSE
371,,,2024-07-01T00:00:00Z,366,FALSE
371,,,2024-08-01T00:00:00Z,138,FALSE
371,,,2024-08-01T00:00:00Z,368,FALSE
371,,,2024-08-01T00:00:00Z,140,FALSE
371,,,2024-08-01T00:00:00Z,369,FALSE
371,,,2024-08-01T00:00:00Z,139,FALSE
371,,,2024-08-01T00:00:00Z,125,FALSE
371,,,2024-08-01T00:00:00Z,136,FALSE
371,,,2024-08-01T00:00:00Z,141,FALSE
371,,,2024-08-01T00:00:00Z,45,FALSE
371,,,2024-08-01T00:00:00Z,143,FALSE
371,,,2024-08-01T00:00:00Z,137,FALSE
371,,,2024-08-01T00:00:00Z,142,FALSE
371,,,2024-08-01T00:00:00Z,370,FALSE
371,,,2024-08-01T00:00:00Z,372,FALSE
371,,,2024-08-01T00:00:00Z,330,FALSE
371,,,2024-08-01T00:00:00Z,373,FALSE
371,,,2024-08-01T00:00:00Z,211,FALSE
371,,,2024-08-01T00:00:00Z,226,FALSE
371,,,2024-08-01T00:00:00Z,233,FALSE
371,,,2024-08-01T00:00:00Z,378,FALSE
371,,,2024-08-01T00:00:00Z,377,FALSE
371,,,2024-08-01T00:00:00Z,310,FALSE
371,,,2024-08-01T00:00:00Z,379,FALSE
371,,,2024-08-01T00:00:00Z,382,FALSE
371,,,2024-08-01T00:00:00Z,381,FALSE
371,,,2024-08-01T00:00:00Z,383,FALSE
371,,,2024-08-01T00:00:00Z,385,FALSE
371,,,2024-08-01T00:00:00Z,352,FALSE
371,,,2024-08-01T00:00:00Z,353,FALSE
371,,,2024-08-01T00:00:00Z,354,FALSE
371,,,2024-08-01T00:00:00Z,144,FALSE
371,,,2024-08-01T00:00:00Z,356,FALSE
371,,,2024-08-01T00:00:00Z,357,FALSE
371,,,2024-08-01T00:00:00Z,358,FALSE
371,,,2024-08-01T00:00:00Z,355,FALSE
371,,,2024-08-01T00:00:00Z,364,FALSE
371,,,2024-08-01T00:00:00Z,365,FALSE
371,,,2024-08-01T00:00:00Z,366,FALSE
371,,,2024-09-01T00:00:00Z,138,FALSE
371,,,2024-09-01T00:00:00Z,368,FALSE
371,,,2024-09-01T00:00:00Z,140,FALSE
371,,,2024-09-01T00:00:00Z,369,FALSE
371,,,2024-09-01T00:00:00Z,139,FALSE
371,,,2024-09-01T00:00:00Z,125,FALSE
371,,,2024-09-01T00:00:00Z,136,FALSE
371,,,2024-09-01T00:00:00Z,141,FALSE
371,,,2024-09-01T00:00:00Z,45,FALSE
371,,,2024-09-01T00:00:00Z,143,FALSE
371,,,2024-09-01T00:00:00Z,137,FALSE
371,,,2024-09-01T00:00:00Z,142,FALSE
371,,,2024-09-01T00:00:00Z,370,FALSE
371,,,2024-09-01T00:00:00Z,372,FALSE
371,,,2024-09-01T00:00:00Z,330,FALSE
371,,,2024-09-01T00:00:00Z,373,FALSE
371,,,2024-09-01T00:00:00Z,211,FALSE
371,,,2024-09-01T00:00:00Z,226,FALSE
371,,,2024-09-01T00:00:00Z,233,FALSE
371,,,2024-09-01T00:00:00Z,378,FALSE
371,,,2024-09-01T00:00:00Z,377,FALSE
371,,,2024-09-01T00:00:00Z,310,FALSE
371,,,2024-09-01T00:00:00Z,379,FALSE
371,,,2024-09-01T00:00:00Z,382,FALSE
371,,,2024-09-01T00:00:00Z,381,FALSE
371,,,2024-09-01T00:00:00Z,383,FALSE
371,,,2024-09-01T00:00:00Z,385,FALSE
371,,,2024-09-01T00:00:00Z,352,FALSE
371,,,2024-09-01T00:00:00Z,353,FALSE
371,,,2024-09-01T00:00:00Z,354,FALSE
371,,,2024-09-01T00:00:00Z,144,FALSE
371,,,2024-09-01T00:00:00Z,356,FALSE
371,,,2024-09-01T00:00:00Z,357,FALSE
371,,,2024-09-01T00:00:00Z,358,FALSE
371,,,2024-09-01T00:00:00Z,355,FALSE
371,,,2024-09-01T00:00:00Z,364,FALSE
371,,,2024-09-01T00:00:00Z,365,FALSE
371,,,2024-09-01T00:00:00Z,366,FALSE
371,,,2024-10-01T00:00:00Z,138,FALSE
371,,,2024-10-01T00:00:00Z,368,FALSE
371,,,2024-10-01T00:00:00Z,140,FALSE
371,,,2024-10-01T00:00:00Z,369,FALSE
371,,,2024-10-01T00:00:00Z,139,FALSE
371,,,2024-10-01T00:00:00Z,125,FALSE
371,,,2024-10-01T00:00:00Z,136,FALSE
371,,,2024-10-01T00:00:00Z,141,FALSE
371,,,2024-10-01T00:00:00Z,45,FALSE
371,,,2024-10-01T00:00:00Z,143,FALSE
371,,,2024-10-01T00:00:00Z,137,FALSE
371,,,2024-10-01T00:00:00Z,142,FALSE
371,,,2024-10-01T00:00:00Z,370,FALSE
371,,,2024-10-01T00:00:00Z,372,FALSE
371,,,2024-10-01T00:00:00Z,330,FALSE
371,,,2024-10-01T00:00:00Z,373,FALSE
371,,,2024-10-01T00:00:00Z,211,FALSE
371,,,2024-10-01T00:00:00Z,226,FALSE
371,,,2024-10-01T00:00:00Z,233,FALSE
371,,,2024-10-01T00:00:00Z,378,FALSE
371,,,2024-10-01T00:00:00Z,377,FALSE
371,,,2024-10-01T00:00:00Z,310,FALSE
371,,,2024-10-01T00:00:00Z,379,FALSE
371,,,2024-10-01T00:00:00Z,382,FALSE
371,,,2024-10-01T00:00:00Z,381,FALSE
371,,,2024-10-01T00:00:00Z,383,FALSE
371,,,2024-10-01T00:00:00Z,385,FALSE
371,,,2024-10-01T00:00:00Z,352,FALSE
371,,,2024-10-01T00:00:00Z,353,FALSE
371,,,2024-10-01T00:00:00Z,354,FALSE
371,,,2024-10-01T00:00:00Z,144,FALSE
371,,,2024-10-01T00:00:00Z,356,FALSE
371,,,2024-10-01T00:00:00Z,357,FALSE
371,,,2024-10-01T00:00:00Z,358,FALSE
371,,,2024-10-01T00:00:00Z,355,FALSE
371,,,2024-10-01T00:00:00Z,364,FALSE
371,,,2024-10-01T00:00:00Z,365,FALSE
371,,,2024-10-01T00:00:00Z,366,FALSE
371,,,2024-11-01T00:00:00Z,138,FALSE
371,,,2024-11-01T00:00:00Z,368,FALSE
371,,,2024-11-01T00:00:00Z,140,FALSE
371,,,2024-11-01T00:00:00Z,369,FALSE
371,,,2024-11-01T00:00:00Z,139,FALSE
371,,,2024-11-01T00:00:00Z,125,FALSE
371,,,2024-11-01T00:00:00Z,136,FALSE
371,,,2024-11-01T00:00:00Z,141,FALSE
371,,,2024-11-01T00:00:00Z,45,FALSE
371,,,2024-11-01T00:00:00Z,143,FALSE
371,,,2024-11-01T00:00:00Z,137,FALSE
371,,,2024-11-01T00:00:00Z,142,FALSE
371,,,2024-11-01T00:00:00Z,370,FALSE
371,,,2024-11-01T00:00:00Z,372,FALSE
371,,,2024-11-01T00:00:00Z,330,FALSE
371,,,2024-11-01T00:00:00Z,373,FALSE
371,,,2024-11-01T00:00:00Z,211,FALSE
371,,,2024-11-01T00:00:00Z,226,FALSE
371,,,2024-11-01T00:00:00Z,233,FALSE
371,,,2024-11-01T00:00:00Z,378,FALSE
371,,,2024-11-01T00:00:00Z,377,FALSE
371,,,2024-11-01T00:00:00Z,310,FALSE
371,,,2024-11-01T00:00:00Z,379,FALSE
371,,,2024-11-01T00:00:00Z,382,FALSE
371,,,2024-11-01T00:00:00Z,381,FALSE
371,,,2024-11-01T00:00:00Z,383,FALSE
371,,,2024-11-01T00:00:00Z,385,FALSE
371,,,2024-11-01T00:00:00Z,352,FALSE
371,,,2024-11-01T00:00:00Z,353,FALSE
371,,,2024-11-01T00:00:00Z,354,FALSE
371,,,2024-11-01T00:00:00Z,144,FALSE
371,,,2024-11-01T00:00:00Z,356,FALSE
371,,,2024-11-01T00:00:00Z,357,FALSE
371,,,2024-11-01T00:00:00Z,358,FALSE
371,,,2024-11-01T00:00:00Z,355,FALSE
371,,,2024-11-01T00:00:00Z,364,FALSE
371,,,2024-11-01T00:00:00Z,365,FALSE
371,,,2024-11-01T00:00:00Z,366,FALSE
371,,,2024-12-01T00:00:00Z,138,FALSE
371,,,2024-12-01T00:00:00Z,368,FALSE
371,,,2024-12-01T00:00:00Z,140,FALSE
371,,,2024-12-01T00:00:00Z,369,FALSE
371,,,2024-12-01T00:00:00Z,139,FALSE
371,,,2024-12-01T00:00:00Z,125,FALSE
371,,,2024-12-01T00:00:00Z,136,FALSE
371,,,2024-12-01T00:00:00Z,141,FALSE
371,,,2024-12-01T00:00:00Z,45,FALSE
371,,,2024-12-01T00:00:00Z,143,FALSE
371,,,2024-12-01T00:00:00Z,137,FALSE
371,,,2024-12-01T00:00:00Z,142,FALSE
371,,,2024-12-01T00:00:00Z,370,FALSE
371,,,2024-12-01T00:00:00Z,372,FALSE
371,,,2024-12-01T00:00:00Z,330,FALSE
371,,,2024-12-01T00:00:00Z,373,FALSE
371,,,2024-12-01T00:00:00Z,211,FALSE
371,,,2024-12-01T00:00:00Z,226,FALSE
371,,,2024-12-01T00:00:00Z,233,FALSE
371,,,2024-12-01T00:00:00Z,378,FALSE
371,,,2024-12-01T00:00:00Z,377,FALSE
371,,,2024-12-01T00:00:00Z,310,FALSE
371,,,2024-12-01T00:00:00Z,379,FALSE
371,,,2024-12-01T00:00:00Z,382,FALSE
371,,,2024-12-01T00:00:00Z,381,FALSE
371,,,2024-12-01T00:00:00Z,383,FALSE
371,,,2024-12-01T00:00:00Z,385,FALSE
371,,,2024-12-01T00:00:00Z,352,FALSE
371,,,2024-12-01T00:00:00Z,353,FALSE
371,,,2024-12-01T00:00:00Z,354,FALSE
371,,,2024-12-01T00:00:00Z,144,FALSE
371,,,2024-12-01T00:00:00Z,356,FALSE
371,,,2024-12-01T00:00:00Z,357,FALSE
371,,,2024-12-01T00:00:00Z,358,FALSE
371,,,2024-12-01T00:00:00Z,355,FALSE
371,,,2024-12-01T00:00:00Z,364,FALSE
371,,,2024-12-01T00:00:00Z,365,FALSE
371,,,2024-12-01T00:00:00Z,366,FALSE
372,,,2024-01-01T00:00:00Z,138,FALSE
372,,,2024-01-01T00:00:00Z,368,FALSE
372,,,2024-01-01T00:00:00Z,140,FALSE
372,,,2024-01-01T00:00:00Z,369,FALSE
372,,,2024-01-01T00:00:00Z,139,FALSE
372,,,2024-01-01T00:00:00Z,125,FALSE
372,,,2024-01-01T00:00:00Z,136,FALSE
372,,,2024-01-01T00:00:00Z,141,FALSE
372,,,2024-01-01T00:00:00Z,45,FALSE
372,,,2024-01-01T00:00:00Z,143,FALSE
372,,,2024-01-01T00:00:00Z,137,FALSE
372,,,2024-01-01T00:00:00Z,142,FALSE
372,,,2024-01-01T00:00:00Z,370,FALSE
372,,,2024-01-01T00:00:00Z,371,FALSE
372,,,2024-01-01T00:00:00Z,330,FALSE
372,,,2024-01-01T00:00:00Z,373,FALSE
372,,,2024-01-01T00:00:00Z,211,FALSE
372,,,2024-01-01T00:00:00Z,226,FALSE
372,,,2024-01-01T00:00:00Z,233,FALSE
372,,,2024-01-01T00:00:00Z,378,FALSE
372,,,2024-01-01T00:00:00Z,377,FALSE
372,,,2024-01-01T00:00:00Z,310,FALSE
372,,,2024-01-01T00:00:00Z,379,FALSE
372,,,2024-01-01T00:00:00Z,382,FALSE
372,,,2024-01-01T00:00:00Z,381,FALSE
372,,,2024-01-01T00:00:00Z,383,FALSE
372,,,2024-01-01T00:00:00Z,385,FALSE
372,,,2024-01-01T00:00:00Z,352,FALSE
372,,,2024-01-01T00:00:00Z,353,FALSE
372,,,2024-01-01T00:00:00Z,354,FALSE
372,,,2024-01-01T00:00:00Z,144,FALSE
372,,,2024-01-01T00:00:00Z,356,FALSE
372,,,2024-01-01T00:00:00Z,357,FALSE
372,,,2024-01-01T00:00:00Z,358,FALSE
372,,,2024-01-01T00:00:00Z,355,FALSE
372,,,2024-01-01T00:00:00Z,364,FALSE
372,,,2024-01-01T00:00:00Z,365,FALSE
372,,,2024-01-01T00:00:00Z,366,FALSE
372,,,2024-02-01T00:00:00Z,138,FALSE
372,,,2024-02-01T00:00:00Z,368,FALSE
372,,,2024-02-01T00:00:00Z,140,FALSE
372,,,2024-02-01T00:00:00Z,369,FALSE
372,,,2024-02-01T00:00:00Z,139,FALSE
372,,,2024-02-01T00:00:00Z,125,FALSE
372,,,2024-02-01T00:00:00Z,136,FALSE
372,,,2024-02-01T00:00:00Z,141,FALSE
372,,,2024-02-01T00:00:00Z,45,FALSE
372,,,2024-02-01T00:00:00Z,143,FALSE
372,,,2024-02-01T00:00:00Z,137,FALSE
372,,,2024-02-01T00:00:00Z,142,FALSE
372,,,2024-02-01T00:00:00Z,370,FALSE
372,,,2024-02-01T00:00:00Z,371,FALSE
372,,,2024-02-01T00:00:00Z,330,FALSE
372,,,2024-02-01T00:00:00Z,373,FALSE
372,,,2024-02-01T00:00:00Z,211,FALSE
372,,,2024-02-01T00:00:00Z,226,FALSE
372,,,2024-02-01T00:00:00Z,233,FALSE
372,,,2024-02-01T00:00:00Z,378,FALSE
372,,,2024-02-01T00:00:00Z,377,FALSE
372,,,2024-02-01T00:00:00Z,310,FALSE
372,,,2024-02-01T00:00:00Z,379,FALSE
372,,,2024-02-01T00:00:00Z,382,FALSE
372,,,2024-02-01T00:00:00Z,381,FALSE
372,,,2024-02-01T00:00:00Z,383,FALSE
372,,,2024-02-01T00:00:00Z,385,FALSE
372,,,2024-02-01T00:00:00Z,352,FALSE
372,,,2024-02-01T00:00:00Z,353,FALSE
372,,,2024-02-01T00:00:00Z,354,FALSE
372,,,2024-02-01T00:00:00Z,144,FALSE
372,,,2024-02-01T00:00:00Z,356,FALSE
372,,,2024-02-01T00:00:00Z,357,FALSE
372,,,2024-02-01T00:00:00Z,358,FALSE
372,,,2024-02-01T00:00:00Z,355,FALSE
372,,,2024-02-01T00:00:00Z,364,FALSE
372,,,2024-02-01T00:00:00Z,365,FALSE
372,,,2024-02-01T00:00:00Z,366,FALSE
372,,,2024-03-01T00:00:00Z,138,FALSE
372,,,2024-03-01T00:00:00Z,368,FALSE
372,,,2024-03-01T00:00:00Z,140,FALSE
372,,,2024-03-01T00:00:00Z,369,FALSE
372,,,2024-03-01T00:00:00Z,139,FALSE
372,,,2024-03-01T00:00:00Z,125,FALSE
372,,,2024-03-01T00:00:00Z,136,FALSE
372,,,2024-03-01T00:00:00Z,141,FALSE
372,,,2024-03-01T00:00:00Z,45,FALSE
372,,,2024-03-01T00:00:00Z,143,FALSE
372,,,2024-03-01T00:00:00Z,137,FALSE
372,,,2024-03-01T00:00:00Z,142,FALSE
372,,,2024-03-01T00:00:00Z,370,FALSE
372,,,2024-03-01T00:00:00Z,371,FALSE
372,,,2024-03-01T00:00:00Z,330,FALSE
372,,,2024-03-01T00:00:00Z,373,FALSE
372,,,2024-03-01T00:00:00Z,211,FALSE
372,,,2024-03-01T00:00:00Z,226,FALSE
372,,,2024-03-01T00:00:00Z,233,FALSE
372,,,2024-03-01T00:00:00Z,378,FALSE
372,,,2024-03-01T00:00:00Z,377,FALSE
372,,,2024-03-01T00:00:00Z,310,FALSE
372,,,2024-03-01T00:00:00Z,379,FALSE
372,,,2024-03-01T00:00:00Z,382,FALSE
372,,,2024-03-01T00:00:00Z,381,FALSE
372,,,2024-03-01T00:00:00Z,383,FALSE
372,,,2024-03-01T00:00:00Z,385,FALSE
372,,,2024-03-01T00:00:00Z,352,FALSE
372,,,2024-03-01T00:00:00Z,353,FALSE
372,,,2024-03-01T00:00:00Z,354,FALSE
372,,,2024-03-01T00:00:00Z,144,FALSE
372,,,2024-03-01T00:00:00Z,356,FALSE
372,,,2024-03-01T00:00:00Z,357,FALSE
372,,,2024-03-01T00:00:00Z,358,FALSE
372,,,2024-03-01T00:00:00Z,355,FALSE
372,,,2024-03-01T00:00:00Z,364,FALSE
372,,,2024-03-01T00:00:00Z,365,FALSE
372,,,2024-03-01T00:00:00Z,366,FALSE
372,,,2024-04-01T00:00:00Z,138,FALSE
372,,,2024-04-01T00:00:00Z,368,FALSE
372,,,2024-04-01T00:00:00Z,140,FALSE
372,,,2024-04-01T00:00:00Z,369,FALSE
372,,,2024-04-01T00:00:00Z,139,FALSE
372,,,2024-04-01T00:00:00Z,125,FALSE
372,,,2024-04-01T00:00:00Z,136,FALSE
372,,,2024-04-01T00:00:00Z,141,FALSE
372,,,2024-04-01T00:00:00Z,45,FALSE
372,,,2024-04-01T00:00:00Z,143,FALSE
372,,,2024-04-01T00:00:00Z,137,FALSE
372,,,2024-04-01T00:00:00Z,142,FALSE
372,,,2024-04-01T00:00:00Z,370,FALSE
372,,,2024-04-01T00:00:00Z,371,FALSE
372,,,2024-04-01T00:00:00Z,330,FALSE
372,,,2024-04-01T00:00:00Z,373,FALSE
372,,,2024-04-01T00:00:00Z,211,FALSE
372,,,2024-04-01T00:00:00Z,226,FALSE
372,,,2024-04-01T00:00:00Z,233,FALSE
372,,,2024-04-01T00:00:00Z,378,FALSE
372,,,2024-04-01T00:00:00Z,377,FALSE
372,,,2024-04-01T00:00:00Z,310,FALSE
372,,,2024-04-01T00:00:00Z,379,FALSE
372,,,2024-04-01T00:00:00Z,382,FALSE
372,,,2024-04-01T00:00:00Z,381,FALSE
372,,,2024-04-01T00:00:00Z,383,FALSE
372,,,2024-04-01T00:00:00Z,385,FALSE
372,,,2024-04-01T00:00:00Z,352,FALSE
372,,,2024-04-01T00:00:00Z,353,FALSE
372,,,2024-04-01T00:00:00Z,354,FALSE
372,,,2024-04-01T00:00:00Z,144,FALSE
372,,,2024-04-01T00:00:00Z,356,FALSE
372,,,2024-04-01T00:00:00Z,357,FALSE
372,,,2024-04-01T00:00:00Z,358,FALSE
372,,,2024-04-01T00:00:00Z,355,FALSE
372,,,2024-04-01T00:00:00Z,364,FALSE
372,,,2024-04-01T00:00:00Z,365,FALSE
372,,,2024-04-01T00:00:00Z,366,FALSE
372,,,2024-05-01T00:00:00Z,138,FALSE
372,,,2024-05-01T00:00:00Z,368,FALSE
372,,,2024-05-01T00:00:00Z,140,FALSE
372,,,2024-05-01T00:00:00Z,369,FALSE
372,,,2024-05-01T00:00:00Z,139,FALSE
372,,,2024-05-01T00:00:00Z,125,FALSE
372,,,2024-05-01T00:00:00Z,136,FALSE
372,,,2024-05-01T00:00:00Z,141,FALSE
372,,,2024-05-01T00:00:00Z,45,FALSE
372,,,2024-05-01T00:00:00Z,143,FALSE
372,,,2024-05-01T00:00:00Z,137,FALSE
372,,,2024-05-01T00:00:00Z,142,FALSE
372,,,2024-05-01T00:00:00Z,370,FALSE
372,,,2024-05-01T00:00:00Z,371,FALSE
372,,,2024-05-01T00:00:00Z,330,FALSE
372,,,2024-05-01T00:00:00Z,373,FALSE
372,,,2024-05-01T00:00:00Z,211,FALSE
372,,,2024-05-01T00:00:00Z,226,FALSE
372,,,2024-05-01T00:00:00Z,233,FALSE
372,,,2024-05-01T00:00:00Z,378,FALSE
372,,,2024-05-01T00:00:00Z,377,FALSE
372,,,2024-05-01T00:00:00Z,310,FALSE
372,,,2024-05-01T00:00:00Z,379,FALSE
372,,,2024-05-01T00:00:00Z,382,FALSE
372,,,2024-05-01T00:00:00Z,381,FALSE
372,,,2024-05-01T00:00:00Z,383,FALSE
372,,,2024-05-01T00:00:00Z,385,FALSE
372,,,2024-05-01T00:00:00Z,352,FALSE
372,,,2024-05-01T00:00:00Z,353,FALSE
372,,,2024-05-01T00:00:00Z,354,FALSE
372,,,2024-05-01T00:00:00Z,144,FALSE
372,,,2024-05-01T00:00:00Z,356,FALSE
372,,,2024-05-01T00:00:00Z,357,FALSE
372,,,2024-05-01T00:00:00Z,358,FALSE
372,,,2024-05-01T00:00:00Z,355,FALSE
372,,,2024-05-01T00:00:00Z,364,FALSE
372,,,2024-05-01T00:00:00Z,365,FALSE
372,,,2024-05-01T00:00:00Z,366,FALSE
372,,,2024-06-01T00:00:00Z,138,FALSE
372,,,2024-06-01T00:00:00Z,368,FALSE
372,,,2024-06-01T00:00:00Z,140,FALSE
372,,,2024-06-01T00:00:00Z,369,FALSE
372,,,2024-06-01T00:00:00Z,139,FALSE
372,,,2024-06-01T00:00:00Z,125,FALSE
372,,,2024-06-01T00:00:00Z,136,FALSE
372,,,2024-06-01T00:00:00Z,141,FALSE
372,,,2024-06-01T00:00:00Z,45,FALSE
372,,,2024-06-01T00:00:00Z,143,FALSE
372,,,2024-06-01T00:00:00Z,137,FALSE
372,,,2024-06-01T00:00:00Z,142,FALSE
372,,,2024-06-01T00:00:00Z,370,FALSE
372,,,2024-06-01T00:00:00Z,371,FALSE
372,,,2024-06-01T00:00:00Z,330,FALSE
372,,,2024-06-01T00:00:00Z,373,FALSE
372,,,2024-06-01T00:00:00Z,211,FALSE
372,,,2024-06-01T00:00:00Z,226,FALSE
372,,,2024-06-01T00:00:00Z,233,FALSE
372,,,2024-06-01T00:00:00Z,378,FALSE
372,,,2024-06-01T00:00:00Z,377,FALSE
372,,,2024-06-01T00:00:00Z,310,FALSE
372,,,2024-06-01T00:00:00Z,379,FALSE
372,,,2024-06-01T00:00:00Z,382,FALSE
372,,,2024-06-01T00:00:00Z,381,FALSE
372,,,2024-06-01T00:00:00Z,383,FALSE
372,,,2024-06-01T00:00:00Z,385,FALSE
372,,,2024-06-01T00:00:00Z,352,FALSE
372,,,2024-06-01T00:00:00Z,353,FALSE
372,,,2024-06-01T00:00:00Z,354,FALSE
372,,,2024-06-01T00:00:00Z,144,FALSE
372,,,2024-06-01T00:00:00Z,356,FALSE
372,,,2024-06-01T00:00:00Z,357,FALSE
372,,,2024-06-01T00:00:00Z,358,FALSE
372,,,2024-06-01T00:00:00Z,355,FALSE
372,,,2024-06-01T00:00:00Z,364,FALSE
372,,,2024-06-01T00:00:00Z,365,FALSE
372,,,2024-06-01T00:00:00Z,366,FALSE
372,,,2024-07-01T00:00:00Z,138,FALSE
372,,,2024-07-01T00:00:00Z,368,FALSE
372,,,2024-07-01T00:00:00Z,140,FALSE
372,,,2024-07-01T00:00:00Z,369,FALSE
372,,,2024-07-01T00:00:00Z,139,FALSE
372,,,2024-07-01T00:00:00Z,125,FALSE
372,,,2024-07-01T00:00:00Z,136,FALSE
372,,,2024-07-01T00:00:00Z,141,FALSE
372,,,2024-07-01T00:00:00Z,45,FALSE
372,,,2024-07-01T00:00:00Z,143,FALSE
372,,,2024-07-01T00:00:00Z,137,FALSE
372,,,2024-07-01T00:00:00Z,142,FALSE
372,,,2024-07-01T00:00:00Z,370,FALSE
372,,,2024-07-01T00:00:00Z,371,FALSE
372,,,2024-07-01T00:00:00Z,330,FALSE
372,,,2024-07-01T00:00:00Z,373,FALSE
372,,,2024-07-01T00:00:00Z,211,FALSE
372,,,2024-07-01T00:00:00Z,226,FALSE
372,,,2024-07-01T00:00:00Z,233,FALSE
372,,,2024-07-01T00:00:00Z,378,FALSE
372,,,2024-07-01T00:00:00Z,377,FALSE
372,,,2024-07-01T00:00:00Z,310,FALSE
372,,,2024-07-01T00:00:00Z,379,FALSE
372,,,2024-07-01T00:00:00Z,382,FALSE
372,,,2024-07-01T00:00:00Z,381,FALSE
372,,,2024-07-01T00:00:00Z,383,FALSE
372,,,2024-07-01T00:00:00Z,385,FALSE
372,,,2024-07-01T00:00:00Z,352,FALSE
372,,,2024-07-01T00:00:00Z,353,FALSE
372,,,2024-07-01T00:00:00Z,354,FALSE
372,,,2024-07-01T00:00:00Z,144,FALSE
372,,,2024-07-01T00:00:00Z,356,FALSE
372,,,2024-07-01T00:00:00Z,357,FALSE
372,,,2024-07-01T00:00:00Z,358,FALSE
372,,,2024-07-01T00:00:00Z,355,FALSE
372,,,2024-07-01T00:00:00Z,364,FALSE
372,,,2024-07-01T00:00:00Z,365,FALSE
372,,,2024-07-01T00:00:00Z,366,FALSE
372,,,2024-08-01T00:00:00Z,138,FALSE
372,,,2024-08-01T00:00:00Z,368,FALSE
372,,,2024-08-01T00:00:00Z,140,FALSE
372,,,2024-08-01T00:00:00Z,369,FALSE
372,,,2024-08-01T00:00:00Z,139,FALSE
372,,,2024-08-01T00:00:00Z,125,FALSE
372,,,2024-08-01T00:00:00Z,136,FALSE
372,,,2024-08-01T00:00:00Z,141,FALSE
372,,,2024-08-01T00:00:00Z,45,FALSE
372,,,2024-08-01T00:00:00Z,143,FALSE
372,,,2024-08-01T00:00:00Z,137,FALSE
372,,,2024-08-01T00:00:00Z,142,FALSE
372,,,2024-08-01T00:00:00Z,370,FALSE
372,,,2024-08-01T00:00:00Z,371,FALSE
372,,,2024-08-01T00:00:00Z,330,FALSE
372,,,2024-08-01T00:00:00Z,373,FALSE
372,,,2024-08-01T00:00:00Z,211,FALSE
372,,,2024-08-01T00:00:00Z,226,FALSE
372,,,2024-08-01T00:00:00Z,233,FALSE
372,,,2024-08-01T00:00:00Z,378,FALSE
372,,,2024-08-01T00:00:00Z,377,FALSE
372,,,2024-08-01T00:00:00Z,310,FALSE
372,,,2024-08-01T00:00:00Z,379,FALSE
372,,,2024-08-01T00:00:00Z,382,FALSE
372,,,2024-08-01T00:00:00Z,381,FALSE
372,,,2024-08-01T00:00:00Z,383,FALSE
372,,,2024-08-01T00:00:00Z,385,FALSE
372,,,2024-08-01T00:00:00Z,352,FALSE
372,,,2024-08-01T00:00:00Z,353,FALSE
372,,,2024-08-01T00:00:00Z,354,FALSE
372,,,2024-08-01T00:00:00Z,144,FALSE
372,,,2024-08-01T00:00:00Z,356,FALSE
372,,,2024-08-01T00:00:00Z,357,FALSE
372,,,2024-08-01T00:00:00Z,358,FALSE
372,,,2024-08-01T00:00:00Z,355,FALSE
372,,,2024-08-01T00:00:00Z,364,FALSE
372,,,2024-08-01T00:00:00Z,365,FALSE
372,,,2024-08-01T00:00:00Z,366,FALSE
372,,,2024-09-01T00:00:00Z,138,FALSE
372,,,2024-09-01T00:00:00Z,368,FALSE
372,,,2024-09-01T00:00:00Z,140,FALSE
372,,,2024-09-01T00:00:00Z,369,FALSE
372,,,2024-09-01T00:00:00Z,139,FALSE
372,,,2024-09-01T00:00:00Z,125,FALSE
372,,,2024-09-01T00:00:00Z,136,FALSE
372,,,2024-09-01T00:00:00Z,141,FALSE
372,,,2024-09-01T00:00:00Z,45,FALSE
372,,,2024-09-01T00:00:00Z,143,FALSE
372,,,2024-09-01T00:00:00Z,137,FALSE
372,,,2024-09-01T00:00:00Z,142,FALSE
372,,,2024-09-01T00:00:00Z,370,FALSE
372,,,2024-09-01T00:00:00Z,371,FALSE
372,,,2024-09-01T00:00:00Z,330,FALSE
372,,,2024-09-01T00:00:00Z,373,FALSE
372,,,2024-09-01T00:00:00Z,211,FALSE
372,,,2024-09-01T00:00:00Z,226,FALSE
372,,,2024-09-01T00:00:00Z,233,FALSE
372,,,2024-09-01T00:00:00Z,378,FALSE
372,,,2024-09-01T00:00:00Z,377,FALSE
372,,,2024-09-01T00:00:00Z,310,FALSE
372,,,2024-09-01T00:00:00Z,379,FALSE
372,,,2024-09-01T00:00:00Z,382,FALSE
372,,,2024-09-01T00:00:00Z,381,FALSE
372,,,2024-09-01T00:00:00Z,383,FALSE
372,,,2024-09-01T00:00:00Z,385,FALSE
372,,,2024-09-01T00:00:00Z,352,FALSE
372,,,2024-09-01T00:00:00Z,353,FALSE
372,,,2024-09-01T00:00:00Z,354,FALSE
372,,,2024-09-01T00:00:00Z,144,FALSE
372,,,2024-09-01T00:00:00Z,356,FALSE
372,,,2024-09-01T00:00:00Z,357,FALSE
372,,,2024-09-01T00:00:00Z,358,FALSE
372,,,2024-09-01T00:00:00Z,355,FALSE
372,,,2024-09-01T00:00:00Z,364,FALSE
372,,,2024-09-01T00:00:00Z,365,FALSE
372,,,2024-09-01T00:00:00Z,366,FALSE
372,,,2024-10-01T00:00:00Z,138,FALSE
372,,,2024-10-01T00:00:00Z,368,FALSE
372,,,2024-10-01T00:00:00Z,140,FALSE
372,,,2024-10-01T00:00:00Z,369,FALSE
372,,,2024-10-01T00:00:00Z,139,FALSE
372,,,2024-10-01T00:00:00Z,125,FALSE
372,,,2024-10-01T00:00:00Z,136,FALSE
372,,,2024-10-01T00:00:00Z,141,FALSE
372,,,2024-10-01T00:00:00Z,45,FALSE
372,,,2024-10-01T00:00:00Z,143,FALSE
372,,,2024-10-01T00:00:00Z,137,FALSE
372,,,2024-10-01T00:00:00Z,142,FALSE
372,,,2024-10-01T00:00:00Z,370,FALSE
372,,,2024-10-01T00:00:00Z,371,FALSE
372,,,2024-10-01T00:00:00Z,330,FALSE
372,,,2024-10-01T00:00:00Z,373,FALSE
372,,,2024-10-01T00:00:00Z,211,FALSE
372,,,2024-10-01T00:00:00Z,226,FALSE
372,,,2024-10-01T00:00:00Z,233,FALSE
372,,,2024-10-01T00:00:00Z,378,FALSE
372,,,2024-10-01T00:00:00Z,377,FALSE
372,,,2024-10-01T00:00:00Z,310,FALSE
372,,,2024-10-01T00:00:00Z,379,FALSE
372,,,2024-10-01T00:00:00Z,382,FALSE
372,,,2024-10-01T00:00:00Z,381,FALSE
372,,,2024-10-01T00:00:00Z,383,FALSE
372,,,2024-10-01T00:00:00Z,385,FALSE
372,,,2024-10-01T00:00:00Z,352,FALSE
372,,,2024-10-01T00:00:00Z,353,FALSE
372,,,2024-10-01T00:00:00Z,354,FALSE
372,,,2024-10-01T00:00:00Z,144,FALSE
372,,,2024-10-01T00:00:00Z,356,FALSE
372,,,2024-10-01T00:00:00Z,357,FALSE
372,,,2024-10-01T00:00:00Z,358,FALSE
372,,,2024-10-01T00:00:00Z,355,FALSE
372,,,2024-10-01T00:00:00Z,364,FALSE
372,,,2024-10-01T00:00:00Z,365,FALSE
372,,,2024-10-01T00:00:00Z,366,FALSE
372,,,2024-11-01T00:00:00Z,138,FALSE
372,,,2024-11-01T00:00:00Z,368,FALSE
372,,,2024-11-01T00:00:00Z,140,FALSE
372,,,2024-11-01T00:00:00Z,369,FALSE
372,,,2024-11-01T00:00:00Z,139,FALSE
372,,,2024-11-01T00:00:00Z,125,FALSE
372,,,2024-11-01T00:00:00Z,136,FALSE
372,,,2024-11-01T00:00:00Z,141,FALSE
372,,,2024-11-01T00:00:00Z,45,FALSE
372,,,2024-11-01T00:00:00Z,143,FALSE
372,,,2024-11-01T00:00:00Z,137,FALSE
372,,,2024-11-01T00:00:00Z,142,FALSE
372,,,2024-11-01T00:00:00Z,370,FALSE
372,,,2024-11-01T00:00:00Z,371,FALSE
372,,,2024-11-01T00:00:00Z,330,FALSE
372,,,2024-11-01T00:00:00Z,373,FALSE
372,,,2024-11-01T00:00:00Z,211,FALSE
372,,,2024-11-01T00:00:00Z,226,FALSE
372,,,2024-11-01T00:00:00Z,233,FALSE
372,,,2024-11-01T00:00:00Z,378,FALSE
372,,,2024-11-01T00:00:00Z,377,FALSE
372,,,2024-11-01T00:00:00Z,310,FALSE
372,,,2024-11-01T00:00:00Z,379,FALSE
372,,,2024-11-01T00:00:00Z,382,FALSE
372,,,2024-11-01T00:00:00Z,381,FALSE
372,,,2024-11-01T00:00:00Z,383,FALSE
372,,,2024-11-01T00:00:00Z,385,FALSE
372,,,2024-11-01T00:00:00Z,352,FALSE
372,,,2024-11-01T00:00:00Z,353,FALSE
372,,,2024-11-01T00:00:00Z,354,FALSE
372,,,2024-11-01T00:00:00Z,144,FALSE
372,,,2024-11-01T00:00:00Z,356,FALSE
372,,,2024-11-01T00:00:00Z,357,FALSE
372,,,2024-11-01T00:00:00Z,358,FALSE
372,,,2024-11-01T00:00:00Z,355,FALSE
372,,,2024-11-01T00:00:00Z,364,FALSE
372,,,2024-11-01T00:00:00Z,365,FALSE
372,,,2024-11-01T00:00:00Z,366,FALSE
372,,,2024-12-01T00:00:00Z,138,FALSE
372,,,2024-12-01T00:00:00Z,368,FALSE
372,,,2024-12-01T00:00:00Z,140,FALSE
372,,,2024-12-01T00:00:00Z,369,FALSE
372,,,2024-12-01T00:00:00Z,139,FALSE
372,,,2024-12-01T00:00:00Z,125,FALSE
372,,,2024-12-01T00:00:00Z,136,FALSE
372,,,2024-12-01T00:00:00Z,141,FALSE
372,,,2024-12-01T00:00:00Z,45,FALSE
372,,,2024-12-01T00:00:00Z,143,FALSE
372,,,2024-12-01T00:00:00Z,137,FALSE
372,,,2024-12-01T00:00:00Z,142,FALSE
372,,,2024-12-01T00:00:00Z,370,FALSE
372,,,2024-12-01T00:00:00Z,371,FALSE
372,,,2024-12-01T00:00:00Z,330,FALSE
372,,,2024-12-01T00:00:00Z,373,FALSE
372,,,2024-12-01T00:00:00Z,211,FALSE
372,,,2024-12-01T00:00:00Z,226,FALSE
372,,,2024-12-01T00:00:00Z,233,FALSE
372,,,2024-12-01T00:00:00Z,378,FALSE
372,,,2024-12-01T00:00:00Z,377,FALSE
372,,,2024-12-01T00:00:00Z,310,FALSE
372,,,2024-12-01T00:00:00Z,379,FALSE
372,,,2024-12-01T00:00:00Z,382,FALSE
372,,,2024-12-01T00:00:00Z,381,FALSE
372,,,2024-12-01T00:00:00Z,383,FALSE
372,,,2024-12-01T00:00:00Z,385,FALSE
372,,,2024-12-01T00:00:00Z,352,FALSE
372,,,2024-12-01T00:00:00Z,353,FALSE
372,,,2024-12-01T00:00:00Z,354,FALSE
372,,,2024-12-01T00:00:00Z,144,FALSE
372,,,2024-12-01T00:00:00Z,356,FALSE
372,,,2024-12-01T00:00:00Z,357,FALSE
372,,,2024-12-01T00:00:00Z,358,FALSE
372,,,2024-12-01T00:00:00Z,355,FALSE
372,,,2024-12-01T00:00:00Z,364,FALSE
372,,,2024-12-01T00:00:00Z,365,FALSE
372,,,2024-12-01T00:00:00Z,366,FALSE
373,,,2024-01-01T00:00:00Z,138,FALSE
373,,,2024-01-01T00:00:00Z,368,FALSE
373,,,2024-01-01T00:00:00Z,140,FALSE
373,,,2024-01-01T00:00:00Z,369,FALSE
373,,,2024-01-01T00:00:00Z,139,FALSE
373,,,2024-01-01T00:00:00Z,125,FALSE
373,,,2024-01-01T00:00:00Z,136,FALSE
373,,,2024-01-01T00:00:00Z,141,FALSE
373,,,2024-01-01T00:00:00Z,45,FALSE
373,,,2024-01-01T00:00:00Z,143,FALSE
373,,,2024-01-01T00:00:00Z,137,FALSE
373,,,2024-01-01T00:00:00Z,142,FALSE
373,,,2024-01-01T00:00:00Z,370,FALSE
373,,,2024-01-01T00:00:00Z,371,FALSE
373,,,2024-01-01T00:00:00Z,372,FALSE
373,,,2024-01-01T00:00:00Z,330,FALSE
373,,,2024-01-01T00:00:00Z,211,FALSE
373,,,2024-01-01T00:00:00Z,226,FALSE
373,,,2024-01-01T00:00:00Z,233,FALSE
373,,,2024-01-01T00:00:00Z,378,FALSE
373,,,2024-01-01T00:00:00Z,377,FALSE
373,,,2024-01-01T00:00:00Z,310,FALSE
373,,,2024-01-01T00:00:00Z,379,FALSE
373,,,2024-01-01T00:00:00Z,382,FALSE
373,,,2024-01-01T00:00:00Z,381,FALSE
373,,,2024-01-01T00:00:00Z,383,FALSE
373,,,2024-01-01T00:00:00Z,385,FALSE
373,,,2024-01-01T00:00:00Z,352,FALSE
373,,,2024-01-01T00:00:00Z,353,FALSE
373,,,2024-01-01T00:00:00Z,354,FALSE
373,,,2024-01-01T00:00:00Z,144,FALSE
373,,,2024-01-01T00:00:00Z,356,FALSE
373,,,2024-01-01T00:00:00Z,357,FALSE
373,,,2024-01-01T00:00:00Z,358,FALSE
373,,,2024-01-01T00:00:00Z,355,FALSE
373,,,2024-01-01T00:00:00Z,364,FALSE
373,,,2024-01-01T00:00:00Z,365,FALSE
373,,,2024-01-01T00:00:00Z,366,FALSE
373,,,2024-02-01T00:00:00Z,138,FALSE
373,,,2024-02-01T00:00:00Z,368,FALSE
373,,,2024-02-01T00:00:00Z,140,FALSE
373,,,2024-02-01T00:00:00Z,369,FALSE
373,,,2024-02-01T00:00:00Z,139,FALSE
373,,,2024-02-01T00:00:00Z,125,FALSE
373,,,2024-02-01T00:00:00Z,136,FALSE
373,,,2024-02-01T00:00:00Z,141,FALSE
373,,,2024-02-01T00:00:00Z,45,FALSE
373,,,2024-02-01T00:00:00Z,143,FALSE
373,,,2024-02-01T00:00:00Z,137,FALSE
373,,,2024-02-01T00:00:00Z,142,FALSE
373,,,2024-02-01T00:00:00Z,370,FALSE
373,,,2024-02-01T00:00:00Z,371,FALSE
373,,,2024-02-01T00:00:00Z,372,FALSE
373,,,2024-02-01T00:00:00Z,330,FALSE
373,,,2024-02-01T00:00:00Z,211,FALSE
373,,,2024-02-01T00:00:00Z,226,FALSE
373,,,2024-02-01T00:00:00Z,233,FALSE
373,,,2024-02-01T00:00:00Z,378,FALSE
373,,,2024-02-01T00:00:00Z,377,FALSE
373,,,2024-02-01T00:00:00Z,310,FALSE
373,,,2024-02-01T00:00:00Z,379,FALSE
373,,,2024-02-01T00:00:00Z,382,FALSE
373,,,2024-02-01T00:00:00Z,381,FALSE
373,,,2024-02-01T00:00:00Z,383,FALSE
373,,,2024-02-01T00:00:00Z,385,FALSE
373,,,2024-02-01T00:00:00Z,352,FALSE
373,,,2024-02-01T00:00:00Z,353,FALSE
373,,,2024-02-01T00:00:00Z,354,FALSE
373,,,2024-02-01T00:00:00Z,144,FALSE
373,,,2024-02-01T00:00:00Z,356,FALSE
373,,,2024-02-01T00:00:00Z,357,FALSE
373,,,2024-02-01T00:00:00Z,358,FALSE
373,,,2024-02-01T00:00:00Z,355,FALSE
373,,,2024-02-01T00:00:00Z,364,FALSE
373,,,2024-02-01T00:00:00Z,365,FALSE
373,,,2024-02-01T00:00:00Z,366,FALSE
373,,,2024-03-01T00:00:00Z,138,FALSE
373,,,2024-03-01T00:00:00Z,368,FALSE
373,,,2024-03-01T00:00:00Z,140,FALSE
373,,,2024-03-01T00:00:00Z,369,FALSE
373,,,2024-03-01T00:00:00Z,139,FALSE
373,,,2024-03-01T00:00:00Z,125,FALSE
373,,,2024-03-01T00:00:00Z,136,FALSE
373,,,2024-03-01T00:00:00Z,141,FALSE
373,,,2024-03-01T00:00:00Z,45,FALSE
373,,,2024-03-01T00:00:00Z,143,FALSE
373,,,2024-03-01T00:00:00Z,137,FALSE
373,,,2024-03-01T00:00:00Z,142,FALSE
373,,,2024-03-01T00:00:00Z,370,FALSE
373,,,2024-03-01T00:00:00Z,371,FALSE
373,,,2024-03-01T00:00:00Z,372,FALSE
373,,,2024-03-01T00:00:00Z,330,FALSE
373,,,2024-03-01T00:00:00Z,211,FALSE
373,,,2024-03-01T00:00:00Z,226,FALSE
373,,,2024-03-01T00:00:00Z,233,FALSE
373,,,2024-03-01T00:00:00Z,378,FALSE
373,,,2024-03-01T00:00:00Z,377,FALSE
373,,,2024-03-01T00:00:00Z,310,FALSE
373,,,2024-03-01T00:00:00Z,379,FALSE
373,,,2024-03-01T00:00:00Z,382,FALSE
373,,,2024-03-01T00:00:00Z,381,FALSE
373,,,2024-03-01T00:00:00Z,383,FALSE
373,,,2024-03-01T00:00:00Z,385,FALSE
373,,,2024-03-01T00:00:00Z,352,FALSE
373,,,2024-03-01T00:00:00Z,353,FALSE
373,,,2024-03-01T00:00:00Z,354,FALSE
373,,,2024-03-01T00:00:00Z,144,FALSE
373,,,2024-03-01T00:00:00Z,356,FALSE
373,,,2024-03-01T00:00:00Z,357,FALSE
373,,,2024-03-01T00:00:00Z,358,FALSE
373,,,2024-03-01T00:00:00Z,355,FALSE
373,,,2024-03-01T00:00:00Z,364,FALSE
373,,,2024-03-01T00:00:00Z,365,FALSE
373,,,2024-03-01T00:00:00Z,366,FALSE
373,,,2024-04-01T00:00:00Z,138,FALSE
373,,,2024-04-01T00:00:00Z,368,FALSE
373,,,2024-04-01T00:00:00Z,140,FALSE
373,,,2024-04-01T00:00:00Z,369,FALSE
373,,,2024-04-01T00:00:00Z,139,FALSE
373,,,2024-04-01T00:00:00Z,125,FALSE
373,,,2024-04-01T00:00:00Z,136,FALSE
373,,,2024-04-01T00:00:00Z,141,FALSE
373,,,2024-04-01T00:00:00Z,45,FALSE
373,,,2024-04-01T00:00:00Z,143,FALSE
373,,,2024-04-01T00:00:00Z,137,FALSE
373,,,2024-04-01T00:00:00Z,142,FALSE
373,,,2024-04-01T00:00:00Z,370,FALSE
373,,,2024-04-01T00:00:00Z,371,FALSE
373,,,2024-04-01T00:00:00Z,372,FALSE
373,,,2024-04-01T00:00:00Z,330,FALSE
373,,,2024-04-01T00:00:00Z,211,FALSE
373,,,2024-04-01T00:00:00Z,226,FALSE
373,,,2024-04-01T00:00:00Z,233,FALSE
373,,,2024-04-01T00:00:00Z,378,FALSE
373,,,2024-04-01T00:00:00Z,377,FALSE
373,,,2024-04-01T00:00:00Z,310,FALSE
373,,,2024-04-01T00:00:00Z,379,FALSE
373,,,2024-04-01T00:00:00Z,382,FALSE
373,,,2024-04-01T00:00:00Z,381,FALSE
373,,,2024-04-01T00:00:00Z,383,FALSE
373,,,2024-04-01T00:00:00Z,385,FALSE
373,,,2024-04-01T00:00:00Z,352,FALSE
373,,,2024-04-01T00:00:00Z,353,FALSE
373,,,2024-04-01T00:00:00Z,354,FALSE
373,,,2024-04-01T00:00:00Z,144,FALSE
373,,,2024-04-01T00:00:00Z,356,FALSE
373,,,2024-04-01T00:00:00Z,357,FALSE
373,,,2024-04-01T00:00:00Z,358,FALSE
373,,,2024-04-01T00:00:00Z,355,FALSE
373,,,2024-04-01T00:00:00Z,364,FALSE
373,,,2024-04-01T00:00:00Z,365,FALSE
373,,,2024-04-01T00:00:00Z,366,FALSE
373,,,2024-05-01T00:00:00Z,138,FALSE
373,,,2024-05-01T00:00:00Z,368,FALSE
373,,,2024-05-01T00:00:00Z,140,FALSE
373,,,2024-05-01T00:00:00Z,369,FALSE
373,,,2024-05-01T00:00:00Z,139,FALSE
373,,,2024-05-01T00:00:00Z,125,FALSE
373,,,2024-05-01T00:00:00Z,136,FALSE
373,,,2024-05-01T00:00:00Z,141,FALSE
373,,,2024-05-01T00:00:00Z,45,FALSE
373,,,2024-05-01T00:00:00Z,143,FALSE
373,,,2024-05-01T00:00:00Z,137,FALSE
373,,,2024-05-01T00:00:00Z,142,FALSE
373,,,2024-05-01T00:00:00Z,370,FALSE
373,,,2024-05-01T00:00:00Z,371,FALSE
373,,,2024-05-01T00:00:00Z,372,FALSE
373,,,2024-05-01T00:00:00Z,330,FALSE
373,,,2024-05-01T00:00:00Z,211,FALSE
373,,,2024-05-01T00:00:00Z,226,FALSE
373,,,2024-05-01T00:00:00Z,233,FALSE
373,,,2024-05-01T00:00:00Z,378,FALSE
373,,,2024-05-01T00:00:00Z,377,FALSE
373,,,2024-05-01T00:00:00Z,310,FALSE
373,,,2024-05-01T00:00:00Z,379,FALSE
373,,,2024-05-01T00:00:00Z,382,FALSE
373,,,2024-05-01T00:00:00Z,381,FALSE
373,,,2024-05-01T00:00:00Z,383,FALSE
373,,,2024-05-01T00:00:00Z,385,FALSE
373,,,2024-05-01T00:00:00Z,352,FALSE
373,,,2024-05-01T00:00:00Z,353,FALSE
373,,,2024-05-01T00:00:00Z,354,FALSE
373,,,2024-05-01T00:00:00Z,144,FALSE
373,,,2024-05-01T00:00:00Z,356,FALSE
373,,,2024-05-01T00:00:00Z,357,FALSE
373,,,2024-05-01T00:00:00Z,358,FALSE
373,,,2024-05-01T00:00:00Z,355,FALSE
373,,,2024-05-01T00:00:00Z,364,FALSE
373,,,2024-05-01T00:00:00Z,365,FALSE
373,,,2024-05-01T00:00:00Z,366,FALSE
373,,,2024-06-01T00:00:00Z,138,FALSE
373,,,2024-06-01T00:00:00Z,368,FALSE
373,,,2024-06-01T00:00:00Z,140,FALSE
373,,,2024-06-01T00:00:00Z,369,FALSE
373,,,2024-06-01T00:00:00Z,139,FALSE
373,,,2024-06-01T00:00:00Z,125,FALSE
373,,,2024-06-01T00:00:00Z,136,FALSE
373,,,2024-06-01T00:00:00Z,141,FALSE
373,,,2024-06-01T00:00:00Z,45,FALSE
373,,,2024-06-01T00:00:00Z,143,FALSE
373,,,2024-06-01T00:00:00Z,137,FALSE
373,,,2024-06-01T00:00:00Z,142,FALSE
373,,,2024-06-01T00:00:00Z,370,FALSE
373,,,2024-06-01T00:00:00Z,371,FALSE
373,,,2024-06-01T00:00:00Z,372,FALSE
373,,,2024-06-01T00:00:00Z,330,FALSE
373,,,2024-06-01T00:00:00Z,211,FALSE
373,,,2024-06-01T00:00:00Z,226,FALSE
373,,,2024-06-01T00:00:00Z,233,FALSE
373,,,2024-06-01T00:00:00Z,378,FALSE
373,,,2024-06-01T00:00:00Z,377,FALSE
373,,,2024-06-01T00:00:00Z,310,FALSE
373,,,2024-06-01T00:00:00Z,379,FALSE
373,,,2024-06-01T00:00:00Z,382,FALSE
373,,,2024-06-01T00:00:00Z,381,FALSE
373,,,2024-06-01T00:00:00Z,383,FALSE
373,,,2024-06-01T00:00:00Z,385,FALSE
373,,,2024-06-01T00:00:00Z,352,FALSE
373,,,2024-06-01T00:00:00Z,353,FALSE
373,,,2024-06-01T00:00:00Z,354,FALSE
373,,,2024-06-01T00:00:00Z,144,FALSE
373,,,2024-06-01T00:00:00Z,356,FALSE
373,,,2024-06-01T00:00:00Z,357,FALSE
373,,,2024-06-01T00:00:00Z,358,FALSE
373,,,2024-06-01T00:00:00Z,355,FALSE
373,,,2024-06-01T00:00:00Z,364,FALSE
373,,,2024-06-01T00:00:00Z,365,FALSE
373,,,2024-06-01T00:00:00Z,366,FALSE
373,,,2024-07-01T00:00:00Z,138,FALSE
373,,,2024-07-01T00:00:00Z,368,FALSE
373,,,2024-07-01T00:00:00Z,140,FALSE
373,,,2024-07-01T00:00:00Z,369,FALSE
373,,,2024-07-01T00:00:00Z,139,FALSE
373,,,2024-07-01T00:00:00Z,125,FALSE
373,,,2024-07-01T00:00:00Z,136,FALSE
373,,,2024-07-01T00:00:00Z,141,FALSE
373,,,2024-07-01T00:00:00Z,45,FALSE
373,,,2024-07-01T00:00:00Z,143,FALSE
373,,,2024-07-01T00:00:00Z,137,FALSE
373,,,2024-07-01T00:00:00Z,142,FALSE
373,,,2024-07-01T00:00:00Z,370,FALSE
373,,,2024-07-01T00:00:00Z,371,FALSE
373,,,2024-07-01T00:00:00Z,372,FALSE
373,,,2024-07-01T00:00:00Z,330,FALSE
373,,,2024-07-01T00:00:00Z,211,FALSE
373,,,2024-07-01T00:00:00Z,226,FALSE
373,,,2024-07-01T00:00:00Z,233,FALSE
373,,,2024-07-01T00:00:00Z,378,FALSE
373,,,2024-07-01T00:00:00Z,377,FALSE
373,,,2024-07-01T00:00:00Z,310,FALSE
373,,,2024-07-01T00:00:00Z,379,FALSE
373,,,2024-07-01T00:00:00Z,382,FALSE
373,,,2024-07-01T00:00:00Z,381,FALSE
373,,,2024-07-01T00:00:00Z,383,FALSE
373,,,2024-07-01T00:00:00Z,385,FALSE
373,,,2024-07-01T00:00:00Z,352,FALSE
373,,,2024-07-01T00:00:00Z,353,FALSE
373,,,2024-07-01T00:00:00Z,354,FALSE
373,,,2024-07-01T00:00:00Z,144,FALSE
373,,,2024-07-01T00:00:00Z,356,FALSE
373,,,2024-07-01T00:00:00Z,357,FALSE
373,,,2024-07-01T00:00:00Z,358,FALSE
373,,,2024-07-01T00:00:00Z,355,FALSE
373,,,2024-07-01T00:00:00Z,364,FALSE
373,,,2024-07-01T00:00:00Z,365,FALSE
373,,,2024-07-01T00:00:00Z,366,FALSE
373,,,2024-08-01T00:00:00Z,138,FALSE
373,,,2024-08-01T00:00:00Z,368,FALSE
373,,,2024-08-01T00:00:00Z,140,FALSE
373,,,2024-08-01T00:00:00Z,369,FALSE
373,,,2024-08-01T00:00:00Z,139,FALSE
373,,,2024-08-01T00:00:00Z,125,FALSE
373,,,2024-08-01T00:00:00Z,136,FALSE
373,,,2024-08-01T00:00:00Z,141,FALSE
373,,,2024-08-01T00:00:00Z,45,FALSE
373,,,2024-08-01T00:00:00Z,143,FALSE
373,,,2024-08-01T00:00:00Z,137,FALSE
373,,,2024-08-01T00:00:00Z,142,FALSE
373,,,2024-08-01T00:00:00Z,370,FALSE
373,,,2024-08-01T00:00:00Z,371,FALSE
373,,,2024-08-01T00:00:00Z,372,FALSE
373,,,2024-08-01T00:00:00Z,330,FALSE
373,,,2024-08-01T00:00:00Z,211,FALSE
373,,,2024-08-01T00:00:00Z,226,FALSE
373,,,2024-08-01T00:00:00Z,233,FALSE
373,,,2024-08-01T00:00:00Z,378,FALSE
373,,,2024-08-01T00:00:00Z,377,FALSE
373,,,2024-08-01T00:00:00Z,310,FALSE
373,,,2024-08-01T00:00:00Z,379,FALSE
373,,,2024-08-01T00:00:00Z,382,FALSE
373,,,2024-08-01T00:00:00Z,381,FALSE
373,,,2024-08-01T00:00:00Z,383,FALSE
373,,,2024-08-01T00:00:00Z,385,FALSE
373,,,2024-08-01T00:00:00Z,352,FALSE
373,,,2024-08-01T00:00:00Z,353,FALSE
373,,,2024-08-01T00:00:00Z,354,FALSE
373,,,2024-08-01T00:00:00Z,144,FALSE
373,,,2024-08-01T00:00:00Z,356,FALSE
373,,,2024-08-01T00:00:00Z,357,FALSE
373,,,2024-08-01T00:00:00Z,358,FALSE
373,,,2024-08-01T00:00:00Z,355,FALSE
373,,,2024-08-01T00:00:00Z,364,FALSE
373,,,2024-08-01T00:00:00Z,365,FALSE
373,,,2024-08-01T00:00:00Z,366,FALSE
373,,,2024-09-01T00:00:00Z,138,FALSE
373,,,2024-09-01T00:00:00Z,368,FALSE
373,,,2024-09-01T00:00:00Z,140,FALSE
373,,,2024-09-01T00:00:00Z,369,FALSE
373,,,2024-09-01T00:00:00Z,139,FALSE
373,,,2024-09-01T00:00:00Z,125,FALSE
373,,,2024-09-01T00:00:00Z,136,FALSE
373,,,2024-09-01T00:00:00Z,141,FALSE
373,,,2024-09-01T00:00:00Z,45,FALSE
373,,,2024-09-01T00:00:00Z,143,FALSE
373,,,2024-09-01T00:00:00Z,137,FALSE
373,,,2024-09-01T00:00:00Z,142,FALSE
373,,,2024-09-01T00:00:00Z,370,FALSE
373,,,2024-09-01T00:00:00Z,371,FALSE
373,,,2024-09-01T00:00:00Z,372,FALSE
373,,,2024-09-01T00:00:00Z,330,FALSE
373,,,2024-09-01T00:00:00Z,211,FALSE
373,,,2024-09-01T00:00:00Z,226,FALSE
373,,,2024-09-01T00:00:00Z,233,FALSE
373,,,2024-09-01T00:00:00Z,378,FALSE
373,,,2024-09-01T00:00:00Z,377,FALSE
373,,,2024-09-01T00:00:00Z,310,FALSE
373,,,2024-09-01T00:00:00Z,379,FALSE
373,,,2024-09-01T00:00:00Z,382,FALSE
373,,,2024-09-01T00:00:00Z,381,FALSE
373,,,2024-09-01T00:00:00Z,383,FALSE
373,,,2024-09-01T00:00:00Z,385,FALSE
373,,,2024-09-01T00:00:00Z,352,FALSE
373,,,2024-09-01T00:00:00Z,353,FALSE
373,,,2024-09-01T00:00:00Z,354,FALSE
373,,,2024-09-01T00:00:00Z,144,FALSE
373,,,2024-09-01T00:00:00Z,356,FALSE
373,,,2024-09-01T00:00:00Z,357,FALSE
373,,,2024-09-01T00:00:00Z,358,FALSE
373,,,2024-09-01T00:00:00Z,355,FALSE
373,,,2024-09-01T00:00:00Z,364,FALSE
373,,,2024-09-01T00:00:00Z,365,FALSE
373,,,2024-09-01T00:00:00Z,366,FALSE
373,,,2024-10-01T00:00:00Z,138,FALSE
373,,,2024-10-01T00:00:00Z,368,FALSE
373,,,2024-10-01T00:00:00Z,140,FALSE
373,,,2024-10-01T00:00:00Z,369,FALSE
373,,,2024-10-01T00:00:00Z,139,FALSE
373,,,2024-10-01T00:00:00Z,125,FALSE
373,,,2024-10-01T00:00:00Z,136,FALSE
373,,,2024-10-01T00:00:00Z,141,FALSE
373,,,2024-10-01T00:00:00Z,45,FALSE
373,,,2024-10-01T00:00:00Z,143,FALSE
373,,,2024-10-01T00:00:00Z,137,FALSE
373,,,2024-10-01T00:00:00Z,142,FALSE
373,,,2024-10-01T00:00:00Z,370,FALSE
373,,,2024-10-01T00:00:00Z,371,FALSE
373,,,2024-10-01T00:00:00Z,372,FALSE
373,,,2024-10-01T00:00:00Z,330,FALSE
373,,,2024-10-01T00:00:00Z,211,FALSE
373,,,2024-10-01T00:00:00Z,226,FALSE
373,,,2024-10-01T00:00:00Z,233,FALSE
373,,,2024-10-01T00:00:00Z,378,FALSE
373,,,2024-10-01T00:00:00Z,377,FALSE
373,,,2024-10-01T00:00:00Z,310,FALSE
373,,,2024-10-01T00:00:00Z,379,FALSE
373,,,2024-10-01T00:00:00Z,382,FALSE
373,,,2024-10-01T00:00:00Z,381,FALSE
373,,,2024-10-01T00:00:00Z,383,FALSE
373,,,2024-10-01T00:00:00Z,385,FALSE
373,,,2024-10-01T00:00:00Z,352,FALSE
373,,,2024-10-01T00:00:00Z,353,FALSE
373,,,2024-10-01T00:00:00Z,354,FALSE
373,,,2024-10-01T00:00:00Z,144,FALSE
373,,,2024-10-01T00:00:00Z,356,FALSE
373,,,2024-10-01T00:00:00Z,357,FALSE
373,,,2024-10-01T00:00:00Z,358,FALSE
373,,,2024-10-01T00:00:00Z,355,FALSE
373,,,2024-10-01T00:00:00Z,364,FALSE
373,,,2024-10-01T00:00:00Z,365,FALSE
373,,,2024-10-01T00:00:00Z,366,FALSE
373,,,2024-11-01T00:00:00Z,138,FALSE
373,,,2024-11-01T00:00:00Z,368,FALSE
373,,,2024-11-01T00:00:00Z,140,FALSE
373,,,2024-11-01T00:00:00Z,369,FALSE
373,,,2024-11-01T00:00:00Z,139,FALSE
373,,,2024-11-01T00:00:00Z,125,FALSE
373,,,2024-11-01T00:00:00Z,136,FALSE
373,,,2024-11-01T00:00:00Z,141,FALSE
373,,,2024-11-01T00:00:00Z,45,FALSE
373,,,2024-11-01T00:00:00Z,143,FALSE
373,,,2024-11-01T00:00:00Z,137,FALSE
373,,,2024-11-01T00:00:00Z,142,FALSE
373,,,2024-11-01T00:00:00Z,370,FALSE
373,,,2024-11-01T00:00:00Z,371,FALSE
373,,,2024-11-01T00:00:00Z,372,FALSE
373,,,2024-11-01T00:00:00Z,330,FALSE
373,,,2024-11-01T00:00:00Z,211,FALSE
373,,,2024-11-01T00:00:00Z,226,FALSE
373,,,2024-11-01T00:00:00Z,233,FALSE
373,,,2024-11-01T00:00:00Z,378,FALSE
373,,,2024-11-01T00:00:00Z,377,FALSE
373,,,2024-11-01T00:00:00Z,310,FALSE
373,,,2024-11-01T00:00:00Z,379,FALSE
373,,,2024-11-01T00:00:00Z,382,FALSE
373,,,2024-11-01T00:00:00Z,381,FALSE
373,,,2024-11-01T00:00:00Z,383,FALSE
373,,,2024-11-01T00:00:00Z,385,FALSE
373,,,2024-11-01T00:00:00Z,352,FALSE
373,,,2024-11-01T00:00:00Z,353,FALSE
373,,,2024-11-01T00:00:00Z,354,FALSE
373,,,2024-11-01T00:00:00Z,144,FALSE
373,,,2024-11-01T00:00:00Z,356,FALSE
373,,,2024-11-01T00:00:00Z,357,FALSE
373,,,2024-11-01T00:00:00Z,358,FALSE
373,,,2024-11-01T00:00:00Z,355,FALSE
373,,,2024-11-01T00:00:00Z,364,FALSE
373,,,2024-11-01T00:00:00Z,365,FALSE
373,,,2024-11-01T00:00:00Z,366,FALSE
373,,,2024-12-01T00:00:00Z,138,FALSE
373,,,2024-12-01T00:00:00Z,368,FALSE
373,,,2024-12-01T00:00:00Z,140,FALSE
373,,,2024-12-01T00:00:00Z,369,FALSE
373,,,2024-12-01T00:00:00Z,139,FALSE
373,,,2024-12-01T00:00:00Z,125,FALSE
373,,,2024-12-01T00:00:00Z,136,FALSE
373,,,2024-12-01T00:00:00Z,141,FALSE
373,,,2024-12-01T00:00:00Z,45,FALSE
373,,,2024-12-01T00:00:00Z,143,FALSE
373,,,2024-12-01T00:00:00Z,137,FALSE
373,,,2024-12-01T00:00:00Z,142,FALSE
373,,,2024-12-01T00:00:00Z,370,FALSE
373,,,2024-12-01T00:00:00Z,371,FALSE
373,,,2024-12-01T00:00:00Z,372,FALSE
373,,,2024-12-01T00:00:00Z,330,FALSE
373,,,2024-12-01T00:00:00Z,211,FALSE
373,,,2024-12-01T00:00:00Z,226,FALSE
373,,,2024-12-01T00:00:00Z,233,FALSE
373,,,2024-12-01T00:00:00Z,378,FALSE
373,,,2024-12-01T00:00:00Z,377,FALSE
373,,,2024-12-01T00:00:00Z,310,FALSE
373,,,2024-12-01T00:00:00Z,379,FALSE
373,,,2024-12-01T00:00:00Z,382,FALSE
373,,,2024-12-01T00:00:00Z,381,FALSE
373,,,2024-12-01T00:00:00Z,383,FALSE
373,,,2024-12-01T00:00:00Z,385,FALSE
373,,,2024-12-01T00:00:00Z,352,FALSE
373,,,2024-12-01T00:00:00Z,353,FALSE
373,,,2024-12-01T00:00:00Z,354,FALSE
373,,,2024-12-01T00:00:00Z,144,FALSE
373,,,2024-12-01T00:00:00Z,356,FALSE
373,,,2024-12-01T00:00:00Z,357,FALSE
373,,,2024-12-01T00:00:00Z,358,FALSE
373,,,2024-12-01T00:00:00Z,355,FALSE
373,,,2024-12-01T00:00:00Z,364,FALSE
373,,,2024-12-01T00:00:00Z,365,FALSE
373,,,2024-12-01T00:00:00Z,366,FALSE
377,,,2024-01-01T00:00:00Z,138,FALSE
377,,,2024-01-01T00:00:00Z,368,FALSE
377,,,2024-01-01T00:00:00Z,140,FALSE
377,,,2024-01-01T00:00:00Z,369,FALSE
377,,,2024-01-01T00:00:00Z,139,FALSE
377,,,2024-01-01T00:00:00Z,125,FALSE
377,,,2024-01-01T00:00:00Z,136,FALSE
377,,,2024-01-01T00:00:00Z,141,FALSE
377,,,2024-01-01T00:00:00Z,45,FALSE
377,,,2024-01-01T00:00:00Z,143,FALSE
377,,,2024-01-01T00:00:00Z,137,FALSE
377,,,2024-01-01T00:00:00Z,142,FALSE
377,,,2024-01-01T00:00:00Z,370,FALSE
377,,,2024-01-01T00:00:00Z,371,FALSE
377,,,2024-01-01T00:00:00Z,372,FALSE
377,,,2024-01-01T00:00:00Z,330,FALSE
377,,,2024-01-01T00:00:00Z,373,FALSE
377,,,2024-01-01T00:00:00Z,211,FALSE
377,,,2024-01-01T00:00:00Z,226,FALSE
377,,,2024-01-01T00:00:00Z,233,FALSE
377,,,2024-01-01T00:00:00Z,378,FALSE
377,,,2024-01-01T00:00:00Z,310,FALSE
377,,,2024-01-01T00:00:00Z,379,FALSE
377,,,2024-01-01T00:00:00Z,382,FALSE
377,,,2024-01-01T00:00:00Z,381,FALSE
377,,,2024-01-01T00:00:00Z,383,FALSE
377,,,2024-01-01T00:00:00Z,385,FALSE
377,,,2024-01-01T00:00:00Z,352,FALSE
377,,,2024-01-01T00:00:00Z,353,FALSE
377,,,2024-01-01T00:00:00Z,354,FALSE
377,,,2024-01-01T00:00:00Z,144,FALSE
377,,,2024-01-01T00:00:00Z,356,FALSE
377,,,2024-01-01T00:00:00Z,357,FALSE
377,,,2024-01-01T00:00:00Z,358,FALSE
377,,,2024-01-01T00:00:00Z,355,FALSE
377,,,2024-01-01T00:00:00Z,364,FALSE
377,,,2024-01-01T00:00:00Z,365,FALSE
377,,,2024-01-01T00:00:00Z,366,FALSE
377,,,2024-02-01T00:00:00Z,138,FALSE
377,,,2024-02-01T00:00:00Z,368,FALSE
377,,,2024-02-01T00:00:00Z,140,FALSE
377,,,2024-02-01T00:00:00Z,369,FALSE
377,,,2024-02-01T00:00:00Z,139,FALSE
377,,,2024-02-01T00:00:00Z,125,FALSE
377,,,2024-02-01T00:00:00Z,136,FALSE
377,,,2024-02-01T00:00:00Z,141,FALSE
377,,,2024-02-01T00:00:00Z,45,FALSE
377,,,2024-02-01T00:00:00Z,143,FALSE
377,,,2024-02-01T00:00:00Z,137,FALSE
377,,,2024-02-01T00:00:00Z,142,FALSE
377,,,2024-02-01T00:00:00Z,370,FALSE
377,,,2024-02-01T00:00:00Z,371,FALSE
377,,,2024-02-01T00:00:00Z,372,FALSE
377,,,2024-02-01T00:00:00Z,330,FALSE
377,,,2024-02-01T00:00:00Z,373,FALSE
377,,,2024-02-01T00:00:00Z,211,FALSE
377,,,2024-02-01T00:00:00Z,226,FALSE
377,,,2024-02-01T00:00:00Z,233,FALSE
377,,,2024-02-01T00:00:00Z,378,FALSE
377,,,2024-02-01T00:00:00Z,310,FALSE
377,,,2024-02-01T00:00:00Z,379,FALSE
377,,,2024-02-01T00:00:00Z,382,FALSE
377,,,2024-02-01T00:00:00Z,381,FALSE
377,,,2024-02-01T00:00:00Z,383,FALSE
377,,,2024-02-01T00:00:00Z,385,FALSE
377,,,2024-02-01T00:00:00Z,352,FALSE
377,,,2024-02-01T00:00:00Z,353,FALSE
377,,,2024-02-01T00:00:00Z,354,FALSE
377,,,2024-02-01T00:00:00Z,144,FALSE
377,,,2024-02-01T00:00:00Z,356,FALSE
377,,,2024-02-01T00:00:00Z,357,FALSE
377,,,2024-02-01T00:00:00Z,358,FALSE
377,,,2024-02-01T00:00:00Z,355,FALSE
377,,,2024-02-01T00:00:00Z,364,FALSE
377,,,2024-02-01T00:00:00Z,365,FALSE
377,,,2024-02-01T00:00:00Z,366,FALSE
377,,,2024-03-01T00:00:00Z,138,FALSE
377,,,2024-03-01T00:00:00Z,368,FALSE
377,,,2024-03-01T00:00:00Z,140,FALSE
377,,,2024-03-01T00:00:00Z,369,FALSE
377,,,2024-03-01T00:00:00Z,139,FALSE
377,,,2024-03-01T00:00:00Z,125,FALSE
377,,,2024-03-01T00:00:00Z,136,FALSE
377,,,2024-03-01T00:00:00Z,141,FALSE
377,,,2024-03-01T00:00:00Z,45,FALSE
377,,,2024-03-01T00:00:00Z,143,FALSE
377,,,2024-03-01T00:00:00Z,137,FALSE
377,,,2024-03-01T00:00:00Z,142,FALSE
377,,,2024-03-01T00:00:00Z,370,FALSE
377,,,2024-03-01T00:00:00Z,371,FALSE
377,,,2024-03-01T00:00:00Z,372,FALSE
377,,,2024-03-01T00:00:00Z,330,FALSE
377,,,2024-03-01T00:00:00Z,373,FALSE
377,,,2024-03-01T00:00:00Z,211,FALSE
377,,,2024-03-01T00:00:00Z,226,FALSE
377,,,2024-03-01T00:00:00Z,233,FALSE
377,,,2024-03-01T00:00:00Z,378,FALSE
377,,,2024-03-01T00:00:00Z,310,FALSE
377,,,2024-03-01T00:00:00Z,379,FALSE
377,,,2024-03-01T00:00:00Z,382,FALSE
377,,,2024-03-01T00:00:00Z,381,FALSE
377,,,2024-03-01T00:00:00Z,383,FALSE
377,,,2024-03-01T00:00:00Z,385,FALSE
377,,,2024-03-01T00:00:00Z,352,FALSE
377,,,2024-03-01T00:00:00Z,353,FALSE
377,,,2024-03-01T00:00:00Z,354,FALSE
377,,,2024-03-01T00:00:00Z,144,FALSE
377,,,2024-03-01T00:00:00Z,356,FALSE
377,,,2024-03-01T00:00:00Z,357,FALSE
377,,,2024-03-01T00:00:00Z,358,FALSE
377,,,2024-03-01T00:00:00Z,355,FALSE
377,,,2024-03-01T00:00:00Z,364,FALSE
377,,,2024-03-01T00:00:00Z,365,FALSE
377,,,2024-03-01T00:00:00Z,366,FALSE
377,,,2024-04-01T00:00:00Z,138,FALSE
377,,,2024-04-01T00:00:00Z,368,FALSE
377,,,2024-04-01T00:00:00Z,140,FALSE
377,,,2024-04-01T00:00:00Z,369,FALSE
377,,,2024-04-01T00:00:00Z,139,FALSE
377,,,2024-04-01T00:00:00Z,125,FALSE
377,,,2024-04-01T00:00:00Z,136,FALSE
377,,,2024-04-01T00:00:00Z,141,FALSE
377,,,2024-04-01T00:00:00Z,45,FALSE
377,,,2024-04-01T00:00:00Z,143,FALSE
377,,,2024-04-01T00:00:00Z,137,FALSE
377,,,2024-04-01T00:00:00Z,142,FALSE
377,,,2024-04-01T00:00:00Z,370,FALSE
377,,,2024-04-01T00:00:00Z,371,FALSE
377,,,2024-04-01T00:00:00Z,372,FALSE
377,,,2024-04-01T00:00:00Z,330,FALSE
377,,,2024-04-01T00:00:00Z,373,FALSE
377,,,2024-04-01T00:00:00Z,211,FALSE
377,,,2024-04-01T00:00:00Z,226,FALSE
377,,,2024-04-01T00:00:00Z,233,FALSE
377,,,2024-04-01T00:00:00Z,378,FALSE
377,,,2024-04-01T00:00:00Z,310,FALSE
377,,,2024-04-01T00:00:00Z,379,FALSE
377,,,2024-04-01T00:00:00Z,382,FALSE
377,,,2024-04-01T00:00:00Z,381,FALSE
377,,,2024-04-01T00:00:00Z,383,FALSE
377,,,2024-04-01T00:00:00Z,385,FALSE
377,,,2024-04-01T00:00:00Z,352,FALSE
377,,,2024-04-01T00:00:00Z,353,FALSE
377,,,2024-04-01T00:00:00Z,354,FALSE
377,,,2024-04-01T00:00:00Z,144,FALSE
377,,,2024-04-01T00:00:00Z,356,FALSE
377,,,2024-04-01T00:00:00Z,357,FALSE
377,,,2024-04-01T00:00:00Z,358,FALSE
377,,,2024-04-01T00:00:00Z,355,FALSE
377,,,2024-04-01T00:00:00Z,364,FALSE
377,,,2024-04-01T00:00:00Z,365,FALSE
377,,,2024-04-01T00:00:00Z,366,FALSE
377,,,2024-05-01T00:00:00Z,138,FALSE
377,,,2024-05-01T00:00:00Z,368,FALSE
377,,,2024-05-01T00:00:00Z,140,FALSE
377,,,2024-05-01T00:00:00Z,369,FALSE
377,,,2024-05-01T00:00:00Z,139,FALSE
377,,,2024-05-01T00:00:00Z,125,FALSE
377,,,2024-05-01T00:00:00Z,136,FALSE
377,,,2024-05-01T00:00:00Z,141,FALSE
377,,,2024-05-01T00:00:00Z,45,FALSE
377,,,2024-05-01T00:00:00Z,143,FALSE
377,,,2024-05-01T00:00:00Z,137,FALSE
377,,,2024-05-01T00:00:00Z,142,FALSE
377,,,2024-05-01T00:00:00Z,370,FALSE
377,,,2024-05-01T00:00:00Z,371,FALSE
377,,,2024-05-01T00:00:00Z,372,FALSE
377,,,2024-05-01T00:00:00Z,330,FALSE
377,,,2024-05-01T00:00:00Z,373,FALSE
377,,,2024-05-01T00:00:00Z,211,FALSE
377,,,2024-05-01T00:00:00Z,226,FALSE
377,,,2024-05-01T00:00:00Z,233,FALSE
377,,,2024-05-01T00:00:00Z,378,FALSE
377,,,2024-05-01T00:00:00Z,310,FALSE
377,,,2024-05-01T00:00:00Z,379,FALSE
377,,,2024-05-01T00:00:00Z,382,FALSE
377,,,2024-05-01T00:00:00Z,381,FALSE
377,,,2024-05-01T00:00:00Z,383,FALSE
377,,,2024-05-01T00:00:00Z,385,FALSE
377,,,2024-05-01T00:00:00Z,352,FALSE
377,,,2024-05-01T00:00:00Z,353,FALSE
377,,,2024-05-01T00:00:00Z,354,FALSE
377,,,2024-05-01T00:00:00Z,144,FALSE
377,,,2024-05-01T00:00:00Z,356,FALSE
377,,,2024-05-01T00:00:00Z,357,FALSE
377,,,2024-05-01T00:00:00Z,358,FALSE
377,,,2024-05-01T00:00:00Z,355,FALSE
377,,,2024-05-01T00:00:00Z,364,FALSE
377,,,2024-05-01T00:00:00Z,365,FALSE
377,,,2024-05-01T00:00:00Z,366,FALSE
377,,,2024-06-01T00:00:00Z,138,FALSE
377,,,2024-06-01T00:00:00Z,368,FALSE
377,,,2024-06-01T00:00:00Z,140,FALSE
377,,,2024-06-01T00:00:00Z,369,FALSE
377,,,2024-06-01T00:00:00Z,139,FALSE
377,,,2024-06-01T00:00:00Z,125,FALSE
377,,,2024-06-01T00:00:00Z,136,FALSE
377,,,2024-06-01T00:00:00Z,141,FALSE
377,,,2024-06-01T00:00:00Z,45,FALSE
377,,,2024-06-01T00:00:00Z,143,FALSE
377,,,2024-06-01T00:00:00Z,137,FALSE
377,,,2024-06-01T00:00:00Z,142,FALSE
377,,,2024-06-01T00:00:00Z,370,FALSE
377,,,2024-06-01T00:00:00Z,371,FALSE
377,,,2024-06-01T00:00:00Z,372,FALSE
377,,,2024-06-01T00:00:00Z,330,FALSE
377,,,2024-06-01T00:00:00Z,373,FALSE
377,,,2024-06-01T00:00:00Z,211,FALSE
377,,,2024-06-01T00:00:00Z,226,FALSE
377,,,2024-06-01T00:00:00Z,233,FALSE
377,,,2024-06-01T00:00:00Z,378,FALSE
377,,,2024-06-01T00:00:00Z,310,FALSE
377,,,2024-06-01T00:00:00Z,379,FALSE
377,,,2024-06-01T00:00:00Z,382,FALSE
377,,,2024-06-01T00:00:00Z,381,FALSE
377,,,2024-06-01T00:00:00Z,383,FALSE
377,,,2024-06-01T00:00:00Z,385,FALSE
377,,,2024-06-01T00:00:00Z,352,FALSE
377,,,2024-06-01T00:00:00Z,353,FALSE
377,,,2024-06-01T00:00:00Z,354,FALSE
377,,,2024-06-01T00:00:00Z,144,FALSE
377,,,2024-06-01T00:00:00Z,356,FALSE
377,,,2024-06-01T00:00:00Z,357,FALSE
377,,,2024-06-01T00:00:00Z,358,FALSE
377,,,2024-06-01T00:00:00Z,355,FALSE
377,,,2024-06-01T00:00:00Z,364,FALSE
377,,,2024-06-01T00:00:00Z,365,FALSE
377,,,2024-06-01T00:00:00Z,366,FALSE
377,,,2024-07-01T00:00:00Z,138,FALSE
377,,,2024-07-01T00:00:00Z,368,FALSE
377,,,2024-07-01T00:00:00Z,140,FALSE
377,,,2024-07-01T00:00:00Z,369,FALSE
377,,,2024-07-01T00:00:00Z,139,FALSE
377,,,2024-07-01T00:00:00Z,125,FALSE
377,,,2024-07-01T00:00:00Z,136,FALSE
377,,,2024-07-01T00:00:00Z,141,FALSE
377,,,2024-07-01T00:00:00Z,45,FALSE
377,,,2024-07-01T00:00:00Z,143,FALSE
377,,,2024-07-01T00:00:00Z,137,FALSE
377,,,2024-07-01T00:00:00Z,142,FALSE
377,,,2024-07-01T00:00:00Z,370,FALSE
377,,,2024-07-01T00:00:00Z,371,FALSE
377,,,2024-07-01T00:00:00Z,372,FALSE
377,,,2024-07-01T00:00:00Z,330,FALSE
377,,,2024-07-01T00:00:00Z,373,FALSE
377,,,2024-07-01T00:00:00Z,211,FALSE
377,,,2024-07-01T00:00:00Z,226,FALSE
377,,,2024-07-01T00:00:00Z,233,FALSE
377,,,2024-07-01T00:00:00Z,378,FALSE
377,,,2024-07-01T00:00:00Z,310,FALSE
377,,,2024-07-01T00:00:00Z,379,FALSE
377,,,2024-07-01T00:00:00Z,382,FALSE
377,,,2024-07-01T00:00:00Z,381,FALSE
377,,,2024-07-01T00:00:00Z,383,FALSE
377,,,2024-07-01T00:00:00Z,385,FALSE
377,,,2024-07-01T00:00:00Z,352,FALSE
377,,,2024-07-01T00:00:00Z,353,FALSE
377,,,2024-07-01T00:00:00Z,354,FALSE
377,,,2024-07-01T00:00:00Z,144,FALSE
377,,,2024-07-01T00:00:00Z,356,FALSE
377,,,2024-07-01T00:00:00Z,357,FALSE
377,,,2024-07-01T00:00:00Z,358,FALSE
377,,,2024-07-01T00:00:00Z,355,FALSE
377,,,2024-07-01T00:00:00Z,364,FALSE
377,,,2024-07-01T00:00:00Z,365,FALSE
377,,,2024-07-01T00:00:00Z,366,FALSE
377,,,2024-08-01T00:00:00Z,138,FALSE
377,,,2024-08-01T00:00:00Z,368,FALSE
377,,,2024-08-01T00:00:00Z,140,FALSE
377,,,2024-08-01T00:00:00Z,369,FALSE
377,,,2024-08-01T00:00:00Z,139,FALSE
377,,,2024-08-01T00:00:00Z,125,FALSE
377,,,2024-08-01T00:00:00Z,136,FALSE
377,,,2024-08-01T00:00:00Z,141,FALSE
377,,,2024-08-01T00:00:00Z,45,FALSE
377,,,2024-08-01T00:00:00Z,143,FALSE
377,,,2024-08-01T00:00:00Z,137,FALSE
377,,,2024-08-01T00:00:00Z,142,FALSE
377,,,2024-08-01T00:00:00Z,370,FALSE
377,,,2024-08-01T00:00:00Z,371,FALSE
377,,,2024-08-01T00:00:00Z,372,FALSE
377,,,2024-08-01T00:00:00Z,330,FALSE
377,,,2024-08-01T00:00:00Z,373,FALSE
377,,,2024-08-01T00:00:00Z,211,FALSE
377,,,2024-08-01T00:00:00Z,226,FALSE
377,,,2024-08-01T00:00:00Z,233,FALSE
377,,,2024-08-01T00:00:00Z,378,FALSE
377,,,2024-08-01T00:00:00Z,310,FALSE
377,,,2024-08-01T00:00:00Z,379,FALSE
377,,,2024-08-01T00:00:00Z,382,FALSE
377,,,2024-08-01T00:00:00Z,381,FALSE
377,,,2024-08-01T00:00:00Z,383,FALSE
377,,,2024-08-01T00:00:00Z,385,FALSE
377,,,2024-08-01T00:00:00Z,352,FALSE
377,,,2024-08-01T00:00:00Z,353,FALSE
377,,,2024-08-01T00:00:00Z,354,FALSE
377,,,2024-08-01T00:00:00Z,144,FALSE
377,,,2024-08-01T00:00:00Z,356,FALSE
377,,,2024-08-01T00:00:00Z,357,FALSE
377,,,2024-08-01T00:00:00Z,358,FALSE
377,,,2024-08-01T00:00:00Z,355,FALSE
377,,,2024-08-01T00:00:00Z,364,FALSE
377,,,2024-08-01T00:00:00Z,365,FALSE
377,,,2024-08-01T00:00:00Z,366,FALSE
377,,,2024-09-01T00:00:00Z,138,FALSE
377,,,2024-09-01T00:00:00Z,368,FALSE
377,,,2024-09-01T00:00:00Z,140,FALSE
377,,,2024-09-01T00:00:00Z,369,FALSE
377,,,2024-09-01T00:00:00Z,139,FALSE
377,,,2024-09-01T00:00:00Z,125,FALSE
377,,,2024-09-01T00:00:00Z,136,FALSE
377,,,2024-09-01T00:00:00Z,141,FALSE
377,,,2024-09-01T00:00:00Z,45,FALSE
377,,,2024-09-01T00:00:00Z,143,FALSE
377,,,2024-09-01T00:00:00Z,137,FALSE
377,,,2024-09-01T00:00:00Z,142,FALSE
377,,,2024-09-01T00:00:00Z,370,FALSE
377,,,2024-09-01T00:00:00Z,371,FALSE
377,,,2024-09-01T00:00:00Z,372,FALSE
377,,,2024-09-01T00:00:00Z,330,FALSE
377,,,2024-09-01T00:00:00Z,373,FALSE
377,,,2024-09-01T00:00:00Z,211,FALSE
377,,,2024-09-01T00:00:00Z,226,FALSE
377,,,2024-09-01T00:00:00Z,233,FALSE
377,,,2024-09-01T00:00:00Z,378,FALSE
377,,,2024-09-01T00:00:00Z,310,FALSE
377,,,2024-09-01T00:00:00Z,379,FALSE
377,,,2024-09-01T00:00:00Z,382,FALSE
377,,,2024-09-01T00:00:00Z,381,FALSE
377,,,2024-09-01T00:00:00Z,383,FALSE
377,,,2024-09-01T00:00:00Z,385,FALSE
377,,,2024-09-01T00:00:00Z,352,FALSE
377,,,2024-09-01T00:00:00Z,353,FALSE
377,,,2024-09-01T00:00:00Z,354,FALSE
377,,,2024-09-01T00:00:00Z,144,FALSE
377,,,2024-09-01T00:00:00Z,356,FALSE
377,,,2024-09-01T00:00:00Z,357,FALSE
377,,,2024-09-01T00:00:00Z,358,FALSE
377,,,2024-09-01T00:00:00Z,355,FALSE
377,,,2024-09-01T00:00:00Z,364,FALSE
377,,,2024-09-01T00:00:00Z,365,FALSE
377,,,2024-09-01T00:00:00Z,366,FALSE
377,,,2024-10-01T00:00:00Z,138,FALSE
377,,,2024-10-01T00:00:00Z,368,FALSE
377,,,2024-10-01T00:00:00Z,140,FALSE
377,,,2024-10-01T00:00:00Z,369,FALSE
377,,,2024-10-01T00:00:00Z,139,FALSE
377,,,2024-10-01T00:00:00Z,125,FALSE
377,,,2024-10-01T00:00:00Z,136,FALSE
377,,,2024-10-01T00:00:00Z,141,FALSE
377,,,2024-10-01T00:00:00Z,45,FALSE
377,,,2024-10-01T00:00:00Z,143,FALSE
377,,,2024-10-01T00:00:00Z,137,FALSE
377,,,2024-10-01T00:00:00Z,142,FALSE
377,,,2024-10-01T00:00:00Z,370,FALSE
377,,,2024-10-01T00:00:00Z,371,FALSE
377,,,2024-10-01T00:00:00Z,372,FALSE
377,,,2024-10-01T00:00:00Z,330,FALSE
377,,,2024-10-01T00:00:00Z,373,FALSE
377,,,2024-10-01T00:00:00Z,211,FALSE
377,,,2024-10-01T00:00:00Z,226,FALSE
377,,,2024-10-01T00:00:00Z,233,FALSE
377,,,2024-10-01T00:00:00Z,378,FALSE
377,,,2024-10-01T00:00:00Z,310,FALSE
377,,,2024-10-01T00:00:00Z,379,FALSE
377,,,2024-10-01T00:00:00Z,382,FALSE
377,,,2024-10-01T00:00:00Z,381,FALSE
377,,,2024-10-01T00:00:00Z,383,FALSE
377,,,2024-10-01T00:00:00Z,385,FALSE
377,,,2024-10-01T00:00:00Z,352,FALSE
377,,,2024-10-01T00:00:00Z,353,FALSE
377,,,2024-10-01T00:00:00Z,354,FALSE
377,,,2024-10-01T00:00:00Z,144,FALSE
377,,,2024-10-01T00:00:00Z,356,FALSE
377,,,2024-10-01T00:00:00Z,357,FALSE
377,,,2024-10-01T00:00:00Z,358,FALSE
377,,,2024-10-01T00:00:00Z,355,FALSE
377,,,2024-10-01T00:00:00Z,364,FALSE
377,,,2024-10-01T00:00:00Z,365,FALSE
377,,,2024-10-01T00:00:00Z,366,FALSE
377,,,2024-11-01T00:00:00Z,138,FALSE
377,,,2024-11-01T00:00:00Z,368,FALSE
377,,,2024-11-01T00:00:00Z,140,FALSE
377,,,2024-11-01T00:00:00Z,369,FALSE
377,,,2024-11-01T00:00:00Z,139,FALSE
377,,,2024-11-01T00:00:00Z,125,FALSE
377,,,2024-11-01T00:00:00Z,136,FALSE
377,,,2024-11-01T00:00:00Z,141,FALSE
377,,,2024-11-01T00:00:00Z,45,FALSE
377,,,2024-11-01T00:00:00Z,143,FALSE
377,,,2024-11-01T00:00:00Z,137,FALSE
377,,,2024-11-01T00:00:00Z,142,FALSE
377,,,2024-11-01T00:00:00Z,370,FALSE
377,,,2024-11-01T00:00:00Z,371,FALSE
377,,,2024-11-01T00:00:00Z,372,FALSE
377,,,2024-11-01T00:00:00Z,330,FALSE
377,,,2024-11-01T00:00:00Z,373,FALSE
377,,,2024-11-01T00:00:00Z,211,FALSE
377,,,2024-11-01T00:00:00Z,226,FALSE
377,,,2024-11-01T00:00:00Z,233,FALSE
377,,,2024-11-01T00:00:00Z,378,FALSE
377,,,2024-11-01T00:00:00Z,310,FALSE
377,,,2024-11-01T00:00:00Z,379,FALSE
377,,,2024-11-01T00:00:00Z,382,FALSE
377,,,2024-11-01T00:00:00Z,381,FALSE
377,,,2024-11-01T00:00:00Z,383,FALSE
377,,,2024-11-01T00:00:00Z,385,FALSE
377,,,2024-11-01T00:00:00Z,352,FALSE
377,,,2024-11-01T00:00:00Z,353,FALSE
377,,,2024-11-01T00:00:00Z,354,FALSE
377,,,2024-11-01T00:00:00Z,144,FALSE
377,,,2024-11-01T00:00:00Z,356,FALSE
377,,,2024-11-01T00:00:00Z,357,FALSE
377,,,2024-11-01T00:00:00Z,358,FALSE
377,,,2024-11-01T00:00:00Z,355,FALSE
377,,,2024-11-01T00:00:00Z,364,FALSE
377,,,2024-11-01T00:00:00Z,365,FALSE
377,,,2024-11-01T00:00:00Z,366,FALSE
377,,,2024-12-01T00:00:00Z,138,FALSE
377,,,2024-12-01T00:00:00Z,368,FALSE
377,,,2024-12-01T00:00:00Z,140,FALSE
377,,,2024-12-01T00:00:00Z,369,FALSE
377,,,2024-12-01T00:00:00Z,139,FALSE
377,,,2024-12-01T00:00:00Z,125,FALSE
377,,,2024-12-01T00:00:00Z,136,FALSE
377,,,2024-12-01T00:00:00Z,141,FALSE
377,,,2024-12-01T00:00:00Z,45,FALSE
377,,,2024-12-01T00:00:00Z,143,FALSE
377,,,2024-12-01T00:00:00Z,137,FALSE
377,,,2024-12-01T00:00:00Z,142,FALSE
377,,,2024-12-01T00:00:00Z,370,FALSE
377,,,2024-12-01T00:00:00Z,371,FALSE
377,,,2024-12-01T00:00:00Z,372,FALSE
377,,,2024-12-01T00:00:00Z,330,FALSE
377,,,2024-12-01T00:00:00Z,373,FALSE
377,,,2024-12-01T00:00:00Z,211,FALSE
377,,,2024-12-01T00:00:00Z,226,FALSE
377,,,2024-12-01T00:00:00Z,233,FALSE
377,,,2024-12-01T00:00:00Z,378,FALSE
377,,,2024-12-01T00:00:00Z,310,FALSE
377,,,2024-12-01T00:00:00Z,379,FALSE
377,,,2024-12-01T00:00:00Z,382,FALSE
377,,,2024-12-01T00:00:00Z,381,FALSE
377,,,2024-12-01T00:00:00Z,383,FALSE
377,,,2024-12-01T00:00:00Z,385,FALSE
377,,,2024-12-01T00:00:00Z,352,FALSE
377,,,2024-12-01T00:00:00Z,353,FALSE
377,,,2024-12-01T00:00:00Z,354,FALSE
377,,,2024-12-01T00:00:00Z,144,FALSE
377,,,2024-12-01T00:00:00Z,356,FALSE
377,,,2024-12-01T00:00:00Z,357,FALSE
377,,,2024-12-01T00:00:00Z,358,FALSE
377,,,2024-12-01T00:00:00Z,355,FALSE
377,,,2024-12-01T00:00:00Z,364,FALSE
377,,,2024-12-01T00:00:00Z,365,FALSE
377,,,2024-12-01T00:00:00Z,366,FALSE
378,,,2024-01-01T00:00:00Z,138,FALSE
378,,,2024-01-01T00:00:00Z,368,FALSE
378,,,2024-01-01T00:00:00Z,140,FALSE
378,,,2024-01-01T00:00:00Z,369,FALSE
378,,,2024-01-01T00:00:00Z,139,FALSE
378,,,2024-01-01T00:00:00Z,125,FALSE
378,,,2024-01-01T00:00:00Z,136,FALSE
378,,,2024-01-01T00:00:00Z,141,FALSE
378,,,2024-01-01T00:00:00Z,45,FALSE
378,,,2024-01-01T00:00:00Z,143,FALSE
378,,,2024-01-01T00:00:00Z,137,FALSE
378,,,2024-01-01T00:00:00Z,142,FALSE
378,,,2024-01-01T00:00:00Z,370,FALSE
378,,,2024-01-01T00:00:00Z,371,FALSE
378,,,2024-01-01T00:00:00Z,372,FALSE
378,,,2024-01-01T00:00:00Z,330,FALSE
378,,,2024-01-01T00:00:00Z,373,FALSE
378,,,2024-01-01T00:00:00Z,211,FALSE
378,,,2024-01-01T00:00:00Z,226,FALSE
378,,,2024-01-01T00:00:00Z,233,FALSE
378,,,2024-01-01T00:00:00Z,377,FALSE
378,,,2024-01-01T00:00:00Z,310,FALSE
378,,,2024-01-01T00:00:00Z,379,FALSE
378,,,2024-01-01T00:00:00Z,382,FALSE
378,,,2024-01-01T00:00:00Z,381,FALSE
378,,,2024-01-01T00:00:00Z,383,FALSE
378,,,2024-01-01T00:00:00Z,385,FALSE
378,,,2024-01-01T00:00:00Z,352,FALSE
378,,,2024-01-01T00:00:00Z,353,FALSE
378,,,2024-01-01T00:00:00Z,354,FALSE
378,,,2024-01-01T00:00:00Z,144,FALSE
378,,,2024-01-01T00:00:00Z,356,FALSE
378,,,2024-01-01T00:00:00Z,357,FALSE
378,,,2024-01-01T00:00:00Z,358,FALSE
378,,,2024-01-01T00:00:00Z,355,FALSE
378,,,2024-01-01T00:00:00Z,364,FALSE
378,,,2024-01-01T00:00:00Z,365,FALSE
378,,,2024-01-01T00:00:00Z,366,FALSE
378,,,2024-02-01T00:00:00Z,138,FALSE
378,,,2024-02-01T00:00:00Z,368,FALSE
378,,,2024-02-01T00:00:00Z,140,FALSE
378,,,2024-02-01T00:00:00Z,369,FALSE
378,,,2024-02-01T00:00:00Z,139,FALSE
378,,,2024-02-01T00:00:00Z,125,FALSE
378,,,2024-02-01T00:00:00Z,136,FALSE
378,,,2024-02-01T00:00:00Z,141,FALSE
378,,,2024-02-01T00:00:00Z,45,FALSE
378,,,2024-02-01T00:00:00Z,143,FALSE
378,,,2024-02-01T00:00:00Z,137,FALSE
378,,,2024-02-01T00:00:00Z,142,FALSE
378,,,2024-02-01T00:00:00Z,370,FALSE
378,,,2024-02-01T00:00:00Z,371,FALSE
378,,,2024-02-01T00:00:00Z,372,FALSE
378,,,2024-02-01T00:00:00Z,330,FALSE
378,,,2024-02-01T00:00:00Z,373,FALSE
378,,,2024-02-01T00:00:00Z,211,FALSE
378,,,2024-02-01T00:00:00Z,226,FALSE
378,,,2024-02-01T00:00:00Z,233,FALSE
378,,,2024-02-01T00:00:00Z,377,FALSE
378,,,2024-02-01T00:00:00Z,310,FALSE
378,,,2024-02-01T00:00:00Z,379,FALSE
378,,,2024-02-01T00:00:00Z,382,FALSE
378,,,2024-02-01T00:00:00Z,381,FALSE
378,,,2024-02-01T00:00:00Z,383,FALSE
378,,,2024-02-01T00:00:00Z,385,FALSE
378,,,2024-02-01T00:00:00Z,352,FALSE
378,,,2024-02-01T00:00:00Z,353,FALSE
378,,,2024-02-01T00:00:00Z,354,FALSE
378,,,2024-02-01T00:00:00Z,144,FALSE
378,,,2024-02-01T00:00:00Z,356,FALSE
378,,,2024-02-01T00:00:00Z,357,FALSE
378,,,2024-02-01T00:00:00Z,358,FALSE
378,,,2024-02-01T00:00:00Z,355,FALSE
378,,,2024-02-01T00:00:00Z,364,FALSE
378,,,2024-02-01T00:00:00Z,365,FALSE
378,,,2024-02-01T00:00:00Z,366,FALSE
378,,,2024-03-01T00:00:00Z,138,FALSE
378,,,2024-03-01T00:00:00Z,368,FALSE
378,,,2024-03-01T00:00:00Z,140,FALSE
378,,,2024-03-01T00:00:00Z,369,FALSE
378,,,2024-03-01T00:00:00Z,139,FALSE
378,,,2024-03-01T00:00:00Z,125,FALSE
378,,,2024-03-01T00:00:00Z,136,FALSE
378,,,2024-03-01T00:00:00Z,141,FALSE
378,,,2024-03-01T00:00:00Z,45,FALSE
378,,,2024-03-01T00:00:00Z,143,FALSE
378,,,2024-03-01T00:00:00Z,137,FALSE
378,,,2024-03-01T00:00:00Z,142,FALSE
378,,,2024-03-01T00:00:00Z,370,FALSE
378,,,2024-03-01T00:00:00Z,371,FALSE
378,,,2024-03-01T00:00:00Z,372,FALSE
378,,,2024-03-01T00:00:00Z,330,FALSE
378,,,2024-03-01T00:00:00Z,373,FALSE
378,,,2024-03-01T00:00:00Z,211,FALSE
378,,,2024-03-01T00:00:00Z,226,FALSE
378,,,2024-03-01T00:00:00Z,233,FALSE
378,,,2024-03-01T00:00:00Z,377,FALSE
378,,,2024-03-01T00:00:00Z,310,FALSE
378,,,2024-03-01T00:00:00Z,379,FALSE
378,,,2024-03-01T00:00:00Z,382,FALSE
378,,,2024-03-01T00:00:00Z,381,FALSE
378,,,2024-03-01T00:00:00Z,383,FALSE
378,,,2024-03-01T00:00:00Z,385,FALSE
378,,,2024-03-01T00:00:00Z,352,FALSE
378,,,2024-03-01T00:00:00Z,353,FALSE
378,,,2024-03-01T00:00:00Z,354,FALSE
378,,,2024-03-01T00:00:00Z,144,FALSE
378,,,2024-03-01T00:00:00Z,356,FALSE
378,,,2024-03-01T00:00:00Z,357,FALSE
378,,,2024-03-01T00:00:00Z,358,FALSE
378,,,2024-03-01T00:00:00Z,355,FALSE
378,,,2024-03-01T00:00:00Z,364,FALSE
378,,,2024-03-01T00:00:00Z,365,FALSE
378,,,2024-03-01T00:00:00Z,366,FALSE
378,,,2024-04-01T00:00:00Z,138,FALSE
378,,,2024-04-01T00:00:00Z,368,FALSE
378,,,2024-04-01T00:00:00Z,140,FALSE
378,,,2024-04-01T00:00:00Z,369,FALSE
378,,,2024-04-01T00:00:00Z,139,FALSE
378,,,2024-04-01T00:00:00Z,125,FALSE
378,,,2024-04-01T00:00:00Z,136,FALSE
378,,,2024-04-01T00:00:00Z,141,FALSE
378,,,2024-04-01T00:00:00Z,45,FALSE
378,,,2024-04-01T00:00:00Z,143,FALSE
378,,,2024-04-01T00:00:00Z,137,FALSE
378,,,2024-04-01T00:00:00Z,142,FALSE
378,,,2024-04-01T00:00:00Z,370,FALSE
378,,,2024-04-01T00:00:00Z,371,FALSE
378,,,2024-04-01T00:00:00Z,372,FALSE
378,,,2024-04-01T00:00:00Z,330,FALSE
378,,,2024-04-01T00:00:00Z,373,FALSE
378,,,2024-04-01T00:00:00Z,211,FALSE
378,,,2024-04-01T00:00:00Z,226,FALSE
378,,,2024-04-01T00:00:00Z,233,FALSE
378,,,2024-04-01T00:00:00Z,377,FALSE
378,,,2024-04-01T00:00:00Z,310,FALSE
378,,,2024-04-01T00:00:00Z,379,FALSE
378,,,2024-04-01T00:00:00Z,382,FALSE
378,,,2024-04-01T00:00:00Z,381,FALSE
378,,,2024-04-01T00:00:00Z,383,FALSE
378,,,2024-04-01T00:00:00Z,385,FALSE
378,,,2024-04-01T00:00:00Z,352,FALSE
378,,,2024-04-01T00:00:00Z,353,FALSE
378,,,2024-04-01T00:00:00Z,354,FALSE
378,,,2024-04-01T00:00:00Z,144,FALSE
378,,,2024-04-01T00:00:00Z,356,FALSE
378,,,2024-04-01T00:00:00Z,357,FALSE
378,,,2024-04-01T00:00:00Z,358,FALSE
378,,,2024-04-01T00:00:00Z,355,FALSE
378,,,2024-04-01T00:00:00Z,364,FALSE
378,,,2024-04-01T00:00:00Z,365,FALSE
378,,,2024-04-01T00:00:00Z,366,FALSE
378,,,2024-05-01T00:00:00Z,138,FALSE
378,,,2024-05-01T00:00:00Z,368,FALSE
378,,,2024-05-01T00:00:00Z,140,FALSE
378,,,2024-05-01T00:00:00Z,369,FALSE
378,,,2024-05-01T00:00:00Z,139,FALSE
378,,,2024-05-01T00:00:00Z,125,FALSE
378,,,2024-05-01T00:00:00Z,136,FALSE
378,,,2024-05-01T00:00:00Z,141,FALSE
378,,,2024-05-01T00:00:00Z,45,FALSE
378,,,2024-05-01T00:00:00Z,143,FALSE
378,,,2024-05-01T00:00:00Z,137,FALSE
378,,,2024-05-01T00:00:00Z,142,FALSE
378,,,2024-05-01T00:00:00Z,370,FALSE
378,,,2024-05-01T00:00:00Z,371,FALSE
378,,,2024-05-01T00:00:00Z,372,FALSE
378,,,2024-05-01T00:00:00Z,330,FALSE
378,,,2024-05-01T00:00:00Z,373,FALSE
378,,,2024-05-01T00:00:00Z,211,FALSE
378,,,2024-05-01T00:00:00Z,226,FALSE
378,,,2024-05-01T00:00:00Z,233,FALSE
378,,,2024-05-01T00:00:00Z,377,FALSE
378,,,2024-05-01T00:00:00Z,310,FALSE
378,,,2024-05-01T00:00:00Z,379,FALSE
378,,,2024-05-01T00:00:00Z,382,FALSE
378,,,2024-05-01T00:00:00Z,381,FALSE
378,,,2024-05-01T00:00:00Z,383,FALSE
378,,,2024-05-01T00:00:00Z,385,FALSE
378,,,2024-05-01T00:00:00Z,352,FALSE
378,,,2024-05-01T00:00:00Z,353,FALSE
378,,,2024-05-01T00:00:00Z,354,FALSE
378,,,2024-05-01T00:00:00Z,144,FALSE
378,,,2024-05-01T00:00:00Z,356,FALSE
378,,,2024-05-01T00:00:00Z,357,FALSE
378,,,2024-05-01T00:00:00Z,358,FALSE
378,,,2024-05-01T00:00:00Z,355,FALSE
378,,,2024-05-01T00:00:00Z,364,FALSE
378,,,2024-05-01T00:00:00Z,365,FALSE
378,,,2024-05-01T00:00:00Z,366,FALSE
378,,,2024-06-01T00:00:00Z,138,FALSE
378,,,2024-06-01T00:00:00Z,368,FALSE
378,,,2024-06-01T00:00:00Z,140,FALSE
378,,,2024-06-01T00:00:00Z,369,FALSE
378,,,2024-06-01T00:00:00Z,139,FALSE
378,,,2024-06-01T00:00:00Z,125,FALSE
378,,,2024-06-01T00:00:00Z,136,FALSE
378,,,2024-06-01T00:00:00Z,141,FALSE
378,,,2024-06-01T00:00:00Z,45,FALSE
378,,,2024-06-01T00:00:00Z,143,FALSE
378,,,2024-06-01T00:00:00Z,137,FALSE
378,,,2024-06-01T00:00:00Z,142,FALSE
378,,,2024-06-01T00:00:00Z,370,FALSE
378,,,2024-06-01T00:00:00Z,371,FALSE
378,,,2024-06-01T00:00:00Z,372,FALSE
378,,,2024-06-01T00:00:00Z,330,FALSE
378,,,2024-06-01T00:00:00Z,373,FALSE
378,,,2024-06-01T00:00:00Z,211,FALSE
378,,,2024-06-01T00:00:00Z,226,FALSE
378,,,2024-06-01T00:00:00Z,233,FALSE
378,,,2024-06-01T00:00:00Z,377,FALSE
378,,,2024-06-01T00:00:00Z,310,FALSE
378,,,2024-06-01T00:00:00Z,379,FALSE
378,,,2024-06-01T00:00:00Z,382,FALSE
378,,,2024-06-01T00:00:00Z,381,FALSE
378,,,2024-06-01T00:00:00Z,383,FALSE
378,,,2024-06-01T00:00:00Z,385,FALSE
378,,,2024-06-01T00:00:00Z,352,FALSE
378,,,2024-06-01T00:00:00Z,353,FALSE
378,,,2024-06-01T00:00:00Z,354,FALSE
378,,,2024-06-01T00:00:00Z,144,FALSE
378,,,2024-06-01T00:00:00Z,356,FALSE
378,,,2024-06-01T00:00:00Z,357,FALSE
378,,,2024-06-01T00:00:00Z,358,FALSE
378,,,2024-06-01T00:00:00Z,355,FALSE
378,,,2024-06-01T00:00:00Z,364,FALSE
378,,,2024-06-01T00:00:00Z,365,FALSE
378,,,2024-06-01T00:00:00Z,366,FALSE
378,,,2024-07-01T00:00:00Z,138,FALSE
378,,,2024-07-01T00:00:00Z,368,FALSE
378,,,2024-07-01T00:00:00Z,140,FALSE
378,,,2024-07-01T00:00:00Z,369,FALSE
378,,,2024-07-01T00:00:00Z,139,FALSE
378,,,2024-07-01T00:00:00Z,125,FALSE
378,,,2024-07-01T00:00:00Z,136,FALSE
378,,,2024-07-01T00:00:00Z,141,FALSE
378,,,2024-07-01T00:00:00Z,45,FALSE
378,,,2024-07-01T00:00:00Z,143,FALSE
378,,,2024-07-01T00:00:00Z,137,FALSE
378,,,2024-07-01T00:00:00Z,142,FALSE
378,,,2024-07-01T00:00:00Z,370,FALSE
378,,,2024-07-01T00:00:00Z,371,FALSE
378,,,2024-07-01T00:00:00Z,372,FALSE
378,,,2024-07-01T00:00:00Z,330,FALSE
378,,,2024-07-01T00:00:00Z,373,FALSE
378,,,2024-07-01T00:00:00Z,211,FALSE
378,,,2024-07-01T00:00:00Z,226,FALSE
378,,,2024-07-01T00:00:00Z,233,FALSE
378,,,2024-07-01T00:00:00Z,377,FALSE
378,,,2024-07-01T00:00:00Z,310,FALSE
378,,,2024-07-01T00:00:00Z,379,FALSE
378,,,2024-07-01T00:00:00Z,382,FALSE
378,,,2024-07-01T00:00:00Z,381,FALSE
378,,,2024-07-01T00:00:00Z,383,FALSE
378,,,2024-07-01T00:00:00Z,385,FALSE
378,,,2024-07-01T00:00:00Z,352,FALSE
378,,,2024-07-01T00:00:00Z,353,FALSE
378,,,2024-07-01T00:00:00Z,354,FALSE
378,,,2024-07-01T00:00:00Z,144,FALSE
378,,,2024-07-01T00:00:00Z,356,FALSE
378,,,2024-07-01T00:00:00Z,357,FALSE
378,,,2024-07-01T00:00:00Z,358,FALSE
378,,,2024-07-01T00:00:00Z,355,FALSE
378,,,2024-07-01T00:00:00Z,364,FALSE
378,,,2024-07-01T00:00:00Z,365,FALSE
378,,,2024-07-01T00:00:00Z,366,FALSE
378,,,2024-08-01T00:00:00Z,138,FALSE
378,,,2024-08-01T00:00:00Z,368,FALSE
378,,,2024-08-01T00:00:00Z,140,FALSE
378,,,2024-08-01T00:00:00Z,369,FALSE
378,,,2024-08-01T00:00:00Z,139,FALSE
378,,,2024-08-01T00:00:00Z,125,FALSE
378,,,2024-08-01T00:00:00Z,136,FALSE
378,,,2024-08-01T00:00:00Z,141,FALSE
378,,,2024-08-01T00:00:00Z,45,FALSE
378,,,2024-08-01T00:00:00Z,143,FALSE
378,,,2024-08-01T00:00:00Z,137,FALSE
378,,,2024-08-01T00:00:00Z,142,FALSE
378,,,2024-08-01T00:00:00Z,370,FALSE
378,,,2024-08-01T00:00:00Z,371,FALSE
378,,,2024-08-01T00:00:00Z,372,FALSE
378,,,2024-08-01T00:00:00Z,330,FALSE
378,,,2024-08-01T00:00:00Z,373,FALSE
378,,,2024-08-01T00:00:00Z,211,FALSE
378,,,2024-08-01T00:00:00Z,226,FALSE
378,,,2024-08-01T00:00:00Z,233,FALSE
378,,,2024-08-01T00:00:00Z,377,FALSE
378,,,2024-08-01T00:00:00Z,310,FALSE
378,,,2024-08-01T00:00:00Z,379,FALSE
378,,,2024-08-01T00:00:00Z,382,FALSE
378,,,2024-08-01T00:00:00Z,381,FALSE
378,,,2024-08-01T00:00:00Z,383,FALSE
378,,,2024-08-01T00:00:00Z,385,FALSE
378,,,2024-08-01T00:00:00Z,352,FALSE
378,,,2024-08-01T00:00:00Z,353,FALSE
378,,,2024-08-01T00:00:00Z,354,FALSE
378,,,2024-08-01T00:00:00Z,144,FALSE
378,,,2024-08-01T00:00:00Z,356,FALSE
378,,,2024-08-01T00:00:00Z,357,FALSE
378,,,2024-08-01T00:00:00Z,358,FALSE
378,,,2024-08-01T00:00:00Z,355,FALSE
378,,,2024-08-01T00:00:00Z,364,FALSE
378,,,2024-08-01T00:00:00Z,365,FALSE
378,,,2024-08-01T00:00:00Z,366,FALSE
378,,,2024-09-01T00:00:00Z,138,FALSE
378,,,2024-09-01T00:00:00Z,368,FALSE
378,,,2024-09-01T00:00:00Z,140,FALSE
378,,,2024-09-01T00:00:00Z,369,FALSE
378,,,2024-09-01T00:00:00Z,139,FALSE
378,,,2024-09-01T00:00:00Z,125,FALSE
378,,,2024-09-01T00:00:00Z,136,FALSE
378,,,2024-09-01T00:00:00Z,141,FALSE
378,,,2024-09-01T00:00:00Z,45,FALSE
378,,,2024-09-01T00:00:00Z,143,FALSE
378,,,2024-09-01T00:00:00Z,137,FALSE
378,,,2024-09-01T00:00:00Z,142,FALSE
378,,,2024-09-01T00:00:00Z,370,FALSE
378,,,2024-09-01T00:00:00Z,371,FALSE
378,,,2024-09-01T00:00:00Z,372,FALSE
378,,,2024-09-01T00:00:00Z,330,FALSE
378,,,2024-09-01T00:00:00Z,373,FALSE
378,,,2024-09-01T00:00:00Z,211,FALSE
378,,,2024-09-01T00:00:00Z,226,FALSE
378,,,2024-09-01T00:00:00Z,233,FALSE
378,,,2024-09-01T00:00:00Z,377,FALSE
378,,,2024-09-01T00:00:00Z,310,FALSE
378,,,2024-09-01T00:00:00Z,379,FALSE
378,,,2024-09-01T00:00:00Z,382,FALSE
378,,,2024-09-01T00:00:00Z,381,FALSE
378,,,2024-09-01T00:00:00Z,383,FALSE
378,,,2024-09-01T00:00:00Z,385,FALSE
378,,,2024-09-01T00:00:00Z,352,FALSE
378,,,2024-09-01T00:00:00Z,353,FALSE
378,,,2024-09-01T00:00:00Z,354,FALSE
378,,,2024-09-01T00:00:00Z,144,FALSE
378,,,2024-09-01T00:00:00Z,356,FALSE
378,,,2024-09-01T00:00:00Z,357,FALSE
378,,,2024-09-01T00:00:00Z,358,FALSE
378,,,2024-09-01T00:00:00Z,355,FALSE
378,,,2024-09-01T00:00:00Z,364,FALSE
378,,,2024-09-01T00:00:00Z,365,FALSE
378,,,2024-09-01T00:00:00Z,366,FALSE
378,,,2024-10-01T00:00:00Z,138,FALSE
378,,,2024-10-01T00:00:00Z,368,FALSE
378,,,2024-10-01T00:00:00Z,140,FALSE
378,,,2024-10-01T00:00:00Z,369,FALSE
378,,,2024-10-01T00:00:00Z,139,FALSE
378,,,2024-10-01T00:00:00Z,125,FALSE
378,,,2024-10-01T00:00:00Z,136,FALSE
378,,,2024-10-01T00:00:00Z,141,FALSE
378,,,2024-10-01T00:00:00Z,45,FALSE
378,,,2024-10-01T00:00:00Z,143,FALSE
378,,,2024-10-01T00:00:00Z,137,FALSE
378,,,2024-10-01T00:00:00Z,142,FALSE
378,,,2024-10-01T00:00:00Z,370,FALSE
378,,,2024-10-01T00:00:00Z,371,FALSE
378,,,2024-10-01T00:00:00Z,372,FALSE
378,,,2024-10-01T00:00:00Z,330,FALSE
378,,,2024-10-01T00:00:00Z,373,FALSE
378,,,2024-10-01T00:00:00Z,211,FALSE
378,,,2024-10-01T00:00:00Z,226,FALSE
378,,,2024-10-01T00:00:00Z,233,FALSE
378,,,2024-10-01T00:00:00Z,377,FALSE
378,,,2024-10-01T00:00:00Z,310,FALSE
378,,,2024-10-01T00:00:00Z,379,FALSE
378,,,2024-10-01T00:00:00Z,382,FALSE
378,,,2024-10-01T00:00:00Z,381,FALSE
378,,,2024-10-01T00:00:00Z,383,FALSE
378,,,2024-10-01T00:00:00Z,385,FALSE
378,,,2024-10-01T00:00:00Z,352,FALSE
378,,,2024-10-01T00:00:00Z,353,FALSE
378,,,2024-10-01T00:00:00Z,354,FALSE
378,,,2024-10-01T00:00:00Z,144,FALSE
378,,,2024-10-01T00:00:00Z,356,FALSE
378,,,2024-10-01T00:00:00Z,357,FALSE
378,,,2024-10-01T00:00:00Z,358,FALSE
378,,,2024-10-01T00:00:00Z,355,FALSE
378,,,2024-10-01T00:00:00Z,364,FALSE
378,,,2024-10-01T00:00:00Z,365,FALSE
378,,,2024-10-01T00:00:00Z,366,FALSE
378,,,2024-11-01T00:00:00Z,138,FALSE
378,,,2024-11-01T00:00:00Z,368,FALSE
378,,,2024-11-01T00:00:00Z,140,FALSE
378,,,2024-11-01T00:00:00Z,369,FALSE
378,,,2024-11-01T00:00:00Z,139,FALSE
378,,,2024-11-01T00:00:00Z,125,FALSE
378,,,2024-11-01T00:00:00Z,136,FALSE
378,,,2024-11-01T00:00:00Z,141,FALSE
378,,,2024-11-01T00:00:00Z,45,FALSE
378,,,2024-11-01T00:00:00Z,143,FALSE
378,,,2024-11-01T00:00:00Z,137,FALSE
378,,,2024-11-01T00:00:00Z,142,FALSE
378,,,2024-11-01T00:00:00Z,370,FALSE
378,,,2024-11-01T00:00:00Z,371,FALSE
378,,,2024-11-01T00:00:00Z,372,FALSE
378,,,2024-11-01T00:00:00Z,330,FALSE
378,,,2024-11-01T00:00:00Z,373,FALSE
378,,,2024-11-01T00:00:00Z,211,FALSE
378,,,2024-11-01T00:00:00Z,226,FALSE
378,,,2024-11-01T00:00:00Z,233,FALSE
378,,,2024-11-01T00:00:00Z,377,FALSE
378,,,2024-11-01T00:00:00Z,310,FALSE
378,,,2024-11-01T00:00:00Z,379,FALSE
378,,,2024-11-01T00:00:00Z,382,FALSE
378,,,2024-11-01T00:00:00Z,381,FALSE
378,,,2024-11-01T00:00:00Z,383,FALSE
378,,,2024-11-01T00:00:00Z,385,FALSE
378,,,2024-11-01T00:00:00Z,352,FALSE
378,,,2024-11-01T00:00:00Z,353,FALSE
378,,,2024-11-01T00:00:00Z,354,FALSE
378,,,2024-11-01T00:00:00Z,144,FALSE
378,,,2024-11-01T00:00:00Z,356,FALSE
378,,,2024-11-01T00:00:00Z,357,FALSE
378,,,2024-11-01T00:00:00Z,358,FALSE
378,,,2024-11-01T00:00:00Z,355,FALSE
378,,,2024-11-01T00:00:00Z,364,FALSE
378,,,2024-11-01T00:00:00Z,365,FALSE
378,,,2024-11-01T00:00:00Z,366,FALSE
378,,,2024-12-01T00:00:00Z,138,FALSE
378,,,2024-12-01T00:00:00Z,368,FALSE
378,,,2024-12-01T00:00:00Z,140,FALSE
378,,,2024-12-01T00:00:00Z,369,FALSE
378,,,2024-12-01T00:00:00Z,139,FALSE
378,,,2024-12-01T00:00:00Z,125,FALSE
378,,,2024-12-01T00:00:00Z,136,FALSE
378,,,2024-12-01T00:00:00Z,141,FALSE
378,,,2024-12-01T00:00:00Z,45,FALSE
378,,,2024-12-01T00:00:00Z,143,FALSE
378,,,2024-12-01T00:00:00Z,137,FALSE
378,,,2024-12-01T00:00:00Z,142,FALSE
378,,,2024-12-01T00:00:00Z,370,FALSE
378,,,2024-12-01T00:00:00Z,371,FALSE
378,,,2024-12-01T00:00:00Z,372,FALSE
378,,,2024-12-01T00:00:00Z,330,FALSE
378,,,2024-12-01T00:00:00Z,373,FALSE
378,,,2024-12-01T00:00:00Z,211,FALSE
378,,,2024-12-01T00:00:00Z,226,FALSE
378,,,2024-12-01T00:00:00Z,233,FALSE
378,,,2024-12-01T00:00:00Z,377,FALSE
378,,,2024-12-01T00:00:00Z,310,FALSE
378,,,2024-12-01T00:00:00Z,379,FALSE
378,,,2024-12-01T00:00:00Z,382,FALSE
378,,,2024-12-01T00:00:00Z,381,FALSE
378,,,2024-12-01T00:00:00Z,383,FALSE
378,,,2024-12-01T00:00:00Z,385,FALSE
378,,,2024-12-01T00:00:00Z,352,FALSE
378,,,2024-12-01T00:00:00Z,353,FALSE
378,,,2024-12-01T00:00:00Z,354,FALSE
378,,,2024-12-01T00:00:00Z,144,FALSE
378,,,2024-12-01T00:00:00Z,356,FALSE
378,,,2024-12-01T00:00:00Z,357,FALSE
378,,,2024-12-01T00:00:00Z,358,FALSE
378,,,2024-12-01T00:00:00Z,355,FALSE
378,,,2024-12-01T00:00:00Z,364,FALSE
378,,,2024-12-01T00:00:00Z,365,FALSE
378,,,2024-12-01T00:00:00Z,366,FALSE
379,,,2024-01-01T00:00:00Z,138,FALSE
379,,,2024-01-01T00:00:00Z,368,FALSE
379,,,2024-01-01T00:00:00Z,140,FALSE
379,,,2024-01-01T00:00:00Z,369,FALSE
379,,,2024-01-01T00:00:00Z,139,FALSE
379,,,2024-01-01T00:00:00Z,125,FALSE
379,,,2024-01-01T00:00:00Z,136,FALSE
379,,,2024-01-01T00:00:00Z,141,FALSE
379,,,2024-01-01T00:00:00Z,45,FALSE
379,,,2024-01-01T00:00:00Z,143,FALSE
379,,,2024-01-01T00:00:00Z,137,FALSE
379,,,2024-01-01T00:00:00Z,142,FALSE
379,,,2024-01-01T00:00:00Z,370,FALSE
379,,,2024-01-01T00:00:00Z,371,FALSE
379,,,2024-01-01T00:00:00Z,372,FALSE
379,,,2024-01-01T00:00:00Z,330,FALSE
379,,,2024-01-01T00:00:00Z,373,FALSE
379,,,2024-01-01T00:00:00Z,211,FALSE
379,,,2024-01-01T00:00:00Z,226,FALSE
379,,,2024-01-01T00:00:00Z,233,FALSE
379,,,2024-01-01T00:00:00Z,378,FALSE
379,,,2024-01-01T00:00:00Z,377,FALSE
379,,,2024-01-01T00:00:00Z,310,FALSE
379,,,2024-01-01T00:00:00Z,382,FALSE
379,,,2024-01-01T00:00:00Z,381,FALSE
379,,,2024-01-01T00:00:00Z,383,FALSE
379,,,2024-01-01T00:00:00Z,385,FALSE
379,,,2024-01-01T00:00:00Z,352,FALSE
379,,,2024-01-01T00:00:00Z,353,FALSE
379,,,2024-01-01T00:00:00Z,354,FALSE
379,,,2024-01-01T00:00:00Z,144,FALSE
379,,,2024-01-01T00:00:00Z,356,FALSE
379,,,2024-01-01T00:00:00Z,357,FALSE
379,,,2024-01-01T00:00:00Z,358,FALSE
379,,,2024-01-01T00:00:00Z,355,FALSE
379,,,2024-01-01T00:00:00Z,364,FALSE
379,,,2024-01-01T00:00:00Z,365,FALSE
379,,,2024-01-01T00:00:00Z,366,FALSE
379,,,2024-02-01T00:00:00Z,138,FALSE
379,,,2024-02-01T00:00:00Z,368,FALSE
379,,,2024-02-01T00:00:00Z,140,FALSE
379,,,2024-02-01T00:00:00Z,369,FALSE
379,,,2024-02-01T00:00:00Z,139,FALSE
379,,,2024-02-01T00:00:00Z,125,FALSE
379,,,2024-02-01T00:00:00Z,136,FALSE
379,,,2024-02-01T00:00:00Z,141,FALSE
379,,,2024-02-01T00:00:00Z,45,FALSE
379,,,2024-02-01T00:00:00Z,143,FALSE
379,,,2024-02-01T00:00:00Z,137,FALSE
379,,,2024-02-01T00:00:00Z,142,FALSE
379,,,2024-02-01T00:00:00Z,370,FALSE
379,,,2024-02-01T00:00:00Z,371,FALSE
379,,,2024-02-01T00:00:00Z,372,FALSE
379,,,2024-02-01T00:00:00Z,330,FALSE
379,,,2024-02-01T00:00:00Z,373,FALSE
379,,,2024-02-01T00:00:00Z,211,FALSE
379,,,2024-02-01T00:00:00Z,226,FALSE
379,,,2024-02-01T00:00:00Z,233,FALSE
379,,,2024-02-01T00:00:00Z,378,FALSE
379,,,2024-02-01T00:00:00Z,377,FALSE
379,,,2024-02-01T00:00:00Z,310,FALSE
379,,,2024-02-01T00:00:00Z,382,FALSE
379,,,2024-02-01T00:00:00Z,381,FALSE
379,,,2024-02-01T00:00:00Z,383,FALSE
379,,,2024-02-01T00:00:00Z,385,FALSE
379,,,2024-02-01T00:00:00Z,352,FALSE
379,,,2024-02-01T00:00:00Z,353,FALSE
379,,,2024-02-01T00:00:00Z,354,FALSE
379,,,2024-02-01T00:00:00Z,144,FALSE
379,,,2024-02-01T00:00:00Z,356,FALSE
379,,,2024-02-01T00:00:00Z,357,FALSE
379,,,2024-02-01T00:00:00Z,358,FALSE
379,,,2024-02-01T00:00:00Z,355,FALSE
379,,,2024-02-01T00:00:00Z,364,FALSE
379,,,2024-02-01T00:00:00Z,365,FALSE
379,,,2024-02-01T00:00:00Z,366,FALSE
379,,,2024-03-01T00:00:00Z,138,FALSE
379,,,2024-03-01T00:00:00Z,368,FALSE
379,,,2024-03-01T00:00:00Z,140,FALSE
379,,,2024-03-01T00:00:00Z,369,FALSE
379,,,2024-03-01T00:00:00Z,139,FALSE
379,,,2024-03-01T00:00:00Z,125,FALSE
379,,,2024-03-01T00:00:00Z,136,FALSE
379,,,2024-03-01T00:00:00Z,141,FALSE
379,,,2024-03-01T00:00:00Z,45,FALSE
379,,,2024-03-01T00:00:00Z,143,FALSE
379,,,2024-03-01T00:00:00Z,137,FALSE
379,,,2024-03-01T00:00:00Z,142,FALSE
379,,,2024-03-01T00:00:00Z,370,FALSE
379,,,2024-03-01T00:00:00Z,371,FALSE
379,,,2024-03-01T00:00:00Z,372,FALSE
379,,,2024-03-01T00:00:00Z,330,FALSE
379,,,2024-03-01T00:00:00Z,373,FALSE
379,,,2024-03-01T00:00:00Z,211,FALSE
379,,,2024-03-01T00:00:00Z,226,FALSE
379,,,2024-03-01T00:00:00Z,233,FALSE
379,,,2024-03-01T00:00:00Z,378,FALSE
379,,,2024-03-01T00:00:00Z,377,FALSE
379,,,2024-03-01T00:00:00Z,310,FALSE
379,,,2024-03-01T00:00:00Z,382,FALSE
379,,,2024-03-01T00:00:00Z,381,FALSE
379,,,2024-03-01T00:00:00Z,383,FALSE
379,,,2024-03-01T00:00:00Z,385,FALSE
379,,,2024-03-01T00:00:00Z,352,FALSE
379,,,2024-03-01T00:00:00Z,353,FALSE
379,,,2024-03-01T00:00:00Z,354,FALSE
379,,,2024-03-01T00:00:00Z,144,FALSE
379,,,2024-03-01T00:00:00Z,356,FALSE
379,,,2024-03-01T00:00:00Z,357,FALSE
379,,,2024-03-01T00:00:00Z,358,FALSE
379,,,2024-03-01T00:00:00Z,355,FALSE
379,,,2024-03-01T00:00:00Z,364,FALSE
379,,,2024-03-01T00:00:00Z,365,FALSE
379,,,2024-03-01T00:00:00Z,366,FALSE
379,,,2024-04-01T00:00:00Z,138,FALSE
379,,,2024-04-01T00:00:00Z,368,FALSE
379,,,2024-04-01T00:00:00Z,140,FALSE
379,,,2024-04-01T00:00:00Z,369,FALSE
379,,,2024-04-01T00:00:00Z,139,FALSE
379,,,2024-04-01T00:00:00Z,125,FALSE
379,,,2024-04-01T00:00:00Z,136,FALSE
379,,,2024-04-01T00:00:00Z,141,FALSE
379,,,2024-04-01T00:00:00Z,45,FALSE
379,,,2024-04-01T00:00:00Z,143,FALSE
379,,,2024-04-01T00:00:00Z,137,FALSE
379,,,2024-04-01T00:00:00Z,142,FALSE
379,,,2024-04-01T00:00:00Z,370,FALSE
379,,,2024-04-01T00:00:00Z,371,FALSE
379,,,2024-04-01T00:00:00Z,372,FALSE
379,,,2024-04-01T00:00:00Z,330,FALSE
379,,,2024-04-01T00:00:00Z,373,FALSE
379,,,2024-04-01T00:00:00Z,211,FALSE
379,,,2024-04-01T00:00:00Z,226,FALSE
379,,,2024-04-01T00:00:00Z,233,FALSE
379,,,2024-04-01T00:00:00Z,378,FALSE
379,,,2024-04-01T00:00:00Z,377,FALSE
379,,,2024-04-01T00:00:00Z,310,FALSE
379,,,2024-04-01T00:00:00Z,382,FALSE
379,,,2024-04-01T00:00:00Z,381,FALSE
379,,,2024-04-01T00:00:00Z,383,FALSE
379,,,2024-04-01T00:00:00Z,385,FALSE
379,,,2024-04-01T00:00:00Z,352,FALSE
379,,,2024-04-01T00:00:00Z,353,FALSE
379,,,2024-04-01T00:00:00Z,354,FALSE
379,,,2024-04-01T00:00:00Z,144,FALSE
379,,,2024-04-01T00:00:00Z,356,FALSE
379,,,2024-04-01T00:00:00Z,357,FALSE
379,,,2024-04-01T00:00:00Z,358,FALSE
379,,,2024-04-01T00:00:00Z,355,FALSE
379,,,2024-04-01T00:00:00Z,364,FALSE
379,,,2024-04-01T00:00:00Z,365,FALSE
379,,,2024-04-01T00:00:00Z,366,FALSE
379,,,2024-05-01T00:00:00Z,138,FALSE
379,,,2024-05-01T00:00:00Z,368,FALSE
379,,,2024-05-01T00:00:00Z,140,FALSE
379,,,2024-05-01T00:00:00Z,369,FALSE
379,,,2024-05-01T00:00:00Z,139,FALSE
379,,,2024-05-01T00:00:00Z,125,FALSE
379,,,2024-05-01T00:00:00Z,136,FALSE
379,,,2024-05-01T00:00:00Z,141,FALSE
379,,,2024-05-01T00:00:00Z,45,FALSE
379,,,2024-05-01T00:00:00Z,143,FALSE
379,,,2024-05-01T00:00:00Z,137,FALSE
379,,,2024-05-01T00:00:00Z,142,FALSE
379,,,2024-05-01T00:00:00Z,370,FALSE
379,,,2024-05-01T00:00:00Z,371,FALSE
379,,,2024-05-01T00:00:00Z,372,FALSE
379,,,2024-05-01T00:00:00Z,330,FALSE
379,,,2024-05-01T00:00:00Z,373,FALSE
379,,,2024-05-01T00:00:00Z,211,FALSE
379,,,2024-05-01T00:00:00Z,226,FALSE
379,,,2024-05-01T00:00:00Z,233,FALSE
379,,,2024-05-01T00:00:00Z,378,FALSE
379,,,2024-05-01T00:00:00Z,377,FALSE
379,,,2024-05-01T00:00:00Z,310,FALSE
379,,,2024-05-01T00:00:00Z,382,FALSE
379,,,2024-05-01T00:00:00Z,381,FALSE
379,,,2024-05-01T00:00:00Z,383,FALSE
379,,,2024-05-01T00:00:00Z,385,FALSE
379,,,2024-05-01T00:00:00Z,352,FALSE
379,,,2024-05-01T00:00:00Z,353,FALSE
379,,,2024-05-01T00:00:00Z,354,FALSE
379,,,2024-05-01T00:00:00Z,144,FALSE
379,,,2024-05-01T00:00:00Z,356,FALSE
379,,,2024-05-01T00:00:00Z,357,FALSE
379,,,2024-05-01T00:00:00Z,358,FALSE
379,,,2024-05-01T00:00:00Z,355,FALSE
379,,,2024-05-01T00:00:00Z,364,FALSE
379,,,2024-05-01T00:00:00Z,365,FALSE
379,,,2024-05-01T00:00:00Z,366,FALSE
379,,,2024-06-01T00:00:00Z,138,FALSE
379,,,2024-06-01T00:00:00Z,368,FALSE
379,,,2024-06-01T00:00:00Z,140,FALSE
379,,,2024-06-01T00:00:00Z,369,FALSE
379,,,2024-06-01T00:00:00Z,139,FALSE
379,,,2024-06-01T00:00:00Z,125,FALSE
379,,,2024-06-01T00:00:00Z,136,FALSE
379,,,2024-06-01T00:00:00Z,141,FALSE
379,,,2024-06-01T00:00:00Z,45,FALSE
379,,,2024-06-01T00:00:00Z,143,FALSE
379,,,2024-06-01T00:00:00Z,137,FALSE
379,,,2024-06-01T00:00:00Z,142,FALSE
379,,,2024-06-01T00:00:00Z,370,FALSE
379,,,2024-06-01T00:00:00Z,371,FALSE
379,,,2024-06-01T00:00:00Z,372,FALSE
379,,,2024-06-01T00:00:00Z,330,FALSE
379,,,2024-06-01T00:00:00Z,373,FALSE
379,,,2024-06-01T00:00:00Z,211,FALSE
379,,,2024-06-01T00:00:00Z,226,FALSE
379,,,2024-06-01T00:00:00Z,233,FALSE
379,,,2024-06-01T00:00:00Z,378,FALSE
379,,,2024-06-01T00:00:00Z,377,FALSE
379,,,2024-06-01T00:00:00Z,310,FALSE
379,,,2024-06-01T00:00:00Z,382,FALSE
379,,,2024-06-01T00:00:00Z,381,FALSE
379,,,2024-06-01T00:00:00Z,383,FALSE
379,,,2024-06-01T00:00:00Z,385,FALSE
379,,,2024-06-01T00:00:00Z,352,FALSE
379,,,2024-06-01T00:00:00Z,353,FALSE
379,,,2024-06-01T00:00:00Z,354,FALSE
379,,,2024-06-01T00:00:00Z,144,FALSE
379,,,2024-06-01T00:00:00Z,356,FALSE
379,,,2024-06-01T00:00:00Z,357,FALSE
379,,,2024-06-01T00:00:00Z,358,FALSE
379,,,2024-06-01T00:00:00Z,355,FALSE
379,,,2024-06-01T00:00:00Z,364,FALSE
379,,,2024-06-01T00:00:00Z,365,FALSE
379,,,2024-06-01T00:00:00Z,366,FALSE
379,,,2024-07-01T00:00:00Z,138,FALSE
379,,,2024-07-01T00:00:00Z,368,FALSE
379,,,2024-07-01T00:00:00Z,140,FALSE
379,,,2024-07-01T00:00:00Z,369,FALSE
379,,,2024-07-01T00:00:00Z,139,FALSE
379,,,2024-07-01T00:00:00Z,125,FALSE
379,,,2024-07-01T00:00:00Z,136,FALSE
379,,,2024-07-01T00:00:00Z,141,FALSE
379,,,2024-07-01T00:00:00Z,45,FALSE
379,,,2024-07-01T00:00:00Z,143,FALSE
379,,,2024-07-01T00:00:00Z,137,FALSE
379,,,2024-07-01T00:00:00Z,142,FALSE
379,,,2024-07-01T00:00:00Z,370,FALSE
379,,,2024-07-01T00:00:00Z,371,FALSE
379,,,2024-07-01T00:00:00Z,372,FALSE
379,,,2024-07-01T00:00:00Z,330,FALSE
379,,,2024-07-01T00:00:00Z,373,FALSE
379,,,2024-07-01T00:00:00Z,211,FALSE
379,,,2024-07-01T00:00:00Z,226,FALSE
379,,,2024-07-01T00:00:00Z,233,FALSE
379,,,2024-07-01T00:00:00Z,378,FALSE
379,,,2024-07-01T00:00:00Z,377,FALSE
379,,,2024-07-01T00:00:00Z,310,FALSE
379,,,2024-07-01T00:00:00Z,382,FALSE
379,,,2024-07-01T00:00:00Z,381,FALSE
379,,,2024-07-01T00:00:00Z,383,FALSE
379,,,2024-07-01T00:00:00Z,385,FALSE
379,,,2024-07-01T00:00:00Z,352,FALSE
379,,,2024-07-01T00:00:00Z,353,FALSE
379,,,2024-07-01T00:00:00Z,354,FALSE
379,,,2024-07-01T00:00:00Z,144,FALSE
379,,,2024-07-01T00:00:00Z,356,FALSE
379,,,2024-07-01T00:00:00Z,357,FALSE
379,,,2024-07-01T00:00:00Z,358,FALSE
379,,,2024-07-01T00:00:00Z,355,FALSE
379,,,2024-07-01T00:00:00Z,364,FALSE
379,,,2024-07-01T00:00:00Z,365,FALSE
379,,,2024-07-01T00:00:00Z,366,FALSE
379,,,2024-08-01T00:00:00Z,138,FALSE
379,,,2024-08-01T00:00:00Z,368,FALSE
379,,,2024-08-01T00:00:00Z,140,FALSE
379,,,2024-08-01T00:00:00Z,369,FALSE
379,,,2024-08-01T00:00:00Z,139,FALSE
379,,,2024-08-01T00:00:00Z,125,FALSE
379,,,2024-08-01T00:00:00Z,136,FALSE
379,,,2024-08-01T00:00:00Z,141,FALSE
379,,,2024-08-01T00:00:00Z,45,FALSE
379,,,2024-08-01T00:00:00Z,143,FALSE
379,,,2024-08-01T00:00:00Z,137,FALSE
379,,,2024-08-01T00:00:00Z,142,FALSE
379,,,2024-08-01T00:00:00Z,370,FALSE
379,,,2024-08-01T00:00:00Z,371,FALSE
379,,,2024-08-01T00:00:00Z,372,FALSE
379,,,2024-08-01T00:00:00Z,330,FALSE
379,,,2024-08-01T00:00:00Z,373,FALSE
379,,,2024-08-01T00:00:00Z,211,FALSE
379,,,2024-08-01T00:00:00Z,226,FALSE
379,,,2024-08-01T00:00:00Z,233,FALSE
379,,,2024-08-01T00:00:00Z,378,FALSE
379,,,2024-08-01T00:00:00Z,377,FALSE
379,,,2024-08-01T00:00:00Z,310,FALSE
379,,,2024-08-01T00:00:00Z,382,FALSE
379,,,2024-08-01T00:00:00Z,381,FALSE
379,,,2024-08-01T00:00:00Z,383,FALSE
379,,,2024-08-01T00:00:00Z,385,FALSE
379,,,2024-08-01T00:00:00Z,352,FALSE
379,,,2024-08-01T00:00:00Z,353,FALSE
379,,,2024-08-01T00:00:00Z,354,FALSE
379,,,2024-08-01T00:00:00Z,144,FALSE
379,,,2024-08-01T00:00:00Z,356,FALSE
379,,,2024-08-01T00:00:00Z,357,FALSE
379,,,2024-08-01T00:00:00Z,358,FALSE
379,,,2024-08-01T00:00:00Z,355,FALSE
379,,,2024-08-01T00:00:00Z,364,FALSE
379,,,2024-08-01T00:00:00Z,365,FALSE
379,,,2024-08-01T00:00:00Z,366,FALSE
379,,,2024-09-01T00:00:00Z,138,FALSE
379,,,2024-09-01T00:00:00Z,368,FALSE
379,,,2024-09-01T00:00:00Z,140,FALSE
379,,,2024-09-01T00:00:00Z,369,FALSE
379,,,2024-09-01T00:00:00Z,139,FALSE
379,,,2024-09-01T00:00:00Z,125,FALSE
379,,,2024-09-01T00:00:00Z,136,FALSE
379,,,2024-09-01T00:00:00Z,141,FALSE
379,,,2024-09-01T00:00:00Z,45,FALSE
379,,,2024-09-01T00:00:00Z,143,FALSE
379,,,2024-09-01T00:00:00Z,137,FALSE
379,,,2024-09-01T00:00:00Z,142,FALSE
379,,,2024-09-01T00:00:00Z,370,FALSE
379,,,2024-09-01T00:00:00Z,371,FALSE
379,,,2024-09-01T00:00:00Z,372,FALSE
379,,,2024-09-01T00:00:00Z,330,FALSE
379,,,2024-09-01T00:00:00Z,373,FALSE
379,,,2024-09-01T00:00:00Z,211,FALSE
379,,,2024-09-01T00:00:00Z,226,FALSE
379,,,2024-09-01T00:00:00Z,233,FALSE
379,,,2024-09-01T00:00:00Z,378,FALSE
379,,,2024-09-01T00:00:00Z,377,FALSE
379,,,2024-09-01T00:00:00Z,310,FALSE
379,,,2024-09-01T00:00:00Z,382,FALSE
379,,,2024-09-01T00:00:00Z,381,FALSE
379,,,2024-09-01T00:00:00Z,383,FALSE
379,,,2024-09-01T00:00:00Z,385,FALSE
379,,,2024-09-01T00:00:00Z,352,FALSE
379,,,2024-09-01T00:00:00Z,353,FALSE
379,,,2024-09-01T00:00:00Z,354,FALSE
379,,,2024-09-01T00:00:00Z,144,FALSE
379,,,2024-09-01T00:00:00Z,356,FALSE
379,,,2024-09-01T00:00:00Z,357,FALSE
379,,,2024-09-01T00:00:00Z,358,FALSE
379,,,2024-09-01T00:00:00Z,355,FALSE
379,,,2024-09-01T00:00:00Z,364,FALSE
379,,,2024-09-01T00:00:00Z,365,FALSE
379,,,2024-09-01T00:00:00Z,366,FALSE
379,,,2024-10-01T00:00:00Z,138,FALSE
379,,,2024-10-01T00:00:00Z,368,FALSE
379,,,2024-10-01T00:00:00Z,140,FALSE
379,,,2024-10-01T00:00:00Z,369,FALSE
379,,,2024-10-01T00:00:00Z,139,FALSE
379,,,2024-10-01T00:00:00Z,125,FALSE
379,,,2024-10-01T00:00:00Z,136,FALSE
379,,,2024-10-01T00:00:00Z,141,FALSE
379,,,2024-10-01T00:00:00Z,45,FALSE
379,,,2024-10-01T00:00:00Z,143,FALSE
379,,,2024-10-01T00:00:00Z,137,FALSE
379,,,2024-10-01T00:00:00Z,142,FALSE
379,,,2024-10-01T00:00:00Z,370,FALSE
379,,,2024-10-01T00:00:00Z,371,FALSE
379,,,2024-10-01T00:00:00Z,372,FALSE
379,,,2024-10-01T00:00:00Z,330,FALSE
379,,,2024-10-01T00:00:00Z,373,FALSE
379,,,2024-10-01T00:00:00Z,211,FALSE
379,,,2024-10-01T00:00:00Z,226,FALSE
379,,,2024-10-01T00:00:00Z,233,FALSE
379,,,2024-10-01T00:00:00Z,378,FALSE
379,,,2024-10-01T00:00:00Z,377,FALSE
379,,,2024-10-01T00:00:00Z,310,FALSE
379,,,2024-10-01T00:00:00Z,382,FALSE
379,,,2024-10-01T00:00:00Z,381,FALSE
379,,,2024-10-01T00:00:00Z,383,FALSE
379,,,2024-10-01T00:00:00Z,385,FALSE
379,,,2024-10-01T00:00:00Z,352,FALSE
379,,,2024-10-01T00:00:00Z,353,FALSE
379,,,2024-10-01T00:00:00Z,354,FALSE
379,,,2024-10-01T00:00:00Z,144,FALSE
379,,,2024-10-01T00:00:00Z,356,FALSE
379,,,2024-10-01T00:00:00Z,357,FALSE
379,,,2024-10-01T00:00:00Z,358,FALSE
379,,,2024-10-01T00:00:00Z,355,FALSE
379,,,2024-10-01T00:00:00Z,364,FALSE
379,,,2024-10-01T00:00:00Z,365,FALSE
379,,,2024-10-01T00:00:00Z,366,FALSE
379,,,2024-11-01T00:00:00Z,138,FALSE
379,,,2024-11-01T00:00:00Z,368,FALSE
379,,,2024-11-01T00:00:00Z,140,FALSE
379,,,2024-11-01T00:00:00Z,369,FALSE
379,,,2024-11-01T00:00:00Z,139,FALSE
379,,,2024-11-01T00:00:00Z,125,FALSE
379,,,2024-11-01T00:00:00Z,136,FALSE
379,,,2024-11-01T00:00:00Z,141,FALSE
379,,,2024-11-01T00:00:00Z,45,FALSE
379,,,2024-11-01T00:00:00Z,143,FALSE
379,,,2024-11-01T00:00:00Z,137,FALSE
379,,,2024-11-01T00:00:00Z,142,FALSE
379,,,2024-11-01T00:00:00Z,370,FALSE
379,,,2024-11-01T00:00:00Z,371,FALSE
379,,,2024-11-01T00:00:00Z,372,FALSE
379,,,2024-11-01T00:00:00Z,330,FALSE
379,,,2024-11-01T00:00:00Z,373,FALSE
379,,,2024-11-01T00:00:00Z,211,FALSE
379,,,2024-11-01T00:00:00Z,226,FALSE
379,,,2024-11-01T00:00:00Z,233,FALSE
379,,,2024-11-01T00:00:00Z,378,FALSE
379,,,2024-11-01T00:00:00Z,377,FALSE
379,,,2024-11-01T00:00:00Z,310,FALSE
379,,,2024-11-01T00:00:00Z,382,FALSE
379,,,2024-11-01T00:00:00Z,381,FALSE
379,,,2024-11-01T00:00:00Z,383,FALSE
379,,,2024-11-01T00:00:00Z,385,FALSE
379,,,2024-11-01T00:00:00Z,352,FALSE
379,,,2024-11-01T00:00:00Z,353,FALSE
379,,,2024-11-01T00:00:00Z,354,FALSE
379,,,2024-11-01T00:00:00Z,144,FALSE
379,,,2024-11-01T00:00:00Z,356,FALSE
379,,,2024-11-01T00:00:00Z,357,FALSE
379,,,2024-11-01T00:00:00Z,358,FALSE
379,,,2024-11-01T00:00:00Z,355,FALSE
379,,,2024-11-01T00:00:00Z,364,FALSE
379,,,2024-11-01T00:00:00Z,365,FALSE
379,,,2024-11-01T00:00:00Z,366,FALSE
379,,,2024-12-01T00:00:00Z,138,FALSE
379,,,2024-12-01T00:00:00Z,368,FALSE
379,,,2024-12-01T00:00:00Z,140,FALSE
379,,,2024-12-01T00:00:00Z,369,FALSE
379,,,2024-12-01T00:00:00Z,139,FALSE
379,,,2024-12-01T00:00:00Z,125,FALSE
379,,,2024-12-01T00:00:00Z,136,FALSE
379,,,2024-12-01T00:00:00Z,141,FALSE
379,,,2024-12-01T00:00:00Z,45,FALSE
379,,,2024-12-01T00:00:00Z,143,FALSE
379,,,2024-12-01T00:00:00Z,137,FALSE
379,,,2024-12-01T00:00:00Z,142,FALSE
379,,,2024-12-01T00:00:00Z,370,FALSE
379,,,2024-12-01T00:00:00Z,371,FALSE
379,,,2024-12-01T00:00:00Z,372,FALSE
379,,,2024-12-01T00:00:00Z,330,FALSE
379,,,2024-12-01T00:00:00Z,373,FALSE
379,,,2024-12-01T00:00:00Z,211,FALSE
379,,,2024-12-01T00:00:00Z,226,FALSE
379,,,2024-12-01T00:00:00Z,233,FALSE
379,,,2024-12-01T00:00:00Z,378,FALSE
379,,,2024-12-01T00:00:00Z,377,FALSE
379,,,2024-12-01T00:00:00Z,310,FALSE
379,,,2024-12-01T00:00:00Z,382,FALSE
379,,,2024-12-01T00:00:00Z,381,FALSE
379,,,2024-12-01T00:00:00Z,383,FALSE
379,,,2024-12-01T00:00:00Z,385,FALSE
379,,,2024-12-01T00:00:00Z,352,FALSE
379,,,2024-12-01T00:00:00Z,353,FALSE
379,,,2024-12-01T00:00:00Z,354,FALSE
379,,,2024-12-01T00:00:00Z,144,FALSE
379,,,2024-12-01T00:00:00Z,356,FALSE
379,,,2024-12-01T00:00:00Z,357,FALSE
379,,,2024-12-01T00:00:00Z,358,FALSE
379,,,2024-12-01T00:00:00Z,355,FALSE
379,,,2024-12-01T00:00:00Z,364,FALSE
379,,,2024-12-01T00:00:00Z,365,FALSE
379,,,2024-12-01T00:00:00Z,366,FALSE
381,,,2024-01-01T00:00:00Z,138,FALSE
381,,,2024-01-01T00:00:00Z,368,FALSE
381,,,2024-01-01T00:00:00Z,140,FALSE
381,,,2024-01-01T00:00:00Z,369,FALSE
381,,,2024-01-01T00:00:00Z,139,FALSE
381,,,2024-01-01T00:00:00Z,125,FALSE
381,,,2024-01-01T00:00:00Z,136,FALSE
381,,,2024-01-01T00:00:00Z,141,FALSE
381,,,2024-01-01T00:00:00Z,45,FALSE
381,,,2024-01-01T00:00:00Z,143,FALSE
381,,,2024-01-01T00:00:00Z,137,FALSE
381,,,2024-01-01T00:00:00Z,142,FALSE
381,,,2024-01-01T00:00:00Z,370,FALSE
381,,,2024-01-01T00:00:00Z,371,FALSE
381,,,2024-01-01T00:00:00Z,372,FALSE
381,,,2024-01-01T00:00:00Z,330,FALSE
381,,,2024-01-01T00:00:00Z,373,FALSE
381,,,2024-01-01T00:00:00Z,211,FALSE
381,,,2024-01-01T00:00:00Z,226,FALSE
381,,,2024-01-01T00:00:00Z,233,FALSE
381,,,2024-01-01T00:00:00Z,378,FALSE
381,,,2024-01-01T00:00:00Z,377,FALSE
381,,,2024-01-01T00:00:00Z,310,FALSE
381,,,2024-01-01T00:00:00Z,379,FALSE
381,,,2024-01-01T00:00:00Z,382,FALSE
381,,,2024-01-01T00:00:00Z,383,FALSE
381,,,2024-01-01T00:00:00Z,385,FALSE
381,,,2024-01-01T00:00:00Z,352,FALSE
381,,,2024-01-01T00:00:00Z,353,FALSE
381,,,2024-01-01T00:00:00Z,354,FALSE
381,,,2024-01-01T00:00:00Z,144,FALSE
381,,,2024-01-01T00:00:00Z,356,FALSE
381,,,2024-01-01T00:00:00Z,357,FALSE
381,,,2024-01-01T00:00:00Z,358,FALSE
381,,,2024-01-01T00:00:00Z,355,FALSE
381,,,2024-01-01T00:00:00Z,364,FALSE
381,,,2024-01-01T00:00:00Z,365,FALSE
381,,,2024-01-01T00:00:00Z,366,FALSE
381,,,2024-02-01T00:00:00Z,138,FALSE
381,,,2024-02-01T00:00:00Z,368,FALSE
381,,,2024-02-01T00:00:00Z,140,FALSE
381,,,2024-02-01T00:00:00Z,369,FALSE
381,,,2024-02-01T00:00:00Z,139,FALSE
381,,,2024-02-01T00:00:00Z,125,FALSE
381,,,2024-02-01T00:00:00Z,136,FALSE
381,,,2024-02-01T00:00:00Z,141,FALSE
381,,,2024-02-01T00:00:00Z,45,FALSE
381,,,2024-02-01T00:00:00Z,143,FALSE
381,,,2024-02-01T00:00:00Z,137,FALSE
381,,,2024-02-01T00:00:00Z,142,FALSE
381,,,2024-02-01T00:00:00Z,370,FALSE
381,,,2024-02-01T00:00:00Z,371,FALSE
381,,,2024-02-01T00:00:00Z,372,FALSE
381,,,2024-02-01T00:00:00Z,330,FALSE
381,,,2024-02-01T00:00:00Z,373,FALSE
381,,,2024-02-01T00:00:00Z,211,FALSE
381,,,2024-02-01T00:00:00Z,226,FALSE
381,,,2024-02-01T00:00:00Z,233,FALSE
381,,,2024-02-01T00:00:00Z,378,FALSE
381,,,2024-02-01T00:00:00Z,377,FALSE
381,,,2024-02-01T00:00:00Z,310,FALSE
381,,,2024-02-01T00:00:00Z,379,FALSE
381,,,2024-02-01T00:00:00Z,382,FALSE
381,,,2024-02-01T00:00:00Z,383,FALSE
381,,,2024-02-01T00:00:00Z,385,FALSE
381,,,2024-02-01T00:00:00Z,352,FALSE
381,,,2024-02-01T00:00:00Z,353,FALSE
381,,,2024-02-01T00:00:00Z,354,FALSE
381,,,2024-02-01T00:00:00Z,144,FALSE
381,,,2024-02-01T00:00:00Z,356,FALSE
381,,,2024-02-01T00:00:00Z,357,FALSE
381,,,2024-02-01T00:00:00Z,358,FALSE
381,,,2024-02-01T00:00:00Z,355,FALSE
381,,,2024-02-01T00:00:00Z,364,FALSE
381,,,2024-02-01T00:00:00Z,365,FALSE
381,,,2024-02-01T00:00:00Z,366,FALSE
381,,,2024-03-01T00:00:00Z,138,FALSE
381,,,2024-03-01T00:00:00Z,368,FALSE
381,,,2024-03-01T00:00:00Z,140,FALSE
381,,,2024-03-01T00:00:00Z,369,FALSE
381,,,2024-03-01T00:00:00Z,139,FALSE
381,,,2024-03-01T00:00:00Z,125,FALSE
381,,,2024-03-01T00:00:00Z,136,FALSE
381,,,2024-03-01T00:00:00Z,141,FALSE
381,,,2024-03-01T00:00:00Z,45,FALSE
381,,,2024-03-01T00:00:00Z,143,FALSE
381,,,2024-03-01T00:00:00Z,137,FALSE
381,,,2024-03-01T00:00:00Z,142,FALSE
381,,,2024-03-01T00:00:00Z,370,FALSE
381,,,2024-03-01T00:00:00Z,371,FALSE
381,,,2024-03-01T00:00:00Z,372,FALSE
381,,,2024-03-01T00:00:00Z,330,FALSE
381,,,2024-03-01T00:00:00Z,373,FALSE
381,,,2024-03-01T00:00:00Z,211,FALSE
381,,,2024-03-01T00:00:00Z,226,FALSE
381,,,2024-03-01T00:00:00Z,233,FALSE
381,,,2024-03-01T00:00:00Z,378,FALSE
381,,,2024-03-01T00:00:00Z,377,FALSE
381,,,2024-03-01T00:00:00Z,310,FALSE
381,,,2024-03-01T00:00:00Z,379,FALSE
381,,,2024-03-01T00:00:00Z,382,FALSE
381,,,2024-03-01T00:00:00Z,383,FALSE
381,,,2024-03-01T00:00:00Z,385,FALSE
381,,,2024-03-01T00:00:00Z,352,FALSE
381,,,2024-03-01T00:00:00Z,353,FALSE
381,,,2024-03-01T00:00:00Z,354,FALSE
381,,,2024-03-01T00:00:00Z,144,FALSE
381,,,2024-03-01T00:00:00Z,356,FALSE
381,,,2024-03-01T00:00:00Z,357,FALSE
381,,,2024-03-01T00:00:00Z,358,FALSE
381,,,2024-03-01T00:00:00Z,355,FALSE
381,,,2024-03-01T00:00:00Z,364,FALSE
381,,,2024-03-01T00:00:00Z,365,FALSE
381,,,2024-03-01T00:00:00Z,366,FALSE
381,,,2024-04-01T00:00:00Z,138,FALSE
381,,,2024-04-01T00:00:00Z,368,FALSE
381,,,2024-04-01T00:00:00Z,140,FALSE
381,,,2024-04-01T00:00:00Z,369,FALSE
381,,,2024-04-01T00:00:00Z,139,FALSE
381,,,2024-04-01T00:00:00Z,125,FALSE
381,,,2024-04-01T00:00:00Z,136,FALSE
381,,,2024-04-01T00:00:00Z,141,FALSE
381,,,2024-04-01T00:00:00Z,45,FALSE
381,,,2024-04-01T00:00:00Z,143,FALSE
381,,,2024-04-01T00:00:00Z,137,FALSE
381,,,2024-04-01T00:00:00Z,142,FALSE
381,,,2024-04-01T00:00:00Z,370,FALSE
381,,,2024-04-01T00:00:00Z,371,FALSE
381,,,2024-04-01T00:00:00Z,372,FALSE
381,,,2024-04-01T00:00:00Z,330,FALSE
381,,,2024-04-01T00:00:00Z,373,FALSE
381,,,2024-04-01T00:00:00Z,211,FALSE
381,,,2024-04-01T00:00:00Z,226,FALSE
381,,,2024-04-01T00:00:00Z,233,FALSE
381,,,2024-04-01T00:00:00Z,378,FALSE
381,,,2024-04-01T00:00:00Z,377,FALSE
381,,,2024-04-01T00:00:00Z,310,FALSE
381,,,2024-04-01T00:00:00Z,379,FALSE
381,,,2024-04-01T00:00:00Z,382,FALSE
381,,,2024-04-01T00:00:00Z,383,FALSE
381,,,2024-04-01T00:00:00Z,385,FALSE
381,,,2024-04-01T00:00:00Z,352,FALSE
381,,,2024-04-01T00:00:00Z,353,FALSE
381,,,2024-04-01T00:00:00Z,354,FALSE
381,,,2024-04-01T00:00:00Z,144,FALSE
381,,,2024-04-01T00:00:00Z,356,FALSE
381,,,2024-04-01T00:00:00Z,357,FALSE
381,,,2024-04-01T00:00:00Z,358,FALSE
381,,,2024-04-01T00:00:00Z,355,FALSE
381,,,2024-04-01T00:00:00Z,364,FALSE
381,,,2024-04-01T00:00:00Z,365,FALSE
381,,,2024-04-01T00:00:00Z,366,FALSE
381,,,2024-05-01T00:00:00Z,138,FALSE
381,,,2024-05-01T00:00:00Z,368,FALSE
381,,,2024-05-01T00:00:00Z,140,FALSE
381,,,2024-05-01T00:00:00Z,369,FALSE
381,,,2024-05-01T00:00:00Z,139,FALSE
381,,,2024-05-01T00:00:00Z,125,FALSE
381,,,2024-05-01T00:00:00Z,136,FALSE
381,,,2024-05-01T00:00:00Z,141,FALSE
381,,,2024-05-01T00:00:00Z,45,FALSE
381,,,2024-05-01T00:00:00Z,143,FALSE
381,,,2024-05-01T00:00:00Z,137,FALSE
381,,,2024-05-01T00:00:00Z,142,FALSE
381,,,2024-05-01T00:00:00Z,370,FALSE
381,,,2024-05-01T00:00:00Z,371,FALSE
381,,,2024-05-01T00:00:00Z,372,FALSE
381,,,2024-05-01T00:00:00Z,330,FALSE
381,,,2024-05-01T00:00:00Z,373,FALSE
381,,,2024-05-01T00:00:00Z,211,FALSE
381,,,2024-05-01T00:00:00Z,226,FALSE
381,,,2024-05-01T00:00:00Z,233,FALSE
381,,,2024-05-01T00:00:00Z,378,FALSE
381,,,2024-05-01T00:00:00Z,377,FALSE
381,,,2024-05-01T00:00:00Z,310,FALSE
381,,,2024-05-01T00:00:00Z,379,FALSE
381,,,2024-05-01T00:00:00Z,382,FALSE
381,,,2024-05-01T00:00:00Z,383,FALSE
381,,,2024-05-01T00:00:00Z,385,FALSE
381,,,2024-05-01T00:00:00Z,352,FALSE
381,,,2024-05-01T00:00:00Z,353,FALSE
381,,,2024-05-01T00:00:00Z,354,FALSE
381,,,2024-05-01T00:00:00Z,144,FALSE
381,,,2024-05-01T00:00:00Z,356,FALSE
381,,,2024-05-01T00:00:00Z,357,FALSE
381,,,2024-05-01T00:00:00Z,358,FALSE
381,,,2024-05-01T00:00:00Z,355,FALSE
381,,,2024-05-01T00:00:00Z,364,FALSE
381,,,2024-05-01T00:00:00Z,365,FALSE
381,,,2024-05-01T00:00:00Z,366,FALSE
381,,,2024-06-01T00:00:00Z,138,FALSE
381,,,2024-06-01T00:00:00Z,368,FALSE
381,,,2024-06-01T00:00:00Z,140,FALSE
381,,,2024-06-01T00:00:00Z,369,FALSE
381,,,2024-06-01T00:00:00Z,139,FALSE
381,,,2024-06-01T00:00:00Z,125,FALSE
381,,,2024-06-01T00:00:00Z,136,FALSE
381,,,2024-06-01T00:00:00Z,141,FALSE
381,,,2024-06-01T00:00:00Z,45,FALSE
381,,,2024-06-01T00:00:00Z,143,FALSE
381,,,2024-06-01T00:00:00Z,137,FALSE
381,,,2024-06-01T00:00:00Z,142,FALSE
381,,,2024-06-01T00:00:00Z,370,FALSE
381,,,2024-06-01T00:00:00Z,371,FALSE
381,,,2024-06-01T00:00:00Z,372,FALSE
381,,,2024-06-01T00:00:00Z,330,FALSE
381,,,2024-06-01T00:00:00Z,373,FALSE
381,,,2024-06-01T00:00:00Z,211,FALSE
381,,,2024-06-01T00:00:00Z,226,FALSE
381,,,2024-06-01T00:00:00Z,233,FALSE
381,,,2024-06-01T00:00:00Z,378,FALSE
381,,,2024-06-01T00:00:00Z,377,FALSE
381,,,2024-06-01T00:00:00Z,310,FALSE
381,,,2024-06-01T00:00:00Z,379,FALSE
381,,,2024-06-01T00:00:00Z,382,FALSE
381,,,2024-06-01T00:00:00Z,383,FALSE
381,,,2024-06-01T00:00:00Z,385,FALSE
381,,,2024-06-01T00:00:00Z,352,FALSE
381,,,2024-06-01T00:00:00Z,353,FALSE
381,,,2024-06-01T00:00:00Z,354,FALSE
381,,,2024-06-01T00:00:00Z,144,FALSE
381,,,2024-06-01T00:00:00Z,356,FALSE
381,,,2024-06-01T00:00:00Z,357,FALSE
381,,,2024-06-01T00:00:00Z,358,FALSE
381,,,2024-06-01T00:00:00Z,355,FALSE
381,,,2024-06-01T00:00:00Z,364,FALSE
381,,,2024-06-01T00:00:00Z,365,FALSE
381,,,2024-06-01T00:00:00Z,366,FALSE
381,,,2024-07-01T00:00:00Z,138,FALSE
381,,,2024-07-01T00:00:00Z,368,FALSE
381,,,2024-07-01T00:00:00Z,140,FALSE
381,,,2024-07-01T00:00:00Z,369,FALSE
381,,,2024-07-01T00:00:00Z,139,FALSE
381,,,2024-07-01T00:00:00Z,125,FALSE
381,,,2024-07-01T00:00:00Z,136,FALSE
381,,,2024-07-01T00:00:00Z,141,FALSE
381,,,2024-07-01T00:00:00Z,45,FALSE
381,,,2024-07-01T00:00:00Z,143,FALSE
381,,,2024-07-01T00:00:00Z,137,FALSE
381,,,2024-07-01T00:00:00Z,142,FALSE
381,,,2024-07-01T00:00:00Z,370,FALSE
381,,,2024-07-01T00:00:00Z,371,FALSE
381,,,2024-07-01T00:00:00Z,372,FALSE
381,,,2024-07-01T00:00:00Z,330,FALSE
381,,,2024-07-01T00:00:00Z,373,FALSE
381,,,2024-07-01T00:00:00Z,211,FALSE
381,,,2024-07-01T00:00:00Z,226,FALSE
381,,,2024-07-01T00:00:00Z,233,FALSE
381,,,2024-07-01T00:00:00Z,378,FALSE
381,,,2024-07-01T00:00:00Z,377,FALSE
381,,,2024-07-01T00:00:00Z,310,FALSE
381,,,2024-07-01T00:00:00Z,379,FALSE
381,,,2024-07-01T00:00:00Z,382,FALSE
381,,,2024-07-01T00:00:00Z,383,FALSE
381,,,2024-07-01T00:00:00Z,385,FALSE
381,,,2024-07-01T00:00:00Z,352,FALSE
381,,,2024-07-01T00:00:00Z,353,FALSE
381,,,2024-07-01T00:00:00Z,354,FALSE
381,,,2024-07-01T00:00:00Z,144,FALSE
381,,,2024-07-01T00:00:00Z,356,FALSE
381,,,2024-07-01T00:00:00Z,357,FALSE
381,,,2024-07-01T00:00:00Z,358,FALSE
381,,,2024-07-01T00:00:00Z,355,FALSE
381,,,2024-07-01T00:00:00Z,364,FALSE
381,,,2024-07-01T00:00:00Z,365,FALSE
381,,,2024-07-01T00:00:00Z,366,FALSE
381,,,2024-08-01T00:00:00Z,138,FALSE
381,,,2024-08-01T00:00:00Z,368,FALSE
381,,,2024-08-01T00:00:00Z,140,FALSE
381,,,2024-08-01T00:00:00Z,369,FALSE
381,,,2024-08-01T00:00:00Z,139,FALSE
381,,,2024-08-01T00:00:00Z,125,FALSE
381,,,2024-08-01T00:00:00Z,136,FALSE
381,,,2024-08-01T00:00:00Z,141,FALSE
381,,,2024-08-01T00:00:00Z,45,FALSE
381,,,2024-08-01T00:00:00Z,143,FALSE
381,,,2024-08-01T00:00:00Z,137,FALSE
381,,,2024-08-01T00:00:00Z,142,FALSE
381,,,2024-08-01T00:00:00Z,370,FALSE
381,,,2024-08-01T00:00:00Z,371,FALSE
381,,,2024-08-01T00:00:00Z,372,FALSE
381,,,2024-08-01T00:00:00Z,330,FALSE
381,,,2024-08-01T00:00:00Z,373,FALSE
381,,,2024-08-01T00:00:00Z,211,FALSE
381,,,2024-08-01T00:00:00Z,226,FALSE
381,,,2024-08-01T00:00:00Z,233,FALSE
381,,,2024-08-01T00:00:00Z,378,FALSE
381,,,2024-08-01T00:00:00Z,377,FALSE
381,,,2024-08-01T00:00:00Z,310,FALSE
381,,,2024-08-01T00:00:00Z,379,FALSE
381,,,2024-08-01T00:00:00Z,382,FALSE
381,,,2024-08-01T00:00:00Z,383,FALSE
381,,,2024-08-01T00:00:00Z,385,FALSE
381,,,2024-08-01T00:00:00Z,352,FALSE
381,,,2024-08-01T00:00:00Z,353,FALSE
381,,,2024-08-01T00:00:00Z,354,FALSE
381,,,2024-08-01T00:00:00Z,144,FALSE
381,,,2024-08-01T00:00:00Z,356,FALSE
381,,,2024-08-01T00:00:00Z,357,FALSE
381,,,2024-08-01T00:00:00Z,358,FALSE
381,,,2024-08-01T00:00:00Z,355,FALSE
381,,,2024-08-01T00:00:00Z,364,FALSE
381,,,2024-08-01T00:00:00Z,365,FALSE
381,,,2024-08-01T00:00:00Z,366,FALSE
381,,,2024-09-01T00:00:00Z,138,FALSE
381,,,2024-09-01T00:00:00Z,368,FALSE
381,,,2024-09-01T00:00:00Z,140,FALSE
381,,,2024-09-01T00:00:00Z,369,FALSE
381,,,2024-09-01T00:00:00Z,139,FALSE
381,,,2024-09-01T00:00:00Z,125,FALSE
381,,,2024-09-01T00:00:00Z,136,FALSE
381,,,2024-09-01T00:00:00Z,141,FALSE
381,,,2024-09-01T00:00:00Z,45,FALSE
381,,,2024-09-01T00:00:00Z,143,FALSE
381,,,2024-09-01T00:00:00Z,137,FALSE
381,,,2024-09-01T00:00:00Z,142,FALSE
381,,,2024-09-01T00:00:00Z,370,FALSE
381,,,2024-09-01T00:00:00Z,371,FALSE
381,,,2024-09-01T00:00:00Z,372,FALSE
381,,,2024-09-01T00:00:00Z,330,FALSE
381,,,2024-09-01T00:00:00Z,373,FALSE
381,,,2024-09-01T00:00:00Z,211,FALSE
381,,,2024-09-01T00:00:00Z,226,FALSE
381,,,2024-09-01T00:00:00Z,233,FALSE
381,,,2024-09-01T00:00:00Z,378,FALSE
381,,,2024-09-01T00:00:00Z,377,FALSE
381,,,2024-09-01T00:00:00Z,310,FALSE
381,,,2024-09-01T00:00:00Z,379,FALSE
381,,,2024-09-01T00:00:00Z,382,FALSE
381,,,2024-09-01T00:00:00Z,383,FALSE
381,,,2024-09-01T00:00:00Z,385,FALSE
381,,,2024-09-01T00:00:00Z,352,FALSE
381,,,2024-09-01T00:00:00Z,353,FALSE
381,,,2024-09-01T00:00:00Z,354,FALSE
381,,,2024-09-01T00:00:00Z,144,FALSE
381,,,2024-09-01T00:00:00Z,356,FALSE
381,,,2024-09-01T00:00:00Z,357,FALSE
381,,,2024-09-01T00:00:00Z,358,FALSE
381,,,2024-09-01T00:00:00Z,355,FALSE
381,,,2024-09-01T00:00:00Z,364,FALSE
381,,,2024-09-01T00:00:00Z,365,FALSE
381,,,2024-09-01T00:00:00Z,366,FALSE
381,,,2024-10-01T00:00:00Z,138,FALSE
381,,,2024-10-01T00:00:00Z,368,FALSE
381,,,2024-10-01T00:00:00Z,140,FALSE
381,,,2024-10-01T00:00:00Z,369,FALSE
381,,,2024-10-01T00:00:00Z,139,FALSE
381,,,2024-10-01T00:00:00Z,125,FALSE
381,,,2024-10-01T00:00:00Z,136,FALSE
381,,,2024-10-01T00:00:00Z,141,FALSE
381,,,2024-10-01T00:00:00Z,45,FALSE
381,,,2024-10-01T00:00:00Z,143,FALSE
381,,,2024-10-01T00:00:00Z,137,FALSE
381,,,2024-10-01T00:00:00Z,142,FALSE
381,,,2024-10-01T00:00:00Z,370,FALSE
381,,,2024-10-01T00:00:00Z,371,FALSE
381,,,2024-10-01T00:00:00Z,372,FALSE
381,,,2024-10-01T00:00:00Z,330,FALSE
381,,,2024-10-01T00:00:00Z,373,FALSE
381,,,2024-10-01T00:00:00Z,211,FALSE
381,,,2024-10-01T00:00:00Z,226,FALSE
381,,,2024-10-01T00:00:00Z,233,FALSE
381,,,2024-10-01T00:00:00Z,378,FALSE
381,,,2024-10-01T00:00:00Z,377,FALSE
381,,,2024-10-01T00:00:00Z,310,FALSE
381,,,2024-10-01T00:00:00Z,379,FALSE
381,,,2024-10-01T00:00:00Z,382,FALSE
381,,,2024-10-01T00:00:00Z,383,FALSE
381,,,2024-10-01T00:00:00Z,385,FALSE
381,,,2024-10-01T00:00:00Z,352,FALSE
381,,,2024-10-01T00:00:00Z,353,FALSE
381,,,2024-10-01T00:00:00Z,354,FALSE
381,,,2024-10-01T00:00:00Z,144,FALSE
381,,,2024-10-01T00:00:00Z,356,FALSE
381,,,2024-10-01T00:00:00Z,357,FALSE
381,,,2024-10-01T00:00:00Z,358,FALSE
381,,,2024-10-01T00:00:00Z,355,FALSE
381,,,2024-10-01T00:00:00Z,364,FALSE
381,,,2024-10-01T00:00:00Z,365,FALSE
381,,,2024-10-01T00:00:00Z,366,FALSE
381,,,2024-11-01T00:00:00Z,138,FALSE
381,,,2024-11-01T00:00:00Z,368,FALSE
381,,,2024-11-01T00:00:00Z,140,FALSE
381,,,2024-11-01T00:00:00Z,369,FALSE
381,,,2024-11-01T00:00:00Z,139,FALSE
381,,,2024-11-01T00:00:00Z,125,FALSE
381,,,2024-11-01T00:00:00Z,136,FALSE
381,,,2024-11-01T00:00:00Z,141,FALSE
381,,,2024-11-01T00:00:00Z,45,FALSE
381,,,2024-11-01T00:00:00Z,143,FALSE
381,,,2024-11-01T00:00:00Z,137,FALSE
381,,,2024-11-01T00:00:00Z,142,FALSE
381,,,2024-11-01T00:00:00Z,370,FALSE
381,,,2024-11-01T00:00:00Z,371,FALSE
381,,,2024-11-01T00:00:00Z,372,FALSE
381,,,2024-11-01T00:00:00Z,330,FALSE
381,,,2024-11-01T00:00:00Z,373,FALSE
381,,,2024-11-01T00:00:00Z,211,FALSE
381,,,2024-11-01T00:00:00Z,226,FALSE
381,,,2024-11-01T00:00:00Z,233,FALSE
381,,,2024-11-01T00:00:00Z,378,FALSE
381,,,2024-11-01T00:00:00Z,377,FALSE
381,,,2024-11-01T00:00:00Z,310,FALSE
381,,,2024-11-01T00:00:00Z,379,FALSE
381,,,2024-11-01T00:00:00Z,382,FALSE
381,,,2024-11-01T00:00:00Z,383,FALSE
381,,,2024-11-01T00:00:00Z,385,FALSE
381,,,2024-11-01T00:00:00Z,352,FALSE
381,,,2024-11-01T00:00:00Z,353,FALSE
381,,,2024-11-01T00:00:00Z,354,FALSE
381,,,2024-11-01T00:00:00Z,144,FALSE
381,,,2024-11-01T00:00:00Z,356,FALSE
381,,,2024-11-01T00:00:00Z,357,FALSE
381,,,2024-11-01T00:00:00Z,358,FALSE
381,,,2024-11-01T00:00:00Z,355,FALSE
381,,,2024-11-01T00:00:00Z,364,FALSE
381,,,2024-11-01T00:00:00Z,365,FALSE
381,,,2024-11-01T00:00:00Z,366,FALSE
381,,,2024-12-01T00:00:00Z,138,FALSE
381,,,2024-12-01T00:00:00Z,368,FALSE
381,,,2024-12-01T00:00:00Z,140,FALSE
381,,,2024-12-01T00:00:00Z,369,FALSE
381,,,2024-12-01T00:00:00Z,139,FALSE
381,,,2024-12-01T00:00:00Z,125,FALSE
381,,,2024-12-01T00:00:00Z,136,FALSE
381,,,2024-12-01T00:00:00Z,141,FALSE
381,,,2024-12-01T00:00:00Z,45,FALSE
381,,,2024-12-01T00:00:00Z,143,FALSE
381,,,2024-12-01T00:00:00Z,137,FALSE
381,,,2024-12-01T00:00:00Z,142,FALSE
381,,,2024-12-01T00:00:00Z,370,FALSE
381,,,2024-12-01T00:00:00Z,371,FALSE
381,,,2024-12-01T00:00:00Z,372,FALSE
381,,,2024-12-01T00:00:00Z,330,FALSE
381,,,2024-12-01T00:00:00Z,373,FALSE
381,,,2024-12-01T00:00:00Z,211,FALSE
381,,,2024-12-01T00:00:00Z,226,FALSE
381,,,2024-12-01T00:00:00Z,233,FALSE
381,,,2024-12-01T00:00:00Z,378,FALSE
381,,,2024-12-01T00:00:00Z,377,FALSE
381,,,2024-12-01T00:00:00Z,310,FALSE
381,,,2024-12-01T00:00:00Z,379,FALSE
381,,,2024-12-01T00:00:00Z,382,FALSE
381,,,2024-12-01T00:00:00Z,383,FALSE
381,,,2024-12-01T00:00:00Z,385,FALSE
381,,,2024-12-01T00:00:00Z,352,FALSE
381,,,2024-12-01T00:00:00Z,353,FALSE
381,,,2024-12-01T00:00:00Z,354,FALSE
381,,,2024-12-01T00:00:00Z,144,FALSE
381,,,2024-12-01T00:00:00Z,356,FALSE
381,,,2024-12-01T00:00:00Z,357,FALSE
381,,,2024-12-01T00:00:00Z,358,FALSE
381,,,2024-12-01T00:00:00Z,355,FALSE
381,,,2024-12-01T00:00:00Z,364,FALSE
381,,,2024-12-01T00:00:00Z,365,FALSE
381,,,2024-12-01T00:00:00Z,366,FALSE
382,,,2024-01-01T00:00:00Z,138,FALSE
382,,,2024-01-01T00:00:00Z,368,FALSE
382,,,2024-01-01T00:00:00Z,140,FALSE
382,,,2024-01-01T00:00:00Z,369,FALSE
382,,,2024-01-01T00:00:00Z,139,FALSE
382,,,2024-01-01T00:00:00Z,125,FALSE
382,,,2024-01-01T00:00:00Z,136,FALSE
382,,,2024-01-01T00:00:00Z,141,FALSE
382,,,2024-01-01T00:00:00Z,45,FALSE
382,,,2024-01-01T00:00:00Z,143,FALSE
382,,,2024-01-01T00:00:00Z,137,FALSE
382,,,2024-01-01T00:00:00Z,142,FALSE
382,,,2024-01-01T00:00:00Z,370,FALSE
382,,,2024-01-01T00:00:00Z,371,FALSE
382,,,2024-01-01T00:00:00Z,372,FALSE
382,,,2024-01-01T00:00:00Z,330,FALSE
382,,,2024-01-01T00:00:00Z,373,FALSE
382,,,2024-01-01T00:00:00Z,211,FALSE
382,,,2024-01-01T00:00:00Z,226,FALSE
382,,,2024-01-01T00:00:00Z,233,FALSE
382,,,2024-01-01T00:00:00Z,378,FALSE
382,,,2024-01-01T00:00:00Z,377,FALSE
382,,,2024-01-01T00:00:00Z,310,FALSE
382,,,2024-01-01T00:00:00Z,379,FALSE
382,,,2024-01-01T00:00:00Z,381,FALSE
382,,,2024-01-01T00:00:00Z,383,FALSE
382,,,2024-01-01T00:00:00Z,385,FALSE
382,,,2024-01-01T00:00:00Z,352,FALSE
382,,,2024-01-01T00:00:00Z,353,FALSE
382,,,2024-01-01T00:00:00Z,354,FALSE
382,,,2024-01-01T00:00:00Z,144,FALSE
382,,,2024-01-01T00:00:00Z,356,FALSE
382,,,2024-01-01T00:00:00Z,357,FALSE
382,,,2024-01-01T00:00:00Z,358,FALSE
382,,,2024-01-01T00:00:00Z,355,FALSE
382,,,2024-01-01T00:00:00Z,364,FALSE
382,,,2024-01-01T00:00:00Z,365,FALSE
382,,,2024-01-01T00:00:00Z,366,FALSE
382,,,2024-02-01T00:00:00Z,138,FALSE
382,,,2024-02-01T00:00:00Z,368,FALSE
382,,,2024-02-01T00:00:00Z,140,FALSE
382,,,2024-02-01T00:00:00Z,369,FALSE
382,,,2024-02-01T00:00:00Z,139,FALSE
382,,,2024-02-01T00:00:00Z,125,FALSE
382,,,2024-02-01T00:00:00Z,136,FALSE
382,,,2024-02-01T00:00:00Z,141,FALSE
382,,,2024-02-01T00:00:00Z,45,FALSE
382,,,2024-02-01T00:00:00Z,143,FALSE
382,,,2024-02-01T00:00:00Z,137,FALSE
382,,,2024-02-01T00:00:00Z,142,FALSE
382,,,2024-02-01T00:00:00Z,370,FALSE
382,,,2024-02-01T00:00:00Z,371,FALSE
382,,,2024-02-01T00:00:00Z,372,FALSE
382,,,2024-02-01T00:00:00Z,330,FALSE
382,,,2024-02-01T00:00:00Z,373,FALSE
382,,,2024-02-01T00:00:00Z,211,FALSE
382,,,2024-02-01T00:00:00Z,226,FALSE
382,,,2024-02-01T00:00:00Z,233,FALSE
382,,,2024-02-01T00:00:00Z,378,FALSE
382,,,2024-02-01T00:00:00Z,377,FALSE
382,,,2024-02-01T00:00:00Z,310,FALSE
382,,,2024-02-01T00:00:00Z,379,FALSE
382,,,2024-02-01T00:00:00Z,381,FALSE
382,,,2024-02-01T00:00:00Z,383,FALSE
382,,,2024-02-01T00:00:00Z,385,FALSE
382,,,2024-02-01T00:00:00Z,352,FALSE
382,,,2024-02-01T00:00:00Z,353,FALSE
382,,,2024-02-01T00:00:00Z,354,FALSE
382,,,2024-02-01T00:00:00Z,144,FALSE
382,,,2024-02-01T00:00:00Z,356,FALSE
382,,,2024-02-01T00:00:00Z,357,FALSE
382,,,2024-02-01T00:00:00Z,358,FALSE
382,,,2024-02-01T00:00:00Z,355,FALSE
382,,,2024-02-01T00:00:00Z,364,FALSE
382,,,2024-02-01T00:00:00Z,365,FALSE
382,,,2024-02-01T00:00:00Z,366,FALSE
382,,,2024-03-01T00:00:00Z,138,FALSE
382,,,2024-03-01T00:00:00Z,368,FALSE
382,,,2024-03-01T00:00:00Z,140,FALSE
382,,,2024-03-01T00:00:00Z,369,FALSE
382,,,2024-03-01T00:00:00Z,139,FALSE
382,,,2024-03-01T00:00:00Z,125,FALSE
382,,,2024-03-01T00:00:00Z,136,FALSE
382,,,2024-03-01T00:00:00Z,141,FALSE
382,,,2024-03-01T00:00:00Z,45,FALSE
382,,,2024-03-01T00:00:00Z,143,FALSE
382,,,2024-03-01T00:00:00Z,137,FALSE
382,,,2024-03-01T00:00:00Z,142,FALSE
382,,,2024-03-01T00:00:00Z,370,FALSE
382,,,2024-03-01T00:00:00Z,371,FALSE
382,,,2024-03-01T00:00:00Z,372,FALSE
382,,,2024-03-01T00:00:00Z,330,FALSE
382,,,2024-03-01T00:00:00Z,373,FALSE
382,,,2024-03-01T00:00:00Z,211,FALSE
382,,,2024-03-01T00:00:00Z,226,FALSE
382,,,2024-03-01T00:00:00Z,233,FALSE
382,,,2024-03-01T00:00:00Z,378,FALSE
382,,,2024-03-01T00:00:00Z,377,FALSE
382,,,2024-03-01T00:00:00Z,310,FALSE
382,,,2024-03-01T00:00:00Z,379,FALSE
382,,,2024-03-01T00:00:00Z,381,FALSE
382,,,2024-03-01T00:00:00Z,383,FALSE
382,,,2024-03-01T00:00:00Z,385,FALSE
382,,,2024-03-01T00:00:00Z,352,FALSE
382,,,2024-03-01T00:00:00Z,353,FALSE
382,,,2024-03-01T00:00:00Z,354,FALSE
382,,,2024-03-01T00:00:00Z,144,FALSE
382,,,2024-03-01T00:00:00Z,356,FALSE
382,,,2024-03-01T00:00:00Z,357,FALSE
382,,,2024-03-01T00:00:00Z,358,FALSE
382,,,2024-03-01T00:00:00Z,355,FALSE
382,,,2024-03-01T00:00:00Z,364,FALSE
382,,,2024-03-01T00:00:00Z,365,FALSE
382,,,2024-03-01T00:00:00Z,366,FALSE
382,,,2024-04-01T00:00:00Z,138,FALSE
382,,,2024-04-01T00:00:00Z,368,FALSE
382,,,2024-04-01T00:00:00Z,140,FALSE
382,,,2024-04-01T00:00:00Z,369,FALSE
382,,,2024-04-01T00:00:00Z,139,FALSE
382,,,2024-04-01T00:00:00Z,125,FALSE
382,,,2024-04-01T00:00:00Z,136,FALSE
382,,,2024-04-01T00:00:00Z,141,FALSE
382,,,2024-04-01T00:00:00Z,45,FALSE
382,,,2024-04-01T00:00:00Z,143,FALSE
382,,,2024-04-01T00:00:00Z,137,FALSE
382,,,2024-04-01T00:00:00Z,142,FALSE
382,,,2024-04-01T00:00:00Z,370,FALSE
382,,,2024-04-01T00:00:00Z,371,FALSE
382,,,2024-04-01T00:00:00Z,372,FALSE
382,,,2024-04-01T00:00:00Z,330,FALSE
382,,,2024-04-01T00:00:00Z,373,FALSE
382,,,2024-04-01T00:00:00Z,211,FALSE
382,,,2024-04-01T00:00:00Z,226,FALSE
382,,,2024-04-01T00:00:00Z,233,FALSE
382,,,2024-04-01T00:00:00Z,378,FALSE
382,,,2024-04-01T00:00:00Z,377,FALSE
382,,,2024-04-01T00:00:00Z,310,FALSE
382,,,2024-04-01T00:00:00Z,379,FALSE
382,,,2024-04-01T00:00:00Z,381,FALSE
382,,,2024-04-01T00:00:00Z,383,FALSE
382,,,2024-04-01T00:00:00Z,385,FALSE
382,,,2024-04-01T00:00:00Z,352,FALSE
382,,,2024-04-01T00:00:00Z,353,FALSE
382,,,2024-04-01T00:00:00Z,354,FALSE
382,,,2024-04-01T00:00:00Z,144,FALSE
382,,,2024-04-01T00:00:00Z,356,FALSE
382,,,2024-04-01T00:00:00Z,357,FALSE
382,,,2024-04-01T00:00:00Z,358,FALSE
382,,,2024-04-01T00:00:00Z,355,FALSE
382,,,2024-04-01T00:00:00Z,364,FALSE
382,,,2024-04-01T00:00:00Z,365,FALSE
382,,,2024-04-01T00:00:00Z,366,FALSE
382,,,2024-05-01T00:00:00Z,138,FALSE
382,,,2024-05-01T00:00:00Z,368,FALSE
382,,,2024-05-01T00:00:00Z,140,FALSE
382,,,2024-05-01T00:00:00Z,369,FALSE
382,,,2024-05-01T00:00:00Z,139,FALSE
382,,,2024-05-01T00:00:00Z,125,FALSE
382,,,2024-05-01T00:00:00Z,136,FALSE
382,,,2024-05-01T00:00:00Z,141,FALSE
382,,,2024-05-01T00:00:00Z,45,FALSE
382,,,2024-05-01T00:00:00Z,143,FALSE
382,,,2024-05-01T00:00:00Z,137,FALSE
382,,,2024-05-01T00:00:00Z,142,FALSE
382,,,2024-05-01T00:00:00Z,370,FALSE
382,,,2024-05-01T00:00:00Z,371,FALSE
382,,,2024-05-01T00:00:00Z,372,FALSE
382,,,2024-05-01T00:00:00Z,330,FALSE
382,,,2024-05-01T00:00:00Z,373,FALSE
382,,,2024-05-01T00:00:00Z,211,FALSE
382,,,2024-05-01T00:00:00Z,226,FALSE
382,,,2024-05-01T00:00:00Z,233,FALSE
382,,,2024-05-01T00:00:00Z,378,FALSE
382,,,2024-05-01T00:00:00Z,377,FALSE
382,,,2024-05-01T00:00:00Z,310,FALSE
382,,,2024-05-01T00:00:00Z,379,FALSE
382,,,2024-05-01T00:00:00Z,381,FALSE
382,,,2024-05-01T00:00:00Z,383,FALSE
382,,,2024-05-01T00:00:00Z,385,FALSE
382,,,2024-05-01T00:00:00Z,352,FALSE
382,,,2024-05-01T00:00:00Z,353,FALSE
382,,,2024-05-01T00:00:00Z,354,FALSE
382,,,2024-05-01T00:00:00Z,144,FALSE
382,,,2024-05-01T00:00:00Z,356,FALSE
382,,,2024-05-01T00:00:00Z,357,FALSE
382,,,2024-05-01T00:00:00Z,358,FALSE
382,,,2024-05-01T00:00:00Z,355,FALSE
382,,,2024-05-01T00:00:00Z,364,FALSE
382,,,2024-05-01T00:00:00Z,365,FALSE
382,,,2024-05-01T00:00:00Z,366,FALSE
382,,,2024-06-01T00:00:00Z,138,FALSE
382,,,2024-06-01T00:00:00Z,368,FALSE
382,,,2024-06-01T00:00:00Z,140,FALSE
382,,,2024-06-01T00:00:00Z,369,FALSE
382,,,2024-06-01T00:00:00Z,139,FALSE
382,,,2024-06-01T00:00:00Z,125,FALSE
382,,,2024-06-01T00:00:00Z,136,FALSE
382,,,2024-06-01T00:00:00Z,141,FALSE
382,,,2024-06-01T00:00:00Z,45,FALSE
382,,,2024-06-01T00:00:00Z,143,FALSE
382,,,2024-06-01T00:00:00Z,137,FALSE
382,,,2024-06-01T00:00:00Z,142,FALSE
382,,,2024-06-01T00:00:00Z,370,FALSE
382,,,2024-06-01T00:00:00Z,371,FALSE
382,,,2024-06-01T00:00:00Z,372,FALSE
382,,,2024-06-01T00:00:00Z,330,FALSE
382,,,2024-06-01T00:00:00Z,373,FALSE
382,,,2024-06-01T00:00:00Z,211,FALSE
382,,,2024-06-01T00:00:00Z,226,FALSE
382,,,2024-06-01T00:00:00Z,233,FALSE
382,,,2024-06-01T00:00:00Z,378,FALSE
382,,,2024-06-01T00:00:00Z,377,FALSE
382,,,2024-06-01T00:00:00Z,310,FALSE
382,,,2024-06-01T00:00:00Z,379,FALSE
382,,,2024-06-01T00:00:00Z,381,FALSE
382,,,2024-06-01T00:00:00Z,383,FALSE
382,,,2024-06-01T00:00:00Z,385,FALSE
382,,,2024-06-01T00:00:00Z,352,FALSE
382,,,2024-06-01T00:00:00Z,353,FALSE
382,,,2024-06-01T00:00:00Z,354,FALSE
382,,,2024-06-01T00:00:00Z,144,FALSE
382,,,2024-06-01T00:00:00Z,356,FALSE
382,,,2024-06-01T00:00:00Z,357,FALSE
382,,,2024-06-01T00:00:00Z,358,FALSE
382,,,2024-06-01T00:00:00Z,355,FALSE
382,,,2024-06-01T00:00:00Z,364,FALSE
382,,,2024-06-01T00:00:00Z,365,FALSE
382,,,2024-06-01T00:00:00Z,366,FALSE
382,,,2024-07-01T00:00:00Z,138,FALSE
382,,,2024-07-01T00:00:00Z,368,FALSE
382,,,2024-07-01T00:00:00Z,140,FALSE
382,,,2024-07-01T00:00:00Z,369,FALSE
382,,,2024-07-01T00:00:00Z,139,FALSE
382,,,2024-07-01T00:00:00Z,125,FALSE
382,,,2024-07-01T00:00:00Z,136,FALSE
382,,,2024-07-01T00:00:00Z,141,FALSE
382,,,2024-07-01T00:00:00Z,45,FALSE
382,,,2024-07-01T00:00:00Z,143,FALSE
382,,,2024-07-01T00:00:00Z,137,FALSE
382,,,2024-07-01T00:00:00Z,142,FALSE
382,,,2024-07-01T00:00:00Z,370,FALSE
382,,,2024-07-01T00:00:00Z,371,FALSE
382,,,2024-07-01T00:00:00Z,372,FALSE
382,,,2024-07-01T00:00:00Z,330,FALSE
382,,,2024-07-01T00:00:00Z,373,FALSE
382,,,2024-07-01T00:00:00Z,211,FALSE
382,,,2024-07-01T00:00:00Z,226,FALSE
382,,,2024-07-01T00:00:00Z,233,FALSE
382,,,2024-07-01T00:00:00Z,378,FALSE
382,,,2024-07-01T00:00:00Z,377,FALSE
382,,,2024-07-01T00:00:00Z,310,FALSE
382,,,2024-07-01T00:00:00Z,379,FALSE
382,,,2024-07-01T00:00:00Z,381,FALSE
382,,,2024-07-01T00:00:00Z,383,FALSE
382,,,2024-07-01T00:00:00Z,385,FALSE
382,,,2024-07-01T00:00:00Z,352,FALSE
382,,,2024-07-01T00:00:00Z,353,FALSE
382,,,2024-07-01T00:00:00Z,354,FALSE
382,,,2024-07-01T00:00:00Z,144,FALSE
382,,,2024-07-01T00:00:00Z,356,FALSE
382,,,2024-07-01T00:00:00Z,357,FALSE
382,,,2024-07-01T00:00:00Z,358,FALSE
382,,,2024-07-01T00:00:00Z,355,FALSE
382,,,2024-07-01T00:00:00Z,364,FALSE
382,,,2024-07-01T00:00:00Z,365,FALSE
382,,,2024-07-01T00:00:00Z,366,FALSE
382,,,2024-08-01T00:00:00Z,138,FALSE
382,,,2024-08-01T00:00:00Z,368,FALSE
382,,,2024-08-01T00:00:00Z,140,FALSE
382,,,2024-08-01T00:00:00Z,369,FALSE
382,,,2024-08-01T00:00:00Z,139,FALSE
382,,,2024-08-01T00:00:00Z,125,FALSE
382,,,2024-08-01T00:00:00Z,136,FALSE
382,,,2024-08-01T00:00:00Z,141,FALSE
382,,,2024-08-01T00:00:00Z,45,FALSE
382,,,2024-08-01T00:00:00Z,143,FALSE
382,,,2024-08-01T00:00:00Z,137,FALSE
382,,,2024-08-01T00:00:00Z,142,FALSE
382,,,2024-08-01T00:00:00Z,370,FALSE
382,,,2024-08-01T00:00:00Z,371,FALSE
382,,,2024-08-01T00:00:00Z,372,FALSE
382,,,2024-08-01T00:00:00Z,330,FALSE
382,,,2024-08-01T00:00:00Z,373,FALSE
382,,,2024-08-01T00:00:00Z,211,FALSE
382,,,2024-08-01T00:00:00Z,226,FALSE
382,,,2024-08-01T00:00:00Z,233,FALSE
382,,,2024-08-01T00:00:00Z,378,FALSE
382,,,2024-08-01T00:00:00Z,377,FALSE
382,,,2024-08-01T00:00:00Z,310,FALSE
382,,,2024-08-01T00:00:00Z,379,FALSE
382,,,2024-08-01T00:00:00Z,381,FALSE
382,,,2024-08-01T00:00:00Z,383,FALSE
382,,,2024-08-01T00:00:00Z,385,FALSE
382,,,2024-08-01T00:00:00Z,352,FALSE
382,,,2024-08-01T00:00:00Z,353,FALSE
382,,,2024-08-01T00:00:00Z,354,FALSE
382,,,2024-08-01T00:00:00Z,144,FALSE
382,,,2024-08-01T00:00:00Z,356,FALSE
382,,,2024-08-01T00:00:00Z,357,FALSE
382,,,2024-08-01T00:00:00Z,358,FALSE
382,,,2024-08-01T00:00:00Z,355,FALSE
382,,,2024-08-01T00:00:00Z,364,FALSE
382,,,2024-08-01T00:00:00Z,365,FALSE
382,,,2024-08-01T00:00:00Z,366,FALSE
382,,,2024-09-01T00:00:00Z,138,FALSE
382,,,2024-09-01T00:00:00Z,368,FALSE
382,,,2024-09-01T00:00:00Z,140,FALSE
382,,,2024-09-01T00:00:00Z,369,FALSE
382,,,2024-09-01T00:00:00Z,139,FALSE
382,,,2024-09-01T00:00:00Z,125,FALSE
382,,,2024-09-01T00:00:00Z,136,FALSE
382,,,2024-09-01T00:00:00Z,141,FALSE
382,,,2024-09-01T00:00:00Z,45,FALSE
382,,,2024-09-01T00:00:00Z,143,FALSE
382,,,2024-09-01T00:00:00Z,137,FALSE
382,,,2024-09-01T00:00:00Z,142,FALSE
382,,,2024-09-01T00:00:00Z,370,FALSE
382,,,2024-09-01T00:00:00Z,371,FALSE
382,,,2024-09-01T00:00:00Z,372,FALSE
382,,,2024-09-01T00:00:00Z,330,FALSE
382,,,2024-09-01T00:00:00Z,373,FALSE
382,,,2024-09-01T00:00:00Z,211,FALSE
382,,,2024-09-01T00:00:00Z,226,FALSE
382,,,2024-09-01T00:00:00Z,233,FALSE
382,,,2024-09-01T00:00:00Z,378,FALSE
382,,,2024-09-01T00:00:00Z,377,FALSE
382,,,2024-09-01T00:00:00Z,310,FALSE
382,,,2024-09-01T00:00:00Z,379,FALSE
382,,,2024-09-01T00:00:00Z,381,FALSE
382,,,2024-09-01T00:00:00Z,383,FALSE
382,,,2024-09-01T00:00:00Z,385,FALSE
382,,,2024-09-01T00:00:00Z,352,FALSE
382,,,2024-09-01T00:00:00Z,353,FALSE
382,,,2024-09-01T00:00:00Z,354,FALSE
382,,,2024-09-01T00:00:00Z,144,FALSE
382,,,2024-09-01T00:00:00Z,356,FALSE
382,,,2024-09-01T00:00:00Z,357,FALSE
382,,,2024-09-01T00:00:00Z,358,FALSE
382,,,2024-09-01T00:00:00Z,355,FALSE
382,,,2024-09-01T00:00:00Z,364,FALSE
382,,,2024-09-01T00:00:00Z,365,FALSE
382,,,2024-09-01T00:00:00Z,366,FALSE
382,,,2024-10-01T00:00:00Z,138,FALSE
382,,,2024-10-01T00:00:00Z,368,FALSE
382,,,2024-10-01T00:00:00Z,140,FALSE
382,,,2024-10-01T00:00:00Z,369,FALSE
382,,,2024-10-01T00:00:00Z,139,FALSE
382,,,2024-10-01T00:00:00Z,125,FALSE
382,,,2024-10-01T00:00:00Z,136,FALSE
382,,,2024-10-01T00:00:00Z,141,FALSE
382,,,2024-10-01T00:00:00Z,45,FALSE
382,,,2024-10-01T00:00:00Z,143,FALSE
382,,,2024-10-01T00:00:00Z,137,FALSE
382,,,2024-10-01T00:00:00Z,142,FALSE
382,,,2024-10-01T00:00:00Z,370,FALSE
382,,,2024-10-01T00:00:00Z,371,FALSE
382,,,2024-10-01T00:00:00Z,372,FALSE
382,,,2024-10-01T00:00:00Z,330,FALSE
382,,,2024-10-01T00:00:00Z,373,FALSE
382,,,2024-10-01T00:00:00Z,211,FALSE
382,,,2024-10-01T00:00:00Z,226,FALSE
382,,,2024-10-01T00:00:00Z,233,FALSE
382,,,2024-10-01T00:00:00Z,378,FALSE
382,,,2024-10-01T00:00:00Z,377,FALSE
382,,,2024-10-01T00:00:00Z,310,FALSE
382,,,2024-10-01T00:00:00Z,379,FALSE
382,,,2024-10-01T00:00:00Z,381,FALSE
382,,,2024-10-01T00:00:00Z,383,FALSE
382,,,2024-10-01T00:00:00Z,385,FALSE
382,,,2024-10-01T00:00:00Z,352,FALSE
382,,,2024-10-01T00:00:00Z,353,FALSE
382,,,2024-10-01T00:00:00Z,354,FALSE
382,,,2024-10-01T00:00:00Z,144,FALSE
382,,,2024-10-01T00:00:00Z,356,FALSE
382,,,2024-10-01T00:00:00Z,357,FALSE
382,,,2024-10-01T00:00:00Z,358,FALSE
382,,,2024-10-01T00:00:00Z,355,FALSE
382,,,2024-10-01T00:00:00Z,364,FALSE
382,,,2024-10-01T00:00:00Z,365,FALSE
382,,,2024-10-01T00:00:00Z,366,FALSE
382,,,2024-11-01T00:00:00Z,138,FALSE
382,,,2024-11-01T00:00:00Z,368,FALSE
382,,,2024-11-01T00:00:00Z,140,FALSE
382,,,2024-11-01T00:00:00Z,369,FALSE
382,,,2024-11-01T00:00:00Z,139,FALSE
382,,,2024-11-01T00:00:00Z,125,FALSE
382,,,2024-11-01T00:00:00Z,136,FALSE
382,,,2024-11-01T00:00:00Z,141,FALSE
382,,,2024-11-01T00:00:00Z,45,FALSE
382,,,2024-11-01T00:00:00Z,143,FALSE
382,,,2024-11-01T00:00:00Z,137,FALSE
382,,,2024-11-01T00:00:00Z,142,FALSE
382,,,2024-11-01T00:00:00Z,370,FALSE
382,,,2024-11-01T00:00:00Z,371,FALSE
382,,,2024-11-01T00:00:00Z,372,FALSE
382,,,2024-11-01T00:00:00Z,330,FALSE
382,,,2024-11-01T00:00:00Z,373,FALSE
382,,,2024-11-01T00:00:00Z,211,FALSE
382,,,2024-11-01T00:00:00Z,226,FALSE
382,,,2024-11-01T00:00:00Z,233,FALSE
382,,,2024-11-01T00:00:00Z,378,FALSE
382,,,2024-11-01T00:00:00Z,377,FALSE
382,,,2024-11-01T00:00:00Z,310,FALSE
382,,,2024-11-01T00:00:00Z,379,FALSE
382,,,2024-11-01T00:00:00Z,381,FALSE
382,,,2024-11-01T00:00:00Z,383,FALSE
382,,,2024-11-01T00:00:00Z,385,FALSE
382,,,2024-11-01T00:00:00Z,352,FALSE
382,,,2024-11-01T00:00:00Z,353,FALSE
382,,,2024-11-01T00:00:00Z,354,FALSE
382,,,2024-11-01T00:00:00Z,144,FALSE
382,,,2024-11-01T00:00:00Z,356,FALSE
382,,,2024-11-01T00:00:00Z,357,FALSE
382,,,2024-11-01T00:00:00Z,358,FALSE
382,,,2024-11-01T00:00:00Z,355,FALSE
382,,,2024-11-01T00:00:00Z,364,FALSE
382,,,2024-11-01T00:00:00Z,365,FALSE
382,,,2024-11-01T00:00:00Z,366,FALSE
382,,,2024-12-01T00:00:00Z,138,FALSE
382,,,2024-12-01T00:00:00Z,368,FALSE
382,,,2024-12-01T00:00:00Z,140,FALSE
382,,,2024-12-01T00:00:00Z,369,FALSE
382,,,2024-12-01T00:00:00Z,139,FALSE
382,,,2024-12-01T00:00:00Z,125,FALSE
382,,,2024-12-01T00:00:00Z,136,FALSE
382,,,2024-12-01T00:00:00Z,141,FALSE
382,,,2024-12-01T00:00:00Z,45,FALSE
382,,,2024-12-01T00:00:00Z,143,FALSE
382,,,2024-12-01T00:00:00Z,137,FALSE
382,,,2024-12-01T00:00:00Z,142,FALSE
382,,,2024-12-01T00:00:00Z,370,FALSE
382,,,2024-12-01T00:00:00Z,371,FALSE
382,,,2024-12-01T00:00:00Z,372,FALSE
382,,,2024-12-01T00:00:00Z,330,FALSE
382,,,2024-12-01T00:00:00Z,373,FALSE
382,,,2024-12-01T00:00:00Z,211,FALSE
382,,,2024-12-01T00:00:00Z,226,FALSE
382,,,2024-12-01T00:00:00Z,233,FALSE
382,,,2024-12-01T00:00:00Z,378,FALSE
382,,,2024-12-01T00:00:00Z,377,FALSE
382,,,2024-12-01T00:00:00Z,310,FALSE
382,,,2024-12-01T00:00:00Z,379,FALSE
382,,,2024-12-01T00:00:00Z,381,FALSE
382,,,2024-12-01T00:00:00Z,383,FALSE
382,,,2024-12-01T00:00:00Z,385,FALSE
382,,,2024-12-01T00:00:00Z,352,FALSE
382,,,2024-12-01T00:00:00Z,353,FALSE
382,,,2024-12-01T00:00:00Z,354,FALSE
382,,,2024-12-01T00:00:00Z,144,FALSE
382,,,2024-12-01T00:00:00Z,356,FALSE
382,,,2024-12-01T00:00:00Z,357,FALSE
382,,,2024-12-01T00:00:00Z,358,FALSE
382,,,2024-12-01T00:00:00Z,355,FALSE
382,,,2024-12-01T00:00:00Z,364,FALSE
382,,,2024-12-01T00:00:00Z,365,FALSE
382,,,2024-12-01T00:00:00Z,366,FALSE
383,,,2024-01-01T00:00:00Z,138,FALSE
383,,,2024-01-01T00:00:00Z,368,FALSE
383,,,2024-01-01T00:00:00Z,140,FALSE
383,,,2024-01-01T00:00:00Z,369,FALSE
383,,,2024-01-01T00:00:00Z,139,FALSE
383,,,2024-01-01T00:00:00Z,125,FALSE
383,,,2024-01-01T00:00:00Z,136,FALSE
383,,,2024-01-01T00:00:00Z,141,FALSE
383,,,2024-01-01T00:00:00Z,45,FALSE
383,,,2024-01-01T00:00:00Z,143,FALSE
383,,,2024-01-01T00:00:00Z,137,FALSE
383,,,2024-01-01T00:00:00Z,142,FALSE
383,,,2024-01-01T00:00:00Z,370,FALSE
383,,,2024-01-01T00:00:00Z,371,FALSE
383,,,2024-01-01T00:00:00Z,372,FALSE
383,,,2024-01-01T00:00:00Z,330,FALSE
383,,,2024-01-01T00:00:00Z,373,FALSE
383,,,2024-01-01T00:00:00Z,211,FALSE
383,,,2024-01-01T00:00:00Z,226,FALSE
383,,,2024-01-01T00:00:00Z,233,FALSE
383,,,2024-01-01T00:00:00Z,378,FALSE
383,,,2024-01-01T00:00:00Z,377,FALSE
383,,,2024-01-01T00:00:00Z,310,FALSE
383,,,2024-01-01T00:00:00Z,379,FALSE
383,,,2024-01-01T00:00:00Z,382,FALSE
383,,,2024-01-01T00:00:00Z,381,FALSE
383,,,2024-01-01T00:00:00Z,385,FALSE
383,,,2024-01-01T00:00:00Z,352,FALSE
383,,,2024-01-01T00:00:00Z,353,FALSE
383,,,2024-01-01T00:00:00Z,354,FALSE
383,,,2024-01-01T00:00:00Z,144,FALSE
383,,,2024-01-01T00:00:00Z,356,FALSE
383,,,2024-01-01T00:00:00Z,357,FALSE
383,,,2024-01-01T00:00:00Z,358,FALSE
383,,,2024-01-01T00:00:00Z,355,FALSE
383,,,2024-01-01T00:00:00Z,364,FALSE
383,,,2024-01-01T00:00:00Z,365,FALSE
383,,,2024-01-01T00:00:00Z,366,FALSE
383,,,2024-02-01T00:00:00Z,138,FALSE
383,,,2024-02-01T00:00:00Z,368,FALSE
383,,,2024-02-01T00:00:00Z,140,FALSE
383,,,2024-02-01T00:00:00Z,369,FALSE
383,,,2024-02-01T00:00:00Z,139,FALSE
383,,,2024-02-01T00:00:00Z,125,FALSE
383,,,2024-02-01T00:00:00Z,136,FALSE
383,,,2024-02-01T00:00:00Z,141,FALSE
383,,,2024-02-01T00:00:00Z,45,FALSE
383,,,2024-02-01T00:00:00Z,143,FALSE
383,,,2024-02-01T00:00:00Z,137,FALSE
383,,,2024-02-01T00:00:00Z,142,FALSE
383,,,2024-02-01T00:00:00Z,370,FALSE
383,,,2024-02-01T00:00:00Z,371,FALSE
383,,,2024-02-01T00:00:00Z,372,FALSE
383,,,2024-02-01T00:00:00Z,330,FALSE
383,,,2024-02-01T00:00:00Z,373,FALSE
383,,,2024-02-01T00:00:00Z,211,FALSE
383,,,2024-02-01T00:00:00Z,226,FALSE
383,,,2024-02-01T00:00:00Z,233,FALSE
383,,,2024-02-01T00:00:00Z,378,FALSE
383,,,2024-02-01T00:00:00Z,377,FALSE
383,,,2024-02-01T00:00:00Z,310,FALSE
383,,,2024-02-01T00:00:00Z,379,FALSE
383,,,2024-02-01T00:00:00Z,382,FALSE
383,,,2024-02-01T00:00:00Z,381,FALSE
383,,,2024-02-01T00:00:00Z,385,FALSE
383,,,2024-02-01T00:00:00Z,352,FALSE
383,,,2024-02-01T00:00:00Z,353,FALSE
383,,,2024-02-01T00:00:00Z,354,FALSE
383,,,2024-02-01T00:00:00Z,144,FALSE
383,,,2024-02-01T00:00:00Z,356,FALSE
383,,,2024-02-01T00:00:00Z,357,FALSE
383,,,2024-02-01T00:00:00Z,358,FALSE
383,,,2024-02-01T00:00:00Z,355,FALSE
383,,,2024-02-01T00:00:00Z,364,FALSE
383,,,2024-02-01T00:00:00Z,365,FALSE
383,,,2024-02-01T00:00:00Z,366,FALSE
383,,,2024-03-01T00:00:00Z,138,FALSE
383,,,2024-03-01T00:00:00Z,368,FALSE
383,,,2024-03-01T00:00:00Z,140,FALSE
383,,,2024-03-01T00:00:00Z,369,FALSE
383,,,2024-03-01T00:00:00Z,139,FALSE
383,,,2024-03-01T00:00:00Z,125,FALSE
383,,,2024-03-01T00:00:00Z,136,FALSE
383,,,2024-03-01T00:00:00Z,141,FALSE
383,,,2024-03-01T00:00:00Z,45,FALSE
383,,,2024-03-01T00:00:00Z,143,FALSE
383,,,2024-03-01T00:00:00Z,137,FALSE
383,,,2024-03-01T00:00:00Z,142,FALSE
383,,,2024-03-01T00:00:00Z,370,FALSE
383,,,2024-03-01T00:00:00Z,371,FALSE
383,,,2024-03-01T00:00:00Z,372,FALSE
383,,,2024-03-01T00:00:00Z,330,FALSE
383,,,2024-03-01T00:00:00Z,373,FALSE
383,,,2024-03-01T00:00:00Z,211,FALSE
383,,,2024-03-01T00:00:00Z,226,FALSE
383,,,2024-03-01T00:00:00Z,233,FALSE
383,,,2024-03-01T00:00:00Z,378,FALSE
383,,,2024-03-01T00:00:00Z,377,FALSE
383,,,2024-03-01T00:00:00Z,310,FALSE
383,,,2024-03-01T00:00:00Z,379,FALSE
383,,,2024-03-01T00:00:00Z,382,FALSE
383,,,2024-03-01T00:00:00Z,381,FALSE
383,,,2024-03-01T00:00:00Z,385,FALSE
383,,,2024-03-01T00:00:00Z,352,FALSE
383,,,2024-03-01T00:00:00Z,353,FALSE
383,,,2024-03-01T00:00:00Z,354,FALSE
383,,,2024-03-01T00:00:00Z,144,FALSE
383,,,2024-03-01T00:00:00Z,356,FALSE
383,,,2024-03-01T00:00:00Z,357,FALSE
383,,,2024-03-01T00:00:00Z,358,FALSE
383,,,2024-03-01T00:00:00Z,355,FALSE
383,,,2024-03-01T00:00:00Z,364,FALSE
383,,,2024-03-01T00:00:00Z,365,FALSE
383,,,2024-03-01T00:00:00Z,366,FALSE
383,,,2024-04-01T00:00:00Z,138,FALSE
383,,,2024-04-01T00:00:00Z,368,FALSE
383,,,2024-04-01T00:00:00Z,140,FALSE
383,,,2024-04-01T00:00:00Z,369,FALSE
383,,,2024-04-01T00:00:00Z,139,FALSE
383,,,2024-04-01T00:00:00Z,125,FALSE
383,,,2024-04-01T00:00:00Z,136,FALSE
383,,,2024-04-01T00:00:00Z,141,FALSE
383,,,2024-04-01T00:00:00Z,45,FALSE
383,,,2024-04-01T00:00:00Z,143,FALSE
383,,,2024-04-01T00:00:00Z,137,FALSE
383,,,2024-04-01T00:00:00Z,142,FALSE
383,,,2024-04-01T00:00:00Z,370,FALSE
383,,,2024-04-01T00:00:00Z,371,FALSE
383,,,2024-04-01T00:00:00Z,372,FALSE
383,,,2024-04-01T00:00:00Z,330,FALSE
383,,,2024-04-01T00:00:00Z,373,FALSE
383,,,2024-04-01T00:00:00Z,211,FALSE
383,,,2024-04-01T00:00:00Z,226,FALSE
383,,,2024-04-01T00:00:00Z,233,FALSE
383,,,2024-04-01T00:00:00Z,378,FALSE
383,,,2024-04-01T00:00:00Z,377,FALSE
383,,,2024-04-01T00:00:00Z,310,FALSE
383,,,2024-04-01T00:00:00Z,379,FALSE
383,,,2024-04-01T00:00:00Z,382,FALSE
383,,,2024-04-01T00:00:00Z,381,FALSE
383,,,2024-04-01T00:00:00Z,385,FALSE
383,,,2024-04-01T00:00:00Z,352,FALSE
383,,,2024-04-01T00:00:00Z,353,FALSE
383,,,2024-04-01T00:00:00Z,354,FALSE
383,,,2024-04-01T00:00:00Z,144,FALSE
383,,,2024-04-01T00:00:00Z,356,FALSE
383,,,2024-04-01T00:00:00Z,357,FALSE
383,,,2024-04-01T00:00:00Z,358,FALSE
383,,,2024-04-01T00:00:00Z,355,FALSE
383,,,2024-04-01T00:00:00Z,364,FALSE
383,,,2024-04-01T00:00:00Z,365,FALSE
383,,,2024-04-01T00:00:00Z,366,FALSE
383,,,2024-05-01T00:00:00Z,138,FALSE
383,,,2024-05-01T00:00:00Z,368,FALSE
383,,,2024-05-01T00:00:00Z,140,FALSE
383,,,2024-05-01T00:00:00Z,369,FALSE
383,,,2024-05-01T00:00:00Z,139,FALSE
383,,,2024-05-01T00:00:00Z,125,FALSE
383,,,2024-05-01T00:00:00Z,136,FALSE
383,,,2024-05-01T00:00:00Z,141,FALSE
383,,,2024-05-01T00:00:00Z,45,FALSE
383,,,2024-05-01T00:00:00Z,143,FALSE
383,,,2024-05-01T00:00:00Z,137,FALSE
383,,,2024-05-01T00:00:00Z,142,FALSE
383,,,2024-05-01T00:00:00Z,370,FALSE
383,,,2024-05-01T00:00:00Z,371,FALSE
383,,,2024-05-01T00:00:00Z,372,FALSE
383,,,2024-05-01T00:00:00Z,330,FALSE
383,,,2024-05-01T00:00:00Z,373,FALSE
383,,,2024-05-01T00:00:00Z,211,FALSE
383,,,2024-05-01T00:00:00Z,226,FALSE
383,,,2024-05-01T00:00:00Z,233,FALSE
383,,,2024-05-01T00:00:00Z,378,FALSE
383,,,2024-05-01T00:00:00Z,377,FALSE
383,,,2024-05-01T00:00:00Z,310,FALSE
383,,,2024-05-01T00:00:00Z,379,FALSE
383,,,2024-05-01T00:00:00Z,382,FALSE
383,,,2024-05-01T00:00:00Z,381,FALSE
383,,,2024-05-01T00:00:00Z,385,FALSE
383,,,2024-05-01T00:00:00Z,352,FALSE
383,,,2024-05-01T00:00:00Z,353,FALSE
383,,,2024-05-01T00:00:00Z,354,FALSE
383,,,2024-05-01T00:00:00Z,144,FALSE
383,,,2024-05-01T00:00:00Z,356,FALSE
383,,,2024-05-01T00:00:00Z,357,FALSE
383,,,2024-05-01T00:00:00Z,358,FALSE
383,,,2024-05-01T00:00:00Z,355,FALSE
383,,,2024-05-01T00:00:00Z,364,FALSE
383,,,2024-05-01T00:00:00Z,365,FALSE
383,,,2024-05-01T00:00:00Z,366,FALSE
383,,,2024-06-01T00:00:00Z,138,FALSE
383,,,2024-06-01T00:00:00Z,368,FALSE
383,,,2024-06-01T00:00:00Z,140,FALSE
383,,,2024-06-01T00:00:00Z,369,FALSE
383,,,2024-06-01T00:00:00Z,139,FALSE
383,,,2024-06-01T00:00:00Z,125,FALSE
383,,,2024-06-01T00:00:00Z,136,FALSE
383,,,2024-06-01T00:00:00Z,141,FALSE
383,,,2024-06-01T00:00:00Z,45,FALSE
383,,,2024-06-01T00:00:00Z,143,FALSE
383,,,2024-06-01T00:00:00Z,137,FALSE
383,,,2024-06-01T00:00:00Z,142,FALSE
383,,,2024-06-01T00:00:00Z,370,FALSE
383,,,2024-06-01T00:00:00Z,371,FALSE
383,,,2024-06-01T00:00:00Z,372,FALSE
383,,,2024-06-01T00:00:00Z,330,FALSE
383,,,2024-06-01T00:00:00Z,373,FALSE
383,,,2024-06-01T00:00:00Z,211,FALSE
383,,,2024-06-01T00:00:00Z,226,FALSE
383,,,2024-06-01T00:00:00Z,233,FALSE
383,,,2024-06-01T00:00:00Z,378,FALSE
383,,,2024-06-01T00:00:00Z,377,FALSE
383,,,2024-06-01T00:00:00Z,310,FALSE
383,,,2024-06-01T00:00:00Z,379,FALSE
383,,,2024-06-01T00:00:00Z,382,FALSE
383,,,2024-06-01T00:00:00Z,381,FALSE
383,,,2024-06-01T00:00:00Z,385,FALSE
383,,,2024-06-01T00:00:00Z,352,FALSE
383,,,2024-06-01T00:00:00Z,353,FALSE
383,,,2024-06-01T00:00:00Z,354,FALSE
383,,,2024-06-01T00:00:00Z,144,FALSE
383,,,2024-06-01T00:00:00Z,356,FALSE
383,,,2024-06-01T00:00:00Z,357,FALSE
383,,,2024-06-01T00:00:00Z,358,FALSE
383,,,2024-06-01T00:00:00Z,355,FALSE
383,,,2024-06-01T00:00:00Z,364,FALSE
383,,,2024-06-01T00:00:00Z,365,FALSE
383,,,2024-06-01T00:00:00Z,366,FALSE
383,,,2024-07-01T00:00:00Z,138,FALSE
383,,,2024-07-01T00:00:00Z,368,FALSE
383,,,2024-07-01T00:00:00Z,140,FALSE
383,,,2024-07-01T00:00:00Z,369,FALSE
383,,,2024-07-01T00:00:00Z,139,FALSE
383,,,2024-07-01T00:00:00Z,125,FALSE
383,,,2024-07-01T00:00:00Z,136,FALSE
383,,,2024-07-01T00:00:00Z,141,FALSE
383,,,2024-07-01T00:00:00Z,45,FALSE
383,,,2024-07-01T00:00:00Z,143,FALSE
383,,,2024-07-01T00:00:00Z,137,FALSE
383,,,2024-07-01T00:00:00Z,142,FALSE
383,,,2024-07-01T00:00:00Z,370,FALSE
383,,,2024-07-01T00:00:00Z,371,FALSE
383,,,2024-07-01T00:00:00Z,372,FALSE
383,,,2024-07-01T00:00:00Z,330,FALSE
383,,,2024-07-01T00:00:00Z,373,FALSE
383,,,2024-07-01T00:00:00Z,211,FALSE
383,,,2024-07-01T00:00:00Z,226,FALSE
383,,,2024-07-01T00:00:00Z,233,FALSE
383,,,2024-07-01T00:00:00Z,378,FALSE
383,,,2024-07-01T00:00:00Z,377,FALSE
383,,,2024-07-01T00:00:00Z,310,FALSE
383,,,2024-07-01T00:00:00Z,379,FALSE
383,,,2024-07-01T00:00:00Z,382,FALSE
383,,,2024-07-01T00:00:00Z,381,FALSE
383,,,2024-07-01T00:00:00Z,385,FALSE
383,,,2024-07-01T00:00:00Z,352,FALSE
383,,,2024-07-01T00:00:00Z,353,FALSE
383,,,2024-07-01T00:00:00Z,354,FALSE
383,,,2024-07-01T00:00:00Z,144,FALSE
383,,,2024-07-01T00:00:00Z,356,FALSE
383,,,2024-07-01T00:00:00Z,357,FALSE
383,,,2024-07-01T00:00:00Z,358,FALSE
383,,,2024-07-01T00:00:00Z,355,FALSE
383,,,2024-07-01T00:00:00Z,364,FALSE
383,,,2024-07-01T00:00:00Z,365,FALSE
383,,,2024-07-01T00:00:00Z,366,FALSE
383,,,2024-08-01T00:00:00Z,138,FALSE
383,,,2024-08-01T00:00:00Z,368,FALSE
383,,,2024-08-01T00:00:00Z,140,FALSE
383,,,2024-08-01T00:00:00Z,369,FALSE
383,,,2024-08-01T00:00:00Z,139,FALSE
383,,,2024-08-01T00:00:00Z,125,FALSE
383,,,2024-08-01T00:00:00Z,136,FALSE
383,,,2024-08-01T00:00:00Z,141,FALSE
383,,,2024-08-01T00:00:00Z,45,FALSE
383,,,2024-08-01T00:00:00Z,143,FALSE
383,,,2024-08-01T00:00:00Z,137,FALSE
383,,,2024-08-01T00:00:00Z,142,FALSE
383,,,2024-08-01T00:00:00Z,370,FALSE
383,,,2024-08-01T00:00:00Z,371,FALSE
383,,,2024-08-01T00:00:00Z,372,FALSE
383,,,2024-08-01T00:00:00Z,330,FALSE
383,,,2024-08-01T00:00:00Z,373,FALSE
383,,,2024-08-01T00:00:00Z,211,FALSE
383,,,2024-08-01T00:00:00Z,226,FALSE
383,,,2024-08-01T00:00:00Z,233,FALSE
383,,,2024-08-01T00:00:00Z,378,FALSE
383,,,2024-08-01T00:00:00Z,377,FALSE
383,,,2024-08-01T00:00:00Z,310,FALSE
383,,,2024-08-01T00:00:00Z,379,FALSE
383,,,2024-08-01T00:00:00Z,382,FALSE
383,,,2024-08-01T00:00:00Z,381,FALSE
383,,,2024-08-01T00:00:00Z,385,FALSE
383,,,2024-08-01T00:00:00Z,352,FALSE
383,,,2024-08-01T00:00:00Z,353,FALSE
383,,,2024-08-01T00:00:00Z,354,FALSE
383,,,2024-08-01T00:00:00Z,144,FALSE
383,,,2024-08-01T00:00:00Z,356,FALSE
383,,,2024-08-01T00:00:00Z,357,FALSE
383,,,2024-08-01T00:00:00Z,358,FALSE
383,,,2024-08-01T00:00:00Z,355,FALSE
383,,,2024-08-01T00:00:00Z,364,FALSE
383,,,2024-08-01T00:00:00Z,365,FALSE
383,,,2024-08-01T00:00:00Z,366,FALSE
383,,,2024-09-01T00:00:00Z,138,FALSE
383,,,2024-09-01T00:00:00Z,368,FALSE
383,,,2024-09-01T00:00:00Z,140,FALSE
383,,,2024-09-01T00:00:00Z,369,FALSE
383,,,2024-09-01T00:00:00Z,139,FALSE
383,,,2024-09-01T00:00:00Z,125,FALSE
383,,,2024-09-01T00:00:00Z,136,FALSE
383,,,2024-09-01T00:00:00Z,141,FALSE
383,,,2024-09-01T00:00:00Z,45,FALSE
383,,,2024-09-01T00:00:00Z,143,FALSE
383,,,2024-09-01T00:00:00Z,137,FALSE
383,,,2024-09-01T00:00:00Z,142,FALSE
383,,,2024-09-01T00:00:00Z,370,FALSE
383,,,2024-09-01T00:00:00Z,371,FALSE
383,,,2024-09-01T00:00:00Z,372,FALSE
383,,,2024-09-01T00:00:00Z,330,FALSE
383,,,2024-09-01T00:00:00Z,373,FALSE
383,,,2024-09-01T00:00:00Z,211,FALSE
383,,,2024-09-01T00:00:00Z,226,FALSE
383,,,2024-09-01T00:00:00Z,233,FALSE
383,,,2024-09-01T00:00:00Z,378,FALSE
383,,,2024-09-01T00:00:00Z,377,FALSE
383,,,2024-09-01T00:00:00Z,310,FALSE
383,,,2024-09-01T00:00:00Z,379,FALSE
383,,,2024-09-01T00:00:00Z,382,FALSE
383,,,2024-09-01T00:00:00Z,381,FALSE
383,,,2024-09-01T00:00:00Z,385,FALSE
383,,,2024-09-01T00:00:00Z,352,FALSE
383,,,2024-09-01T00:00:00Z,353,FALSE
383,,,2024-09-01T00:00:00Z,354,FALSE
383,,,2024-09-01T00:00:00Z,144,FALSE
383,,,2024-09-01T00:00:00Z,356,FALSE
383,,,2024-09-01T00:00:00Z,357,FALSE
383,,,2024-09-01T00:00:00Z,358,FALSE
383,,,2024-09-01T00:00:00Z,355,FALSE
383,,,2024-09-01T00:00:00Z,364,FALSE
383,,,2024-09-01T00:00:00Z,365,FALSE
383,,,2024-09-01T00:00:00Z,366,FALSE
383,,,2024-10-01T00:00:00Z,138,FALSE
383,,,2024-10-01T00:00:00Z,368,FALSE
383,,,2024-10-01T00:00:00Z,140,FALSE
383,,,2024-10-01T00:00:00Z,369,FALSE
383,,,2024-10-01T00:00:00Z,139,FALSE
383,,,2024-10-01T00:00:00Z,125,FALSE
383,,,2024-10-01T00:00:00Z,136,FALSE
383,,,2024-10-01T00:00:00Z,141,FALSE
383,,,2024-10-01T00:00:00Z,45,FALSE
383,,,2024-10-01T00:00:00Z,143,FALSE
383,,,2024-10-01T00:00:00Z,137,FALSE
383,,,2024-10-01T00:00:00Z,142,FALSE
383,,,2024-10-01T00:00:00Z,370,FALSE
383,,,2024-10-01T00:00:00Z,371,FALSE
383,,,2024-10-01T00:00:00Z,372,FALSE
383,,,2024-10-01T00:00:00Z,330,FALSE
383,,,2024-10-01T00:00:00Z,373,FALSE
383,,,2024-10-01T00:00:00Z,211,FALSE
383,,,2024-10-01T00:00:00Z,226,FALSE
383,,,2024-10-01T00:00:00Z,233,FALSE
383,,,2024-10-01T00:00:00Z,378,FALSE
383,,,2024-10-01T00:00:00Z,377,FALSE
383,,,2024-10-01T00:00:00Z,310,FALSE
383,,,2024-10-01T00:00:00Z,379,FALSE
383,,,2024-10-01T00:00:00Z,382,FALSE
383,,,2024-10-01T00:00:00Z,381,FALSE
383,,,2024-10-01T00:00:00Z,385,FALSE
383,,,2024-10-01T00:00:00Z,352,FALSE
383,,,2024-10-01T00:00:00Z,353,FALSE
383,,,2024-10-01T00:00:00Z,354,FALSE
383,,,2024-10-01T00:00:00Z,144,FALSE
383,,,2024-10-01T00:00:00Z,356,FALSE
383,,,2024-10-01T00:00:00Z,357,FALSE
383,,,2024-10-01T00:00:00Z,358,FALSE
383,,,2024-10-01T00:00:00Z,355,FALSE
383,,,2024-10-01T00:00:00Z,364,FALSE
383,,,2024-10-01T00:00:00Z,365,FALSE
383,,,2024-10-01T00:00:00Z,366,FALSE
383,,,2024-11-01T00:00:00Z,138,FALSE
383,,,2024-11-01T00:00:00Z,368,FALSE
383,,,2024-11-01T00:00:00Z,140,FALSE
383,,,2024-11-01T00:00:00Z,369,FALSE
383,,,2024-11-01T00:00:00Z,139,FALSE
383,,,2024-11-01T00:00:00Z,125,FALSE
383,,,2024-11-01T00:00:00Z,136,FALSE
383,,,2024-11-01T00:00:00Z,141,FALSE
383,,,2024-11-01T00:00:00Z,45,FALSE
383,,,2024-11-01T00:00:00Z,143,FALSE
383,,,2024-11-01T00:00:00Z,137,FALSE
383,,,2024-11-01T00:00:00Z,142,FALSE
383,,,2024-11-01T00:00:00Z,370,FALSE
383,,,2024-11-01T00:00:00Z,371,FALSE
383,,,2024-11-01T00:00:00Z,372,FALSE
383,,,2024-11-01T00:00:00Z,330,FALSE
383,,,2024-11-01T00:00:00Z,373,FALSE
383,,,2024-11-01T00:00:00Z,211,FALSE
383,,,2024-11-01T00:00:00Z,226,FALSE
383,,,2024-11-01T00:00:00Z,233,FALSE
383,,,2024-11-01T00:00:00Z,378,FALSE
383,,,2024-11-01T00:00:00Z,377,FALSE
383,,,2024-11-01T00:00:00Z,310,FALSE
383,,,2024-11-01T00:00:00Z,379,FALSE
383,,,2024-11-01T00:00:00Z,382,FALSE
383,,,2024-11-01T00:00:00Z,381,FALSE
383,,,2024-11-01T00:00:00Z,385,FALSE
383,,,2024-11-01T00:00:00Z,352,FALSE
383,,,2024-11-01T00:00:00Z,353,FALSE
383,,,2024-11-01T00:00:00Z,354,FALSE
383,,,2024-11-01T00:00:00Z,144,FALSE
383,,,2024-11-01T00:00:00Z,356,FALSE
383,,,2024-11-01T00:00:00Z,357,FALSE
383,,,2024-11-01T00:00:00Z,358,FALSE
383,,,2024-11-01T00:00:00Z,355,FALSE
383,,,2024-11-01T00:00:00Z,364,FALSE
383,,,2024-11-01T00:00:00Z,365,FALSE
383,,,2024-11-01T00:00:00Z,366,FALSE
383,,,2024-12-01T00:00:00Z,138,FALSE
383,,,2024-12-01T00:00:00Z,368,FALSE
383,,,2024-12-01T00:00:00Z,140,FALSE
383,,,2024-12-01T00:00:00Z,369,FALSE
383,,,2024-12-01T00:00:00Z,139,FALSE
383,,,2024-12-01T00:00:00Z,125,FALSE
383,,,2024-12-01T00:00:00Z,136,FALSE
383,,,2024-12-01T00:00:00Z,141,FALSE
383,,,2024-12-01T00:00:00Z,45,FALSE
383,,,2024-12-01T00:00:00Z,143,FALSE
383,,,2024-12-01T00:00:00Z,137,FALSE
383,,,2024-12-01T00:00:00Z,142,FALSE
383,,,2024-12-01T00:00:00Z,370,FALSE
383,,,2024-12-01T00:00:00Z,371,FALSE
383,,,2024-12-01T00:00:00Z,372,FALSE
383,,,2024-12-01T00:00:00Z,330,FALSE
383,,,2024-12-01T00:00:00Z,373,FALSE
383,,,2024-12-01T00:00:00Z,211,FALSE
383,,,2024-12-01T00:00:00Z,226,FALSE
383,,,2024-12-01T00:00:00Z,233,FALSE
383,,,2024-12-01T00:00:00Z,378,FALSE
383,,,2024-12-01T00:00:00Z,377,FALSE
383,,,2024-12-01T00:00:00Z,310,FALSE
383,,,2024-12-01T00:00:00Z,379,FALSE
383,,,2024-12-01T00:00:00Z,382,FALSE
383,,,2024-12-01T00:00:00Z,381,FALSE
383,,,2024-12-01T00:00:00Z,385,FALSE
383,,,2024-12-01T00:00:00Z,352,FALSE
383,,,2024-12-01T00:00:00Z,353,FALSE
383,,,2024-12-01T00:00:00Z,354,FALSE
383,,,2024-12-01T00:00:00Z,144,FALSE
383,,,2024-12-01T00:00:00Z,356,FALSE
383,,,2024-12-01T00:00:00Z,357,FALSE
383,,,2024-12-01T00:00:00Z,358,FALSE
383,,,2024-12-01T00:00:00Z,355,FALSE
383,,,2024-12-01T00:00:00Z,364,FALSE
383,,,2024-12-01T00:00:00Z,365,FALSE
383,,,2024-12-01T00:00:00Z,366,FALSE
385,,,2024-01-01T00:00:00Z,138,FALSE
385,,,2024-01-01T00:00:00Z,368,FALSE
385,,,2024-01-01T00:00:00Z,140,FALSE
385,,,2024-01-01T00:00:00Z,369,FALSE
385,,,2024-01-01T00:00:00Z,139,FALSE
385,,,2024-01-01T00:00:00Z,125,FALSE
385,,,2024-01-01T00:00:00Z,136,FALSE
385,,,2024-01-01T00:00:00Z,141,FALSE
385,,,2024-01-01T00:00:00Z,45,FALSE
385,,,2024-01-01T00:00:00Z,143,FALSE
385,,,2024-01-01T00:00:00Z,137,FALSE
385,,,2024-01-01T00:00:00Z,142,FALSE
385,,,2024-01-01T00:00:00Z,370,FALSE
385,,,2024-01-01T00:00:00Z,371,FALSE
385,,,2024-01-01T00:00:00Z,372,FALSE
385,,,2024-01-01T00:00:00Z,330,FALSE
385,,,2024-01-01T00:00:00Z,373,FALSE
385,,,2024-01-01T00:00:00Z,211,FALSE
385,,,2024-01-01T00:00:00Z,226,FALSE
385,,,2024-01-01T00:00:00Z,233,FALSE
385,,,2024-01-01T00:00:00Z,378,FALSE
385,,,2024-01-01T00:00:00Z,377,FALSE
385,,,2024-01-01T00:00:00Z,310,FALSE
385,,,2024-01-01T00:00:00Z,379,FALSE
385,,,2024-01-01T00:00:00Z,382,FALSE
385,,,2024-01-01T00:00:00Z,381,FALSE
385,,,2024-01-01T00:00:00Z,383,FALSE
385,,,2024-01-01T00:00:00Z,352,FALSE
385,,,2024-01-01T00:00:00Z,353,FALSE
385,,,2024-01-01T00:00:00Z,354,FALSE
385,,,2024-01-01T00:00:00Z,144,FALSE
385,,,2024-01-01T00:00:00Z,356,FALSE
385,,,2024-01-01T00:00:00Z,357,FALSE
385,,,2024-01-01T00:00:00Z,358,FALSE
385,,,2024-01-01T00:00:00Z,355,FALSE
385,,,2024-01-01T00:00:00Z,364,FALSE
385,,,2024-01-01T00:00:00Z,365,FALSE
385,,,2024-01-01T00:00:00Z,366,FALSE
385,,,2024-02-01T00:00:00Z,138,FALSE
385,,,2024-02-01T00:00:00Z,368,FALSE
385,,,2024-02-01T00:00:00Z,140,FALSE
385,,,2024-02-01T00:00:00Z,369,FALSE
385,,,2024-02-01T00:00:00Z,139,FALSE
385,,,2024-02-01T00:00:00Z,125,FALSE
385,,,2024-02-01T00:00:00Z,136,FALSE
385,,,2024-02-01T00:00:00Z,141,FALSE
385,,,2024-02-01T00:00:00Z,45,FALSE
385,,,2024-02-01T00:00:00Z,143,FALSE
385,,,2024-02-01T00:00:00Z,137,FALSE
385,,,2024-02-01T00:00:00Z,142,FALSE
385,,,2024-02-01T00:00:00Z,370,FALSE
385,,,2024-02-01T00:00:00Z,371,FALSE
385,,,2024-02-01T00:00:00Z,372,FALSE
385,,,2024-02-01T00:00:00Z,330,FALSE
385,,,2024-02-01T00:00:00Z,373,FALSE
385,,,2024-02-01T00:00:00Z,211,FALSE
385,,,2024-02-01T00:00:00Z,226,FALSE
385,,,2024-02-01T00:00:00Z,233,FALSE
385,,,2024-02-01T00:00:00Z,378,FALSE
385,,,2024-02-01T00:00:00Z,377,FALSE
385,,,2024-02-01T00:00:00Z,310,FALSE
385,,,2024-02-01T00:00:00Z,379,FALSE
385,,,2024-02-01T00:00:00Z,382,FALSE
385,,,2024-02-01T00:00:00Z,381,FALSE
385,,,2024-02-01T00:00:00Z,383,FALSE
385,,,2024-02-01T00:00:00Z,352,FALSE
385,,,2024-02-01T00:00:00Z,353,FALSE
385,,,2024-02-01T00:00:00Z,354,FALSE
385,,,2024-02-01T00:00:00Z,144,FALSE
385,,,2024-02-01T00:00:00Z,356,FALSE
385,,,2024-02-01T00:00:00Z,357,FALSE
385,,,2024-02-01T00:00:00Z,358,FALSE
385,,,2024-02-01T00:00:00Z,355,FALSE
385,,,2024-02-01T00:00:00Z,364,FALSE
385,,,2024-02-01T00:00:00Z,365,FALSE
385,,,2024-02-01T00:00:00Z,366,FALSE
385,,,2024-03-01T00:00:00Z,138,FALSE
385,,,2024-03-01T00:00:00Z,368,FALSE
385,,,2024-03-01T00:00:00Z,140,FALSE
385,,,2024-03-01T00:00:00Z,369,FALSE
385,,,2024-03-01T00:00:00Z,139,FALSE
385,,,2024-03-01T00:00:00Z,125,FALSE
385,,,2024-03-01T00:00:00Z,136,FALSE
385,,,2024-03-01T00:00:00Z,141,FALSE
385,,,2024-03-01T00:00:00Z,45,FALSE
385,,,2024-03-01T00:00:00Z,143,FALSE
385,,,2024-03-01T00:00:00Z,137,FALSE
385,,,2024-03-01T00:00:00Z,142,FALSE
385,,,2024-03-01T00:00:00Z,370,FALSE
385,,,2024-03-01T00:00:00Z,371,FALSE
385,,,2024-03-01T00:00:00Z,372,FALSE
385,,,2024-03-01T00:00:00Z,330,FALSE
385,,,2024-03-01T00:00:00Z,373,FALSE
385,,,2024-03-01T00:00:00Z,211,FALSE
385,,,2024-03-01T00:00:00Z,226,FALSE
385,,,2024-03-01T00:00:00Z,233,FALSE
385,,,2024-03-01T00:00:00Z,378,FALSE
385,,,2024-03-01T00:00:00Z,377,FALSE
385,,,2024-03-01T00:00:00Z,310,FALSE
385,,,2024-03-01T00:00:00Z,379,FALSE
385,,,2024-03-01T00:00:00Z,382,FALSE
385,,,2024-03-01T00:00:00Z,381,FALSE
385,,,2024-03-01T00:00:00Z,383,FALSE
385,,,2024-03-01T00:00:00Z,352,FALSE
385,,,2024-03-01T00:00:00Z,353,FALSE
385,,,2024-03-01T00:00:00Z,354,FALSE
385,,,2024-03-01T00:00:00Z,144,FALSE
385,,,2024-03-01T00:00:00Z,356,FALSE
385,,,2024-03-01T00:00:00Z,357,FALSE
385,,,2024-03-01T00:00:00Z,358,FALSE
385,,,2024-03-01T00:00:00Z,355,FALSE
385,,,2024-03-01T00:00:00Z,364,FALSE
385,,,2024-03-01T00:00:00Z,365,FALSE
385,,,2024-03-01T00:00:00Z,366,FALSE
385,,,2024-04-01T00:00:00Z,138,FALSE
385,,,2024-04-01T00:00:00Z,368,FALSE
385,,,2024-04-01T00:00:00Z,140,FALSE
385,,,2024-04-01T00:00:00Z,369,FALSE
385,,,2024-04-01T00:00:00Z,139,FALSE
385,,,2024-04-01T00:00:00Z,125,FALSE
385,,,2024-04-01T00:00:00Z,136,FALSE
385,,,2024-04-01T00:00:00Z,141,FALSE
385,,,2024-04-01T00:00:00Z,45,FALSE
385,,,2024-04-01T00:00:00Z,143,FALSE
385,,,2024-04-01T00:00:00Z,137,FALSE
385,,,2024-04-01T00:00:00Z,142,FALSE
385,,,2024-04-01T00:00:00Z,370,FALSE
385,,,2024-04-01T00:00:00Z,371,FALSE
385,,,2024-04-01T00:00:00Z,372,FALSE
385,,,2024-04-01T00:00:00Z,330,FALSE
385,,,2024-04-01T00:00:00Z,373,FALSE
385,,,2024-04-01T00:00:00Z,211,FALSE
385,,,2024-04-01T00:00:00Z,226,FALSE
385,,,2024-04-01T00:00:00Z,233,FALSE
385,,,2024-04-01T00:00:00Z,378,FALSE
385,,,2024-04-01T00:00:00Z,377,FALSE
385,,,2024-04-01T00:00:00Z,310,FALSE
385,,,2024-04-01T00:00:00Z,379,FALSE
385,,,2024-04-01T00:00:00Z,382,FALSE
385,,,2024-04-01T00:00:00Z,381,FALSE
385,,,2024-04-01T00:00:00Z,383,FALSE
385,,,2024-04-01T00:00:00Z,352,FALSE
385,,,2024-04-01T00:00:00Z,353,FALSE
385,,,2024-04-01T00:00:00Z,354,FALSE
385,,,2024-04-01T00:00:00Z,144,FALSE
385,,,2024-04-01T00:00:00Z,356,FALSE
385,,,2024-04-01T00:00:00Z,357,FALSE
385,,,2024-04-01T00:00:00Z,358,FALSE
385,,,2024-04-01T00:00:00Z,355,FALSE
385,,,2024-04-01T00:00:00Z,364,FALSE
385,,,2024-04-01T00:00:00Z,365,FALSE
385,,,2024-04-01T00:00:00Z,366,FALSE
385,,,2024-05-01T00:00:00Z,138,FALSE
385,,,2024-05-01T00:00:00Z,368,FALSE
385,,,2024-05-01T00:00:00Z,140,FALSE
385,,,2024-05-01T00:00:00Z,369,FALSE
385,,,2024-05-01T00:00:00Z,139,FALSE
385,,,2024-05-01T00:00:00Z,125,FALSE
385,,,2024-05-01T00:00:00Z,136,FALSE
385,,,2024-05-01T00:00:00Z,141,FALSE
385,,,2024-05-01T00:00:00Z,45,FALSE
385,,,2024-05-01T00:00:00Z,143,FALSE
385,,,2024-05-01T00:00:00Z,137,FALSE
385,,,2024-05-01T00:00:00Z,142,FALSE
385,,,2024-05-01T00:00:00Z,370,FALSE
385,,,2024-05-01T00:00:00Z,371,FALSE
385,,,2024-05-01T00:00:00Z,372,FALSE
385,,,2024-05-01T00:00:00Z,330,FALSE
385,,,2024-05-01T00:00:00Z,373,FALSE
385,,,2024-05-01T00:00:00Z,211,FALSE
385,,,2024-05-01T00:00:00Z,226,FALSE
385,,,2024-05-01T00:00:00Z,233,FALSE
385,,,2024-05-01T00:00:00Z,378,FALSE
385,,,2024-05-01T00:00:00Z,377,FALSE
385,,,2024-05-01T00:00:00Z,310,FALSE
385,,,2024-05-01T00:00:00Z,379,FALSE
385,,,2024-05-01T00:00:00Z,382,FALSE
385,,,2024-05-01T00:00:00Z,381,FALSE
385,,,2024-05-01T00:00:00Z,383,FALSE
385,,,2024-05-01T00:00:00Z,352,FALSE
385,,,2024-05-01T00:00:00Z,353,FALSE
385,,,2024-05-01T00:00:00Z,354,FALSE
385,,,2024-05-01T00:00:00Z,144,FALSE
385,,,2024-05-01T00:00:00Z,356,FALSE
385,,,2024-05-01T00:00:00Z,357,FALSE
385,,,2024-05-01T00:00:00Z,358,FALSE
385,,,2024-05-01T00:00:00Z,355,FALSE
385,,,2024-05-01T00:00:00Z,364,FALSE
385,,,2024-05-01T00:00:00Z,365,FALSE
385,,,2024-05-01T00:00:00Z,366,FALSE
385,,,2024-06-01T00:00:00Z,138,FALSE
385,,,2024-06-01T00:00:00Z,368,FALSE
385,,,2024-06-01T00:00:00Z,140,FALSE
385,,,2024-06-01T00:00:00Z,369,FALSE
385,,,2024-06-01T00:00:00Z,139,FALSE
385,,,2024-06-01T00:00:00Z,125,FALSE
385,,,2024-06-01T00:00:00Z,136,FALSE
385,,,2024-06-01T00:00:00Z,141,FALSE
385,,,2024-06-01T00:00:00Z,45,FALSE
385,,,2024-06-01T00:00:00Z,143,FALSE
385,,,2024-06-01T00:00:00Z,137,FALSE
385,,,2024-06-01T00:00:00Z,142,FALSE
385,,,2024-06-01T00:00:00Z,370,FALSE
385,,,2024-06-01T00:00:00Z,371,FALSE
385,,,2024-06-01T00:00:00Z,372,FALSE
385,,,2024-06-01T00:00:00Z,330,FALSE
385,,,2024-06-01T00:00:00Z,373,FALSE
385,,,2024-06-01T00:00:00Z,211,FALSE
385,,,2024-06-01T00:00:00Z,226,FALSE
385,,,2024-06-01T00:00:00Z,233,FALSE
385,,,2024-06-01T00:00:00Z,378,FALSE
385,,,2024-06-01T00:00:00Z,377,FALSE
385,,,2024-06-01T00:00:00Z,310,FALSE
385,,,2024-06-01T00:00:00Z,379,FALSE
385,,,2024-06-01T00:00:00Z,382,FALSE
385,,,2024-06-01T00:00:00Z,381,FALSE
385,,,2024-06-01T00:00:00Z,383,FALSE
385,,,2024-06-01T00:00:00Z,352,FALSE
385,,,2024-06-01T00:00:00Z,353,FALSE
385,,,2024-06-01T00:00:00Z,354,FALSE
385,,,2024-06-01T00:00:00Z,144,FALSE
385,,,2024-06-01T00:00:00Z,356,FALSE
385,,,2024-06-01T00:00:00Z,357,FALSE
385,,,2024-06-01T00:00:00Z,358,FALSE
385,,,2024-06-01T00:00:00Z,355,FALSE
385,,,2024-06-01T00:00:00Z,364,FALSE
385,,,2024-06-01T00:00:00Z,365,FALSE
385,,,2024-06-01T00:00:00Z,366,FALSE
385,,,2024-07-01T00:00:00Z,138,FALSE
385,,,2024-07-01T00:00:00Z,368,FALSE
385,,,2024-07-01T00:00:00Z,140,FALSE
385,,,2024-07-01T00:00:00Z,369,FALSE
385,,,2024-07-01T00:00:00Z,139,FALSE
385,,,2024-07-01T00:00:00Z,125,FALSE
385,,,2024-07-01T00:00:00Z,136,FALSE
385,,,2024-07-01T00:00:00Z,141,FALSE
385,,,2024-07-01T00:00:00Z,45,FALSE
385,,,2024-07-01T00:00:00Z,143,FALSE
385,,,2024-07-01T00:00:00Z,137,FALSE
385,,,2024-07-01T00:00:00Z,142,FALSE
385,,,2024-07-01T00:00:00Z,370,FALSE
385,,,2024-07-01T00:00:00Z,371,FALSE
385,,,2024-07-01T00:00:00Z,372,FALSE
385,,,2024-07-01T00:00:00Z,330,FALSE
385,,,2024-07-01T00:00:00Z,373,FALSE
385,,,2024-07-01T00:00:00Z,211,FALSE
385,,,2024-07-01T00:00:00Z,226,FALSE
385,,,2024-07-01T00:00:00Z,233,FALSE
385,,,2024-07-01T00:00:00Z,378,FALSE
385,,,2024-07-01T00:00:00Z,377,FALSE
385,,,2024-07-01T00:00:00Z,310,FALSE
385,,,2024-07-01T00:00:00Z,379,FALSE
385,,,2024-07-01T00:00:00Z,382,FALSE
385,,,2024-07-01T00:00:00Z,381,FALSE
385,,,2024-07-01T00:00:00Z,383,FALSE
385,,,2024-07-01T00:00:00Z,352,FALSE
385,,,2024-07-01T00:00:00Z,353,FALSE
385,,,2024-07-01T00:00:00Z,354,FALSE
385,,,2024-07-01T00:00:00Z,144,FALSE
385,,,2024-07-01T00:00:00Z,356,FALSE
385,,,2024-07-01T00:00:00Z,357,FALSE
385,,,2024-07-01T00:00:00Z,358,FALSE
385,,,2024-07-01T00:00:00Z,355,FALSE
385,,,2024-07-01T00:00:00Z,364,FALSE
385,,,2024-07-01T00:00:00Z,365,FALSE
385,,,2024-07-01T00:00:00Z,366,FALSE
385,,,2024-08-01T00:00:00Z,138,FALSE
385,,,2024-08-01T00:00:00Z,368,FALSE
385,,,2024-08-01T00:00:00Z,140,FALSE
385,,,2024-08-01T00:00:00Z,369,FALSE
385,,,2024-08-01T00:00:00Z,139,FALSE
385,,,2024-08-01T00:00:00Z,125,FALSE
385,,,2024-08-01T00:00:00Z,136,FALSE
385,,,2024-08-01T00:00:00Z,141,FALSE
385,,,2024-08-01T00:00:00Z,45,FALSE
385,,,2024-08-01T00:00:00Z,143,FALSE
385,,,2024-08-01T00:00:00Z,137,FALSE
385,,,2024-08-01T00:00:00Z,142,FALSE
385,,,2024-08-01T00:00:00Z,370,FALSE
385,,,2024-08-01T00:00:00Z,371,FALSE
385,,,2024-08-01T00:00:00Z,372,FALSE
385,,,2024-08-01T00:00:00Z,330,FALSE
385,,,2024-08-01T00:00:00Z,373,FALSE
385,,,2024-08-01T00:00:00Z,211,FALSE
385,,,2024-08-01T00:00:00Z,226,FALSE
385,,,2024-08-01T00:00:00Z,233,FALSE
385,,,2024-08-01T00:00:00Z,378,FALSE
385,,,2024-08-01T00:00:00Z,377,FALSE
385,,,2024-08-01T00:00:00Z,310,FALSE
385,,,2024-08-01T00:00:00Z,379,FALSE
385,,,2024-08-01T00:00:00Z,382,FALSE
385,,,2024-08-01T00:00:00Z,381,FALSE
385,,,2024-08-01T00:00:00Z,383,FALSE
385,,,2024-08-01T00:00:00Z,352,FALSE
385,,,2024-08-01T00:00:00Z,353,FALSE
385,,,2024-08-01T00:00:00Z,354,FALSE
385,,,2024-08-01T00:00:00Z,144,FALSE
385,,,2024-08-01T00:00:00Z,356,FALSE
385,,,2024-08-01T00:00:00Z,357,FALSE
385,,,2024-08-01T00:00:00Z,358,FALSE
385,,,2024-08-01T00:00:00Z,355,FALSE
385,,,2024-08-01T00:00:00Z,364,FALSE
385,,,2024-08-01T00:00:00Z,365,FALSE
385,,,2024-08-01T00:00:00Z,366,FALSE
385,,,2024-09-01T00:00:00Z,138,FALSE
385,,,2024-09-01T00:00:00Z,368,FALSE
385,,,2024-09-01T00:00:00Z,140,FALSE
385,,,2024-09-01T00:00:00Z,369,FALSE
385,,,2024-09-01T00:00:00Z,139,FALSE
385,,,2024-09-01T00:00:00Z,125,FALSE
385,,,2024-09-01T00:00:00Z,136,FALSE
385,,,2024-09-01T00:00:00Z,141,FALSE
385,,,2024-09-01T00:00:00Z,45,FALSE
385,,,2024-09-01T00:00:00Z,143,FALSE
385,,,2024-09-01T00:00:00Z,137,FALSE
385,,,2024-09-01T00:00:00Z,142,FALSE
385,,,2024-09-01T00:00:00Z,370,FALSE
385,,,2024-09-01T00:00:00Z,371,FALSE
385,,,2024-09-01T00:00:00Z,372,FALSE
385,,,2024-09-01T00:00:00Z,330,FALSE
385,,,2024-09-01T00:00:00Z,373,FALSE
385,,,2024-09-01T00:00:00Z,211,FALSE
385,,,2024-09-01T00:00:00Z,226,FALSE
385,,,2024-09-01T00:00:00Z,233,FALSE
385,,,2024-09-01T00:00:00Z,378,FALSE
385,,,2024-09-01T00:00:00Z,377,FALSE
385,,,2024-09-01T00:00:00Z,310,FALSE
385,,,2024-09-01T00:00:00Z,379,FALSE
385,,,2024-09-01T00:00:00Z,382,FALSE
385,,,2024-09-01T00:00:00Z,381,FALSE
385,,,2024-09-01T00:00:00Z,383,FALSE
385,,,2024-09-01T00:00:00Z,352,FALSE
385,,,2024-09-01T00:00:00Z,353,FALSE
385,,,2024-09-01T00:00:00Z,354,FALSE
385,,,2024-09-01T00:00:00Z,144,FALSE
385,,,2024-09-01T00:00:00Z,356,FALSE
385,,,2024-09-01T00:00:00Z,357,FALSE
385,,,2024-09-01T00:00:00Z,358,FALSE
385,,,2024-09-01T00:00:00Z,355,FALSE
385,,,2024-09-01T00:00:00Z,364,FALSE
385,,,2024-09-01T00:00:00Z,365,FALSE
385,,,2024-09-01T00:00:00Z,366,FALSE
385,,,2024-10-01T00:00:00Z,138,FALSE
385,,,2024-10-01T00:00:00Z,368,FALSE
385,,,2024-10-01T00:00:00Z,140,FALSE
385,,,2024-10-01T00:00:00Z,369,FALSE
385,,,2024-10-01T00:00:00Z,139,FALSE
385,,,2024-10-01T00:00:00Z,125,FALSE
385,,,2024-10-01T00:00:00Z,136,FALSE
385,,,2024-10-01T00:00:00Z,141,FALSE
385,,,2024-10-01T00:00:00Z,45,FALSE
385,,,2024-10-01T00:00:00Z,143,FALSE
385,,,2024-10-01T00:00:00Z,137,FALSE
385,,,2024-10-01T00:00:00Z,142,FALSE
385,,,2024-10-01T00:00:00Z,370,FALSE
385,,,2024-10-01T00:00:00Z,371,FALSE
385,,,2024-10-01T00:00:00Z,372,FALSE
385,,,2024-10-01T00:00:00Z,330,FALSE
385,,,2024-10-01T00:00:00Z,373,FALSE
385,,,2024-10-01T00:00:00Z,211,FALSE
385,,,2024-10-01T00:00:00Z,226,FALSE
385,,,2024-10-01T00:00:00Z,233,FALSE
385,,,2024-10-01T00:00:00Z,378,FALSE
385,,,2024-10-01T00:00:00Z,377,FALSE
385,,,2024-10-01T00:00:00Z,310,FALSE
385,,,2024-10-01T00:00:00Z,379,FALSE
385,,,2024-10-01T00:00:00Z,382,FALSE
385,,,2024-10-01T00:00:00Z,381,FALSE
385,,,2024-10-01T00:00:00Z,383,FALSE
385,,,2024-10-01T00:00:00Z,352,FALSE
385,,,2024-10-01T00:00:00Z,353,FALSE
385,,,2024-10-01T00:00:00Z,354,FALSE
385,,,2024-10-01T00:00:00Z,144,FALSE
385,,,2024-10-01T00:00:00Z,356,FALSE
385,,,2024-10-01T00:00:00Z,357,FALSE
385,,,2024-10-01T00:00:00Z,358,FALSE
385,,,2024-10-01T00:00:00Z,355,FALSE
385,,,2024-10-01T00:00:00Z,364,FALSE
385,,,2024-10-01T00:00:00Z,365,FALSE
385,,,2024-10-01T00:00:00Z,366,FALSE
385,,,2024-11-01T00:00:00Z,138,FALSE
385,,,2024-11-01T00:00:00Z,368,FALSE
385,,,2024-11-01T00:00:00Z,140,FALSE
385,,,2024-11-01T00:00:00Z,369,FALSE
385,,,2024-11-01T00:00:00Z,139,FALSE
385,,,2024-11-01T00:00:00Z,125,FALSE
385,,,2024-11-01T00:00:00Z,136,FALSE
385,,,2024-11-01T00:00:00Z,141,FALSE
385,,,2024-11-01T00:00:00Z,45,FALSE
385,,,2024-11-01T00:00:00Z,143,FALSE
385,,,2024-11-01T00:00:00Z,137,FALSE
385,,,2024-11-01T00:00:00Z,142,FALSE
385,,,2024-11-01T00:00:00Z,370,FALSE
385,,,2024-11-01T00:00:00Z,371,FALSE
385,,,2024-11-01T00:00:00Z,372,FALSE
385,,,2024-11-01T00:00:00Z,330,FALSE
385,,,2024-11-01T00:00:00Z,373,FALSE
385,,,2024-11-01T00:00:00Z,211,FALSE
385,,,2024-11-01T00:00:00Z,226,FALSE
385,,,2024-11-01T00:00:00Z,233,FALSE
385,,,2024-11-01T00:00:00Z,378,FALSE
385,,,2024-11-01T00:00:00Z,377,FALSE
385,,,2024-11-01T00:00:00Z,310,FALSE
385,,,2024-11-01T00:00:00Z,379,FALSE
385,,,2024-11-01T00:00:00Z,382,FALSE
385,,,2024-11-01T00:00:00Z,381,FALSE
385,,,2024-11-01T00:00:00Z,383,FALSE
385,,,2024-11-01T00:00:00Z,352,FALSE
385,,,2024-11-01T00:00:00Z,353,FALSE
385,,,2024-11-01T00:00:00Z,354,FALSE
385,,,2024-11-01T00:00:00Z,144,FALSE
385,,,2024-11-01T00:00:00Z,356,FALSE
385,,,2024-11-01T00:00:00Z,357,FALSE
385,,,2024-11-01T00:00:00Z,358,FALSE
385,,,2024-11-01T00:00:00Z,355,FALSE
385,,,2024-11-01T00:00:00Z,364,FALSE
385,,,2024-11-01T00:00:00Z,365,FALSE
385,,,2024-11-01T00:00:00Z,366,FALSE
385,,,2024-12-01T00:00:00Z,138,FALSE
385,,,2024-12-01T00:00:00Z,368,FALSE
385,,,2024-12-01T00:00:00Z,140,FALSE
385,,,2024-12-01T00:00:00Z,369,FALSE
385,,,2024-12-01T00:00:00Z,139,FALSE
385,,,2024-12-01T00:00:00Z,125,FALSE
385,,,2024-12-01T00:00:00Z,136,FALSE
385,,,2024-12-01T00:00:00Z,141,FALSE
385,,,2024-12-01T00:00:00Z,45,FALSE
385,,,2024-12-01T00:00:00Z,143,FALSE
385,,,2024-12-01T00:00:00Z,137,FALSE
385,,,2024-12-01T00:00:00Z,142,FALSE
385,,,2024-12-01T00:00:00Z,370,FALSE
385,,,2024-12-01T00:00:00Z,371,FALSE
385,,,2024-12-01T00:00:00Z,372,FALSE
385,,,2024-12-01T00:00:00Z,330,FALSE
385,,,2024-12-01T00:00:00Z,373,FALSE
385,,,2024-12-01T00:00:00Z,211,FALSE
385,,,2024-12-01T00:00:00Z,226,FALSE
385,,,2024-12-01T00:00:00Z,233,FALSE
385,,,2024-12-01T00:00:00Z,378,FALSE
385,,,2024-12-01T00:00:00Z,377,FALSE
385,,,2024-12-01T00:00:00Z,310,FALSE
385,,,2024-12-01T00:00:00Z,379,FALSE
385,,,2024-12-01T00:00:00Z,382,FALSE
385,,,2024-12-01T00:00:00Z,381,FALSE
385,,,2024-12-01T00:00:00Z,383,FALSE
385,,,2024-12-01T00:00:00Z,352,FALSE
385,,,2024-12-01T00:00:00Z,353,FALSE
385,,,2024-12-01T00:00:00Z,354,FALSE
385,,,2024-12-01T00:00:00Z,144,FALSE
385,,,2024-12-01T00:00:00Z,356,FALSE
385,,,2024-12-01T00:00:00Z,357,FALSE
385,,,2024-12-01T00:00:00Z,358,FALSE
385,,,2024-12-01T00:00:00Z,355,FALSE
385,,,2024-12-01T00:00:00Z,364,FALSE
385,,,2024-12-01T00:00:00Z,365,FALSE
385,,,2024-12-01T00:00:00Z,366,FALSE
