du_id,month,entity_code,nx
4,2016-01-01,2016,3
4,2016-01-01,2017,10
4,2016-02-01,2016,2
4,2016-02-01,2017,10
4,2016-03-01,2016,3
4,2016-03-01,2017,10
4,2016-04-01,2016,3
4,2016-04-01,2017,15
4,2016-05-01,2016,2
4,2016-05-01,2017,16
4,2016-06-01,2016,3
4,2016-06-01,2017,17
4,2016-07-01,2016,3
4,2016-07-01,2017,15
4,2016-08-01,2016,3
4,2016-08-01,2017,14
4,2016-09-01,2016,2
4,2016-09-01,2017,10
4,2016-10-01,2016,2
4,2016-10-01,2017,10
4,2016-11-01,2016,2
4,2016-11-01,2017,12
4,2016-12-01,2016,2
4,2016-12-01,2017,15
4,2017-01-01,2017,15
4,2017-02-01,2017,12
4,2017-03-01,2017,14
4,2017-04-01,2017,13
4,2017-05-01,2017,16
4,2017-06-01,2017,12
4,2017-07-01,2017,15
4,2017-08-01,2017,10
4,2017-09-01,2017,18
4,2017-10-01,2017,18
4,2017-11-01,2017,9
4,2017-12-01,2017,10
4,2018-01-01,2017,11
4,2018-02-01,2017,17
4,2018-03-01,2017,16
4,2018-04-01,2017,13
4,2018-05-01,2017,12
4,2018-06-01,2017,13
4,2018-07-01,2017,13
4,2018-08-01,2017,17
4,2018-09-01,2017,18
4,2018-10-01,2017,18
4,2018-11-01,2017,19
4,2018-12-01,2017,17
4,2019-01-01,2017,14
4,2019-02-01,2017,17
4,2019-03-01,2017,15
4,2019-04-01,2017,16
4,2019-05-01,2017,19
4,2019-06-01,2017,18
4,2019-07-01,2017,18
4,2019-08-01,2017,14
4,2019-09-01,2016,10
4,2019-10-01,2016,10
4,2019-11-01,2016,10
4,2019-12-01,2016,10
4,2020-01-01,2016,9
4,2020-02-01,2016,10
4,2020-03-01,2016,8
4,2020-04-01,2016,8
4,2020-05-01,2017,14
4,2020-06-01,2017,17
4,2020-07-01,2017,15
4,2020-08-01,2017,14
4,2020-09-01,2017,14
4,2020-10-01,2017,13
4,2020-11-01,2017,13
4,2020-12-01,2017,16
4,2021-01-01,2017,12
4,2021-02-01,2017,14
4,2021-03-01,2017,18
4,2021-04-01,2017,14
4,2021-05-01,2017,16
4,2021-06-01,2017,16
4,2021-07-01,2017,19
4,2021-08-01,2017,19
4,2021-09-01,2017,16
4,2021-10-01,2017,16
4,2021-11-01,2017,15
4,2021-12-01,2017,15
4,2022-01-01,2017,12
4,2022-02-01,2017,12
4,2022-03-01,2017,11
4,2022-04-01,2017,8
4,2022-05-01,2017,5
4,2022-06-01,2017,4
4,2022-07-01,2017,5
4,2022-08-01,2017,11
4,2022-09-01,2017,9
4,2022-10-01,2017,9
4,2022-11-01,2017,11
4,2022-12-01,2017,5
4,2023-01-01,2017,16
4,2023-02-01,2017,15
4,2023-03-01,2017,13
4,2023-04-01,2017,16
4,2023-05-01,2017,19
4,2023-06-01,2017,21
4,2023-07-01,2017,21
4,2023-08-01,2017,16
4,2023-09-01,2017,18
4,2023-10-01,2017,14
4,2023-11-01,2017,12
4,2023-12-01,2017,10
4,2024-01-01,2017,6
4,2024-02-01,2017,6
4,2024-03-01,2017,6
4,2024-04-01,2017,4
7,2016-01-01,2016,2
7,2016-01-01,2017,11
7,2016-02-01,2016,2
7,2016-02-01,2017,14
7,2016-03-01,2016,2
7,2016-03-01,2017,9
7,2016-04-01,2016,2
7,2016-04-01,2017,14
7,2016-05-01,2016,2
7,2016-05-01,2017,13
7,2016-06-01,2016,2
7,2016-06-01,2017,14
7,2016-07-01,2016,3
7,2016-07-01,2017,14
7,2016-08-01,2016,3
7,2016-08-01,2017,12
7,2016-09-01,2016,3
7,2016-09-01,2017,8
7,2016-10-01,2016,2
7,2016-10-01,2017,7
7,2016-11-01,2016,2
7,2016-11-01,2017,5
7,2016-12-01,2016,2
7,2016-12-01,2017,6
7,2017-01-01,2017,5
7,2017-02-01,2017,6
7,2017-03-01,2017,7
7,2017-04-01,2017,6
7,2017-05-01,2017,9
7,2017-06-01,2017,8
7,2017-07-01,2017,7
7,2017-08-01,2017,6
7,2017-09-01,2017,4
7,2017-10-01,2017,4
7,2017-11-01,2017,4
7,2017-12-01,2017,4
7,2018-01-01,2017,5
7,2018-02-01,2017,4
7,2018-03-01,2017,4
7,2018-04-01,2017,4
7,2018-05-01,2017,5
7,2018-06-01,2017,4
7,2018-07-01,2017,4
7,2018-08-01,2017,2
7,2018-09-01,2017,2
7,2018-10-01,2017,2
7,2018-11-01,2017,2
7,2018-12-01,2017,2
7,2019-01-01,2017,4
7,2019-02-01,2017,4
7,2019-03-01,2017,3
7,2019-04-01,2017,3
7,2019-05-01,2017,3
7,2019-06-01,2017,4
7,2019-07-01,2017,3
7,2019-08-01,2017,2
7,2019-09-01,2017,2
7,2019-10-01,2017,2
7,2019-11-01,2017,2
7,2019-12-01,2017,2
8,2016-01-01,2017,3
8,2016-02-01,2017,3
8,2016-03-01,2017,3
8,2016-04-01,2017,3
8,2016-05-01,2017,3
8,2016-06-01,2017,3
8,2016-07-01,2017,3
8,2016-08-01,2017,3
8,2016-09-01,2017,2
8,2016-10-01,2017,2
8,2017-01-01,2017,3
8,2017-02-01,2017,3
8,2017-03-01,2017,3
8,2017-04-01,2017,3
8,2017-05-01,2017,2
8,2017-06-01,2017,2
8,2017-07-01,2017,2
8,2017-08-01,2017,2
8,2017-09-01,2017,2
8,2017-10-01,2017,2
8,2017-11-01,2017,2
8,2017-12-01,2017,2
8,2018-03-01,2017,2
8,2018-04-01,2017,2
8,2019-01-01,2017,2
8,2019-02-01,2017,3
8,2019-03-01,2017,4
8,2019-04-01,2017,4
8,2019-05-01,2017,5
8,2019-06-01,2017,4
8,2019-07-01,2017,5
8,2019-08-01,2017,3
8,2020-01-01,2016,2
8,2020-08-01,2016,2
8,2020-10-01,2016,2
8,2020-11-01,2016,2
8,2020-12-01,2016,2
8,2021-01-01,2016,4
8,2021-02-01,2016,5
8,2021-03-01,2016,5
8,2021-04-01,2016,5
8,2021-05-01,2016,6
8,2021-06-01,2016,8
8,2021-07-01,2016,7
8,2021-08-01,2016,6
8,2021-09-01,2016,6
8,2021-10-01,2016,5
8,2021-11-01,2016,7
8,2021-12-01,2016,2
8,2022-01-01,2016,6
8,2022-02-01,2016,7
8,2022-03-01,2016,8
8,2022-04-01,2016,5
8,2022-05-01,2016,6
8,2022-06-01,2016,7
8,2022-07-01,2016,5
8,2022-08-01,2016,7
8,2022-09-01,2016,10
8,2022-10-01,2016,8
8,2022-11-01,2016,9
8,2022-12-01,2016,8
8,2023-01-01,2016,10
8,2023-02-01,2016,9
8,2023-03-01,2016,9
8,2023-04-01,2016,10
8,2023-05-01,2016,7
8,2023-06-01,2016,7
8,2023-07-01,2016,10
8,2023-08-01,2016,10
8,2023-09-01,2016,9
8,2023-10-01,2016,8
8,2023-11-01,2016,6
8,2023-12-01,2016,6
8,2024-01-01,2016,8
8,2024-02-01,2016,8
8,2024-03-01,2016,8
8,2024-04-01,2016,7
8,2024-06-01,2016,6
8,2024-07-01,2016,8
8,2024-08-01,2016,8
8,2024-09-01,2016,8
8,2024-10-01,2016,7
8,2024-11-01,2016,10
8,2024-12-01,2016,4
8,2025-01-01,2016,5
8,2025-02-01,2016,5
8,2025-03-01,2016,5
8,2025-04-01,2016,5
8,2025-05-01,2016,5
8,2025-06-01,2016,5
10,2017-03-01,2017,2
10,2017-04-01,2017,3
10,2017-05-01,2017,2
10,2017-06-01,2017,2
10,2017-11-01,2017,3
10,2017-12-01,2017,3
10,2018-01-01,2017,2
10,2018-02-01,2017,2
10,2018-03-01,2017,2
10,2018-04-01,2017,2
10,2018-05-01,2017,4
10,2018-06-01,2017,3
10,2018-07-01,2017,2
10,2018-09-01,2017,3
10,2018-10-01,2017,3
10,2018-11-01,2017,2
10,2018-12-01,2017,3
10,2019-02-01,2017,3
10,2019-03-01,2017,4
10,2019-04-01,2017,4
10,2019-05-01,2017,6
10,2019-06-01,2017,3
10,2019-07-01,2017,4
10,2019-09-01,2017,2
10,2019-10-01,2017,2
10,2019-11-01,2017,4
10,2020-01-01,2017,3
10,2020-02-01,2017,4
10,2020-03-01,2017,5
10,2020-04-01,2017,4
10,2020-05-01,2017,4
10,2020-06-01,2017,3
10,2020-08-01,2017,2
10,2020-09-01,2017,2
10,2020-10-01,2017,2
10,2020-11-01,2017,4
10,2020-12-01,2017,4
10,2022-09-01,2017,2
10,2022-10-01,2017,2
10,2022-11-01,2017,2
10,2022-12-01,2017,2
10,2023-01-01,2017,3
10,2023-02-01,2017,3
10,2023-03-01,2017,3
10,2023-04-01,2017,3
10,2023-05-01,2017,3
10,2023-06-01,2017,3
10,2023-07-01,2017,3
10,2023-08-01,2017,3
10,2023-09-01,2017,3
10,2023-10-01,2017,3
10,2023-11-01,2017,3
10,2023-12-01,2017,3
10,2024-01-01,2017,2
10,2024-02-01,2017,2
10,2024-03-01,2017,2
10,2024-04-01,2017,2
10,2024-05-01,2017,2
10,2024-06-01,2017,2
10,2024-07-01,2017,2
10,2024-08-01,2017,2
10,2024-09-01,2017,2
10,2024-10-01,2017,2
10,2024-11-01,2017,2
10,2024-12-01,2017,2
10,2025-01-01,2017,2
10,2025-02-01,2017,2
10,2025-03-01,2017,2
10,2025-04-01,2017,2
10,2025-05-01,2017,2
10,2025-06-01,2017,2
11,2016-01-01,2017,4
11,2016-02-01,2017,4
11,2016-03-01,2016,2
11,2016-03-01,2017,5
11,2016-04-01,2016,2
11,2016-04-01,2017,4
11,2016-05-01,2016,2
11,2016-05-01,2017,4
11,2016-06-01,2016,3
11,2016-06-01,2017,5
11,2016-07-01,2016,2
11,2016-07-01,2017,6
11,2016-08-01,2017,6
11,2016-09-01,2017,6
11,2016-10-01,2017,6
11,2016-11-01,2017,4
11,2016-12-01,2017,2
11,2017-01-01,2017,23
11,2017-02-01,2017,23
11,2017-03-01,2017,21
11,2017-04-01,2017,20
11,2017-05-01,2017,21
11,2017-06-01,2017,19
11,2017-07-01,2017,21
11,2017-08-01,2017,22
11,2017-09-01,2017,23
11,2017-10-01,2017,18
11,2017-11-01,2017,16
11,2017-12-01,2017,18
11,2018-01-01,2017,12
11,2018-02-01,2017,13
11,2018-03-01,2017,18
11,2018-04-01,2017,18
11,2018-05-01,2017,17
11,2018-06-01,2017,10
11,2018-07-01,2017,16
11,2018-08-01,2017,14
11,2018-09-01,2017,11
11,2018-10-01,2017,15
11,2018-11-01,2017,12
11,2018-12-01,2017,12
11,2019-01-01,2017,19
11,2019-02-01,2017,17
11,2019-03-01,2017,14
11,2019-04-01,2017,13
11,2019-05-01,2017,14
11,2019-06-01,2017,14
11,2019-07-01,2017,9
11,2019-08-01,2017,9
11,2019-09-01,2016,8
11,2019-10-01,2016,10
11,2019-11-01,2016,9
11,2019-12-01,2016,10
11,2020-01-01,2017,16
11,2020-02-01,2017,15
11,2020-03-01,2017,14
11,2020-04-01,2017,15
11,2020-05-01,2017,16
11,2020-06-01,2017,12
11,2020-07-01,2017,17
11,2020-08-01,2017,15
11,2020-09-01,2017,13
11,2020-10-01,2017,9
11,2020-11-01,2017,10
11,2020-12-01,2017,11
11,2021-01-01,2017,11
11,2021-02-01,2017,9
11,2021-03-01,2017,11
11,2021-04-01,2017,11
11,2021-05-01,2017,13
11,2021-06-01,2017,14
11,2021-07-01,2017,11
11,2021-08-01,2017,7
11,2021-09-01,2017,8
11,2021-10-01,2017,13
11,2021-11-01,2017,9
11,2021-12-01,2017,7
11,2022-01-01,2017,12
11,2022-02-01,2017,12
11,2022-03-01,2017,13
11,2022-04-01,2017,7
11,2022-05-01,2017,11
11,2022-06-01,2017,7
11,2022-07-01,2017,11
11,2022-08-01,2017,8
11,2022-09-01,2017,7
11,2022-10-01,2017,11
11,2022-11-01,2017,17
11,2022-12-01,2017,10
11,2023-01-01,2017,12
11,2023-02-01,2017,11
11,2023-03-01,2017,11
11,2023-04-01,2017,9
11,2023-05-01,2017,9
11,2023-06-01,2017,9
11,2023-07-01,2017,11
11,2023-08-01,2017,8
11,2023-09-01,2017,8
11,2023-10-01,2017,10
11,2023-11-01,2017,11
11,2023-12-01,2017,9
11,2024-01-01,2017,11
11,2024-02-01,2017,13
11,2024-03-01,2017,15
11,2024-04-01,2017,10
11,2024-05-01,2017,15
11,2024-06-01,2017,16
11,2024-07-01,2017,11
11,2024-08-01,2017,9
11,2024-09-01,2017,9
11,2024-10-01,2017,14
11,2024-11-01,2017,13
11,2024-12-01,2017,10
11,2025-01-01,2017,3
11,2025-02-01,2017,5
11,2025-03-01,2017,4
11,2025-04-01,2017,3
11,2025-05-01,2017,2
12,2016-01-01,2016,3
12,2016-01-01,2017,8
12,2016-02-01,2016,3
12,2016-02-01,2017,9
12,2016-03-01,2016,3
12,2016-03-01,2017,11
12,2016-04-01,2016,2
12,2016-04-01,2017,8
12,2016-05-01,2016,3
12,2016-05-01,2017,7
12,2016-06-01,2016,3
12,2016-06-01,2017,9
12,2016-07-01,2017,9
12,2016-08-01,2017,8
12,2016-09-01,2017,4
12,2016-10-01,2017,4
12,2016-11-01,2017,3
12,2016-12-01,2017,4
12,2017-01-01,2017,6
12,2017-02-01,2017,7
12,2017-03-01,2017,7
12,2017-04-01,2017,9
12,2017-05-01,2017,8
12,2017-06-01,2017,7
12,2017-07-01,2017,7
12,2017-08-01,2017,9
12,2017-09-01,2017,7
12,2017-10-01,2017,10
12,2017-11-01,2017,7
12,2018-01-01,2017,9
12,2018-02-01,2017,6
12,2018-03-01,2017,9
12,2018-04-01,2017,9
12,2018-05-01,2017,9
12,2018-06-01,2017,6
12,2018-07-01,2017,7
12,2018-08-01,2017,5
12,2018-09-01,2017,10
12,2018-10-01,2017,12
12,2018-11-01,2017,10
12,2018-12-01,2017,5
12,2019-01-01,2017,8
12,2019-02-01,2017,6
12,2019-03-01,2017,4
12,2019-04-01,2017,5
12,2019-05-01,2017,7
12,2019-06-01,2017,3
12,2019-07-01,2017,5
12,2019-08-01,2017,4
12,2019-09-01,2016,10
12,2019-10-01,2016,12
12,2019-11-01,2016,15
12,2019-12-01,2016,10
12,2020-01-01,2016,4
12,2020-02-01,2016,11
12,2020-03-01,2016,13
12,2020-04-01,2016,13
12,2020-05-01,2016,12
12,2020-06-01,2016,4
12,2020-07-01,2016,5
12,2020-08-01,2016,4
12,2020-09-01,2017,9
12,2020-10-01,2017,4
12,2020-11-01,2017,8
12,2020-12-01,2017,6
12,2021-01-01,2017,6
12,2021-02-01,2017,5
12,2021-03-01,2017,12
12,2021-04-01,2017,15
12,2021-05-01,2017,10
12,2021-06-01,2017,11
12,2021-07-01,2017,3
12,2021-08-01,2017,8
12,2021-09-01,2016,12
12,2021-10-01,2016,12
12,2021-11-01,2016,8
12,2021-12-01,2016,8
12,2022-01-01,2016,10
12,2022-02-01,2016,13
12,2022-03-01,2016,13
12,2022-04-01,2016,11
12,2022-05-01,2017,7
12,2022-06-01,2017,6
12,2022-07-01,2017,7
12,2022-08-01,2017,8
12,2022-09-01,2017,7
12,2022-10-01,2017,7
12,2022-11-01,2017,2
12,2022-12-01,2017,5
12,2023-01-01,2017,14
12,2023-02-01,2017,14
12,2023-03-01,2017,15
12,2023-04-01,2017,10
12,2023-05-01,2017,16
12,2023-06-01,2017,13
12,2023-07-01,2017,8
12,2023-08-01,2017,10
12,2023-09-01,2017,13
12,2023-10-01,2017,12
12,2023-11-01,2017,11
12,2023-12-01,2017,5
12,2024-01-01,2017,11
12,2024-02-01,2017,11
12,2024-03-01,2017,12
12,2024-04-01,2017,11
12,2024-05-01,2017,12
12,2024-06-01,2017,11
12,2024-07-01,2017,9
12,2024-08-01,2017,11
12,2024-09-01,2017,10
12,2024-10-01,2017,10
12,2024-11-01,2017,9
12,2024-12-01,2017,9
12,2025-01-01,2017,5
12,2025-02-01,2017,4
15,2016-01-01,2017,3
15,2016-02-01,2017,2
15,2016-03-01,2017,2
15,2016-04-01,2017,3
15,2016-06-01,2017,2
15,2016-07-01,2016,2
15,2016-08-01,2016,2
15,2016-09-01,2016,2
15,2016-10-01,2016,4
15,2016-11-01,2016,2
15,2016-12-01,2016,3
15,2017-01-01,2017,3
15,2017-02-01,2017,3
15,2017-03-01,2017,4
15,2017-04-01,2017,5
15,2017-05-01,2017,4
15,2017-06-01,2017,4
15,2017-07-01,2017,5
15,2017-08-01,2017,6
15,2017-09-01,2017,4
15,2017-10-01,2017,6
15,2017-11-01,2017,7
15,2017-12-01,2017,6
15,2018-01-01,2017,4
15,2018-02-01,2017,3
15,2018-03-01,2017,4
15,2018-04-01,2017,3
15,2018-05-01,2017,2
15,2018-06-01,2017,3
15,2018-07-01,2017,4
15,2018-08-01,2017,3
15,2018-09-01,2017,3
15,2018-10-01,2017,4
15,2018-11-01,2017,3
15,2018-12-01,2017,3
15,2019-01-01,2017,4
15,2019-02-01,2017,4
15,2019-03-01,2017,3
15,2019-04-01,2017,4
15,2019-05-01,2017,7
15,2019-06-01,2017,4
15,2019-07-01,2017,8
15,2019-08-01,2017,10
15,2019-09-01,2017,7
15,2019-10-01,2017,13
15,2019-11-01,2017,12
15,2019-12-01,2017,6
15,2020-01-01,2017,3
15,2020-02-01,2017,5
15,2020-03-01,2017,3
15,2020-04-01,2017,4
15,2020-05-01,2017,6
15,2020-06-01,2017,8
15,2020-07-01,2017,7
15,2020-08-01,2017,7
15,2020-09-01,2017,5
15,2020-10-01,2017,12
15,2020-11-01,2017,10
15,2020-12-01,2017,10
15,2021-01-01,2017,5
15,2021-02-01,2017,10
15,2021-03-01,2017,7
15,2021-04-01,2017,8
15,2021-05-01,2017,9
15,2021-06-01,2017,8
15,2021-07-01,2017,3
15,2021-08-01,2017,3
15,2021-09-01,2017,4
15,2021-10-01,2017,3
15,2022-01-01,2017,5
15,2022-02-01,2017,5
15,2022-03-01,2017,5
15,2022-04-01,2017,4
15,2022-05-01,2017,5
15,2022-06-01,2017,4
15,2022-07-01,2017,3
15,2022-08-01,2017,2
15,2022-09-01,2017,4
15,2022-10-01,2017,4
15,2022-11-01,2017,5
15,2022-12-01,2017,4
15,2023-01-01,2017,4
15,2023-02-01,2017,5
15,2023-03-01,2017,4
15,2023-04-01,2017,5
15,2023-05-01,2017,6
15,2023-06-01,2017,4
15,2023-07-01,2017,4
15,2023-08-01,2017,5
15,2023-09-01,2017,4
15,2023-10-01,2017,4
15,2023-11-01,2017,5
15,2023-12-01,2017,3
15,2024-01-01,2017,5
15,2024-02-01,2017,5
15,2024-03-01,2017,5
15,2024-04-01,2017,5
15,2024-05-01,2017,4
15,2024-06-01,2017,4
15,2024-07-01,2017,3
15,2024-08-01,2016,5
15,2024-09-01,2016,4
15,2024-10-01,2016,5
15,2024-11-01,2016,4
15,2024-12-01,2016,4
18,2016-01-01,2017,3
18,2016-02-01,2017,3
18,2016-03-01,2017,3
18,2016-04-01,2017,2
18,2017-06-01,2017,2
18,2017-07-01,2017,2
18,2017-08-01,2017,3
18,2017-09-01,2017,3
18,2017-10-01,2017,3
18,2017-11-01,2017,3
18,2017-12-01,2017,3
18,2018-01-01,2017,3
18,2018-02-01,2017,2
18,2018-03-01,2017,2
18,2018-04-01,2017,5
18,2018-05-01,2017,5
18,2018-06-01,2017,5
18,2018-07-01,2017,6
18,2018-08-01,2017,4
18,2018-09-01,2017,5
18,2018-10-01,2017,6
18,2018-11-01,2017,8
18,2018-12-01,2017,5
18,2019-01-01,2017,6
18,2019-02-01,2017,6
18,2019-03-01,2017,6
18,2019-04-01,2017,4
18,2019-05-01,2017,7
18,2019-06-01,2017,6
18,2019-07-01,2017,8
18,2019-08-01,2017,7
18,2019-09-01,2017,5
18,2019-10-01,2017,9
18,2019-11-01,2017,6
18,2019-12-01,2017,2
18,2020-01-01,2017,9
18,2020-02-01,2017,7
18,2020-03-01,2017,10
18,2020-04-01,2017,9
18,2020-05-01,2017,7
18,2020-06-01,2017,6
18,2020-07-01,2017,10
18,2020-08-01,2017,7
18,2020-09-01,2017,5
18,2020-10-01,2017,7
18,2020-11-01,2017,8
18,2020-12-01,2017,10
18,2021-01-01,2017,6
18,2021-02-01,2017,4
18,2021-03-01,2017,7
18,2021-04-01,2017,6
18,2021-05-01,2017,5
18,2021-06-01,2017,6
18,2021-07-01,2017,6
18,2021-08-01,2017,6
18,2021-09-01,2017,7
18,2021-10-01,2017,7
18,2021-11-01,2017,8
18,2021-12-01,2017,2
18,2022-01-01,2017,4
18,2022-02-01,2017,5
18,2022-03-01,2017,6
18,2022-04-01,2017,5
18,2022-05-01,2017,3
18,2022-06-01,2017,3
18,2022-07-01,2017,3
18,2022-08-01,2017,3
18,2022-09-01,2017,4
18,2022-10-01,2017,4
18,2022-11-01,2017,5
18,2022-12-01,2017,4
18,2023-01-01,2017,7
18,2023-02-01,2017,3
18,2023-03-01,2017,6
18,2023-04-01,2017,5
18,2023-05-01,2017,6
18,2023-06-01,2017,8
18,2023-07-01,2017,5
18,2023-08-01,2017,4
18,2023-09-01,2017,5
18,2023-10-01,2017,7
18,2023-11-01,2017,7
18,2023-12-01,2017,4
18,2024-01-01,2017,6
18,2024-02-01,2017,6
18,2024-03-01,2017,6
18,2024-04-01,2017,6
18,2024-05-01,2017,5
18,2024-06-01,2017,6
18,2024-07-01,2017,7
18,2024-08-01,2017,7
18,2024-09-01,2017,2
18,2024-10-01,2017,2
18,2024-11-01,2017,2
18,2024-12-01,2017,3
18,2025-01-01,2017,5
18,2025-02-01,2017,4
18,2025-03-01,2017,4
18,2025-04-01,2017,4
18,2025-05-01,2017,3
18,2025-06-01,2017,3
21,2016-01-01,2016,2
21,2016-01-01,2017,8
21,2016-02-01,2017,10
21,2016-03-01,2017,11
21,2016-04-01,2016,2
21,2016-04-01,2017,11
21,2016-05-01,2016,2
21,2016-05-01,2017,10
21,2016-06-01,2016,4
21,2016-06-01,2017,9
21,2016-07-01,2016,4
21,2016-07-01,2017,14
21,2016-08-01,2017,6
21,2016-09-01,2017,6
21,2016-10-01,2017,7
21,2016-11-01,2017,3
21,2016-12-01,2017,4
21,2017-01-01,2017,12
21,2017-02-01,2017,12
21,2017-03-01,2017,14
21,2017-04-01,2017,10
21,2017-05-01,2017,12
21,2017-06-01,2017,14
21,2017-07-01,2017,13
21,2017-08-01,2017,14
21,2017-09-01,2017,14
21,2017-10-01,2017,14
21,2017-11-01,2017,10
21,2017-12-01,2017,13
21,2018-01-01,2017,12
21,2018-02-01,2017,9
21,2018-03-01,2017,11
21,2018-04-01,2017,14
21,2018-05-01,2017,15
21,2018-06-01,2017,16
21,2018-07-01,2017,16
21,2018-08-01,2017,11
21,2018-09-01,2017,18
21,2018-10-01,2017,21
21,2018-11-01,2017,18
21,2018-12-01,2017,14
21,2019-01-01,2017,21
21,2019-02-01,2017,15
21,2019-03-01,2017,23
21,2019-04-01,2017,23
21,2019-05-01,2017,11
21,2019-06-01,2017,23
21,2019-07-01,2017,31
21,2019-08-01,2017,21
21,2019-09-01,2017,30
21,2019-10-01,2017,28
21,2019-11-01,2017,28
21,2019-12-01,2017,15
21,2020-01-01,2017,17
21,2020-02-01,2017,15
21,2020-03-01,2017,18
21,2020-04-01,2017,17
21,2020-05-01,2017,24
21,2020-06-01,2017,22
21,2020-07-01,2017,21
21,2020-08-01,2017,17
21,2020-09-01,2017,18
21,2020-10-01,2017,21
21,2020-11-01,2017,21
21,2020-12-01,2017,10
21,2021-01-01,2017,9
21,2021-02-01,2017,7
21,2021-03-01,2017,10
21,2021-04-01,2017,12
21,2021-05-01,2017,11
21,2021-06-01,2017,12
21,2021-07-01,2017,8
21,2021-08-01,2017,7
21,2021-09-01,2017,6
21,2021-10-01,2017,4
21,2021-11-01,2017,8
21,2021-12-01,2017,6
21,2022-01-01,2017,7
21,2022-02-01,2017,5
21,2022-03-01,2017,5
21,2022-04-01,2017,6
21,2022-05-01,2017,5
21,2022-06-01,2017,6
21,2022-08-01,2017,2
21,2022-09-01,2017,6
21,2022-10-01,2017,6
21,2022-11-01,2017,6
21,2022-12-01,2017,3
21,2023-01-01,2017,4
21,2023-02-01,2017,4
21,2023-03-01,2017,5
21,2023-04-01,2017,5
21,2023-05-01,2017,6
21,2023-06-01,2017,8
21,2023-07-01,2017,8
21,2023-08-01,2017,6
21,2023-09-01,2017,8
21,2023-10-01,2017,9
21,2023-11-01,2017,8
21,2023-12-01,2017,5
21,2024-01-01,2017,6
21,2024-02-01,2017,6
21,2024-03-01,2017,9
21,2024-04-01,2017,10
21,2024-05-01,2017,6
21,2024-06-01,2017,9
21,2024-07-01,2017,9
21,2024-08-01,2017,8
21,2024-09-01,2017,8
21,2024-10-01,2017,9
21,2024-11-01,2017,8
21,2024-12-01,2017,9
22,2016-01-01,2016,2
22,2016-01-01,2017,13
22,2016-02-01,2017,15
22,2016-03-01,2016,2
22,2016-03-01,2017,14
22,2016-04-01,2016,2
22,2016-04-01,2017,13
22,2016-05-01,2016,2
22,2016-05-01,2017,12
22,2016-06-01,2016,2
22,2016-06-01,2017,9
22,2016-07-01,2016,2
22,2016-07-01,2017,12
22,2016-08-01,2017,14
22,2016-09-01,2017,9
22,2016-10-01,2016,2
22,2016-10-01,2017,10
22,2016-11-01,2017,9
22,2016-12-01,2017,8
22,2017-01-01,2017,10
22,2017-02-01,2017,15
22,2017-03-01,2017,11
22,2017-04-01,2017,7
22,2017-05-01,2017,10
22,2017-06-01,2017,12
22,2017-07-01,2017,12
22,2017-08-01,2017,12
22,2017-09-01,2017,10
22,2017-10-01,2017,9
22,2017-11-01,2017,7
22,2017-12-01,2017,5
22,2018-03-01,2016,3
22,2018-04-01,2016,2
22,2018-05-01,2016,2
22,2018-06-01,2016,2
22,2018-08-01,2016,2
22,2018-09-01,2016,2
22,2019-02-01,2016,2
22,2019-03-01,2016,3
22,2019-04-01,2016,2
22,2019-05-01,2016,2
22,2019-06-01,2016,2
22,2019-08-01,2016,2
22,2019-09-01,2016,2
22,2019-10-01,2016,2
22,2019-11-01,2016,3
22,2019-12-01,2016,2
22,2020-01-01,2016,2
22,2020-02-01,2016,2
22,2020-03-01,2016,2
22,2020-05-01,2016,2
22,2020-06-01,2016,2
22,2020-07-01,2016,2
22,2020-08-01,2016,2
22,2020-09-01,2016,2
22,2020-12-01,2016,2
22,2021-01-01,2016,3
22,2021-02-01,2016,4
22,2021-03-01,2016,5
22,2021-05-01,2016,4
22,2021-06-01,2016,2
22,2021-07-01,2016,3
22,2021-08-01,2016,5
22,2021-09-01,2016,5
22,2021-10-01,2016,3
22,2021-11-01,2016,3
22,2021-12-01,2016,4
22,2022-04-01,2016,2
22,2022-05-01,2016,2
22,2022-06-01,2016,2
22,2022-07-01,2016,2
22,2022-08-01,2016,4
22,2022-09-01,2016,4
22,2022-10-01,2016,4
22,2022-11-01,2016,4
22,2022-12-01,2016,4
22,2023-01-01,2016,3
22,2023-03-01,2016,2
22,2023-05-01,2016,3
22,2023-06-01,2016,3
22,2023-08-01,2016,2
22,2023-09-01,2016,2
22,2023-10-01,2016,3
22,2023-11-01,2016,3
22,2023-12-01,2016,2
22,2024-01-01,2016,2
22,2024-04-01,2016,3
22,2024-05-01,2016,2
22,2024-06-01,2016,2
22,2024-07-01,2016,3
22,2024-09-01,2016,3
22,2024-10-01,2016,2
22,2024-11-01,2016,4
22,2024-12-01,2016,3
23,2016-01-01,2017,6
23,2016-02-01,2017,7
23,2016-03-01,2017,8
23,2016-04-01,2017,9
23,2016-05-01,2017,7
23,2016-06-01,2017,7
23,2016-07-01,2017,8
23,2016-08-01,2017,8
23,2016-09-01,2017,6
23,2016-10-01,2017,7
23,2016-11-01,2017,7
23,2016-12-01,2017,3
23,2017-01-01,2017,9
23,2017-02-01,2017,10
23,2017-03-01,2017,9
23,2017-04-01,2017,7
23,2017-05-01,2017,9
23,2017-06-01,2017,8
23,2017-07-01,2017,8
23,2017-08-01,2017,9
23,2017-09-01,2017,10
23,2017-10-01,2017,5
23,2017-11-01,2017,8
23,2017-12-01,2017,6
23,2018-01-01,2017,5
23,2018-02-01,2017,7
23,2018-03-01,2017,6
23,2018-04-01,2017,8
23,2018-05-01,2017,7
23,2018-06-01,2017,7
23,2018-07-01,2017,8
23,2018-08-01,2017,7
23,2018-09-01,2017,8
23,2018-10-01,2017,10
23,2018-11-01,2017,8
23,2019-01-01,2017,4
23,2019-02-01,2017,6
23,2019-03-01,2017,9
23,2019-04-01,2017,7
23,2019-05-01,2017,9
23,2019-06-01,2017,8
23,2019-07-01,2017,11
23,2019-08-01,2017,9
23,2019-09-01,2017,10
23,2019-10-01,2017,7
23,2019-11-01,2017,10
23,2019-12-01,2017,6
23,2020-01-01,2017,6
23,2020-02-01,2017,8
23,2020-03-01,2017,10
23,2020-04-01,2017,10
23,2020-05-01,2017,15
23,2020-06-01,2017,14
23,2020-07-01,2017,14
23,2020-08-01,2017,15
23,2020-09-01,2017,16
23,2020-10-01,2017,15
23,2020-11-01,2017,12
23,2020-12-01,2017,10
23,2021-01-01,2017,10
23,2021-02-01,2017,11
23,2021-03-01,2017,11
23,2021-04-01,2017,10
23,2021-05-01,2017,10
23,2021-06-01,2017,11
23,2021-07-01,2017,11
23,2021-08-01,2017,11
24,2016-01-01,2017,5
24,2016-02-01,2017,7
24,2016-03-01,2017,6
24,2016-04-01,2017,5
24,2016-05-01,2017,6
24,2016-06-01,2017,7
24,2016-07-01,2017,6
24,2016-08-01,2017,4
24,2016-09-01,2017,4
24,2016-10-01,2017,2
24,2016-11-01,2017,5
24,2016-12-01,2017,6
24,2017-01-01,2017,4
24,2017-02-01,2017,5
24,2017-03-01,2017,6
24,2017-04-01,2017,6
24,2017-05-01,2017,5
24,2017-06-01,2017,5
24,2017-07-01,2017,5
24,2017-08-01,2017,6
24,2017-09-01,2016,2
24,2017-09-01,2017,6
24,2017-10-01,2017,3
24,2017-11-01,2017,6
24,2017-12-01,2017,6
24,2018-01-01,2017,5
24,2018-02-01,2017,6
24,2018-03-01,2017,5
24,2018-04-01,2017,4
24,2018-05-01,2016,2
24,2018-05-01,2017,3
24,2018-06-01,2016,2
24,2018-06-01,2017,5
24,2018-07-01,2016,2
24,2018-07-01,2017,6
24,2018-08-01,2016,2
24,2018-08-01,2017,6
24,2018-09-01,2016,2
24,2018-09-01,2017,3
24,2018-10-01,2016,4
24,2018-10-01,2017,4
24,2018-11-01,2017,4
24,2018-12-01,2016,2
24,2018-12-01,2017,4
24,2019-01-01,2017,2
24,2019-02-01,2017,2
24,2019-03-01,2016,2
24,2019-04-01,2016,2
24,2019-05-01,2016,3
24,2019-06-01,2016,2
24,2019-07-01,2016,3
24,2019-09-01,2016,5
24,2019-10-01,2016,2
24,2019-11-01,2016,4
24,2019-12-01,2016,2
24,2020-01-01,2016,2
24,2020-02-01,2017,10
24,2020-03-01,2017,11
24,2020-04-01,2017,9
24,2020-05-01,2017,9
24,2020-06-01,2017,9
24,2020-07-01,2017,10
24,2020-08-01,2017,13
24,2020-09-01,2016,5
24,2020-10-01,2016,7
24,2020-11-01,2016,6
24,2020-12-01,2016,4
24,2021-01-01,2017,10
24,2021-02-01,2017,12
24,2021-03-01,2017,12
24,2021-04-01,2017,12
24,2021-05-01,2017,10
24,2021-06-01,2017,11
24,2021-07-01,2017,12
24,2021-08-01,2017,12
24,2021-09-01,2017,11
24,2021-10-01,2017,9
24,2021-11-01,2017,9
24,2021-12-01,2017,8
24,2022-01-01,2017,9
24,2022-02-01,2017,9
24,2022-03-01,2017,9
24,2022-04-01,2017,8
24,2022-05-01,2017,8
24,2022-06-01,2017,7
24,2022-07-01,2017,5
24,2022-08-01,2017,7
24,2022-09-01,2016,4
24,2022-10-01,2016,2
24,2022-11-01,2016,2
24,2022-12-01,2016,6
24,2023-01-01,2016,9
24,2023-02-01,2016,8
24,2023-03-01,2016,7
24,2023-04-01,2016,7
24,2023-05-01,2016,8
24,2023-06-01,2016,8
24,2023-07-01,2016,7
24,2023-08-01,2016,8
24,2023-09-01,2016,8
24,2023-10-01,2016,8
24,2023-11-01,2016,7
24,2023-12-01,2016,8
24,2024-01-01,2016,4
24,2024-02-01,2016,4
24,2024-03-01,2016,6
24,2024-04-01,2016,6
24,2024-05-01,2016,6
24,2024-06-01,2016,7
24,2024-07-01,2016,6
24,2024-08-01,2016,6
24,2024-09-01,2016,5
24,2024-10-01,2016,5
24,2024-11-01,2016,6
24,2024-12-01,2016,5
24,2025-01-01,2016,6
24,2025-02-01,2016,6
24,2025-03-01,2016,6
24,2025-04-01,2016,6
24,2025-05-01,2016,6
24,2025-06-01,2016,5
24,2025-07-01,2016,3
26,2017-01-01,2016,3
26,2017-02-01,2016,4
26,2017-03-01,2016,5
26,2017-04-01,2016,4
26,2017-05-01,2016,5
26,2017-06-01,2016,4
26,2017-07-01,2016,3
26,2017-08-01,2016,5
26,2017-09-01,2016,2
26,2017-11-01,2016,4
26,2017-12-01,2016,2
27,2016-01-01,2017,8
27,2016-02-01,2017,10
27,2016-03-01,2017,5
27,2016-04-01,2017,6
27,2016-05-01,2017,8
27,2016-06-01,2017,8
27,2016-07-01,2017,5
27,2016-08-01,2017,6
27,2016-09-01,2017,5
27,2016-10-01,2016,2
27,2016-10-01,2017,5
27,2016-11-01,2017,5
27,2016-12-01,2017,6
27,2017-01-01,2016,5
27,2017-01-01,2017,7
27,2017-02-01,2016,7
27,2017-02-01,2017,6
27,2017-03-01,2016,7
27,2017-03-01,2017,6
27,2017-04-01,2016,5
27,2017-04-01,2017,7
27,2017-05-01,2016,6
27,2017-05-01,2017,7
27,2017-06-01,2016,4
27,2017-06-01,2017,6
27,2017-07-01,2016,6
27,2017-07-01,2017,7
27,2017-08-01,2016,6
27,2017-08-01,2017,8
27,2017-09-01,2016,6
27,2017-09-01,2017,6
27,2017-10-01,2016,6
27,2017-10-01,2017,6
27,2017-11-01,2016,6
27,2017-11-01,2017,7
27,2017-12-01,2016,6
27,2017-12-01,2017,7
27,2018-01-01,2016,6
27,2018-01-01,2017,6
27,2018-02-01,2016,4
27,2018-02-01,2017,13
27,2018-03-01,2016,6
27,2018-03-01,2017,13
27,2018-04-01,2016,6
27,2018-04-01,2017,8
27,2018-05-01,2016,6
27,2018-05-01,2017,5
27,2018-06-01,2016,6
27,2018-06-01,2017,6
27,2018-07-01,2016,2
27,2018-07-01,2017,14
27,2018-08-01,2016,2
27,2018-08-01,2017,13
27,2018-09-01,2016,4
27,2018-09-01,2017,13
27,2018-10-01,2016,2
27,2018-10-01,2017,14
27,2018-11-01,2016,5
27,2018-11-01,2017,10
27,2018-12-01,2016,4
27,2018-12-01,2017,8
27,2019-01-01,2016,3
27,2019-01-01,2017,8
27,2019-02-01,2016,3
27,2019-02-01,2017,8
27,2019-03-01,2016,4
27,2019-03-01,2017,9
27,2019-04-01,2016,3
27,2019-04-01,2017,9
27,2019-05-01,2016,3
27,2019-05-01,2017,6
27,2019-06-01,2016,2
27,2019-06-01,2017,5
27,2019-07-01,2017,11
27,2019-08-01,2017,11
27,2019-09-01,2017,10
27,2019-10-01,2017,12
27,2019-11-01,2017,12
27,2019-12-01,2017,9
27,2020-01-01,2017,4
27,2020-02-01,2017,4
27,2020-03-01,2017,3
27,2020-04-01,2017,2
27,2020-05-01,2017,7
27,2020-06-01,2017,6
27,2020-07-01,2017,9
27,2020-08-01,2017,8
27,2020-09-01,2017,13
27,2020-10-01,2017,12
27,2020-11-01,2017,17
27,2020-12-01,2017,15
27,2021-01-01,2017,21
27,2021-02-01,2017,18
27,2021-03-01,2017,21
27,2021-04-01,2017,12
27,2021-05-01,2017,8
27,2021-06-01,2017,10
27,2021-07-01,2017,9
27,2021-08-01,2017,7
27,2021-09-01,2017,6
27,2021-10-01,2017,8
27,2021-11-01,2017,8
27,2021-12-01,2017,7
27,2022-01-01,2017,8
27,2022-02-01,2017,9
27,2022-03-01,2017,10
27,2022-04-01,2017,8
27,2022-05-01,2017,7
27,2022-06-01,2017,8
27,2022-07-01,2017,12
27,2022-08-01,2017,11
27,2022-09-01,2017,12
27,2022-10-01,2017,12
27,2022-11-01,2017,13
27,2022-12-01,2017,11
27,2023-01-01,2017,11
27,2023-02-01,2017,11
27,2023-03-01,2017,12
27,2023-04-01,2017,14
27,2023-05-01,2017,13
27,2023-06-01,2017,14
27,2023-07-01,2017,13
27,2023-08-01,2017,12
27,2023-09-01,2017,12
27,2023-10-01,2017,13
27,2023-11-01,2017,6
27,2023-12-01,2017,4
27,2024-01-01,2017,12
27,2024-02-01,2017,11
27,2024-03-01,2017,11
27,2024-04-01,2017,11
27,2024-05-01,2017,12
27,2024-06-01,2017,12
27,2024-07-01,2017,11
27,2024-08-01,2017,12
27,2024-09-01,2017,14
27,2024-10-01,2017,13
27,2024-11-01,2017,8
27,2024-12-01,2017,7
27,2025-01-01,2017,7
27,2025-02-01,2017,6
27,2025-03-01,2017,7
27,2025-04-01,2017,7
27,2025-05-01,2017,3
30,2016-01-01,2017,7
30,2016-02-01,2017,8
30,2016-03-01,2017,9
30,2016-04-01,2017,9
30,2016-05-01,2017,11
30,2016-06-01,2017,3
30,2016-07-01,2017,10
30,2016-08-01,2017,10
30,2016-09-01,2017,7
30,2016-10-01,2017,6
30,2016-11-01,2017,7
30,2016-12-01,2017,4
30,2017-01-01,2017,8
30,2017-02-01,2017,7
30,2017-03-01,2017,5
30,2017-04-01,2017,10
30,2017-05-01,2017,8
30,2017-06-01,2017,6
30,2017-07-01,2017,8
30,2017-08-01,2017,10
30,2017-09-01,2017,8
30,2017-10-01,2017,12
30,2017-11-01,2017,12
30,2017-12-01,2017,9
30,2018-01-01,2017,10
30,2018-02-01,2017,9
30,2018-03-01,2017,7
30,2018-04-01,2017,8
30,2018-05-01,2017,6
30,2018-06-01,2017,8
30,2018-07-01,2017,12
30,2018-08-01,2017,8
30,2018-09-01,2017,9
30,2018-10-01,2017,7
30,2018-11-01,2017,10
30,2018-12-01,2017,6
30,2019-01-01,2017,6
30,2019-02-01,2017,9
30,2019-03-01,2017,8
30,2019-04-01,2017,10
30,2019-05-01,2017,11
30,2019-06-01,2017,9
30,2019-07-01,2017,8
30,2019-08-01,2017,9
30,2019-09-01,2016,6
30,2019-10-01,2016,7
30,2019-11-01,2016,6
30,2019-12-01,2016,6
30,2020-01-01,2016,9
30,2020-02-01,2016,10
30,2020-03-01,2016,12
30,2020-04-01,2016,10
30,2020-05-01,2016,10
30,2020-06-01,2016,9
30,2020-07-01,2016,9
30,2020-08-01,2016,8
30,2020-09-01,2016,7
30,2020-10-01,2016,8
30,2020-11-01,2016,7
30,2020-12-01,2016,6
30,2021-01-01,2016,4
30,2021-02-01,2016,6
30,2021-03-01,2016,5
30,2021-04-01,2016,4
30,2021-05-01,2016,4
30,2021-06-01,2016,9
30,2021-07-01,2016,8
30,2021-08-01,2016,7
30,2021-09-01,2016,7
30,2021-10-01,2016,5
30,2021-11-01,2016,5
30,2021-12-01,2016,4
30,2022-01-01,2016,6
30,2022-02-01,2016,9
30,2022-03-01,2016,8
30,2022-04-01,2016,7
30,2022-05-01,2016,7
30,2022-07-01,2016,8
30,2022-08-01,2016,9
30,2022-09-01,2016,9
30,2022-10-01,2016,7
30,2022-11-01,2016,7
30,2022-12-01,2016,6
30,2023-01-01,2016,10
30,2023-02-01,2016,8
30,2023-03-01,2016,11
30,2023-04-01,2016,9
30,2023-05-01,2016,7
30,2023-06-01,2016,7
30,2023-07-01,2016,9
30,2023-08-01,2016,8
30,2023-09-01,2016,6
30,2023-10-01,2016,9
30,2023-11-01,2016,9
30,2023-12-01,2016,4
30,2024-01-01,2016,8
30,2024-02-01,2016,7
30,2024-03-01,2016,5
30,2024-04-01,2016,6
30,2024-05-01,2016,7
30,2024-06-01,2016,7
30,2024-07-01,2016,8
30,2024-08-01,2016,9
30,2024-09-01,2016,9
30,2024-10-01,2016,9
30,2024-11-01,2016,7
30,2024-12-01,2016,6
30,2025-01-01,2016,9
30,2025-02-01,2016,9
30,2025-03-01,2016,11
30,2025-04-01,2016,10
30,2025-05-01,2016,10
30,2025-06-01,2016,6
30,2025-07-01,2016,4
32,2016-01-01,2017,2
32,2016-02-01,2017,2
32,2016-03-01,2017,2
32,2016-04-01,2016,2
32,2016-04-01,2017,2
32,2016-05-01,2016,2
32,2016-05-01,2017,2
32,2016-06-01,2016,2
32,2016-06-01,2017,2
32,2016-08-01,2016,2
32,2016-09-01,2016,2
32,2016-10-01,2016,2
32,2017-01-01,2017,3
32,2017-02-01,2017,5
32,2017-03-01,2017,3
32,2017-04-01,2017,4
32,2017-06-01,2017,2
32,2017-07-01,2017,4
32,2017-08-01,2017,5
32,2017-09-01,2016,2
32,2017-09-01,2017,4
32,2017-10-01,2016,2
32,2017-11-01,2016,2
32,2017-11-01,2017,2
32,2017-12-01,2016,2
32,2017-12-01,2017,4
32,2018-01-01,2017,4
32,2018-02-01,2017,3
32,2018-04-01,2017,5
32,2018-05-01,2017,4
32,2018-06-01,2017,3
32,2018-07-01,2017,4
32,2018-08-01,2017,3
32,2018-09-01,2017,4
32,2018-10-01,2017,3
32,2018-11-01,2016,3
32,2018-12-01,2016,3
32,2019-01-01,2017,2
32,2019-02-01,2017,2
32,2019-03-01,2017,2
32,2019-04-01,2017,2
32,2019-05-01,2017,3
32,2019-06-01,2017,2
32,2019-07-01,2017,4
32,2019-08-01,2017,2
32,2019-09-01,2017,2
32,2019-11-01,2017,4
32,2020-03-01,2017,4
32,2020-04-01,2017,4
32,2020-05-01,2017,4
32,2020-06-01,2017,4
32,2020-07-01,2017,4
32,2020-08-01,2017,3
32,2020-09-01,2017,4
32,2020-10-01,2017,4
32,2020-11-01,2017,5
32,2020-12-01,2017,4
32,2021-01-01,2017,5
32,2021-02-01,2017,6
32,2021-03-01,2017,5
32,2021-04-01,2017,4
32,2021-05-01,2017,2
32,2021-06-01,2017,6
32,2021-07-01,2017,2
32,2021-08-01,2017,2
32,2021-09-01,2017,4
32,2021-10-01,2017,3
32,2021-11-01,2017,2
32,2021-12-01,2017,2
32,2022-01-01,2017,6
32,2022-02-01,2017,4
32,2022-03-01,2017,5
32,2022-04-01,2017,5
32,2022-05-01,2017,5
32,2022-06-01,2017,5
32,2022-07-01,2017,4
32,2022-08-01,2017,4
32,2022-09-01,2017,2
32,2022-10-01,2017,4
32,2022-11-01,2017,2
32,2023-01-01,2017,4
32,2023-02-01,2017,4
32,2023-03-01,2017,4
32,2023-04-01,2017,4
32,2023-05-01,2017,5
32,2023-06-01,2017,4
32,2023-07-01,2017,4
32,2023-08-01,2017,4
32,2023-09-01,2017,4
32,2023-10-01,2017,4
32,2023-11-01,2017,3
32,2023-12-01,2017,3
32,2024-01-01,2017,6
32,2024-02-01,2017,8
32,2024-03-01,2017,6
32,2024-04-01,2017,5
32,2024-05-01,2017,3
32,2024-06-01,2017,3
32,2024-07-01,2017,6
32,2024-08-01,2017,5
32,2024-09-01,2017,4
32,2024-10-01,2017,4
32,2024-11-01,2017,3
32,2024-12-01,2017,2
32,2025-01-01,2017,2
32,2025-02-01,2017,5
32,2025-03-01,2017,4
32,2025-04-01,2017,4
32,2025-05-01,2017,3
33,2016-01-01,2017,6
33,2016-02-01,2017,6
33,2016-03-01,2017,7
33,2016-04-01,2017,6
33,2016-05-01,2017,6
33,2016-06-01,2017,6
33,2016-07-01,2017,7
33,2016-08-01,2017,8
33,2016-09-01,2017,10
33,2016-10-01,2017,7
33,2016-11-01,2017,7
33,2016-12-01,2017,7
33,2017-01-01,2017,8
33,2017-02-01,2017,5
33,2017-03-01,2017,7
33,2017-04-01,2017,6
33,2017-05-01,2017,9
33,2017-06-01,2017,10
33,2017-07-01,2017,13
33,2017-08-01,2017,12
33,2017-09-01,2017,11
33,2017-10-01,2017,10
33,2017-11-01,2017,9
33,2017-12-01,2017,5
33,2018-01-01,2017,8
33,2018-02-01,2017,6
33,2018-03-01,2017,5
33,2018-04-01,2017,7
33,2018-05-01,2017,4
33,2018-06-01,2017,5
33,2018-07-01,2017,6
33,2018-08-01,2017,6
33,2018-09-01,2017,7
33,2018-10-01,2017,9
33,2018-11-01,2017,6
33,2018-12-01,2017,4
33,2019-01-01,2016,7
33,2019-01-01,2017,6
33,2019-02-01,2016,5
33,2019-02-01,2017,10
33,2019-03-01,2016,7
33,2019-03-01,2017,9
33,2019-04-01,2016,5
33,2019-04-01,2017,10
33,2019-05-01,2016,4
33,2019-05-01,2017,7
33,2019-06-01,2016,4
33,2019-06-01,2017,9
33,2019-07-01,2016,6
33,2019-07-01,2017,8
33,2019-08-01,2016,5
33,2019-08-01,2017,7
33,2019-09-01,2016,4
33,2019-09-01,2017,7
33,2019-10-01,2016,2
33,2019-10-01,2017,5
33,2019-11-01,2016,5
33,2019-11-01,2017,9
33,2019-12-01,2017,7
33,2020-01-01,2016,2
33,2020-01-01,2017,7
33,2020-02-01,2016,2
33,2020-02-01,2017,4
33,2020-03-01,2016,2
33,2020-03-01,2017,6
33,2020-04-01,2016,2
33,2020-04-01,2017,9
33,2020-05-01,2017,7
33,2020-06-01,2017,7
33,2020-07-01,2017,10
33,2020-08-01,2016,2
33,2020-08-01,2017,5
33,2020-09-01,2017,3
33,2020-10-01,2016,3
33,2020-10-01,2017,7
33,2020-11-01,2016,2
33,2020-11-01,2017,6
33,2020-12-01,2017,6
33,2021-01-01,2017,6
33,2021-02-01,2017,9
33,2021-03-01,2017,8
33,2021-04-01,2017,9
33,2021-05-01,2017,9
33,2021-06-01,2017,8
33,2021-07-01,2017,7
33,2021-08-01,2017,8
33,2021-09-01,2017,14
33,2021-10-01,2017,10
35,2016-01-01,2017,2
35,2016-02-01,2017,2
35,2016-03-01,2017,5
35,2016-04-01,2017,2
35,2016-05-01,2017,3
35,2016-06-01,2017,4
35,2016-07-01,2017,3
35,2016-09-01,2017,4
35,2016-10-01,2017,5
35,2016-11-01,2017,6
35,2016-12-01,2017,5
35,2017-01-01,2017,2
35,2018-01-01,2016,4
35,2018-02-01,2016,4
35,2018-03-01,2016,3
35,2018-04-01,2016,3
35,2018-06-01,2016,3
35,2018-07-01,2016,3
35,2018-08-01,2016,3
35,2018-09-01,2016,3
35,2018-10-01,2017,3
35,2018-11-01,2017,4
35,2018-12-01,2017,4
35,2019-01-01,2017,3
35,2019-02-01,2017,3
35,2019-03-01,2017,4
35,2019-04-01,2017,2
35,2019-05-01,2017,3
35,2019-06-01,2017,4
35,2019-07-01,2017,5
35,2019-08-01,2017,3
35,2019-09-01,2017,3
35,2019-10-01,2017,3
35,2019-11-01,2017,3
35,2019-12-01,2017,3
35,2020-01-01,2016,2
35,2020-01-01,2017,3
35,2020-02-01,2016,2
35,2020-02-01,2017,3
35,2020-03-01,2016,2
35,2020-03-01,2017,4
35,2020-04-01,2016,2
35,2020-04-01,2017,5
35,2020-05-01,2016,2
35,2020-05-01,2017,5
35,2020-06-01,2016,2
35,2020-06-01,2017,5
35,2020-07-01,2016,2
35,2020-07-01,2017,4
35,2020-08-01,2016,2
35,2020-08-01,2017,2
35,2020-09-01,2016,2
35,2020-09-01,2017,5
35,2020-10-01,2016,2
35,2020-10-01,2017,5
35,2020-11-01,2016,2
35,2020-11-01,2017,7
35,2020-12-01,2016,2
35,2020-12-01,2017,6
35,2021-01-01,2016,3
35,2021-01-01,2017,3
35,2021-02-01,2016,3
35,2021-02-01,2017,6
35,2021-03-01,2016,4
35,2021-03-01,2017,6
35,2021-04-01,2016,3
35,2021-04-01,2017,5
35,2021-05-01,2016,3
35,2021-05-01,2017,4
35,2021-06-01,2016,4
35,2021-06-01,2017,5
35,2021-07-01,2016,4
35,2021-07-01,2017,5
35,2021-08-01,2016,3
35,2021-08-01,2017,5
35,2021-09-01,2016,2
35,2021-09-01,2017,4
35,2021-10-01,2016,3
35,2021-10-01,2017,5
35,2021-11-01,2016,4
35,2021-11-01,2017,4
35,2021-12-01,2016,2
35,2021-12-01,2017,3
35,2022-01-01,2016,2
35,2022-02-01,2017,4
35,2022-03-01,2016,2
35,2022-03-01,2017,3
35,2022-04-01,2016,2
35,2022-04-01,2017,3
35,2022-05-01,2016,2
35,2022-05-01,2017,3
35,2022-06-01,2016,2
35,2022-06-01,2017,3
35,2022-07-01,2016,2
35,2022-07-01,2017,3
35,2022-08-01,2017,2
35,2022-09-01,2016,3
35,2022-09-01,2017,3
35,2022-10-01,2016,2
35,2022-10-01,2017,3
35,2022-12-01,2016,2
35,2022-12-01,2017,3
35,2023-01-01,2016,2
35,2023-02-01,2016,2
35,2023-02-01,2017,3
35,2023-03-01,2016,2
35,2023-03-01,2017,2
35,2023-04-01,2016,2
35,2023-04-01,2017,2
35,2023-05-01,2016,2
35,2023-05-01,2017,2
35,2023-06-01,2016,2
35,2023-06-01,2017,3
35,2023-07-01,2017,4
35,2023-08-01,2016,2
35,2023-09-01,2016,3
35,2023-09-01,2017,2
35,2023-10-01,2016,2
35,2023-11-01,2017,2
35,2024-01-01,2016,2
35,2024-01-01,2017,3
35,2024-02-01,2016,2
35,2024-02-01,2017,5
35,2024-03-01,2017,5
35,2024-04-01,2016,2
35,2024-04-01,2017,5
35,2024-05-01,2016,2
35,2024-05-01,2017,4
35,2024-06-01,2016,2
35,2024-06-01,2017,3
35,2024-07-01,2016,2
35,2024-07-01,2017,3
35,2024-09-01,2016,2
35,2024-09-01,2017,6
35,2024-10-01,2016,3
35,2024-10-01,2017,5
35,2024-11-01,2016,2
35,2024-11-01,2017,7
35,2024-12-01,2016,2
35,2025-01-01,2017,4
37,2016-01-01,2017,5
37,2016-02-01,2017,4
37,2016-03-01,2017,5
37,2016-04-01,2017,3
37,2016-05-01,2017,6
37,2016-06-01,2017,8
37,2016-07-01,2017,7
37,2016-08-01,2017,4
37,2016-09-01,2017,8
37,2016-10-01,2017,8
37,2016-11-01,2017,7
37,2016-12-01,2017,7
37,2017-01-01,2017,5
37,2017-02-01,2017,4
37,2017-03-01,2017,6
37,2017-04-01,2017,6
37,2017-05-01,2017,4
37,2017-06-01,2017,3
37,2017-07-01,2017,7
37,2017-08-01,2017,4
37,2017-09-01,2016,4
37,2017-09-01,2017,4
37,2017-10-01,2016,4
37,2017-10-01,2017,6
37,2017-11-01,2016,4
37,2017-11-01,2017,3
37,2017-12-01,2016,5
37,2017-12-01,2017,4
37,2018-01-01,2016,6
37,2018-01-01,2017,7
37,2018-02-01,2016,4
37,2018-02-01,2017,11
37,2018-03-01,2016,6
37,2018-03-01,2017,13
37,2018-04-01,2016,4
37,2018-04-01,2017,6
37,2018-05-01,2016,3
37,2018-05-01,2017,8
37,2018-06-01,2016,4
37,2018-06-01,2017,5
37,2018-07-01,2016,3
37,2018-07-01,2017,7
37,2018-08-01,2016,3
37,2018-08-01,2017,4
37,2018-09-01,2016,4
37,2018-09-01,2017,6
37,2018-10-01,2016,3
37,2018-10-01,2017,7
37,2018-11-01,2016,3
37,2018-11-01,2017,6
37,2018-12-01,2016,2
37,2018-12-01,2017,5
37,2019-01-01,2016,3
37,2019-01-01,2017,11
37,2019-02-01,2016,3
37,2019-02-01,2017,6
37,2019-03-01,2016,4
37,2019-03-01,2017,7
37,2019-04-01,2016,3
37,2019-04-01,2017,7
37,2019-05-01,2016,4
37,2019-05-01,2017,6
37,2019-06-01,2016,3
37,2019-06-01,2017,4
37,2019-07-01,2016,6
37,2019-07-01,2017,7
37,2019-08-01,2016,2
37,2019-08-01,2017,4
37,2019-09-01,2016,3
37,2019-09-01,2017,4
37,2019-10-01,2016,3
37,2019-10-01,2017,7
37,2019-11-01,2016,4
37,2019-11-01,2017,5
37,2019-12-01,2016,3
37,2019-12-01,2017,2
37,2020-01-01,2016,2
37,2020-01-01,2017,4
37,2020-02-01,2016,2
37,2020-02-01,2017,3
37,2020-03-01,2016,3
37,2020-03-01,2017,5
37,2020-04-01,2016,2
37,2020-04-01,2017,5
37,2020-05-01,2016,2
37,2020-05-01,2017,5
37,2020-06-01,2016,2
37,2020-06-01,2017,6
37,2020-07-01,2016,2
37,2020-07-01,2017,5
37,2020-08-01,2016,2
37,2020-08-01,2017,4
37,2020-09-01,2017,12
37,2020-10-01,2017,10
37,2020-11-01,2017,9
37,2020-12-01,2017,2
37,2021-01-01,2017,3
37,2021-02-01,2017,5
37,2021-03-01,2017,8
37,2021-04-01,2017,7
37,2021-05-01,2017,5
37,2021-06-01,2017,8
37,2021-07-01,2017,8
37,2021-08-01,2017,5
37,2021-09-01,2017,7
37,2021-10-01,2017,5
37,2021-11-01,2017,3
37,2021-12-01,2017,7
37,2022-01-01,2017,5
37,2022-02-01,2017,4
37,2022-03-01,2017,8
37,2022-04-01,2017,5
37,2022-05-01,2017,3
37,2022-06-01,2017,5
37,2022-07-01,2017,5
37,2022-08-01,2017,3
37,2022-09-01,2017,5
37,2022-10-01,2017,4
37,2022-11-01,2017,2
37,2022-12-01,2017,4
37,2023-01-01,2017,7
37,2023-02-01,2017,8
37,2023-03-01,2017,6
37,2023-04-01,2017,5
37,2023-05-01,2017,5
37,2023-06-01,2017,2
37,2023-07-01,2017,4
37,2023-08-01,2017,4
37,2023-09-01,2017,4
37,2023-10-01,2017,3
37,2023-11-01,2017,5
37,2023-12-01,2017,2
37,2024-01-01,2017,8
37,2024-02-01,2017,7
37,2024-03-01,2017,10
37,2024-04-01,2017,5
37,2024-05-01,2017,4
37,2024-06-01,2017,5
37,2024-07-01,2017,2
37,2024-08-01,2017,5
37,2024-09-01,2017,2
37,2024-12-01,2017,3
40,2016-01-01,2017,8
40,2016-02-01,2017,11
40,2016-03-01,2017,8
40,2016-04-01,2017,8
40,2016-05-01,2017,9
40,2016-06-01,2017,9
40,2016-07-01,2017,7
40,2016-08-01,2017,7
40,2016-09-01,2017,9
40,2016-10-01,2017,6
40,2016-11-01,2017,9
40,2016-12-01,2017,8
40,2017-01-01,2017,12
40,2017-02-01,2017,10
40,2017-03-01,2017,10
40,2017-04-01,2017,8
40,2017-05-01,2017,10
40,2017-06-01,2017,6
40,2017-07-01,2017,9
40,2017-08-01,2017,4
40,2017-09-01,2017,7
40,2017-10-01,2017,8
40,2017-11-01,2017,9
40,2017-12-01,2017,10
40,2018-01-01,2017,7
40,2018-02-01,2017,9
40,2018-03-01,2017,5
40,2018-04-01,2017,12
40,2018-05-01,2017,12
40,2018-06-01,2017,14
40,2018-07-01,2017,14
40,2018-08-01,2017,8
40,2018-09-01,2017,11
40,2018-10-01,2017,12
40,2018-11-01,2017,6
40,2018-12-01,2017,5
40,2019-01-01,2017,8
40,2019-03-01,2017,12
40,2019-04-01,2017,16
40,2019-05-01,2017,15
40,2019-06-01,2017,11
40,2019-07-01,2017,16
40,2019-08-01,2017,6
40,2019-09-01,2017,11
40,2019-10-01,2017,11
40,2019-11-01,2017,11
40,2019-12-01,2017,8
40,2020-01-01,2017,5
40,2020-02-01,2017,5
40,2020-03-01,2017,11
40,2020-04-01,2017,11
40,2020-05-01,2017,9
40,2020-06-01,2017,11
40,2020-07-01,2017,10
40,2020-08-01,2017,10
40,2020-09-01,2017,11
40,2020-10-01,2017,6
40,2020-11-01,2017,6
40,2020-12-01,2017,3
40,2021-01-01,2017,7
40,2021-02-01,2017,6
40,2021-03-01,2017,7
40,2021-04-01,2017,7
40,2021-05-01,2017,6
40,2021-11-01,2017,4
40,2021-12-01,2017,6
40,2022-01-01,2017,6
40,2022-02-01,2017,7
40,2022-03-01,2017,7
40,2022-04-01,2017,6
40,2022-05-01,2017,7
40,2022-06-01,2017,5
40,2022-07-01,2017,7
40,2022-08-01,2017,4
40,2022-09-01,2017,6
40,2022-10-01,2017,5
40,2022-11-01,2017,7
40,2022-12-01,2017,5
40,2023-01-01,2017,7
40,2023-02-01,2017,8
40,2023-03-01,2017,8
40,2023-06-01,2017,9
40,2023-07-01,2017,9
40,2023-08-01,2017,8
40,2023-09-01,2017,8
40,2023-10-01,2017,9
40,2023-11-01,2017,8
40,2023-12-01,2017,2
41,2016-01-01,2017,8
41,2016-02-01,2017,8
41,2016-03-01,2017,8
41,2016-04-01,2017,9
41,2016-05-01,2017,6
41,2016-06-01,2017,8
41,2016-07-01,2017,8
41,2016-08-01,2017,4
41,2016-09-01,2017,7
41,2016-10-01,2017,6
41,2016-11-01,2017,6
41,2016-12-01,2017,5
41,2017-01-01,2017,6
41,2017-02-01,2017,7
41,2017-03-01,2017,5
41,2017-04-01,2017,7
41,2017-05-01,2017,4
41,2017-06-01,2017,4
41,2017-07-01,2017,6
41,2017-08-01,2017,4
41,2017-09-01,2017,6
41,2017-10-01,2017,6
41,2017-11-01,2017,5
41,2017-12-01,2017,3
41,2018-02-01,2017,4
41,2018-03-01,2017,6
41,2018-04-01,2017,8
41,2018-05-01,2017,8
41,2018-06-01,2017,9
41,2018-07-01,2017,10
41,2018-08-01,2017,5
41,2018-09-01,2017,6
41,2018-10-01,2017,7
41,2018-11-01,2017,8
41,2018-12-01,2017,8
41,2019-01-01,2017,5
41,2019-02-01,2017,5
41,2019-03-01,2017,7
41,2019-04-01,2017,6
41,2019-05-01,2016,3
41,2019-05-01,2017,7
41,2019-06-01,2016,3
41,2019-06-01,2017,9
41,2019-07-01,2016,2
41,2019-07-01,2017,12
41,2019-08-01,2017,6
41,2019-09-01,2016,3
41,2019-09-01,2017,10
41,2019-10-01,2016,3
41,2019-10-01,2017,10
41,2019-11-01,2016,2
41,2019-11-01,2017,11
41,2019-12-01,2017,2
41,2020-01-01,2016,3
41,2020-01-01,2017,7
41,2020-02-01,2016,3
41,2020-02-01,2017,10
41,2020-03-01,2017,13
41,2020-04-01,2017,11
41,2020-05-01,2017,11
41,2020-06-01,2017,10
41,2020-07-01,2017,14
41,2020-08-01,2017,9
41,2020-09-01,2017,8
41,2020-10-01,2017,9
41,2020-11-01,2017,14
41,2020-12-01,2017,13
41,2021-01-01,2017,9
41,2021-02-01,2017,9
41,2021-03-01,2017,7
41,2021-04-01,2017,9
41,2021-05-01,2017,9
41,2021-06-01,2017,9
41,2021-07-01,2017,13
41,2021-08-01,2017,9
41,2021-09-01,2017,11
41,2021-10-01,2017,8
41,2021-11-01,2017,3
45,2016-01-01,2016,2
45,2016-01-01,2017,2
45,2016-02-01,2016,2
45,2016-02-01,2017,2
45,2016-03-01,2016,2
45,2016-04-01,2016,2
45,2016-04-01,2017,2
45,2016-05-01,2016,2
45,2016-06-01,2016,2
45,2016-06-01,2017,2
45,2016-07-01,2016,2
45,2016-07-01,2017,2
45,2016-08-01,2016,2
45,2016-08-01,2017,2
45,2016-09-01,2016,3
45,2016-10-01,2016,4
45,2016-11-01,2016,4
45,2016-12-01,2016,7
45,2017-01-01,2016,15
45,2017-02-01,2016,15
45,2017-03-01,2016,21
45,2017-04-01,2016,14
45,2017-05-01,2016,21
45,2017-06-01,2016,19
45,2017-07-01,2016,19
45,2017-08-01,2016,16
45,2017-09-01,2016,19
45,2017-10-01,2016,16
45,2017-11-01,2016,17
45,2017-12-01,2016,16
45,2018-01-01,2016,15
49,2016-01-01,2017,2
49,2016-04-01,2017,3
49,2016-05-01,2017,4
49,2016-06-01,2017,2
49,2016-07-01,2017,3
49,2016-08-01,2017,2
49,2016-09-01,2017,3
49,2016-10-01,2017,4
49,2016-11-01,2017,4
49,2016-12-01,2017,4
49,2017-01-01,2017,11
49,2017-02-01,2017,13
49,2017-03-01,2017,5
49,2017-04-01,2017,13
49,2017-05-01,2017,13
49,2017-06-01,2017,11
49,2017-07-01,2017,10
49,2017-08-01,2017,8
49,2017-09-01,2017,11
49,2017-10-01,2017,7
49,2017-11-01,2017,9
49,2017-12-01,2017,9
49,2018-01-01,2016,2
49,2018-02-01,2017,2
49,2018-04-01,2017,4
49,2018-05-01,2016,3
49,2018-05-01,2017,3
49,2018-06-01,2016,3
49,2018-06-01,2017,2
49,2018-07-01,2016,2
49,2018-07-01,2017,3
49,2018-08-01,2017,2
51,2016-01-01,2017,3
51,2016-02-01,2017,4
51,2016-03-01,2017,2
51,2016-04-01,2017,3
51,2016-05-01,2017,4
51,2016-06-01,2017,2
51,2016-07-01,2017,2
51,2016-08-01,2017,2
51,2016-09-01,2017,2
51,2016-10-01,2017,3
51,2016-11-01,2017,4
51,2016-12-01,2017,3
51,2017-01-01,2017,2
51,2017-02-01,2017,2
51,2017-03-01,2017,2
51,2017-04-01,2017,2
52,2016-05-01,2017,2
52,2016-06-01,2017,4
52,2016-07-01,2017,5
52,2016-08-01,2017,4
52,2016-09-01,2017,3
52,2016-10-01,2017,5
52,2016-11-01,2017,4
52,2016-12-01,2017,4
52,2017-01-01,2017,4
52,2017-02-01,2017,4
52,2017-03-01,2017,4
52,2017-04-01,2017,6
52,2017-05-01,2017,5
52,2017-06-01,2017,5
52,2017-07-01,2017,4
52,2017-08-01,2017,2
52,2017-09-01,2017,4
52,2017-10-01,2017,7
52,2017-11-01,2017,4
52,2017-12-01,2017,7
52,2018-01-01,2017,4
52,2018-02-01,2017,6
52,2018-03-01,2017,5
52,2018-04-01,2017,4
52,2018-05-01,2017,4
52,2018-06-01,2017,5
52,2018-07-01,2017,8
52,2018-08-01,2017,5
52,2018-09-01,2017,4
52,2018-10-01,2017,4
52,2018-11-01,2017,4
52,2018-12-01,2017,4
52,2019-02-01,2017,2
52,2019-03-01,2017,2
52,2019-04-01,2017,3
52,2019-05-01,2017,4
52,2019-06-01,2017,6
52,2019-07-01,2017,5
52,2019-08-01,2017,6
52,2019-09-01,2017,6
52,2019-10-01,2017,8
52,2019-11-01,2017,8
52,2019-12-01,2017,5
52,2020-01-01,2017,3
52,2020-02-01,2017,3
52,2020-03-01,2017,6
52,2020-04-01,2017,2
52,2020-05-01,2017,4
52,2020-06-01,2017,2
52,2020-07-01,2017,6
52,2020-08-01,2017,4
52,2020-09-01,2017,3
52,2020-10-01,2017,5
52,2020-11-01,2017,6
52,2020-12-01,2017,5
52,2021-01-01,2017,2
52,2021-02-01,2017,2
52,2021-03-01,2017,3
52,2021-04-01,2017,3
53,2016-10-01,2016,6
53,2016-11-01,2016,7
53,2016-12-01,2016,6
53,2017-01-01,2016,7
53,2017-01-01,2017,4
53,2017-02-01,2016,6
53,2017-02-01,2017,2
53,2017-03-01,2016,7
53,2017-03-01,2017,6
53,2017-04-01,2016,4
53,2017-04-01,2017,4
53,2017-05-01,2016,5
53,2017-05-01,2017,4
53,2017-06-01,2016,6
53,2017-06-01,2017,5
53,2017-07-01,2016,4
53,2017-07-01,2017,8
53,2017-08-01,2016,4
53,2017-08-01,2017,10
53,2017-09-01,2016,3
53,2017-09-01,2017,10
53,2017-10-01,2016,6
53,2017-10-01,2017,3
53,2017-11-01,2016,6
53,2017-11-01,2017,6
53,2017-12-01,2016,6
53,2018-01-01,2016,5
53,2018-01-01,2017,5
53,2018-02-01,2016,4
53,2018-02-01,2017,9
53,2018-03-01,2016,3
53,2018-03-01,2017,11
53,2018-04-01,2016,2
53,2018-04-01,2017,10
53,2018-05-01,2016,5
53,2018-05-01,2017,18
53,2018-06-01,2016,4
53,2018-06-01,2017,14
53,2018-07-01,2016,6
53,2018-07-01,2017,18
53,2018-08-01,2016,3
53,2018-08-01,2017,8
53,2018-09-01,2016,5
53,2018-09-01,2017,13
53,2018-10-01,2016,6
53,2018-10-01,2017,20
53,2018-11-01,2016,3
53,2018-11-01,2017,15
53,2018-12-01,2016,5
53,2018-12-01,2017,18
53,2019-01-01,2017,8
53,2019-02-01,2016,3
53,2019-02-01,2017,8
53,2019-03-01,2016,3
53,2019-03-01,2017,8
53,2019-04-01,2016,3
53,2019-04-01,2017,8
53,2019-05-01,2016,2
53,2019-05-01,2017,12
53,2019-06-01,2016,3
53,2019-06-01,2017,13
53,2019-07-01,2016,3
53,2019-07-01,2017,14
53,2019-08-01,2017,15
53,2019-09-01,2016,5
53,2019-09-01,2017,15
53,2019-10-01,2016,2
53,2019-10-01,2017,11
53,2019-11-01,2016,2
53,2019-11-01,2017,13
53,2019-12-01,2017,10
53,2020-01-01,2016,3
53,2020-01-01,2017,9
53,2020-02-01,2016,4
53,2020-02-01,2017,7
53,2020-03-01,2016,6
53,2020-03-01,2017,8
53,2020-04-01,2016,3
53,2020-04-01,2017,5
53,2020-05-01,2016,2
53,2020-05-01,2017,7
53,2020-06-01,2016,5
53,2020-06-01,2017,6
53,2020-07-01,2016,5
53,2020-07-01,2017,7
53,2020-08-01,2016,4
53,2020-08-01,2017,6
53,2020-09-01,2016,3
53,2020-09-01,2017,3
53,2020-10-01,2016,5
53,2020-10-01,2017,3
53,2020-11-01,2016,5
53,2020-11-01,2017,6
53,2020-12-01,2016,2
53,2020-12-01,2017,4
53,2021-01-01,2016,6
53,2021-01-01,2017,4
53,2021-02-01,2016,6
53,2021-02-01,2017,4
53,2021-03-01,2016,7
53,2021-03-01,2017,4
53,2021-04-01,2016,10
53,2021-04-01,2017,4
53,2021-05-01,2016,6
53,2021-05-01,2017,7
53,2021-06-01,2016,7
53,2021-06-01,2017,5
53,2021-07-01,2016,8
53,2021-07-01,2017,4
53,2021-08-01,2016,6
53,2021-08-01,2017,3
53,2021-09-01,2016,8
53,2021-09-01,2017,3
53,2021-10-01,2016,8
53,2021-11-01,2016,8
53,2021-12-01,2016,7
53,2022-01-01,2016,6
53,2022-02-01,2016,6
53,2022-03-01,2016,5
53,2022-04-01,2016,6
53,2022-04-01,2017,2
53,2022-05-01,2016,5
53,2022-05-01,2017,3
53,2022-06-01,2016,7
53,2022-06-01,2017,5
53,2022-07-01,2016,5
53,2022-07-01,2017,3
53,2022-08-01,2016,7
53,2022-08-01,2017,2
53,2022-09-01,2016,6
53,2022-09-01,2017,2
53,2022-10-01,2016,7
53,2022-10-01,2017,4
53,2022-11-01,2016,7
53,2022-11-01,2017,4
53,2022-12-01,2016,7
53,2022-12-01,2017,2
53,2023-01-01,2016,6
53,2023-01-01,2017,7
53,2023-02-01,2016,7
53,2023-02-01,2017,7
53,2023-03-01,2016,7
53,2023-03-01,2017,7
53,2023-04-01,2016,4
53,2023-04-01,2017,7
53,2023-05-01,2016,7
53,2023-05-01,2017,5
53,2023-06-01,2016,8
53,2023-06-01,2017,9
53,2023-07-01,2016,6
53,2023-07-01,2017,4
53,2023-08-01,2016,5
53,2023-08-01,2017,4
53,2023-09-01,2016,7
53,2023-09-01,2017,8
53,2023-10-01,2016,5
53,2023-10-01,2017,7
53,2023-11-01,2016,7
53,2023-11-01,2017,7
53,2023-12-01,2016,7
53,2023-12-01,2017,7
53,2024-01-01,2016,17
53,2024-01-01,2017,7
53,2024-02-01,2016,17
53,2024-02-01,2017,7
53,2024-03-01,2016,18
53,2024-03-01,2017,7
53,2024-04-01,2016,17
53,2024-04-01,2017,7
53,2024-05-01,2016,16
53,2024-05-01,2017,6
53,2024-06-01,2016,16
53,2024-06-01,2017,7
53,2024-07-01,2016,13
53,2024-07-01,2017,5
53,2024-08-01,2016,14
53,2024-08-01,2017,6
53,2024-09-01,2016,18
53,2024-09-01,2017,5
53,2024-10-01,2016,21
53,2024-10-01,2017,7
53,2024-11-01,2016,19
53,2024-11-01,2017,6
53,2024-12-01,2016,20
53,2024-12-01,2017,6
53,2025-01-01,2016,12
53,2025-01-01,2017,6
53,2025-02-01,2016,12
53,2025-02-01,2017,6
53,2025-03-01,2016,13
53,2025-03-01,2017,6
53,2025-04-01,2016,14
53,2025-04-01,2017,6
54,2016-05-01,2017,2
54,2016-06-01,2017,6
54,2016-07-01,2017,6
54,2016-08-01,2017,3
54,2016-09-01,2017,4
54,2016-10-01,2017,3
54,2016-11-01,2017,3
54,2016-12-01,2017,4
54,2017-01-01,2017,3
54,2017-02-01,2017,4
54,2017-03-01,2017,9
54,2017-04-01,2017,9
54,2017-05-01,2017,7
54,2017-06-01,2017,4
54,2017-07-01,2017,8
54,2017-08-01,2017,6
54,2017-09-01,2017,7
54,2017-10-01,2017,7
54,2017-11-01,2017,14
54,2017-12-01,2017,6
54,2018-01-01,2017,2
54,2018-02-01,2017,5
54,2018-03-01,2017,3
54,2018-04-01,2017,4
54,2018-05-01,2017,3
54,2018-06-01,2017,3
54,2018-07-01,2017,3
54,2018-08-01,2017,2
54,2018-09-01,2017,4
54,2018-10-01,2017,7
54,2018-11-01,2017,6
54,2018-12-01,2017,5
54,2019-01-01,2017,2
54,2019-02-01,2016,3
54,2019-02-01,2017,2
54,2019-03-01,2017,3
54,2019-05-01,2017,2
54,2019-06-01,2016,2
54,2019-07-01,2017,4
54,2019-08-01,2016,3
54,2019-08-01,2017,3
54,2019-09-01,2016,2
54,2019-09-01,2017,2
54,2019-10-01,2016,4
54,2019-10-01,2017,3
54,2019-11-01,2016,4
54,2019-11-01,2017,3
54,2019-12-01,2016,2
54,2020-01-01,2016,2
54,2020-02-01,2016,2
54,2020-03-01,2016,3
54,2020-04-01,2016,3
54,2020-05-01,2016,3
54,2020-06-01,2016,2
54,2020-07-01,2016,3
54,2020-07-01,2017,2
54,2020-08-01,2016,3
54,2020-09-01,2016,4
54,2020-10-01,2016,4
54,2020-11-01,2016,3
54,2020-12-01,2016,4
54,2021-01-01,2016,2
54,2021-02-01,2016,3
54,2021-02-01,2017,2
54,2021-03-01,2016,3
54,2021-04-01,2016,3
54,2021-04-01,2017,2
54,2021-05-01,2016,2
54,2021-07-01,2016,4
54,2021-07-01,2017,2
54,2021-08-01,2016,3
54,2021-08-01,2017,2
54,2021-09-01,2016,4
54,2021-09-01,2017,3
54,2021-10-01,2016,4
54,2021-10-01,2017,3
54,2021-11-01,2016,3
54,2021-11-01,2017,3
54,2021-12-01,2017,3
54,2022-01-01,2016,3
54,2022-01-01,2017,2
54,2022-02-01,2016,3
54,2022-02-01,2017,2
54,2022-03-01,2016,3
54,2022-03-01,2017,3
54,2022-04-01,2016,4
54,2022-04-01,2017,3
54,2022-05-01,2016,3
54,2022-05-01,2017,2
54,2022-06-01,2017,2
54,2022-07-01,2016,2
54,2022-07-01,2017,3
54,2022-08-01,2016,4
54,2022-08-01,2017,3
54,2022-09-01,2016,3
54,2022-09-01,2017,3
54,2022-10-01,2016,3
54,2022-10-01,2017,3
54,2022-11-01,2016,2
54,2022-11-01,2017,3
54,2022-12-01,2016,2
54,2022-12-01,2017,3
54,2023-01-01,2017,2
54,2023-02-01,2016,2
54,2023-03-01,2016,2
54,2023-03-01,2017,3
54,2023-04-01,2016,3
54,2023-04-01,2017,3
54,2023-05-01,2016,3
54,2023-06-01,2016,2
54,2023-07-01,2016,2
54,2023-07-01,2017,2
54,2023-08-01,2016,2
54,2023-09-01,2016,2
54,2023-09-01,2017,2
54,2023-10-01,2016,2
54,2023-10-01,2017,3
54,2023-11-01,2016,2
54,2023-11-01,2017,3
54,2023-12-01,2017,2
54,2024-01-01,2016,2
54,2024-01-01,2017,2
54,2024-02-01,2016,3
54,2024-02-01,2017,2
54,2024-03-01,2016,3
54,2024-03-01,2017,2
54,2024-04-01,2016,2
54,2024-04-01,2017,3
54,2024-05-01,2016,2
54,2024-05-01,2017,2
54,2024-06-01,2016,2
54,2024-06-01,2017,3
54,2024-07-01,2016,2
54,2024-07-01,2017,2
54,2024-08-01,2016,2
54,2024-08-01,2017,3
54,2024-09-01,2016,4
54,2024-09-01,2017,3
54,2024-10-01,2016,4
54,2024-10-01,2017,3
54,2024-11-01,2016,2
54,2024-11-01,2017,5
54,2024-12-01,2016,3
54,2024-12-01,2017,2
54,2025-02-01,2016,2
54,2025-03-01,2016,3
54,2025-03-01,2017,2
54,2025-04-01,2016,3
54,2025-04-01,2017,2
54,2025-05-01,2016,4
54,2025-05-01,2017,5
54,2025-06-01,2016,5
54,2025-06-01,2017,4
56,2016-01-01,2017,4
56,2016-02-01,2017,5
56,2016-03-01,2017,3
56,2016-05-01,2017,3
56,2016-07-01,2017,4
56,2016-08-01,2017,3
56,2016-09-01,2017,4
56,2016-10-01,2017,6
56,2016-11-01,2017,5
56,2016-12-01,2017,6
56,2017-01-01,2017,10
56,2017-02-01,2017,14
56,2017-03-01,2017,11
56,2017-04-01,2017,13
56,2017-05-01,2017,15
56,2017-06-01,2017,11
56,2017-07-01,2017,7
58,2016-01-01,2016,3
58,2016-02-01,2016,3
58,2016-02-01,2017,5
61,2016-01-01,2017,2
61,2016-02-01,2017,2
61,2016-03-01,2017,3
61,2016-04-01,2017,3
61,2016-05-01,2017,3
61,2016-06-01,2017,4
61,2016-07-01,2017,4
61,2016-08-01,2017,3
61,2016-09-01,2017,4
61,2016-11-01,2017,3
62,2016-02-01,2017,2
62,2016-03-01,2016,2
62,2016-03-01,2017,2
62,2016-07-01,2016,2
62,2016-08-01,2016,3
62,2016-09-01,2016,3
62,2016-11-01,2016,2
62,2016-12-01,2016,3
62,2017-01-01,2016,8
62,2017-02-01,2016,4
62,2017-03-01,2016,6
62,2017-04-01,2016,4
62,2017-05-01,2016,10
62,2017-06-01,2016,9
62,2017-07-01,2016,8
62,2017-08-01,2016,6
62,2017-09-01,2016,9
62,2017-10-01,2016,4
62,2017-11-01,2016,9
62,2017-12-01,2016,9
62,2018-01-01,2016,11
62,2018-02-01,2016,12
62,2018-03-01,2016,10
62,2018-04-01,2016,7
62,2018-05-01,2016,12
62,2018-06-01,2016,13
62,2018-07-01,2016,8
62,2018-08-01,2016,12
62,2018-09-01,2016,9
62,2018-10-01,2016,13
62,2018-11-01,2016,12
62,2018-12-01,2016,11
62,2019-01-01,2016,5
62,2019-04-01,2016,8
62,2019-05-01,2016,6
62,2019-06-01,2016,8
62,2019-07-01,2016,4
62,2019-08-01,2016,8
62,2019-10-01,2016,7
62,2019-11-01,2016,9
62,2019-12-01,2016,11
62,2020-01-01,2016,2
62,2020-02-01,2016,4
62,2020-03-01,2016,4
62,2020-04-01,2016,5
62,2020-05-01,2016,5
62,2020-06-01,2016,6
62,2020-07-01,2016,6
62,2020-08-01,2016,5
62,2020-09-01,2016,6
62,2020-10-01,2016,7
62,2020-11-01,2016,7
62,2020-12-01,2016,7
62,2021-01-01,2016,4
62,2021-02-01,2016,3
62,2021-03-01,2016,3
62,2021-04-01,2016,3
62,2021-05-01,2016,5
62,2021-06-01,2016,4
62,2021-09-01,2016,6
62,2021-10-01,2016,8
62,2021-11-01,2016,6
62,2021-12-01,2016,4
62,2022-01-01,2016,6
62,2022-02-01,2016,5
62,2022-03-01,2016,6
62,2022-04-01,2016,7
62,2022-05-01,2016,4
62,2022-06-01,2016,4
62,2022-07-01,2016,5
63,2016-11-01,2017,2
63,2016-12-01,2017,3
63,2017-01-01,2016,4
63,2017-02-01,2016,4
63,2017-03-01,2016,4
63,2017-04-01,2016,5
63,2017-05-01,2016,4
63,2017-06-01,2016,4
63,2017-07-01,2016,5
63,2017-08-01,2016,3
63,2017-09-01,2016,5
63,2017-10-01,2016,3
63,2017-11-01,2016,5
63,2017-12-01,2016,6
63,2018-01-01,2016,6
63,2018-02-01,2016,5
63,2018-03-01,2016,6
63,2018-04-01,2016,5
63,2018-05-01,2016,4
63,2018-06-01,2016,5
63,2018-07-01,2016,4
63,2018-07-01,2017,3
63,2018-08-01,2016,2
63,2018-08-01,2017,2
63,2018-09-01,2016,3
63,2018-09-01,2017,4
63,2018-10-01,2016,4
63,2018-10-01,2017,3
63,2018-11-01,2016,5
63,2018-11-01,2017,5
63,2018-12-01,2016,4
63,2018-12-01,2017,4
63,2019-01-01,2016,2
63,2019-01-01,2017,4
63,2019-02-01,2016,3
63,2019-02-01,2017,5
63,2019-03-01,2016,3
63,2019-03-01,2017,3
63,2019-04-01,2017,5
63,2019-05-01,2016,2
63,2019-05-01,2017,4
63,2019-06-01,2016,2
63,2019-06-01,2017,2
63,2019-07-01,2017,2
66,2016-01-01,2017,3
66,2016-02-01,2017,4
66,2016-03-01,2017,5
66,2016-04-01,2017,6
66,2016-05-01,2017,5
66,2016-06-01,2017,4
68,2016-01-01,2017,4
68,2016-02-01,2017,8
68,2016-03-01,2017,6
68,2016-04-01,2017,4
68,2016-05-01,2017,6
68,2016-06-01,2017,6
68,2016-07-01,2017,6
68,2016-08-01,2017,6
68,2016-09-01,2017,7
68,2016-10-01,2017,7
68,2016-11-01,2017,8
68,2016-12-01,2017,7
68,2017-01-01,2017,4
68,2017-02-01,2017,2
68,2017-03-01,2017,2
68,2017-04-01,2017,3
68,2017-05-01,2017,3
68,2017-06-01,2017,3
68,2017-07-01,2017,2
68,2017-08-01,2017,2
68,2017-09-01,2017,3
68,2017-10-01,2017,5
68,2017-11-01,2017,7
68,2017-12-01,2017,5
68,2018-01-01,2017,2
68,2018-02-01,2017,4
68,2018-03-01,2017,4
68,2018-04-01,2017,6
68,2018-05-01,2017,5
68,2018-06-01,2017,4
68,2018-07-01,2017,4
68,2018-08-01,2017,4
68,2018-09-01,2017,4
68,2018-10-01,2017,4
72,2016-01-01,2016,2
72,2016-03-01,2016,2
72,2016-03-01,2017,3
72,2016-04-01,2017,7
72,2016-06-01,2017,4
72,2016-07-01,2017,2
72,2016-09-01,2016,2
72,2016-09-01,2017,5
72,2016-10-01,2016,2
72,2016-10-01,2017,5
72,2016-11-01,2017,3
72,2016-12-01,2017,7
72,2017-01-01,2017,3
72,2017-02-01,2017,2
72,2017-03-01,2017,2
72,2017-04-01,2017,3
72,2017-05-01,2017,5
72,2017-06-01,2017,5
72,2017-07-01,2017,2
72,2017-08-01,2017,2
72,2017-09-01,2017,5
72,2017-10-01,2017,6
72,2017-11-01,2017,6
72,2017-12-01,2017,6
72,2018-01-01,2017,8
72,2018-02-01,2017,8
72,2018-03-01,2017,7
72,2018-04-01,2017,7
72,2018-05-01,2017,6
72,2018-06-01,2017,3
72,2018-07-01,2017,5
72,2018-08-01,2017,5
72,2018-09-01,2017,6
72,2018-10-01,2017,9
72,2018-11-01,2017,6
72,2018-12-01,2017,7
72,2019-01-01,2017,3
72,2019-02-01,2017,4
72,2019-03-01,2017,7
72,2019-04-01,2017,5
72,2019-05-01,2017,4
72,2019-06-01,2017,7
72,2019-07-01,2017,7
72,2019-08-01,2017,4
72,2019-09-01,2017,3
72,2019-10-01,2017,4
72,2019-11-01,2016,2
72,2019-11-01,2017,4
72,2019-12-01,2017,3
72,2020-01-01,2016,2
72,2020-01-01,2017,4
72,2020-02-01,2016,2
72,2020-02-01,2017,4
72,2020-03-01,2016,2
72,2020-03-01,2017,7
72,2020-04-01,2016,2
72,2020-04-01,2017,5
72,2020-05-01,2016,2
72,2020-05-01,2017,7
72,2020-06-01,2016,2
72,2020-06-01,2017,4
72,2020-07-01,2016,2
72,2020-07-01,2017,6
72,2020-08-01,2016,2
72,2020-08-01,2017,6
72,2020-09-01,2017,4
72,2020-10-01,2017,8
72,2020-11-01,2017,8
72,2020-12-01,2017,3
72,2021-01-01,2017,4
72,2021-02-01,2017,7
72,2021-03-01,2017,6
72,2021-04-01,2016,2
72,2021-04-01,2017,5
72,2021-05-01,2016,2
72,2021-05-01,2017,3
72,2021-06-01,2016,3
72,2021-06-01,2017,5
72,2021-07-01,2016,3
72,2021-07-01,2017,4
72,2021-08-01,2016,3
72,2021-08-01,2017,5
72,2021-09-01,2016,4
72,2021-09-01,2017,6
72,2021-10-01,2016,3
72,2021-10-01,2017,5
72,2021-11-01,2016,2
72,2021-11-01,2017,4
72,2021-12-01,2016,2
72,2021-12-01,2017,3
72,2022-01-01,2017,4
72,2022-02-01,2017,4
72,2022-03-01,2016,2
72,2022-03-01,2017,5
72,2022-04-01,2016,2
72,2022-04-01,2017,7
72,2022-05-01,2016,2
72,2022-05-01,2017,8
72,2022-06-01,2016,4
72,2022-06-01,2017,2
72,2022-08-01,2016,2
72,2022-09-01,2016,2
72,2022-09-01,2017,2
72,2022-10-01,2016,3
72,2022-10-01,2017,3
72,2022-11-01,2016,3
72,2022-12-01,2016,4
72,2023-01-01,2016,5
72,2023-02-01,2016,6
72,2023-03-01,2016,6
72,2023-04-01,2016,3
72,2023-05-01,2016,5
72,2023-06-01,2016,2
72,2023-06-01,2017,2
72,2023-07-01,2016,4
72,2023-07-01,2017,2
72,2023-08-01,2016,5
72,2023-09-01,2016,3
72,2023-10-01,2016,3
72,2023-11-01,2016,2
72,2024-01-01,2016,2
72,2024-02-01,2016,2
72,2024-03-01,2016,4
72,2024-04-01,2016,4
72,2024-05-01,2016,4
72,2024-05-01,2017,2
72,2024-06-01,2016,2
72,2024-07-01,2016,4
72,2024-08-01,2016,2
72,2024-09-01,2016,4
72,2024-10-01,2016,2
72,2024-11-01,2016,2
72,2024-12-01,2017,2
73,2016-02-01,2016,2
73,2016-02-01,2017,2
73,2016-03-01,2016,2
73,2016-03-01,2017,2
73,2016-04-01,2016,2
73,2016-04-01,2017,4
73,2016-05-01,2016,2
73,2016-05-01,2017,2
73,2016-06-01,2017,2
73,2016-07-01,2017,4
73,2016-08-01,2017,2
73,2016-09-01,2017,3
73,2016-10-01,2017,4
73,2017-01-01,2016,7
73,2017-02-01,2016,8
73,2017-02-01,2017,2
73,2017-03-01,2016,6
73,2017-04-01,2016,5
73,2017-05-01,2016,5
73,2017-06-01,2016,6
73,2017-06-01,2017,2
73,2017-07-01,2016,2
73,2017-07-01,2017,2
73,2017-08-01,2016,2
73,2017-08-01,2017,3
73,2017-09-01,2016,2
73,2017-09-01,2017,3
73,2017-10-01,2016,2
73,2017-11-01,2016,2
73,2017-11-01,2017,3
73,2017-12-01,2016,2
73,2017-12-01,2017,2
73,2018-01-01,2016,3
73,2018-02-01,2016,3
73,2018-03-01,2016,3
73,2018-04-01,2017,7
73,2018-05-01,2017,3
73,2018-06-01,2017,5
73,2018-07-01,2017,4
73,2018-08-01,2017,4
73,2018-09-01,2017,5
73,2018-10-01,2016,3
73,2018-11-01,2016,3
73,2018-12-01,2016,4
73,2019-01-01,2017,5
73,2019-02-01,2017,10
73,2019-03-01,2017,10
73,2019-04-01,2017,11
73,2019-05-01,2017,4
73,2019-06-01,2017,4
73,2019-07-01,2017,4
73,2019-08-01,2017,6
73,2019-09-01,2017,2
73,2019-10-01,2017,6
73,2019-11-01,2017,4
73,2019-12-01,2017,3
73,2020-01-01,2017,6
73,2020-02-01,2017,5
73,2020-03-01,2017,4
73,2020-04-01,2017,4
73,2020-05-01,2017,5
73,2020-06-01,2017,4
73,2020-07-01,2017,3
73,2020-08-01,2017,4
73,2020-09-01,2017,4
73,2020-10-01,2017,5
73,2020-11-01,2017,5
73,2020-12-01,2017,3
73,2021-01-01,2017,2
73,2021-02-01,2017,2
73,2021-03-01,2017,2
74,2016-01-01,2017,2
74,2016-02-01,2017,2
74,2016-03-01,2017,2
74,2016-04-01,2017,2
74,2016-05-01,2017,2
74,2016-06-01,2017,2
74,2016-07-01,2017,2
74,2016-08-01,2017,2
74,2016-10-01,2017,2
74,2016-11-01,2017,2
74,2017-01-01,2017,7
74,2017-02-01,2017,7
74,2017-03-01,2017,7
74,2017-04-01,2017,7
74,2017-05-01,2017,8
74,2017-06-01,2017,7
74,2017-07-01,2017,7
74,2017-08-01,2017,6
74,2017-09-01,2017,5
74,2017-10-01,2017,5
74,2017-11-01,2017,5
74,2017-12-01,2017,5
74,2018-01-01,2017,3
74,2018-02-01,2017,4
74,2018-03-01,2017,4
74,2018-04-01,2017,4
74,2018-05-01,2017,4
74,2018-06-01,2017,4
74,2018-07-01,2017,3
74,2018-08-01,2017,3
74,2018-09-01,2017,3
74,2018-10-01,2017,3
74,2018-11-01,2017,3
74,2018-12-01,2017,3
74,2019-01-01,2017,4
74,2019-02-01,2017,3
74,2019-03-01,2017,2
74,2019-04-01,2017,3
74,2019-05-01,2017,2
74,2019-06-01,2017,3
74,2019-07-01,2017,2
74,2020-01-01,2016,7
74,2020-02-01,2016,10
74,2020-03-01,2016,9
74,2020-04-01,2016,8
74,2020-05-01,2016,8
74,2020-06-01,2016,9
74,2020-07-01,2016,5
74,2020-08-01,2016,5
74,2020-09-01,2016,4
74,2020-10-01,2016,6
74,2020-11-01,2016,5
75,2016-01-01,2017,2
75,2016-03-01,2017,2
75,2016-05-01,2017,2
75,2016-08-01,2016,2
75,2016-09-01,2016,2
75,2016-10-01,2016,2
75,2016-11-01,2016,2
75,2016-12-01,2016,4
75,2017-01-01,2016,8
75,2017-02-01,2016,9
75,2017-03-01,2016,7
75,2017-04-01,2016,14
75,2017-05-01,2016,14
75,2017-06-01,2016,13
75,2017-07-01,2016,12
75,2017-08-01,2016,15
75,2017-09-01,2016,9
75,2017-10-01,2016,10
75,2017-11-01,2016,10
75,2017-12-01,2016,8
75,2018-01-01,2016,11
75,2018-01-01,2017,2
75,2018-02-01,2016,13
75,2018-03-01,2016,10
75,2018-04-01,2016,13
75,2018-04-01,2017,2
75,2018-05-01,2016,12
75,2018-06-01,2016,12
75,2018-06-01,2017,2
75,2018-07-01,2016,10
75,2018-07-01,2017,2
75,2018-08-01,2016,11
75,2018-08-01,2017,2
75,2018-09-01,2016,9
75,2018-09-01,2017,3
75,2018-10-01,2016,11
75,2018-10-01,2017,2
75,2018-11-01,2016,8
75,2018-11-01,2017,2
75,2018-12-01,2016,6
75,2018-12-01,2017,2
75,2019-01-01,2016,7
75,2019-02-01,2016,8
75,2019-03-01,2016,2
75,2019-04-01,2016,7
75,2019-05-01,2016,7
75,2021-04-01,2016,3
75,2021-05-01,2016,3
75,2022-01-01,2016,5
75,2022-02-01,2016,3
75,2022-03-01,2016,5
75,2022-04-01,2016,4
75,2022-05-01,2016,7
75,2022-06-01,2016,6
75,2022-07-01,2016,7
75,2022-08-01,2016,5
75,2022-09-01,2016,7
76,2016-01-01,2017,5
76,2016-02-01,2017,6
76,2016-03-01,2017,4
76,2016-04-01,2017,5
76,2016-05-01,2017,4
76,2016-06-01,2017,5
76,2016-07-01,2017,7
76,2016-08-01,2017,5
76,2016-09-01,2017,6
83,2016-03-01,2016,2
83,2016-03-01,2017,3
83,2016-04-01,2016,3
83,2016-04-01,2017,3
83,2016-05-01,2016,4
83,2016-05-01,2017,3
83,2016-06-01,2016,3
83,2016-06-01,2017,3
83,2016-07-01,2016,2
83,2016-07-01,2017,3
83,2016-08-01,2017,2
83,2016-09-01,2016,2
83,2016-09-01,2017,3
83,2016-10-01,2017,2
83,2016-11-01,2016,4
83,2016-12-01,2016,4
83,2017-01-01,2016,7
83,2017-01-01,2017,2
83,2017-02-01,2016,8
83,2017-03-01,2016,11
83,2017-03-01,2017,2
83,2017-04-01,2016,6
83,2017-04-01,2017,3
83,2017-05-01,2016,11
83,2017-05-01,2017,2
83,2017-06-01,2016,8
83,2017-06-01,2017,2
83,2017-07-01,2016,5
83,2017-07-01,2017,3
83,2017-08-01,2016,7
83,2017-08-01,2017,3
83,2017-09-01,2016,3
83,2017-09-01,2017,3
83,2017-10-01,2016,5
83,2017-10-01,2017,2
83,2017-11-01,2016,5
83,2017-11-01,2017,2
83,2017-12-01,2016,8
83,2017-12-01,2017,2
83,2018-01-01,2016,8
83,2018-01-01,2017,5
83,2018-02-01,2016,9
83,2018-02-01,2017,5
83,2018-03-01,2016,9
83,2018-03-01,2017,6
83,2018-04-01,2016,8
83,2018-04-01,2017,5
83,2018-05-01,2016,6
83,2018-05-01,2017,5
83,2018-06-01,2016,7
83,2018-06-01,2017,5
83,2018-07-01,2016,8
83,2018-07-01,2017,8
83,2018-08-01,2016,6
83,2018-08-01,2017,7
83,2018-09-01,2016,9
83,2018-09-01,2017,10
83,2018-10-01,2016,9
83,2018-10-01,2017,10
83,2018-11-01,2016,8
83,2018-11-01,2017,6
83,2019-01-01,2016,9
83,2019-01-01,2017,3
83,2019-02-01,2016,7
83,2019-02-01,2017,3
83,2019-03-01,2016,9
83,2019-03-01,2017,3
83,2019-04-01,2016,6
83,2019-04-01,2017,3
83,2019-05-01,2016,6
83,2019-05-01,2017,3
83,2019-06-01,2016,5
83,2019-06-01,2017,2
83,2019-07-01,2016,2
83,2019-07-01,2017,9
83,2019-08-01,2017,7
83,2019-09-01,2016,6
83,2019-09-01,2017,9
83,2019-10-01,2016,4
83,2019-10-01,2017,9
83,2019-11-01,2017,6
83,2019-12-01,2016,5
83,2019-12-01,2017,5
83,2020-01-01,2017,7
83,2020-02-01,2017,7
83,2020-03-01,2017,7
83,2023-01-01,2017,3
83,2023-02-01,2017,3
83,2023-03-01,2017,3
83,2023-04-01,2017,3
83,2023-05-01,2017,3
83,2023-06-01,2017,3
83,2023-07-01,2017,3
83,2023-08-01,2017,3
83,2024-01-01,2017,3
83,2024-02-01,2017,4
83,2024-03-01,2017,4
83,2024-04-01,2017,3
83,2024-05-01,2017,3
83,2024-06-01,2017,4
83,2024-07-01,2017,5
83,2024-08-01,2017,5
83,2024-09-01,2017,7
83,2024-10-01,2017,7
83,2024-11-01,2017,5
83,2024-12-01,2017,5
83,2025-01-01,2017,10
83,2025-02-01,2017,10
83,2025-03-01,2017,8
83,2025-04-01,2017,10
83,2025-05-01,2017,9
83,2025-06-01,2017,9
88,2016-01-01,2017,4
88,2016-02-01,2017,4
88,2016-03-01,2017,3
88,2016-04-01,2017,4
88,2016-05-01,2017,4
88,2016-06-01,2017,4
88,2016-07-01,2017,3
88,2016-08-01,2017,3
88,2016-09-01,2017,3
88,2016-10-01,2017,4
88,2016-11-01,2017,4
88,2016-12-01,2017,5
88,2017-01-01,2017,5
88,2017-02-01,2017,2
88,2017-03-01,2017,5
88,2017-04-01,2017,2
88,2017-05-01,2017,4
88,2017-06-01,2017,3
88,2017-07-01,2017,5
88,2017-08-01,2017,5
88,2017-09-01,2017,5
88,2017-10-01,2017,4
88,2017-11-01,2017,4
88,2017-12-01,2017,2
88,2018-01-01,2017,3
88,2018-02-01,2017,3
88,2018-03-01,2017,3
88,2018-04-01,2017,3
89,2016-01-01,2017,2
89,2016-02-01,2017,3
89,2016-03-01,2017,3
89,2016-04-01,2017,3
89,2016-05-01,2017,3
89,2016-06-01,2017,3
89,2016-07-01,2017,3
89,2016-08-01,2017,3
89,2016-09-01,2017,2
90,2016-01-01,2017,4
90,2016-02-01,2017,6
90,2016-03-01,2017,7
90,2016-04-01,2017,6
90,2016-05-01,2017,5
90,2016-06-01,2017,6
90,2016-07-01,2017,5
90,2016-08-01,2017,5
90,2016-09-01,2016,2
90,2016-10-01,2016,2
90,2016-11-01,2017,6
90,2016-12-01,2017,4
90,2017-01-01,2016,7
90,2017-02-01,2016,7
90,2017-03-01,2016,9
90,2017-04-01,2016,10
90,2017-05-01,2016,8
90,2017-06-01,2016,8
90,2017-07-01,2016,10
90,2017-08-01,2016,9
90,2017-09-01,2016,6
90,2017-10-01,2016,5
90,2017-11-01,2016,8
90,2017-12-01,2016,5
90,2018-01-01,2016,6
90,2018-01-01,2017,3
90,2018-02-01,2016,5
90,2018-02-01,2017,3
90,2018-03-01,2016,6
90,2018-03-01,2017,3
90,2018-04-01,2016,5
90,2018-04-01,2017,3
90,2018-05-01,2016,4
90,2018-05-01,2017,3
90,2018-06-01,2016,5
90,2018-06-01,2017,3
90,2020-10-01,2016,2
90,2021-01-01,2016,4
90,2021-02-01,2016,5
90,2021-03-01,2016,4
90,2021-05-01,2016,7
90,2021-06-01,2016,6
90,2021-07-01,2016,5
90,2021-08-01,2016,5
90,2021-09-01,2016,5
90,2021-10-01,2016,5
90,2021-11-01,2016,4
90,2021-12-01,2016,6
90,2025-01-01,2016,3
90,2025-02-01,2016,3
90,2025-03-01,2016,4
90,2025-04-01,2016,4
90,2025-05-01,2016,4
93,2016-01-01,2017,5
93,2016-02-01,2017,4
93,2016-03-01,2017,5
94,2016-02-01,2017,5
94,2016-03-01,2017,5
94,2016-04-01,2017,4
94,2016-05-01,2017,3
94,2016-06-01,2017,3
94,2016-07-01,2017,5
94,2016-08-01,2017,4
94,2016-09-01,2017,6
94,2016-10-01,2017,7
94,2016-11-01,2017,4
94,2017-01-01,2017,11
94,2017-02-01,2017,10
95,2016-01-01,2016,2
95,2016-02-01,2016,2
95,2016-03-01,2016,3
95,2016-05-01,2016,3
95,2016-06-01,2016,3
95,2016-07-01,2016,3
95,2016-08-01,2016,2
95,2016-09-01,2016,2
95,2016-10-01,2016,2
95,2016-11-01,2016,2
95,2016-12-01,2016,2
95,2017-01-01,2016,2
95,2017-04-01,2016,3
95,2017-05-01,2016,3
95,2017-06-01,2016,3
95,2017-07-01,2016,3
95,2017-08-01,2016,3
95,2017-09-01,2016,3
95,2017-10-01,2016,3
95,2017-11-01,2016,3
95,2017-12-01,2016,2
96,2016-01-01,2017,2
96,2016-02-01,2016,2
96,2016-02-01,2017,2
96,2016-03-01,2016,2
96,2016-03-01,2017,2
96,2016-04-01,2016,2
96,2016-04-01,2017,2
97,2016-01-01,2017,5
97,2016-02-01,2017,5
97,2016-03-01,2017,5
97,2016-04-01,2017,4
97,2016-05-01,2017,5
97,2016-06-01,2017,5
97,2016-07-01,2017,6
97,2016-08-01,2017,5
97,2016-09-01,2017,5
97,2016-10-01,2017,6
97,2016-11-01,2017,4
97,2016-12-01,2017,8
97,2017-01-01,2017,5
97,2017-02-01,2017,3
97,2017-03-01,2017,4
97,2017-04-01,2017,4
97,2017-05-01,2017,2
97,2017-06-01,2017,3
97,2017-07-01,2017,3
97,2017-08-01,2017,3
97,2017-09-01,2017,2
97,2017-10-01,2017,3
97,2017-11-01,2017,3
97,2018-01-01,2017,7
97,2018-02-01,2017,5
97,2018-03-01,2017,6
97,2018-04-01,2017,11
97,2018-05-01,2017,7
97,2018-06-01,2017,7
97,2018-07-01,2017,7
97,2018-08-01,2017,7
97,2018-09-01,2017,8
97,2018-10-01,2017,6
97,2018-11-01,2017,9
97,2018-12-01,2017,4
97,2019-03-01,2017,4
97,2019-04-01,2017,3
97,2019-05-01,2017,4
97,2019-06-01,2017,4
97,2019-07-01,2017,7
97,2019-08-01,2017,4
97,2019-09-01,2017,4
97,2019-10-01,2017,3
97,2019-11-01,2017,3
97,2019-12-01,2017,2
97,2021-03-01,2017,2
97,2021-04-01,2017,2
97,2021-05-01,2017,2
97,2022-12-01,2017,2
98,2016-01-01,2017,6
98,2016-02-01,2017,6
98,2016-03-01,2017,6
98,2016-04-01,2017,6
98,2016-05-01,2017,6
98,2016-06-01,2017,7
98,2016-07-01,2017,7
98,2016-08-01,2017,5
98,2016-09-01,2017,6
98,2016-10-01,2017,4
98,2016-11-01,2017,7
98,2016-12-01,2017,6
98,2017-01-01,2017,3
98,2017-02-01,2017,4
98,2017-03-01,2017,4
98,2017-04-01,2017,5
98,2017-05-01,2017,4
98,2017-06-01,2017,4
98,2017-07-01,2017,3
98,2017-08-01,2017,3
98,2017-09-01,2017,3
98,2017-10-01,2017,3
98,2017-11-01,2017,3
98,2017-12-01,2017,4
98,2018-01-01,2017,7
98,2018-02-01,2017,8
98,2018-03-01,2017,9
98,2018-04-01,2017,9
98,2018-05-01,2017,7
98,2018-06-01,2017,8
98,2018-07-01,2017,6
98,2018-08-01,2017,5
98,2018-09-01,2017,3
98,2018-10-01,2017,4
98,2018-11-01,2017,8
98,2018-12-01,2017,3
98,2019-01-01,2017,7
98,2019-02-01,2017,5
98,2019-03-01,2017,7
98,2019-04-01,2017,7
98,2019-05-01,2017,7
98,2019-06-01,2017,4
98,2019-07-01,2017,8
98,2019-08-01,2017,8
98,2019-09-01,2017,7
98,2019-10-01,2017,6
98,2019-11-01,2017,5
98,2019-12-01,2017,5
98,2020-01-01,2017,8
98,2020-02-01,2017,8
98,2020-03-01,2017,13
98,2020-04-01,2017,11
98,2020-05-01,2017,14
98,2020-06-01,2017,11
98,2020-07-01,2017,9
98,2020-08-01,2017,6
98,2020-09-01,2017,10
98,2020-10-01,2017,9
98,2020-11-01,2017,6
98,2020-12-01,2017,5
98,2021-01-01,2017,7
98,2021-02-01,2017,7
98,2021-03-01,2017,6
98,2021-05-01,2017,6
98,2021-06-01,2017,7
98,2021-07-01,2017,6
98,2021-08-01,2017,4
99,2016-01-01,2016,2
99,2016-02-01,2016,2
99,2016-02-01,2017,2
99,2016-03-01,2016,2
99,2016-04-01,2017,2
99,2016-05-01,2016,2
99,2016-05-01,2017,2
99,2016-06-01,2016,2
99,2016-07-01,2016,2
99,2016-08-01,2016,2
99,2016-09-01,2016,2
99,2016-10-01,2016,2
99,2016-10-01,2017,2
99,2017-01-01,2016,8
99,2017-02-01,2016,8
99,2017-03-01,2016,9
99,2017-04-01,2016,5
99,2017-05-01,2016,5
99,2017-06-01,2016,5
99,2017-08-01,2016,3
99,2017-09-01,2016,4
99,2017-10-01,2016,3
99,2017-11-01,2016,3
99,2017-12-01,2016,2
102,2016-01-01,2017,2
102,2016-02-01,2017,5
102,2016-03-01,2017,3
102,2016-04-01,2017,3
102,2016-05-01,2017,6
102,2016-06-01,2017,5
102,2016-07-01,2017,4
102,2016-08-01,2017,4
102,2016-09-01,2017,3
102,2016-10-01,2017,3
102,2016-11-01,2017,3
103,2016-01-01,2017,2
103,2016-02-01,2017,6
103,2016-03-01,2017,7
103,2016-04-01,2017,4
103,2016-06-01,2017,3
103,2016-07-01,2017,5
110,2016-02-01,2017,2
110,2016-04-01,2017,3
110,2016-05-01,2017,2
110,2016-06-01,2017,2
110,2016-07-01,2017,2
110,2016-09-01,2017,3
110,2016-10-01,2017,3
110,2016-11-01,2017,2
110,2016-12-01,2017,3
110,2017-01-01,2017,2
110,2017-02-01,2017,2
110,2017-03-01,2017,2
110,2017-04-01,2017,2
110,2017-05-01,2017,2
110,2017-06-01,2017,2
110,2017-07-01,2017,2
110,2017-08-01,2017,2
110,2017-09-01,2017,2
110,2017-11-01,2017,3
110,2018-01-01,2017,5
110,2018-02-01,2017,7
110,2018-03-01,2017,6
110,2018-04-01,2017,6
110,2018-05-01,2017,5
110,2018-06-01,2017,5
110,2018-07-01,2017,8
110,2018-08-01,2017,9
110,2018-09-01,2017,10
110,2018-10-01,2017,5
110,2018-11-01,2017,8
110,2018-12-01,2017,10
110,2019-01-01,2017,5
110,2019-02-01,2017,6
110,2019-03-01,2017,6
110,2019-04-01,2017,5
110,2019-05-01,2017,5
110,2019-06-01,2017,6
110,2019-07-01,2017,9
110,2019-08-01,2017,8
110,2019-09-01,2017,10
110,2019-10-01,2017,12
110,2019-11-01,2017,8
110,2019-12-01,2017,7
110,2020-01-01,2017,10
110,2020-02-01,2017,10
110,2020-03-01,2017,11
110,2020-04-01,2017,10
110,2020-05-01,2017,6
110,2020-06-01,2017,9
110,2020-07-01,2017,8
110,2020-08-01,2017,8
110,2020-09-01,2017,10
110,2020-10-01,2017,8
110,2020-11-01,2017,6
110,2020-12-01,2017,4
110,2021-01-01,2017,9
110,2021-02-01,2017,11
110,2021-03-01,2017,11
110,2021-04-01,2017,8
110,2021-05-01,2017,6
110,2021-06-01,2017,8
110,2021-07-01,2017,7
110,2021-08-01,2017,8
110,2021-09-01,2017,7
110,2021-10-01,2017,6
110,2021-11-01,2017,5
110,2021-12-01,2017,5
110,2022-01-01,2017,5
110,2022-02-01,2017,7
110,2022-03-01,2017,8
110,2022-04-01,2017,7
110,2022-05-01,2017,7
110,2022-06-01,2017,6
110,2022-07-01,2017,5
110,2022-08-01,2017,5
110,2022-09-01,2017,4
110,2022-10-01,2017,4
110,2022-11-01,2017,4
110,2022-12-01,2017,3
110,2023-01-01,2017,7
110,2023-02-01,2017,7
110,2023-03-01,2017,7
110,2023-04-01,2017,7
110,2023-05-01,2017,5
110,2023-06-01,2017,4
110,2023-07-01,2017,4
110,2023-08-01,2017,4
110,2023-09-01,2017,5
110,2023-10-01,2017,6
110,2023-11-01,2017,4
110,2023-12-01,2017,4
110,2024-01-01,2017,10
110,2024-02-01,2017,10
110,2024-03-01,2017,11
110,2024-04-01,2017,12
110,2024-05-01,2017,13
110,2024-06-01,2017,12
110,2024-07-01,2017,10
110,2024-08-01,2017,8
110,2024-09-01,2017,11
110,2024-11-01,2017,8
110,2024-12-01,2017,7
110,2025-01-01,2017,5
110,2025-02-01,2017,6
110,2025-03-01,2017,5
110,2025-04-01,2017,6
110,2025-05-01,2017,4
110,2025-06-01,2017,4
112,2016-07-01,2017,6
112,2016-08-01,2017,7
112,2016-09-01,2017,6
112,2016-10-01,2017,6
112,2016-11-01,2017,5
112,2016-12-01,2017,6
112,2017-01-01,2017,13
112,2017-02-01,2017,9
112,2017-03-01,2017,13
112,2017-04-01,2017,6
112,2017-05-01,2017,8
112,2017-06-01,2017,17
112,2017-07-01,2017,11
112,2017-08-01,2017,15
112,2017-09-01,2017,12
112,2017-10-01,2017,13
112,2017-11-01,2017,12
112,2017-12-01,2017,9
112,2018-01-01,2017,3
112,2018-02-01,2017,3
112,2018-03-01,2017,3
112,2018-04-01,2017,5
112,2018-05-01,2017,5
112,2018-06-01,2017,6
112,2018-07-01,2017,7
112,2018-08-01,2017,5
112,2018-09-01,2017,8
112,2018-10-01,2017,6
112,2018-11-01,2017,9
112,2018-12-01,2017,8
112,2019-01-01,2017,5
112,2019-02-01,2017,5
112,2019-03-01,2017,6
112,2019-04-01,2017,6
112,2019-05-01,2017,5
112,2019-06-01,2016,2
112,2019-06-01,2017,3
112,2019-07-01,2016,2
112,2019-07-01,2017,4
112,2019-08-01,2016,2
112,2019-08-01,2017,5
112,2019-09-01,2016,2
112,2019-09-01,2017,6
112,2019-10-01,2016,3
112,2019-11-01,2016,3
112,2019-12-01,2016,3
112,2020-01-01,2016,2
112,2020-02-01,2016,2
112,2020-03-01,2016,3
112,2020-04-01,2016,4
112,2020-05-01,2016,4
112,2020-06-01,2016,3
112,2020-07-01,2016,4
112,2020-07-01,2017,2
112,2020-08-01,2016,4
112,2020-09-01,2016,4
112,2020-09-01,2017,2
112,2020-10-01,2016,3
112,2020-11-01,2016,3
112,2020-12-01,2016,3
112,2020-12-01,2017,2
112,2021-01-01,2016,3
112,2021-02-01,2016,3
112,2021-03-01,2016,3
112,2021-03-01,2017,2
112,2021-04-01,2016,4
112,2021-04-01,2017,2
112,2021-05-01,2016,4
112,2021-05-01,2017,2
112,2021-06-01,2016,3
112,2021-06-01,2017,2
112,2021-07-01,2016,4
112,2021-07-01,2017,2
112,2021-08-01,2016,3
112,2021-08-01,2017,2
112,2021-09-01,2016,3
112,2021-09-01,2017,2
112,2021-10-01,2016,2
112,2021-11-01,2016,4
112,2021-11-01,2017,3
112,2021-12-01,2016,4
112,2021-12-01,2017,3
112,2022-01-01,2016,3
112,2022-02-01,2016,4
112,2022-03-01,2016,3
112,2022-04-01,2016,3
112,2022-05-01,2016,3
112,2022-06-01,2016,3
112,2022-07-01,2016,4
112,2022-08-01,2016,4
112,2022-09-01,2016,4
112,2022-10-01,2016,3
112,2022-10-01,2017,2
112,2022-11-01,2016,3
112,2022-11-01,2017,2
112,2022-12-01,2016,4
112,2022-12-01,2017,2
112,2023-01-01,2016,5
112,2023-02-01,2016,5
112,2023-03-01,2016,5
112,2023-04-01,2016,4
112,2023-05-01,2016,5
112,2023-06-01,2016,5
112,2023-07-01,2016,5
112,2023-08-01,2016,5
112,2023-09-01,2016,5
112,2023-10-01,2016,3
112,2023-11-01,2016,3
112,2024-01-01,2016,3
112,2024-02-01,2016,3
112,2024-03-01,2016,2
112,2024-04-01,2016,2
112,2024-05-01,2016,3
112,2024-06-01,2016,4
112,2024-07-01,2016,4
112,2024-08-01,2016,5
112,2024-09-01,2016,4
112,2024-10-01,2017,4
112,2024-11-01,2017,5
112,2024-12-01,2017,3
112,2025-01-01,2017,3
112,2025-02-01,2017,4
112,2025-03-01,2017,4
112,2025-04-01,2017,3
112,2025-05-01,2016,2
112,2025-06-01,2016,2
112,2025-07-01,2016,2
113,2016-07-01,2017,2
113,2016-09-01,2017,4
113,2016-10-01,2017,3
113,2016-11-01,2017,5
113,2016-12-01,2017,4
113,2017-01-01,2016,5
113,2017-01-01,2017,5
113,2017-02-01,2016,4
113,2017-02-01,2017,4
113,2017-03-01,2016,2
113,2017-03-01,2017,3
113,2017-04-01,2016,5
113,2017-04-01,2017,4
113,2017-05-01,2016,3
113,2017-05-01,2017,4
113,2017-06-01,2016,4
113,2017-06-01,2017,5
113,2017-07-01,2016,4
113,2017-07-01,2017,4
113,2017-08-01,2016,4
113,2017-08-01,2017,5
113,2017-09-01,2016,3
113,2017-09-01,2017,3
113,2017-10-01,2016,5
113,2017-11-01,2016,6
113,2017-12-01,2016,5
113,2018-01-01,2016,2
113,2018-01-01,2017,2
113,2018-02-01,2016,2
113,2018-02-01,2017,2
113,2018-03-01,2016,2
113,2018-03-01,2017,2
113,2018-04-01,2016,2
113,2018-04-01,2017,4
113,2018-05-01,2016,2
113,2018-05-01,2017,3
113,2018-06-01,2016,3
113,2018-06-01,2017,4
113,2018-07-01,2017,3
113,2018-08-01,2017,2
113,2018-09-01,2017,3
113,2018-10-01,2017,3
113,2018-11-01,2017,3
113,2018-12-01,2016,2
113,2018-12-01,2017,3
113,2019-01-01,2016,2
113,2019-02-01,2016,2
113,2019-06-01,2016,2
113,2021-07-01,2016,4
113,2021-07-01,2017,2
113,2021-08-01,2016,3
113,2021-08-01,2017,2
113,2021-09-01,2016,3
113,2021-09-01,2017,2
113,2021-10-01,2016,2
113,2021-11-01,2016,3
113,2021-11-01,2017,2
113,2021-12-01,2016,2
113,2021-12-01,2017,2
113,2022-01-01,2016,4
113,2022-02-01,2016,3
113,2022-03-01,2016,4
113,2022-04-01,2016,5
113,2022-05-01,2016,5
113,2022-06-01,2016,5
113,2022-07-01,2016,5
113,2022-08-01,2016,2
113,2022-09-01,2016,3
113,2022-10-01,2016,4
113,2022-11-01,2016,4
113,2022-12-01,2016,4
113,2023-01-01,2016,2
113,2023-01-01,2017,2
113,2023-02-01,2016,6
113,2023-02-01,2017,2
113,2023-03-01,2016,3
113,2023-03-01,2017,2
113,2023-04-01,2016,2
113,2023-04-01,2017,2
113,2023-05-01,2016,3
113,2023-05-01,2017,2
113,2023-06-01,2016,3
113,2023-06-01,2017,2
113,2023-07-01,2016,3
113,2023-07-01,2017,3
113,2023-08-01,2016,3
113,2023-08-01,2017,2
113,2023-09-01,2016,5
113,2023-09-01,2017,3
113,2023-10-01,2016,2
113,2023-10-01,2017,3
113,2023-11-01,2017,4
113,2023-12-01,2017,4
113,2024-01-01,2016,2
113,2024-01-01,2017,4
113,2024-02-01,2016,3
113,2024-02-01,2017,3
113,2024-03-01,2016,2
113,2024-03-01,2017,3
113,2024-04-01,2016,3
113,2024-04-01,2017,3
113,2024-05-01,2016,2
113,2024-05-01,2017,3
113,2024-06-01,2016,3
113,2024-06-01,2017,3
113,2024-07-01,2016,3
113,2024-07-01,2017,5
113,2024-08-01,2016,2
113,2024-08-01,2017,5
113,2024-09-01,2016,2
113,2024-09-01,2017,6
113,2024-10-01,2016,3
113,2024-10-01,2017,6
113,2024-11-01,2016,2
113,2024-11-01,2017,4
113,2024-12-01,2016,2
113,2024-12-01,2017,5
113,2025-01-01,2016,2
113,2025-01-01,2017,4
113,2025-02-01,2016,2
113,2025-02-01,2017,4
113,2025-03-01,2016,3
113,2025-03-01,2017,4
113,2025-04-01,2016,2
113,2025-04-01,2017,4
114,2017-01-01,2016,7
114,2017-02-01,2016,6
114,2017-03-01,2016,7
114,2017-04-01,2016,6
114,2017-05-01,2016,7
114,2017-06-01,2016,5
114,2017-07-01,2016,4
114,2017-08-01,2016,3
114,2017-08-01,2017,2
114,2017-09-01,2016,4
114,2017-10-01,2016,7
114,2017-11-01,2016,5
114,2017-11-01,2017,2
114,2017-12-01,2016,3
114,2017-12-01,2017,2
114,2018-01-01,2016,5
114,2018-02-01,2016,6
114,2018-02-01,2017,2
114,2018-03-01,2016,7
114,2018-03-01,2017,2
114,2018-04-01,2016,5
114,2018-04-01,2017,4
114,2018-05-01,2016,4
114,2018-05-01,2017,2
114,2018-06-01,2016,5
114,2018-06-01,2017,2
114,2018-07-01,2016,6
114,2018-08-01,2016,7
114,2018-09-01,2016,12
114,2018-10-01,2016,8
114,2018-11-01,2016,6
114,2018-12-01,2016,9
114,2019-01-01,2016,8
114,2019-02-01,2016,6
114,2019-03-01,2016,7
114,2019-04-01,2016,4
114,2019-05-01,2016,6
114,2019-06-01,2016,6
114,2019-07-01,2016,5
114,2019-08-01,2016,10
114,2019-09-01,2016,8
114,2019-10-01,2016,8
114,2019-11-01,2016,7
114,2019-12-01,2016,11
114,2020-01-01,2016,5
114,2020-02-01,2016,7
114,2020-03-01,2016,9
114,2020-04-01,2016,5
114,2020-05-01,2016,7
114,2020-06-01,2016,8
114,2020-07-01,2016,6
114,2020-09-01,2016,6
114,2020-10-01,2017,2
114,2020-11-01,2017,3
114,2020-12-01,2017,3
114,2021-01-01,2017,6
114,2021-02-01,2017,5
114,2021-03-01,2017,6
114,2021-04-01,2017,3
114,2021-05-01,2017,7
114,2021-06-01,2017,4
114,2021-07-01,2016,7
114,2021-08-01,2016,3
114,2021-10-01,2016,4
114,2021-11-01,2016,5
114,2021-12-01,2016,8
114,2022-01-01,2016,7
114,2022-02-01,2016,6
114,2022-03-01,2016,5
114,2022-04-01,2016,5
114,2022-05-01,2016,3
115,2016-11-01,2016,2
115,2016-12-01,2016,2
115,2017-01-01,2016,10
115,2017-02-01,2016,10
115,2017-03-01,2016,10
115,2017-04-01,2016,6
115,2017-05-01,2016,6
115,2017-06-01,2016,3
115,2017-07-01,2016,6
115,2017-08-01,2016,6
115,2017-09-01,2016,6
115,2017-10-01,2016,6
115,2017-11-01,2016,6
115,2017-12-01,2016,7
115,2018-01-01,2016,8
115,2018-02-01,2016,9
115,2018-03-01,2016,9
115,2018-04-01,2016,7
115,2018-05-01,2016,8
115,2018-06-01,2016,9
115,2018-07-01,2016,8
115,2018-08-01,2016,10
115,2018-09-01,2016,8
115,2018-10-01,2016,9
115,2018-11-01,2016,10
115,2018-12-01,2016,10
115,2019-01-01,2016,6
115,2019-02-01,2016,7
115,2019-03-01,2016,5
115,2019-04-01,2016,4
115,2019-05-01,2016,7
115,2019-06-01,2016,7
115,2019-07-01,2016,6
115,2019-08-01,2016,4
116,2016-09-01,2016,3
116,2016-10-01,2016,4
116,2016-11-01,2016,3
116,2016-12-01,2016,4
116,2017-01-01,2016,6
116,2017-02-01,2016,7
116,2017-03-01,2016,5
116,2017-04-01,2016,9
116,2017-05-01,2016,5
116,2017-06-01,2016,7
116,2017-07-01,2016,5
116,2017-08-01,2016,6
116,2017-10-01,2016,6
116,2017-11-01,2016,10
116,2017-12-01,2016,3
116,2018-01-01,2016,7
116,2018-02-01,2016,7
116,2018-03-01,2016,8
116,2018-04-01,2016,10
116,2018-05-01,2016,2
116,2018-06-01,2016,6
116,2018-07-01,2016,5
116,2018-09-01,2016,2
116,2020-02-01,2017,3
116,2020-03-01,2017,2
116,2020-05-01,2017,3
116,2020-06-01,2017,3
116,2020-07-01,2017,2
116,2020-09-01,2017,4
116,2021-01-01,2016,4
116,2021-02-01,2016,2
117,2016-11-01,2017,2
117,2016-12-01,2017,3
117,2017-01-01,2017,4
117,2017-02-01,2017,5
117,2017-03-01,2017,5
117,2017-04-01,2017,4
117,2017-05-01,2017,7
117,2017-06-01,2017,8
117,2017-07-01,2017,7
117,2017-08-01,2017,7
117,2017-09-01,2017,7
117,2017-10-01,2017,7
117,2017-11-01,2017,7
117,2017-12-01,2017,2
117,2018-01-01,2017,7
117,2018-02-01,2017,9
117,2018-03-01,2017,14
117,2018-04-01,2017,18
117,2018-05-01,2017,20
117,2018-06-01,2017,23
117,2018-07-01,2017,15
117,2018-08-01,2017,12
117,2018-09-01,2017,13
117,2018-10-01,2017,14
117,2018-11-01,2017,12
117,2018-12-01,2017,4
117,2019-01-01,2017,13
117,2019-02-01,2017,14
117,2019-03-01,2017,14
117,2019-04-01,2017,6
117,2019-05-01,2017,6
117,2020-10-01,2017,2
117,2020-11-01,2017,2
117,2021-01-01,2017,2
117,2021-02-01,2017,4
117,2021-03-01,2017,4
117,2021-05-01,2017,2
117,2021-06-01,2017,2
117,2021-07-01,2017,3
117,2021-08-01,2017,3
117,2021-09-01,2017,3
117,2022-01-01,2017,3
117,2022-02-01,2017,3
117,2022-03-01,2017,3
117,2022-04-01,2017,4
117,2022-05-01,2017,2
117,2022-08-01,2016,5
117,2022-09-01,2016,5
117,2022-10-01,2016,6
117,2022-11-01,2016,6
117,2022-12-01,2016,3
118,2016-10-01,2017,2
118,2016-11-01,2017,4
118,2016-12-01,2017,4
118,2017-01-01,2017,5
118,2017-02-01,2017,2
118,2017-03-01,2017,4
118,2017-04-01,2017,3
118,2017-05-01,2017,10
118,2017-06-01,2017,11
118,2017-07-01,2017,11
118,2017-08-01,2017,7
118,2017-09-01,2017,9
118,2017-10-01,2017,12
118,2017-11-01,2017,7
118,2017-12-01,2017,7
118,2018-01-01,2017,13
118,2018-02-01,2017,14
118,2018-03-01,2017,15
118,2018-04-01,2017,16
118,2018-05-01,2017,14
118,2018-06-01,2017,18
118,2018-07-01,2017,22
118,2018-08-01,2017,15
118,2018-09-01,2017,13
118,2018-10-01,2017,14
118,2018-11-01,2017,24
118,2018-12-01,2017,14
118,2019-01-01,2017,12
118,2019-02-01,2017,11
118,2019-03-01,2017,11
120,2017-01-01,2017,3
120,2017-02-01,2017,3
120,2017-03-01,2017,3
120,2017-04-01,2017,3
120,2017-05-01,2017,4
120,2018-01-01,2016,4
120,2018-02-01,2016,2
120,2018-03-01,2016,3
120,2018-04-01,2016,3
120,2018-05-01,2016,2
120,2018-06-01,2016,4
121,2017-02-01,2017,3
121,2017-03-01,2017,2
121,2017-04-01,2017,2
121,2017-05-01,2017,2
121,2017-06-01,2017,2
121,2017-07-01,2017,2
121,2017-08-01,2017,3
121,2017-09-01,2017,3
121,2017-12-01,2017,2
121,2018-01-01,2017,3
121,2018-02-01,2017,5
121,2018-03-01,2017,5
121,2018-04-01,2017,5
121,2018-05-01,2017,6
121,2018-06-01,2017,4
121,2018-07-01,2017,4
121,2018-08-01,2017,3
121,2018-09-01,2017,4
121,2018-10-01,2017,2
121,2018-11-01,2017,2
121,2018-12-01,2017,3
121,2019-01-01,2017,6
121,2019-02-01,2017,6
121,2019-03-01,2017,3
121,2019-04-01,2017,8
121,2019-05-01,2017,8
121,2019-06-01,2017,4
121,2019-07-01,2017,9
121,2019-08-01,2017,14
121,2019-09-01,2017,13
121,2019-10-01,2017,10
121,2019-11-01,2017,12
121,2019-12-01,2017,6
121,2020-01-01,2017,6
121,2020-02-01,2017,6
121,2020-03-01,2017,4
121,2020-04-01,2017,5
121,2020-05-01,2017,4
122,2017-02-01,2016,4
122,2017-03-01,2016,5
122,2017-04-01,2016,9
122,2017-05-01,2016,8
122,2017-06-01,2016,9
122,2017-07-01,2016,3
122,2017-08-01,2016,4
122,2017-09-01,2016,6
122,2017-10-01,2016,8
122,2017-11-01,2016,6
122,2017-12-01,2016,8
122,2018-01-01,2016,5
123,2017-03-01,2017,9
123,2017-04-01,2017,10
123,2017-05-01,2017,12
123,2017-06-01,2017,12
123,2017-07-01,2017,10
123,2017-08-01,2017,14
123,2017-09-01,2017,9
123,2017-10-01,2017,11
123,2017-11-01,2017,12
123,2017-12-01,2017,14
123,2018-01-01,2017,7
123,2018-02-01,2017,10
123,2018-03-01,2017,9
123,2018-04-01,2017,10
123,2018-05-01,2017,16
123,2018-06-01,2017,17
123,2018-07-01,2017,20
123,2018-08-01,2017,17
123,2018-09-01,2017,22
123,2018-10-01,2017,27
123,2018-11-01,2017,28
123,2018-12-01,2017,18
123,2019-01-01,2017,20
123,2019-02-01,2017,16
123,2019-03-01,2017,15
123,2019-04-01,2017,14
123,2019-05-01,2017,11
123,2019-06-01,2017,12
123,2019-07-01,2017,14
123,2019-08-01,2017,20
123,2019-09-01,2017,19
123,2019-10-01,2017,18
123,2019-11-01,2017,20
123,2019-12-01,2017,9
123,2020-01-01,2017,16
123,2020-02-01,2017,14
123,2020-03-01,2017,15
123,2020-04-01,2017,13
123,2020-05-01,2017,12
123,2020-06-01,2017,10
124,2017-03-01,2017,6
124,2017-04-01,2017,7
124,2017-05-01,2017,9
124,2017-06-01,2017,9
124,2017-07-01,2017,10
124,2017-08-01,2017,10
124,2017-09-01,2017,10
124,2017-10-01,2017,3
124,2017-11-01,2017,14
124,2017-12-01,2017,7
124,2018-01-01,2017,8
124,2018-02-01,2017,8
124,2018-03-01,2017,5
124,2018-04-01,2017,11
124,2018-05-01,2017,12
124,2018-06-01,2017,12
124,2018-07-01,2017,12
124,2018-08-01,2017,15
124,2018-09-01,2017,15
124,2018-10-01,2017,6
124,2018-11-01,2017,18
124,2018-12-01,2017,17
124,2019-01-01,2017,10
124,2019-02-01,2017,10
124,2019-03-01,2017,13
124,2019-04-01,2017,9
124,2019-05-01,2017,8
124,2019-06-01,2017,12
124,2019-07-01,2017,7
124,2019-08-01,2017,6
124,2019-09-01,2017,5
124,2019-10-01,2017,12
124,2019-11-01,2017,15
124,2019-12-01,2017,12
124,2020-01-01,2017,10
124,2020-02-01,2017,10
124,2020-03-01,2017,6
124,2020-04-01,2017,3
124,2020-05-01,2017,3
124,2020-06-01,2017,9
124,2020-07-01,2017,11
124,2020-08-01,2017,7
124,2020-09-01,2017,10
124,2020-10-01,2017,9
124,2020-11-01,2017,16
124,2020-12-01,2017,9
124,2021-01-01,2017,7
124,2021-02-01,2017,6
124,2021-03-01,2017,7
124,2021-04-01,2016,2
124,2021-04-01,2017,4
124,2021-05-01,2016,2
124,2021-05-01,2017,3
124,2021-06-01,2016,2
124,2021-06-01,2017,3
124,2021-07-01,2016,2
124,2021-07-01,2017,2
124,2021-08-01,2016,2
124,2021-08-01,2017,2
124,2021-09-01,2016,2
124,2021-09-01,2017,2
124,2021-10-01,2016,2
124,2021-11-01,2016,2
124,2021-11-01,2017,2
124,2021-12-01,2016,2
124,2021-12-01,2017,3
124,2022-01-01,2016,2
124,2022-01-01,2017,2
124,2022-02-01,2016,2
124,2022-03-01,2016,2
124,2022-03-01,2017,2
124,2022-04-01,2016,2
124,2022-05-01,2016,2
124,2022-06-01,2016,2
124,2022-07-01,2016,2
124,2022-08-01,2016,2
124,2022-09-01,2016,2
124,2022-09-01,2017,3
124,2022-10-01,2016,2
124,2022-11-01,2016,2
124,2022-12-01,2016,2
124,2022-12-01,2017,2
124,2023-01-01,2016,5
124,2023-02-01,2016,5
124,2023-03-01,2016,4
124,2023-04-01,2016,4
124,2023-05-01,2016,5
124,2023-05-01,2017,2
124,2023-06-01,2016,3
124,2023-07-01,2016,5
124,2023-08-01,2016,6
124,2023-09-01,2016,6
124,2023-09-01,2017,2
124,2023-10-01,2016,3
124,2023-10-01,2017,2
124,2023-11-01,2016,5
124,2023-11-01,2017,2
124,2024-01-01,2016,5
124,2024-01-01,2017,2
124,2024-02-01,2016,4
124,2024-03-01,2016,5
124,2024-03-01,2017,2
124,2024-04-01,2016,3
124,2024-04-01,2017,2
124,2024-05-01,2016,5
124,2024-05-01,2017,3
124,2024-06-01,2016,6
124,2024-06-01,2017,2
124,2024-07-01,2016,5
124,2024-07-01,2017,2
124,2024-08-01,2016,3
124,2024-09-01,2016,5
124,2024-09-01,2017,2
124,2024-10-01,2016,4
124,2024-10-01,2017,2
124,2024-11-01,2016,7
124,2024-11-01,2017,2
124,2024-12-01,2016,3
124,2024-12-01,2017,3
124,2025-01-01,2016,6
124,2025-01-01,2017,5
124,2025-02-01,2016,4
124,2025-02-01,2017,7
124,2025-03-01,2016,6
124,2025-03-01,2017,9
124,2025-04-01,2016,6
124,2025-04-01,2017,10
126,2017-03-01,2017,4
126,2017-04-01,2017,3
126,2017-05-01,2017,5
126,2017-06-01,2017,2
126,2017-07-01,2017,2
126,2017-08-01,2017,3
126,2017-09-01,2017,2
126,2017-10-01,2017,2
126,2017-11-01,2017,3
126,2017-12-01,2016,2
126,2017-12-01,2017,5
126,2018-01-01,2016,2
126,2018-01-01,2017,3
126,2018-02-01,2016,3
126,2018-02-01,2017,3
126,2018-03-01,2016,3
126,2018-03-01,2017,3
126,2018-04-01,2017,3
126,2018-05-01,2017,3
126,2018-06-01,2016,3
126,2018-06-01,2017,4
126,2018-07-01,2016,3
126,2018-08-01,2016,3
126,2018-09-01,2016,3
126,2018-10-01,2016,3
126,2018-11-01,2016,3
126,2018-12-01,2016,4
126,2019-02-01,2016,2
126,2019-04-01,2016,3
126,2019-05-01,2016,4
126,2019-06-01,2016,4
126,2019-07-01,2016,4
126,2019-08-01,2016,3
126,2019-09-01,2016,4
126,2019-10-01,2016,4
126,2019-11-01,2016,4
126,2019-12-01,2016,3
126,2020-01-01,2016,6
126,2020-02-01,2016,8
126,2020-03-01,2016,5
126,2020-04-01,2016,9
126,2020-05-01,2016,10
126,2020-06-01,2016,8
126,2020-07-01,2016,7
126,2020-08-01,2016,5
126,2020-09-01,2016,7
126,2020-10-01,2016,7
126,2020-11-01,2016,7
126,2020-12-01,2016,6
126,2021-01-01,2016,5
126,2021-02-01,2016,5
126,2021-03-01,2016,5
126,2021-04-01,2016,5
126,2021-05-01,2016,6
126,2021-06-01,2016,5
126,2022-06-01,2017,4
126,2022-07-01,2017,4
126,2022-08-01,2017,4
126,2022-09-01,2017,6
126,2022-10-01,2017,4
126,2022-11-01,2017,6
126,2022-12-01,2017,5
126,2023-01-01,2017,7
126,2023-02-01,2017,5
126,2023-03-01,2017,5
126,2023-04-01,2017,6
126,2023-05-01,2017,4
126,2023-06-01,2017,9
126,2023-07-01,2017,6
126,2023-08-01,2017,6
126,2023-09-01,2017,4
126,2023-10-01,2017,6
126,2023-11-01,2017,3
126,2023-12-01,2017,7
126,2024-01-01,2017,4
126,2024-02-01,2017,5
126,2024-03-01,2017,5
126,2024-04-01,2017,5
126,2024-05-01,2017,5
126,2024-06-01,2017,4
126,2024-07-01,2017,5
126,2024-08-01,2017,4
126,2024-09-01,2017,6
126,2024-10-01,2017,5
128,2017-02-01,2017,2
128,2017-03-01,2017,2
128,2017-04-01,2017,2
128,2017-08-01,2017,2
128,2017-11-01,2017,2
129,2017-01-01,2017,2
129,2017-11-01,2017,2
129,2018-04-01,2017,2
129,2018-05-01,2017,2
129,2018-06-01,2017,2
130,2016-12-01,2017,2
130,2017-01-01,2017,2
130,2017-03-01,2017,3
130,2017-05-01,2017,3
130,2017-06-01,2017,3
132,2017-07-01,2016,4
132,2017-08-01,2016,4
132,2017-09-01,2016,4
132,2017-10-01,2016,4
132,2017-11-01,2016,4
132,2017-12-01,2016,2
132,2018-01-01,2016,5
132,2018-01-01,2017,4
132,2018-02-01,2016,5
132,2018-02-01,2017,4
132,2018-03-01,2016,5
132,2018-03-01,2017,4
132,2018-04-01,2016,5
132,2018-04-01,2017,4
132,2018-05-01,2016,7
132,2018-05-01,2017,4
132,2018-06-01,2016,5
132,2018-06-01,2017,4
132,2018-07-01,2016,6
132,2018-07-01,2017,4
132,2018-08-01,2016,6
132,2018-08-01,2017,5
132,2018-09-01,2016,8
132,2018-09-01,2017,5
132,2018-10-01,2016,6
132,2018-10-01,2017,5
132,2018-11-01,2016,7
132,2018-11-01,2017,2
132,2018-12-01,2016,5
132,2018-12-01,2017,2
132,2019-01-01,2016,6
132,2019-02-01,2016,7
132,2019-03-01,2016,7
132,2019-04-01,2016,6
132,2019-05-01,2016,5
132,2019-06-01,2016,5
132,2019-07-01,2016,2
132,2019-08-01,2016,2
132,2019-09-01,2016,10
132,2019-10-01,2016,12
132,2019-11-01,2016,9
132,2019-11-01,2017,2
132,2019-12-01,2016,7
132,2019-12-01,2017,2
132,2020-01-01,2016,8
132,2020-01-01,2017,4
132,2020-02-01,2016,12
132,2020-02-01,2017,4
132,2020-03-01,2016,10
132,2020-03-01,2017,4
132,2020-04-01,2016,12
132,2020-04-01,2017,4
132,2020-05-01,2016,9
132,2020-05-01,2017,4
132,2020-06-01,2016,7
132,2020-06-01,2017,4
132,2020-07-01,2017,7
132,2020-08-01,2017,7
132,2020-09-01,2017,12
132,2020-10-01,2017,12
132,2020-11-01,2017,12
132,2020-12-01,2017,12
132,2021-01-01,2017,7
132,2021-02-01,2017,7
132,2021-03-01,2017,7
132,2021-04-01,2017,7
132,2021-05-01,2017,9
132,2021-06-01,2017,9
132,2021-07-01,2017,5
132,2022-10-01,2017,5
132,2022-11-01,2017,5
132,2022-12-01,2017,5
132,2023-01-01,2017,5
132,2023-02-01,2017,7
132,2023-03-01,2017,9
132,2023-04-01,2017,7
132,2023-05-01,2017,7
132,2023-06-01,2017,8
132,2023-07-01,2017,7
132,2023-08-01,2017,8
132,2023-09-01,2017,9
132,2023-10-01,2017,10
132,2023-11-01,2017,9
132,2023-12-01,2017,6
132,2024-01-01,2017,8
132,2024-02-01,2017,8
132,2024-03-01,2017,6
132,2024-04-01,2017,6
132,2024-05-01,2017,9
132,2024-06-01,2017,8
132,2024-07-01,2017,8
132,2024-08-01,2017,9
132,2024-09-01,2017,15
132,2024-10-01,2017,13
132,2024-11-01,2017,11
132,2024-12-01,2017,11
132,2025-01-01,2017,11
132,2025-02-01,2017,10
132,2025-03-01,2017,11
132,2025-04-01,2017,12
132,2025-05-01,2017,12
132,2025-06-01,2017,11
133,2018-01-01,2016,3
133,2018-02-01,2016,3
133,2018-02-01,2017,3
133,2018-04-01,2016,3
133,2018-04-01,2017,2
133,2018-05-01,2016,3
133,2018-05-01,2017,2
133,2018-06-01,2016,2
133,2018-07-01,2016,2
133,2018-08-01,2016,2
133,2018-09-01,2016,2
133,2018-10-01,2016,3
133,2018-11-01,2016,3
133,2018-12-01,2016,2
133,2019-02-01,2016,2
133,2019-03-01,2016,2
133,2019-04-01,2016,4
133,2019-04-01,2017,5
133,2019-05-01,2016,2
133,2019-05-01,2017,5
133,2019-06-01,2016,2
133,2019-06-01,2017,4
133,2019-07-01,2016,3
133,2019-07-01,2017,4
133,2019-08-01,2016,4
133,2019-08-01,2017,5
133,2019-09-01,2016,4
133,2019-09-01,2017,4
133,2019-10-01,2017,2
133,2019-11-01,2017,4
133,2019-12-01,2017,3
133,2020-01-01,2017,6
133,2020-02-01,2017,7
133,2020-03-01,2017,7
133,2020-04-01,2017,7
133,2020-05-01,2017,7
133,2020-06-01,2017,7
133,2020-07-01,2017,7
133,2020-08-01,2017,6
134,2018-01-01,2016,4
134,2018-01-01,2017,8
134,2018-02-01,2016,3
134,2018-02-01,2017,8
134,2018-03-01,2016,3
134,2018-03-01,2017,8
134,2018-04-01,2016,4
134,2018-04-01,2017,8
134,2018-05-01,2016,3
134,2018-05-01,2017,5
134,2018-06-01,2016,2
134,2018-06-01,2017,6
134,2018-07-01,2016,3
134,2018-07-01,2017,6
134,2018-08-01,2016,3
134,2018-08-01,2017,7
134,2018-09-01,2016,3
134,2018-09-01,2017,6
134,2018-10-01,2016,3
134,2018-10-01,2017,6
134,2018-11-01,2016,3
134,2018-11-01,2017,6
134,2018-12-01,2016,3
134,2018-12-01,2017,3
134,2019-01-01,2017,10
134,2019-02-01,2017,3
134,2019-03-01,2016,6
134,2019-04-01,2016,5
134,2019-05-01,2016,4
134,2019-06-01,2016,4
134,2019-07-01,2016,6
134,2019-08-01,2016,6
134,2019-09-01,2016,5
134,2019-10-01,2016,6
134,2019-11-01,2016,4
134,2020-01-01,2016,5
134,2020-02-01,2016,5
134,2020-03-01,2016,6
134,2020-04-01,2016,5
134,2020-05-01,2016,7
134,2020-06-01,2016,5
134,2020-07-01,2016,3
134,2020-08-01,2016,4
134,2020-09-01,2016,2
134,2020-10-01,2016,3
134,2020-11-01,2016,3
134,2020-12-01,2016,3
134,2021-01-01,2016,4
134,2021-02-01,2016,3
134,2021-03-01,2016,3
134,2021-04-01,2016,4
134,2021-05-01,2016,3
134,2021-06-01,2016,6
134,2021-07-01,2016,4
134,2021-08-01,2016,5
134,2021-09-01,2016,5
134,2021-10-01,2016,4
134,2021-11-01,2017,4
134,2021-12-01,2017,3
134,2022-01-01,2017,5
134,2022-02-01,2017,4
134,2022-03-01,2017,5
134,2022-04-01,2017,4
134,2022-05-01,2016,6
134,2022-06-01,2016,6
134,2022-07-01,2016,6
134,2022-08-01,2016,4
134,2022-09-01,2016,4
134,2022-10-01,2016,2
134,2023-01-01,2016,3
134,2023-02-01,2016,4
134,2023-03-01,2016,4
134,2023-04-01,2016,3
134,2023-05-01,2016,3
134,2023-06-01,2017,8
134,2023-07-01,2017,7
134,2023-08-01,2017,2
134,2023-09-01,2017,2
134,2023-12-01,2017,2
134,2024-01-01,2016,2
134,2024-02-01,2016,2
134,2024-03-01,2016,2
134,2024-04-01,2016,2
134,2024-05-01,2016,2
134,2024-06-01,2016,2
134,2024-07-01,2016,2
134,2024-08-01,2016,2
134,2024-09-01,2016,2
134,2024-10-01,2016,2
134,2024-11-01,2016,2
134,2024-12-01,2016,2
134,2025-01-01,2016,2
134,2025-02-01,2016,2
134,2025-03-01,2016,2
134,2025-04-01,2016,2
134,2025-05-01,2016,2
135,2017-10-01,2017,2
135,2017-11-01,2017,2
135,2017-12-01,2017,2
135,2018-01-01,2016,2
135,2018-01-01,2017,10
135,2018-02-01,2017,10
135,2018-03-01,2016,2
135,2018-03-01,2017,10
135,2018-04-01,2016,3
135,2018-04-01,2017,7
135,2018-05-01,2016,3
135,2018-05-01,2017,8
135,2018-06-01,2016,3
135,2018-06-01,2017,8
135,2018-07-01,2017,9
135,2018-08-01,2017,7
135,2018-09-01,2017,8
135,2018-10-01,2017,10
135,2018-11-01,2017,9
135,2018-12-01,2017,10
135,2019-01-01,2017,16
135,2019-02-01,2017,7
135,2019-03-01,2016,5
135,2019-04-01,2016,4
135,2019-05-01,2016,5
135,2019-06-01,2016,6
135,2019-07-01,2016,3
135,2019-08-01,2016,5
135,2019-09-01,2016,3
135,2019-10-01,2016,9
135,2019-11-01,2016,5
135,2019-12-01,2016,4
135,2020-01-01,2016,4
135,2020-02-01,2016,2
135,2020-03-01,2016,3
135,2020-04-01,2016,2
135,2020-05-01,2016,3
135,2020-06-01,2016,4
135,2020-07-01,2016,3
135,2020-08-01,2016,4
135,2020-09-01,2016,8
135,2020-10-01,2016,2
135,2020-11-01,2016,6
135,2020-12-01,2016,6
135,2021-01-01,2016,12
135,2021-02-01,2016,10
135,2021-03-01,2016,8
135,2021-04-01,2016,11
135,2021-05-01,2016,7
135,2021-06-01,2016,4
135,2021-07-01,2016,8
135,2021-08-01,2016,5
135,2021-09-01,2016,6
135,2021-10-01,2016,3
135,2021-11-01,2016,5
135,2021-12-01,2016,9
135,2022-01-01,2016,4
145,2018-01-01,2016,5
145,2018-02-01,2016,9
145,2018-03-01,2016,3
145,2018-04-01,2016,4
145,2018-05-01,2016,8
145,2018-06-01,2016,7
145,2018-07-01,2016,9
145,2018-08-01,2016,6
145,2018-09-01,2016,7
145,2018-10-01,2016,6
145,2018-11-01,2016,7
145,2018-12-01,2016,8
145,2019-01-01,2016,8
145,2019-02-01,2016,10
145,2019-03-01,2016,8
145,2019-04-01,2016,6
145,2019-09-01,2016,2
145,2019-10-01,2016,3
145,2019-11-01,2016,3
145,2019-12-01,2016,2
145,2020-01-01,2016,6
145,2020-02-01,2016,5
145,2020-03-01,2016,4
145,2020-04-01,2016,4
145,2020-05-01,2016,4
145,2020-06-01,2016,4
145,2020-07-01,2016,2
145,2020-08-01,2016,3
145,2020-09-01,2016,2
145,2020-10-01,2017,2
145,2020-11-01,2017,3
145,2020-12-01,2017,3
145,2021-01-01,2017,3
145,2021-02-01,2017,4
145,2021-03-01,2017,3
145,2021-05-01,2016,4
145,2021-06-01,2016,4
145,2021-07-01,2016,4
145,2021-08-01,2016,3
145,2021-09-01,2016,4
145,2021-10-01,2016,5
145,2021-11-01,2017,3
145,2022-02-01,2016,4
145,2022-03-01,2016,4
145,2022-04-01,2016,3
145,2022-05-01,2016,6
145,2022-06-01,2016,5
145,2022-07-01,2016,5
145,2022-08-01,2016,4
145,2022-09-01,2016,7
145,2022-10-01,2016,6
145,2022-11-01,2016,8
145,2022-12-01,2016,4
145,2023-01-01,2016,7
145,2023-02-01,2016,4
145,2023-03-01,2016,7
145,2023-04-01,2016,6
145,2023-05-01,2016,9
145,2023-06-01,2016,5
145,2023-07-01,2016,10
145,2023-08-01,2016,5
145,2023-09-01,2016,6
145,2023-10-01,2016,8
145,2023-11-01,2016,8
145,2023-12-01,2016,6
145,2024-01-01,2016,5
145,2024-02-01,2016,6
145,2024-03-01,2016,6
145,2024-04-01,2016,5
145,2024-05-01,2016,3
145,2024-06-01,2016,3
145,2024-07-01,2017,5
145,2024-08-01,2017,3
145,2024-09-01,2017,6
145,2024-10-01,2017,5
145,2024-11-01,2017,2
145,2024-12-01,2017,2
145,2025-01-01,2017,3
145,2025-02-01,2017,3
145,2025-03-01,2017,7
145,2025-04-01,2017,12
147,2018-01-01,2017,3
147,2018-02-01,2017,4
147,2018-03-01,2017,4
147,2018-04-01,2017,3
147,2018-05-01,2017,5
147,2018-06-01,2017,6
147,2018-07-01,2017,8
147,2018-08-01,2017,7
147,2018-09-01,2017,5
147,2018-10-01,2017,5
147,2018-11-01,2017,7
147,2018-12-01,2017,5
147,2019-01-01,2017,5
147,2019-02-01,2017,5
147,2019-03-01,2017,5
147,2019-04-01,2017,5
147,2019-05-01,2017,4
147,2019-06-01,2017,4
147,2019-07-01,2017,6
147,2019-08-01,2017,6
147,2019-09-01,2017,4
147,2019-10-01,2017,6
147,2019-11-01,2017,5
147,2019-12-01,2017,7
147,2020-01-01,2017,6
147,2020-02-01,2017,6
147,2020-03-01,2017,8
147,2020-04-01,2017,9
147,2020-05-01,2017,8
147,2020-06-01,2017,6
147,2020-07-01,2017,6
147,2020-08-01,2017,5
147,2020-09-01,2017,5
147,2020-10-01,2017,6
147,2020-11-01,2017,8
147,2020-12-01,2017,6
147,2021-01-01,2017,5
147,2021-02-01,2017,6
147,2021-03-01,2017,6
147,2021-04-01,2017,6
147,2021-05-01,2017,3
147,2021-06-01,2017,7
147,2021-07-01,2017,6
147,2021-08-01,2017,8
147,2021-09-01,2017,9
147,2021-10-01,2017,7
147,2021-11-01,2017,6
147,2021-12-01,2017,6
147,2022-01-01,2017,8
147,2022-02-01,2017,8
147,2022-03-01,2017,8
147,2022-04-01,2017,6
147,2022-05-01,2017,5
147,2022-06-01,2017,6
147,2022-07-01,2017,6
147,2022-08-01,2017,4
147,2022-09-01,2017,5
147,2022-10-01,2017,7
147,2022-11-01,2017,8
147,2022-12-01,2017,8
147,2023-01-01,2017,5
147,2023-02-01,2017,5
147,2023-03-01,2017,7
147,2023-04-01,2017,7
147,2023-05-01,2017,9
147,2023-06-01,2017,8
147,2023-07-01,2017,7
147,2023-08-01,2017,6
147,2023-09-01,2017,8
147,2023-10-01,2017,8
147,2023-11-01,2017,9
147,2023-12-01,2017,6
147,2024-01-01,2017,8
147,2024-02-01,2017,9
147,2024-03-01,2017,9
147,2024-04-01,2017,7
147,2024-05-01,2017,5
147,2024-06-01,2017,7
147,2024-07-01,2017,7
147,2024-08-01,2017,6
147,2024-09-01,2017,6
147,2024-10-01,2017,6
147,2024-11-01,2017,5
147,2024-12-01,2017,3
147,2025-01-01,2017,5
147,2025-02-01,2017,4
147,2025-03-01,2017,4
147,2025-04-01,2017,6
147,2025-05-01,2017,4
147,2025-06-01,2017,3
148,2017-08-01,2017,5
148,2017-09-01,2017,4
148,2017-10-01,2017,4
148,2017-11-01,2017,5
148,2017-12-01,2017,3
148,2018-01-01,2017,2
148,2018-02-01,2017,2
148,2018-03-01,2017,2
148,2018-04-01,2017,2
148,2018-05-01,2017,2
148,2018-06-01,2017,2
148,2018-07-01,2017,3
148,2018-08-01,2017,3
148,2018-09-01,2017,3
149,2018-01-01,2016,10
149,2018-01-01,2017,11
149,2018-02-01,2016,9
149,2018-02-01,2017,9
149,2018-03-01,2016,10
149,2018-03-01,2017,11
149,2018-04-01,2016,9
149,2018-04-01,2017,12
149,2018-05-01,2016,8
149,2018-05-01,2017,9
149,2018-06-01,2016,9
149,2018-06-01,2017,11
149,2018-07-01,2016,9
149,2018-07-01,2017,10
149,2018-08-01,2016,11
149,2018-08-01,2017,9
149,2018-09-01,2016,11
149,2018-09-01,2017,11
149,2018-10-01,2016,7
149,2018-10-01,2017,9
149,2018-11-01,2016,8
149,2018-11-01,2017,8
149,2018-12-01,2016,9
149,2018-12-01,2017,4
149,2019-01-01,2016,7
149,2019-02-01,2016,12
149,2019-03-01,2016,13
149,2019-04-01,2016,12
149,2019-05-01,2016,11
149,2019-06-01,2016,11
149,2019-07-01,2016,12
149,2019-08-01,2016,12
149,2019-09-01,2016,13
149,2019-10-01,2016,11
149,2019-11-01,2016,7
149,2019-12-01,2016,12
149,2020-01-01,2016,9
149,2020-02-01,2016,7
149,2020-03-01,2016,8
149,2020-04-01,2016,9
149,2020-05-01,2016,8
149,2020-06-01,2016,9
149,2020-07-01,2016,10
149,2020-08-01,2016,9
149,2020-09-01,2016,9
149,2020-10-01,2016,8
149,2020-11-01,2016,7
149,2020-12-01,2016,5
149,2021-01-01,2016,9
149,2021-02-01,2016,13
149,2021-03-01,2016,14
149,2021-04-01,2016,12
149,2021-05-01,2016,12
149,2021-06-01,2016,14
149,2021-07-01,2016,7
149,2021-08-01,2016,13
149,2021-09-01,2016,13
149,2021-10-01,2016,12
149,2024-01-01,2016,2
149,2024-02-01,2016,2
149,2024-03-01,2016,2
149,2024-04-01,2016,2
149,2024-05-01,2016,2
149,2024-06-01,2016,2
150,2018-01-01,2016,4
150,2018-01-01,2017,4
150,2018-02-01,2016,7
150,2018-02-01,2017,5
150,2018-03-01,2016,5
150,2018-03-01,2017,5
150,2018-04-01,2016,6
150,2018-04-01,2017,3
150,2018-05-01,2016,3
150,2018-05-01,2017,5
150,2018-06-01,2016,8
150,2018-06-01,2017,6
150,2018-07-01,2016,6
150,2018-07-01,2017,5
150,2018-08-01,2016,6
150,2018-08-01,2017,5
150,2018-09-01,2016,7
150,2018-09-01,2017,5
150,2018-10-01,2016,7
150,2018-10-01,2017,6
150,2018-11-01,2016,8
150,2018-11-01,2017,6
150,2018-12-01,2016,7
150,2018-12-01,2017,7
150,2019-01-01,2016,4
150,2019-02-01,2016,3
150,2019-03-01,2016,8
150,2019-04-01,2016,8
150,2019-05-01,2016,9
150,2019-06-01,2016,5
150,2019-07-01,2016,9
150,2019-08-01,2016,4
150,2019-09-01,2016,6
150,2019-10-01,2017,2
150,2019-11-01,2017,2
150,2019-12-01,2017,3
150,2020-01-01,2017,6
150,2020-02-01,2017,3
150,2020-03-01,2017,4
150,2020-04-01,2017,4
150,2020-05-01,2017,7
150,2020-06-01,2017,8
150,2020-07-01,2017,9
150,2020-08-01,2017,8
151,2018-01-01,2016,6
151,2018-01-01,2017,4
151,2018-02-01,2016,4
151,2018-02-01,2017,4
151,2018-03-01,2016,5
151,2018-03-01,2017,4
151,2018-04-01,2016,6
151,2018-04-01,2017,4
151,2018-05-01,2016,7
151,2018-05-01,2017,4
151,2018-06-01,2016,7
151,2018-06-01,2017,4
151,2018-07-01,2016,7
151,2018-07-01,2017,4
151,2018-08-01,2016,4
151,2018-08-01,2017,4
151,2018-09-01,2016,7
151,2018-09-01,2017,4
151,2018-10-01,2016,6
151,2018-10-01,2017,3
151,2018-11-01,2016,7
151,2018-11-01,2017,4
151,2018-12-01,2016,4
151,2018-12-01,2017,4
151,2019-01-01,2016,4
151,2019-02-01,2016,5
151,2019-03-01,2016,5
151,2019-04-01,2016,7
151,2019-05-01,2016,7
151,2019-06-01,2016,7
151,2019-07-01,2017,5
151,2019-08-01,2017,4
151,2019-09-01,2017,6
152,2018-01-01,2016,6
152,2018-01-01,2017,7
152,2018-02-01,2016,4
152,2018-02-01,2017,7
152,2018-03-01,2016,5
152,2018-03-01,2017,10
152,2018-04-01,2016,6
152,2018-04-01,2017,13
152,2018-05-01,2016,6
152,2018-05-01,2017,11
152,2018-06-01,2016,2
152,2018-06-01,2017,12
152,2018-07-01,2016,2
152,2018-07-01,2017,8
152,2018-08-01,2016,3
152,2018-08-01,2017,9
152,2018-09-01,2016,4
152,2018-09-01,2017,9
152,2018-10-01,2016,7
152,2018-10-01,2017,3
152,2018-11-01,2016,4
152,2018-11-01,2017,5
152,2018-12-01,2017,7
152,2019-01-01,2016,3
152,2019-02-01,2016,5
152,2019-03-01,2016,8
152,2019-04-01,2016,3
152,2019-05-01,2016,3
152,2019-06-01,2016,14
152,2019-07-01,2016,7
152,2019-08-01,2016,9
152,2019-09-01,2016,13
152,2019-10-01,2016,10
152,2019-11-01,2016,3
152,2019-12-01,2016,6
152,2020-01-01,2016,3
152,2020-02-01,2016,4
152,2020-03-01,2016,6
152,2020-04-01,2016,3
152,2020-05-01,2016,3
152,2020-06-01,2016,2
152,2020-07-01,2016,3
152,2020-08-01,2016,3
152,2020-09-01,2016,3
152,2020-10-01,2016,2
152,2020-12-01,2016,2
152,2021-01-01,2016,2
152,2021-02-01,2016,4
152,2021-03-01,2016,6
152,2021-04-01,2016,4
152,2021-05-01,2016,5
152,2021-06-01,2016,5
152,2021-07-01,2016,3
152,2021-08-01,2016,2
152,2021-09-01,2016,2
152,2021-10-01,2016,3
152,2021-11-01,2016,3
152,2021-12-01,2016,3
152,2022-01-01,2016,8
152,2022-02-01,2016,4
152,2022-03-01,2016,3
152,2022-04-01,2016,3
152,2022-05-01,2016,7
152,2022-06-01,2016,6
152,2022-07-01,2016,6
152,2022-08-01,2016,7
152,2022-09-01,2016,7
152,2022-10-01,2016,3
152,2022-11-01,2016,3
152,2023-01-01,2016,5
152,2023-02-01,2016,2
152,2023-03-01,2016,3
152,2023-04-01,2016,4
152,2023-05-01,2016,3
152,2023-06-01,2016,3
152,2023-07-01,2016,2
152,2023-08-01,2016,2
152,2023-09-01,2016,2
152,2023-10-01,2016,3
152,2023-11-01,2016,2
152,2023-12-01,2016,2
152,2024-01-01,2016,3
152,2024-02-01,2016,2
152,2024-03-01,2017,2
152,2024-04-01,2017,2
152,2024-05-01,2017,2
152,2024-06-01,2017,2
152,2024-07-01,2017,2
152,2024-08-01,2017,2
152,2024-09-01,2017,2
152,2025-01-01,2017,2
152,2025-02-01,2017,2
152,2025-03-01,2017,2
152,2025-04-01,2017,2
152,2025-05-01,2017,2
153,2018-01-01,2017,13
153,2018-02-01,2017,11
153,2018-03-01,2017,11
153,2018-04-01,2017,15
153,2018-05-01,2017,14
153,2018-06-01,2017,17
153,2018-07-01,2017,17
153,2018-08-01,2017,21
153,2018-09-01,2017,16
153,2018-10-01,2017,16
153,2018-11-01,2017,14
153,2018-12-01,2017,6
153,2019-01-01,2017,9
153,2019-02-01,2017,11
153,2019-03-01,2017,10
153,2019-04-01,2017,7
153,2019-05-01,2017,6
153,2019-06-01,2017,7
154,2018-01-01,2016,7
154,2018-01-01,2017,2
154,2018-02-01,2016,7
154,2018-02-01,2017,2
154,2018-03-01,2016,6
154,2018-03-01,2017,2
154,2018-04-01,2016,5
154,2018-04-01,2017,2
154,2018-05-01,2016,4
154,2018-05-01,2017,4
154,2018-06-01,2016,10
154,2018-06-01,2017,3
154,2018-07-01,2016,7
154,2018-07-01,2017,3
154,2018-08-01,2016,6
154,2018-08-01,2017,4
154,2018-09-01,2016,9
154,2018-09-01,2017,3
154,2018-10-01,2016,10
154,2018-10-01,2017,4
154,2018-11-01,2017,3
154,2018-12-01,2016,6
154,2019-01-01,2016,6
154,2019-02-01,2016,5
154,2019-04-01,2017,2
154,2019-05-01,2017,4
154,2019-06-01,2017,3
154,2019-07-01,2017,5
154,2019-08-01,2017,6
154,2019-09-01,2017,8
154,2019-10-01,2017,6
154,2019-11-01,2017,4
154,2019-12-01,2017,3
154,2020-01-01,2017,5
154,2020-02-01,2017,5
154,2020-03-01,2017,4
154,2020-04-01,2017,4
154,2020-05-01,2017,3
154,2020-06-01,2017,5
154,2020-07-01,2017,6
154,2020-08-01,2017,5
154,2020-09-01,2017,5
154,2020-10-01,2017,7
154,2020-11-01,2017,7
154,2020-12-01,2017,3
154,2021-01-01,2017,5
154,2021-02-01,2017,8
154,2021-03-01,2017,7
154,2021-04-01,2017,6
154,2021-05-01,2017,7
154,2021-06-01,2017,7
154,2021-07-01,2017,9
155,2018-01-01,2016,6
155,2018-02-01,2016,7
155,2018-03-01,2016,9
155,2018-04-01,2016,9
155,2018-05-01,2016,7
155,2018-06-01,2016,6
155,2018-07-01,2016,8
155,2018-08-01,2016,8
155,2018-09-01,2016,9
155,2018-10-01,2016,9
155,2018-11-01,2016,9
155,2018-12-01,2016,9
155,2019-01-01,2016,4
155,2019-02-01,2016,4
155,2019-03-01,2016,4
155,2019-04-01,2016,4
155,2019-05-01,2016,4
155,2019-06-01,2016,4
155,2019-07-01,2016,3
155,2019-08-01,2016,3
157,2018-04-01,2017,5
157,2018-05-01,2017,6
157,2018-06-01,2017,7
157,2018-07-01,2017,8
157,2018-08-01,2017,8
157,2018-09-01,2017,8
157,2018-10-01,2017,7
157,2018-11-01,2017,6
157,2018-12-01,2017,4
157,2019-01-01,2017,9
157,2019-02-01,2017,7
157,2019-03-01,2017,5
157,2019-04-01,2017,9
157,2019-05-01,2017,8
157,2019-06-01,2017,6
157,2019-07-01,2017,9
157,2019-08-01,2017,7
157,2019-09-01,2017,6
157,2019-10-01,2017,6
157,2019-11-01,2017,6
157,2019-12-01,2017,8
157,2020-01-01,2017,5
157,2020-02-01,2017,5
157,2020-03-01,2017,6
157,2020-04-01,2017,5
157,2020-05-01,2017,4
157,2020-06-01,2017,4
157,2020-07-01,2017,9
157,2020-08-01,2017,8
157,2020-09-01,2017,8
157,2020-10-01,2017,8
157,2020-11-01,2017,6
157,2021-01-01,2017,6
157,2021-02-01,2017,9
157,2021-03-01,2017,8
157,2021-04-01,2017,9
157,2021-05-01,2017,7
157,2021-06-01,2017,5
157,2021-07-01,2017,5
157,2021-08-01,2017,6
157,2021-09-01,2017,8
157,2021-10-01,2017,8
157,2021-11-01,2017,8
157,2021-12-01,2017,4
157,2022-01-01,2017,5
157,2022-02-01,2017,5
157,2022-03-01,2017,6
157,2022-04-01,2017,6
157,2022-05-01,2017,7
157,2022-06-01,2017,6
157,2022-07-01,2017,8
157,2022-08-01,2017,7
157,2022-09-01,2017,4
157,2022-10-01,2017,2
157,2022-11-01,2017,6
157,2022-12-01,2017,3
157,2023-01-01,2017,4
157,2023-02-01,2017,4
157,2023-03-01,2017,4
157,2023-04-01,2017,4
157,2023-05-01,2017,4
157,2023-06-01,2017,5
157,2023-07-01,2017,3
157,2023-08-01,2016,4
157,2023-09-01,2016,3
157,2023-10-01,2016,2
157,2023-11-01,2016,3
157,2023-12-01,2016,2
159,2018-04-01,2017,2
159,2018-05-01,2017,4
159,2018-06-01,2017,4
159,2018-07-01,2017,5
159,2018-08-01,2017,8
159,2018-09-01,2017,7
159,2018-10-01,2017,8
159,2018-11-01,2017,8
159,2018-12-01,2017,3
159,2019-01-01,2017,5
159,2019-02-01,2017,4
159,2019-03-01,2017,6
159,2019-04-01,2017,4
159,2019-05-01,2017,4
160,2018-04-01,2017,4
160,2018-05-01,2017,7
160,2018-06-01,2017,7
160,2018-07-01,2016,2
160,2018-07-01,2017,7
160,2018-08-01,2016,2
160,2018-08-01,2017,6
160,2018-09-01,2017,6
160,2018-10-01,2017,8
160,2018-11-01,2016,3
160,2018-11-01,2017,6
160,2018-12-01,2016,2
160,2018-12-01,2017,4
160,2019-01-01,2016,2
160,2019-02-01,2016,2
163,2018-05-01,2136,3
163,2018-06-01,2136,3
163,2018-07-01,2136,3
163,2018-08-01,2136,3
163,2018-09-01,2136,3
163,2018-10-01,2136,3
163,2018-11-01,2136,3
163,2018-12-01,2136,3
163,2019-01-01,2136,3
163,2019-02-01,2136,3
163,2019-03-01,2136,3
163,2019-04-01,2136,3
163,2019-05-01,2017,11
163,2019-06-01,2017,11
163,2019-07-01,2017,10
163,2019-08-01,2017,5
163,2019-09-01,2016,4
163,2019-10-01,2016,4
163,2019-11-01,2016,4
163,2019-12-01,2016,4
164,2018-05-01,2016,2
164,2018-06-01,2016,2
164,2018-07-01,2016,4
164,2018-07-01,2017,5
164,2018-08-01,2016,4
164,2018-08-01,2017,5
164,2018-09-01,2016,4
164,2018-09-01,2017,4
164,2018-10-01,2016,4
164,2018-10-01,2017,5
164,2018-11-01,2016,4
164,2018-11-01,2017,3
164,2018-12-01,2016,2
164,2018-12-01,2017,3
164,2019-01-01,2017,4
164,2019-02-01,2017,3
164,2019-03-01,2017,3
164,2019-04-01,2017,4
164,2019-05-01,2017,7
164,2019-06-01,2017,6
164,2019-07-01,2017,6
164,2019-08-01,2017,6
164,2019-09-01,2017,6
164,2019-10-01,2017,7
164,2019-11-01,2017,10
164,2019-12-01,2017,7
164,2020-01-01,2017,8
164,2020-02-01,2017,8
164,2020-03-01,2017,8
164,2020-04-01,2017,6
164,2020-05-01,2017,4
164,2021-04-01,2017,2
164,2021-05-01,2017,4
164,2021-06-01,2017,3
164,2021-07-01,2017,6
164,2021-08-01,2017,7
164,2021-09-01,2017,7
164,2021-10-01,2017,8
164,2021-11-01,2017,10
164,2021-12-01,2017,7
164,2022-01-01,2017,5
164,2022-02-01,2017,6
164,2022-03-01,2017,6
164,2022-04-01,2017,7
164,2022-05-01,2017,6
164,2022-06-01,2017,6
164,2022-07-01,2017,7
164,2022-08-01,2017,7
164,2023-11-01,2017,3
164,2023-12-01,2017,3
164,2024-01-01,2017,6
164,2024-02-01,2017,6
164,2024-03-01,2017,5
164,2024-04-01,2017,6
164,2024-05-01,2017,6
164,2024-06-01,2017,8
164,2024-07-01,2017,8
164,2024-08-01,2017,5
164,2024-09-01,2017,6
164,2024-10-01,2017,7
164,2024-11-01,2017,6
164,2024-12-01,2017,6
164,2025-01-01,2017,7
164,2025-02-01,2017,8
164,2025-03-01,2017,8
164,2025-04-01,2017,10
164,2025-05-01,2017,8
164,2025-06-01,2017,9
165,2018-07-01,2017,4
165,2018-08-01,2017,6
165,2018-09-01,2017,7
165,2018-10-01,2017,12
165,2018-11-01,2017,10
165,2018-12-01,2017,6
165,2019-01-01,2017,10
165,2019-02-01,2017,15
165,2019-03-01,2017,16
165,2019-04-01,2017,16
165,2019-05-01,2017,12
165,2019-06-01,2017,16
165,2019-07-01,2017,11
165,2019-08-01,2017,10
165,2019-09-01,2017,14
165,2019-10-01,2017,12
165,2019-11-01,2017,15
165,2019-12-01,2017,10
165,2020-01-01,2017,3
165,2020-02-01,2017,3
166,2018-06-01,2017,3
166,2018-07-01,2017,5
166,2018-08-01,2017,4
166,2018-09-01,2017,4
166,2018-10-01,2017,4
166,2018-11-01,2017,4
166,2018-12-01,2017,4
166,2019-01-01,2017,6
166,2019-02-01,2017,4
166,2019-03-01,2017,4
166,2019-04-01,2017,5
166,2019-05-01,2017,4
166,2019-06-01,2017,2
166,2019-07-01,2017,4
166,2019-08-01,2017,4
166,2019-09-01,2017,3
166,2019-10-01,2017,4
166,2019-11-01,2017,4
166,2019-12-01,2017,4
166,2020-01-01,2017,6
166,2020-02-01,2017,7
166,2020-03-01,2017,6
166,2020-04-01,2017,7
166,2020-05-01,2017,7
166,2020-06-01,2017,5
166,2020-07-01,2017,5
166,2020-08-01,2017,4
166,2020-09-01,2017,5
166,2020-10-01,2017,3
166,2020-11-01,2017,2
166,2020-12-01,2017,2
166,2021-01-01,2017,3
166,2021-02-01,2017,6
166,2021-03-01,2017,4
166,2021-04-01,2017,5
166,2021-05-01,2017,6
166,2021-06-01,2017,6
166,2021-07-01,2017,6
166,2021-08-01,2017,4
166,2021-09-01,2017,4
166,2021-10-01,2017,5
166,2021-11-01,2017,4
166,2021-12-01,2017,4
166,2022-01-01,2017,4
166,2022-02-01,2017,5
166,2022-03-01,2017,4
166,2022-04-01,2017,3
166,2022-05-01,2017,3
166,2022-06-01,2017,3
166,2022-07-01,2017,4
166,2022-08-01,2017,2
166,2022-09-01,2017,4
166,2022-10-01,2017,6
166,2022-11-01,2017,4
166,2022-12-01,2017,4
166,2023-01-01,2017,6
166,2023-02-01,2017,4
166,2023-03-01,2017,4
166,2023-04-01,2017,6
166,2023-05-01,2017,5
166,2023-06-01,2017,4
166,2023-07-01,2017,8
166,2023-08-01,2017,5
166,2023-09-01,2017,4
166,2023-10-01,2017,3
166,2023-11-01,2017,3
166,2023-12-01,2017,2
166,2024-01-01,2017,7
166,2024-02-01,2017,7
166,2024-03-01,2017,6
166,2024-04-01,2017,4
166,2024-05-01,2017,3
166,2024-06-01,2017,5
166,2024-07-01,2017,4
166,2024-08-01,2017,3
166,2024-09-01,2017,2
166,2024-10-01,2017,2
166,2024-11-01,2017,2
166,2024-12-01,2017,2
167,2018-06-01,2136,3
167,2018-07-01,2136,3
167,2018-08-01,2136,3
167,2018-09-01,2136,3
167,2018-10-01,2136,3
167,2018-11-01,2136,3
167,2018-12-01,2136,3
167,2019-01-01,2136,3
167,2019-02-01,2136,3
167,2019-03-01,2136,3
167,2019-04-01,2136,3
167,2019-05-01,2136,3
167,2019-06-01,2136,3
167,2019-07-01,2136,3
167,2019-08-01,2136,3
167,2019-09-01,2136,3
167,2019-10-01,2136,3
167,2019-11-01,2136,2
167,2019-12-01,2136,2
168,2018-05-01,2017,2
168,2018-06-01,2017,2
168,2018-07-01,2017,4
168,2018-08-01,2017,4
168,2018-09-01,2017,5
168,2018-10-01,2017,4
168,2018-11-01,2017,4
168,2018-12-01,2017,3
168,2019-01-01,2017,6
168,2019-02-01,2017,6
168,2019-03-01,2017,7
168,2019-04-01,2017,7
168,2019-05-01,2017,7
168,2019-06-01,2017,8
168,2019-07-01,2017,5
168,2019-08-01,2017,6
168,2019-09-01,2017,7
168,2019-10-01,2017,5
168,2019-11-01,2017,8
168,2019-12-01,2017,7
168,2020-01-01,2017,6
168,2020-02-01,2017,5
168,2020-03-01,2017,5
168,2020-04-01,2017,5
168,2020-05-01,2017,9
168,2020-06-01,2017,6
168,2020-07-01,2017,8
168,2020-08-01,2017,8
168,2020-09-01,2017,11
168,2020-10-01,2017,6
168,2020-11-01,2017,7
168,2020-12-01,2017,8
168,2021-01-01,2017,8
168,2021-02-01,2017,7
168,2021-03-01,2017,9
168,2021-04-01,2017,9
168,2021-05-01,2017,6
168,2021-06-01,2017,10
168,2021-07-01,2017,8
168,2021-08-01,2017,7
168,2021-09-01,2017,8
168,2021-10-01,2017,8
168,2021-11-01,2017,10
168,2021-12-01,2017,6
168,2022-01-01,2017,4
168,2022-02-01,2017,4
168,2022-03-01,2017,3
168,2022-04-01,2017,3
169,2018-09-01,2017,5
169,2018-10-01,2017,5
169,2018-11-01,2017,6
169,2018-12-01,2017,6
169,2019-01-01,2017,5
169,2019-02-01,2017,5
169,2019-03-01,2017,5
169,2019-04-01,2017,4
169,2019-05-01,2017,5
169,2019-06-01,2017,3
169,2019-07-01,2017,7
169,2019-08-01,2017,5
169,2019-09-01,2017,4
169,2019-10-01,2017,4
169,2019-11-01,2017,4
169,2019-12-01,2017,4
169,2020-01-01,2017,2
169,2020-02-01,2017,3
169,2020-03-01,2017,4
169,2020-04-01,2017,3
169,2020-05-01,2017,2
169,2020-06-01,2017,3
169,2020-07-01,2017,2
169,2020-08-01,2017,2
169,2020-11-01,2016,4
169,2020-12-01,2016,3
169,2021-01-01,2016,3
169,2021-02-01,2016,6
169,2021-03-01,2016,3
169,2021-04-01,2016,6
169,2021-05-01,2016,2
169,2021-06-01,2017,2
169,2021-07-01,2017,3
169,2021-08-01,2017,3
169,2021-09-01,2017,5
169,2021-10-01,2017,2
169,2021-11-01,2017,3
169,2021-12-01,2016,2
169,2021-12-01,2017,3
169,2022-01-01,2017,4
169,2022-02-01,2016,2
169,2022-02-01,2017,3
169,2022-03-01,2016,2
169,2022-03-01,2017,2
169,2022-04-01,2017,2
169,2022-05-01,2016,2
169,2022-05-01,2017,3
169,2022-06-01,2016,2
169,2022-06-01,2017,5
169,2022-07-01,2017,5
169,2022-08-01,2017,5
169,2022-09-01,2016,3
169,2022-09-01,2017,5
169,2022-10-01,2016,2
169,2022-10-01,2017,3
169,2022-11-01,2017,2
169,2022-12-01,2017,2
169,2023-01-01,2016,2
169,2023-02-01,2017,3
169,2023-03-01,2017,2
169,2023-05-01,2017,2
169,2023-06-01,2017,2
169,2023-07-01,2017,2
169,2023-09-01,2017,2
169,2023-12-01,2017,2
169,2024-01-01,2017,4
169,2024-02-01,2017,3
169,2024-03-01,2017,2
169,2024-04-01,2017,4
169,2024-05-01,2017,2
169,2024-06-01,2017,3
169,2024-07-01,2017,5
169,2024-08-01,2017,4
169,2024-09-01,2017,4
169,2024-10-01,2017,2
169,2024-11-01,2017,4
169,2024-12-01,2017,3
169,2025-01-01,2017,2
169,2025-02-01,2017,2
169,2025-03-01,2017,3
169,2025-04-01,2017,2
169,2025-05-01,2017,3
169,2025-06-01,2017,2
170,2018-09-01,2016,3
170,2018-10-01,2016,3
170,2018-11-01,2016,3
170,2018-12-01,2016,3
170,2019-01-01,2016,5
170,2019-02-01,2016,5
170,2019-03-01,2016,5
170,2019-04-01,2016,5
170,2019-05-01,2016,3
170,2019-06-01,2016,10
170,2019-07-01,2016,8
170,2019-08-01,2016,12
170,2019-09-01,2016,9
170,2019-10-01,2016,13
170,2019-11-01,2016,7
170,2019-12-01,2016,5
170,2020-01-01,2016,8
170,2020-02-01,2016,6
170,2020-03-01,2016,5
170,2020-04-01,2016,4
170,2020-05-01,2016,8
170,2020-06-01,2016,7
170,2020-07-01,2016,8
170,2020-08-01,2016,3
171,2018-11-01,2017,2
171,2018-12-01,2017,2
172,2019-01-01,2016,5
172,2019-02-01,2016,4
172,2019-03-01,2016,9
172,2019-04-01,2016,4
172,2019-05-01,2016,6
172,2019-06-01,2016,2
172,2019-07-01,2016,5
172,2019-08-01,2016,4
173,2019-02-01,2017,3
173,2019-03-01,2017,3
173,2019-07-01,2016,2
173,2019-08-01,2016,2
173,2019-09-01,2016,2
173,2019-10-01,2016,3
173,2019-11-01,2016,3
173,2020-01-01,2016,3
173,2020-01-01,2017,3
173,2020-02-01,2016,3
173,2020-02-01,2017,3
173,2020-03-01,2016,3
173,2020-03-01,2017,3
173,2020-04-01,2016,3
173,2020-04-01,2017,3
173,2020-05-01,2016,3
173,2020-05-01,2017,4
173,2020-06-01,2016,3
173,2020-06-01,2017,4
173,2020-07-01,2016,3
173,2020-07-01,2017,4
173,2020-08-01,2016,2
173,2020-08-01,2017,4
173,2020-09-01,2016,2
173,2020-09-01,2017,3
173,2020-10-01,2016,3
173,2020-10-01,2017,2
173,2020-11-01,2017,2
173,2020-12-01,2016,3
173,2020-12-01,2017,2
173,2021-01-01,2017,2
173,2021-02-01,2017,2
173,2021-03-01,2017,2
173,2021-04-01,2017,2
174,2019-03-01,2017,5
174,2019-04-01,2017,5
174,2019-05-01,2017,8
174,2019-06-01,2017,8
174,2019-07-01,2017,8
174,2019-08-01,2017,8
174,2019-09-01,2017,8
174,2019-10-01,2017,7
174,2019-11-01,2017,5
174,2019-12-01,2017,8
174,2020-01-01,2017,2
174,2020-02-01,2017,2
176,2020-09-01,2017,3
176,2020-10-01,2017,3
176,2020-11-01,2017,3
176,2020-12-01,2017,3
176,2021-01-01,2016,3
176,2021-01-01,2017,2
176,2021-02-01,2016,3
176,2021-02-01,2017,2
176,2021-03-01,2016,3
176,2021-03-01,2017,2
176,2021-04-01,2016,3
176,2021-05-01,2016,3
176,2021-05-01,2017,4
176,2021-06-01,2017,2
176,2021-07-01,2017,2
176,2021-08-01,2017,2
177,2019-03-01,2017,2
177,2019-04-01,2017,3
177,2019-05-01,2017,3
177,2019-06-01,2017,3
177,2019-07-01,2017,3
177,2019-08-01,2017,2
177,2019-09-01,2017,2
177,2020-07-01,2017,7
177,2020-08-01,2017,5
177,2020-09-01,2017,7
177,2020-10-01,2017,9
177,2020-11-01,2017,10
177,2020-12-01,2017,8
177,2021-01-01,2017,7
177,2021-02-01,2017,5
177,2021-03-01,2017,5
177,2021-04-01,2017,6
177,2021-05-01,2017,3
177,2021-06-01,2017,5
178,2019-04-01,2017,7
178,2019-05-01,2017,8
178,2019-06-01,2017,11
178,2019-07-01,2017,9
178,2019-08-01,2017,10
178,2019-09-01,2017,6
178,2019-10-01,2017,11
178,2019-11-01,2017,12
178,2019-12-01,2017,8
178,2020-01-01,2017,14
178,2020-02-01,2017,13
178,2020-03-01,2017,10
178,2020-04-01,2017,12
178,2020-05-01,2017,11
178,2020-06-01,2017,6
178,2020-07-01,2017,6
178,2020-08-01,2017,6
178,2020-09-01,2017,8
178,2020-10-01,2017,11
178,2020-11-01,2017,9
178,2020-12-01,2017,5
178,2021-01-01,2017,5
178,2021-02-01,2017,5
178,2021-03-01,2017,2
179,2019-04-01,2017,2
179,2019-07-01,2017,2
179,2019-08-01,2017,2
179,2019-09-01,2017,2
179,2019-10-01,2016,2
179,2019-11-01,2016,2
179,2019-12-01,2016,2
179,2020-01-01,2016,3
179,2020-01-01,2017,2
179,2020-02-01,2016,2
179,2020-02-01,2017,2
179,2020-03-01,2016,3
179,2020-04-01,2016,4
179,2020-05-01,2016,3
179,2020-06-01,2016,3
179,2020-07-01,2017,3
179,2020-08-01,2016,3
179,2020-09-01,2016,3
179,2020-09-01,2017,2
179,2020-10-01,2016,3
179,2020-11-01,2016,2
179,2020-11-01,2017,2
179,2020-12-01,2016,2
179,2021-01-01,2016,3
179,2021-01-01,2017,2
179,2021-02-01,2016,3
179,2021-03-01,2016,2
179,2021-03-01,2017,2
179,2021-04-01,2016,5
179,2021-04-01,2017,3
179,2021-05-01,2016,3
179,2021-05-01,2017,2
179,2021-06-01,2016,3
179,2021-06-01,2017,2
179,2021-07-01,2016,5
179,2021-07-01,2017,4
179,2021-08-01,2016,4
179,2021-08-01,2017,3
179,2021-09-01,2016,4
179,2021-09-01,2017,3
179,2021-10-01,2016,4
179,2021-10-01,2017,4
179,2021-11-01,2016,4
179,2021-11-01,2017,4
179,2021-12-01,2016,3
179,2021-12-01,2017,2
179,2022-01-01,2016,2
179,2022-02-01,2016,2
179,2022-03-01,2016,2
179,2022-04-01,2016,2
179,2022-05-01,2016,2
179,2022-06-01,2016,2
179,2022-08-01,2016,2
179,2022-09-01,2016,2
179,2022-10-01,2016,3
179,2022-11-01,2016,3
179,2022-12-01,2016,3
179,2023-01-01,2016,3
179,2023-01-01,2017,2
179,2023-02-01,2016,3
179,2023-02-01,2017,2
179,2023-03-01,2016,3
179,2023-03-01,2017,2
179,2023-04-01,2016,3
179,2023-04-01,2017,2
179,2023-05-01,2016,3
179,2023-05-01,2017,3
179,2023-06-01,2016,3
179,2023-06-01,2017,2
179,2023-07-01,2016,3
179,2023-07-01,2017,3
179,2023-08-01,2016,2
179,2023-09-01,2016,2
179,2023-09-01,2017,2
179,2023-10-01,2016,3
179,2023-11-01,2016,3
179,2023-11-01,2017,2
179,2023-12-01,2016,2
179,2023-12-01,2017,3
179,2024-01-01,2016,3
179,2024-02-01,2016,3
179,2024-03-01,2016,2
179,2024-04-01,2016,2
179,2024-05-01,2016,2
179,2024-06-01,2016,2
179,2024-07-01,2017,2
179,2024-08-01,2017,2
179,2024-09-01,2017,2
179,2024-10-01,2017,2
179,2024-11-01,2017,2
179,2024-12-01,2017,2
179,2025-01-01,2017,3
180,2020-01-01,2017,2
180,2020-02-01,2017,2
180,2020-03-01,2017,2
180,2020-04-01,2017,2
180,2020-05-01,2017,2
180,2020-06-01,2017,2
181,2019-05-01,2017,2
181,2019-06-01,2017,2
181,2019-07-01,2017,2
181,2019-08-01,2017,2
181,2019-09-01,2017,2
181,2019-10-01,2017,2
181,2019-11-01,2017,2
181,2019-12-01,2017,2
182,2019-06-01,2017,8
182,2019-07-01,2017,9
182,2019-08-01,2016,2
182,2019-08-01,2017,10
182,2019-09-01,2017,9
182,2019-10-01,2016,3
182,2019-10-01,2017,10
182,2019-11-01,2017,11
182,2019-12-01,2016,2
182,2019-12-01,2017,3
182,2020-01-01,2016,2
182,2020-01-01,2017,10
182,2020-02-01,2016,2
182,2020-02-01,2017,9
182,2020-03-01,2016,2
182,2020-03-01,2017,5
182,2020-04-01,2016,2
182,2020-04-01,2017,4
182,2020-05-01,2016,2
182,2020-05-01,2017,8
182,2020-06-01,2016,3
182,2020-06-01,2017,8
182,2020-07-01,2016,2
182,2020-07-01,2017,8
182,2020-08-01,2016,2
182,2020-08-01,2017,3
182,2020-09-01,2017,2
182,2020-10-01,2017,4
182,2020-11-01,2017,5
182,2020-12-01,2017,2
182,2021-01-01,2017,4
182,2021-02-01,2017,3
182,2021-03-01,2017,3
182,2021-04-01,2017,3
182,2021-05-01,2017,2
182,2021-07-01,2016,2
182,2021-10-01,2016,2
182,2021-11-01,2016,2
182,2022-01-01,2017,6
182,2022-02-01,2017,5
182,2022-03-01,2017,3
182,2022-05-01,2016,2
182,2022-06-01,2016,3
182,2022-07-01,2016,4
182,2022-08-01,2016,4
182,2022-09-01,2016,3
182,2022-10-01,2016,2
182,2022-11-01,2016,2
182,2022-12-01,2016,3
182,2023-01-01,2017,2
182,2023-02-01,2017,3
182,2023-03-01,2017,5
182,2023-04-01,2017,4
182,2023-05-01,2017,2
182,2023-06-01,2016,3
182,2023-07-01,2016,6
182,2023-08-01,2016,6
182,2023-09-01,2016,5
182,2023-10-01,2016,3
182,2023-11-01,2016,2
182,2023-12-01,2016,2
182,2024-01-01,2016,2
182,2024-02-01,2016,4
182,2024-03-01,2016,2
182,2024-07-01,2017,4
182,2024-08-01,2017,5
182,2024-10-01,2017,2
182,2025-02-01,2017,8
182,2025-03-01,2017,9
182,2025-04-01,2017,5
183,2019-07-01,2017,3
183,2019-08-01,2017,3
183,2019-09-01,2017,3
183,2019-10-01,2016,3
183,2019-11-01,2016,2
183,2019-12-01,2016,2
183,2020-03-01,2016,2
183,2020-04-01,2017,2
183,2021-05-01,2017,3
183,2021-08-01,2017,2
183,2021-09-01,2017,3
183,2021-10-01,2017,3
183,2021-12-01,2017,2
183,2022-01-01,2017,2
183,2022-04-01,2017,2
183,2022-06-01,2017,3
183,2022-07-01,2017,2
183,2022-11-01,2016,2
183,2023-01-01,2016,2
183,2023-02-01,2016,2
183,2024-05-01,2016,2
183,2024-06-01,2016,2
183,2024-07-01,2017,2
183,2024-08-01,2017,2
183,2024-09-01,2017,2
183,2024-10-01,2017,2
183,2025-02-01,2017,8
183,2025-03-01,2017,6
183,2025-04-01,2017,12
184,2019-06-01,2017,2
184,2019-07-01,2017,4
184,2019-08-01,2017,3
184,2019-09-01,2017,4
184,2019-10-01,2017,3
184,2019-11-01,2017,2
184,2019-12-01,2017,3
184,2020-01-01,2016,2
184,2020-02-01,2016,2
184,2020-02-01,2017,3
184,2020-03-01,2016,3
184,2020-03-01,2017,3
184,2020-04-01,2016,2
184,2020-06-01,2016,2
184,2020-07-01,2017,3
184,2020-08-01,2016,2
184,2020-09-01,2017,2
184,2020-11-01,2016,2
184,2020-11-01,2017,3
184,2020-12-01,2016,2
184,2021-01-01,2016,2
184,2021-02-01,2016,3
184,2021-03-01,2016,4
184,2021-04-01,2016,2
184,2021-07-01,2016,2
184,2021-08-01,2016,2
184,2021-09-01,2016,3
184,2021-09-01,2017,3
184,2021-10-01,2016,3
184,2021-11-01,2016,2
184,2021-11-01,2017,2
184,2021-12-01,2016,3
184,2021-12-01,2017,3
184,2022-01-01,2016,2
184,2022-02-01,2016,2
184,2022-03-01,2016,2
184,2022-05-01,2016,2
184,2022-06-01,2016,2
184,2022-07-01,2016,4
184,2022-08-01,2016,4
184,2022-09-01,2016,3
184,2022-11-01,2016,4
184,2022-12-01,2016,4
184,2023-01-01,2016,2
184,2023-02-01,2016,2
184,2023-02-01,2017,2
184,2023-03-01,2016,2
184,2023-03-01,2017,2
184,2023-05-01,2016,2
184,2023-05-01,2017,2
184,2023-08-01,2017,2
184,2023-09-01,2017,2
184,2023-10-01,2017,2
184,2023-11-01,2017,3
184,2023-12-01,2017,2
184,2024-01-01,2017,2
184,2024-02-01,2017,2
184,2024-03-01,2017,3
184,2024-04-01,2017,2
184,2024-05-01,2017,2
184,2024-07-01,2016,2
184,2024-07-01,2017,2
184,2024-08-01,2016,2
184,2024-09-01,2016,3
184,2024-10-01,2016,7
184,2024-11-01,2016,2
184,2024-12-01,2016,2
184,2025-02-01,2016,4
184,2025-03-01,2016,7
184,2025-03-01,2017,2
184,2025-04-01,2016,3
184,2025-05-01,2016,4
185,2019-07-01,2016,5
185,2019-08-01,2016,4
185,2019-09-01,2016,4
185,2019-10-01,2016,4
185,2019-11-01,2016,4
185,2019-12-01,2016,3
185,2020-01-01,2016,3
185,2020-02-01,2016,4
185,2020-03-01,2016,2
185,2020-04-01,2016,2
185,2020-05-01,2016,2
185,2020-06-01,2016,2
185,2020-07-01,2016,2
185,2020-09-01,2017,3
185,2020-10-01,2017,3
185,2020-11-01,2017,4
185,2020-12-01,2017,2
185,2021-01-01,2017,3
185,2021-02-01,2017,4
185,2021-03-01,2017,2
185,2021-04-01,2017,4
185,2021-05-01,2017,3
185,2021-06-01,2017,3
185,2021-07-01,2017,6
185,2021-08-01,2017,5
185,2021-09-01,2017,7
185,2021-10-01,2017,5
185,2021-11-01,2017,4
185,2021-12-01,2017,6
185,2022-01-01,2017,2
185,2022-02-01,2017,6
185,2022-03-01,2017,5
185,2022-04-01,2017,4
185,2022-05-01,2017,2
185,2022-06-01,2017,2
185,2022-07-01,2017,3
185,2022-08-01,2017,3
185,2022-09-01,2017,3
185,2022-10-01,2017,5
185,2022-11-01,2017,6
185,2022-12-01,2017,4
185,2023-12-01,2016,3
185,2024-01-01,2017,4
185,2024-02-01,2017,4
185,2024-03-01,2017,4
185,2024-04-01,2017,3
185,2024-05-01,2017,2
185,2024-06-01,2017,2
185,2024-07-01,2017,2
185,2024-08-01,2017,2
185,2024-09-01,2017,3
185,2024-10-01,2017,5
185,2024-11-01,2017,2
185,2024-12-01,2017,4
188,2019-08-01,2017,5
188,2019-09-01,2017,7
188,2019-10-01,2017,9
188,2019-11-01,2017,8
188,2019-12-01,2017,5
188,2020-01-01,2017,4
188,2020-02-01,2017,4
188,2020-03-01,2017,5
188,2020-05-01,2017,2
188,2020-06-01,2017,3
189,2019-09-01,2136,3
189,2019-10-01,2136,3
189,2019-11-01,2136,2
189,2019-12-01,2136,2
190,2019-09-01,2017,4
190,2019-10-01,2017,4
191,2019-10-01,2016,4
191,2019-11-01,2016,4
191,2019-12-01,2016,3
191,2020-01-01,2016,3
191,2020-02-01,2016,3
191,2020-03-01,2016,3
191,2020-04-01,2016,3
191,2020-05-01,2016,3
191,2020-06-01,2016,3
191,2020-07-01,2016,3
191,2020-08-01,2016,4
191,2020-09-01,2016,7
191,2020-10-01,2016,5
191,2020-11-01,2016,7
191,2020-12-01,2016,3
191,2021-01-01,2017,7
191,2021-02-01,2017,7
191,2021-03-01,2017,7
191,2021-04-01,2017,6
191,2021-05-01,2017,6
191,2021-06-01,2017,5
191,2021-07-01,2016,2
191,2021-07-01,2017,4
191,2021-08-01,2016,3
191,2021-08-01,2017,4
191,2021-09-01,2016,3
191,2021-09-01,2017,3
191,2021-10-01,2016,4
191,2021-11-01,2016,4
191,2021-12-01,2016,4
191,2022-01-01,2016,6
191,2022-02-01,2016,6
191,2022-03-01,2016,5
191,2022-04-01,2016,7
191,2022-05-01,2016,7
191,2022-06-01,2016,8
191,2022-07-01,2016,6
191,2022-08-01,2016,6
191,2022-09-01,2016,6
191,2022-10-01,2016,5
191,2023-01-01,2017,4
191,2023-02-01,2017,3
191,2023-03-01,2017,4
191,2023-04-01,2017,4
191,2023-10-01,2016,2
191,2023-11-01,2016,2
191,2023-12-01,2016,2
191,2024-01-01,2016,2
191,2024-02-01,2016,2
191,2024-03-01,2016,2
191,2024-04-01,2016,2
191,2024-05-01,2016,3
191,2024-06-01,2016,3
191,2024-07-01,2016,3
191,2024-08-01,2016,3
191,2024-09-01,2016,3
191,2024-10-01,2016,3
191,2024-11-01,2016,2
191,2024-12-01,2016,2
191,2025-01-01,2016,4
191,2025-02-01,2016,4
191,2025-03-01,2016,4
191,2025-04-01,2016,4
191,2025-05-01,2016,4
191,2025-06-01,2016,2
192,2019-10-01,2016,9
192,2019-11-01,2016,9
192,2019-12-01,2016,6
192,2020-01-01,2016,6
192,2020-02-01,2016,3
192,2020-03-01,2016,9
192,2020-04-01,2016,8
192,2020-05-01,2016,5
192,2020-06-01,2016,6
192,2020-07-01,2016,2
192,2020-07-01,2017,5
192,2020-08-01,2016,2
192,2020-08-01,2017,5
192,2020-09-01,2016,3
192,2020-09-01,2017,5
192,2020-10-01,2016,5
192,2020-10-01,2017,5
192,2020-11-01,2016,6
192,2020-11-01,2017,5
192,2020-12-01,2016,4
192,2020-12-01,2017,5
192,2021-01-01,2016,2
192,2021-01-01,2017,4
192,2021-02-01,2016,3
192,2021-02-01,2017,5
192,2021-03-01,2016,4
192,2021-03-01,2017,5
192,2021-04-01,2016,4
192,2021-04-01,2017,7
192,2021-05-01,2016,3
192,2021-05-01,2017,5
192,2021-06-01,2016,4
192,2021-06-01,2017,4
192,2021-07-01,2016,4
192,2021-07-01,2017,5
192,2021-08-01,2016,3
192,2021-08-01,2017,5
192,2021-09-01,2016,4
192,2021-09-01,2017,5
192,2021-10-01,2016,3
192,2021-11-01,2016,2
192,2021-12-01,2016,2
192,2022-01-01,2016,3
192,2022-02-01,2016,4
193,2019-10-01,2017,11
193,2019-11-01,2017,12
193,2019-12-01,2017,12
193,2020-01-01,2017,7
193,2020-02-01,2017,6
193,2020-03-01,2017,9
193,2020-04-01,2017,8
193,2020-05-01,2017,7
193,2020-06-01,2017,7
193,2020-07-01,2017,8
193,2020-08-01,2017,9
193,2020-09-01,2016,3
193,2020-09-01,2017,6
193,2020-10-01,2016,3
193,2020-10-01,2017,5
193,2020-11-01,2016,4
193,2020-12-01,2016,5
193,2020-12-01,2017,3
193,2021-01-01,2016,6
193,2021-01-01,2017,2
193,2021-02-01,2016,6
193,2021-02-01,2017,2
193,2021-03-01,2016,6
193,2021-03-01,2017,2
193,2021-04-01,2017,3
193,2021-05-01,2017,8
193,2021-06-01,2017,8
193,2021-07-01,2017,4
193,2021-08-01,2017,9
193,2021-09-01,2017,10
193,2021-10-01,2017,10
193,2021-11-01,2017,8
193,2021-12-01,2017,5
193,2022-01-01,2016,4
193,2022-02-01,2016,4
193,2022-03-01,2016,4
193,2022-04-01,2016,3
193,2022-04-01,2017,4
193,2022-05-01,2016,3
193,2022-05-01,2017,3
193,2022-06-01,2016,4
193,2022-06-01,2017,2
193,2022-07-01,2016,3
193,2022-07-01,2017,3
193,2022-08-01,2016,4
193,2022-08-01,2017,4
193,2022-09-01,2016,5
193,2022-09-01,2017,4
193,2022-10-01,2016,5
193,2022-10-01,2017,2
193,2022-11-01,2016,5
193,2022-12-01,2016,3
193,2023-01-01,2016,7
193,2023-01-01,2017,5
193,2023-02-01,2016,7
193,2023-02-01,2017,5
193,2023-03-01,2016,6
193,2023-03-01,2017,5
193,2023-04-01,2016,6
193,2023-04-01,2017,5
193,2023-05-01,2016,7
193,2023-05-01,2017,5
193,2023-06-01,2016,7
193,2023-06-01,2017,5
193,2023-07-01,2016,6
193,2023-08-01,2016,6
193,2023-09-01,2016,5
193,2023-10-01,2016,5
193,2023-11-01,2016,4
193,2023-12-01,2016,3
193,2024-01-01,2016,11
193,2024-02-01,2016,11
193,2024-03-01,2016,9
193,2024-04-01,2016,8
193,2024-05-01,2016,11
193,2024-06-01,2016,12
193,2024-06-01,2017,2
193,2024-07-01,2016,4
193,2024-08-01,2016,4
193,2024-09-01,2016,4
193,2024-10-01,2016,4
193,2024-11-01,2016,4
193,2024-11-01,2017,2
193,2024-12-01,2016,3
193,2024-12-01,2017,2
193,2025-01-01,2016,4
193,2025-01-01,2017,3
193,2025-02-01,2016,3
193,2025-02-01,2017,4
193,2025-03-01,2016,2
193,2025-03-01,2017,4
193,2025-04-01,2016,5
193,2025-04-01,2017,3
193,2025-05-01,2016,3
193,2025-05-01,2017,2
195,2019-10-01,2017,3
195,2019-11-01,2017,3
197,2020-06-01,2017,3
197,2020-07-01,2017,3
198,2019-12-01,2017,2
198,2020-01-01,2017,3
198,2020-02-01,2017,3
198,2020-03-01,2017,3
198,2020-04-01,2017,2
198,2020-05-01,2017,2
198,2020-06-01,2017,2
198,2020-07-01,2017,2
198,2020-08-01,2017,2
198,2020-09-01,2017,2
198,2020-10-01,2017,2
198,2020-11-01,2017,4
198,2020-12-01,2017,2
198,2021-01-01,2017,3
198,2021-02-01,2017,5
198,2021-03-01,2017,3
198,2021-04-01,2017,3
198,2021-05-01,2017,3
198,2021-06-01,2017,3
198,2021-07-01,2017,2
198,2021-08-01,2017,3
198,2021-09-01,2017,3
198,2021-10-01,2016,2
198,2021-11-01,2016,2
198,2022-01-01,2016,3
198,2022-02-01,2016,3
198,2022-03-01,2016,2
198,2022-04-01,2016,2
198,2022-05-01,2016,2
198,2022-06-01,2016,3
198,2022-07-01,2016,2
198,2022-08-01,2016,3
198,2022-09-01,2016,3
198,2022-10-01,2016,2
198,2022-12-01,2016,2
198,2023-01-01,2016,3
198,2023-02-01,2016,3
198,2023-03-01,2016,3
198,2023-04-01,2016,3
198,2023-05-01,2016,3
198,2023-11-01,2016,2
198,2024-01-01,2017,3
198,2024-02-01,2017,3
198,2024-03-01,2017,5
198,2024-04-01,2017,3
198,2024-05-01,2017,2
198,2024-06-01,2017,6
198,2024-07-01,2017,6
198,2024-08-01,2017,6
198,2024-09-01,2017,7
198,2024-10-01,2017,6
198,2024-11-01,2017,5
198,2024-12-01,2017,3
199,2020-02-01,2017,2
199,2020-03-01,2017,3
199,2020-10-01,2017,2
199,2020-12-01,2017,2
199,2021-02-01,2017,2
200,2020-01-01,2017,6
200,2020-02-01,2017,6
200,2020-03-01,2017,2
203,2020-02-01,2017,10
203,2020-03-01,2017,6
203,2020-04-01,2017,10
203,2020-05-01,2017,7
203,2020-06-01,2017,8
203,2020-07-01,2017,6
203,2020-08-01,2017,3
203,2020-09-01,2017,6
203,2020-10-01,2017,9
203,2020-11-01,2017,9
203,2020-12-01,2017,8
203,2021-01-01,2017,6
203,2021-02-01,2017,7
203,2021-03-01,2017,7
203,2021-04-01,2017,7
203,2021-05-01,2017,9
203,2021-06-01,2017,8
203,2021-07-01,2017,7
203,2021-08-01,2017,5
203,2021-09-01,2017,7
203,2021-10-01,2017,7
203,2021-11-01,2017,8
203,2021-12-01,2017,9
203,2022-01-01,2017,3
203,2022-02-01,2017,3
203,2022-03-01,2017,3
203,2022-04-01,2017,3
203,2022-05-01,2017,3
203,2022-06-01,2017,3
203,2022-07-01,2017,3
203,2022-08-01,2017,3
203,2022-09-01,2017,5
203,2022-10-01,2017,3
203,2022-11-01,2017,4
203,2022-12-01,2017,4
203,2023-01-01,2017,8
203,2023-02-01,2017,9
203,2023-03-01,2017,11
203,2023-04-01,2017,6
203,2023-05-01,2017,7
203,2023-06-01,2017,7
203,2023-07-01,2017,8
203,2023-08-01,2017,6
203,2023-09-01,2017,8
203,2023-10-01,2017,3
203,2023-11-01,2017,4
203,2023-12-01,2017,5
203,2024-01-01,2017,2
204,2020-03-01,2017,3
204,2020-04-01,2017,2
204,2020-05-01,2017,2
204,2020-06-01,2017,2
204,2020-07-01,2017,2
204,2020-08-01,2017,2
204,2020-09-01,2017,2
204,2020-10-01,2017,5
204,2020-11-01,2017,3
204,2020-12-01,2017,3
204,2021-02-01,2017,2
204,2021-03-01,2017,3
204,2021-04-01,2017,3
204,2021-05-01,2017,3
204,2021-06-01,2017,3
204,2021-07-01,2017,3
204,2021-08-01,2017,2
204,2021-09-01,2017,3
204,2021-10-01,2017,3
204,2021-11-01,2017,4
204,2021-12-01,2017,3
204,2022-01-01,2017,2
204,2022-02-01,2017,2
204,2022-03-01,2017,2
204,2022-04-01,2017,3
204,2022-05-01,2017,2
204,2022-06-01,2017,2
204,2022-08-01,2017,4
204,2022-09-01,2017,3
204,2022-10-01,2017,2
204,2022-11-01,2017,2
204,2022-12-01,2017,2
204,2023-01-01,2017,2
204,2023-02-01,2017,3
204,2023-03-01,2017,3
204,2023-04-01,2017,2
204,2023-05-01,2017,4
204,2023-06-01,2017,4
204,2023-07-01,2017,3
204,2023-08-01,2017,3
204,2023-09-01,2017,4
204,2023-10-01,2017,2
204,2023-11-01,2017,3
204,2023-12-01,2017,3
204,2024-01-01,2017,4
204,2024-02-01,2017,4
204,2024-03-01,2017,5
204,2024-04-01,2017,3
204,2024-05-01,2017,3
204,2024-06-01,2017,4
204,2024-07-01,2017,3
204,2024-08-01,2017,3
204,2024-09-01,2017,3
204,2024-10-01,2017,4
204,2024-11-01,2017,3
205,2020-02-01,2017,4
205,2020-03-01,2017,4
205,2020-04-01,2017,4
206,2020-03-01,2016,5
206,2020-03-01,2017,6
206,2020-04-01,2016,5
206,2020-04-01,2017,6
206,2020-05-01,2016,5
206,2020-05-01,2017,5
206,2020-06-01,2016,5
206,2020-06-01,2017,5
206,2020-07-01,2016,5
206,2020-07-01,2017,6
206,2020-08-01,2016,5
206,2020-08-01,2017,6
206,2020-09-01,2016,5
206,2020-09-01,2017,6
206,2020-10-01,2016,5
206,2020-10-01,2017,6
206,2020-11-01,2016,5
206,2020-11-01,2017,6
206,2020-12-01,2016,4
206,2021-01-01,2016,5
206,2021-01-01,2017,6
206,2021-02-01,2016,5
206,2021-02-01,2017,6
206,2021-03-01,2016,5
206,2021-03-01,2017,4
206,2021-04-01,2016,4
206,2021-04-01,2017,6
206,2021-06-01,2016,4
206,2021-06-01,2017,6
206,2021-07-01,2016,6
206,2021-07-01,2017,6
206,2021-08-01,2016,6
206,2021-08-01,2017,6
206,2021-09-01,2016,6
206,2021-09-01,2017,6
206,2021-10-01,2016,5
206,2021-10-01,2017,6
206,2021-11-01,2016,5
206,2021-11-01,2017,6
206,2021-12-01,2016,4
206,2021-12-01,2017,4
206,2022-01-01,2016,5
206,2022-01-01,2017,5
206,2022-02-01,2016,5
206,2022-02-01,2017,6
206,2022-03-01,2016,5
206,2022-03-01,2017,6
206,2022-04-01,2016,5
206,2022-04-01,2017,5
206,2022-05-01,2016,5
206,2022-05-01,2017,6
206,2022-06-01,2016,5
206,2022-06-01,2017,6
206,2022-07-01,2016,5
206,2022-07-01,2017,6
206,2022-08-01,2016,5
206,2022-08-01,2017,6
206,2022-09-01,2016,6
206,2022-09-01,2017,6
206,2022-10-01,2016,4
206,2022-10-01,2017,4
206,2022-11-01,2016,2
206,2022-11-01,2017,2
206,2022-12-01,2016,3
206,2023-01-01,2016,3
206,2023-01-01,2017,3
206,2023-02-01,2016,4
206,2023-02-01,2017,4
206,2023-03-01,2016,2
206,2023-03-01,2017,4
206,2023-04-01,2017,5
206,2023-05-01,2016,4
206,2023-05-01,2017,4
206,2023-06-01,2016,2
206,2023-06-01,2017,4
206,2023-07-01,2016,2
206,2023-07-01,2017,4
206,2023-08-01,2016,2
206,2023-08-01,2017,4
206,2023-09-01,2017,5
206,2023-10-01,2016,2
206,2023-10-01,2017,4
206,2023-11-01,2016,3
206,2023-11-01,2017,4
206,2023-12-01,2016,2
206,2023-12-01,2017,4
206,2024-01-01,2016,3
206,2024-01-01,2017,5
206,2024-02-01,2016,3
206,2024-02-01,2017,6
206,2024-03-01,2016,3
206,2024-03-01,2017,5
206,2024-04-01,2016,3
206,2024-04-01,2017,4
206,2024-05-01,2016,3
206,2024-05-01,2017,5
206,2024-06-01,2016,3
206,2024-06-01,2017,5
206,2024-07-01,2016,3
206,2024-07-01,2017,5
206,2024-08-01,2016,3
206,2024-08-01,2017,4
206,2024-09-01,2016,3
206,2024-09-01,2017,5
206,2024-10-01,2016,3
206,2024-10-01,2017,5
206,2024-11-01,2016,3
206,2024-11-01,2017,5
206,2024-12-01,2017,5
206,2025-01-01,2016,3
206,2025-01-01,2017,7
206,2025-02-01,2016,3
206,2025-02-01,2017,5
206,2025-03-01,2016,4
206,2025-03-01,2017,6
206,2025-04-01,2016,4
206,2025-04-01,2017,5
206,2025-05-01,2016,4
206,2025-05-01,2017,3
206,2025-06-01,2016,4
206,2025-06-01,2017,6
207,2020-02-01,2017,2
207,2020-03-01,2017,2
207,2020-04-01,2017,2
207,2020-05-01,2017,2
207,2020-06-01,2017,2
207,2020-07-01,2017,2
207,2020-08-01,2017,2
207,2020-09-01,2017,2
207,2020-10-01,2017,2
207,2020-11-01,2017,2
207,2020-12-01,2017,2
207,2021-05-01,2017,2
207,2021-06-01,2017,2
210,2021-07-01,2016,2
210,2021-11-01,2016,2
212,2020-08-01,2017,5
212,2020-09-01,2017,7
212,2020-10-01,2017,5
212,2020-11-01,2017,6
212,2020-12-01,2017,7
212,2021-01-01,2017,11
212,2021-02-01,2017,10
212,2021-03-01,2017,10
212,2021-04-01,2017,10
212,2021-05-01,2017,8
212,2021-06-01,2017,7
212,2021-07-01,2017,10
212,2021-08-01,2017,10
212,2021-09-01,2017,10
212,2021-10-01,2017,10
212,2021-11-01,2017,10
212,2021-12-01,2017,6
212,2022-01-01,2017,8
212,2022-02-01,2017,8
212,2022-03-01,2017,7
212,2022-04-01,2017,6
212,2022-05-01,2017,7
212,2022-06-01,2017,6
212,2022-07-01,2017,4
213,2020-08-01,2017,6
213,2020-09-01,2017,6
213,2020-10-01,2017,6
213,2020-11-01,2017,6
213,2020-12-01,2017,6
213,2021-01-01,2017,4
213,2021-02-01,2017,4
213,2021-03-01,2017,4
213,2021-04-01,2017,6
213,2021-05-01,2017,7
213,2021-06-01,2017,4
213,2021-07-01,2017,5
213,2021-08-01,2017,7
213,2021-09-01,2017,9
213,2022-04-01,2016,2
213,2022-05-01,2016,3
213,2022-06-01,2016,3
213,2022-07-01,2016,3
213,2022-08-01,2016,3
213,2022-09-01,2016,3
213,2022-10-01,2016,3
213,2022-11-01,2016,4
213,2023-01-01,2017,4
213,2023-02-01,2017,3
213,2023-03-01,2016,3
213,2023-03-01,2017,2
213,2023-04-01,2016,3
213,2023-04-01,2017,2
213,2023-05-01,2016,3
213,2023-05-01,2017,2
213,2023-06-01,2016,3
213,2023-06-01,2017,4
213,2023-07-01,2016,3
213,2023-07-01,2017,2
213,2023-08-01,2016,3
213,2023-08-01,2017,3
213,2023-09-01,2016,2
213,2023-09-01,2017,3
213,2023-10-01,2016,3
213,2023-10-01,2017,2
213,2023-11-01,2016,3
213,2023-11-01,2017,3
213,2023-12-01,2016,3
213,2023-12-01,2017,3
213,2024-01-01,2016,2
213,2024-01-01,2017,3
213,2024-02-01,2016,2
213,2024-02-01,2017,2
213,2024-03-01,2016,2
213,2024-03-01,2017,4
213,2024-04-01,2016,2
213,2024-04-01,2017,4
213,2024-05-01,2016,2
213,2024-05-01,2017,4
213,2024-06-01,2016,2
213,2024-06-01,2017,4
213,2024-07-01,2016,2
213,2024-07-01,2017,4
213,2024-08-01,2016,2
213,2024-08-01,2017,3
213,2024-09-01,2016,2
213,2024-09-01,2017,4
213,2024-10-01,2017,3
213,2024-11-01,2016,2
213,2024-11-01,2017,4
213,2024-12-01,2016,2
213,2024-12-01,2017,3
213,2025-01-01,2017,3
213,2025-02-01,2016,2
213,2025-02-01,2017,3
213,2025-03-01,2016,2
213,2025-03-01,2017,3
213,2025-04-01,2016,2
213,2025-04-01,2017,3
213,2025-05-01,2016,2
213,2025-05-01,2017,3
214,2020-09-01,2017,3
214,2020-10-01,2017,3
214,2020-11-01,2017,3
214,2020-12-01,2017,3
214,2021-01-01,2017,3
214,2021-02-01,2017,3
215,2020-10-01,2016,6
215,2020-11-01,2016,6
215,2020-12-01,2016,5
215,2021-01-01,2016,6
215,2021-02-01,2016,6
215,2021-03-01,2016,4
215,2021-04-01,2017,5
215,2021-05-01,2017,4
215,2021-06-01,2017,6
215,2021-07-01,2017,6
215,2021-09-01,2017,5
215,2021-10-01,2016,3
215,2021-11-01,2016,3
215,2021-12-01,2016,2
215,2022-01-01,2016,3
215,2022-02-01,2016,3
215,2022-04-01,2017,3
215,2022-05-01,2017,2
215,2022-06-01,2016,2
215,2022-06-01,2017,2
215,2022-07-01,2016,2
215,2022-07-01,2017,2
215,2022-08-01,2016,2
215,2022-08-01,2017,2
215,2022-09-01,2016,2
215,2022-09-01,2017,2
215,2022-10-01,2016,2
215,2022-11-01,2017,3
215,2023-01-01,2017,5
215,2023-02-01,2017,4
215,2023-03-01,2017,5
215,2023-04-01,2017,2
215,2023-05-01,2017,6
215,2023-06-01,2017,4
215,2023-07-01,2017,5
216,2020-10-01,2017,2
216,2020-11-01,2017,2
216,2020-12-01,2017,2
216,2021-01-01,2017,3
216,2021-02-01,2017,3
216,2021-03-01,2017,2
216,2021-04-01,2017,2
216,2021-07-01,2017,2
216,2021-09-01,2017,3
216,2021-10-01,2016,3
216,2021-10-01,2017,2
216,2021-11-01,2016,2
216,2021-12-01,2016,2
216,2021-12-01,2017,2
216,2022-01-01,2016,2
216,2022-02-01,2016,3
216,2022-02-01,2017,2
216,2022-03-01,2016,3
216,2022-04-01,2016,3
216,2022-05-01,2016,4
216,2022-06-01,2016,5
216,2022-07-01,2016,5
216,2022-08-01,2016,4
216,2022-09-01,2016,3
216,2022-09-01,2017,2
216,2022-10-01,2016,5
216,2022-10-01,2017,2
216,2022-11-01,2016,4
216,2022-11-01,2017,2
216,2022-12-01,2016,5
216,2023-01-01,2016,3
216,2023-02-01,2016,3
216,2023-02-01,2017,2
216,2023-03-01,2016,3
216,2023-03-01,2017,2
216,2023-04-01,2016,3
216,2023-04-01,2017,3
216,2023-05-01,2016,3
216,2023-05-01,2017,3
216,2023-06-01,2016,4
216,2023-06-01,2017,2
216,2023-07-01,2016,3
216,2023-07-01,2017,2
216,2023-08-01,2016,4
216,2023-08-01,2017,2
216,2023-09-01,2016,2
216,2023-09-01,2017,2
216,2023-10-01,2016,2
216,2023-10-01,2017,2
217,2020-11-01,2016,2
217,2020-12-01,2016,2
217,2021-02-01,2016,3
217,2021-02-01,2017,2
217,2021-03-01,2016,6
217,2021-04-01,2016,6
217,2021-04-01,2017,2
217,2021-05-01,2016,6
217,2021-05-01,2017,2
217,2021-06-01,2016,8
217,2021-07-01,2016,2
217,2021-08-01,2016,8
217,2021-09-01,2016,6
217,2021-10-01,2016,4
217,2021-10-01,2017,2
217,2021-11-01,2016,2
217,2021-11-01,2017,3
217,2021-12-01,2016,3
217,2022-01-01,2016,3
217,2022-02-01,2016,3
217,2022-03-01,2016,3
217,2022-04-01,2016,3
217,2022-05-01,2016,2
217,2022-06-01,2016,2
218,2020-11-01,2017,2
218,2020-12-01,2017,2
218,2021-02-01,2017,4
218,2021-03-01,2017,4
218,2021-05-01,2017,3
218,2021-06-01,2017,6
218,2021-07-01,2017,6
218,2021-08-01,2017,6
218,2021-09-01,2017,3
218,2021-10-01,2017,3
218,2021-11-01,2017,4
218,2021-12-01,2017,3
218,2022-01-01,2017,4
218,2022-02-01,2017,5
218,2022-03-01,2017,5
218,2022-04-01,2017,4
218,2022-05-01,2017,2
218,2022-06-01,2017,4
218,2022-07-01,2017,3
218,2022-08-01,2017,3
218,2022-09-01,2017,2
218,2022-10-01,2017,3
219,2021-04-01,2016,6
219,2021-05-01,2016,6
219,2021-06-01,2016,6
219,2021-07-01,2016,7
219,2021-08-01,2016,6
219,2021-09-01,2016,6
219,2021-10-01,2016,6
219,2021-11-01,2016,6
219,2021-12-01,2016,5
219,2022-01-01,2016,7
219,2022-02-01,2016,6
219,2022-03-01,2016,6
219,2022-04-01,2016,8
219,2022-05-01,2016,8
219,2022-06-01,2016,8
219,2022-07-01,2016,8
219,2022-08-01,2016,8
219,2022-09-01,2016,8
219,2022-10-01,2016,6
219,2022-11-01,2016,6
219,2022-12-01,2016,6
219,2023-01-01,2016,12
219,2023-02-01,2016,12
219,2023-03-01,2016,13
219,2023-04-01,2016,13
219,2023-05-01,2016,9
219,2023-06-01,2016,12
219,2023-07-01,2016,12
219,2023-08-01,2016,12
219,2023-09-01,2016,5
220,2021-04-01,2016,2
220,2021-05-01,2016,2
220,2021-06-01,2016,2
220,2021-07-01,2016,2
220,2021-08-01,2016,2
220,2021-09-01,2016,2
220,2021-11-01,2016,2
220,2022-01-01,2016,5
220,2022-02-01,2016,7
220,2022-03-01,2016,6
220,2022-04-01,2016,6
220,2022-05-01,2016,4
220,2022-06-01,2016,5
220,2022-07-01,2016,4
220,2022-08-01,2016,3
220,2022-09-01,2016,5
220,2022-10-01,2016,5
220,2022-11-01,2016,4
220,2022-12-01,2016,5
220,2023-01-01,2016,4
220,2023-02-01,2016,6
220,2023-03-01,2016,7
220,2023-04-01,2016,6
220,2023-05-01,2016,6
220,2023-06-01,2016,6
220,2023-07-01,2016,7
220,2023-08-01,2016,5
220,2023-09-01,2016,6
220,2023-10-01,2016,4
220,2023-11-01,2016,5
220,2023-12-01,2016,4
220,2024-01-01,2016,2
220,2024-02-01,2016,3
220,2024-05-01,2017,2
220,2024-09-01,2017,2
221,2021-02-01,2016,2
221,2021-02-01,2017,2
221,2021-03-01,2016,2
221,2021-03-01,2017,2
221,2021-04-01,2016,2
221,2021-04-01,2017,2
221,2021-05-01,2016,3
221,2021-05-01,2017,3
221,2021-06-01,2016,3
221,2021-06-01,2017,3
221,2021-07-01,2016,3
221,2021-07-01,2017,3
221,2021-08-01,2016,3
221,2021-08-01,2017,4
221,2021-09-01,2016,3
221,2021-09-01,2017,2
221,2021-10-01,2016,2
221,2021-10-01,2017,3
221,2021-11-01,2016,3
221,2022-01-01,2016,3
221,2022-01-01,2017,2
221,2022-02-01,2016,4
221,2022-02-01,2017,2
221,2022-03-01,2016,4
221,2022-04-01,2016,3
221,2022-04-01,2017,2
221,2022-05-01,2016,3
221,2022-05-01,2017,2
221,2022-06-01,2016,4
221,2022-06-01,2017,2
221,2022-07-01,2016,4
221,2022-08-01,2016,3
221,2022-09-01,2016,3
221,2022-09-01,2017,2
221,2022-10-01,2016,4
221,2022-10-01,2017,2
221,2022-11-01,2017,2
221,2022-12-01,2016,4
221,2022-12-01,2017,2
222,2021-02-01,2016,3
222,2021-03-01,2016,5
222,2021-04-01,2016,5
222,2021-05-01,2016,5
222,2021-06-01,2016,6
222,2021-07-01,2016,4
222,2021-08-01,2016,3
222,2021-09-01,2016,4
222,2021-10-01,2016,5
222,2021-11-01,2016,4
222,2021-12-01,2016,3
222,2022-01-01,2016,2
222,2022-02-01,2016,2
222,2022-03-01,2016,3
222,2022-04-01,2016,2
222,2022-05-01,2016,3
224,2021-02-01,2016,2
224,2021-05-01,2016,3
224,2021-06-01,2016,2
224,2021-07-01,2016,2
224,2021-08-01,2016,4
224,2021-09-01,2016,4
224,2021-10-01,2016,2
224,2021-11-01,2016,3
224,2021-12-01,2016,3
224,2022-01-01,2016,3
224,2022-02-01,2016,2
224,2022-03-01,2016,5
224,2022-04-01,2016,2
224,2022-05-01,2016,2
224,2022-06-01,2016,4
224,2022-07-01,2016,3
224,2022-08-01,2016,2
224,2022-09-01,2016,2
224,2022-10-01,2016,2
224,2022-11-01,2016,3
224,2022-12-01,2016,4
224,2023-01-01,2016,4
224,2023-02-01,2016,4
224,2023-03-01,2016,4
224,2023-04-01,2016,3
224,2023-05-01,2016,4
224,2023-06-01,2016,3
224,2023-07-01,2016,4
224,2023-08-01,2016,3
224,2023-09-01,2016,5
224,2023-10-01,2016,4
224,2023-11-01,2016,4
224,2023-12-01,2016,3
224,2024-01-01,2016,4
224,2024-02-01,2016,5
224,2024-03-01,2016,4
224,2024-04-01,2016,4
224,2024-05-01,2016,3
224,2024-06-01,2016,2
224,2024-07-01,2017,4
224,2024-08-01,2017,4
224,2024-09-01,2017,6
224,2024-12-01,2017,2
224,2025-01-01,2017,6
224,2025-02-01,2017,10
224,2025-03-01,2017,10
224,2025-04-01,2017,8
225,2021-02-01,2017,5
225,2021-03-01,2016,3
225,2021-03-01,2017,5
225,2021-04-01,2016,3
225,2021-04-01,2017,5
225,2021-05-01,2016,3
225,2021-05-01,2017,5
225,2021-06-01,2016,3
225,2021-06-01,2017,5
225,2021-07-01,2016,3
225,2021-07-01,2017,5
225,2021-08-01,2016,3
225,2021-08-01,2017,5
225,2021-09-01,2016,3
225,2021-09-01,2017,5
225,2021-10-01,2016,2
225,2021-10-01,2017,4
225,2021-11-01,2016,2
225,2021-11-01,2017,4
225,2021-12-01,2016,2
225,2021-12-01,2017,6
225,2022-07-01,2016,2
225,2022-07-01,2017,2
225,2022-08-01,2016,3
225,2022-09-01,2016,3
225,2022-10-01,2016,3
225,2022-11-01,2016,3
225,2022-12-01,2016,2
225,2023-01-01,2016,4
225,2023-02-01,2016,4
225,2023-03-01,2016,4
225,2023-04-01,2016,4
225,2023-04-01,2017,2
225,2023-05-01,2016,4
225,2023-05-01,2017,2
225,2023-06-01,2016,4
225,2023-06-01,2017,2
225,2023-07-01,2016,6
225,2023-07-01,2017,3
225,2023-08-01,2016,7
225,2023-08-01,2017,2
225,2023-09-01,2016,7
225,2023-10-01,2016,8
225,2023-10-01,2017,2
225,2023-11-01,2016,5
225,2023-11-01,2017,2
225,2023-12-01,2016,7
225,2023-12-01,2017,2
225,2024-01-01,2016,5
225,2024-02-01,2016,5
225,2024-03-01,2016,4
225,2024-04-01,2016,5
225,2024-05-01,2017,2
225,2024-07-01,2017,4
225,2024-08-01,2017,5
225,2024-09-01,2017,2
225,2024-10-01,2017,2
225,2025-01-01,2017,2
225,2025-02-01,2017,2
225,2025-03-01,2017,2
225,2025-04-01,2017,2
227,2021-04-01,2017,2
227,2021-05-01,2017,2
227,2021-06-01,2017,2
227,2021-07-01,2017,2
227,2021-08-01,2017,2
227,2021-09-01,2017,2
227,2021-10-01,2017,2
227,2021-11-01,2017,2
227,2021-12-01,2017,2
227,2022-02-01,2017,2
227,2022-03-01,2017,2
227,2022-04-01,2017,2
227,2022-05-01,2017,2
227,2022-06-01,2017,2
227,2022-07-01,2017,2
227,2022-08-01,2017,3
227,2022-09-01,2017,2
227,2023-01-01,2016,2
227,2023-02-01,2016,2
227,2023-03-01,2016,2
227,2023-04-01,2016,2
227,2023-05-01,2016,3
227,2023-06-01,2016,3
227,2023-07-01,2016,3
227,2023-08-01,2016,3
227,2023-09-01,2016,3
227,2023-10-01,2016,3
227,2023-11-01,2016,3
227,2023-12-01,2016,3
227,2024-01-01,2016,3
227,2024-02-01,2016,2
227,2024-03-01,2017,4
227,2024-04-01,2017,3
227,2024-05-01,2017,3
227,2024-06-01,2017,3
227,2024-07-01,2017,3
227,2024-08-01,2017,2
227,2024-09-01,2017,3
227,2024-10-01,2017,2
227,2024-11-01,2017,4
227,2024-12-01,2017,4
227,2025-01-01,2017,3
227,2025-02-01,2017,3
227,2025-03-01,2017,3
227,2025-04-01,2017,2
227,2025-05-01,2017,3
227,2025-06-01,2017,2
228,2021-04-01,2016,6
228,2021-05-01,2016,6
228,2021-06-01,2016,6
228,2021-07-01,2016,6
228,2021-08-01,2016,6
228,2021-09-01,2017,5
228,2021-10-01,2017,5
228,2021-11-01,2017,3
228,2021-12-01,2017,4
228,2022-01-01,2016,4
228,2022-02-01,2016,5
228,2022-03-01,2016,5
228,2022-04-01,2016,4
228,2022-05-01,2016,2
228,2022-06-01,2016,2
228,2022-07-01,2017,5
228,2022-08-01,2017,4
228,2022-09-01,2017,5
228,2022-10-01,2017,5
228,2022-11-01,2017,5
228,2022-12-01,2017,4
228,2023-01-01,2017,6
228,2023-02-01,2017,9
228,2023-03-01,2017,9
228,2023-04-01,2017,9
228,2023-05-01,2017,3
228,2023-06-01,2017,9
228,2023-07-01,2017,5
228,2023-08-01,2017,6
228,2023-09-01,2017,5
228,2023-10-01,2017,4
228,2023-11-01,2017,3
228,2023-12-01,2017,3
228,2024-01-01,2017,7
228,2024-02-01,2017,5
228,2024-03-01,2017,6
228,2024-04-01,2017,6
228,2024-05-01,2017,6
228,2024-06-01,2016,2
228,2024-07-01,2016,2
228,2024-08-01,2016,2
228,2024-09-01,2016,2
228,2024-10-01,2016,2
228,2024-11-01,2016,2
228,2024-12-01,2016,2
229,2021-05-01,2016,4
229,2021-06-01,2016,4
229,2021-07-01,2016,4
229,2021-08-01,2016,4
229,2021-09-01,2017,3
229,2021-10-01,2017,3
229,2021-11-01,2017,5
229,2021-12-01,2017,2
229,2022-01-01,2017,4
229,2022-02-01,2017,5
229,2022-03-01,2017,5
229,2022-04-01,2017,5
229,2022-05-01,2017,2
229,2022-06-01,2017,2
229,2022-07-01,2017,2
230,2021-05-01,2017,4
230,2021-06-01,2017,3
230,2021-07-01,2017,4
230,2021-08-01,2017,4
230,2021-09-01,2017,3
230,2021-10-01,2017,4
230,2021-11-01,2017,3
230,2021-12-01,2017,5
230,2022-01-01,2017,3
230,2022-02-01,2017,3
230,2022-03-01,2017,3
230,2022-04-01,2017,3
230,2022-05-01,2017,5
230,2022-06-01,2017,5
230,2022-07-01,2017,2
230,2022-08-01,2017,3
230,2022-09-01,2017,5
230,2022-10-01,2017,5
230,2022-11-01,2017,5
230,2022-12-01,2017,2
230,2023-01-01,2017,4
230,2023-02-01,2017,4
230,2023-03-01,2017,5
230,2023-04-01,2017,4
230,2023-05-01,2017,6
230,2023-06-01,2017,4
230,2023-07-01,2017,3
230,2023-08-01,2017,3
230,2023-09-01,2016,2
230,2023-10-01,2016,2
230,2023-11-01,2016,2
230,2023-12-01,2016,2
230,2024-01-01,2016,2
230,2024-02-01,2016,2
230,2024-03-01,2016,2
230,2024-04-01,2016,3
230,2024-06-01,2017,4
230,2024-07-01,2017,5
230,2024-08-01,2017,6
230,2024-09-01,2017,3
230,2024-10-01,2017,3
230,2025-04-01,2017,2
231,2021-04-01,2017,3
231,2021-05-01,2017,3
231,2021-06-01,2017,3
231,2021-07-01,2017,5
231,2021-08-01,2017,5
231,2021-09-01,2017,5
231,2021-10-01,2017,5
231,2021-11-01,2017,4
231,2021-12-01,2017,3
231,2022-01-01,2017,3
231,2022-02-01,2017,3
231,2022-03-01,2017,5
231,2022-04-01,2017,4
231,2022-05-01,2017,2
231,2022-06-01,2017,3
231,2022-07-01,2017,5
231,2022-08-01,2017,3
231,2022-09-01,2017,4
231,2022-10-01,2017,4
231,2022-11-01,2017,5
231,2022-12-01,2017,2
231,2023-01-01,2017,2
231,2023-02-01,2017,4
231,2023-03-01,2017,3
231,2023-04-01,2017,3
231,2023-05-01,2017,4
231,2023-06-01,2017,4
231,2023-07-01,2017,2
231,2023-08-01,2017,2
231,2023-09-01,2017,2
231,2023-10-01,2017,2
231,2023-11-01,2017,2
231,2023-12-01,2017,3
231,2024-01-01,2017,3
231,2024-02-01,2017,4
231,2024-03-01,2017,3
231,2024-04-01,2017,2
231,2024-06-01,2017,2
231,2024-07-01,2017,4
231,2024-08-01,2017,2
231,2024-09-01,2017,3
231,2024-10-01,2017,4
231,2024-11-01,2017,4
278,2021-07-01,2016,5
278,2021-08-01,2016,4
278,2021-09-01,2016,6
278,2021-10-01,2016,6
278,2021-11-01,2016,6
278,2021-12-01,2016,6
278,2022-01-01,2016,11
278,2022-02-01,2016,13
278,2022-03-01,2016,12
278,2022-04-01,2016,12
278,2022-05-01,2016,16
278,2022-06-01,2016,17
278,2022-07-01,2016,16
278,2022-08-01,2016,15
278,2022-09-01,2016,16
278,2022-10-01,2016,17
278,2022-11-01,2016,15
278,2022-12-01,2016,14
278,2023-01-01,2016,12
278,2023-02-01,2016,11
278,2023-03-01,2016,13
278,2023-04-01,2016,12
278,2023-05-01,2016,12
278,2023-06-01,2016,12
278,2023-07-01,2016,11
278,2023-08-01,2016,10
278,2023-09-01,2016,13
278,2023-10-01,2016,11
278,2023-11-01,2016,8
278,2023-12-01,2016,12
278,2024-01-01,2016,6
278,2024-02-01,2016,12
278,2024-03-01,2016,8
278,2024-04-01,2016,13
278,2024-05-01,2016,12
278,2024-06-01,2016,13
278,2024-07-01,2016,13
278,2024-08-01,2016,12
278,2024-09-01,2016,12
278,2024-10-01,2016,12
278,2024-11-01,2016,9
278,2024-12-01,2016,9
278,2025-01-01,2016,4
278,2025-02-01,2016,3
278,2025-03-01,2016,3
278,2025-04-01,2016,2
279,2021-09-01,2017,2
279,2021-10-01,2017,2
279,2021-11-01,2017,2
279,2021-12-01,2017,2
279,2022-01-01,2017,6
279,2022-02-01,2017,6
279,2022-03-01,2017,5
279,2022-04-01,2017,5
279,2022-05-01,2017,4
279,2022-06-01,2017,6
279,2022-07-01,2017,3
279,2022-08-01,2016,2
279,2022-08-01,2017,2
279,2022-09-01,2017,2
279,2022-10-01,2017,3
279,2022-11-01,2017,3
279,2022-12-01,2017,3
279,2023-01-01,2016,2
279,2023-01-01,2017,6
279,2023-02-01,2016,2
279,2023-02-01,2017,6
279,2023-03-01,2016,2
279,2023-03-01,2017,5
279,2023-04-01,2016,2
279,2023-04-01,2017,5
279,2023-05-01,2017,6
279,2023-06-01,2016,4
279,2023-06-01,2017,6
279,2023-07-01,2016,2
279,2023-07-01,2017,6
279,2023-08-01,2017,6
279,2023-09-01,2016,2
279,2023-09-01,2017,6
279,2023-10-01,2016,2
279,2023-10-01,2017,6
279,2023-11-01,2016,2
279,2023-11-01,2017,6
279,2023-12-01,2016,2
279,2023-12-01,2017,6
279,2024-01-01,2016,2
279,2024-01-01,2017,5
279,2024-02-01,2016,4
279,2024-02-01,2017,6
279,2024-03-01,2016,4
279,2024-03-01,2017,5
279,2024-04-01,2016,3
279,2024-04-01,2017,3
279,2024-05-01,2016,3
279,2024-06-01,2016,6
279,2024-06-01,2017,4
279,2024-07-01,2016,6
279,2024-07-01,2017,2
279,2024-08-01,2016,6
279,2024-08-01,2017,3
279,2024-09-01,2016,5
279,2024-09-01,2017,3
280,2021-10-01,2016,2
280,2021-11-01,2016,2
280,2021-12-01,2016,2
280,2022-01-01,2016,3
280,2022-02-01,2016,3
280,2022-03-01,2016,2
280,2022-04-01,2016,2
280,2022-05-01,2016,2
280,2022-06-01,2016,3
280,2022-07-01,2016,3
280,2022-08-01,2016,3
280,2022-09-01,2016,3
280,2022-10-01,2016,3
280,2022-11-01,2016,3
280,2022-12-01,2016,3
280,2023-01-01,2016,4
280,2023-02-01,2016,4
280,2023-03-01,2016,4
280,2023-04-01,2016,4
280,2023-05-01,2016,4
280,2023-06-01,2016,3
280,2023-07-01,2016,5
280,2023-07-01,2017,4
280,2023-08-01,2016,5
280,2023-08-01,2017,3
280,2023-09-01,2016,5
280,2023-09-01,2017,3
280,2023-10-01,2016,5
280,2023-10-01,2017,4
280,2023-11-01,2016,5
280,2023-11-01,2017,3
280,2023-12-01,2016,4
280,2023-12-01,2017,3
280,2024-01-01,2016,3
280,2024-01-01,2017,6
280,2024-02-01,2016,4
280,2024-02-01,2017,6
280,2024-03-01,2016,4
280,2024-03-01,2017,6
280,2024-04-01,2016,3
280,2024-04-01,2017,6
280,2024-05-01,2016,3
280,2024-05-01,2017,5
280,2024-06-01,2016,3
280,2024-06-01,2017,6
280,2024-07-01,2016,3
280,2024-07-01,2017,5
280,2024-08-01,2016,3
280,2024-08-01,2017,5
280,2024-09-01,2016,4
280,2024-09-01,2017,5
280,2024-10-01,2016,2
280,2024-10-01,2017,2
280,2024-11-01,2016,3
280,2024-11-01,2017,2
280,2024-12-01,2016,2
280,2025-01-01,2016,2
280,2025-01-01,2017,2
280,2025-02-01,2016,2
280,2025-02-01,2017,2
280,2025-03-01,2016,2
280,2025-03-01,2017,2
280,2025-04-01,2016,2
280,2025-04-01,2017,3
280,2025-05-01,2016,2
280,2025-05-01,2017,3
280,2025-06-01,2016,2
280,2025-06-01,2017,3
281,2021-10-01,2017,3
281,2021-11-01,2017,3
281,2021-12-01,2017,3
281,2022-01-01,2017,2
281,2022-02-01,2017,2
281,2022-03-01,2017,2
281,2022-04-01,2017,2
281,2022-05-01,2017,3
281,2022-06-01,2017,4
281,2022-07-01,2017,4
281,2022-08-01,2017,2
281,2022-09-01,2017,2
281,2022-10-01,2017,3
281,2023-01-01,2016,3
281,2023-02-01,2016,3
281,2023-03-01,2016,3
281,2023-04-01,2016,2
281,2023-05-01,2016,3
281,2023-06-01,2016,3
281,2023-07-01,2016,3
281,2023-08-01,2016,3
281,2023-09-01,2016,3
284,2021-12-01,2016,9
284,2022-01-01,2016,10
284,2022-02-01,2016,8
284,2022-03-01,2016,10
284,2022-04-01,2016,7
284,2022-05-01,2016,8
284,2022-06-01,2016,10
284,2022-11-01,2017,2
284,2023-01-01,2017,2
284,2023-02-01,2017,2
284,2023-03-01,2017,2
284,2023-04-01,2016,10
284,2023-05-01,2016,9
284,2023-06-01,2016,12
284,2023-07-01,2016,10
284,2023-08-01,2016,10
284,2023-09-01,2016,10
284,2023-10-01,2016,10
284,2023-11-01,2016,8
284,2023-12-01,2016,8
284,2024-01-01,2016,13
284,2024-02-01,2016,13
284,2024-03-01,2016,15
284,2024-04-01,2016,14
284,2024-05-01,2016,7
284,2024-06-01,2016,13
284,2024-07-01,2016,12
284,2024-08-01,2016,11
284,2024-09-01,2016,11
284,2024-10-01,2016,3
284,2024-11-01,2016,6
284,2024-12-01,2016,5
284,2025-01-01,2016,5
284,2025-02-01,2016,4
289,2022-03-01,2016,4
289,2022-04-01,2016,4
289,2022-05-01,2016,4
289,2022-06-01,2016,4
289,2022-07-01,2017,2
289,2022-08-01,2017,2
289,2022-10-01,2017,5
289,2022-11-01,2017,5
289,2022-12-01,2017,4
289,2023-01-01,2017,6
289,2023-02-01,2017,6
289,2023-03-01,2017,7
289,2023-04-01,2017,6
289,2023-05-01,2017,6
289,2023-06-01,2017,8
289,2023-07-01,2016,4
289,2023-08-01,2016,4
289,2023-09-01,2016,3
289,2023-10-01,2016,5
289,2023-11-01,2016,4
289,2023-12-01,2016,5
289,2024-01-01,2016,2
289,2024-02-01,2016,2
289,2024-03-01,2016,5
289,2024-04-01,2016,2
289,2024-05-01,2016,4
289,2024-06-01,2016,3
289,2024-07-01,2016,3
289,2024-08-01,2016,2
289,2024-09-01,2016,4
289,2024-10-01,2017,4
289,2024-11-01,2017,3
289,2024-12-01,2017,3
289,2025-01-01,2017,3
289,2025-02-01,2017,4
289,2025-03-01,2017,5
289,2025-04-01,2017,5
293,2023-02-01,2017,2
294,2022-10-01,2016,5
294,2022-11-01,2016,5
294,2022-12-01,2016,5
294,2023-01-01,2016,8
294,2023-02-01,2016,8
294,2023-03-01,2016,9
294,2023-04-01,2016,7
294,2023-05-01,2016,6
294,2023-06-01,2016,8
294,2023-07-01,2016,8
294,2023-08-01,2016,8
294,2023-09-01,2016,7
294,2023-10-01,2016,6
294,2023-11-01,2016,5
294,2023-12-01,2016,5
294,2024-01-01,2016,4
294,2024-02-01,2016,4
294,2024-03-01,2016,4
294,2024-04-01,2016,4
294,2024-05-01,2016,4
294,2024-06-01,2016,5
294,2024-07-01,2016,5
294,2024-08-01,2016,5
294,2024-09-01,2016,4
294,2024-10-01,2016,5
294,2024-11-01,2016,5
294,2024-12-01,2016,5
294,2025-01-01,2016,6
294,2025-02-01,2016,4
294,2025-03-01,2016,6
294,2025-04-01,2016,6
294,2025-05-01,2016,5
295,2022-06-01,2016,3
295,2022-07-01,2016,3
295,2022-08-01,2016,3
295,2022-09-01,2016,3
295,2022-10-01,2016,3
295,2022-11-01,2016,3
295,2022-12-01,2016,3
295,2023-01-01,2016,3
295,2023-02-01,2016,3
295,2023-03-01,2016,3
295,2023-04-01,2016,3
295,2023-05-01,2016,5
295,2023-06-01,2016,4
295,2023-07-01,2016,6
295,2023-08-01,2016,3
295,2023-09-01,2016,3
295,2023-10-01,2016,5
295,2023-11-01,2016,6
295,2023-12-01,2016,5
295,2024-01-01,2016,3
295,2024-02-01,2016,3
295,2024-03-01,2016,3
295,2024-04-01,2016,3
295,2024-05-01,2016,2
295,2024-06-01,2016,4
295,2024-07-01,2016,4
295,2024-08-01,2017,2
295,2024-09-01,2017,2
295,2024-10-01,2017,3
295,2024-11-01,2017,2
295,2024-12-01,2017,2
295,2025-01-01,2017,2
295,2025-02-01,2017,2
295,2025-03-01,2017,2
296,2022-07-01,2016,3
296,2022-08-01,2016,5
296,2022-09-01,2016,4
296,2022-10-01,2016,5
296,2022-11-01,2016,5
296,2022-12-01,2016,5
296,2023-01-01,2016,5
296,2023-02-01,2016,5
296,2023-03-01,2016,5
296,2023-04-01,2016,5
296,2023-05-01,2016,5
296,2024-01-01,2016,4
296,2024-02-01,2016,3
296,2024-04-01,2016,4
296,2024-05-01,2016,2
296,2024-06-01,2016,3
296,2024-07-01,2017,3
296,2024-11-01,2017,2
296,2024-12-01,2017,2
297,2022-09-01,2016,5
297,2022-10-01,2016,5
297,2022-11-01,2016,5
297,2022-12-01,2016,5
297,2023-01-01,2016,3
297,2023-02-01,2016,3
297,2023-03-01,2016,3
297,2023-04-01,2016,3
297,2023-05-01,2016,4
297,2023-05-01,2017,2
297,2023-06-01,2017,3
297,2023-07-01,2017,3
297,2023-08-01,2017,3
297,2023-09-01,2017,3
297,2023-10-01,2017,4
297,2023-11-01,2017,3
297,2023-12-01,2017,3
297,2024-01-01,2017,3
297,2024-02-01,2017,3
297,2024-03-01,2017,2
297,2024-04-01,2017,4
297,2024-05-01,2017,4
297,2024-06-01,2017,2
297,2024-07-01,2017,3
297,2024-08-01,2017,4
297,2024-11-01,2016,2
298,2022-10-01,2016,3
298,2022-11-01,2016,3
298,2022-12-01,2016,2
298,2023-01-01,2016,3
298,2023-02-01,2016,3
298,2023-03-01,2016,3
298,2023-05-01,2016,4
298,2023-06-01,2017,5
298,2023-07-01,2017,4
298,2023-08-01,2017,9
298,2023-09-01,2017,7
298,2023-10-01,2017,6
298,2023-11-01,2017,2
298,2023-12-01,2017,4
298,2024-01-01,2017,4
298,2024-02-01,2017,4
298,2024-03-01,2017,5
298,2024-04-01,2016,4
298,2024-05-01,2016,4
298,2024-06-01,2016,4
298,2024-07-01,2016,4
298,2024-08-01,2016,4
298,2024-09-01,2016,4
298,2024-10-01,2016,3
298,2024-11-01,2016,2
298,2024-12-01,2016,3
298,2025-01-01,2016,6
298,2025-02-01,2016,3
298,2025-03-01,2016,3
299,2022-09-01,2017,2
299,2022-10-01,2017,2
299,2022-11-01,2017,2
299,2022-12-01,2017,2
299,2023-01-01,2017,2
299,2023-02-01,2017,3
300,2022-10-01,2016,3
300,2022-11-01,2016,3
300,2022-12-01,2016,3
300,2023-01-01,2016,4
300,2023-02-01,2016,3
300,2023-03-01,2016,3
300,2023-04-01,2016,3
300,2023-05-01,2016,4
300,2023-06-01,2016,3
300,2023-07-01,2017,5
300,2023-08-01,2017,5
300,2023-09-01,2017,4
300,2023-10-01,2017,4
300,2023-11-01,2017,4
300,2023-12-01,2017,4
300,2024-01-01,2017,3
300,2024-02-01,2017,3
300,2024-03-01,2017,3
300,2024-04-01,2017,3
300,2024-05-01,2017,3
300,2024-06-01,2017,3
300,2024-07-01,2016,3
300,2024-08-01,2016,3
300,2024-09-01,2016,3
300,2024-10-01,2016,3
300,2024-11-01,2016,3
300,2024-12-01,2016,3
300,2025-01-01,2016,4
300,2025-02-01,2016,4
300,2025-03-01,2016,4
300,2025-04-01,2016,2
301,2023-01-01,2017,4
301,2023-02-01,2017,4
301,2023-03-01,2017,4
301,2023-04-01,2017,4
301,2023-05-01,2017,4
301,2023-06-01,2017,4
301,2023-07-01,2017,5
301,2023-08-01,2017,5
301,2023-09-01,2017,5
301,2023-10-01,2017,5
301,2023-11-01,2017,5
301,2023-12-01,2017,5
301,2024-01-01,2017,7
301,2024-02-01,2017,7
301,2024-03-01,2017,7
301,2024-04-01,2017,7
301,2024-05-01,2017,6
301,2024-06-01,2017,6
301,2024-07-01,2017,6
301,2024-08-01,2017,6
303,2022-10-01,2017,2
303,2022-11-01,2017,3
303,2022-12-01,2017,3
303,2023-01-01,2017,3
303,2023-02-01,2017,3
303,2023-03-01,2017,2
304,2022-10-01,2016,2
304,2022-11-01,2016,2
304,2022-12-01,2016,2
304,2023-04-01,2016,2
304,2023-10-01,2016,2
304,2023-11-01,2016,2
304,2025-04-01,2016,3
304,2025-05-01,2016,3
304,2025-06-01,2016,3
305,2022-11-01,2016,2
305,2022-12-01,2016,2
305,2023-01-01,2016,7
305,2023-02-01,2016,6
305,2023-03-01,2016,7
305,2023-04-01,2016,5
305,2023-05-01,2016,4
305,2023-06-01,2016,6
305,2023-09-01,2016,2
305,2023-10-01,2016,2
305,2023-11-01,2016,2
305,2023-12-01,2016,2
305,2024-01-01,2017,2
305,2024-02-01,2017,2
305,2024-03-01,2017,2
305,2024-04-01,2017,2
305,2024-05-01,2017,2
305,2024-06-01,2017,3
305,2024-07-01,2017,4
305,2024-08-01,2017,3
305,2024-09-01,2017,2
305,2024-10-01,2017,3
305,2024-11-01,2017,3
305,2024-12-01,2017,3
305,2025-01-01,2017,2
306,2022-11-01,2017,2
306,2022-12-01,2017,2
306,2023-01-01,2017,2
306,2023-02-01,2017,2
306,2023-03-01,2017,2
306,2023-04-01,2017,2
306,2023-05-01,2017,2
306,2023-06-01,2017,2
306,2023-07-01,2017,3
306,2023-08-01,2017,2
306,2023-09-01,2017,2
306,2023-10-01,2017,3
306,2023-11-01,2017,3
306,2023-12-01,2017,3
306,2024-01-01,2017,5
306,2024-02-01,2017,5
306,2024-03-01,2017,4
306,2024-04-01,2017,5
306,2024-05-01,2017,3
306,2024-06-01,2017,4
306,2024-07-01,2017,3
306,2024-08-01,2017,6
306,2024-09-01,2017,6
306,2024-10-01,2016,2
306,2024-11-01,2016,3
306,2024-12-01,2016,2
306,2025-04-01,2017,4
307,2022-10-01,2017,3
307,2022-11-01,2017,3
307,2022-12-01,2017,2
307,2023-02-01,2017,3
307,2023-03-01,2017,4
307,2023-05-01,2017,2
307,2023-08-01,2017,2
307,2023-09-01,2017,2
307,2023-10-01,2017,2
307,2023-11-01,2017,2
307,2024-01-01,2017,4
307,2024-04-01,2017,3
307,2024-06-01,2017,4
307,2024-08-01,2017,5
307,2024-10-01,2017,4
307,2024-11-01,2017,4
307,2024-12-01,2017,2
308,2023-01-01,2017,5
308,2023-02-01,2017,4
308,2023-03-01,2017,5
308,2023-04-01,2017,3
308,2023-05-01,2017,3
308,2023-06-01,2017,3
311,2023-02-01,2017,3
311,2023-03-01,2017,3
311,2023-04-01,2017,3
311,2023-05-01,2017,3
311,2023-06-01,2017,3
311,2023-07-01,2017,3
311,2023-08-01,2017,4
311,2023-09-01,2017,5
311,2023-10-01,2017,4
311,2023-11-01,2017,5
311,2023-12-01,2017,3
311,2024-01-01,2017,3
311,2024-02-01,2017,3
311,2024-03-01,2017,3
311,2024-04-01,2017,4
311,2024-05-01,2017,2
311,2024-06-01,2017,2
311,2024-07-01,2017,2
311,2024-08-01,2017,3
311,2024-09-01,2017,2
311,2024-10-01,2017,4
311,2024-11-01,2017,3
311,2024-12-01,2017,3
311,2025-01-01,2017,3
311,2025-02-01,2017,2
311,2025-03-01,2017,4
311,2025-04-01,2017,3
311,2025-05-01,2017,4
314,2023-03-01,2017,2
314,2024-04-01,2016,2
314,2024-06-01,2016,2
314,2024-10-01,2016,2
314,2025-02-01,2017,5
314,2025-03-01,2017,4
314,2025-04-01,2017,3
314,2025-05-01,2017,5
314,2025-06-01,2017,4
315,2023-01-01,2016,2
315,2023-02-01,2016,2
315,2023-03-01,2016,2
315,2023-04-01,2016,2
315,2023-05-01,2016,2
315,2023-06-01,2016,2
315,2023-07-01,2016,2
315,2023-09-01,2016,2
315,2023-10-01,2016,2
315,2023-11-01,2016,2
315,2023-12-01,2016,2
315,2024-01-01,2016,2
315,2024-02-01,2016,3
315,2024-03-01,2016,2
315,2024-04-01,2016,2
315,2024-05-01,2016,2
315,2024-06-01,2016,2
316,2023-10-01,2017,2
316,2023-11-01,2017,2
316,2024-02-01,2017,5
316,2024-03-01,2017,3
316,2024-04-01,2017,3
316,2024-06-01,2017,2
316,2024-07-01,2017,4
316,2024-08-01,2017,6
316,2024-09-01,2017,4
316,2024-10-01,2017,3
316,2024-11-01,2017,4
316,2025-04-01,2017,2
316,2025-05-01,2017,2
317,2023-06-01,2016,2
317,2023-07-01,2016,3
317,2023-08-01,2016,3
317,2023-09-01,2016,3
317,2023-10-01,2016,3
317,2023-11-01,2016,2
317,2023-12-01,2016,4
317,2024-01-01,2016,4
317,2024-02-01,2016,4
317,2024-03-01,2016,4
317,2024-04-01,2016,4
317,2024-05-01,2016,5
317,2024-06-01,2016,5
317,2024-07-01,2016,5
317,2024-08-01,2016,5
317,2024-09-01,2016,6
317,2024-10-01,2016,6
317,2024-11-01,2016,4
318,2023-04-01,2017,3
318,2023-05-01,2017,6
318,2023-06-01,2017,8
318,2023-07-01,2017,6
318,2023-08-01,2017,6
318,2023-09-01,2017,6
318,2023-10-01,2017,7
318,2023-11-01,2017,6
318,2023-12-01,2017,2
318,2024-01-01,2017,7
318,2024-02-01,2017,6
318,2024-03-01,2017,5
318,2024-04-01,2017,6
318,2024-05-01,2017,6
318,2024-06-01,2017,6
318,2024-07-01,2017,7
318,2024-08-01,2017,8
318,2024-09-01,2017,9
318,2024-10-01,2017,10
318,2024-11-01,2017,12
318,2024-12-01,2017,7
318,2025-01-01,2017,5
318,2025-02-01,2017,4
318,2025-03-01,2017,5
321,2023-05-01,2016,14
321,2023-06-01,2016,15
321,2023-07-01,2016,14
321,2023-08-01,2016,15
321,2023-09-01,2016,14
321,2023-10-01,2016,12
321,2023-11-01,2016,10
321,2023-12-01,2016,13
321,2024-01-01,2016,12
321,2024-02-01,2016,12
321,2024-03-01,2016,13
321,2024-04-01,2016,13
321,2024-05-01,2016,11
321,2024-06-01,2016,12
321,2024-07-01,2016,10
321,2024-08-01,2016,13
321,2024-09-01,2016,11
321,2024-10-01,2016,12
322,2023-03-01,2017,2
322,2023-04-01,2017,2
322,2023-05-01,2017,2
322,2023-06-01,2017,5
322,2023-07-01,2017,4
322,2023-08-01,2016,2
322,2023-10-01,2016,2
322,2023-11-01,2016,4
322,2023-12-01,2016,2
322,2024-01-01,2017,6
322,2024-02-01,2017,8
322,2024-03-01,2017,7
322,2024-04-01,2017,8
322,2024-05-01,2017,8
322,2024-06-01,2017,9
322,2024-07-01,2017,9
322,2024-08-01,2017,9
322,2024-09-01,2017,9
322,2024-10-01,2017,8
322,2024-11-01,2017,7
322,2024-12-01,2017,7
322,2025-01-01,2017,2
322,2025-02-01,2017,2
323,2023-09-01,2016,3
323,2023-11-01,2016,2
323,2024-01-01,2016,3
323,2024-02-01,2016,3
323,2024-03-01,2016,3
324,2023-06-01,2017,3
324,2023-07-01,2017,3
324,2023-08-01,2017,2
324,2023-09-01,2017,3
324,2023-10-01,2017,3
324,2023-11-01,2017,4
324,2023-12-01,2017,2
324,2024-01-01,2017,2
324,2024-02-01,2017,3
324,2024-03-01,2017,4
324,2024-04-01,2017,3
324,2024-05-01,2017,2
324,2024-06-01,2017,3
324,2024-07-01,2017,3
324,2024-08-01,2017,3
324,2024-09-01,2017,3
324,2024-10-01,2017,4
324,2024-11-01,2017,4
324,2024-12-01,2017,5
324,2025-01-01,2017,2
324,2025-02-01,2017,2
324,2025-03-01,2017,3
324,2025-05-01,2017,3
325,2023-05-01,2017,10
325,2023-06-01,2017,8
325,2023-07-01,2017,10
325,2023-08-01,2017,10
325,2023-09-01,2017,8
325,2023-10-01,2017,8
325,2023-11-01,2017,6
325,2023-12-01,2017,6
325,2024-01-01,2017,8
325,2024-02-01,2017,8
325,2024-03-01,2017,9
325,2024-04-01,2017,12
325,2024-05-01,2017,12
325,2024-06-01,2017,13
325,2024-07-01,2017,11
325,2024-08-01,2017,9
325,2024-09-01,2017,9
325,2024-10-01,2016,3
325,2024-10-01,2017,3
325,2024-11-01,2016,4
325,2024-11-01,2017,3
325,2024-12-01,2016,3
325,2025-01-01,2016,5
325,2025-01-01,2017,4
325,2025-02-01,2016,5
325,2025-02-01,2017,4
325,2025-03-01,2016,5
325,2025-03-01,2017,4
325,2025-04-01,2016,5
325,2025-04-01,2017,5
325,2025-05-01,2016,5
325,2025-05-01,2017,5
325,2025-06-01,2016,3
325,2025-06-01,2017,5
326,2023-09-01,2016,4
326,2023-10-01,2016,4
326,2023-11-01,2016,5
326,2023-12-01,2016,4
326,2024-01-01,2016,5
326,2024-01-01,2017,4
326,2024-02-01,2016,5
326,2024-02-01,2017,4
326,2024-03-01,2016,5
326,2024-03-01,2017,4
326,2024-04-01,2016,6
326,2024-04-01,2017,2
326,2024-05-01,2016,7
326,2024-05-01,2017,3
326,2024-06-01,2016,7
326,2024-06-01,2017,2
326,2024-07-01,2016,7
326,2024-07-01,2017,4
326,2024-08-01,2016,7
326,2024-08-01,2017,3
326,2024-09-01,2016,8
326,2024-10-01,2016,7
326,2024-11-01,2016,7
326,2024-12-01,2016,7
326,2025-01-01,2016,5
326,2025-02-01,2016,8
326,2025-03-01,2016,7
326,2025-04-01,2016,7
326,2025-05-01,2016,7
327,2024-01-01,2016,5
327,2024-02-01,2016,5
327,2024-03-01,2016,5
327,2024-04-01,2016,5
327,2024-05-01,2016,5
327,2024-06-01,2016,5
327,2024-07-01,2016,4
327,2024-08-01,2016,5
327,2024-09-01,2016,5
327,2024-10-01,2016,5
327,2024-11-01,2016,5
327,2024-12-01,2016,5
331,2023-10-01,2016,5
331,2023-11-01,2016,5
331,2023-12-01,2016,5
331,2024-01-01,2016,4
331,2024-02-01,2016,4
331,2024-03-01,2016,4
331,2024-04-01,2016,4
331,2024-05-01,2016,5
331,2024-06-01,2016,4
331,2024-07-01,2016,4
331,2024-08-01,2016,4
331,2024-09-01,2016,4
331,2024-10-01,2016,2
331,2024-11-01,2016,3
331,2024-12-01,2016,3
332,2023-10-01,2017,5
332,2023-11-01,2017,5
332,2023-12-01,2017,5
332,2024-01-01,2017,4
332,2024-02-01,2017,5
332,2024-03-01,2017,5
332,2024-04-01,2017,3
332,2024-05-01,2017,5
332,2024-07-01,2017,2
333,2023-12-01,2017,2
334,2023-10-01,2016,2
334,2023-11-01,2016,2
334,2023-12-01,2016,2
334,2024-01-01,2016,2
334,2024-02-01,2016,4
334,2024-03-01,2016,3
334,2024-04-01,2016,4
334,2024-05-01,2016,3
334,2024-06-01,2016,3
334,2024-07-01,2016,3
334,2024-08-01,2016,3
334,2024-09-01,2016,4
334,2024-10-01,2016,3
334,2024-11-01,2016,4
334,2024-12-01,2016,3
334,2025-01-01,2016,2
334,2025-02-01,2016,3
334,2025-03-01,2016,4
334,2025-04-01,2016,3
334,2025-05-01,2016,2
335,2023-10-01,2017,4
335,2023-11-01,2017,4
335,2023-12-01,2017,4
335,2024-01-01,2017,5
335,2024-02-01,2017,5
335,2024-03-01,2017,8
335,2024-04-01,2017,4
335,2024-05-01,2017,4
335,2024-06-01,2017,3
335,2024-07-01,2017,5
335,2024-08-01,2017,3
335,2024-09-01,2017,5
335,2024-10-01,2016,3
335,2024-11-01,2016,3
335,2024-12-01,2016,3
335,2025-01-01,2016,4
335,2025-02-01,2016,4
335,2025-03-01,2016,4
335,2025-04-01,2016,4
335,2025-05-01,2016,4
336,2024-01-01,2016,4
336,2024-02-01,2016,3
336,2024-03-01,2016,3
336,2024-04-01,2016,4
336,2024-05-01,2016,3
336,2024-06-01,2016,3
336,2024-07-01,2016,3
336,2024-09-01,2016,3
336,2024-11-01,2016,3
336,2024-12-01,2016,3
337,2024-01-01,2016,4
337,2024-02-01,2016,3
337,2024-03-01,2016,4
337,2024-04-01,2016,4
337,2024-05-01,2016,3
337,2024-06-01,2016,4
337,2024-07-01,2016,4
337,2024-08-01,2016,3
337,2024-09-01,2016,3
337,2024-10-01,2016,4
337,2024-11-01,2016,4
337,2024-12-01,2016,4
337,2025-02-01,2016,3
338,2024-04-01,2017,2
338,2024-05-01,2017,4
338,2024-06-01,2017,3
338,2024-07-01,2017,2
338,2024-08-01,2017,3
338,2024-09-01,2017,2
338,2024-10-01,2017,3
338,2024-11-01,2016,3
338,2024-12-01,2016,3
339,2024-02-01,2016,2
339,2024-03-01,2016,4
339,2024-04-01,2016,3
339,2024-05-01,2016,4
339,2024-06-01,2016,5
339,2024-07-01,2016,5
339,2024-08-01,2016,7
339,2024-09-01,2016,5
339,2024-10-01,2016,8
339,2024-11-01,2016,5
339,2024-12-01,2016,5
340,2024-02-01,2017,2
340,2024-06-01,2017,2
340,2024-07-01,2017,2
340,2024-09-01,2017,3
340,2024-11-01,2017,3
340,2025-01-01,2017,2
340,2025-02-01,2017,2
340,2025-03-01,2017,2
340,2025-04-01,2017,5
340,2025-05-01,2017,2
340,2025-06-01,2017,5
340,2025-07-01,2017,3
341,2024-01-01,2016,2
341,2024-02-01,2016,3
341,2024-03-01,2016,3
341,2024-04-01,2016,3
341,2024-05-01,2016,5
341,2024-06-01,2016,5
341,2024-07-01,2016,5
341,2024-08-01,2016,4
341,2024-09-01,2016,3
341,2024-10-01,2016,5
341,2024-11-01,2016,4
341,2024-12-01,2016,5
341,2025-01-01,2016,2
342,2024-02-01,2017,2
342,2024-03-01,2016,4
342,2024-04-01,2016,4
342,2024-05-01,2016,3
342,2024-06-01,2016,3
342,2024-07-01,2016,3
342,2024-08-01,2016,3
342,2024-09-01,2016,2
342,2024-10-01,2016,3
342,2025-02-01,2016,3
342,2025-03-01,2016,3
342,2025-04-01,2016,3
342,2025-05-01,2016,3
342,2025-06-01,2016,3
342,2025-07-01,2016,2
343,2024-01-01,2017,2
343,2024-02-01,2017,2
343,2024-03-01,2017,2
343,2024-04-01,2016,3
343,2024-05-01,2016,3
343,2024-06-01,2016,3
343,2024-07-01,2016,3
343,2024-08-01,2016,3
343,2024-09-01,2016,3
343,2024-10-01,2016,3
343,2024-11-01,2016,3
343,2024-12-01,2016,3
343,2025-01-01,2016,5
343,2025-02-01,2016,5
343,2025-03-01,2016,5
343,2025-05-01,2016,5
343,2025-06-01,2016,5
344,2025-03-01,2017,6
344,2025-04-01,2017,8
344,2025-05-01,2017,8
345,2024-05-01,2016,2
345,2024-06-01,2016,2
345,2024-07-01,2016,4
345,2024-08-01,2016,3
345,2024-09-01,2016,3
345,2024-10-01,2016,4
345,2024-12-01,2016,3
346,2024-06-01,2016,3
346,2024-07-01,2016,3
346,2024-08-01,2016,3
346,2024-09-01,2016,3
346,2024-10-01,2016,3
346,2024-11-01,2016,3
346,2024-12-01,2016,3
346,2025-01-01,2016,3
346,2025-02-01,2016,3
346,2025-03-01,2016,3
346,2025-04-01,2016,3
346,2025-05-01,2016,3
346,2025-06-01,2016,2
347,2024-06-01,2016,3
347,2024-07-01,2016,3
347,2024-08-01,2016,2
347,2024-09-01,2016,2
347,2024-10-01,2016,4
347,2024-11-01,2016,3
347,2024-12-01,2016,3
348,2024-04-01,2016,3
348,2024-05-01,2016,3
348,2024-06-01,2016,4
348,2024-07-01,2016,3
348,2024-08-01,2016,4
348,2024-09-01,2016,4
348,2024-10-01,2016,5
348,2024-11-01,2016,5
348,2024-12-01,2016,3
348,2025-01-01,2016,5
348,2025-02-01,2016,5
348,2025-03-01,2016,5
348,2025-04-01,2016,5
348,2025-05-01,2016,5
349,2024-04-01,2016,13
349,2024-05-01,2016,12
349,2024-06-01,2016,12
349,2024-07-01,2016,12
349,2024-08-01,2016,11
349,2024-09-01,2016,11
349,2024-10-01,2016,10
349,2024-11-01,2016,12
349,2024-12-01,2016,7
349,2025-01-01,2016,2
349,2025-02-01,2016,2
349,2025-03-01,2016,2
349,2025-04-01,2016,2
351,2024-10-01,2017,3
351,2024-11-01,2017,3
351,2024-12-01,2017,3
351,2025-03-01,2017,2
351,2025-04-01,2017,2
351,2025-05-01,2017,2
359,2024-12-01,2016,2
360,2024-10-01,2017,4
360,2024-11-01,2017,4
360,2024-12-01,2017,4
360,2025-01-01,2017,6
360,2025-02-01,2017,6
360,2025-03-01,2017,6
360,2025-04-01,2017,3
362,2024-10-01,2017,9
362,2024-11-01,2017,10
362,2024-12-01,2017,9
362,2025-01-01,2017,18
362,2025-02-01,2017,18
362,2025-03-01,2017,13
362,2025-04-01,2017,16
362,2025-05-01,2017,11
362,2025-06-01,2017,15
363,2024-10-01,2016,8
363,2024-11-01,2016,8
363,2024-12-01,2016,7
364,2024-11-01,2017,5
364,2025-03-01,2017,5
364,2025-04-01,2017,6
368,2025-01-01,2016,3
368,2025-01-01,2017,2
368,2025-02-01,2016,3
368,2025-02-01,2017,2
368,2025-03-01,2016,3
368,2025-03-01,2017,2
368,2025-04-01,2016,3
368,2025-04-01,2017,2
368,2025-05-01,2016,3
368,2025-05-01,2017,2
369,2025-01-01,2016,9
369,2025-02-01,2016,8
369,2025-03-01,2016,9
369,2025-04-01,2016,9
369,2025-05-01,2016,6
369,2025-06-01,2016,9
378,2025-03-01,2017,6
378,2025-04-01,2017,6
378,2025-05-01,2017,6
378,2025-06-01,2017,5
379,2025-04-01,2017,5
379,2025-05-01,2017,5
379,2025-06-01,2017,5
