du_id,month,total_work_secs,total_work_hours
4,2006-06-01,406800,113
4,2006-07-01,573300,159.25
4,2006-08-01,495000,137.5
4,2006-09-01,504000,140
4,2006-10-01,444000,123.33333333333333
4,2006-11-01,469200,130.33333333333334
4,2006-12-01,317400,88.16666666666667
4,2007-01-01,428700,119.08333333333333
4,2007-02-01,560400,155.66666666666666
4,2007-03-01,605400,168.16666666666666
4,2007-04-01,416700,115.75
4,2007-05-01,455400,126.5
4,2007-06-01,485700,134.91666666666666
4,2007-07-01,631200,175.33333333333334
4,2007-08-01,332100,92.25
4,2007-09-01,524700,145.75
4,2007-10-01,560100,155.58333333333334
4,2007-11-01,612300,170.08333333333334
4,2007-12-01,435000,120.83333333333333
4,2008-01-01,490800,136.33333333333334
4,2008-02-01,540300,150.08333333333334
4,2008-03-01,504300,140.08333333333334
4,2008-04-01,605700,168.25
4,2008-05-01,474000,131.66666666666666
4,2008-06-01,568800,158
4,2008-07-01,489900,136.08333333333334
4,2008-08-01,166800,46.333333333333336
4,2008-09-01,601500,167.08333333333334
4,2008-10-01,572700,159.08333333333334
4,2008-11-01,527400,146.5
4,2008-12-01,452100,125.58333333333333
4,2009-01-01,489900,136.08333333333334
4,2009-02-01,540300,150.08333333333334
4,2009-03-01,568800,158
4,2009-04-01,441300,122.58333333333333
4,2009-05-01,440100,122.25
4,2009-06-01,547200,152
4,2009-07-01,633600,176
4,2009-08-01,132600,36.833333333333336
4,2009-09-01,458100,127.25
4,2009-10-01,520800,144.66666666666666
4,2009-11-01,548700,152.41666666666666
4,2009-12-01,454800,126.33333333333333
4,2010-01-01,401100,111.41666666666667
4,2010-02-01,529800,147.16666666666666
4,2010-03-01,509100,141.41666666666666
4,2010-04-01,489900,136.08333333333334
4,2010-05-01,391800,108.83333333333333
4,2010-06-01,407700,113.25
4,2010-07-01,522720,145.2
4,2010-08-01,367200,102
4,2010-09-01,471000,130.83333333333334
4,2010-10-01,477600,132.66666666666666
4,2010-11-01,576900,160.25
4,2010-12-01,447900,124.41666666666667
4,2011-01-01,455100,126.41666666666667
4,2011-02-01,566100,157.25
4,2011-03-01,607200,168.66666666666666
4,2011-04-01,439500,122.08333333333333
4,2011-05-01,593100,164.75
4,2011-06-01,456300,126.75
4,2011-07-01,489000,135.83333333333334
4,2011-08-01,140400,39
4,2011-09-01,408000,113.33333333333333
4,2011-10-01,552300,153.41666666666666
4,2011-11-01,546300,151.75
4,2011-12-01,397200,110.33333333333333
4,2012-01-01,434400,120.66666666666667
4,2012-02-01,537600,149.33333333333334
4,2012-03-01,572400,159
4,2012-04-01,483900,134.41666666666666
4,2012-05-01,528900,146.91666666666666
4,2012-06-01,489300,135.91666666666666
4,2012-07-01,538200,149.5
4,2012-08-01,405300,112.58333333333333
4,2012-09-01,493200,137
4,2012-10-01,492300,136.75
4,2012-11-01,505200,140.33333333333334
4,2012-12-01,328500,91.25
4,2013-01-01,487800,135.5
4,2013-02-01,542100,150.58333333333334
4,2013-03-01,420900,116.91666666666667
4,2013-04-01,531000,147.5
4,2013-05-01,462600,128.5
4,2013-06-01,437700,121.58333333333333
4,2013-07-01,521100,144.75
4,2013-08-01,353100,98.08333333333333
4,2013-09-01,483900,134.41666666666666
4,2013-10-01,543600,151
4,2013-11-01,449700,124.91666666666667
4,2013-12-01,399300,110.91666666666667
4,2014-01-01,340200,94.5
4,2014-02-01,562500,156.25
4,2014-03-01,552900,153.58333333333334
4,2014-04-01,484200,134.5
4,2014-05-01,524400,145.66666666666666
4,2014-06-01,399000,110.83333333333333
4,2014-07-01,595200,165.33333333333334
4,2014-08-01,450000,125
4,2014-09-01,538500,149.58333333333334
4,2014-10-01,463200,128.66666666666666
4,2014-11-01,422100,117.25
4,2014-12-01,372900,103.58333333333333
4,2015-01-01,521100,144.75
4,2015-02-01,614700,170.75
4,2015-03-01,577800,160.5
4,2015-04-01,346200,96.16666666666667
4,2015-05-01,388800,108
4,2015-06-01,428400,119
4,2015-07-01,520800,144.66666666666666
4,2015-08-01,584400,162.33333333333334
4,2015-09-01,413400,114.83333333333333
4,2015-10-01,549000,152.5
4,2015-11-01,516300,143.41666666666666
4,2015-12-01,342300,95.08333333333333
4,2016-01-01,328500,91.25
4,2016-02-01,429000,119.16666666666667
4,2016-03-01,502200,139.5
4,2016-04-01,480300,133.41666666666666
4,2016-05-01,494700,137.41666666666666
4,2016-06-01,460800,128
4,2016-07-01,458100,127.25
4,2016-08-01,548700,152.41666666666666
4,2016-09-01,466800,129.66666666666666
4,2016-10-01,435000,120.83333333333333
4,2016-11-01,561000,155.83333333333334
4,2016-12-01,399000,110.83333333333333
4,2017-01-01,444600,123.5
4,2017-02-01,514800,143
4,2017-03-01,608400,169
4,2017-04-01,441900,122.75
4,2017-05-01,567000,157.5
4,2017-06-01,381600,106
4,2017-07-01,559800,155.5
4,2017-08-01,431100,119.75
4,2017-09-01,505800,140.5
4,2017-10-01,399600,111
4,2017-11-01,517500,143.75
4,2017-12-01,328500,91.25
4,2018-01-01,399600,111
4,2018-02-01,484200,134.5
4,2018-03-01,523800,145.5
4,2018-04-01,428400,119
4,2018-05-01,461700,128.25
4,2018-06-01,569700,158.25
4,2018-07-01,601200,167
4,2018-08-01,685800,190.5
4,2018-09-01,559800,155.5
4,2018-10-01,540000,150
4,2018-11-01,567900,157.75
4,2018-12-01,387900,107.75
4,2019-01-01,601200,167
4,2019-02-01,539100,149.75
4,2019-03-01,456300,126.75
4,2019-04-01,340200,94.5
4,2019-05-01,605700,168.25
4,2019-06-01,539100,149.75
4,2019-07-01,675000,187.5
4,2019-08-01,564300,156.75
4,2019-09-01,325800,90.5
4,2019-10-01,565200,157
4,2019-11-01,362700,100.75
4,2019-12-01,405000,112.5
4,2020-01-01,424800,118
4,2020-02-01,511200,142
4,2020-03-01,539100,149.75
4,2020-04-01,473400,131.5
4,2020-05-01,285300,79.25
4,2020-06-01,523800,145.5
4,2020-07-01,630000,175
4,2020-08-01,571500,158.75
4,2020-09-01,497700,138.25
4,2020-10-01,451800,125.5
4,2020-11-01,473400,131.5
4,2020-12-01,396000,110
4,2021-01-01,369000,102.5
4,2021-02-01,518400,144
4,2021-03-01,589500,163.75
4,2021-04-01,508500,141.25
4,2021-05-01,478800,133
4,2021-06-01,604800,168
4,2021-07-01,499500,138.75
4,2021-08-01,533700,148.25
4,2021-09-01,571500,158.75
4,2021-10-01,471600,131
4,2021-11-01,555300,154.25
4,2021-12-01,380700,105.75
4,2022-01-01,388800,108
4,2022-02-01,570600,158.5
4,2022-03-01,626400,174
4,2022-04-01,501300,139.25
4,2022-05-01,603000,167.5
4,2022-06-01,575100,159.75
4,2022-07-01,599400,166.5
4,2022-08-01,572400,159
4,2022-09-01,420300,116.75
4,2022-10-01,528300,146.75
4,2022-11-01,504900,140.25
4,2022-12-01,405900,112.75
4,2023-01-01,390600,108.5
4,2023-02-01,365400,101.5
4,2023-03-01,341100,94.75
4,2023-04-01,369900,102.75
4,2023-05-01,414000,115
4,2023-06-01,455400,126.5
4,2023-07-01,493200,137
4,2023-08-01,500400,139
4,2023-09-01,459000,127.5
4,2023-10-01,346500,96.25
4,2023-11-01,300600,83.5
4,2023-12-01,234000,65
4,2024-01-01,313200,87
4,2024-02-01,380700,105.75
4,2024-03-01,351000,97.5
4,2024-04-01,72000,20
7,2004-05-01,0,0
7,2005-10-01,324000,90
7,2005-11-01,414000,115
7,2005-12-01,261000,72.5
7,2006-01-01,412200,114.5
7,2006-02-01,446400,124
7,2006-03-01,428400,119
7,2006-04-01,306000,85
7,2006-05-01,370500,102.91666666666667
7,2006-06-01,390600,108.5
7,2006-07-01,287100,79.75
7,2006-08-01,303300,84.25
7,2006-09-01,376200,104.5
7,2006-10-01,353100,98.08333333333333
7,2006-11-01,330300,91.75
7,2006-12-01,292500,81.25
7,2007-01-01,382200,106.16666666666667
7,2007-02-01,352800,98
7,2007-03-01,431100,119.75
7,2007-04-01,418500,116.25
7,2007-05-01,410400,114
7,2007-06-01,405600,112.66666666666667
7,2007-07-01,282300,78.41666666666667
7,2007-08-01,356400,99
7,2007-09-01,311400,86.5
7,2007-10-01,273600,76
7,2007-11-01,334800,93
7,2007-12-01,184800,51.333333333333336
7,2008-01-01,254700,70.75
7,2008-02-01,321600,89.33333333333333
7,2008-03-01,379800,105.5
7,2008-04-01,328500,91.25
7,2008-05-01,463500,128.75
7,2008-06-01,540900,150.25
7,2008-07-01,571800,158.83333333333334
7,2008-08-01,230400,64
7,2008-09-01,568800,158
7,2008-10-01,594000,165
7,2008-11-01,531600,147.66666666666666
7,2008-12-01,520200,144.5
7,2009-01-01,441900,122.75
7,2009-02-01,490500,136.25
7,2009-03-01,571500,158.75
7,2009-04-01,472500,131.25
7,2009-05-01,427500,118.75
7,2009-06-01,547200,152
7,2009-07-01,635400,176.5
7,2009-08-01,129600,36
7,2009-09-01,577200,160.33333333333334
7,2009-10-01,602100,167.25
7,2009-11-01,568500,157.91666666666666
7,2009-12-01,354900,98.58333333333333
7,2010-01-01,453900,126.08333333333333
7,2010-02-01,530100,147.25
7,2010-03-01,642600,178.5
7,2010-04-01,562800,156.33333333333334
7,2010-05-01,435000,120.83333333333333
7,2010-06-01,417300,115.91666666666667
7,2010-07-01,558300,155.08333333333334
7,2010-08-01,545400,151.5
7,2010-09-01,473100,131.41666666666666
7,2010-10-01,464700,129.08333333333334
7,2010-11-01,499500,138.75
7,2010-12-01,384600,106.83333333333333
7,2011-01-01,430200,119.5
7,2011-02-01,437100,121.41666666666667
7,2011-03-01,3600,1
7,2011-04-01,481500,133.75
7,2011-05-01,618300,171.75
7,2011-06-01,460800,128
7,2011-07-01,485700,134.91666666666666
7,2011-08-01,277500,77.08333333333333
7,2011-09-01,460200,127.83333333333333
7,2011-10-01,579000,160.83333333333334
7,2011-11-01,578400,160.66666666666666
7,2011-12-01,390600,108.5
7,2012-01-01,450300,125.08333333333333
7,2012-02-01,465600,129.33333333333334
7,2012-03-01,511200,142
7,2012-04-01,489900,136.08333333333334
7,2012-05-01,486600,135.16666666666666
7,2012-06-01,462600,128.5
7,2012-07-01,578700,160.75
7,2012-08-01,250800,69.66666666666667
7,2012-09-01,549600,152.66666666666666
7,2012-10-01,541800,150.5
7,2012-11-01,396300,110.08333333333333
7,2012-12-01,257100,71.41666666666667
7,2013-01-01,317700,88.25
7,2013-02-01,289800,80.5
7,2013-03-01,466200,129.5
7,2013-04-01,510600,141.83333333333334
7,2013-05-01,371400,103.16666666666667
7,2013-06-01,435600,121
7,2013-07-01,312000,86.66666666666667
7,2013-08-01,342600,95.16666666666667
7,2013-09-01,193200,53.666666666666664
7,2013-10-01,471600,131
7,2013-11-01,439200,122
7,2013-12-01,389700,108.25
7,2014-01-01,487800,135.5
7,2014-02-01,395400,109.83333333333333
7,2014-03-01,303300,84.25
7,2014-05-01,20700,5.75
7,2014-07-01,582300,161.75
7,2014-08-01,476100,132.25
7,2014-09-01,315000,87.5
7,2014-10-01,443700,123.25
7,2014-11-01,456300,126.75
7,2014-12-01,93600,26
7,2015-01-01,339300,94.25
7,2015-02-01,521100,144.75
7,2015-03-01,357600,99.33333333333333
7,2015-04-01,495000,137.5
7,2015-05-01,403200,112
7,2015-06-01,483300,134.25
7,2015-07-01,558000,155
7,2015-08-01,142200,39.5
7,2015-09-01,524700,145.75
7,2015-10-01,461100,128.08333333333334
7,2015-11-01,514800,143
7,2015-12-01,420300,116.75
7,2016-01-01,452700,125.75
7,2016-02-01,513000,142.5
7,2016-03-01,611100,169.75
7,2016-04-01,567900,157.75
7,2016-05-01,472500,131.25
7,2016-06-01,684000,190
7,2016-07-01,528300,146.75
7,2016-08-01,387900,107.75
7,2016-09-01,575100,159.75
7,2016-10-01,552600,153.5
7,2016-11-01,525600,146
7,2016-12-01,525600,146
7,2017-01-01,378000,105
7,2017-02-01,351000,97.5
7,2017-03-01,396000,110
7,2017-04-01,440100,122.25
7,2017-05-01,611100,169.75
7,2017-06-01,530100,147.25
7,2017-07-01,480600,133.5
7,2017-08-01,258300,71.75
7,2017-09-01,503100,139.75
7,2017-10-01,462600,128.5
7,2017-11-01,500400,139
7,2017-12-01,335700,93.25
7,2018-01-01,624600,173.5
7,2018-02-01,552600,153.5
7,2018-03-01,499500,138.75
7,2018-04-01,526500,146.25
7,2018-05-01,493200,137
7,2018-06-01,576900,160.25
7,2018-07-01,587700,163.25
7,2018-08-01,639000,177.5
7,2018-09-01,269100,74.75
7,2018-10-01,575100,159.75
7,2018-11-01,540000,150
7,2018-12-01,439200,122
7,2019-01-01,540900,150.25
7,2019-02-01,515700,143.25
7,2019-03-01,369900,102.75
7,2019-04-01,572400,159
7,2019-05-01,547200,152
7,2019-06-01,504900,140.25
7,2019-07-01,277200,77
7,2019-08-01,97200,27
7,2019-09-01,368100,102.25
7,2019-10-01,373500,103.75
7,2019-11-01,376200,104.5
7,2019-12-01,320400,89
7,2020-01-01,227700,63.25
8,2006-08-01,365400,101.5
8,2006-09-01,522000,145
8,2006-10-01,487800,135.5
8,2006-11-01,612000,170
8,2006-12-01,442800,123
8,2007-01-01,424800,118
8,2007-02-01,475200,132
8,2007-03-01,583200,162
8,2007-04-01,493200,137
8,2007-05-01,664200,184.5
8,2007-06-01,631800,175.5
8,2007-07-01,460800,128
8,2007-08-01,441000,122.5
8,2007-09-01,532800,148
8,2007-10-01,709200,197
8,2007-11-01,574200,159.5
8,2007-12-01,370800,103
8,2008-01-01,541800,150.5
8,2008-02-01,255600,71
8,2008-03-01,493200,137
8,2008-04-01,489600,136
8,2008-05-01,486000,135
8,2008-06-01,471600,131
8,2008-07-01,475200,132
8,2008-08-01,374400,104
8,2008-09-01,559800,155.5
8,2008-10-01,633600,176
8,2008-11-01,399600,111
8,2008-12-01,453600,126
8,2009-01-01,563400,156.5
8,2009-02-01,538200,149.5
8,2009-03-01,642600,178.5
8,2009-04-01,432000,120
8,2009-05-01,396000,110
8,2009-06-01,480600,133.5
8,2009-07-01,552600,153.5
8,2009-08-01,279000,77.5
8,2009-09-01,455400,126.5
8,2009-10-01,428400,119
8,2009-11-01,315000,87.5
8,2009-12-01,198000,55
8,2010-01-01,424800,118
8,2010-02-01,504000,140
8,2010-03-01,487800,135.5
8,2010-04-01,493200,137
8,2010-05-01,379800,105.5
8,2010-06-01,556200,154.5
8,2010-07-01,586800,163
8,2010-08-01,376200,104.5
8,2010-09-01,644400,179
8,2010-10-01,423000,117.5
8,2010-11-01,511200,142
8,2010-12-01,327600,91
8,2011-01-01,352800,98
8,2011-02-01,203400,56.5
8,2011-03-01,478800,133
8,2011-04-01,343800,95.5
8,2011-05-01,518400,144
8,2011-06-01,291600,81
8,2011-07-01,91800,25.5
8,2011-08-01,315000,87.5
8,2011-09-01,525600,146
8,2011-10-01,314100,87.25
8,2011-11-01,436200,121.16666666666667
8,2011-12-01,243600,67.66666666666667
8,2012-01-01,144900,40.25
8,2012-02-01,178800,49.666666666666664
8,2012-03-01,263400,73.16666666666667
8,2012-04-01,194700,54.083333333333336
8,2012-05-01,213600,59.333333333333336
8,2012-06-01,271800,75.5
8,2012-07-01,336300,93.41666666666667
8,2012-08-01,175500,48.75
8,2012-09-01,246900,68.58333333333333
8,2012-10-01,374700,104.08333333333333
8,2012-11-01,201600,56
8,2012-12-01,233100,64.75
8,2013-01-01,213000,59.166666666666664
8,2013-02-01,68700,19.083333333333332
8,2013-03-01,77100,21.416666666666668
8,2013-04-01,270900,75.25
8,2013-05-01,187800,52.166666666666664
8,2013-06-01,243300,67.58333333333333
8,2013-07-01,319200,88.66666666666667
8,2013-08-01,141900,39.416666666666664
8,2013-09-01,261300,72.58333333333333
8,2013-10-01,225300,62.583333333333336
8,2013-11-01,205800,57.166666666666664
8,2013-12-01,201600,56
8,2014-01-01,267600,74.33333333333333
8,2014-02-01,291000,80.83333333333333
8,2014-03-01,285000,79.16666666666667
8,2014-04-01,239700,66.58333333333333
8,2014-05-01,216000,60
8,2014-06-01,186900,51.916666666666664
8,2014-07-01,145800,40.5
8,2014-08-01,144000,40
8,2014-09-01,271800,75.5
8,2014-10-01,214500,59.583333333333336
8,2014-11-01,240000,66.66666666666667
8,2014-12-01,216000,60
8,2015-01-01,168000,46.666666666666664
8,2015-02-01,240000,66.66666666666667
8,2015-03-01,288000,80
8,2015-04-01,216000,60
8,2015-05-01,264000,73.33333333333333
8,2015-06-01,288000,80
8,2015-07-01,264000,73.33333333333333
8,2015-08-01,168000,46.666666666666664
8,2015-09-01,336000,93.33333333333333
8,2015-10-01,264000,73.33333333333333
8,2015-11-01,291600,81
8,2015-12-01,150000,41.666666666666664
8,2016-01-01,240000,66.66666666666667
8,2016-02-01,288000,80
8,2016-03-01,288000,80
8,2016-04-01,216000,60
8,2016-05-01,264000,73.33333333333333
8,2016-06-01,291000,80.83333333333333
8,2016-07-01,192000,53.333333333333336
8,2016-08-01,219600,61
8,2016-09-01,288000,80
8,2016-10-01,194400,54
8,2016-11-01,288000,80
8,2016-12-01,142800,39.666666666666664
8,2017-01-01,193200,53.666666666666664
8,2017-02-01,277800,77.16666666666667
8,2017-03-01,106200,29.5
8,2017-04-01,264000,73.33333333333333
8,2017-05-01,291000,80.83333333333333
8,2017-06-01,240000,66.66666666666667
8,2017-07-01,216000,60
8,2017-08-01,264000,73.33333333333333
8,2017-09-01,267600,74.33333333333333
8,2017-10-01,189600,52.666666666666664
8,2017-11-01,247800,68.83333333333333
8,2017-12-01,169800,47.166666666666664
8,2018-01-01,288000,80
8,2018-02-01,71400,19.833333333333332
8,2018-03-01,27599.999999999996,7.666666666666666
8,2018-04-01,143400,39.833333333333336
8,2018-05-01,86400.00000000001,24.000000000000004
8,2018-06-01,264000,73.33333333333333
8,2018-07-01,307800,85.5
8,2018-08-01,145800,40.5
8,2018-09-01,192000,53.333333333333336
8,2018-10-01,173400,48.166666666666664
8,2018-11-01,267000,74.16666666666667
8,2018-12-01,195600,54.333333333333336
8,2019-01-01,264000,73.33333333333333
8,2019-02-01,168000,46.666666666666664
8,2019-03-01,96000,26.666666666666668
8,2019-04-01,264000,73.33333333333333
8,2019-05-01,264600,73.5
8,2019-06-01,239400,66.5
8,2019-07-01,344400,95.66666666666667
8,2019-08-01,146400,40.666666666666664
8,2019-09-01,320400,89
8,2019-10-01,262800,73
8,2019-11-01,265800,73.83333333333333
8,2019-12-01,120000,33.333333333333336
8,2020-01-01,265800,73.83333333333333
8,2020-02-01,240600,66.83333333333333
8,2020-03-01,240000,66.66666666666667
8,2020-04-01,144000,40
8,2020-05-01,216000,60
8,2020-06-01,169200,47
8,2020-07-01,347400,96.5
8,2020-08-01,312000,86.66666666666667
8,2020-09-01,120000,33.333333333333336
8,2020-10-01,168000,46.666666666666664
8,2020-11-01,272400,75.66666666666667
8,2020-12-01,216600,60.166666666666664
8,2021-01-01,192000,53.333333333333336
8,2021-02-01,204600,56.833333333333336
8,2021-03-01,343200,95.33333333333333
8,2021-04-01,219600,61
8,2021-05-01,250200,69.5
8,2021-06-01,292200,81.16666666666667
8,2021-07-01,318600,88.5
8,2021-08-01,313800,87.16666666666667
8,2021-09-01,278400,77.33333333333333
8,2021-10-01,112800,31.333333333333332
8,2021-11-01,244800,68
8,2021-12-01,150000,41.666666666666664
8,2022-01-01,168000,46.666666666666664
8,2022-02-01,288000,80
8,2022-03-01,336000,93.33333333333333
8,2022-04-01,192000,53.333333333333336
8,2022-05-01,289800,80.5
8,2022-06-01,288000,80
8,2022-07-01,288000,80
8,2022-08-01,336000,93.33333333333333
8,2022-09-01,288000,80
8,2022-10-01,120000,33.333333333333336
8,2022-11-01,264000,73.33333333333333
8,2022-12-01,168000,46.666666666666664
8,2023-01-01,240000,66.66666666666667
8,2023-02-01,288000,80
8,2023-03-01,192000,53.333333333333336
8,2023-04-01,264000,73.33333333333333
8,2023-05-01,168000,46.666666666666664
8,2023-06-01,264000,73.33333333333333
8,2023-07-01,288000,80
8,2023-08-01,264000,73.33333333333333
8,2023-09-01,288000,80
8,2023-10-01,312000,86.66666666666667
8,2023-11-01,264000,73.33333333333333
8,2023-12-01,144000,40
8,2024-01-01,264000,73.33333333333333
8,2024-02-01,264000,73.33333333333333
8,2024-03-01,264000,73.33333333333333
8,2024-04-01,240000,66.66666666666667
8,2024-06-01,144000,40
8,2024-07-01,288000,80
8,2024-08-01,288000,80
8,2024-09-01,240000,66.66666666666667
8,2024-10-01,216000,60
8,2024-11-01,216000,60
8,2024-12-01,148800,41.333333333333336
8,2025-01-01,264000,73.33333333333333
8,2025-02-01,216000,60
8,2025-03-01,312000,86.66666666666667
8,2025-04-01,288000,80
8,2025-05-01,120000,33.333333333333336
8,2025-06-01,264000,73.33333333333333
8,2025-07-01,48000,13.333333333333334
9,2007-10-01,149400,41.5
9,2007-11-01,302400,84
9,2007-12-01,225000,62.5
9,2008-01-01,265500,73.75
9,2008-02-01,301200,83.66666666666667
9,2008-03-01,217500,60.416666666666664
9,2008-04-01,316500,87.91666666666667
9,2008-05-01,265200,73.66666666666667
9,2008-06-01,307500,85.41666666666667
9,2008-07-01,308100,85.58333333333333
9,2008-08-01,120000,33.333333333333336
9,2008-09-01,277200,77
9,2008-10-01,343800,95.5
9,2008-11-01,262200,72.83333333333333
9,2008-12-01,234900,65.25
9,2009-01-01,242100,67.25
9,2009-02-01,280500,77.91666666666667
9,2009-03-01,333300,92.58333333333333
9,2009-04-01,224400,62.333333333333336
9,2009-05-01,290700,80.75
9,2009-06-01,269400,74.83333333333333
9,2009-07-01,325500,90.41666666666667
9,2009-08-01,257100,71.41666666666667
9,2009-09-01,182400,50.666666666666664
9,2009-10-01,292200,81.16666666666667
9,2009-11-01,246000,68.33333333333333
9,2009-12-01,161700,44.916666666666664
9,2010-01-01,215400,59.833333333333336
9,2010-02-01,305100,84.75
9,2010-03-01,367200,102
9,2010-04-01,303000,84.16666666666667
9,2010-05-01,237900,66.08333333333333
9,2010-06-01,313500,87.08333333333333
9,2010-07-01,301200,83.66666666666667
9,2010-08-01,102000,28.333333333333332
9,2010-09-01,333000,92.5
9,2010-10-01,277200,77
9,2010-11-01,278700,77.41666666666667
9,2010-12-01,207900,57.75
9,2011-01-01,94200,26.166666666666668
9,2011-02-01,227700,63.25
9,2011-03-01,291900,81.08333333333333
9,2011-04-01,176700,49.083333333333336
9,2011-05-01,300300,83.41666666666667
9,2011-06-01,254400,70.66666666666667
9,2011-07-01,260220,72.28333333333333
9,2011-08-01,182700,50.75
9,2011-09-01,253500,70.41666666666667
9,2011-10-01,295500,82.08333333333333
9,2011-11-01,318000,88.33333333333333
9,2011-12-01,207000,57.5
9,2012-01-01,268500,74.58333333333333
9,2012-02-01,307800,85.5
9,2012-03-01,322200,89.5
9,2012-04-01,199800,55.5
9,2012-05-01,321000,89.16666666666667
9,2012-06-01,289200,80.33333333333333
9,2012-07-01,363900,101.08333333333333
9,2012-08-01,154800,43
9,2012-09-01,277200,77
9,2012-10-01,368100,102.25
9,2012-11-01,345300,95.91666666666667
9,2012-12-01,194700,54.083333333333336
9,2013-01-01,232500,64.58333333333333
9,2013-02-01,262500,72.91666666666667
9,2013-03-01,268200,74.5
9,2013-04-01,188700,52.416666666666664
9,2013-05-01,226500,62.916666666666664
9,2013-06-01,329700,91.58333333333333
9,2013-07-01,328200,91.16666666666667
9,2013-08-01,117900,32.75
9,2013-09-01,252600,70.16666666666667
9,2013-10-01,307500,85.41666666666667
9,2013-11-01,360300,100.08333333333333
9,2013-12-01,213600,59.333333333333336
9,2014-01-01,359700,99.91666666666667
9,2014-02-01,384300,106.75
9,2014-03-01,290700,80.75
9,2014-04-01,274800,76.33333333333333
9,2014-05-01,320400,89
9,2014-06-01,179100,49.75
9,2014-07-01,295200,82
9,2015-01-01,64800,18
9,2015-02-01,64800,18
10,2006-04-01,214200,59.5
10,2006-05-01,225900,62.75
10,2006-06-01,215100,59.75
10,2006-07-01,255600,71
10,2006-08-01,250200,69.5
10,2006-09-01,140400,39
10,2006-10-01,226800,63
10,2006-11-01,265500,73.75
10,2006-12-01,202800,56.333333333333336
10,2007-01-01,227400,63.166666666666664
10,2007-02-01,221400,61.5
10,2007-03-01,278100,77.25
10,2007-04-01,169200,47
10,2007-05-01,232200,64.5
10,2007-06-01,228420,63.45
10,2007-07-01,263100,73.08333333333333
10,2007-08-01,106200,29.5
10,2007-09-01,203100,56.416666666666664
10,2007-10-01,250200,69.5
10,2007-11-01,183600,51
10,2007-12-01,50400,14
10,2008-01-01,229200,63.666666666666664
10,2008-02-01,232500,64.58333333333333
10,2008-03-01,183600,51
10,2008-04-01,246000,68.33333333333333
10,2008-05-01,162000,45
10,2008-06-01,260100,72.25
10,2008-07-01,256200,71.16666666666667
10,2008-08-01,104100,28.916666666666668
10,2008-09-01,251700,69.91666666666667
10,2008-10-01,215400,59.833333333333336
10,2008-11-01,234300,65.08333333333333
10,2008-12-01,184200,51.166666666666664
10,2009-01-01,180000,50
10,2009-02-01,218400,60.666666666666664
10,2009-03-01,204600,56.833333333333336
10,2009-04-01,199200,55.333333333333336
10,2009-05-01,235800,65.5
10,2009-06-01,202800,56.333333333333336
10,2009-07-01,268020,74.45
10,2009-08-01,124200,34.5
10,2009-09-01,199800,55.5
10,2009-11-01,125700,34.916666666666664
10,2009-12-01,203400,56.5
10,2010-01-01,181500,50.416666666666664
10,2010-02-01,221400,61.5
10,2010-03-01,285000,79.16666666666667
10,2010-04-01,211500,58.75
10,2010-05-01,186600,51.833333333333336
10,2010-06-01,221400,61.5
10,2010-07-01,257700,71.58333333333333
10,2010-08-01,156600,43.5
10,2010-09-01,205500,57.083333333333336
10,2010-10-01,251400,69.83333333333333
10,2010-11-01,248700,69.08333333333333
10,2010-12-01,176100,48.916666666666664
10,2011-01-01,180000,50
10,2011-02-01,246300,68.41666666666667
10,2011-03-01,261000,72.5
10,2011-04-01,211500,58.75
10,2011-05-01,267000,74.16666666666667
10,2011-06-01,186900,51.916666666666664
10,2011-07-01,249000,69.16666666666667
10,2011-08-01,121500,33.75
10,2011-09-01,261420,72.61666666666666
10,2011-10-01,228600,63.5
10,2011-11-01,253200,70.33333333333333
10,2011-12-01,193800,53.833333333333336
10,2012-01-01,208800,58
10,2012-02-01,253500,70.41666666666667
10,2012-03-01,269100,74.75
10,2012-04-01,177300,49.25
10,2012-05-01,223500,62.083333333333336
10,2012-06-01,202200,56.166666666666664
10,2012-07-01,264720,73.53333333333333
10,2012-08-01,132300,36.75
10,2012-09-01,225900,62.75
10,2012-10-01,276600,76.83333333333333
10,2012-11-01,251700,69.91666666666667
10,2012-12-01,178200,49.5
10,2013-01-01,219000,60.833333333333336
10,2013-02-01,208800,58
10,2013-03-01,239400,66.5
10,2013-04-01,221400,61.5
10,2013-05-01,151200,42
10,2013-06-01,211500,58.75
10,2013-07-01,253200,70.33333333333333
10,2013-08-01,73800,20.5
10,2013-09-01,233100,64.75
10,2013-10-01,235800,65.5
10,2013-11-01,229500,63.75
10,2013-12-01,142500,39.583333333333336
10,2014-01-01,213000,59.166666666666664
10,2014-02-01,237300,65.91666666666667
10,2014-03-01,249000,69.16666666666667
10,2014-04-01,220500,61.25
10,2014-05-01,315900,87.75
10,2014-06-01,232200,64.5
10,2014-07-01,333900,92.75
10,2014-08-01,160200,44.5
10,2014-09-01,246900,68.58333333333333
10,2014-10-01,324900,90.25
10,2014-11-01,269700,74.91666666666667
10,2014-12-01,229140,63.65
10,2015-01-01,258300,71.75
10,2015-02-01,275400,76.5
10,2015-03-01,288000,80
10,2015-04-01,231300,64.25
10,2015-05-01,234000,65
10,2015-06-01,245700,68.25
10,2015-07-01,330300,91.75
10,2015-08-01,92700,25.75
10,2015-09-01,317700,88.25
10,2015-10-01,309600,86
10,2015-11-01,237600,66
10,2015-12-01,245700,68.25
10,2016-01-01,216000,60
10,2016-02-01,308700,85.75
10,2016-03-01,279900,77.75
10,2016-04-01,276300,76.75
10,2016-05-01,198900,55.25
10,2016-06-01,321300,89.25
10,2016-07-01,297000,82.5
10,2016-08-01,266400,74
10,2016-09-01,237600,66
10,2016-10-01,267300,74.25
10,2016-11-01,258300,71.75
10,2016-12-01,228600,63.5
10,2017-01-01,245700,68.25
10,2017-02-01,288000,80
10,2017-03-01,308700,85.75
10,2017-04-01,165600,46
10,2017-05-01,284400,79
10,2017-06-01,204300,56.75
10,2017-07-01,308700,85.75
10,2017-08-01,135900,37.75
10,2017-09-01,297000,82.5
10,2017-10-01,266400,74
10,2017-11-01,300600,83.5
10,2017-12-01,212400,59
10,2018-01-01,245700,68.25
10,2018-02-01,201600,56
10,2018-03-01,186300,51.75
10,2018-04-01,221400,61.5
10,2018-05-01,225000,62.5
10,2018-06-01,288000,80
10,2018-07-01,297000,82.5
10,2018-09-01,216000,60
10,2018-10-01,305100,84.75
10,2018-11-01,288000,80
10,2018-12-01,216000,60
10,2019-01-01,285300,79.25
10,2019-02-01,260100,72.25
10,2019-03-01,189900,52.75
10,2019-04-01,244800,68
10,2019-05-01,272700,75.75
10,2019-06-01,216000,60
10,2019-07-01,338400,94
10,2019-08-01,136800,38
10,2019-09-01,285300,79.25
10,2019-10-01,233100,64.75
10,2019-11-01,278100,77.25
10,2019-12-01,227700,63.25
10,2020-01-01,333000,92.5
10,2020-02-01,305100,84.75
10,2020-03-01,342900,95.25
10,2020-04-01,344700,95.75
10,2020-05-01,306900,85.25
10,2020-06-01,235800,65.5
10,2020-07-01,410400,114
10,2020-08-01,299700,83.25
10,2020-09-01,290700,80.75
10,2020-10-01,234900,65.25
10,2020-11-01,358200,99.5
10,2020-12-01,201600,56
10,2021-01-01,328500,91.25
10,2021-02-01,345600,96
10,2021-03-01,345600,96
10,2021-04-01,328500,91.25
10,2021-05-01,311400,86.5
10,2021-06-01,276300,76.75
10,2021-07-01,362700,100.75
10,2021-08-01,345600,96
10,2021-09-01,380700,105.75
10,2021-10-01,189900,52.75
10,2021-11-01,362700,100.75
10,2021-12-01,259200,72
10,2022-01-01,339300,94.25
10,2022-02-01,274500,76.25
10,2022-03-01,306900,85.25
10,2022-04-01,293400,81.5
10,2022-05-01,381600,106
10,2022-06-01,373500,103.75
10,2022-07-01,367200,102
10,2022-08-01,363600,101
10,2022-09-01,141300,39.25
10,2022-10-01,342000,95
10,2022-11-01,359100,99.75
10,2022-12-01,172800,48
10,2023-01-01,360000,100
10,2023-02-01,364500,101.25
10,2023-03-01,328500,91.25
10,2023-04-01,83700,23.25
10,2023-05-01,343800,95.5
10,2023-06-01,336600,93.5
10,2023-07-01,322200,89.5
10,2023-08-01,333900,92.75
10,2023-09-01,200700,55.75
10,2023-10-01,352800,98
10,2023-11-01,315900,87.75
10,2023-12-01,199800,55.5
10,2024-01-01,376200,104.5
10,2024-02-01,371700,103.25
10,2024-03-01,290700,80.75
10,2024-04-01,333000,92.5
10,2024-05-01,264600,73.5
10,2024-06-01,345600,96
10,2024-07-01,345600,96
10,2024-08-01,333000,92.5
10,2024-09-01,192600,53.5
10,2024-10-01,351000,97.5
10,2024-11-01,286200,79.5
10,2024-12-01,219600,61
10,2025-01-01,317700,88.25
10,2025-02-01,350100,97.25
10,2025-03-01,288900,80.25
10,2025-04-01,361800,100.5
10,2025-05-01,330300,91.75
10,2025-06-01,235800,65.5
10,2025-07-01,65700,18.25
11,2006-05-01,34200,9.5
11,2006-08-01,495900,137.75
11,2006-09-01,613800,170.5
11,2006-10-01,686700,190.75
11,2006-11-01,484200,134.5
11,2006-12-01,511200,142
11,2007-01-01,739800,205.5
11,2007-02-01,742500,206.25
11,2007-03-01,617400,171.5
11,2007-04-01,691200,192
11,2007-05-01,730800,203
11,2007-06-01,613800,170.5
11,2007-07-01,650700,180.75
11,2007-08-01,358200,99.5
11,2007-09-01,655200,182
11,2007-10-01,792900,220.25
11,2007-11-01,552600,153.5
11,2007-12-01,135000,37.5
11,2008-01-01,635400,176.5
11,2008-02-01,589500,163.75
11,2008-03-01,498600,138.5
11,2008-04-01,651600,181
11,2008-05-01,497700,138.25
11,2008-06-01,439200,122
11,2008-07-01,486900,135.25
11,2008-08-01,433800,120.5
11,2008-09-01,474300,131.75
11,2008-10-01,693900,192.75
11,2008-11-01,719100,199.75
11,2008-12-01,390600,108.5
11,2009-01-01,608400,169
11,2009-02-01,251100,69.75
11,2009-03-01,693900,192.75
11,2009-04-01,597600,166
11,2009-05-01,485100,134.75
11,2009-06-01,572400,159
11,2009-07-01,706500,196.25
11,2009-08-01,376200,104.5
11,2009-09-01,594000,165
11,2009-10-01,778500,216.25
11,2009-11-01,746100,207.25
11,2009-12-01,425700,118.25
11,2010-01-01,614700,170.75
11,2010-02-01,630000,175
11,2010-03-01,787500,218.75
11,2010-04-01,658800,183
11,2010-05-01,494100,137.25
11,2010-06-01,526500,146.25
11,2010-07-01,413100,114.75
11,2010-08-01,532800,148
11,2010-09-01,677700,188.25
11,2010-10-01,649800,180.5
11,2010-11-01,717300,199.25
11,2010-12-01,272700,75.75
11,2011-01-01,519300,144.25
11,2011-02-01,579600,161
11,2011-03-01,642600,178.5
11,2011-04-01,291600,81
11,2011-05-01,709200,197
11,2011-06-01,654300,181.75
11,2011-07-01,663300,184.25
11,2011-08-01,193500,53.75
11,2011-09-01,647100,179.75
11,2011-10-01,621000,172.5
11,2011-11-01,729900,202.75
11,2011-12-01,518400,144
11,2012-01-01,741600,206
11,2012-02-01,753300,209.25
11,2012-03-01,732600,203.5
11,2012-04-01,603900,167.75
11,2012-05-01,405000,112.5
11,2012-06-01,452700,125.75
11,2012-07-01,648000,180
11,2012-08-01,495000,137.5
11,2012-09-01,461700,128.25
11,2012-10-01,747000,207.5
11,2012-11-01,648000,180
11,2012-12-01,382500,106.25
11,2013-01-01,500400,139
11,2013-02-01,471600,131
11,2013-03-01,471600,131
11,2013-04-01,319500,88.75
11,2013-05-01,593100,164.75
11,2013-06-01,527400,146.5
11,2013-07-01,622800,173
11,2013-08-01,293400,81.5
11,2013-09-01,618300,171.75
11,2013-10-01,526500,146.25
11,2013-11-01,672300,186.75
11,2013-12-01,400500,111.25
11,2014-01-01,576000,160
11,2014-02-01,547200,152
11,2014-03-01,468900,130.25
11,2014-04-01,435600,121
11,2014-05-01,581400,161.5
11,2014-06-01,547200,152
11,2014-07-01,662400,184
11,2014-08-01,253800,70.5
11,2014-09-01,547200,152
11,2014-10-01,576000,160
11,2014-11-01,543600,151
11,2014-12-01,409500,113.75
11,2015-01-01,518400,144
11,2015-02-01,547200,152
11,2015-03-01,574200,159.5
11,2015-04-01,460800,128
11,2015-05-01,201600,56
11,2015-06-01,518400,144
11,2015-07-01,662400,184
11,2015-08-01,460800,128
11,2015-09-01,518400,144
11,2015-10-01,767700,213.25
11,2015-11-01,576900,160.25
11,2015-12-01,441000,122.5
11,2016-01-01,345600,96
11,2016-02-01,432000,120
11,2016-03-01,547200,152
11,2016-04-01,604800,168
11,2016-05-01,460800,128
11,2016-06-01,576000,160
11,2016-07-01,604800,168
11,2016-08-01,489600,136
11,2016-09-01,547200,152
11,2016-10-01,460800,128
11,2016-11-01,345600,96
11,2016-12-01,432000,120
11,2017-01-01,604800,168
11,2017-02-01,576000,160
11,2017-03-01,576000,160
11,2017-04-01,460800,128
11,2017-05-01,489600,136
11,2017-06-01,489600,136
11,2017-07-01,576000,160
11,2017-08-01,576000,160
11,2017-09-01,604800,168
11,2017-10-01,576000,160
11,2017-11-01,286200,79.5
11,2017-12-01,403200,112
11,2018-01-01,374400,104
11,2018-02-01,489600,136
11,2018-03-01,576000,160
11,2018-04-01,576000,160
11,2018-05-01,547200,152
11,2018-06-01,547200,152
11,2018-07-01,633600,176
11,2018-08-01,518400,144
11,2018-09-01,489600,136
11,2018-10-01,633600,176
11,2018-11-01,259200,72
11,2018-12-01,432000,120
11,2019-01-01,633600,176
11,2019-02-01,576000,160
11,2019-03-01,432000,120
11,2019-04-01,576000,160
11,2019-05-01,547200,152
11,2019-06-01,489600,136
11,2019-07-01,691200,192
11,2019-08-01,429300,119.25
11,2019-09-01,563400,156.5
11,2019-10-01,492300,136.75
11,2019-11-01,547200,152
11,2019-12-01,453600,126
11,2020-01-01,612000,170
11,2020-02-01,489600,136
11,2020-03-01,633600,176
11,2020-04-01,576000,160
11,2020-05-01,547200,152
11,2020-06-01,489600,136
11,2020-07-01,603000,167.5
11,2020-08-01,442800,123
11,2020-09-01,460800,128
11,2020-10-01,518400,144
11,2020-11-01,518400,144
11,2020-12-01,460800,128
11,2021-01-01,547200,152
11,2021-02-01,547200,152
11,2021-03-01,622800,173
11,2021-04-01,518400,144
11,2021-05-01,518400,144
11,2021-06-01,489600,136
11,2021-07-01,633600,176
11,2021-08-01,302400,84
11,2021-09-01,532800,148
11,2021-10-01,633600,176
11,2021-11-01,688500,191.25
11,2021-12-01,391500,108.75
11,2022-01-01,576000,160
11,2022-02-01,547200,152
11,2022-03-01,633600,176
11,2022-04-01,432000,120
11,2022-05-01,504000,140
11,2022-06-01,576000,160
11,2022-07-01,590400,164
11,2022-08-01,561600,156
11,2022-09-01,201600,56
11,2022-10-01,591300,164.25
11,2022-11-01,603900,167.75
11,2022-12-01,388800,108
11,2023-01-01,576000,160
11,2023-02-01,576000,160
11,2023-03-01,662400,184
11,2023-04-01,316800,88
11,2023-05-01,547200,152
11,2023-06-01,489600,136
11,2023-07-01,547200,152
11,2023-08-01,460800,128
11,2023-09-01,432000,120
11,2023-10-01,579600,161
11,2023-11-01,604800,168
11,2023-12-01,432000,120
11,2024-01-01,633600,176
11,2024-02-01,604800,168
11,2024-03-01,576000,160
11,2024-04-01,584100,162.25
11,2024-05-01,465300,129.25
11,2024-06-01,576000,160
11,2024-07-01,662400,184
11,2024-08-01,496800,138
11,2024-09-01,288000,80
11,2024-10-01,547200,152
11,2024-11-01,577800,160.5
11,2024-12-01,432000,120
11,2025-01-01,659700,183.25
11,2025-02-01,612000,170
11,2025-03-01,639000,177.5
11,2025-04-01,569700,158.25
11,2025-05-01,576000,160
11,2025-06-01,554400,154
11,2025-07-01,113400,31.5
12,2006-05-01,25200,7
12,2006-08-01,167400,46.5
12,2006-09-01,461700,128.25
12,2006-10-01,432900,120.25
12,2006-11-01,432000,120
12,2006-12-01,452700,125.75
12,2007-01-01,414900,115.25
12,2007-02-01,484200,134.5
12,2007-03-01,671400,186.5
12,2007-04-01,330300,91.75
12,2007-05-01,432000,120
12,2007-06-01,508500,141.25
12,2007-07-01,562500,156.25
12,2007-08-01,205200,57
12,2007-09-01,430200,119.5
12,2007-10-01,478800,133
12,2007-11-01,480600,133.5
12,2007-12-01,497700,138.25
12,2008-01-01,403200,112
12,2008-02-01,499500,138.75
12,2008-03-01,256500,71.25
12,2008-04-01,453600,126
12,2008-05-01,410400,114
12,2008-06-01,453600,126
12,2008-07-01,380700,105.75
12,2008-08-01,111600,31
12,2008-09-01,578700,160.75
12,2008-10-01,388800,108
12,2008-11-01,540000,150
12,2008-12-01,366300,101.75
12,2009-01-01,432900,120.25
12,2009-02-01,374400,104
12,2009-03-01,579600,161
12,2009-04-01,428400,119
12,2009-05-01,390600,108.5
12,2009-06-01,535500,148.75
12,2009-07-01,489600,136
12,2009-08-01,28800,8
12,2009-09-01,487800,135.5
12,2009-10-01,419400,116.5
12,2009-11-01,594900,165.25
12,2009-12-01,306900,85.25
12,2010-01-01,356400,99
12,2010-02-01,261900,72.75
12,2010-03-01,609300,169.25
12,2010-04-01,433800,120.5
12,2010-05-01,555300,154.25
12,2010-06-01,575100,159.75
12,2010-07-01,475200,132
12,2010-08-01,135900,37.75
12,2010-09-01,512100,142.25
12,2010-10-01,605700,168.25
12,2010-11-01,653400,181.5
12,2010-12-01,481500,133.75
12,2011-01-01,477000,132.5
12,2011-02-01,557100,154.75
12,2011-03-01,792000,220
12,2011-04-01,413100,114.75
12,2011-05-01,675000,187.5
12,2011-06-01,337500,93.75
12,2011-07-01,610200,169.5
12,2011-08-01,252900,70.25
12,2011-09-01,689400,191.5
12,2011-10-01,574200,159.5
12,2011-11-01,620100,172.25
12,2011-12-01,395100,109.75
12,2012-01-01,321300,89.25
12,2012-02-01,489600,136
12,2012-03-01,562500,156.25
12,2012-04-01,412200,114.5
12,2012-05-01,531000,147.5
12,2012-06-01,279000,77.5
12,2012-08-01,115200,32
12,2012-09-01,513900,142.75
12,2012-10-01,589500,163.75
12,2012-11-01,543600,151
12,2012-12-01,439200,122
12,2013-01-01,403200,112
12,2013-02-01,385200,107
12,2013-03-01,403200,112
12,2013-04-01,394200,109.5
12,2013-05-01,412200,114.5
12,2013-06-01,522900,145.25
12,2013-07-01,466200,129.5
12,2013-08-01,297000,82.5
12,2013-09-01,469800,130.5
12,2013-10-01,562500,156.25
12,2013-11-01,477600,132.66666666666666
12,2013-12-01,178200,49.5
12,2014-01-01,466560,129.6
12,2014-02-01,492480,136.8
12,2014-03-01,492480,136.8
12,2014-04-01,440640,122.4
12,2014-05-01,492480,136.8
12,2014-06-01,403200,112
12,2014-07-01,518400,144
12,2014-08-01,288000,80
12,2014-09-01,604800,168
12,2014-10-01,604800,168
12,2014-11-01,518400,144
12,2014-12-01,201600,56
12,2015-01-01,563400,156.5
12,2015-02-01,563400,156.5
12,2015-03-01,644400,179
12,2015-04-01,533700,148.25
12,2015-05-01,540900,150.25
12,2015-06-01,125100,34.75
12,2015-07-01,648000,180
12,2015-08-01,471600,131
12,2015-09-01,615600,171
12,2015-10-01,315900,87.75
12,2015-11-01,28800,8
12,2015-12-01,483300,134.25
12,2016-01-01,478800,133
12,2016-02-01,471600,131
12,2016-03-01,604800,168
12,2016-04-01,316800,88
12,2016-05-01,547200,152
12,2016-06-01,633600,176
12,2016-07-01,604800,168
12,2016-08-01,518400,144
12,2016-09-01,201600,56
12,2016-10-01,547200,152
12,2016-11-01,604800,168
12,2016-12-01,576000,160
12,2017-01-01,505800,140.5
12,2017-02-01,572400,159
12,2017-03-01,660600,183.5
12,2017-04-01,430200,119.5
12,2017-05-01,540000,150
12,2017-06-01,430200,119.5
12,2017-07-01,432000,120
12,2017-08-01,560700,155.75
12,2017-09-01,631800,175.5
12,2017-10-01,579600,161
12,2017-11-01,678600,188.5
12,2018-01-01,633600,176
12,2018-02-01,432000,120
12,2018-03-01,603000,167.5
12,2018-04-01,576000,160
12,2018-05-01,288000,80
12,2018-06-01,601200,167
12,2018-07-01,573300,159.25
12,2018-08-01,522900,145.25
12,2018-09-01,659700,183.25
12,2018-10-01,711900,197.75
12,2018-11-01,512100,142.25
12,2018-12-01,78300,21.75
12,2019-01-01,547200,152
12,2019-02-01,576000,160
12,2019-03-01,593100,164.75
12,2019-04-01,435600,121
12,2019-05-01,548100,152.25
12,2019-06-01,278100,77.25
12,2019-07-01,623700,173.25
12,2019-08-01,190800,53
12,2019-09-01,693900,192.75
12,2019-10-01,551700,153.25
12,2019-11-01,633600,176
12,2019-12-01,456300,126.75
12,2020-01-01,308700,85.75
12,2020-02-01,612000,170
12,2020-03-01,669600,186
12,2020-04-01,437400,121.5
12,2020-05-01,566100,157.25
12,2020-06-01,402300,111.75
12,2020-07-01,564300,156.75
12,2020-08-01,589500,163.75
12,2020-09-01,627300,174.25
12,2020-10-01,332100,92.25
12,2020-11-01,592200,164.5
12,2020-12-01,390600,108.5
12,2021-01-01,432000,120
12,2021-02-01,576000,160
12,2021-03-01,576000,160
12,2021-04-01,547200,152
12,2021-05-01,547200,152
12,2021-06-01,604800,168
12,2021-07-01,201600,56
12,2021-08-01,633600,176
12,2021-09-01,633600,176
12,2021-10-01,576000,160
12,2021-11-01,489600,136
12,2021-12-01,374400,104
12,2022-01-01,460800,128
12,2022-02-01,576000,160
12,2022-03-01,662400,184
12,2022-04-01,432000,120
12,2022-05-01,604800,168
12,2022-06-01,576000,160
12,2022-07-01,316800,88
12,2022-08-01,518400,144
12,2022-09-01,633600,176
12,2022-10-01,576000,160
12,2022-11-01,374400,104
12,2022-12-01,432000,120
12,2023-01-01,525600,146
12,2023-02-01,612000,170
12,2023-03-01,698400,194
12,2023-04-01,158400,44
12,2023-05-01,613800,170.5
12,2023-06-01,640800,178
12,2023-07-01,187200,52
12,2023-08-01,439200,122
12,2023-09-01,641700,178.25
12,2023-10-01,554400,154
12,2023-11-01,645300,179.25
12,2023-12-01,144000,40
12,2024-01-01,524700,145.75
12,2024-02-01,604800,168
12,2024-03-01,553500,153.75
12,2024-04-01,561600,156
12,2024-05-01,489600,136
12,2024-06-01,576000,160
12,2024-07-01,230400,64
12,2024-08-01,658800,183
12,2024-09-01,624600,173.5
12,2024-10-01,468000,130
12,2024-11-01,595800,165.5
12,2024-12-01,316800,88
12,2025-01-01,553500,153.75
12,2025-02-01,574200,159.5
12,2025-03-01,612000,170
12,2025-04-01,345600,96
12,2025-05-01,581400,161.5
12,2025-06-01,190800,53
13,2006-08-01,286200,79.5
13,2006-09-01,417600,116
13,2006-10-01,126000,35
13,2006-11-01,248400,69
13,2006-12-01,192600,53.5
13,2007-01-01,288000,80
13,2007-02-01,347400,96.5
13,2007-03-01,466200,129.5
13,2007-04-01,397800,110.5
13,2007-05-01,460800,128
13,2007-06-01,513000,142.5
13,2007-07-01,444600,123.5
13,2007-08-01,781200,217
13,2007-09-01,496800,138
13,2007-10-01,567000,157.5
13,2007-11-01,180000,50
13,2007-12-01,493200,137
13,2008-01-01,363600,101
13,2008-02-01,608400,169
13,2008-03-01,518400,144
13,2008-04-01,327600,91
13,2008-05-01,405000,112.5
13,2008-06-01,279000,77.5
13,2008-07-01,475200,132
13,2008-08-01,444600,123.5
13,2008-09-01,648000,180
13,2008-10-01,379800,105.5
13,2008-11-01,178200,49.5
13,2008-12-01,325800,90.5
13,2009-01-01,403200,112
13,2009-02-01,325800,90.5
13,2009-03-01,379800,105.5
13,2009-04-01,352800,98
13,2009-05-01,338400,94
13,2009-06-01,347400,96.5
13,2009-07-01,394200,109.5
13,2009-08-01,243000,67.5
13,2009-09-01,120600,33.5
13,2009-10-01,280800,78
13,2009-11-01,325800,90.5
13,2009-12-01,230400,64
13,2010-01-01,261000,72.5
13,2010-02-01,275400,76.5
13,2010-03-01,309600,86
13,2010-04-01,216000,60
13,2010-05-01,223200,62
13,2010-06-01,208800,58
13,2010-07-01,64800,18
13,2010-08-01,48600,13.5
13,2010-09-01,73800,20.5
13,2010-10-01,187200,52
13,2010-11-01,187200,52
13,2010-12-01,181800,50.5
13,2011-01-01,576000,160
13,2011-02-01,547200,152
13,2011-03-01,504000,140
13,2011-04-01,432000,120
13,2011-05-01,547200,152
13,2011-06-01,345600,96
13,2011-07-01,626400,174
13,2011-08-01,662400,184
13,2011-09-01,57600,16
13,2011-10-01,234000,65
13,2011-11-01,604800,168
13,2011-12-01,604800,168
13,2012-01-01,102600,28.5
13,2012-02-01,500400,139
13,2012-03-01,507600,141
13,2012-04-01,496800,138
13,2012-05-01,469800,130.5
13,2012-06-01,390600,108.5
13,2012-07-01,239400,66.5
13,2012-08-01,592200,164.5
13,2012-09-01,444600,123.5
13,2012-10-01,523800,145.5
13,2012-11-01,217800,60.5
13,2012-12-01,178200,49.5
13,2013-01-01,660600,183.5
13,2013-02-01,567000,157.5
13,2013-03-01,522000,145
13,2013-04-01,667800,185.5
13,2013-05-01,549000,152.5
13,2013-06-01,606600,168.5
13,2013-07-01,99000,27.5
13,2013-08-01,358200,99.5
13,2013-09-01,640800,178
13,2013-10-01,678600,188.5
13,2013-11-01,311400,86.5
13,2013-12-01,390600,108.5
13,2014-01-01,639000,177.5
13,2014-02-01,567000,157.5
13,2014-03-01,171000,47.5
13,2014-04-01,626400,174
13,2014-05-01,606600,168.5
13,2014-06-01,450000,125
13,2014-07-01,680400,189
13,2014-08-01,574200,159.5
15,2006-05-01,18000,5
15,2006-08-01,257400,71.5
15,2006-09-01,167400,46.5
15,2006-10-01,286200,79.5
15,2006-11-01,313200,87
15,2006-12-01,284400,79
15,2007-01-01,302400,84
15,2007-02-01,189000,52.5
15,2007-03-01,172800,48
15,2007-04-01,293400,81.5
15,2007-05-01,252000,70
15,2007-06-01,286200,79.5
15,2007-07-01,275400,76.5
15,2007-08-01,187200,52
15,2007-09-01,216000,60
15,2007-10-01,291600,81
15,2007-11-01,306000,85
15,2007-12-01,221400,61.5
15,2008-01-01,295200,82
15,2008-02-01,214200,59.5
15,2008-03-01,257400,71.5
15,2008-04-01,324000,90
15,2008-05-01,144000,40
15,2008-06-01,302400,84
15,2008-07-01,334800,93
15,2008-08-01,156600,43.5
15,2008-09-01,246600,68.5
15,2008-10-01,291600,81
15,2008-11-01,293400,81.5
15,2008-12-01,243000,67.5
15,2009-01-01,207000,57.5
15,2009-02-01,288000,80
15,2009-03-01,273600,76
15,2009-04-01,291600,81
15,2009-05-01,192600,53.5
15,2009-06-01,280800,78
15,2009-07-01,358200,99.5
15,2009-08-01,185400,51.5
15,2009-09-01,181800,50.5
15,2009-10-01,347400,96.5
15,2009-11-01,347400,96.5
15,2009-12-01,216000,60
15,2010-01-01,255600,71
15,2010-02-01,293400,81.5
15,2010-03-01,257400,71.5
15,2010-04-01,302400,84
15,2010-05-01,262800,73
15,2010-06-01,304200,84.5
15,2010-07-01,394200,109.5
15,2010-08-01,154800,43
15,2010-09-01,419400,116.5
15,2010-10-01,329400,91.5
15,2010-11-01,158400,44
15,2010-12-01,194400,54
15,2011-01-01,217800,60.5
15,2011-02-01,298800,83
15,2011-03-01,300600,83.5
15,2011-04-01,221400,61.5
15,2011-05-01,316800,88
15,2011-06-01,241200,67
15,2011-07-01,322200,89.5
15,2011-08-01,99000,27.5
15,2011-09-01,232200,64.5
15,2011-10-01,280800,78
15,2011-11-01,316800,88
15,2011-12-01,217800,60.5
15,2012-01-01,223200,62
15,2012-02-01,284400,79
15,2012-03-01,110700,30.75
15,2012-04-01,150300,41.75
15,2012-05-01,299700,83.25
15,2012-06-01,274500,76.25
15,2012-07-01,315900,87.75
15,2012-08-01,187200,52
15,2012-09-01,144900,40.25
15,2012-10-01,339300,94.25
15,2012-11-01,337500,93.75
15,2012-12-01,189000,52.5
15,2013-01-01,274500,76.25
15,2013-02-01,288900,80.25
15,2013-03-01,158400,44
15,2013-04-01,299700,83.25
15,2013-05-01,225000,62.5
15,2013-06-01,241200,67
15,2013-07-01,219600,61
15,2013-08-01,220500,61.25
15,2013-09-01,195300,54.25
15,2013-10-01,299700,83.25
15,2013-11-01,328500,91.25
15,2013-12-01,205200,57
15,2014-01-01,284400,79
15,2014-02-01,262800,73
15,2014-03-01,254700,70.75
15,2014-04-01,159300,44.25
15,2014-05-01,269100,74.75
15,2014-06-01,272700,75.75
15,2014-07-01,298800,83
15,2014-08-01,296100,82.25
15,2014-09-01,155700,43.25
15,2014-10-01,101700,28.25
15,2014-11-01,288900,80.25
15,2014-12-01,207000,57.5
15,2015-01-01,216000,60
15,2015-02-01,301500,83.75
15,2015-03-01,307800,85.5
15,2015-04-01,271800,75.5
15,2015-05-01,177300,49.25
15,2015-06-01,259200,72
15,2015-07-01,324900,90.25
15,2015-08-01,241200,67
15,2015-09-01,189900,52.75
15,2015-10-01,354600,98.5
15,2015-11-01,163800,45.5
15,2015-12-01,230400,64
15,2016-01-01,244800,68
15,2016-02-01,303300,84.25
15,2016-03-01,304200,84.5
15,2016-04-01,378000,105
15,2016-05-01,162000,45
15,2016-06-01,324000,90
15,2016-07-01,360000,100
15,2016-08-01,234000,65
15,2016-09-01,342000,95
15,2016-10-01,259200,72
15,2016-11-01,230400,64
15,2016-12-01,308700,85.75
15,2017-01-01,244800,68
15,2017-02-01,187200,52
15,2017-03-01,259200,72
15,2017-04-01,259200,72
15,2017-05-01,302400,84
15,2017-06-01,273600,76
15,2017-07-01,302400,84
15,2017-08-01,273600,76
15,2017-09-01,216000,60
15,2017-10-01,230400,64
15,2017-11-01,273600,76
15,2017-12-01,187200,52
15,2018-01-01,217800,60.5
15,2018-02-01,210600,58.5
15,2018-03-01,334800,93
15,2018-04-01,270900,75.25
15,2018-05-01,144900,40.25
15,2018-06-01,241200,67
15,2018-07-01,306900,85.25
15,2018-08-01,162900,45.25
15,2018-09-01,260100,72.25
15,2018-10-01,242100,67.25
15,2018-11-01,191700,53.25
15,2018-12-01,201600,56
15,2019-01-01,277200,77
15,2019-02-01,306000,85
15,2019-03-01,258300,71.75
15,2019-04-01,204300,56.75
15,2019-05-01,244800,68
15,2019-06-01,244800,68
15,2019-07-01,336600,93.5
15,2019-08-01,302400,84
15,2019-09-01,163800,45.5
15,2019-10-01,273600,76
15,2019-11-01,288000,80
15,2019-12-01,200700,55.75
15,2020-01-01,230400,64
15,2020-02-01,296100,82.25
15,2020-03-01,303300,84.25
15,2020-04-01,242100,67.25
15,2020-05-01,281700,78.25
15,2020-06-01,274500,76.25
15,2020-07-01,241200,67
15,2020-08-01,310500,86.25
15,2020-09-01,157500,43.75
15,2020-10-01,306900,85.25
15,2020-11-01,291600,81
15,2020-12-01,232200,64.5
15,2021-01-01,277200,77
15,2021-02-01,234900,65.25
15,2021-03-01,301500,83.75
15,2021-04-01,296100,82.25
15,2021-05-01,275400,76.5
15,2021-06-01,235800,65.5
15,2021-07-01,199800,55.5
15,2021-08-01,319500,88.75
15,2021-09-01,202500,56.25
15,2021-10-01,311400,86.5
15,2021-11-01,250200,69.5
15,2021-12-01,112500,31.25
15,2022-01-01,288000,80
15,2022-02-01,305100,84.75
15,2022-03-01,310500,86.25
15,2022-04-01,90900,25.25
15,2022-05-01,259200,72
15,2022-06-01,279900,77.75
15,2022-07-01,231300,64.25
15,2022-08-01,322200,89.5
15,2022-09-01,183600,51
15,2022-10-01,275400,76.5
15,2022-11-01,316800,88
15,2022-12-01,146700,40.75
15,2023-01-01,230400,64
15,2023-02-01,288000,80
15,2023-03-01,295200,82
15,2023-04-01,259200,72
15,2023-05-01,244800,68
15,2023-06-01,302400,84
15,2023-07-01,215100,59.75
15,2023-08-01,295200,82
15,2023-09-01,163800,45.5
15,2023-10-01,255600,71
15,2023-11-01,309600,86
15,2023-12-01,85500,23.75
15,2024-01-01,295200,82
15,2024-02-01,305100,84.75
15,2024-03-01,238500,66.25
15,2024-04-01,316800,88
15,2024-05-01,207000,57.5
15,2024-06-01,216000,60
15,2024-07-01,322200,89.5
15,2024-08-01,282600,78.5
15,2024-09-01,175500,48.75
15,2024-10-01,346500,96.25
15,2024-11-01,286200,79.5
15,2024-12-01,162000,45
15,2025-01-01,310500,86.25
15,2025-02-01,287100,79.75
15,2025-03-01,279000,77.5
15,2025-04-01,307800,85.5
15,2025-05-01,260100,72.25
15,2025-06-01,96300,26.75
15,2025-07-01,62100,17.25
18,2006-05-01,30600,8.5
18,2006-08-01,243000,67.5
18,2006-09-01,345000,95.83333333333333
18,2006-10-01,635100,176.41666666666666
18,2006-11-01,689100,191.41666666666666
18,2006-12-01,353700,98.25
18,2007-01-01,723300,200.91666666666666
18,2007-02-01,636600,176.83333333333334
18,2007-03-01,678900,188.58333333333334
18,2007-04-01,453600,126
18,2007-05-01,674400,187.33333333333334
18,2007-06-01,570600,158.5
18,2007-07-01,675300,187.58333333333334
18,2007-08-01,279900,77.75
18,2007-09-01,652800,181.33333333333334
18,2007-10-01,538800,149.66666666666666
18,2007-11-01,640200,177.83333333333334
18,2007-12-01,490500,136.25
18,2008-01-01,644640,179.06666666666666
18,2008-02-01,663000,184.16666666666666
18,2008-03-01,426000,118.33333333333333
18,2008-04-01,584580,162.38333333333333
18,2008-05-01,540900,150.25
18,2008-06-01,464700,129.08333333333334
18,2008-07-01,721500,200.41666666666666
18,2008-08-01,235800,65.5
18,2008-09-01,598500,166.25
18,2008-10-01,372300,103.41666666666667
18,2008-11-01,570600,158.5
18,2008-12-01,309300,85.91666666666667
18,2009-01-01,511800,142.16666666666666
18,2009-02-01,523200,145.33333333333334
18,2010-05-01,268800,74.66666666666667
18,2010-06-01,333900,92.75
18,2010-07-01,345600,96
18,2010-08-01,213300,59.25
18,2010-09-01,261900,72.75
18,2010-10-01,319500,88.75
18,2010-11-01,361980,100.55
18,2010-12-01,251100,69.75
18,2011-01-01,190800,53
18,2011-02-01,231300,64.25
18,2011-03-01,295200,82
18,2011-04-01,204000,56.666666666666664
18,2011-05-01,240300,66.75
18,2011-06-01,29700,8.25
18,2012-05-01,135000,37.5
18,2012-06-01,110700,30.75
18,2012-07-01,168300,46.75
18,2012-08-01,42300,11.75
18,2012-09-01,348900,96.91666666666667
18,2012-10-01,333000,92.5
18,2012-11-01,236700,65.75
18,2012-12-01,172800,48
18,2013-01-01,266400,74
18,2013-02-01,258000,71.66666666666667
18,2013-03-01,281700,78.25
18,2013-04-01,198000,55
18,2013-05-01,258600,71.83333333333333
18,2013-06-01,331800,92.16666666666667
18,2013-07-01,289800,80.5
18,2013-08-01,250200,69.5
18,2013-09-01,64800,18
18,2013-10-01,327000,90.83333333333333
18,2013-11-01,349800,97.16666666666667
18,2013-12-01,230400,64
18,2014-01-01,254400,70.66666666666667
18,2014-02-01,249600,69.33333333333333
18,2014-03-01,264000,73.33333333333333
18,2014-04-01,240000,66.66666666666667
18,2014-05-01,254400,70.66666666666667
18,2014-06-01,182400,50.666666666666664
18,2014-07-01,350400,97.33333333333333
18,2014-08-01,163200,45.333333333333336
18,2014-09-01,139200,38.666666666666664
18,2014-10-01,321600,89.33333333333333
18,2014-11-01,244800,68
18,2014-12-01,211200,58.666666666666664
18,2015-01-01,249600,69.33333333333333
18,2015-02-01,233100,64.75
18,2015-03-01,249600,69.33333333333333
18,2015-04-01,230400,64
18,2015-05-01,293400,81.5
18,2015-06-01,369000,102.5
18,2015-07-01,418500,116.25
18,2015-08-01,341100,94.75
18,2015-09-01,147600,41
18,2015-10-01,321300,89.25
18,2015-11-01,97200,27
18,2015-12-01,218400,60.666666666666664
18,2016-01-01,259200,72
18,2016-02-01,282600,78.5
18,2016-03-01,288000,80
18,2016-04-01,57600,16
18,2017-05-01,168000,46.666666666666664
18,2017-06-01,156000,43.333333333333336
18,2017-07-01,288000,80
18,2017-08-01,216000,60
18,2017-09-01,187200,52
18,2017-10-01,280800,78
18,2017-11-01,280800,78
18,2017-12-01,216000,60
18,2018-01-01,252000,70
18,2018-02-01,108000,30
18,2018-03-01,252000,70
18,2018-04-01,225900,62.75
18,2018-05-01,294300,81.75
18,2018-06-01,300600,83.5
18,2018-07-01,295200,82
18,2018-08-01,208800,58
18,2018-09-01,144000,40
18,2018-10-01,279000,77.5
18,2018-11-01,295200,82
18,2018-12-01,216000,60
18,2019-01-01,280800,78
18,2019-02-01,252000,70
18,2019-03-01,259200,72
18,2019-04-01,151200,42
18,2019-05-01,259200,72
18,2019-06-01,230400,64
18,2019-07-01,324000,90
18,2019-08-01,216000,60
18,2019-09-01,180000,50
18,2019-10-01,349200,97
18,2019-11-01,230400,64
18,2019-12-01,176400,49
18,2020-01-01,288000,80
18,2020-02-01,180000,50
18,2020-03-01,295200,82
18,2020-04-01,256500,71.25
18,2020-05-01,259200,72
18,2020-06-01,165600,46
18,2020-07-01,352800,98
18,2020-08-01,225900,62.75
18,2020-09-01,180000,50
18,2020-10-01,324000,90
18,2020-11-01,280800,78
18,2020-12-01,216000,60
18,2021-01-01,252000,70
18,2021-02-01,288000,80
18,2021-03-01,324000,90
18,2021-04-01,244800,68
18,2021-05-01,180000,50
18,2021-06-01,295200,82
18,2021-07-01,252000,70
18,2021-08-01,216000,60
18,2021-09-01,180000,50
18,2021-10-01,295200,82
18,2021-11-01,223200,62
18,2021-12-01,244800,68
18,2022-01-01,257400,71.5
18,2022-02-01,259200,72
18,2022-03-01,295200,82
18,2022-04-01,208800,58
18,2022-05-01,219600,61
18,2022-06-01,331200,92
18,2022-07-01,315000,87.5
18,2022-08-01,219600,61
18,2022-09-01,194400,54
18,2022-10-01,277200,77
18,2022-11-01,280800,78
18,2022-12-01,151200,42
18,2023-01-01,359100,99.75
18,2023-02-01,100800,28
18,2023-03-01,300600,83.5
18,2023-04-01,247500,68.75
18,2023-05-01,169200,47
18,2023-06-01,366300,101.75
18,2023-07-01,378900,105.25
18,2023-08-01,158400,44
18,2023-09-01,255600,71
18,2023-10-01,351900,97.75
18,2023-11-01,381600,106
18,2023-12-01,220500,61.25
18,2024-01-01,371700,103.25
18,2024-02-01,285300,79.25
18,2024-03-01,364500,101.25
18,2024-04-01,253800,70.5
18,2024-05-01,270900,75.25
18,2024-06-01,345600,96
18,2024-07-01,360000,100
18,2024-08-01,201600,56
18,2024-09-01,293400,81.5
18,2024-10-01,347400,96.5
18,2024-11-01,313200,87
18,2024-12-01,221400,61.5
18,2025-01-01,310500,86.25
18,2025-02-01,364500,101.25
18,2025-03-01,274500,76.25
18,2025-04-01,343800,95.5
18,2025-05-01,353700,98.25
18,2025-06-01,376200,104.5
18,2025-07-01,108000,30
19,2006-09-01,154800,43
19,2006-10-01,313200,87
19,2006-11-01,304200,84.5
19,2006-12-01,237600,66
19,2007-01-01,309600,86
19,2007-02-01,244800,68
19,2007-03-01,295200,82
19,2007-04-01,297000,82.5
19,2007-05-01,273600,76
19,2007-06-01,300600,83.5
19,2007-07-01,273600,76
19,2007-08-01,72000,20
19,2007-09-01,270000,75
19,2007-10-01,379800,105.5
19,2007-11-01,385200,107
19,2007-12-01,270000,75
19,2008-01-01,334800,93
19,2008-02-01,270000,75
19,2008-03-01,282600,78.5
19,2008-04-01,399600,111
19,2008-05-01,237600,66
19,2008-06-01,378000,105
19,2008-07-01,403200,112
19,2008-08-01,25200,7
19,2008-09-01,324000,90
19,2008-10-01,352800,98
19,2008-11-01,306000,85
19,2008-12-01,306000,85
19,2009-01-01,354600,98.5
19,2009-02-01,270000,75
19,2009-03-01,414000,115
19,2009-04-01,253800,70.5
19,2009-05-01,354600,98.5
19,2009-06-01,219600,61
19,2009-07-01,419400,116.5
19,2009-08-01,72000,20
19,2009-09-01,241200,67
19,2009-10-01,423000,117.5
19,2009-11-01,406800,113
19,2009-12-01,342000,95
19,2010-01-01,444600,123.5
19,2010-02-01,302400,84
19,2010-03-01,417600,116
19,2010-04-01,388800,108
19,2010-05-01,417600,116
19,2010-06-01,379800,105.5
19,2010-07-01,396000,110
19,2010-08-01,199800,55.5
19,2010-09-01,257400,71.5
19,2010-10-01,399600,111
19,2010-11-01,351000,97.5
19,2010-12-01,392400,109
19,2011-01-01,504000,140
19,2011-02-01,381600,106
19,2011-03-01,324000,90
19,2011-04-01,333000,92.5
19,2011-05-01,522000,145
19,2011-06-01,275400,76.5
19,2011-07-01,378000,105
19,2011-08-01,154800,43
19,2011-09-01,342000,95
19,2011-10-01,331200,92
19,2011-11-01,230400,64
19,2011-12-01,309600,86
19,2012-01-01,414000,115
19,2012-02-01,322200,89.5
19,2012-03-01,464400,129
19,2012-04-01,363600,101
19,2012-05-01,360000,100
19,2012-06-01,266400,74
19,2012-07-01,390600,108.5
19,2012-08-01,180000,50
19,2012-09-01,342000,95
19,2012-10-01,421200,117
19,2012-11-01,352800,98
19,2012-12-01,334800,93
19,2013-01-01,365400,101.5
19,2013-02-01,315000,87.5
19,2013-03-01,532800,148
19,2013-04-01,410400,114
19,2013-05-01,298800,83
19,2013-06-01,307800,85.5
19,2013-07-01,378000,105
19,2013-08-01,82800,23
19,2013-09-01,313200,87
19,2013-10-01,378000,105
19,2013-11-01,358200,99.5
19,2013-12-01,352800,98
19,2014-01-01,450900,125.25
19,2014-02-01,482400,134
19,2014-03-01,310500,86.25
19,2014-04-01,324900,90.25
19,2014-05-01,290700,80.75
19,2014-06-01,158400,44
19,2014-07-01,532800,148
19,2014-08-01,288000,80
19,2014-09-01,265500,73.75
19,2014-10-01,451800,125.5
21,2006-08-01,28800,8
21,2007-01-01,568800,158
21,2007-02-01,595800,165.5
21,2007-03-01,572400,159
21,2007-04-01,576000,160
21,2007-05-01,601200,167
21,2007-06-01,617400,171.5
21,2007-07-01,588600,163.5
21,2007-08-01,271800,75.5
21,2007-09-01,621000,172.5
21,2007-10-01,657000,182.5
21,2007-11-01,588540,163.48333333333332
21,2007-12-01,498540,138.48333333333332
21,2008-01-01,559800,155.5
21,2008-02-01,550800,153
21,2008-03-01,525600,146
21,2008-04-01,550800,153
21,2008-05-01,576000,160
21,2008-06-01,667800,185.5
21,2008-07-01,230400,64
21,2008-08-01,604800,168
21,2008-09-01,707400,196.5
21,2008-10-01,694800,193
21,2008-11-01,504000,140
21,2008-12-01,406800,113
21,2009-01-01,311400,86.5
21,2009-02-01,586800,163
21,2009-03-01,651600,181
21,2009-04-01,442800,123
21,2009-05-01,568800,158
21,2009-06-01,639000,177.5
21,2009-07-01,540000,150
21,2009-08-01,316800,88
21,2009-09-01,655200,182
21,2009-10-01,691200,192
21,2009-11-01,612000,170
21,2009-12-01,511200,142
21,2010-01-01,478800,133
21,2010-02-01,550800,153
21,2010-03-01,374400,104
21,2010-04-01,525600,146
21,2010-05-01,561600,156
21,2010-06-01,604800,168
21,2010-07-01,594000,165
21,2010-08-01,316800,88
21,2010-09-01,604800,168
21,2010-10-01,655200,182
21,2010-11-01,666000,185
21,2010-12-01,439200,122
21,2011-01-01,576000,160
21,2011-02-01,334800,93
21,2011-03-01,637200,177
21,2011-04-01,572400,159
21,2011-05-01,741600,206
21,2011-06-01,579600,161
21,2011-07-01,642600,178.5
21,2011-08-01,388800,108
21,2011-09-01,687600,191
21,2011-10-01,644400,179
21,2011-11-01,756000,210
21,2011-12-01,388800,108
21,2012-01-01,586800,163
21,2012-02-01,572400,159
21,2012-03-01,594000,165
21,2012-04-01,522000,145
21,2012-05-01,622800,173
21,2012-06-01,736200,204.5
21,2012-07-01,676800,188
21,2012-08-01,248400,69
21,2012-09-01,640800,178
21,2012-10-01,723600,201
21,2012-11-01,597600,166
21,2012-12-01,352800,98
21,2013-01-01,583200,162
21,2013-02-01,471600,131
21,2013-03-01,680400,189
21,2013-04-01,280800,78
21,2013-05-01,583200,162
21,2013-06-01,594000,165
21,2013-07-01,684000,190
21,2013-08-01,288000,80
21,2013-09-01,633600,176
21,2013-10-01,655200,182
21,2013-11-01,608400,169
21,2013-12-01,367200,102
21,2014-01-01,547200,152
21,2014-02-01,432000,120
21,2014-03-01,691200,192
21,2014-04-01,547200,152
21,2014-05-01,489600,136
21,2014-06-01,565200,157
21,2014-07-01,662400,184
21,2014-08-01,316800,88
21,2014-09-01,633600,176
21,2014-10-01,576000,160
21,2014-11-01,543600,151
21,2014-12-01,417600,116
21,2015-01-01,518400,144
21,2015-02-01,460800,128
21,2015-03-01,576000,160
21,2015-04-01,550800,153
21,2015-05-01,489600,136
21,2015-06-01,604800,168
21,2015-07-01,547200,152
21,2015-08-01,316800,88
21,2015-09-01,633600,176
21,2015-10-01,633600,176
21,2015-11-01,604800,168
21,2015-12-01,428400,119
21,2016-01-01,540000,150
21,2016-02-01,417600,116
21,2016-03-01,617400,171.5
21,2016-04-01,590400,164
21,2016-05-01,626400,174
21,2016-06-01,673200,187
21,2016-07-01,554400,154
21,2016-08-01,241200,67
21,2016-09-01,625500,173.75
21,2016-10-01,576000,160
21,2016-11-01,558000,155
21,2016-12-01,435600,121
21,2017-01-01,435600,121
21,2017-02-01,475200,132
21,2017-03-01,662400,184
21,2017-04-01,350100,97.25
21,2017-05-01,655200,182
21,2017-06-01,594000,165
21,2017-07-01,547200,152
21,2017-08-01,478800,133
21,2017-09-01,523800,145.5
21,2017-10-01,550800,153
21,2017-11-01,468000,130
21,2017-12-01,423900,117.75
21,2018-01-01,562500,156.25
21,2018-02-01,627300,174.25
21,2018-03-01,451800,125.5
21,2018-04-01,405000,112.5
21,2018-05-01,522900,145.25
21,2018-06-01,614700,170.75
21,2018-07-01,519300,144.25
21,2018-08-01,312300,86.75
21,2018-09-01,608400,169
21,2018-10-01,642600,178.5
21,2018-11-01,591300,164.25
21,2018-12-01,397800,110.5
21,2019-01-01,594000,165
21,2019-02-01,462600,128.5
21,2019-03-01,619200,172
21,2019-04-01,555300,154.25
21,2019-05-01,554400,154
21,2019-06-01,576000,160
21,2019-07-01,630000,175
21,2019-08-01,306000,85
21,2019-09-01,684000,190
21,2019-10-01,558000,155
21,2019-11-01,558000,155
21,2019-12-01,378000,105
21,2020-01-01,630000,175
21,2020-02-01,522000,145
21,2020-03-01,666000,185
21,2020-04-01,540000,150
21,2020-05-01,540000,150
21,2020-06-01,558000,155
21,2020-07-01,594000,165
21,2020-08-01,270000,75
21,2020-09-01,648000,180
21,2020-10-01,576000,160
21,2020-11-01,615600,171
21,2020-12-01,398700,110.75
21,2021-01-01,495000,137.5
21,2021-02-01,434700,120.75
21,2021-03-01,651600,181
21,2021-04-01,590400,164
21,2021-05-01,548100,152.25
21,2021-06-01,593100,164.75
21,2021-07-01,440100,122.25
21,2021-08-01,412200,114.5
21,2021-09-01,633600,176
21,2021-10-01,604800,168
21,2021-11-01,601200,167
21,2021-12-01,460800,128
21,2022-01-01,508500,141.25
21,2022-02-01,513000,142.5
21,2022-03-01,659700,183.25
21,2022-04-01,472500,131.25
21,2022-05-01,587700,163.25
21,2022-06-01,474300,131.75
21,2022-08-01,403200,112
21,2022-09-01,665100,184.75
21,2022-10-01,618300,171.75
21,2022-11-01,611100,169.75
21,2022-12-01,444600,123.5
21,2023-01-01,572400,159
21,2023-02-01,572400,159
21,2023-03-01,341100,94.75
21,2023-04-01,500400,139
21,2023-05-01,579600,161
21,2023-06-01,619200,172
21,2023-07-01,622800,173
21,2023-08-01,325800,90.5
21,2023-09-01,577800,160.5
21,2023-10-01,626400,174
21,2023-11-01,599400,166.5
21,2023-12-01,433800,120.5
21,2024-01-01,558000,155
21,2024-02-01,628200,174.5
21,2024-03-01,480600,133.5
21,2024-04-01,520200,144.5
21,2024-05-01,424800,118
21,2024-06-01,592200,164.5
21,2024-07-01,649800,180.5
21,2024-08-01,280800,78
21,2024-09-01,696600,193.5
21,2024-10-01,674100,187.25
21,2024-11-01,599400,166.5
21,2024-12-01,448200,124.5
22,2006-08-01,414900,115.25
22,2006-09-01,772200,214.5
22,2006-10-01,590400,164
22,2006-11-01,658800,183
22,2006-12-01,558000,155
22,2007-01-01,601200,167
22,2007-02-01,657900,182.75
22,2007-03-01,803700,223.25
22,2007-04-01,391500,108.75
22,2007-05-01,570600,158.5
22,2007-06-01,614700,170.75
22,2007-07-01,580500,161.25
22,2007-08-01,559800,155.5
22,2007-09-01,529500,147.08333333333334
22,2007-10-01,708300,196.75
22,2007-11-01,617400,171.5
22,2007-12-01,371700,103.25
22,2008-01-01,561600,156
22,2008-02-01,420300,116.75
22,2008-03-01,384300,106.75
22,2008-04-01,674100,187.25
22,2008-05-01,504900,140.25
22,2008-06-01,601200,167
22,2008-07-01,706500,196.25
22,2008-08-01,81900,22.75
22,2008-11-01,532800,148
22,2008-12-01,429300,119.25
22,2009-01-01,484200,134.5
22,2009-02-01,604800,168
22,2009-03-01,637800,177.16666666666666
22,2009-04-01,392400,109
22,2009-05-01,486000,135
22,2009-06-01,598500,166.25
22,2009-07-01,571500,158.75
22,2009-09-01,652500,181.25
22,2009-10-01,704100,195.58333333333334
22,2009-11-01,314100,87.25
22,2009-12-01,407400,113.16666666666667
22,2010-01-01,375300,104.25
22,2010-02-01,406800,113
22,2010-03-01,518400,144
22,2010-04-01,523500,145.41666666666666
22,2010-05-01,612600,170.16666666666666
22,2010-06-01,487800,135.5
22,2010-07-01,489600,136
22,2010-08-01,306000,85
22,2010-09-01,260100,72.25
22,2010-10-01,553500,153.75
22,2010-11-01,659700,183.25
22,2010-12-01,568800,158
22,2011-01-01,286200,79.5
22,2011-02-01,521700,144.91666666666666
22,2011-03-01,686700,190.75
22,2011-04-01,498600,138.5
22,2011-05-01,705000,195.83333333333334
22,2011-06-01,307800,85.5
22,2011-07-01,623400,173.16666666666666
22,2011-08-01,380700,105.75
22,2011-09-01,512100,142.25
22,2011-10-01,652800,181.33333333333334
22,2011-11-01,610500,169.58333333333334
22,2011-12-01,342000,95
22,2012-01-01,551100,153.08333333333334
22,2012-02-01,467100,129.75
22,2012-03-01,407700,113.25
22,2012-04-01,466200,129.5
22,2012-05-01,358200,99.5
22,2012-06-01,734700,204.08333333333334
22,2012-07-01,441900,122.75
22,2012-08-01,406500,112.91666666666667
22,2012-09-01,464400,129
22,2012-10-01,715200,198.66666666666666
22,2012-11-01,613800,170.5
22,2012-12-01,453600,126
22,2013-01-01,402300,111.75
22,2013-02-01,495600,137.66666666666666
22,2013-03-01,520500,144.58333333333334
22,2013-04-01,667800,185.5
22,2013-05-01,464400,129
22,2013-06-01,439200,122
22,2013-07-01,657300,182.58333333333334
22,2013-08-01,368100,102.25
22,2013-09-01,589500,163.75
22,2013-10-01,640800,178
22,2013-11-01,379800,105.5
22,2013-12-01,377100,104.75
22,2014-01-01,559800,155.5
22,2014-02-01,557100,154.75
22,2014-03-01,564300,156.75
22,2014-04-01,377100,104.75
22,2014-05-01,461700,128.25
22,2014-06-01,240300,66.75
22,2014-08-01,316800,88
22,2014-09-01,729900,202.75
22,2014-10-01,732600,203.5
22,2014-11-01,609300,169.25
22,2014-12-01,515700,143.25
22,2015-01-01,289800,80.5
22,2015-02-01,597600,166
22,2015-03-01,610200,169.5
22,2015-04-01,547200,152
22,2015-05-01,351000,97.5
22,2015-06-01,619200,172
22,2015-07-01,727200,202
22,2015-08-01,468900,130.25
22,2015-09-01,423000,117.5
22,2015-10-01,454500,126.25
22,2015-11-01,613800,170.5
22,2015-12-01,488700,135.75
22,2016-01-01,403200,112
22,2016-02-01,604800,168
22,2016-03-01,604800,168
22,2016-04-01,558000,155
22,2016-05-01,513000,142.5
22,2016-06-01,569700,158.25
22,2016-07-01,411300,114.25
22,2016-08-01,598500,166.25
22,2016-09-01,388800,108
22,2016-10-01,576900,160.25
22,2016-11-01,518400,144
22,2016-12-01,450900,125.25
22,2017-01-01,587700,163.25
22,2017-02-01,582300,161.75
22,2017-03-01,521100,144.75
22,2017-04-01,410400,114
22,2017-05-01,489600,136
22,2017-06-01,622500,172.91666666666666
22,2017-07-01,667200,185.33333333333334
22,2017-08-01,479700,133.25
22,2017-09-01,478800,133
22,2017-10-01,382500,106.25
22,2017-11-01,520200,144.5
22,2017-12-01,449100,124.75
22,2018-01-01,649800,180.5
22,2018-02-01,596700,165.75
22,2018-03-01,754200,209.5
22,2018-04-01,525600,146
22,2018-05-01,600300,166.75
22,2018-06-01,788400,219
22,2018-07-01,589500,163.75
22,2018-08-01,440100,122.25
22,2018-09-01,486000,135
22,2018-10-01,574200,159.5
22,2018-11-01,711900,197.75
22,2018-12-01,302400,84
22,2019-01-01,729900,202.75
22,2019-02-01,552000,153.33333333333334
22,2019-03-01,554400,154
22,2019-04-01,586800,163
22,2019-05-01,594000,165
22,2019-06-01,590400,164
22,2019-07-01,205200,57
22,2019-08-01,558900,155.25
22,2019-09-01,723600,201
22,2019-10-01,558000,155
22,2019-11-01,646200,179.5
22,2019-12-01,509400,141.5
22,2020-01-01,702000,195
22,2020-02-01,678600,188.5
22,2020-03-01,684000,190
22,2020-05-01,466200,129.5
22,2020-06-01,360000,100
22,2020-07-01,760500,211.25
22,2020-08-01,527400,146.5
22,2020-09-01,707400,196.5
22,2020-10-01,466200,129.5
22,2020-11-01,651600,181
22,2020-12-01,483300,134.25
22,2021-01-01,568800,158
22,2021-02-01,675000,187.5
22,2021-03-01,682200,189.5
22,2021-04-01,32400,9
22,2021-05-01,579600,161
22,2021-06-01,685800,190.5
22,2021-07-01,574200,159.5
22,2021-08-01,460800,128
22,2021-09-01,621000,172.5
22,2021-10-01,162000,45
22,2021-11-01,275400,76.5
22,2021-12-01,443700,123.25
22,2022-01-01,544500,151.25
22,2022-02-01,600300,166.75
22,2022-03-01,675900,187.75
22,2022-04-01,561600,156
22,2022-05-01,508500,141.25
22,2022-06-01,377100,104.75
22,2022-07-01,374400,104
22,2022-08-01,682200,189.5
22,2022-09-01,604800,168
22,2022-10-01,446400,124
22,2022-11-01,469800,130.5
22,2022-12-01,632700,175.75
22,2023-01-01,613800,170.5
22,2023-02-01,412200,114.5
22,2023-03-01,780300,216.75
22,2023-04-01,28800,8
22,2023-05-01,345600,96
22,2023-06-01,532800,148
22,2023-07-01,688500,191.25
22,2023-08-01,609300,169.25
22,2023-09-01,548100,152.25
22,2023-10-01,720900,200.25
22,2023-11-01,606600,168.5
22,2023-12-01,508500,141.25
22,2024-01-01,570600,158.5
22,2024-02-01,628200,174.5
22,2024-03-01,369900,102.75
22,2024-04-01,547200,152
22,2024-05-01,615600,171
22,2024-06-01,705600,196
22,2024-07-01,366300,101.75
22,2024-08-01,661500,183.75
22,2024-09-01,478800,133
22,2024-10-01,660600,183.5
22,2024-11-01,725400,201.5
22,2024-12-01,261000,72.5
22,2025-01-01,626400,174
22,2025-02-01,603900,167.75
22,2025-03-01,545400,151.5
22,2025-04-01,90900,25.25
23,2006-09-01,772200,214.5
23,2006-10-01,478800,133
23,2006-11-01,623700,173.25
23,2006-12-01,561600,156
23,2007-01-01,738000,205
23,2007-02-01,756900,210.25
23,2007-03-01,582300,161.75
23,2007-04-01,326700,90.75
23,2007-05-01,649800,180.5
23,2007-06-01,627300,174.25
23,2007-07-01,676800,188
23,2007-08-01,754200,209.5
23,2007-09-01,768600,213.5
23,2007-10-01,666900,185.25
23,2007-11-01,738000,205
23,2007-12-01,503100,139.75
23,2008-01-01,435600,121
23,2008-02-01,696600,193.5
23,2008-03-01,593100,164.75
23,2008-04-01,511200,142
23,2008-05-01,484200,134.5
23,2008-06-01,669600,186
23,2008-07-01,399600,111
23,2008-08-01,652500,181.25
23,2008-09-01,766800,213
23,2008-10-01,396900,110.25
23,2008-11-01,314100,87.25
23,2008-12-01,277200,77
23,2009-01-01,486900,135.25
23,2009-02-01,649800,180.5
23,2009-03-01,667800,185.5
23,2009-04-01,380700,105.75
23,2009-05-01,528300,146.75
23,2009-06-01,605700,168.25
23,2009-07-01,732600,203.5
23,2009-08-01,636300,176.75
23,2009-09-01,432000,120
23,2009-10-01,398700,110.75
23,2009-11-01,430200,119.5
23,2009-12-01,432000,120
23,2010-01-01,432000,120
23,2010-02-01,540000,150
23,2010-03-01,604800,168
23,2010-04-01,519300,144.25
23,2010-05-01,424800,118
23,2010-06-01,515700,143.25
23,2010-07-01,625500,173.75
23,2010-08-01,590400,164
23,2010-09-01,331200,92
23,2010-10-01,681300,189.25
23,2010-11-01,672300,186.75
23,2010-12-01,465300,129.25
23,2011-01-01,293400,81.5
23,2011-02-01,614700,170.75
23,2011-03-01,698400,194
23,2011-04-01,631500,175.41666666666666
23,2011-05-01,748800,208
23,2011-06-01,717600,199.33333333333334
23,2011-07-01,591300,164.25
23,2011-08-01,435600,121
23,2011-09-01,503400,139.83333333333334
23,2011-10-01,756000,210
23,2011-11-01,721800,200.5
23,2011-12-01,349800,97.16666666666667
23,2012-01-01,350100,97.25
23,2012-02-01,688500,191.25
23,2012-03-01,754200,209.5
23,2012-04-01,486900,135.25
23,2012-05-01,675900,187.75
23,2012-06-01,678600,188.5
23,2012-07-01,646200,179.5
23,2012-08-01,374400,104
23,2012-09-01,615600,171
23,2012-10-01,743400,206.5
23,2012-11-01,761400,211.5
23,2012-12-01,508500,141.25
23,2013-01-01,126000,35
23,2013-02-01,576000,160
23,2013-03-01,630000,175
23,2013-04-01,562500,156.25
23,2013-05-01,498600,138.5
23,2013-06-01,572400,159
23,2013-07-01,584100,162.25
23,2013-08-01,284400,79
23,2013-09-01,678600,188.5
23,2013-10-01,586800,163
23,2013-11-01,631800,175.5
23,2013-12-01,399600,111
23,2014-01-01,277200,77
23,2014-02-01,649800,180.5
23,2014-03-01,636300,176.75
23,2014-04-01,660600,183.5
23,2014-05-01,432900,120.25
23,2014-06-01,351000,97.5
23,2014-07-01,563400,156.5
23,2014-08-01,414000,115
23,2014-09-01,633600,176
23,2014-10-01,669600,186
23,2014-11-01,615600,171
23,2014-12-01,432000,120
23,2015-01-01,259200,72
23,2015-02-01,547200,152
23,2015-03-01,518400,144
23,2015-04-01,377100,104.75
23,2015-05-01,486900,135.25
23,2015-06-01,630000,175
23,2015-07-01,492300,136.75
23,2015-08-01,460800,128
23,2015-09-01,630900,175.25
23,2015-10-01,633600,176
23,2015-11-01,666060,185.01666666666668
23,2015-12-01,352800,98
23,2016-01-01,288000,80
23,2016-02-01,604800,168
23,2016-03-01,604800,168
23,2016-04-01,547200,152
23,2016-05-01,489600,136
23,2016-06-01,604800,168
23,2016-07-01,590400,164
23,2016-08-01,460800,128
23,2016-09-01,633600,176
23,2016-10-01,576000,160
23,2016-11-01,604800,168
23,2016-12-01,377100,104.75
23,2017-01-01,316800,88
23,2017-02-01,549000,152.5
23,2017-03-01,662400,184
23,2017-04-01,417600,116
23,2017-05-01,576000,160
23,2017-06-01,547200,152
23,2017-07-01,602100,167.25
23,2017-08-01,518400,144
23,2017-09-01,576000,160
23,2017-10-01,553500,153.75
23,2017-11-01,639000,177.5
23,2017-12-01,223200,62
23,2018-01-01,316800,88
23,2018-02-01,547200,152
23,2018-03-01,619200,172
23,2018-04-01,580500,161.25
23,2018-05-01,514800,143
23,2018-06-01,566100,157.25
23,2018-07-01,631800,175.5
23,2018-08-01,518400,144
23,2018-09-01,576000,160
23,2018-10-01,662400,184
23,2018-11-01,610200,169.5
23,2018-12-01,19800,5.5
23,2019-01-01,566100,157.25
23,2019-02-01,555300,154.25
23,2019-03-01,622800,173
23,2019-04-01,633600,176
23,2019-05-01,520200,144.5
23,2019-06-01,498600,138.5
23,2019-07-01,681300,189.25
23,2019-08-01,432000,120
23,2019-09-01,389700,108.25
23,2019-10-01,548100,152.25
23,2019-11-01,571500,158.75
23,2019-12-01,285300,79.25
23,2020-01-01,417600,116
23,2020-02-01,570600,158.5
23,2020-03-01,648000,180
23,2020-04-01,590400,164
23,2020-05-01,527400,146.5
23,2020-06-01,574200,159.5
23,2020-07-01,523800,145.5
23,2020-08-01,475200,132
23,2020-09-01,640800,178
23,2020-10-01,640800,178
23,2020-11-01,490500,136.25
23,2020-12-01,380700,105.75
23,2021-01-01,460800,128
23,2021-02-01,576000,160
23,2021-03-01,591300,164.25
23,2021-04-01,464400,129
23,2021-05-01,419400,116.5
23,2021-06-01,608400,169
23,2021-07-01,528300,146.75
23,2021-08-01,210600,58.5
23,2021-09-01,0,0
23,2021-10-01,0,0
23,2021-11-01,0,0
23,2021-12-01,0,0
24,2006-08-01,370800,103
24,2006-09-01,560700,155.75
24,2006-10-01,519600,144.33333333333334
24,2006-11-01,653400,181.5
24,2006-12-01,611100,169.75
24,2007-01-01,588600,163.5
24,2007-02-01,630000,175
24,2007-03-01,803700,223.25
24,2007-04-01,535200,148.66666666666666
24,2007-05-01,682200,189.5
24,2007-06-01,639900,177.75
24,2007-07-01,522900,145.25
24,2007-08-01,369900,102.75
24,2007-09-01,654120,181.7
24,2007-10-01,339300,94.25
24,2007-11-01,664200,184.5
24,2007-12-01,487800,135.5
24,2008-01-01,527400,146.5
24,2008-02-01,597600,166
24,2008-03-01,432000,120
24,2008-04-01,576000,160
24,2008-05-01,489600,136
24,2008-06-01,634500,176.25
24,2008-07-01,576000,160
24,2008-08-01,481500,133.75
24,2008-09-01,547200,152
24,2008-10-01,288000,80
24,2008-11-01,572400,159
24,2008-12-01,506700,140.75
24,2009-01-01,633600,176
24,2009-02-01,424800,118
24,2009-03-01,540000,150
24,2009-04-01,403200,112
24,2009-05-01,527400,146.5
24,2009-06-01,340200,94.5
24,2009-07-01,679500,188.75
24,2009-08-01,460800,128
24,2009-09-01,633600,176
24,2009-10-01,576000,160
24,2009-11-01,604800,168
24,2009-12-01,396000,110
24,2010-01-01,488700,135.75
24,2010-02-01,612000,170
24,2010-03-01,662400,184
24,2010-04-01,460800,128
24,2010-05-01,558000,155
24,2010-06-01,565200,157
24,2010-07-01,608400,169
24,2010-08-01,257400,71.5
24,2010-09-01,576000,160
24,2010-10-01,302400,84
24,2010-11-01,747000,207.5
24,2010-12-01,459900,127.75
24,2011-01-01,490500,136.25
24,2011-02-01,660600,183.5
24,2011-03-01,665100,184.75
24,2011-04-01,615600,171
24,2011-05-01,764100,212.25
24,2011-06-01,594900,165.25
24,2011-07-01,693000,192.5
24,2011-08-01,545400,151.5
24,2011-09-01,393300,109.25
24,2011-10-01,702000,195
24,2011-11-01,811800,225.5
24,2011-12-01,364500,101.25
24,2012-01-01,518400,144
24,2012-02-01,616500,171.25
24,2012-03-01,707400,196.5
24,2012-04-01,396000,110
24,2012-05-01,517500,143.75
24,2012-06-01,647100,179.75
24,2012-07-01,735300,204.25
24,2012-08-01,675000,187.5
24,2012-09-01,220500,61.25
24,2012-10-01,718200,199.5
24,2012-11-01,678600,188.5
24,2012-12-01,474300,131.75
24,2013-01-01,528300,146.75
24,2013-02-01,561600,156
24,2013-03-01,562500,156.25
24,2013-04-01,338400,94
24,2013-05-01,532800,148
24,2013-06-01,576000,160
24,2013-07-01,489600,136
24,2013-08-01,633600,176
24,2013-09-01,403200,112
24,2013-10-01,629100,174.75
24,2013-11-01,514800,143
24,2013-12-01,277200,77
24,2014-01-01,578700,160.75
24,2014-02-01,599400,166.5
24,2014-03-01,577800,160.5
24,2014-04-01,524700,145.75
24,2014-05-01,481500,133.75
24,2014-06-01,269100,74.75
24,2014-07-01,662400,184
24,2014-08-01,479700,133.25
24,2014-09-01,646200,179.5
24,2014-10-01,621000,172.5
24,2014-11-01,518400,144
24,2014-12-01,319500,88.75
24,2015-01-01,453600,126
24,2015-02-01,237600,66
24,2015-03-01,576000,160
24,2015-04-01,518400,144
24,2015-05-01,345600,96
24,2015-06-01,460800,128
24,2015-07-01,662400,184
24,2015-08-01,460800,128
24,2015-09-01,691200,192
24,2015-10-01,316800,88
24,2015-11-01,576900,160.25
24,2015-12-01,474300,131.75
24,2016-01-01,432000,120
24,2016-02-01,615600,171
24,2016-03-01,594000,165
24,2016-04-01,489600,136
24,2016-05-01,489600,136
24,2016-06-01,676800,188
24,2016-07-01,561600,156
24,2016-08-01,604800,168
24,2016-09-01,576000,160
24,2016-10-01,460800,128
24,2016-11-01,374400,104
24,2016-12-01,489600,136
24,2017-01-01,482400,134
24,2017-02-01,525600,146
24,2017-03-01,604800,168
24,2017-04-01,518400,144
24,2017-05-01,604800,168
24,2017-06-01,547200,152
24,2017-07-01,576000,160
24,2017-08-01,633600,176
24,2017-09-01,662400,184
24,2017-10-01,489600,136
24,2017-11-01,403200,112
24,2017-12-01,460800,128
24,2018-01-01,374400,104
24,2018-02-01,460800,128
24,2018-03-01,604800,168
24,2018-04-01,604800,168
24,2018-05-01,403200,112
24,2018-06-01,576000,160
24,2018-07-01,417600,116
24,2018-08-01,705600,196
24,2018-09-01,561600,156
24,2018-10-01,576000,160
24,2018-11-01,547200,152
24,2018-12-01,478800,133
24,2019-01-01,518400,144
24,2019-02-01,551700,153.25
24,2019-03-01,619200,172
24,2019-04-01,288900,80.25
24,2019-05-01,553500,153.75
24,2019-06-01,507600,141
24,2019-07-01,667800,185.5
24,2019-08-01,553500,153.75
24,2019-09-01,610200,169.5
24,2019-10-01,324900,90.25
24,2019-11-01,558000,155
24,2019-12-01,412200,114.5
24,2020-01-01,432000,120
24,2020-02-01,547200,152
24,2020-03-01,655200,182
24,2020-04-01,658800,183
24,2020-05-01,367200,102
24,2020-06-01,576000,160
24,2020-07-01,622800,173
24,2020-08-01,604800,168
24,2020-09-01,468000,130
24,2020-10-01,482400,134
24,2020-11-01,456300,126.75
24,2020-12-01,450900,125.25
24,2021-01-01,493200,137
24,2021-02-01,604800,168
24,2021-03-01,614700,170.75
24,2021-04-01,604800,168
24,2021-05-01,483300,134.25
24,2021-06-01,463500,128.75
24,2021-07-01,622800,173
24,2021-08-01,609300,169.25
24,2021-09-01,658800,183
24,2021-10-01,390600,108.5
24,2021-11-01,592200,164.5
24,2021-12-01,270000,75
24,2022-01-01,576000,160
24,2022-02-01,576000,160
24,2022-03-01,518400,144
24,2022-04-01,403200,112
24,2022-05-01,604800,168
24,2022-06-01,576000,160
24,2022-07-01,621000,172.5
24,2022-08-01,646200,179.5
24,2022-09-01,633600,176
24,2022-10-01,259200,72
24,2022-11-01,576000,160
24,2022-12-01,432000,120
24,2023-01-01,547200,152
24,2023-02-01,576000,160
24,2023-03-01,518400,144
24,2023-04-01,403200,112
24,2023-05-01,574200,159.5
24,2023-06-01,462600,128.5
24,2023-07-01,547200,152
24,2023-08-01,604800,168
24,2023-09-01,604800,168
24,2023-10-01,316800,88
24,2023-11-01,604800,168
24,2023-12-01,288000,80
24,2024-01-01,633600,176
24,2024-02-01,547200,152
24,2024-03-01,518400,144
24,2024-04-01,432000,120
24,2024-05-01,547200,152
24,2024-06-01,607500,168.75
24,2024-07-01,701100,194.75
24,2024-08-01,477900,132.75
24,2024-09-01,625500,173.75
24,2024-10-01,210600,58.5
24,2024-11-01,478800,133
24,2024-12-01,325800,90.5
24,2025-01-01,566100,157.25
24,2025-02-01,577800,160.5
24,2025-03-01,585900,162.75
24,2025-04-01,587700,163.25
24,2025-05-01,561600,156
24,2025-06-01,259200,72
24,2025-07-01,87300,24.25
25,2010-10-01,492300,136.75
25,2010-11-01,506700,140.75
25,2010-12-01,334800,93
25,2011-01-01,460800,128
25,2011-02-01,442800,123
25,2011-03-01,523800,145.5
25,2011-04-01,493200,137
25,2011-05-01,460800,128
25,2011-06-01,511200,142
25,2011-07-01,587700,163.25
25,2011-08-01,226800,63
25,2011-09-01,628200,174.5
25,2011-10-01,666000,185
25,2011-11-01,561600,156
25,2011-12-01,484200,134.5
25,2012-01-01,489600,136
25,2012-02-01,563400,156.5
25,2012-03-01,633600,176
25,2012-04-01,489600,136
25,2012-05-01,518400,144
25,2012-06-01,472500,131.25
25,2012-07-01,68400,19
26,2008-01-01,36000,10
26,2008-02-01,7200,2
26,2008-11-01,43200,12
26,2009-01-01,10800,3
26,2009-02-01,7200,2
26,2009-03-01,28800,8
26,2009-04-01,3600,1
26,2009-11-01,68400,19
26,2010-01-01,147600,41
26,2010-02-01,25200,7
26,2010-04-01,28800,8
26,2010-06-01,86400,24
26,2011-01-01,489600,136
26,2011-02-01,457200,127
26,2011-03-01,356400,99
26,2011-04-01,331200,92
26,2011-05-01,374400,104
26,2011-06-01,403200,112
26,2011-07-01,439200,122
26,2011-08-01,169200,47
26,2011-09-01,468000,130
26,2011-10-01,453600,126
26,2011-11-01,316800,88
26,2011-12-01,277200,77
26,2012-01-01,345600,96
26,2012-02-01,561600,156
26,2012-03-01,392400,109
26,2012-04-01,309600,86
26,2012-05-01,489600,136
26,2012-06-01,388800,108
26,2012-07-01,392400,109
26,2012-08-01,259200,72
26,2012-09-01,345600,96
26,2012-10-01,518400,144
26,2012-11-01,252000,70
26,2012-12-01,280800,78
26,2013-01-01,403200,112
26,2013-02-01,262800,73
26,2013-03-01,612000,170
26,2013-04-01,241200,67
26,2013-05-01,331200,92
26,2013-06-01,388800,108
26,2013-07-01,612000,170
26,2013-08-01,241200,67
26,2013-09-01,529200,147
26,2013-10-01,403200,112
26,2013-11-01,320400,89
26,2013-12-01,176400,49
26,2014-01-01,403200,112
26,2014-02-01,473400,131.5
26,2014-03-01,459000,127.5
26,2014-04-01,374400,104
26,2014-05-01,462600,128.5
26,2014-06-01,345600,96
26,2014-07-01,658800,183
26,2014-08-01,316800,88
26,2014-09-01,201600,56
26,2014-10-01,460800,128
26,2014-11-01,424800,118
26,2014-12-01,171000,47.5
26,2015-01-01,266400,74
26,2015-02-01,475200,132
26,2015-03-01,446400,124
26,2015-04-01,406800,113
26,2015-05-01,446400,124
26,2015-06-01,331200,92
26,2015-07-01,489600,136
26,2015-08-01,172800,48
26,2015-09-01,331200,92
26,2015-10-01,504000,140
26,2015-11-01,518400,144
26,2015-12-01,255600,71
26,2016-01-01,360000,100
26,2016-02-01,388800,108
26,2016-03-01,403200,112
26,2016-04-01,417600,116
26,2016-05-01,259200,72
26,2016-06-01,403200,112
26,2016-07-01,532800,148
26,2016-08-01,223200,62
26,2016-09-01,475200,132
26,2016-10-01,460800,128
26,2016-11-01,388800,108
26,2016-12-01,331200,92
26,2017-01-01,334800,93
26,2017-02-01,273600,76
26,2017-03-01,385200,107
26,2017-04-01,403200,112
26,2017-05-01,410400,114
26,2017-06-01,140400,39
26,2017-07-01,514800,143
26,2017-08-01,435600,121
26,2017-09-01,324000,90
26,2017-10-01,468000,130
26,2017-11-01,597600,166
26,2017-12-01,356400,99
27,2007-01-01,471000,130.83333333333334
27,2007-02-01,552600,153.5
27,2007-03-01,604800,168
27,2007-04-01,561600,156
27,2007-05-01,601200,167
27,2007-06-01,475200,132
27,2007-07-01,480600,133.5
27,2007-08-01,673200,187
27,2007-09-01,621000,172.5
27,2007-10-01,579600,161
27,2007-11-01,576000,160
27,2007-12-01,86400,24
27,2008-01-01,493200,137
27,2008-02-01,676800,188
27,2008-03-01,471600,131
27,2008-04-01,640800,178
27,2008-05-01,547200,152
27,2008-06-01,558000,155
27,2008-07-01,640800,178
27,2008-08-01,86400,24
27,2008-09-01,349200,97
27,2008-10-01,594000,165
27,2008-11-01,525600,146
27,2008-12-01,442800,123
27,2009-01-01,432000,120
27,2009-02-01,489600,136
27,2009-03-01,576000,160
27,2009-04-01,547200,152
27,2009-05-01,374400,104
27,2009-06-01,547200,152
27,2009-07-01,662400,184
27,2009-08-01,172800,48
27,2009-09-01,633600,176
27,2009-10-01,633600,176
27,2009-11-01,604800,168
27,2009-12-01,460800,128
27,2010-01-01,489600,136
27,2010-02-01,388800,108
27,2010-03-01,518400,144
27,2010-04-01,576000,160
27,2010-05-01,460800,128
27,2010-06-01,518400,144
27,2010-07-01,633600,176
27,2010-08-01,345600,96
27,2010-09-01,633600,176
27,2010-10-01,604800,168
27,2010-11-01,604800,168
27,2010-12-01,504000,140
27,2011-01-01,460800,128
27,2011-02-01,576000,160
27,2011-03-01,648000,180
27,2011-04-01,432000,120
27,2011-05-01,604800,168
27,2011-06-01,547200,152
27,2011-07-01,605280,168.13333333333333
27,2011-08-01,288000,80
27,2011-09-01,576000,160
27,2011-10-01,576000,160
27,2011-11-01,777600,216
27,2011-12-01,345600,96
27,2012-01-01,460800,128
27,2012-02-01,604800,168
27,2012-03-01,576000,160
27,2012-04-01,288000,80
27,2012-05-01,662400,184
27,2012-06-01,576000,160
27,2012-07-01,576000,160
27,2012-08-01,288000,80
27,2012-09-01,604800,168
27,2012-10-01,633600,176
27,2012-11-01,604800,168
27,2012-12-01,432000,120
27,2013-01-01,547200,152
27,2013-02-01,504000,140
27,2013-03-01,662400,184
27,2013-04-01,489600,136
27,2013-05-01,374400,104
27,2013-06-01,576000,160
27,2013-07-01,633600,176
27,2013-08-01,201600,56
27,2013-09-01,604800,168
27,2013-10-01,633600,176
27,2013-11-01,691200,192
27,2013-12-01,475200,132
27,2014-01-01,525600,146
27,2014-02-01,568800,158
27,2014-03-01,518400,144
27,2014-04-01,518400,144
27,2014-05-01,547200,152
27,2014-06-01,316800,88
27,2014-07-01,460800,128
27,2014-08-01,604800,168
27,2014-09-01,345600,96
27,2014-10-01,547200,152
27,2014-11-01,561600,156
27,2014-12-01,475200,132
27,2015-01-01,489600,136
27,2015-02-01,460800,128
27,2015-03-01,633600,176
27,2015-04-01,460800,128
27,2015-05-01,489600,136
27,2015-06-01,518400,144
27,2015-07-01,662400,184
27,2015-08-01,576000,160
27,2015-09-01,374400,104
27,2015-10-01,633600,176
27,2015-11-01,604800,168
27,2015-12-01,460800,128
27,2016-01-01,489600,136
27,2016-02-01,604800,168
27,2016-03-01,518400,144
27,2016-04-01,576000,160
27,2016-05-01,432000,120
27,2016-06-01,633600,176
27,2016-07-01,604800,168
27,2016-08-01,460800,128
27,2016-09-01,432000,120
27,2016-10-01,518400,144
27,2016-11-01,604800,168
27,2016-12-01,460800,128
27,2017-01-01,547200,152
27,2017-02-01,576000,160
27,2017-03-01,662400,184
27,2017-04-01,403200,112
27,2017-05-01,604800,168
27,2017-06-01,345600,96
27,2017-07-01,604800,168
27,2017-08-01,403200,112
27,2017-09-01,432000,120
27,2017-10-01,576000,160
27,2017-11-01,547200,152
27,2017-12-01,460800,128
27,2018-01-01,460800,128
27,2018-02-01,561600,156
27,2018-03-01,576000,160
27,2018-04-01,518400,144
27,2018-05-01,432000,120
27,2018-06-01,547200,152
27,2018-07-01,648000,180
27,2018-08-01,504000,140
27,2018-09-01,432000,120
27,2018-10-01,576000,160
27,2018-11-01,432000,120
27,2018-12-01,432000,120
27,2019-01-01,576000,160
27,2019-02-01,576000,160
27,2019-03-01,504000,140
27,2019-04-01,576000,160
27,2019-05-01,576000,160
27,2019-06-01,396000,110
27,2019-07-01,648000,180
27,2019-08-01,432000,120
27,2019-09-01,432000,120
27,2019-10-01,540000,150
27,2019-11-01,576000,160
27,2019-12-01,396000,110
27,2020-01-01,540000,150
27,2020-02-01,576000,160
27,2020-03-01,633600,176
27,2020-04-01,576000,160
27,2020-05-01,540000,150
27,2020-06-01,324000,90
27,2020-07-01,648000,180
27,2020-08-01,432000,120
27,2020-09-01,536400,149
27,2020-10-01,612000,170
27,2020-11-01,612000,170
27,2020-12-01,432000,120
27,2021-01-01,432000,120
27,2021-02-01,576000,160
27,2021-03-01,684000,190
27,2021-04-01,576000,160
27,2021-05-01,540000,150
27,2021-06-01,576000,160
27,2021-07-01,439200,122
27,2021-08-01,432000,120
27,2021-09-01,403200,112
27,2021-10-01,612000,170
27,2021-11-01,504000,140
27,2021-12-01,468000,130
27,2022-01-01,468000,130
27,2022-02-01,576000,160
27,2022-03-01,648000,180
27,2022-04-01,432000,120
27,2022-05-01,468000,130
27,2022-06-01,360000,100
27,2022-07-01,612000,170
27,2022-08-01,432000,120
27,2022-09-01,396000,110
27,2022-10-01,540000,150
27,2022-11-01,612000,170
27,2022-12-01,504000,140
27,2023-01-01,489600,136
27,2023-02-01,576000,160
27,2023-03-01,666000,185
27,2023-04-01,396000,110
27,2023-05-01,522000,145
27,2023-06-01,432000,120
27,2023-07-01,604800,168
27,2023-08-01,547200,152
27,2023-09-01,432000,120
27,2023-10-01,604800,168
27,2023-11-01,604800,168
27,2023-12-01,460800,128
27,2024-01-01,518400,144
27,2024-02-01,547200,152
27,2024-03-01,576000,160
27,2024-04-01,547200,152
27,2024-05-01,403200,112
27,2024-06-01,576000,160
27,2024-07-01,576000,160
27,2024-08-01,432000,120
27,2024-09-01,475200,132
27,2024-10-01,504000,140
27,2024-11-01,612000,170
27,2024-12-01,342000,95
27,2025-01-01,432000,120
27,2025-02-01,576000,160
27,2025-03-01,612000,170
27,2025-04-01,468000,130
27,2025-05-01,28800,8
28,2009-04-01,259200,72
28,2009-05-01,273600,76
28,2009-06-01,288000,80
28,2009-07-01,363600,101
28,2009-08-01,302400,84
28,2009-09-01,342000,95
28,2009-10-01,327600,91
28,2009-11-01,342000,95
28,2009-12-01,216000,60
28,2010-01-01,262800,73
28,2010-02-01,352800,98
28,2010-03-01,662400,184
28,2010-04-01,388800,108
28,2010-05-01,288000,80
28,2010-06-01,244800,68
28,2010-07-01,331200,92
28,2010-08-01,302400,84
28,2010-09-01,288000,80
28,2010-10-01,302400,84
28,2010-11-01,302400,84
29,2007-01-01,600900,166.91666666666666
29,2007-02-01,657900,182.75
29,2007-03-01,700200,194.5
29,2007-04-01,252000,70
29,2007-05-01,584700,162.41666666666666
29,2007-06-01,591000,164.16666666666666
29,2007-07-01,603000,167.5
29,2007-08-01,444600,123.5
29,2007-09-01,604200,167.83333333333334
29,2007-10-01,624900,173.58333333333334
29,2007-11-01,430500,119.58333333333333
29,2007-12-01,323400,89.83333333333333
29,2008-01-01,619800,172.16666666666666
29,2008-02-01,747900,207.75
29,2008-03-01,369300.00000000006,102.58333333333334
29,2008-04-01,691800,192.16666666666666
29,2008-05-01,557100,154.75
29,2008-06-01,489000.00000000006,135.83333333333334
29,2008-07-01,537000.0000000001,149.16666666666669
29,2008-08-01,610800,169.66666666666666
29,2008-09-01,478800,133
30,2006-08-01,237600,66
30,2006-09-01,325800,90.5
30,2006-10-01,432000,120
30,2006-11-01,450600,125.16666666666667
30,2006-12-01,315000,87.5
30,2007-01-01,369600,102.66666666666667
30,2007-02-01,387000,107.5
30,2007-03-01,309600,86
30,2007-04-01,234000,65
30,2007-05-01,333000,92.5
30,2007-06-01,300600,83.5
30,2007-07-01,376200,104.5
30,2007-08-01,237600,66
30,2007-09-01,237600,66
30,2007-10-01,322200,89.5
30,2007-11-01,356400,99
30,2007-12-01,214200,59.5
30,2008-01-01,370800,103
30,2008-02-01,351000,97.5
30,2008-03-01,270000,75
30,2008-04-01,349200,97
30,2008-05-01,117000,32.5
30,2008-06-01,343800,95.5
30,2008-07-01,381600,106
30,2008-08-01,174600,48.5
30,2008-09-01,344400,95.66666666666667
30,2008-10-01,270000,75
30,2008-11-01,370800,103
30,2008-12-01,367200,102
30,2009-01-01,307800,85.5
30,2009-02-01,376200,104.5
30,2009-03-01,360000,100
30,2009-04-01,253800,70.5
30,2009-05-01,259200,72
30,2009-06-01,262800,73
30,2009-07-01,302400,84
30,2009-08-01,187200,52
30,2009-09-01,354600,98.5
30,2009-10-01,331200,92
30,2009-11-01,388800,108
30,2009-12-01,297000,82.5
30,2010-01-01,322200,89.5
30,2010-02-01,288000,80
30,2010-03-01,385200,107
30,2010-04-01,300600,83.5
30,2010-05-01,216000,60
30,2010-06-01,207000,57.5
30,2010-07-01,329400,91.5
30,2010-08-01,171000,47.5
30,2010-09-01,352800,98
30,2010-10-01,306000,85
30,2010-11-01,255600,71
30,2010-12-01,264600,73.5
30,2011-01-01,302400,84
30,2011-02-01,334800,93
30,2011-03-01,356400,99
30,2011-04-01,234000,65
30,2011-05-01,370800,103
30,2011-06-01,194400,54
30,2011-07-01,333000,92.5
30,2011-08-01,205200,57
30,2011-09-01,369000,102.5
30,2011-10-01,329400,91.5
30,2011-11-01,322200,89.5
30,2011-12-01,264600,73.5
30,2012-01-01,370800,103
30,2012-02-01,356400,99
30,2012-03-01,358200,99.5
30,2012-04-01,259200,72
30,2012-05-01,291600,81
30,2012-06-01,244800,68
30,2012-07-01,347400,96.5
30,2012-08-01,199800,55.5
30,2012-09-01,322200,89.5
30,2012-10-01,448200,124.5
30,2012-11-01,378000,105
30,2012-12-01,306000,85
30,2013-01-01,250200,69.5
30,2013-02-01,239400,66.5
30,2013-03-01,253800,70.5
30,2013-04-01,239400,66.5
30,2013-05-01,286200,79.5
30,2013-06-01,302400,84
30,2013-07-01,421200,117
30,2013-08-01,232200,64.5
30,2013-09-01,471600,131
30,2013-10-01,275400,76.5
30,2013-11-01,275400,76.5
30,2013-12-01,275400,76.5
30,2014-01-01,333000,92.5
30,2014-02-01,316800,88
30,2014-03-01,174600,48.5
30,2014-04-01,223200,62
30,2014-05-01,237600,66
30,2014-06-01,237600,66
30,2014-07-01,364800,101.33333333333333
30,2014-08-01,253500,70.41666666666667
30,2014-09-01,253500,70.41666666666667
30,2014-10-01,354600,98.5
30,2014-11-01,318600,88.5
30,2014-12-01,258600,71.83333333333333
30,2015-01-01,285120,79.2
30,2015-02-01,300600,83.5
30,2015-03-01,269280,74.8
30,2015-04-01,126720,35.2
30,2015-05-01,285120,79.2
30,2015-06-01,190080,52.8
30,2015-07-01,364680,101.3
30,2015-08-01,316800,88
30,2015-09-01,269280,74.8
30,2015-10-01,349200,97
30,2015-11-01,363600,101
30,2015-12-01,277200,77
30,2016-01-01,269400,74.83333333333333
30,2016-02-01,333000,92.5
30,2016-03-01,333000,92.5
30,2016-04-01,261000,72.5
30,2016-05-01,358200,99.5
30,2016-06-01,79200,22
30,2016-07-01,327600,91
30,2016-08-01,298800,83
30,2016-09-01,189000,52.5
30,2016-10-01,316800,88
30,2016-11-01,316800,88
30,2016-12-01,271800,75.5
30,2017-01-01,316800,88
30,2017-02-01,378000,105
30,2017-03-01,172800,48
30,2017-04-01,237600,66
30,2017-05-01,333000,92.5
30,2017-06-01,178200,49.5
30,2017-07-01,333000,92.5
30,2017-08-01,270000,75
30,2017-09-01,174600,48.5
30,2017-10-01,298800,83
30,2017-11-01,331200,92
30,2017-12-01,253080,70.3
30,2018-01-01,388800,108
30,2018-02-01,302400,84
30,2018-03-01,237600,66
30,2018-04-01,280800,78
30,2018-05-01,300600,83.5
30,2018-06-01,127800,35.5
30,2018-07-01,349200,97
30,2018-08-01,338400,94
30,2018-09-01,237600,66
30,2018-10-01,288000,80
30,2018-11-01,316800,88
30,2018-12-01,190800,53
30,2019-01-01,230400,64
30,2019-02-01,316800,88
30,2019-03-01,324000,90
30,2019-04-01,291600,81
30,2019-05-01,259200,72
30,2019-06-01,207000,57.5
30,2019-07-01,295200,82
30,2019-08-01,338400,94
30,2019-09-01,189000,52.5
30,2019-10-01,280800,78
30,2019-11-01,343800,95.5
30,2019-12-01,246600,68.5
30,2020-01-01,309600,86
30,2020-02-01,237600,66
30,2020-03-01,367200,102
30,2020-04-01,360000,100
30,2020-05-01,367200,102
30,2020-06-01,201600,56
30,2020-07-01,352800,98
30,2020-08-01,295200,82
30,2020-09-01,172800,48
30,2020-10-01,324000,90
30,2020-11-01,345600,96
30,2020-12-01,244800,68
30,2021-01-01,288000,80
30,2021-02-01,316800,88
30,2021-03-01,327600,91
30,2021-04-01,295200,82
30,2021-05-01,223200,62
30,2021-06-01,320400,89
30,2021-07-01,345600,96
30,2021-08-01,441000,122.5
30,2021-09-01,243000,67.5
30,2021-10-01,115200,32
30,2021-11-01,196200,54.5
30,2021-12-01,109800,30.5
30,2022-01-01,338400,94
30,2022-02-01,388800,108
30,2022-03-01,360000,100
30,2022-04-01,302400,84
30,2022-05-01,309600,86
30,2022-07-01,316800,88
30,2022-08-01,324000,90
30,2022-09-01,244800,68
30,2022-10-01,316800,88
30,2022-11-01,309600,86
30,2022-12-01,187200,52
30,2023-01-01,316800,88
30,2023-02-01,316800,88
30,2023-03-01,352800,98
30,2023-04-01,288000,80
30,2023-05-01,172800,48
30,2023-06-01,316800,88
30,2023-07-01,309600,86
30,2023-08-01,367200,102
30,2023-09-01,136800,38
30,2023-10-01,345600,96
30,2023-11-01,324000,90
30,2023-12-01,201600,56
30,2024-01-01,244800,68
30,2024-02-01,259200,72
30,2024-03-01,259200,72
30,2024-04-01,288000,80
30,2024-05-01,280800,78
30,2024-06-01,237600,66
30,2024-07-01,309600,86
30,2024-08-01,266400,74
30,2024-09-01,216000,60
30,2024-10-01,360000,100
30,2024-11-01,316800,88
30,2024-12-01,237600,66
30,2025-01-01,300600,83.5
30,2025-02-01,316800,88
30,2025-03-01,300600,83.5
30,2025-04-01,298800,83
30,2025-05-01,329400,91.5
30,2025-06-01,183600,51
30,2025-07-01,77400,21.5
32,2006-06-01,441900,122.75
32,2006-07-01,604800,168
32,2006-08-01,432000,120
32,2006-09-01,560700,155.75
32,2006-10-01,614700,170.75
32,2006-11-01,538200,149.5
32,2006-12-01,315900,87.75
32,2007-01-01,543600,151
32,2007-02-01,634500,176.25
32,2007-03-01,620100,172.25
32,2007-04-01,535200,148.66666666666666
32,2007-05-01,622200,172.83333333333334
32,2007-06-01,489900,136.08333333333334
32,2007-07-01,622200,172.83333333333334
32,2007-08-01,662700,184.08333333333334
32,2007-09-01,436500,121.25
32,2007-10-01,541800,150.5
32,2007-11-01,606600,168.5
32,2007-12-01,353100,98.08333333333333
32,2008-01-01,485100,134.75
32,2008-02-01,588600,163.5
32,2008-03-01,401400,111.5
32,2008-04-01,449400,124.83333333333333
32,2008-05-01,349800,97.16666666666667
32,2008-06-01,555000,154.16666666666666
32,2008-07-01,675000,187.5
32,2008-08-01,561900,156.08333333333334
32,2008-09-01,355200,98.66666666666667
32,2008-10-01,594300,165.08333333333334
32,2008-11-01,664500,184.58333333333334
32,2008-12-01,473700,131.58333333333334
32,2009-01-01,650100,180.58333333333334
32,2009-02-01,301500,83.75
32,2009-03-01,627300,174.25
32,2009-04-01,466800,129.66666666666666
32,2009-05-01,515100,143.08333333333334
32,2009-06-01,354900,98.58333333333333
32,2009-07-01,517500,143.75
32,2009-08-01,379200,105.33333333333333
32,2009-09-01,611100,169.75
32,2009-10-01,179100,49.75
32,2010-12-01,401700,111.58333333333333
32,2011-01-01,333900,92.75
32,2011-02-01,440400,122.33333333333333
32,2011-03-01,535800,148.83333333333334
32,2011-04-01,412200,114.5
32,2011-05-01,472500,131.25
32,2011-06-01,252000,70
32,2011-07-01,273900,76.08333333333333
32,2011-08-01,436500,121.25
32,2011-09-01,384900,106.91666666666667
32,2011-10-01,414900,115.25
32,2011-11-01,442500,122.91666666666667
32,2011-12-01,120600,33.5
32,2012-10-01,144000,40
32,2012-11-01,284400,79
32,2012-12-01,16200,4.5
32,2013-01-01,212400,59
32,2013-02-01,297900,82.75
32,2013-03-01,274500,76.25
32,2013-04-01,254400,70.66666666666667
32,2013-05-01,218400,60.666666666666664
32,2013-06-01,307800,85.5
32,2013-07-01,403200,112
32,2013-08-01,383400,106.5
32,2013-09-01,202500,56.25
32,2013-10-01,493200,137
32,2013-11-01,301500,83.75
32,2013-12-01,220500,61.25
32,2014-01-01,288000,80
32,2014-02-01,262800,73
32,2014-03-01,316800,88
32,2014-04-01,307200,85.33333333333333
32,2014-05-01,344700,95.75
32,2014-06-01,307200,85.33333333333333
32,2014-07-01,394500,109.58333333333333
32,2014-08-01,199200,55.333333333333336
32,2014-09-01,230400,64
32,2014-10-01,325920,90.53333333333333
32,2014-11-01,329400,91.5
32,2014-12-01,239160,66.43333333333334
32,2015-01-01,220800,61.333333333333336
32,2015-02-01,259200,72
32,2015-03-01,403200,112
32,2015-04-01,288000,80
32,2015-05-01,268800,74.66666666666667
32,2015-06-01,316800,88
32,2015-07-01,372900,103.58333333333333
32,2015-08-01,184200,51.166666666666664
32,2015-09-01,327300,90.91666666666667
32,2015-10-01,389400,108.16666666666667
32,2015-11-01,361800,100.5
32,2015-12-01,255600,71
32,2016-01-01,240000,66.66666666666667
32,2016-02-01,345600,96
32,2016-03-01,220800,61.333333333333336
32,2016-04-01,432000,120
32,2016-05-01,427200,118.66666666666667
32,2016-06-01,357600,99.33333333333333
32,2016-07-01,351300,97.58333333333333
32,2016-08-01,394200,109.5
32,2016-09-01,314400,87.33333333333333
32,2016-10-01,386400,107.33333333333333
32,2016-11-01,404100,112.25
32,2016-12-01,336000,93.33333333333333
32,2017-01-01,444000,123.33333333333333
32,2017-02-01,324000,90
32,2017-03-01,482400,134
32,2017-04-01,328800,91.33333333333333
32,2017-05-01,432000,120
32,2017-06-01,232800,64.66666666666667
32,2017-07-01,338400,94
32,2017-08-01,477600,132.66666666666666
32,2017-09-01,295200,82
32,2017-10-01,403200,112
32,2017-11-01,446400,124
32,2017-12-01,324000,90
32,2018-01-01,398400,110.66666666666667
32,2018-02-01,432000,120
32,2018-03-01,384000,106.66666666666667
32,2018-04-01,403200,112
32,2018-05-01,312000,86.66666666666667
32,2018-06-01,432000,120
32,2018-07-01,460800,128
32,2018-08-01,237600,66
32,2018-09-01,324000,90
32,2018-10-01,386400,107.33333333333333
32,2018-11-01,460800,128
32,2018-12-01,345600,96
32,2019-01-01,386400,107.33333333333333
32,2019-02-01,403200,112
32,2019-03-01,405600,112.66666666666667
32,2019-04-01,375600,104.33333333333333
32,2019-05-01,266400,74
32,2019-06-01,216000,60
32,2019-07-01,506400,140.66666666666666
32,2019-08-01,217200,60.333333333333336
32,2019-09-01,543600,151
32,2019-10-01,244800,68
32,2019-11-01,432000,120
32,2019-12-01,324000,90
32,2020-01-01,369900,102.75
32,2020-02-01,432000,120
32,2020-03-01,437400,121.5
32,2020-04-01,384300,106.75
32,2020-05-01,392400,109
32,2020-06-01,277200,77
32,2020-07-01,504900,140.25
32,2020-08-01,115200,32
32,2020-09-01,489300,135.91666666666666
32,2020-10-01,490200,136.16666666666666
32,2020-11-01,568800,158
32,2020-12-01,331200,92
32,2021-01-01,357600,99.33333333333333
32,2021-02-01,493200,137
32,2021-03-01,579240,160.9
32,2021-04-01,513000,142.5
32,2021-05-01,365400,101.5
32,2021-06-01,442080,122.8
32,2021-07-01,396000,110
32,2021-08-01,290400,80.66666666666667
32,2021-09-01,307200,85.33333333333333
32,2021-10-01,371400,103.16666666666667
32,2021-11-01,468000,130
32,2021-12-01,269760,74.93333333333334
32,2022-01-01,405600,112.66666666666667
32,2022-02-01,453600,126
32,2022-03-01,494400,137.33333333333334
32,2022-04-01,324000,90
32,2022-05-01,444000,123.33333333333333
32,2022-06-01,249600,69.33333333333333
32,2022-07-01,420000,116.66666666666667
32,2022-08-01,415200,115.33333333333333
32,2022-09-01,136800,38
32,2022-10-01,403200,112
32,2022-11-01,448800,124.66666666666667
32,2022-12-01,340800,94.66666666666667
32,2023-01-01,415200,115.33333333333333
32,2023-02-01,432000,120
32,2023-03-01,511200,142
32,2023-04-01,295200,82
32,2023-05-01,261600,72.66666666666667
32,2023-06-01,249600,69.33333333333333
32,2023-07-01,381600,106
32,2023-08-01,266400,74
32,2023-09-01,324000,90
32,2023-10-01,432000,120
32,2023-11-01,415200,115.33333333333333
32,2023-12-01,278400,77.33333333333333
32,2024-01-01,477600,132.66666666666666
32,2024-02-01,448800,124.66666666666667
32,2024-03-01,415200,115.33333333333333
32,2024-04-01,538200,149.5
32,2024-05-01,199200,55.333333333333336
32,2024-06-01,324000,90
32,2024-07-01,509400,141.5
32,2024-08-01,202800,56.333333333333336
32,2024-09-01,352800,98
32,2024-10-01,460800,128
32,2024-11-01,537600,149.33333333333334
32,2024-12-01,153600,42.666666666666664
32,2025-01-01,357600,99.33333333333333
32,2025-02-01,290400,80.66666666666667
32,2025-03-01,460800,128
32,2025-04-01,432000,120
32,2025-05-01,432000,120
32,2025-06-01,216000,60
32,2025-07-01,108000,30
32,2025-08-01,0,0
33,2010-04-01,254700,70.75
33,2010-05-01,293400,81.5
33,2010-06-01,342000,95
33,2010-07-01,178200,49.5
33,2010-08-01,335700,93.25
33,2010-09-01,372600,103.5
33,2010-10-01,479400,133.16666666666666
33,2010-11-01,430200,119.5
33,2010-12-01,346500,96.25
33,2011-01-01,255600,71
33,2011-02-01,445500,123.75
33,2011-03-01,424800,118
33,2011-04-01,574200,159.5
33,2011-05-01,695700,193.25
33,2011-06-01,492300,136.75
33,2011-07-01,381600,106
33,2011-08-01,495900,137.75
33,2011-09-01,614700,170.75
33,2011-10-01,650700,180.75
33,2011-11-01,628200,174.5
33,2011-12-01,480600,133.5
33,2012-01-01,449100,124.75
33,2012-02-01,559800,155.5
33,2012-03-01,513900,142.75
33,2012-04-01,413100,114.75
33,2012-05-01,603000,167.5
33,2012-06-01,455400,126.5
33,2012-07-01,591300,164.25
33,2012-08-01,288000,80
33,2012-09-01,573300,159.25
33,2012-10-01,663300,184.25
33,2012-11-01,603900,167.75
33,2012-12-01,288900,80.25
33,2013-01-01,654300,181.75
33,2013-02-01,462600,128.5
33,2013-03-01,562500,156.25
33,2013-04-01,515700,143.25
33,2013-05-01,523800,145.5
33,2013-06-01,455400,126.5
33,2013-07-01,549000,152.5
33,2013-08-01,288000,80
33,2013-09-01,692100,192.25
33,2013-10-01,595800,165.5
33,2013-11-01,488700,135.75
33,2013-12-01,424800,118
33,2014-01-01,518400,144
33,2014-02-01,432000,120
33,2014-03-01,604800,168
33,2014-04-01,489600,136
33,2014-05-01,518400,144
33,2014-06-01,549000,152.5
33,2014-07-01,556200,154.5
33,2014-08-01,613800,170.5
33,2014-09-01,549000,152.5
33,2014-10-01,284400,79
33,2014-11-01,376200,104.5
33,2014-12-01,426600,118.5
33,2015-01-01,489600,136
33,2015-02-01,532800,148
33,2015-03-01,475200,132
33,2015-04-01,543600,151
33,2015-05-01,644400,179
33,2015-06-01,586800,163
33,2015-07-01,379800,105.5
33,2015-08-01,288000,80
33,2015-09-01,633600,176
33,2015-10-01,572400,159
33,2015-11-01,496800,138
33,2015-12-01,433800,120.5
33,2016-01-01,547200,152
33,2016-02-01,466200,129.5
33,2016-03-01,541800,150.5
33,2016-04-01,424800,118
33,2016-05-01,387000,107.5
33,2016-06-01,613800,170.5
33,2016-07-01,414000,115
33,2016-08-01,435600,121
33,2016-09-01,598500,166.25
33,2016-10-01,435600,121
33,2016-11-01,547200,152
33,2016-12-01,434700,120.75
33,2017-01-01,374400,104
33,2017-02-01,547200,152
33,2017-03-01,374400,104
33,2017-04-01,489600,136
33,2017-05-01,460800,128
33,2017-06-01,489600,136
33,2017-07-01,547200,152
33,2017-08-01,518400,144
33,2017-09-01,604800,168
33,2017-10-01,547200,152
33,2017-11-01,576000,160
33,2017-12-01,316800,88
33,2018-01-01,521100,144.75
33,2018-02-01,547200,152
33,2018-03-01,525600,146
33,2018-04-01,432000,120
33,2018-05-01,547200,152
33,2018-06-01,432000,120
33,2018-07-01,324000,90
33,2018-08-01,432000,120
33,2018-09-01,288000,80
33,2018-10-01,594000,165
33,2018-11-01,522000,145
33,2018-12-01,432000,120
33,2019-01-01,594000,165
33,2019-02-01,576000,160
33,2019-03-01,576000,160
33,2019-04-01,576000,160
33,2019-05-01,360000,100
33,2019-06-01,504000,140
33,2019-07-01,612000,170
33,2019-08-01,504000,140
33,2019-09-01,324000,90
33,2019-10-01,612000,170
33,2019-11-01,576000,160
33,2019-12-01,432000,120
33,2020-01-01,403200,112
33,2020-02-01,345600,96
33,2020-03-01,604800,168
33,2020-04-01,547200,152
33,2020-05-01,540000,150
33,2020-06-01,468000,130
33,2020-07-01,504000,140
33,2020-08-01,576000,160
33,2020-09-01,396000,110
33,2020-10-01,576000,160
33,2020-11-01,585000,162.5
33,2020-12-01,504000,140
33,2021-01-01,432000,120
33,2021-02-01,576000,160
33,2021-03-01,633600,176
33,2021-04-01,518400,144
33,2021-05-01,547200,152
33,2021-06-01,460800,128
33,2021-07-01,489600,136
33,2021-08-01,576000,160
33,2021-09-01,432000,120
33,2021-10-01,522000,145
34,2006-05-01,172800,48
34,2006-06-01,561600,156
34,2006-07-01,619200,172
34,2006-08-01,664200,184.5
34,2006-09-01,480600,133.5
34,2006-10-01,534300,148.41666666666666
34,2006-11-01,648600,180.16666666666666
34,2006-12-01,506100,140.58333333333334
34,2007-01-01,672600,186.83333333333334
34,2007-02-01,585900,162.75
34,2007-03-01,690300,191.75
34,2007-04-01,582300,161.75
34,2007-05-01,526200,146.16666666666666
34,2007-06-01,683400,189.83333333333334
34,2007-07-01,721500,200.41666666666666
34,2007-08-01,420000,116.66666666666667
34,2007-09-01,521100,144.75
34,2007-10-01,639000,177.5
34,2007-11-01,654300,181.75
34,2007-12-01,469800,130.5
34,2008-01-01,582000,161.66666666666666
34,2008-02-01,611700,169.91666666666666
34,2008-03-01,562500,156.25
34,2008-04-01,702900,195.25
34,2008-05-01,380700,105.75
34,2008-06-01,638100,177.25
34,2008-07-01,687600,191
34,2008-08-01,344700,95.75
34,2008-09-01,697500,193.75
34,2008-10-01,639900,177.75
34,2008-11-01,434700,120.75
34,2008-12-01,446400,124
34,2009-01-01,414900,115.25
34,2009-02-01,614700,170.75
34,2009-03-01,702900,195.25
34,2009-04-01,558000,155
34,2009-05-01,417600,116
34,2009-06-01,635400,176.5
34,2009-07-01,612000,170
34,2009-08-01,191700,53.25
34,2009-09-01,698400,194
34,2009-10-01,520200,144.5
34,2009-11-01,659700,183.25
34,2009-12-01,454500,126.25
34,2010-01-01,427500,118.75
34,2010-02-01,502200,139.5
34,2010-03-01,720000,200
34,2010-04-01,636300,176.75
34,2010-05-01,549000,152.5
34,2010-06-01,574200,159.5
34,2010-07-01,662400,184
34,2010-08-01,309600,86
34,2010-09-01,692100,192.25
34,2010-10-01,563400,156.5
34,2010-11-01,564300,156.75
34,2010-12-01,458100,127.25
34,2011-01-01,479700,133.25
34,2011-02-01,534600,148.5
34,2011-03-01,591300,164.25
34,2011-04-01,575100,159.75
34,2011-05-01,594900,165.25
34,2011-06-01,429300,119.25
34,2011-07-01,603900,167.75
34,2011-08-01,302400,84
34,2011-09-01,576900,160.25
34,2011-10-01,517500,143.75
34,2011-11-01,541800,150.5
34,2011-12-01,367200,102
34,2012-01-01,432000,120
34,2012-02-01,649800,180.5
34,2012-03-01,622800,173
34,2012-04-01,149400,41.5
34,2012-05-01,592200,164.5
34,2012-06-01,639000,177.5
34,2012-07-01,581400,161.5
34,2012-08-01,605700,168.25
34,2012-09-01,385200,107
34,2012-10-01,698400,194
34,2012-11-01,481500,133.75
34,2012-12-01,216900,60.25
34,2013-01-01,455400,126.5
34,2013-02-01,548100,152.25
34,2013-03-01,401400,111.5
34,2013-04-01,595800,165.5
34,2013-05-01,462600,128.5
34,2013-06-01,557100,154.75
34,2013-07-01,545400,151.5
34,2013-08-01,423000,117.5
34,2013-09-01,592200,164.5
34,2013-10-01,523800,145.5
34,2013-11-01,568800,158
34,2013-12-01,329400,91.5
34,2014-01-01,555300,154.25
34,2014-02-01,567900,157.75
34,2014-03-01,489600,136
34,2014-04-01,475200,132
34,2014-05-01,576000,160
34,2014-06-01,466200,129.5
34,2014-07-01,630000,175
34,2014-08-01,511200,142
34,2014-09-01,381600,106
34,2014-10-01,639000,177.5
34,2014-11-01,536400,149
34,2014-12-01,507600,141
34,2015-01-01,432000,120
34,2015-02-01,460800,128
34,2015-03-01,316800,88
35,2006-08-01,711000,197.5
35,2006-09-01,579600,161
35,2006-10-01,619200,172
35,2006-11-01,649800,180.5
35,2006-12-01,499500,138.75
35,2007-01-01,558900,155.25
35,2007-02-01,635400,176.5
35,2007-03-01,695700,193.25
35,2007-04-01,626400,174
35,2007-05-01,607500,168.75
35,2007-06-01,651600,181
35,2007-07-01,232200,64.5
35,2007-08-01,684000,190
35,2007-09-01,630000,175
35,2007-10-01,676800,188
35,2007-11-01,633600,176
35,2007-12-01,424800,118
35,2008-01-01,516600,143.5
35,2008-02-01,648000,180
35,2008-03-01,570600,158.5
35,2008-04-01,602100,167.25
35,2008-05-01,493200,137
35,2008-06-01,189000,52.5
35,2008-07-01,633600,176
35,2008-08-01,570600,158.5
35,2008-09-01,284400,79
35,2009-01-01,0,0
35,2009-11-01,302400,84
35,2009-12-01,244800,68
35,2010-01-01,235800,65.5
35,2010-02-01,176400,49
35,2010-03-01,336600,93.5
35,2010-04-01,313200,87
35,2010-05-01,322200,89.5
35,2010-06-01,388800,108
35,2010-07-01,216000,60
35,2010-08-01,140400,39
35,2010-09-01,295200,82
35,2010-10-01,230400,64
35,2010-11-01,318600,88.5
35,2010-12-01,288000,80
35,2011-01-01,297000,82.5
35,2011-02-01,370800,103
35,2011-03-01,259200,72
35,2011-04-01,64800,18
35,2012-09-01,270000,75
35,2012-10-01,252000,70
35,2012-11-01,237600,66
35,2012-12-01,194400,54
35,2013-01-01,185400,51.5
35,2013-02-01,232200,64.5
35,2013-03-01,228600,63.5
35,2013-04-01,172800,48
35,2013-06-01,129600,36
35,2013-07-01,318600,88.5
35,2013-08-01,169200,47
35,2013-09-01,156600,43.5
35,2013-10-01,288000,80
35,2013-11-01,241200,67
35,2013-12-01,174600,48.5
35,2014-01-01,185400,51.5
35,2014-02-01,277200,77
35,2014-03-01,302400,84
35,2014-04-01,264600,73.5
35,2014-05-01,212400,59
35,2014-06-01,180000,50
35,2014-07-01,221400,61.5
35,2014-08-01,201600,56
35,2014-09-01,298800,83
35,2014-10-01,277200,77
35,2014-11-01,268200,74.5
35,2014-12-01,241200,67
35,2015-01-01,259200,72
35,2015-02-01,288000,80
35,2015-03-01,286200,79.5
35,2015-04-01,273600,76
35,2015-05-01,372600,103.5
35,2015-06-01,79200,22
35,2015-07-01,255600,71
35,2015-08-01,284400,79
35,2015-09-01,145800,40.5
35,2015-10-01,275400,76.5
35,2015-11-01,264600,73.5
35,2015-12-01,210600,58.5
35,2016-01-01,187200,52
35,2016-02-01,288000,80
35,2016-03-01,243000,67.5
35,2016-04-01,289800,80.5
35,2016-05-01,217800,60.5
35,2016-06-01,331200,92
35,2016-07-01,288000,80
35,2016-08-01,100800,28
35,2016-09-01,327600,91
35,2016-10-01,316800,88
35,2016-11-01,331200,92
35,2016-12-01,217800,60.5
35,2017-01-01,226800,63
35,2017-02-01,219600,61
35,2017-03-01,338400,94
35,2017-04-01,138600,38.5
35,2017-05-01,84600,23.5
35,2018-01-01,273600,76
35,2018-02-01,144000,40
35,2018-03-01,302400,84
35,2018-04-01,230400,64
35,2018-05-01,286200,79.5
35,2018-06-01,315000,87.5
35,2018-07-01,336600,93.5
35,2018-08-01,100800,28
35,2018-09-01,243000,67.5
35,2018-10-01,255600,71
35,2018-11-01,334800,93
35,2018-12-01,201600,56
35,2019-01-01,266400,74
35,2019-02-01,331200,92
35,2019-03-01,300600,83.5
35,2019-04-01,280800,78
35,2019-05-01,336600,93.5
35,2019-06-01,181800,50.5
35,2019-07-01,428400,119
35,2019-08-01,219600,61
35,2019-09-01,232200,64.5
35,2019-10-01,352800,98
35,2019-11-01,401400,111.5
35,2019-12-01,246600,68.5
35,2020-01-01,345600,96
35,2020-02-01,298800,83
35,2020-03-01,352800,98
35,2020-04-01,241200,67
35,2020-05-01,360000,100
35,2020-06-01,288000,80
35,2020-07-01,360000,100
35,2020-08-01,108000,30
35,2020-09-01,378000,105
35,2020-10-01,306000,85
35,2020-11-01,378000,105
35,2020-12-01,270000,75
35,2021-01-01,306000,85
35,2021-02-01,369000,102.5
35,2021-03-01,504000,140
35,2021-04-01,396000,110
35,2021-05-01,378000,105
35,2021-06-01,432000,120
35,2021-07-01,432000,120
35,2021-08-01,342000,95
35,2021-09-01,396000,110
35,2021-10-01,396000,110
35,2021-11-01,342000,95
35,2021-12-01,252000,70
35,2022-01-01,288000,80
35,2022-02-01,360000,100
35,2022-03-01,360000,100
35,2022-04-01,306000,85
35,2022-05-01,396000,110
35,2022-06-01,270000,75
35,2022-07-01,334800,93
35,2022-08-01,72000,20
35,2022-09-01,396000,110
35,2022-10-01,360000,100
35,2022-12-01,176400,49
35,2023-01-01,234000,65
35,2023-02-01,378000,105
35,2023-03-01,468000,130
35,2023-04-01,270000,75
35,2023-05-01,324000,90
35,2023-06-01,306000,85
35,2023-07-01,450000,125
35,2023-08-01,126000,35
35,2023-09-01,414000,115
35,2023-10-01,342000,95
35,2023-11-01,396000,110
35,2023-12-01,302400,84
35,2024-01-01,396000,110
35,2024-02-01,432000,120
35,2024-03-01,342000,95
35,2024-04-01,414000,115
35,2024-05-01,270000,75
35,2024-06-01,414000,115
35,2024-07-01,450000,125
35,2024-08-01,90000,25
35,2024-09-01,414000,115
35,2024-10-01,450000,125
35,2024-11-01,396000,110
35,2024-12-01,316800,88
35,2025-01-01,450000,125
35,2025-02-01,442800,123
35,2025-03-01,324000,90
35,2025-04-01,399600,111
35,2025-05-01,360000,100
35,2025-06-01,241200,67
35,2025-07-01,86400,24
36,2006-08-01,396000,110
36,2006-09-01,626400,174
36,2006-10-01,417600,116
36,2006-11-01,595800,165.5
36,2006-12-01,368100,102.25
36,2007-01-01,600300,166.75
36,2007-02-01,523800,145.5
36,2007-03-01,589500,163.75
36,2007-04-01,624000,173.33333333333334
36,2007-05-01,747900,207.75
36,2007-06-01,307800,85.5
36,2007-07-01,450000,125
36,2007-08-01,546300,151.75
36,2007-09-01,534600,148.5
36,2007-10-01,688500,191.25
36,2007-11-01,682800,189.66666666666666
36,2007-12-01,332100,92.25
36,2008-01-01,408600,113.5
36,2008-02-01,423900,117.75
36,2008-03-01,412200,114.5
36,2008-04-01,624900,173.58333333333334
36,2008-05-01,369900,102.75
36,2008-06-01,481800,133.83333333333334
36,2008-07-01,548100,152.25
36,2008-08-01,310500,86.25
36,2008-09-01,720900,200.25
36,2008-10-01,628200,174.5
36,2008-11-01,619200,172
36,2008-12-01,460800,128
36,2009-01-01,539100,149.75
36,2009-02-01,494400,137.33333333333334
36,2009-03-01,532500,147.91666666666666
36,2009-04-01,486900,135.25
36,2009-05-01,287100,79.75
36,2009-06-01,581400,161.5
36,2009-07-01,563400,156.5
36,2009-08-01,436500,121.25
36,2009-09-01,592200,164.5
36,2009-10-01,728100,202.25
36,2009-11-01,681300,189.25
36,2009-12-01,432000,120
36,2010-01-01,412200,114.5
36,2010-02-01,542700,150.75
36,2010-03-01,681600,189.33333333333334
36,2010-04-01,558900,155.25
36,2010-05-01,459000,127.5
36,2010-06-01,486900,135.25
36,2010-07-01,315900,87.75
36,2010-08-01,612000,170
36,2010-09-01,711000,197.5
36,2010-10-01,585900,162.75
36,2010-11-01,658080,182.8
36,2010-12-01,316800,88
36,2011-01-01,569700,158.25
36,2011-02-01,218700,60.75
36,2011-03-01,575100,159.75
36,2011-04-01,435600,121
36,2011-05-01,619200,172
36,2011-06-01,503100,139.75
36,2011-07-01,579600,161
36,2011-08-01,610200,169.5
36,2011-09-01,567900,157.75
36,2011-10-01,493200,137
36,2011-11-01,547200,152
36,2011-12-01,432600,120.16666666666667
36,2012-01-01,633600,176
36,2012-02-01,606600,168.5
36,2012-03-01,532800,148
36,2012-04-01,591300,164.25
36,2012-05-01,405000,112.5
36,2012-06-01,576000,160
36,2012-07-01,406800,113
36,2012-08-01,391500,108.75
36,2012-09-01,633300,175.91666666666666
36,2012-10-01,693000,192.5
36,2012-11-01,614700,170.75
36,2012-12-01,317700,88.25
36,2013-01-01,416700,115.75
36,2013-02-01,198900,55.25
36,2013-03-01,430200,119.5
36,2013-04-01,486900,135.25
36,2013-05-01,270900,75.25
36,2013-06-01,198900,55.25
36,2013-07-01,478800,133
36,2013-08-01,414900,115.25
36,2013-09-01,494100,137.25
36,2013-10-01,719100,199.75
36,2013-11-01,239400,66.5
37,2006-05-01,32400,9
37,2006-07-01,372600,103.5
37,2006-08-01,601200,167
37,2006-09-01,515700,143.25
37,2006-10-01,468900,130.25
37,2006-11-01,688500,191.25
37,2006-12-01,553500,153.75
37,2007-01-01,541740,150.48333333333332
37,2007-02-01,412200,114.5
37,2007-03-01,565200,157
37,2007-04-01,582300,161.75
37,2007-05-01,549900,152.75
37,2007-06-01,624600,173.5
37,2007-07-01,651600,181
37,2007-08-01,253800,70.5
37,2007-09-01,564300,156.75
37,2007-10-01,643500,178.75
37,2007-11-01,632700,175.75
37,2007-12-01,263700,73.25
37,2008-01-01,622800,173
37,2008-02-01,414900,115.25
37,2008-03-01,171000,47.5
37,2008-04-01,591300,164.25
37,2008-05-01,575100,159.75
37,2008-06-01,637200,177
37,2008-07-01,616500,171.25
37,2008-08-01,433800,120.5
37,2008-09-01,422100,117.25
37,2008-10-01,629100,174.75
37,2008-11-01,650700,180.75
37,2008-12-01,504000,140
37,2009-01-01,625500,173.75
37,2009-02-01,347400,96.5
37,2009-03-01,395100,109.75
37,2009-04-01,686700,190.75
37,2009-05-01,598500,166.25
37,2009-06-01,714600,198.5
37,2009-07-01,328500,91.25
37,2009-08-01,666000,185
37,2009-09-01,682200,189.5
37,2009-10-01,760500,211.25
37,2009-11-01,599400,166.5
37,2009-12-01,518400,144
37,2010-01-01,464400,129
37,2010-02-01,254700,70.75
37,2010-03-01,257400,71.5
37,2010-04-01,610200,169.5
37,2010-05-01,384360,106.76666666666667
37,2010-06-01,621900,172.75
37,2010-07-01,568800,158
37,2010-08-01,615600,171
37,2010-09-01,764100,212.25
37,2010-10-01,697500,193.75
37,2010-11-01,553500,153.75
37,2010-12-01,400500,111.25
37,2011-01-01,491400,136.5
37,2011-02-01,608400,169
37,2011-03-01,744300,206.75
37,2011-04-01,448200,124.5
37,2011-05-01,538200,149.5
37,2011-06-01,519300,144.25
37,2011-07-01,519300,144.25
37,2011-08-01,651600,181
37,2011-09-01,299700,83.25
37,2012-01-01,187260,52.016666666666666
37,2012-02-01,284400,79
37,2012-03-01,333900,92.75
37,2012-04-01,389700,108.25
37,2012-05-01,188100,52.25
37,2012-06-01,356400,99
37,2012-07-01,551700,153.25
37,2012-08-01,467100,129.75
37,2012-09-01,469800,130.5
37,2012-10-01,517500,143.75
37,2012-11-01,465300,129.25
37,2012-12-01,324000,90
37,2013-01-01,454500,126.25
37,2013-02-01,243000,67.5
37,2013-03-01,427500,118.75
37,2013-04-01,441000,122.5
37,2013-05-01,405000,112.5
37,2013-06-01,342000,95
37,2013-07-01,440100,122.25
37,2013-08-01,417600,116
37,2013-09-01,378900,105.25
37,2013-10-01,518400,144
37,2013-11-01,471600,131
37,2013-12-01,164700,45.75
37,2014-01-01,414900,115.25
37,2014-02-01,437400,121.5
37,2014-03-01,420840,116.9
37,2014-04-01,475200,132
37,2014-05-01,363960,101.1
37,2014-06-01,402300,111.75
37,2014-07-01,531780,147.71666666666667
37,2014-08-01,249420,69.28333333333333
37,2014-09-01,489600,136
37,2014-10-01,500400,139
37,2014-11-01,471600,131
37,2014-12-01,290700,80.75
37,2015-01-01,414720,115.2
37,2015-02-01,208800,58
37,2015-03-01,368640,102.4
37,2015-04-01,299520,83.2
37,2015-05-01,299520,83.2
37,2015-06-01,391680,108.8
37,2015-07-01,414720,115.2
37,2015-08-01,115560,32.1
37,2015-09-01,446940,124.15
37,2015-10-01,380160,105.6
37,2015-11-01,414720,115.2
37,2015-12-01,321900,89.41666666666667
37,2016-01-01,230400,64
37,2016-02-01,483840,134.4
37,2016-03-01,460800,128
37,2016-04-01,337500,93.75
37,2016-05-01,264960,73.6
37,2016-06-01,437760,121.6
37,2016-07-01,483840,134.4
37,2016-08-01,253440,70.4
37,2016-09-01,463500,128.75
37,2016-10-01,459900,127.75
37,2016-11-01,483840,134.4
37,2016-12-01,389880,108.3
37,2017-01-01,391680,108.8
37,2017-02-01,345600,96
37,2017-03-01,529920,147.2
37,2017-04-01,299520,83.2
37,2017-05-01,483840,134.4
37,2017-06-01,299520,83.2
37,2017-07-01,483840,134.4
37,2017-08-01,208080,57.8
37,2017-09-01,483840,134.4
37,2017-10-01,460800,128
37,2017-11-01,483840,134.4
37,2017-12-01,345600,96
37,2018-01-01,468000,130
37,2018-02-01,377100,104.75
37,2018-03-01,444600,123.5
37,2018-04-01,468000,130
37,2018-05-01,396000,110
37,2018-06-01,216000,60
37,2018-07-01,540000,150
37,2018-08-01,306000,85
37,2018-09-01,432000,120
37,2018-10-01,360000,100
37,2018-11-01,360000,100
37,2018-12-01,432000,120
37,2019-01-01,468000,130
37,2019-02-01,360000,100
37,2019-03-01,364500,101.25
37,2019-04-01,396000,110
37,2019-05-01,360000,100
37,2019-06-01,216000,60
37,2019-07-01,540000,150
37,2019-08-01,360000,100
37,2019-09-01,252000,70
37,2019-10-01,504000,140
37,2019-11-01,468000,130
37,2019-12-01,252000,70
37,2020-01-01,540000,150
37,2020-02-01,360000,100
37,2020-03-01,540000,150
37,2020-04-01,486000,135
37,2020-05-01,324000,90
37,2020-06-01,270000,75
37,2020-07-01,522000,145
37,2020-08-01,216000,60
37,2020-09-01,504000,140
37,2020-10-01,456300,126.75
37,2020-11-01,398700,110.75
37,2020-12-01,477000,132.5
37,2021-01-01,379800,105.5
37,2021-02-01,479700,133.25
37,2021-03-01,406800,113
37,2021-04-01,387900,107.75
37,2021-05-01,445500,123.75
37,2021-06-01,462600,128.5
37,2021-07-01,548100,152.25
37,2021-08-01,470700,130.75
37,2021-09-01,472500,131.25
37,2021-10-01,522000,145
37,2021-11-01,385200,107
37,2021-12-01,300600,83.5
37,2022-01-01,457200,127
37,2022-02-01,311400,86.5
37,2022-03-01,540900,150.25
37,2022-04-01,378900,105.25
37,2022-05-01,420300,116.75
37,2022-06-01,362700,100.75
37,2022-07-01,422100,117.25
37,2022-08-01,239400,66.5
37,2022-09-01,507600,141
37,2022-10-01,277200,77
37,2022-11-01,251100,69.75
37,2022-12-01,324000,90
37,2023-01-01,371700,103.25
37,2023-02-01,461700,128.25
37,2023-03-01,510300,141.75
37,2023-04-01,341100,94.75
37,2023-05-01,421200,117
37,2023-06-01,358200,99.5
37,2023-07-01,322200,89.5
37,2023-08-01,406800,113
37,2023-09-01,472500,131.25
37,2023-10-01,528300,146.75
37,2023-11-01,451800,125.5
37,2023-12-01,297000,82.5
37,2024-01-01,421200,117
37,2024-02-01,414900,115.25
37,2024-03-01,459000,127.5
37,2024-04-01,367200,102
37,2024-05-01,322200,89.5
37,2024-06-01,468000,130
37,2024-07-01,504900,140.25
37,2024-08-01,148440,41.233333333333334
37,2024-09-01,464400,129
37,2024-10-01,93600,26
37,2024-11-01,23400,6.5
37,2024-12-01,357300,99.25
37,2025-01-01,496800,138
37,2025-02-01,402300,111.75
37,2025-06-01,196200,54.5
37,2025-07-01,64800,18
38,2007-01-01,461700,128.25
38,2007-02-01,432900,120.25
38,2007-03-01,744900,206.91666666666666
38,2007-04-01,611100,169.75
38,2007-05-01,622800,173
38,2007-06-01,602100,167.25
38,2007-07-01,517500,143.75
38,2007-08-01,434700,120.75
38,2007-09-01,561600,156
38,2007-10-01,623700,173.25
38,2007-11-01,549900,152.75
38,2007-12-01,480600,133.5
38,2008-01-01,768600,213.5
38,2008-02-01,746100,207.25
38,2008-03-01,481500,133.75
38,2008-04-01,700200,194.5
38,2008-05-01,544500,151.25
38,2008-06-01,544500,151.25
38,2008-07-01,609300,169.25
38,2008-08-01,675000,187.5
38,2008-09-01,310500,86.25
38,2008-10-01,758700,210.75
38,2008-11-01,594900,165.25
38,2008-12-01,492300,136.75
38,2009-01-01,795600,221
38,2009-02-01,815400,226.5
38,2009-03-01,766800,213
38,2009-04-01,662400,184
38,2009-05-01,582300,161.75
38,2009-06-01,611100,169.75
38,2009-07-01,733500,203.75
38,2009-08-01,0,0
38,2009-09-01,417600,116
38,2009-10-01,594900,165.25
38,2009-11-01,423000,117.5
38,2009-12-01,298800,83
38,2010-01-01,394200,109.5
38,2010-02-01,543600,151
38,2010-03-01,670500,186.25
38,2010-04-01,413100,114.75
38,2010-05-01,254700,70.75
38,2010-06-01,539100,149.75
38,2010-07-01,351000,97.5
38,2010-08-01,329400,91.5
38,2010-09-01,303300,84.25
38,2010-10-01,326700,90.75
38,2010-11-01,342000,95
38,2010-12-01,202500,56.25
38,2011-01-01,234300,65.08333333333333
38,2011-02-01,293400,81.5
38,2011-03-01,337200,93.66666666666667
38,2011-04-01,117000,32.5
38,2011-05-01,287100,79.75
38,2011-06-01,300600,83.5
38,2011-07-01,243000,67.5
38,2011-08-01,115200,32
39,2006-08-01,349800,97.16666666666667
39,2006-09-01,631800,175.5
39,2006-10-01,579600,161
39,2006-11-01,672900,186.91666666666666
39,2006-12-01,398100,110.58333333333333
39,2007-01-01,677700,188.25
39,2007-02-01,643800,178.83333333333334
39,2007-03-01,662100,183.91666666666666
39,2007-04-01,464400,129
39,2007-05-01,652500,181.25
39,2007-06-01,556200,154.5
39,2007-07-01,444300,123.41666666666667
39,2007-08-01,537900,149.41666666666666
39,2007-09-01,403800,112.16666666666667
39,2007-10-01,661500,183.75
39,2007-11-01,549000,152.5
39,2007-12-01,288000,80
39,2008-01-01,455400,126.5
39,2008-02-01,567300,157.58333333333334
39,2008-03-01,518400,144
39,2008-04-01,614700,170.75
39,2008-05-01,504600,140.16666666666666
39,2008-06-01,639000,177.5
39,2008-07-01,646200,179.5
39,2008-08-01,315000,87.5
39,2008-09-01,607200,168.66666666666666
39,2008-10-01,691800,192.16666666666666
39,2008-11-01,479400,133.16666666666666
39,2008-12-01,428700,119.08333333333333
39,2009-01-01,540600,150.16666666666666
39,2009-02-01,578700,160.75
39,2009-03-01,614100,170.58333333333334
39,2009-04-01,384000,106.66666666666667
39,2009-05-01,385800,107.16666666666667
39,2009-06-01,498900,138.58333333333334
39,2009-07-01,643200,178.66666666666666
39,2009-08-01,384000,106.66666666666667
39,2009-09-01,288000,80
39,2009-10-01,507600,141
39,2009-11-01,505800,140.5
39,2009-12-01,300900,83.58333333333333
39,2010-01-01,414900,115.25
39,2010-02-01,445800,123.83333333333333
39,2010-03-01,270300,75.08333333333333
40,2007-01-01,230400,64
40,2007-02-01,586800,163
40,2007-03-01,568800,158
40,2007-04-01,576000,160
40,2007-05-01,651600,181
40,2007-06-01,468000,130
40,2007-07-01,640800,178
40,2007-08-01,230400,64
40,2007-09-01,576000,160
40,2007-10-01,640800,178
40,2007-11-01,608400,169
40,2007-12-01,345600,96
40,2008-01-01,361800,100.5
40,2008-02-01,653400,181.5
40,2008-03-01,531000,147.5
40,2008-04-01,570600,158.5
40,2008-05-01,334800,93
40,2008-06-01,291600,81
40,2008-07-01,406800,113
40,2008-08-01,619200,172
40,2008-09-01,615600,171
40,2008-10-01,640800,178
40,2008-11-01,601200,167
40,2008-12-01,532800,148
40,2009-01-01,374400,104
40,2009-02-01,590400,164
40,2009-03-01,648000,180
40,2009-04-01,522000,145
40,2009-05-01,237600,66
40,2009-06-01,419400,116.5
40,2009-07-01,657000,182.5
40,2009-08-01,468000,130
40,2009-09-01,606600,168.5
40,2009-10-01,568800,158
40,2009-11-01,655200,182
40,2009-12-01,511200,142
40,2010-01-01,460800,128
40,2010-02-01,615600,171
40,2010-03-01,248400,69
40,2010-04-01,550800,153
40,2010-05-01,518400,144
40,2010-06-01,403200,112
40,2010-07-01,633600,176
40,2010-08-01,633600,176
40,2010-09-01,633600,176
40,2010-10-01,547200,152
40,2010-11-01,576000,160
40,2010-12-01,489600,136
40,2011-01-01,460800,128
40,2011-02-01,547200,152
40,2011-03-01,648000,180
40,2011-04-01,518400,144
40,2011-05-01,633600,176
40,2011-06-01,518400,144
40,2011-07-01,640500,177.91666666666666
40,2011-08-01,240000,66.66666666666667
40,2011-09-01,640200,177.83333333333334
40,2011-10-01,611100,169.75
40,2011-11-01,545400,151.5
40,2011-12-01,450000,125
40,2012-01-01,386100,107.25
40,2012-04-01,498600,138.5
40,2012-05-01,675000,187.5
40,2012-06-01,486900,135.25
40,2012-07-01,619200,172
40,2012-08-01,210600,58.5
40,2012-09-01,572760,159.1
40,2012-10-01,692100,192.25
40,2012-11-01,617400,171.5
40,2012-12-01,445500,123.75
40,2013-01-01,583200,162
40,2013-02-01,547200,152
40,2013-03-01,547200,152
40,2013-04-01,576000,160
40,2013-05-01,554400,154
40,2013-07-01,335700,93.25
40,2013-08-01,302400,84
40,2013-09-01,604800,168
40,2013-10-01,604800,168
40,2013-11-01,518400,144
40,2013-12-01,374400,104
40,2014-01-01,518400,144
40,2014-02-01,590400,164
40,2014-03-01,590400,164
40,2014-04-01,374400,104
40,2014-05-01,547200,152
40,2014-07-01,698400,194
40,2014-08-01,493200,137
40,2014-09-01,576000,160
40,2014-10-01,633600,176
40,2014-11-01,547200,152
40,2014-12-01,403200,112
40,2015-01-01,460800,128
40,2015-02-01,547200,152
40,2015-03-01,547200,152
40,2015-04-01,579600,161
40,2015-05-01,345600,96
40,2015-06-01,576000,160
40,2015-07-01,662400,184
40,2015-08-01,288000,80
40,2015-09-01,604800,168
40,2015-10-01,518400,144
40,2015-11-01,518400,144
40,2015-12-01,403200,112
40,2016-01-01,489600,136
40,2016-02-01,604800,168
40,2016-03-01,547200,152
40,2016-04-01,576000,160
40,2016-05-01,518400,144
40,2016-06-01,406800,113
40,2016-07-01,403200,112
40,2016-08-01,576000,160
40,2016-09-01,633600,176
40,2016-10-01,432000,120
40,2016-11-01,518400,144
40,2016-12-01,432000,120
40,2017-01-01,576000,160
40,2017-02-01,460800,128
40,2017-03-01,576000,160
40,2017-04-01,345600,96
40,2017-05-01,547200,152
40,2017-06-01,576000,160
40,2017-07-01,604800,168
40,2017-08-01,432000,120
40,2017-09-01,576000,160
40,2017-10-01,547200,152
40,2017-11-01,547200,152
40,2017-12-01,432000,120
40,2018-01-01,518400,144
40,2018-02-01,576000,160
40,2018-03-01,230400,64
40,2018-04-01,432000,120
40,2018-05-01,518400,144
40,2018-06-01,576000,160
40,2018-07-01,576000,160
40,2018-08-01,403200,112
40,2018-09-01,459000,127.5
40,2018-10-01,550800,153
40,2018-11-01,489600,136
40,2018-12-01,214200,59.5
40,2019-01-01,336600,93.5
40,2019-03-01,244800,68
40,2019-04-01,428400,119
40,2019-05-01,550800,153
40,2019-06-01,214200,59.5
40,2019-07-01,581400,161.5
40,2019-08-01,153000,42.5
40,2019-09-01,520200,144.5
40,2019-10-01,520200,144.5
40,2019-11-01,489600,136
40,2019-12-01,397800,110.5
40,2020-01-01,459000,127.5
40,2020-02-01,513000,142.5
40,2020-03-01,619200,172
40,2020-04-01,397800,110.5
40,2020-05-01,459000,127.5
40,2020-06-01,428400,119
40,2020-07-01,581400,161.5
40,2020-08-01,275400,76.5
40,2020-09-01,489600,136
40,2020-10-01,520200,144.5
40,2020-11-01,550800,153
40,2020-12-01,153000,42.5
40,2021-01-01,432000,120
40,2021-02-01,576000,160
40,2021-03-01,576000,160
40,2021-04-01,547200,152
40,2021-05-01,374400,104
40,2021-11-01,86400,24
40,2021-12-01,460800,128
40,2022-01-01,374400,104
40,2022-02-01,547200,152
40,2022-03-01,604800,168
40,2022-04-01,316800,88
40,2022-05-01,604800,168
40,2022-06-01,316800,88
40,2022-07-01,604800,168
40,2022-08-01,244800,68
40,2022-09-01,637200,177
40,2022-10-01,565200,157
40,2022-11-01,655200,182
40,2022-12-01,316800,88
40,2023-01-01,489600,136
40,2023-02-01,403200,112
40,2023-03-01,230400,64
40,2023-05-01,144000,40
40,2023-06-01,432000,120
40,2023-07-01,604800,168
40,2023-08-01,230400,64
40,2023-09-01,541800,150.5
40,2023-10-01,320400,89
40,2023-11-01,302400,84
40,2023-12-01,18000,5
41,2006-08-01,321900,89.41666666666667
41,2006-09-01,598800,166.33333333333334
41,2006-10-01,627300,174.25
41,2006-11-01,602100,167.25
41,2006-12-01,448800,124.66666666666667
41,2007-01-01,540900,150.25
41,2007-02-01,553800,153.83333333333334
41,2007-03-01,558000,155
41,2007-04-01,545700,151.58333333333334
41,2007-05-01,541800,150.5
41,2007-06-01,551400,153.16666666666666
41,2007-07-01,536400,149
41,2007-08-01,384900,106.91666666666667
41,2007-09-01,613800,170.5
41,2007-10-01,654900,181.91666666666666
41,2007-11-01,519000,144.16666666666666
41,2007-12-01,380700,105.75
41,2008-01-01,471300,130.91666666666666
41,2008-02-01,509700,141.58333333333334
41,2008-03-01,474300,131.75
41,2008-04-01,618300,171.75
41,2008-05-01,341700,94.91666666666667
41,2008-06-01,545700,151.58333333333334
41,2008-07-01,517800,143.83333333333334
41,2008-08-01,520200,144.5
41,2008-09-01,279600,77.66666666666667
41,2008-10-01,585000,162.5
41,2008-11-01,647100,179.75
41,2008-12-01,477000,132.5
41,2009-01-01,578100,160.58333333333334
41,2009-02-01,501300,139.25
41,2009-03-01,657900,182.75
41,2009-04-01,210900,58.583333333333336
41,2009-05-01,495600,137.66666666666666
41,2009-06-01,570300,158.41666666666666
41,2009-07-01,626700,174.08333333333334
41,2009-08-01,504900,140.25
41,2009-09-01,515100,143.08333333333334
41,2009-10-01,477000,132.5
41,2009-11-01,656100,182.25
41,2009-12-01,565800,157.16666666666666
41,2010-01-01,235200,65.33333333333333
41,2010-02-01,514380,142.88333333333333
41,2010-03-01,660480,183.46666666666667
41,2010-04-01,569400,158.16666666666666
41,2010-05-01,508200,141.16666666666666
41,2010-06-01,620700,172.41666666666666
41,2010-07-01,28800.000000000004,8.000000000000002
41,2010-08-01,363300,100.91666666666667
41,2010-09-01,556200,154.5
41,2010-10-01,629400,174.83333333333334
41,2010-11-01,629700,174.91666666666666
41,2010-12-01,101400,28.166666666666668
41,2011-01-01,527700,146.58333333333334
41,2011-02-01,605700,168.25
41,2011-03-01,679500,188.75
41,2011-04-01,515400,143.16666666666666
41,2011-05-01,622200,172.83333333333334
41,2011-06-01,438000,121.66666666666667
41,2011-07-01,625800,173.83333333333334
41,2011-08-01,268200,74.5
41,2011-09-01,598200,166.16666666666666
41,2011-10-01,567300,157.58333333333334
41,2011-11-01,631920,175.53333333333333
41,2011-12-01,446400,124
41,2012-01-01,582300,161.75
41,2012-02-01,476400,132.33333333333334
41,2012-03-01,514800,143
41,2012-04-01,556800,154.66666666666666
41,2012-05-01,494400,137.33333333333334
41,2012-06-01,483900,134.41666666666666
41,2012-07-01,739200,205.33333333333334
41,2012-08-01,663600,184.33333333333334
41,2012-09-01,671100,186.41666666666666
41,2012-10-01,602100,167.25
41,2012-11-01,653400,181.5
41,2012-12-01,394500,109.58333333333333
41,2013-01-01,612600,170.16666666666666
41,2013-02-01,325200,90.33333333333333
41,2013-03-01,510000,141.66666666666666
41,2013-04-01,596700,165.75
41,2013-05-01,511800,142.16666666666666
41,2013-06-01,621600,172.66666666666666
41,2013-07-01,490200,136.16666666666666
41,2013-08-01,369300,102.58333333333333
41,2013-09-01,508800,141.33333333333334
41,2013-10-01,655500,182.08333333333334
41,2013-11-01,610500,169.58333333333334
41,2013-12-01,440700,122.41666666666667
41,2014-01-01,541500,150.41666666666666
41,2014-02-01,476700,132.41666666666666
41,2014-03-01,586500,162.91666666666666
41,2014-04-01,572400,159
41,2014-05-01,333000,92.5
41,2014-06-01,603000,167.5
41,2014-07-01,381600,106
41,2014-08-01,62100,17.25
41,2014-09-01,285300,79.25
41,2014-10-01,615600,171
41,2014-11-01,504900,140.25
41,2014-12-01,410400,114
41,2015-01-01,518400,144
41,2015-02-01,519300,144.25
41,2015-03-01,576000,160
41,2015-04-01,518400,144
41,2015-05-01,489600,136
41,2015-06-01,604800,168
41,2015-07-01,662400,184
41,2015-08-01,374400,104
41,2015-09-01,259200,72
41,2015-10-01,604800,168
41,2015-11-01,604800,168
41,2015-12-01,442800,123
41,2016-01-01,432000,120
41,2016-02-01,547200,152
41,2016-03-01,603900,167.75
41,2016-04-01,460800,128
41,2016-05-01,288000,80
41,2016-06-01,640800,178
41,2016-07-01,611100,169.75
41,2016-08-01,367200,102
41,2016-09-01,666900,185.25
41,2016-10-01,581400,161.5
41,2016-11-01,621900,172.75
41,2016-12-01,370800,103
41,2017-01-01,503100,139.75
41,2017-02-01,576000,160
41,2017-03-01,572400,159
41,2017-04-01,541800,150.5
41,2017-05-01,581400,161.5
41,2017-06-01,282600,78.5
41,2017-07-01,620100,172.25
41,2017-08-01,352800,98
41,2017-09-01,604800,168
41,2017-10-01,572400,159
41,2017-11-01,601200,167
41,2017-12-01,311400,86.5
41,2018-02-01,227700,63.25
41,2018-03-01,275400,76.5
41,2018-04-01,441900,122.75
41,2018-05-01,381600,106
41,2018-06-01,489600,136
41,2018-07-01,537300,149.25
41,2018-08-01,198000,55
41,2018-09-01,460800,128
41,2018-10-01,510300,141.75
41,2018-11-01,475200,132
41,2018-12-01,322200,89.5
41,2019-01-01,378900,105.25
41,2019-02-01,320400,89
41,2019-03-01,492300,136.75
41,2019-04-01,322200,89.5
41,2019-05-01,480600,133.5
41,2019-06-01,252000,70
41,2019-07-01,550800,153
41,2019-08-01,180000,50
41,2019-09-01,387000,107.5
41,2019-10-01,446400,124
41,2019-11-01,504000,140
41,2019-12-01,311400,86.5
41,2020-01-01,486000,135
41,2020-02-01,440100,122.25
41,2020-03-01,479700,133.25
41,2020-04-01,403200,112
41,2020-05-01,429300,119.25
41,2020-06-01,268200,74.5
41,2020-07-01,584100,162.25
41,2020-08-01,288900,80.25
41,2020-09-01,467100,129.75
41,2020-10-01,411300,114.25
41,2020-11-01,454500,126.25
41,2020-12-01,298800,83
41,2021-01-01,368100,102.25
41,2021-02-01,440100,122.25
41,2021-03-01,492300,136.75
41,2021-04-01,369900,102.75
41,2021-05-01,279900,77.75
41,2021-06-01,449100,124.75
41,2021-07-01,521100,144.75
41,2021-08-01,289800,80.5
41,2021-09-01,537300,149.25
41,2021-10-01,476100,132.25
41,2021-11-01,59400,16.5
41,2021-12-01,0,0
45,2007-01-01,288900,80.25
45,2007-02-01,447300,124.25
45,2007-03-01,493200,137
45,2007-04-01,399600,111
45,2007-05-01,393300,109.25
45,2007-06-01,568800,158
45,2007-07-01,683100,189.75
45,2007-08-01,337500,93.75
45,2007-09-01,599400,166.5
45,2007-10-01,623700,173.25
45,2007-11-01,612900,170.25
45,2007-12-01,462600,128.5
45,2008-01-01,604800,168
45,2008-02-01,576000,160
45,2008-03-01,489600,136
45,2008-04-01,633600,176
45,2008-05-01,516600,143.5
45,2008-06-01,576000,160
45,2008-07-01,489600,136
45,2008-08-01,287100,79.75
45,2008-09-01,633600,176
45,2008-10-01,653100,181.41666666666666
45,2008-11-01,547200,152
45,2008-12-01,403200,112
45,2009-01-01,469800,130.5
45,2009-02-01,570600,158.5
45,2009-03-01,670500,186.25
45,2009-04-01,534600,148.5
45,2009-05-01,522900,145.25
45,2009-06-01,639900,177.75
45,2009-07-01,681900,189.41666666666666
45,2009-08-01,242100,67.25
45,2009-09-01,654300,181.75
45,2009-10-01,554400,154
45,2009-11-01,601200,167
45,2009-12-01,502200,139.5
45,2010-01-01,508500,141.25
45,2010-02-01,556200,154.5
45,2010-03-01,629100,174.75
45,2010-04-01,443700,123.25
45,2010-05-01,502200,139.5
45,2010-06-01,538200,149.5
45,2010-07-01,570600,158.5
45,2010-08-01,288900,80.25
45,2010-09-01,391500,108.75
45,2010-10-01,633600,176
45,2010-11-01,582300,161.75
45,2010-12-01,402300,111.75
45,2011-01-01,557100,154.75
45,2011-02-01,542700,150.75
45,2011-03-01,655200,182
45,2011-04-01,105300,29.25
45,2011-05-01,648000,180
45,2011-06-01,531300,147.58333333333334
45,2011-07-01,561600,156
45,2011-08-01,522000,145
45,2011-09-01,664200,184.5
45,2011-10-01,596700,165.75
45,2011-11-01,627300,174.25
45,2011-12-01,483300,134.25
45,2012-01-01,630000,175
45,2012-02-01,243900,67.75
45,2012-03-01,581400,161.5
45,2012-04-01,496800,138
45,2012-05-01,505800,140.5
45,2012-06-01,396000,110
45,2012-07-01,441000,122.5
45,2012-08-01,619200,172
45,2012-09-01,572400,159
45,2012-10-01,520200,144.5
45,2012-11-01,676800,188
45,2012-12-01,468900,130.25
45,2013-01-01,572400,159
45,2013-02-01,464400,129
45,2013-03-01,603000,167.5
45,2013-04-01,582300,161.75
45,2013-05-01,532800,148
45,2013-06-01,552000,153.33333333333334
45,2013-07-01,494100,137.25
45,2013-08-01,540000,150
45,2013-09-01,508500,141.25
45,2013-10-01,470700,130.75
45,2013-11-01,594900,165.25
45,2013-12-01,446400,124
45,2014-01-01,510900,141.91666666666666
45,2014-02-01,382500,106.25
45,2014-03-01,446400,124
45,2014-04-01,482400,134
45,2014-05-01,192900,53.583333333333336
45,2014-06-01,303300,84.25
45,2014-07-01,525600,146
45,2014-08-01,403200,112
45,2014-09-01,524700,145.75
45,2014-10-01,454500,126.25
45,2014-11-01,345600,96
45,2014-12-01,324000,90
45,2015-01-01,403200,112
45,2015-02-01,432000,120
45,2015-03-01,518400,144
45,2015-04-01,459900,127.75
45,2015-05-01,489600,136
45,2015-06-01,489600,136
45,2015-07-01,596700,165.75
45,2015-08-01,276300,76.75
45,2015-09-01,593100,164.75
45,2015-10-01,630000,175
45,2015-11-01,618300,171.75
45,2015-12-01,467220,129.78333333333333
45,2016-01-01,432000,120
45,2016-02-01,526500,146.25
45,2016-03-01,135900,37.75
45,2016-04-01,259200,72
45,2016-05-01,515700,143.25
45,2016-06-01,633600,176
45,2016-07-01,611100,169.75
45,2016-08-01,569700,158.25
45,2016-09-01,518400,144
45,2016-10-01,547200,152
45,2016-11-01,604800,168
45,2016-12-01,489600,136
45,2017-01-01,374400,104
45,2017-02-01,576000,160
45,2017-03-01,662400,184
45,2017-04-01,518400,144
45,2017-05-01,403200,112
45,2017-06-01,576000,160
45,2017-07-01,547200,152
45,2017-08-01,518400,144
45,2017-09-01,518400,144
45,2017-10-01,489600,136
45,2017-11-01,460800,128
45,2017-12-01,460800,128
45,2018-01-01,432000,120
45,2025-05-01,329400,91.5
45,2025-06-01,306000,85
45,2025-07-01,45900,12.75
46,2007-01-01,244800,68
46,2007-02-01,248400,69
46,2007-03-01,349200,97
46,2007-04-01,277200,77
46,2007-05-01,198000,55
46,2007-06-01,368400,102.33333333333333
46,2007-07-01,354600,98.5
46,2007-08-01,129600,36
46,2007-09-01,219600,61
46,2007-10-01,131400,36.5
46,2008-10-01,333000,92.5
46,2008-11-01,297000,82.5
46,2008-12-01,277200,77
46,2009-01-01,326100,90.58333333333333
46,2009-02-01,282600,78.5
46,2009-03-01,300900,83.58333333333333
46,2009-04-01,324600,90.16666666666667
46,2009-05-01,308700,85.75
46,2009-06-01,282600,78.5
46,2009-07-01,349200,97
46,2009-08-01,90000,25
46,2009-09-01,296400,82.33333333333333
46,2009-10-01,334800,93
46,2009-11-01,238500,66.25
46,2009-12-01,163800,45.5
46,2010-01-01,219300,60.916666666666664
46,2010-02-01,288000,80
46,2010-03-01,360300,100.08333333333333
46,2010-04-01,484200,134.5
46,2010-05-01,421800,117.16666666666667
46,2010-06-01,295800,82.16666666666667
46,2010-07-01,464700,129.08333333333334
46,2010-08-01,131400,36.5
46,2010-09-01,506700,140.75
46,2010-10-01,471000,130.83333333333334
46,2010-11-01,492000,136.66666666666666
46,2010-12-01,306900,85.25
46,2011-01-01,412200,114.5
46,2011-02-01,402300,111.75
46,2011-03-01,416700,115.75
46,2011-04-01,386700,107.41666666666667
46,2011-05-01,515700,143.25
46,2011-06-01,239400,66.5
46,2011-07-01,429300,119.25
46,2011-08-01,200700,55.75
46,2011-09-01,177300,49.25
48,2008-05-01,334800,93
48,2008-06-01,657000,182.5
48,2008-07-01,712800,198
48,2008-08-01,729000,202.5
48,2008-09-01,658800,183
48,2008-10-01,680400,189
48,2008-11-01,678600,188.5
48,2008-12-01,480600,133.5
48,2009-01-01,570600,158.5
48,2009-02-01,597600,166
48,2009-03-01,562500,156.25
48,2009-04-01,617400,171.5
48,2009-05-01,373500,103.75
48,2009-06-01,752400,209
48,2009-07-01,745200,207
48,2009-08-01,367200,102
48,2009-09-01,723600,201
48,2009-10-01,497700,138.25
48,2009-11-01,532800,148
49,2009-02-01,638100,177.25
49,2009-03-01,738900,205.25
49,2009-04-01,637200,177
49,2009-05-01,664200,184.5
49,2009-06-01,621000,172.5
49,2009-07-01,775800,215.5
49,2009-08-01,491400,136.5
49,2009-09-01,529200,147
49,2009-10-01,669600,186
49,2009-11-01,692100,192.25
49,2009-12-01,530100,147.25
49,2010-01-01,518400,144
49,2010-02-01,561600,156
49,2010-03-01,374400,104
49,2010-04-01,603000,167.5
49,2010-05-01,754200,209.5
49,2010-06-01,611100,169.75
49,2010-07-01,619200,172
49,2010-08-01,346500,96.25
49,2010-09-01,666000,185
49,2010-10-01,709200,197
49,2010-11-01,649800,180.5
49,2010-12-01,419400,116.5
49,2011-01-01,453600,126
49,2011-02-01,613800,170.5
49,2011-03-01,733500,203.75
49,2011-04-01,556200,154.5
49,2011-05-01,674100,187.25
49,2011-06-01,646200,179.5
49,2011-07-01,629100,174.75
49,2011-08-01,594900,165.25
49,2011-09-01,400500,111.25
49,2011-10-01,645300,179.25
49,2011-11-01,725400,201.5
49,2011-12-01,579600,161
49,2012-01-01,402300,111.75
49,2012-02-01,504000,140
49,2012-03-01,599400,166.5
49,2012-04-01,445500,123.75
49,2012-05-01,480600,133.5
49,2012-06-01,538200,149.5
49,2012-07-01,604800,168
49,2012-08-01,475200,132
49,2012-09-01,307800,85.5
49,2012-10-01,666000,185
49,2012-11-01,639000,177.5
49,2012-12-01,428400,119
49,2013-01-01,550800,153
49,2013-02-01,561600,156
49,2013-03-01,498600,138.5
49,2013-04-01,556200,154.5
49,2013-05-01,518400,144
49,2013-06-01,457200,127
49,2013-07-01,489600,136
49,2013-08-01,403200,112
49,2013-09-01,489600,136
49,2013-10-01,617400,171.5
49,2013-11-01,586800,163
49,2013-12-01,298800,83
49,2014-01-01,0,0
49,2014-10-01,259200,72
49,2014-11-01,259200,72
49,2014-12-01,216000,60
49,2015-01-01,259200,72
49,2015-02-01,356400,99
49,2015-03-01,428400,119
49,2015-04-01,403200,112
49,2015-05-01,388800,108
49,2015-06-01,453600,126
49,2015-07-01,356400,99
49,2015-08-01,387000,107.5
49,2015-09-01,289800,80.5
49,2015-10-01,462600,128.5
49,2015-11-01,415800,115.5
49,2015-12-01,394200,109.5
49,2016-01-01,345600,96
49,2016-04-01,324000,90
49,2016-05-01,345600,96
49,2016-06-01,345600,96
49,2016-07-01,345600,96
49,2016-08-01,129600,36
49,2016-09-01,194400,54
49,2016-10-01,313200,87
49,2016-11-01,284400,79
49,2016-12-01,288000,80
49,2017-01-01,367200,102
49,2017-02-01,345600,96
49,2017-03-01,129600,36
49,2017-04-01,309600,86
49,2017-05-01,424800,118
49,2017-06-01,367200,102
49,2017-07-01,345600,96
49,2017-08-01,194400,54
49,2017-09-01,388800,108
49,2017-10-01,345600,96
49,2017-11-01,410400,114
49,2017-12-01,345600,96
49,2018-01-01,367200,102
49,2018-02-01,475200,132
49,2018-03-01,115200,32
49,2018-04-01,403200,112
49,2018-05-01,367200,102
49,2018-06-01,316800,88
49,2018-07-01,457200,127
49,2018-08-01,46800,13
50,2009-03-01,682200,189.5
50,2009-04-01,617400,171.5
50,2009-05-01,594900,165.25
50,2009-06-01,621900,172.75
50,2009-07-01,719100,199.75
50,2009-08-01,587400,163.16666666666666
51,2010-03-01,701700,194.91666666666666
51,2010-04-01,626700,174.08333333333334
51,2010-05-01,536400,149
51,2010-06-01,588600,163.5
51,2010-07-01,693000,192.5
51,2010-08-01,519840,144.4
51,2010-09-01,581400,161.5
51,2010-10-01,591300,164.25
51,2010-11-01,614400,170.66666666666666
51,2010-12-01,331200,92
51,2011-01-01,676800,188
51,2011-02-01,577500,160.41666666666666
51,2011-03-01,688200,191.16666666666666
51,2011-04-01,375900,104.41666666666667
51,2011-05-01,558000,155
51,2011-06-01,392400,109
51,2011-07-01,597000,165.83333333333334
51,2011-08-01,593280,164.8
51,2011-09-01,186300,51.75
51,2011-10-01,460200,127.83333333333333
51,2011-11-01,627600,174.33333333333334
51,2011-12-01,424200,117.83333333333333
51,2012-01-01,483600,134.33333333333334
51,2012-02-01,552300,153.41666666666666
51,2012-03-01,447300,124.25
51,2012-04-01,571500,158.75
51,2012-05-01,588000,163.33333333333334
51,2012-06-01,458400,127.33333333333333
51,2012-07-01,267000,74.16666666666667
51,2012-08-01,630900,175.25
51,2012-09-01,385200,107
51,2012-10-01,594600,165.16666666666666
51,2012-11-01,639600,177.66666666666666
51,2012-12-01,361200,100.33333333333333
51,2013-01-01,343500,95.41666666666667
51,2013-02-01,472200,131.16666666666666
51,2013-03-01,592200,164.5
51,2013-04-01,621900,172.75
51,2013-05-01,516900,143.58333333333334
51,2013-06-01,398400,110.66666666666667
51,2013-07-01,373500,103.75
51,2013-08-01,555900,154.41666666666666
51,2013-09-01,538200,149.5
51,2013-10-01,463500,128.75
51,2013-11-01,598500,166.25
51,2013-12-01,417000,115.83333333333333
51,2014-01-01,513000,142.5
51,2014-02-01,534300,148.41666666666666
51,2014-03-01,633000,175.83333333333334
51,2014-04-01,201600,56
51,2014-05-01,592200,164.5
51,2014-06-01,489600,136
51,2014-07-01,556200,154.5
51,2014-08-01,522000,145
51,2014-09-01,452700,125.75
51,2014-10-01,553500,153.75
51,2014-11-01,606600,168.5
51,2014-12-01,351900,97.75
51,2015-01-01,490500,136.25
51,2015-02-01,633600,176
51,2015-03-01,531000,147.5
51,2015-04-01,304200,84.5
51,2015-05-01,403200,112
51,2015-06-01,460800,128
51,2015-07-01,460800,128
51,2015-08-01,316800,88
51,2015-09-01,345600,96
51,2015-10-01,403200,112
51,2015-11-01,468060,130.01666666666668
51,2015-12-01,225900,62.75
51,2016-01-01,374400,104
51,2016-02-01,374400,104
51,2016-03-01,342000,95
51,2016-04-01,316800,88
51,2016-05-01,403200,112
51,2016-06-01,558000,155
51,2016-07-01,363600,101
51,2016-08-01,374400,104
51,2016-09-01,403200,112
51,2016-10-01,345600,96
51,2016-11-01,403200,112
51,2016-12-01,288000,80
51,2017-01-01,283500,78.75
51,2017-02-01,345600,96
51,2017-03-01,288000,80
51,2017-04-01,432000,120
52,2010-03-01,678600,188.5
52,2010-04-01,542700,150.75
52,2010-05-01,532800,148
52,2010-06-01,598500,166.25
52,2010-07-01,618600,171.83333333333334
52,2010-08-01,603000,167.5
52,2010-09-01,499500,138.75
52,2010-10-01,535500,148.75
52,2010-11-01,596700,165.75
52,2010-12-01,538500,149.58333333333334
52,2011-01-01,504000,140
52,2011-02-01,560100,155.58333333333334
52,2011-03-01,619200,172
52,2011-04-01,498600,138.5
52,2011-05-01,523500,145.41666666666666
52,2011-06-01,318600,88.5
52,2011-07-01,475800,132.16666666666666
52,2011-08-01,504300,140.08333333333334
52,2011-09-01,497100,138.08333333333334
52,2011-10-01,504000,140
52,2011-11-01,485100,134.75
52,2011-12-01,474900,131.91666666666666
52,2012-01-01,522900,145.25
52,2012-02-01,499500,138.75
52,2012-03-01,599400,166.5
52,2012-04-01,510300,141.75
52,2012-05-01,489600,136
52,2012-06-01,465300,129.25
52,2012-07-01,320400,89
52,2012-08-01,605700,168.25
52,2012-09-01,557100,154.75
52,2012-10-01,596700,165.75
52,2012-11-01,623700,173.25
52,2012-12-01,253800,70.5
52,2013-01-01,397800,110.5
52,2013-02-01,364500,101.25
52,2013-03-01,563400,156.5
52,2013-04-01,626400,174
52,2013-05-01,597600,166
52,2013-06-01,561600,156
52,2013-07-01,399600,111
52,2013-08-01,547200,152
52,2013-09-01,643500,178.75
52,2013-10-01,603000,167.5
52,2013-11-01,513900,142.75
52,2013-12-01,372600,103.5
52,2014-01-01,175500,48.75
52,2014-02-01,556200,154.5
52,2014-03-01,460800,128
52,2014-04-01,565200,157
52,2014-05-01,198900,55.25
52,2014-06-01,494100,137.25
52,2014-07-01,629100,174.75
52,2014-08-01,279900,77.75
52,2014-09-01,460800,128
52,2014-10-01,585000,162.5
52,2014-11-01,550800,153
52,2014-12-01,496800,138
52,2015-01-01,508500,141.25
52,2015-02-01,52200,14.5
52,2016-05-01,158400,44
52,2016-06-01,418500,116.25
52,2016-07-01,380700,105.75
52,2016-08-01,302400,84
52,2016-09-01,367200,102
52,2016-10-01,410400,114
52,2016-11-01,410400,114
52,2016-12-01,345600,96
52,2017-01-01,563400,156.5
52,2017-02-01,419400,116.5
52,2017-03-01,460800,128
52,2017-04-01,460800,128
52,2017-05-01,576000,160
52,2017-06-01,493200,137
52,2017-07-01,576900,160.25
52,2017-08-01,396000,110
52,2017-09-01,435600,121
52,2017-10-01,518400,144
52,2017-11-01,529200,147
52,2017-12-01,364500,101.25
52,2018-01-01,561600,156
52,2018-02-01,471600,131
52,2018-03-01,334800,93
52,2018-04-01,475200,132
52,2018-05-01,450000,125
52,2018-06-01,450000,125
52,2018-07-01,547200,152
52,2018-08-01,277200,77
52,2018-09-01,513900,142.75
52,2018-10-01,489600,136
52,2018-11-01,478800,133
52,2018-12-01,376200,104.5
52,2019-01-01,486900,135.25
52,2019-02-01,452700,125.75
52,2019-03-01,360900,100.25
52,2019-04-01,325800,90.5
52,2019-05-01,440100,122.25
52,2019-06-01,461700,128.25
52,2019-07-01,558000,155
52,2019-08-01,360000,100
52,2019-09-01,486000,135
52,2019-10-01,540000,150
52,2019-11-01,414000,115
52,2019-12-01,216000,60
52,2020-01-01,475200,132
52,2020-02-01,406800,113
52,2020-03-01,558000,155
52,2020-04-01,511200,142
52,2020-05-01,513900,142.75
52,2020-06-01,468900,130.25
52,2020-07-01,361800,100.5
52,2020-08-01,257400,71.5
52,2020-09-01,202500,56.25
52,2020-10-01,377100,104.75
52,2020-11-01,528300,146.75
52,2020-12-01,324900,90.25
52,2021-01-01,505800,140.5
52,2021-02-01,500400,139
52,2021-03-01,437400,121.5
52,2021-04-01,277200,77
53,2010-02-01,576000,160
53,2010-03-01,662400,184
53,2010-04-01,576000,160
53,2010-05-01,547200,152
53,2010-06-01,576000,160
53,2010-07-01,604800,168
53,2010-08-01,547200,152
53,2010-09-01,547200,152
53,2010-10-01,547200,152
53,2010-11-01,604800,168
53,2010-12-01,302400,84
53,2011-01-01,576000,160
53,2011-02-01,518400,144
53,2011-03-01,547200,152
53,2011-04-01,547200,152
53,2011-05-01,633600,176
53,2011-06-01,547200,152
53,2011-07-01,429000,119.16666666666667
53,2011-08-01,545700,151.58333333333334
53,2011-09-01,657900,182.75
53,2011-10-01,559200,155.33333333333334
53,2011-11-01,603900,167.75
53,2011-12-01,354600,98.5
53,2012-01-01,583200,162
53,2012-02-01,545400,151.5
53,2012-03-01,617400,171.5
53,2012-04-01,144000,40
53,2012-05-01,556200,154.5
53,2012-06-01,586800,163
53,2012-07-01,649800,180.5
53,2012-08-01,223200,62
53,2012-09-01,590400,164
53,2012-10-01,187200,52
53,2012-11-01,315000,87.5
53,2012-12-01,421200,117
53,2013-01-01,345600,96
53,2013-02-01,115200,32
53,2013-03-01,576000,160
53,2013-04-01,576000,160
53,2013-05-01,460800,128
53,2013-06-01,288000,80
53,2013-07-01,432000,120
53,2013-08-01,604800,168
53,2013-09-01,604800,168
53,2013-10-01,432000,120
53,2013-11-01,489600,136
53,2013-12-01,432000,120
53,2014-01-01,547200,152
53,2014-02-01,511200,142
53,2014-03-01,612000,170
53,2014-04-01,460800,128
53,2014-05-01,489600,136
53,2014-06-01,518400,144
53,2014-07-01,432000,120
53,2014-08-01,432000,120
53,2014-09-01,525600,146
53,2014-10-01,511200,142
53,2014-11-01,547200,152
53,2014-12-01,432000,120
53,2015-01-01,460800,128
53,2015-02-01,374400,104
53,2015-03-01,576000,160
53,2015-04-01,460800,128
53,2015-05-01,489600,136
53,2015-06-01,604800,168
53,2015-07-01,288000,80
53,2015-08-01,460800,128
53,2015-10-01,28800,8
53,2015-11-01,576000,160
53,2015-12-01,345600,96
53,2016-01-01,496800,138
53,2016-02-01,439200,122
53,2016-03-01,432000,120
53,2016-06-01,522000,145
53,2016-07-01,468000,130
53,2016-08-01,460800,128
53,2016-09-01,451800,125.5
53,2016-10-01,410400,114
53,2016-11-01,433800,120.5
53,2016-12-01,347400,96.5
53,2017-01-01,489600,136
53,2017-02-01,518400,144
53,2017-03-01,662400,184
53,2017-04-01,403200,112
53,2017-05-01,518400,144
53,2017-06-01,460800,128
53,2017-07-01,432000,120
53,2017-08-01,345600,96
53,2017-09-01,604800,168
53,2017-10-01,518400,144
53,2017-11-01,547200,152
53,2017-12-01,432000,120
53,2018-01-01,518400,144
53,2018-02-01,403200,112
53,2018-03-01,403200,112
53,2018-04-01,345600,96
53,2018-05-01,576000,160
53,2018-06-01,590400,164
53,2018-07-01,360000,100
53,2018-08-01,288000,80
53,2018-09-01,432000,120
53,2018-10-01,486000,135
53,2018-11-01,324000,90
53,2018-12-01,284400,79
53,2019-01-01,288000,80
53,2019-02-01,342000,95
53,2019-03-01,435600,121
53,2019-04-01,468000,130
53,2019-05-01,432000,120
53,2019-06-01,324000,90
53,2019-07-01,396000,110
53,2019-08-01,288000,80
53,2019-09-01,468000,130
53,2019-10-01,360000,100
53,2019-11-01,432000,120
53,2019-12-01,288000,80
53,2020-01-01,468000,130
53,2020-02-01,201600,56
53,2020-03-01,518400,144
53,2020-04-01,374400,104
53,2020-05-01,432000,120
53,2020-06-01,460800,128
53,2020-07-01,424800,118
53,2020-08-01,331200,92
53,2020-09-01,288000,80
53,2020-10-01,460800,128
53,2020-11-01,489600,136
53,2020-12-01,316800,88
53,2021-01-01,432000,120
53,2021-02-01,468000,130
53,2021-03-01,468000,130
53,2021-04-01,342000,95
53,2021-05-01,432000,120
53,2021-06-01,486000,135
53,2021-07-01,396000,110
53,2021-08-01,288000,80
53,2021-09-01,522000,145
53,2021-10-01,432000,120
53,2021-11-01,414000,115
53,2021-12-01,306000,85
53,2022-01-01,460800,128
53,2022-02-01,460800,128
53,2022-03-01,504000,140
53,2022-04-01,252000,70
53,2022-05-01,504000,140
53,2022-06-01,468000,130
53,2022-07-01,342000,95
53,2022-08-01,320400,89
53,2022-09-01,460800,128
53,2022-10-01,432000,120
53,2022-11-01,460800,128
53,2022-12-01,316800,88
53,2023-01-01,460800,128
53,2023-02-01,432000,120
53,2023-03-01,507600,141
53,2023-04-01,306000,85
53,2023-05-01,482400,134
53,2023-06-01,460800,128
53,2023-07-01,432000,120
53,2023-08-01,259200,72
53,2023-09-01,460800,128
53,2023-10-01,432000,120
53,2023-11-01,432000,120
53,2023-12-01,374400,104
53,2024-01-01,489600,136
53,2024-02-01,547200,152
53,2024-03-01,576000,160
53,2024-04-01,547200,152
53,2024-05-01,489600,136
53,2024-06-01,576000,160
53,2024-07-01,432000,120
53,2024-08-01,432000,120
53,2024-09-01,604800,168
53,2024-10-01,525600,146
53,2024-11-01,540000,150
53,2024-12-01,403200,112
53,2025-01-01,518400,144
53,2025-02-01,489600,136
53,2025-03-01,619200,172
53,2025-04-01,619200,172
53,2025-06-01,30600,8.5
54,2010-02-01,432000,120
54,2010-03-01,662400,184
54,2010-04-01,576000,160
54,2010-05-01,547200,152
54,2010-06-01,604800,168
54,2010-07-01,633600,176
54,2010-08-01,633600,176
54,2010-09-01,604800,168
54,2010-10-01,604800,168
54,2010-11-01,604800,168
54,2010-12-01,345600,96
54,2011-01-01,547200,152
54,2011-02-01,547200,152
54,2011-03-01,662400,184
54,2011-04-01,547200,152
54,2011-05-01,489600,136
54,2011-06-01,460800,128
54,2011-07-01,661500,183.75
54,2011-08-01,584100,162.25
54,2011-09-01,395100,109.75
54,2011-10-01,563700,156.58333333333334
54,2011-11-01,640200,177.83333333333334
54,2011-12-01,354300,98.41666666666667
54,2012-01-01,590400,164
54,2012-02-01,477900,132.75
54,2012-03-01,700500,194.58333333333334
54,2012-04-01,443100,123.08333333333333
54,2012-05-01,561900,156.08333333333334
54,2012-06-01,562500,156.25
54,2012-07-01,623400,173.16666666666666
54,2012-08-01,632700,175.75
54,2012-09-01,415200,115.33333333333333
54,2012-10-01,588000,163.33333333333334
54,2012-11-01,597000,165.83333333333334
54,2012-12-01,394200,109.5
54,2013-01-01,557400,154.83333333333334
54,2013-02-01,504300,140.08333333333334
54,2013-03-01,639900,177.75
54,2013-04-01,510000,141.66666666666666
54,2013-05-01,562200,156.16666666666666
54,2013-06-01,538200,149.5
54,2013-07-01,209700,58.25
54,2013-08-01,573300,159.25
54,2013-09-01,637200,177
54,2013-10-01,630300,175.08333333333334
54,2013-11-01,508800,141.33333333333334
54,2013-12-01,502500,139.58333333333334
54,2014-01-01,489600,136
54,2014-02-01,547200,152
54,2014-03-01,489600,136
54,2014-04-01,576000,160
54,2014-05-01,403200,112
54,2014-06-01,518400,144
54,2014-07-01,633600,176
54,2014-08-01,403200,112
54,2014-09-01,28800,8
54,2014-10-01,576000,160
54,2014-11-01,576000,160
54,2014-12-01,345600,96
54,2015-01-01,57600,16
54,2016-04-01,432000,120
54,2016-05-01,432000,120
54,2016-06-01,604800,168
54,2016-07-01,547200,152
54,2016-08-01,374400,104
54,2016-09-01,432000,120
54,2016-10-01,432000,120
54,2016-11-01,576000,160
54,2016-12-01,345600,96
54,2017-01-01,201600,56
54,2017-02-01,374400,104
54,2017-03-01,662400,184
54,2017-04-01,460800,128
54,2017-05-01,518400,144
54,2017-06-01,374400,104
54,2017-07-01,489600,136
54,2017-08-01,374400,104
54,2017-09-01,403200,112
54,2017-10-01,489600,136
54,2017-11-01,576000,160
54,2017-12-01,403200,112
54,2018-01-01,518400,144
54,2018-02-01,604800,168
54,2018-03-01,432000,120
54,2018-04-01,547200,152
54,2018-05-01,489600,136
54,2018-06-01,489600,136
54,2018-07-01,201600,56
54,2018-08-01,345600,96
54,2018-09-01,403200,112
54,2018-10-01,633600,176
54,2018-11-01,576000,160
54,2018-12-01,432000,120
54,2019-01-01,432000,120
54,2019-02-01,576000,160
54,2019-03-01,604800,168
54,2019-04-01,460800,128
54,2019-05-01,374400,104
54,2019-06-01,288000,80
54,2019-07-01,432000,120
54,2019-08-01,432000,120
54,2019-09-01,374400,104
54,2019-10-01,403200,112
54,2019-11-01,460800,128
54,2019-12-01,316800,88
54,2020-01-01,475200,132
54,2020-02-01,489600,136
54,2020-03-01,403200,112
54,2020-04-01,489600,136
54,2020-05-01,403200,112
54,2020-06-01,316800,88
54,2020-07-01,460800,128
54,2020-08-01,432000,120
54,2020-09-01,432000,120
54,2020-10-01,374400,104
54,2020-11-01,489600,136
54,2020-12-01,316800,88
54,2021-01-01,460800,128
54,2021-02-01,460800,128
54,2021-03-01,316800,88
54,2021-04-01,460800,128
54,2021-05-01,432000,120
54,2021-06-01,374400,104
54,2021-07-01,432000,120
54,2021-08-01,460800,128
54,2021-09-01,489600,136
54,2021-10-01,460800,128
54,2021-11-01,460800,128
54,2021-12-01,288000,80
54,2022-01-01,432000,120
54,2022-02-01,590400,164
54,2022-03-01,432000,120
54,2022-04-01,259200,72
54,2022-05-01,489600,136
54,2022-06-01,230400,64
54,2022-07-01,460800,128
54,2022-08-01,489600,136
54,2022-09-01,489600,136
54,2022-10-01,453600,126
54,2022-11-01,612000,170
54,2022-12-01,259200,72
54,2023-01-01,374400,104
54,2023-02-01,345600,96
54,2023-03-01,489600,136
54,2023-04-01,453600,126
54,2023-05-01,496800,138
54,2023-06-01,316800,88
54,2023-07-01,259200,72
54,2023-08-01,432000,120
54,2023-09-01,374400,104
54,2023-10-01,374400,104
54,2023-11-01,460800,128
54,2023-12-01,316800,88
54,2024-01-01,408600,113.5
54,2024-02-01,541800,150.5
54,2024-03-01,311400,86.5
54,2024-04-01,568800,158
54,2024-05-01,331200,92
54,2024-06-01,561600,156
54,2024-07-01,91800,25.5
54,2024-08-01,648000,180
54,2024-09-01,601200,167
54,2024-10-01,345600,96
54,2024-11-01,489600,136
54,2024-12-01,279000,77.5
54,2025-01-01,516600,143.5
54,2025-02-01,527400,146.5
54,2025-03-01,547200,152
54,2025-04-01,504000,140
54,2025-05-01,500400,139
54,2025-06-01,482400,134
54,2025-07-01,111600,31
55,2010-03-01,707100,196.41666666666666
55,2010-04-01,586860,163.01666666666668
55,2010-05-01,144000,40
56,2010-03-01,489600,136
56,2010-04-01,583200,162
56,2010-05-01,547200,152
56,2010-06-01,604800,168
56,2010-07-01,633600,176
56,2010-08-01,460800,128
56,2010-09-01,518400,144
56,2010-10-01,604800,168
56,2010-11-01,576000,160
56,2010-12-01,403200,112
56,2011-01-01,649800,180.5
56,2011-02-01,604800,168
56,2011-03-01,524700,145.75
56,2011-04-01,530100,147.25
56,2011-05-01,676800,188
56,2011-06-01,441000,122.5
56,2011-08-01,0,0
56,2011-11-01,320400,89
56,2011-12-01,198000,55
56,2012-01-01,353700,98.25
56,2012-02-01,279900,77.75
56,2012-03-01,474300,131.75
56,2012-04-01,346500,96.25
56,2012-05-01,347400,96.5
56,2012-06-01,419400,116.5
56,2012-07-01,32400,9
56,2012-08-01,381600,106
56,2012-09-01,538200,149.5
56,2012-10-01,595800,165.5
56,2012-11-01,604800,168
56,2012-12-01,264600,73.5
56,2013-01-01,417600,116
56,2013-02-01,432000,120
56,2013-03-01,313200,87
56,2013-04-01,505800,140.5
56,2013-05-01,286200,79.5
56,2013-06-01,402300,111.75
56,2013-07-01,242400,67.33333333333333
56,2013-08-01,102600,28.5
56,2013-09-01,279900,77.75
56,2014-01-01,259200,72
56,2014-02-01,288000,80
56,2014-03-01,244800,68
56,2014-04-01,302400,84
56,2014-05-01,302400,84
56,2014-06-01,407700,113.25
56,2014-07-01,579600,161
56,2014-09-01,428400,119
56,2014-10-01,529200,147
56,2014-11-01,445500,123.75
56,2014-12-01,378000,105
56,2015-01-01,460800,128
56,2015-02-01,518400,144
56,2015-03-01,576000,160
56,2015-04-01,374400,104
56,2015-05-01,288000,80
56,2015-06-01,604800,168
56,2015-07-01,403200,112
56,2015-09-01,518400,144
56,2015-10-01,604800,168
56,2015-11-01,604800,168
56,2015-12-01,345660,96.01666666666667
56,2016-01-01,432000,120
56,2016-02-01,604800,168
56,2016-03-01,489600,136
56,2016-04-01,599400,166.5
56,2016-05-01,523800,145.5
56,2016-06-01,633600,176
56,2016-07-01,547200,152
56,2016-08-01,345600,96
56,2016-09-01,432000,120
56,2016-10-01,469800,130.5
56,2016-11-01,662400,184
56,2016-12-01,489600,136
56,2017-01-01,576000,160
56,2017-02-01,579600,161
56,2017-03-01,518400,144
56,2017-04-01,518400,144
56,2017-05-01,572400,159
56,2017-06-01,403200,112
56,2017-07-01,345600,96
56,2017-08-01,0,0
58,2010-11-01,536700,149.08333333333334
58,2010-12-01,501900,139.41666666666666
58,2011-01-01,608100,168.91666666666666
58,2011-02-01,536700,149.08333333333334
58,2011-03-01,674040,187.23333333333332
58,2011-04-01,445980,123.88333333333334
58,2011-05-01,668100,185.58333333333334
58,2011-06-01,562920,156.36666666666667
58,2011-07-01,646200,179.5
58,2011-08-01,405600,112.66666666666667
58,2011-09-01,666600,185.16666666666666
58,2011-10-01,329400,91.5
58,2011-11-01,638400,177.33333333333334
58,2011-12-01,520200,144.5
58,2012-01-01,450000,125
58,2012-02-01,628200,174.5
58,2012-03-01,716400,199
58,2012-04-01,496800,138
58,2012-05-01,544500,151.25
58,2012-06-01,517500,143.75
58,2012-07-01,414900,115.25
58,2012-08-01,682200,189.5
58,2012-09-01,629100,174.75
58,2012-10-01,682200,189.5
58,2012-11-01,675000,187.5
58,2012-12-01,435600,121
58,2013-01-01,406800,113
58,2013-02-01,541800,150.5
58,2013-03-01,528300,146.75
58,2013-04-01,542700,150.75
58,2013-05-01,507600,141
58,2013-06-01,580500,161.25
58,2013-07-01,383400,106.5
58,2013-08-01,565200,157
58,2013-09-01,582300,161.75
58,2013-10-01,621000,172.5
58,2013-11-01,440100,122.25
58,2013-12-01,335700,93.25
58,2014-01-01,309600,86
58,2014-02-01,612000,170
58,2014-03-01,586800,163
58,2014-04-01,450000,125
58,2014-05-01,561600,156
58,2014-06-01,335700,93.25
58,2014-07-01,374400,104
58,2014-08-01,526500,146.25
58,2014-09-01,607500,168.75
58,2014-10-01,649800,180.5
58,2014-11-01,501300,139.25
58,2014-12-01,460800,128
58,2015-07-01,348300,96.75
58,2015-08-01,604800,168
58,2015-09-01,578700,160.75
58,2015-10-01,585060,162.51666666666668
58,2015-11-01,626400,174
58,2015-12-01,424800,118
58,2016-01-01,288900,80.25
58,2016-02-01,575100,159.75
59,2011-08-01,674100,187.25
59,2011-09-01,639000,177.5
59,2011-10-01,423000,117.5
59,2011-11-01,514800,143
59,2011-12-01,330300,91.75
60,2011-08-01,670200,186.16666666666666
60,2011-09-01,670500,186.25
60,2011-10-01,390600,108.5
60,2011-11-01,626400,174
60,2011-12-01,320400,89
60,2012-01-01,657900,182.75
60,2012-02-01,602100,167.25
60,2012-03-01,657000,182.5
60,2012-04-01,370800,103
60,2012-05-01,550800,153
60,2012-06-01,586800,163
60,2012-07-01,284400,79
60,2012-08-01,664200,184.5
60,2012-09-01,559800,155.5
60,2012-10-01,576000,160
60,2012-11-01,565200,157
60,2012-12-01,237600,66
60,2013-01-01,537300,149.25
60,2013-02-01,675900,187.75
60,2013-03-01,519300,144.25
60,2013-04-01,491100,136.41666666666666
60,2013-05-01,294300,81.75
60,2013-06-01,646200,179.5
60,2013-07-01,307800,85.5
61,2011-01-01,576000,160
61,2011-02-01,576000,160
61,2011-03-01,590400,164
61,2011-04-01,518400,144
61,2011-05-01,604800,168
61,2011-06-01,525600,146
61,2011-07-01,468000,130
61,2011-08-01,514800,143
61,2011-09-01,633600,176
61,2011-10-01,581100,161.41666666666666
61,2011-11-01,495300,137.58333333333334
61,2011-12-01,213300,59.25
61,2012-01-01,604800,168
61,2012-02-01,536400,149
61,2012-03-01,651300,180.91666666666666
61,2012-04-01,457200,127
61,2012-05-01,547200,152
61,2012-06-01,570600,158.5
61,2012-07-01,633600,176
61,2012-08-01,342000,95
61,2012-09-01,547200,152
61,2012-10-01,639000,177.5
61,2012-11-01,451800,125.5
61,2012-12-01,279000,77.5
61,2013-01-01,382500,106.25
61,2013-02-01,489600,136
61,2013-03-01,421800,117.16666666666667
61,2013-04-01,561600,156
61,2013-05-01,464400,129
61,2013-06-01,611700,169.91666666666666
61,2013-07-01,491400,136.5
61,2013-08-01,587700,163.25
61,2013-09-01,518400,144
61,2013-10-01,279000,77.5
61,2013-12-01,0,0
61,2015-07-01,361800,100.5
61,2015-08-01,180000,50
61,2015-09-01,365400,101.5
61,2015-10-01,327600,91
61,2015-11-01,297000,82.5
61,2015-12-01,198000,55
61,2016-01-01,160200,44.5
61,2016-02-01,253800,70.5
61,2016-03-01,234000,65
61,2016-04-01,360000,100
61,2016-05-01,288000,80
61,2016-06-01,414000,115
61,2016-07-01,342000,95
61,2016-08-01,180000,50
61,2016-09-01,216000,60
61,2016-10-01,126000,35
61,2016-11-01,180000,50
62,2011-09-01,174600,48.5
62,2011-10-01,280800,78
62,2011-11-01,348300,96.75
62,2011-12-01,250200,69.5
62,2012-01-01,219600,61
62,2012-02-01,332100,92.25
62,2012-03-01,272700,75.75
62,2012-04-01,249300,69.25
62,2012-05-01,252120,70.03333333333333
62,2012-06-01,212400,59
62,2012-07-01,352800,98
62,2012-08-01,198900,55.25
62,2012-09-01,255600,71
62,2012-10-01,327900,91.08333333333333
62,2012-11-01,311400,86.5
62,2012-12-01,211500,58.75
62,2013-01-01,254700,70.75
62,2013-02-01,293400,81.5
62,2013-03-01,272700,75.75
62,2013-04-01,295200,82
62,2013-05-01,115200,32
62,2013-06-01,292500,81.25
62,2013-07-01,327600,91
62,2013-08-01,85500,23.75
62,2013-09-01,317700,88.25
62,2013-10-01,320400,89
62,2013-11-01,290700,80.75
62,2013-12-01,216900,60.25
62,2014-01-01,240300,66.75
62,2014-02-01,298800,83
62,2014-03-01,275400,76.5
62,2014-04-01,244800,68
62,2014-05-01,195300,54.25
62,2014-06-01,283500,78.75
62,2014-07-01,322200,89.5
62,2014-08-01,129600,36
62,2014-09-01,232200,64.5
62,2014-10-01,306000,85
62,2014-11-01,290700,80.75
62,2014-12-01,219600,61
62,2015-01-01,252000,70
62,2015-02-01,248400,69
62,2015-03-01,340200,94.5
62,2015-04-01,241200,67
62,2015-05-01,246600,68.5
62,2015-06-01,149400,41.5
62,2015-07-01,293400,81.5
62,2015-08-01,306000,85
62,2015-09-01,176400,49
62,2015-10-01,367200,102
62,2015-11-01,280800,78
62,2015-12-01,237600,66
62,2016-01-01,244800,68
62,2016-02-01,302400,84
62,2016-03-01,230400,64
62,2016-05-01,337500,93.75
62,2016-06-01,360000,100
62,2016-07-01,381600,106
62,2016-08-01,360000,100
62,2016-09-01,270000,75
62,2016-10-01,212400,59
62,2016-11-01,306000,85
62,2016-12-01,234000,65
62,2017-01-01,288000,80
62,2017-02-01,270000,75
62,2017-03-01,180000,50
62,2017-04-01,270000,75
62,2017-05-01,306000,85
62,2017-06-01,270000,75
62,2017-07-01,162000,45
62,2017-08-01,342000,95
62,2017-09-01,288000,80
62,2017-10-01,176400,49
62,2017-11-01,475200,132
62,2017-12-01,302400,84
62,2018-01-01,403200,112
62,2018-02-01,302400,84
62,2018-03-01,388800,108
62,2018-04-01,342000,95
62,2018-05-01,252000,70
62,2018-06-01,352800,98
62,2018-07-01,428400,119
62,2018-08-01,356400,99
62,2018-09-01,352800,98
62,2018-10-01,413100,114.75
62,2018-11-01,376200,104.5
62,2018-12-01,256500,71.25
62,2019-01-01,329400,91.5
62,2019-02-01,104400,29
62,2019-03-01,176400,49
62,2019-04-01,428400,119
62,2019-05-01,270000,75
62,2019-06-01,334800,93
62,2019-07-01,223200,62
62,2019-08-01,367200,102
62,2019-09-01,235800,65.5
62,2019-10-01,330300,91.75
62,2019-11-01,351900,97.75
62,2019-12-01,235800,65.5
62,2020-01-01,338400,94
62,2020-02-01,324000,90
62,2020-03-01,367200,102
62,2020-04-01,291600,81
62,2020-05-01,324000,90
62,2020-06-01,270000,75
62,2020-07-01,352800,98
62,2020-08-01,198000,55
62,2020-09-01,377100,104.75
62,2020-10-01,360000,100
62,2020-11-01,392400,109
62,2020-12-01,206100,57.25
62,2021-01-01,280800,78
62,2021-02-01,345600,96
62,2021-03-01,388800,108
62,2021-04-01,352800,98
62,2021-05-01,324000,90
62,2021-06-01,266400,74
62,2021-07-01,396000,110
62,2021-08-01,172800,48
62,2021-09-01,302400,84
62,2021-10-01,367200,102
62,2021-11-01,367200,102
62,2021-12-01,216000,60
62,2022-01-01,259200,72
62,2022-02-01,345600,96
62,2022-03-01,410400,114
62,2022-04-01,259200,72
62,2022-05-01,280800,78
62,2022-06-01,259200,72
62,2022-07-01,345600,96
62,2022-08-01,259200,72
62,2022-09-01,0,0
63,2011-10-01,260100,72.25
63,2011-11-01,346200,96.16666666666667
63,2011-12-01,192900,53.583333333333336
63,2012-01-01,257100,71.41666666666667
63,2012-02-01,274800,76.33333333333333
63,2012-03-01,297600,82.66666666666667
63,2012-04-01,292500,81.25
63,2012-05-01,265800,73.83333333333333
63,2012-06-01,292200,81.16666666666667
63,2012-07-01,326100,90.58333333333333
63,2012-08-01,73800,20.5
63,2012-09-01,333900,92.75
63,2012-10-01,409200,113.66666666666667
63,2012-11-01,288300,80.08333333333333
63,2012-12-01,220200,61.166666666666664
63,2013-01-01,230400,64
63,2013-02-01,290700,80.75
63,2013-03-01,197400,54.833333333333336
63,2013-04-01,345600,96
63,2013-05-01,238500,66.25
63,2013-06-01,385800,107.16666666666667
63,2013-07-01,344100,95.58333333333333
63,2013-08-01,283200,78.66666666666667
63,2013-09-01,450600,125.16666666666667
63,2013-10-01,391200,108.66666666666667
63,2013-11-01,388800,108
63,2013-12-01,289800,80.5
63,2014-01-01,338400,94
63,2014-02-01,338400,94
63,2014-03-01,331200,92
63,2014-04-01,356400,99
63,2014-05-01,284400,79
63,2014-06-01,302400,84
63,2014-07-01,407700,113.25
63,2014-08-01,185400,51.5
63,2014-09-01,392400,109
63,2014-10-01,422100,117.25
63,2014-11-01,322200,89.5
63,2014-12-01,196200,54.5
63,2015-01-01,208800,58
63,2015-02-01,180000,50
63,2015-03-01,214200,59.5
63,2015-04-01,298800,83
63,2015-05-01,201600,56
63,2015-06-01,127800,35.5
63,2016-11-01,277500,77.08333333333333
63,2016-12-01,249600,69.33333333333333
63,2017-01-01,307200,85.33333333333333
63,2017-02-01,274500,76.25
63,2017-03-01,271200,75.33333333333333
63,2017-04-01,231599.99999999997,64.33333333333333
63,2017-05-01,299400,83.16666666666667
63,2017-06-01,164100,45.583333333333336
63,2017-07-01,222000,61.666666666666664
63,2017-08-01,144000,40
63,2017-09-01,254400,70.66666666666667
63,2017-10-01,258000,71.66666666666667
63,2017-11-01,294600,81.83333333333333
63,2017-12-01,227400,63.166666666666664
63,2018-01-01,278400,77.33333333333333
63,2018-02-01,200400,55.666666666666664
63,2018-03-01,288000,80
63,2018-04-01,272400,75.66666666666667
63,2018-05-01,241200,67
63,2018-06-01,278400,77.33333333333333
63,2018-07-01,381600,106
63,2018-08-01,205200,57
63,2018-09-01,331200,92
63,2018-10-01,354600,98.5
63,2018-11-01,419400,116.5
63,2018-12-01,230400,64
63,2019-01-01,387000,107.5
63,2019-02-01,351000,97.5
63,2019-03-01,283500,78.75
63,2019-04-01,405000,112.5
63,2019-05-01,441000,122.5
63,2019-06-01,225000,62.5
63,2019-07-01,201600,56
64,2011-10-01,566700,157.41666666666666
64,2011-11-01,601800,167.16666666666666
64,2011-12-01,523500,145.41666666666666
66,2011-10-01,327600,91
66,2011-11-01,569700,158.25
66,2011-12-01,470700,130.75
66,2012-01-01,559800,155.5
66,2012-02-01,534600,148.5
66,2012-03-01,549000,152.5
66,2012-04-01,515700,143.25
66,2012-05-01,504000,140
66,2012-06-01,561600,156
66,2012-07-01,332100,92.25
66,2012-08-01,594000,165
66,2012-09-01,538200,149.5
66,2012-10-01,485100,134.75
66,2012-11-01,624600,173.5
66,2012-12-01,402300,111.75
66,2013-01-01,461700,128.25
66,2013-02-01,556200,154.5
66,2013-03-01,491400,136.5
66,2013-04-01,656100,182.25
66,2013-05-01,334800,93
66,2013-06-01,536400,149
66,2013-07-01,501300,139.25
66,2013-08-01,446400,124
66,2013-09-01,617400,171.5
66,2013-10-01,332100,92.25
66,2013-11-01,554400,154
66,2013-12-01,387000,107.5
66,2014-01-01,562500,156.25
66,2014-02-01,518400,144
66,2014-03-01,567900,157.75
66,2014-04-01,610200,169.5
66,2014-05-01,373500,103.75
66,2014-06-01,457200,127
66,2014-07-01,559800,155.5
66,2014-08-01,568800,158
66,2014-09-01,553500,153.75
66,2014-10-01,235800,65.5
66,2014-11-01,549000,152.5
66,2014-12-01,287100,79.75
66,2015-01-01,489600,136
66,2015-02-01,576000,160
66,2015-03-01,345600,96
66,2015-04-01,576000,160
66,2015-05-01,403200,112
66,2015-06-01,547200,152
66,2015-07-01,633600,176
66,2015-08-01,604800,168
66,2015-09-01,345600,96
66,2015-10-01,432000,120
66,2015-11-01,576000,160
66,2015-12-01,460800,128
66,2016-01-01,547200,152
66,2016-02-01,460800,128
66,2016-03-01,604800,168
66,2016-04-01,604800,168
66,2016-05-01,360000,100
66,2016-06-01,403200,112
67,2011-09-01,316800,88
67,2011-10-01,288000,80
67,2011-11-01,352800,98
67,2011-12-01,162000,45
67,2012-01-01,216000,60
67,2012-02-01,352800,98
67,2012-03-01,259200,72
67,2012-04-01,273600,76
67,2012-05-01,547200,152
67,2012-06-01,458100,127.25
67,2012-07-01,570600,158.5
67,2012-08-01,374400,104
67,2012-09-01,572400,159
67,2012-10-01,615600,171
67,2012-11-01,567000,157.5
67,2012-12-01,425700,118.25
67,2013-01-01,540000,150
67,2013-02-01,349200,97
67,2013-03-01,604800,168
67,2013-04-01,612000,170
67,2013-05-01,345600,96
67,2013-06-01,576000,160
67,2013-07-01,633600,176
67,2013-08-01,201600,56
67,2013-09-01,565200,157
67,2013-10-01,604800,168
67,2013-11-01,576000,160
67,2013-12-01,475200,132
67,2014-01-01,604800,168
67,2014-02-01,576000,160
67,2014-03-01,432000,120
67,2014-04-01,576000,160
67,2014-05-01,518400,144
67,2014-06-01,374400,104
67,2014-07-01,316800,88
68,2011-10-01,700200,194.5
68,2011-11-01,637200,177
68,2011-12-01,427500,118.75
68,2012-01-01,549900,152.75
68,2012-02-01,568800,158
68,2012-03-01,451800,125.5
68,2012-04-01,665100,184.75
68,2012-05-01,533700,148.25
68,2012-06-01,587700,163.25
68,2012-07-01,525600,146
68,2012-08-01,430200,119.5
68,2012-09-01,590400,164
68,2012-10-01,657000,182.5
68,2012-11-01,382500,106.25
68,2012-12-01,298800,83
68,2013-01-01,437400,121.5
68,2013-02-01,250200,69.5
68,2013-03-01,576000,160
68,2013-04-01,604800,168
68,2013-05-01,547200,152
68,2013-06-01,597600,166
68,2013-07-01,518400,144
68,2013-08-01,342000,95
68,2013-09-01,373500,103.75
68,2013-10-01,632400,175.66666666666666
68,2013-11-01,594000,165
68,2013-12-01,234000,65
68,2014-01-01,550800,153
68,2014-02-01,547200,152
68,2014-03-01,557100,154.75
68,2014-04-01,610200,169.5
68,2014-05-01,244800,68
68,2014-06-01,489600,136
68,2014-07-01,460800,128
68,2014-08-01,608400,169
68,2014-09-01,615600,171
68,2014-10-01,604800,168
68,2014-11-01,467100,129.75
68,2014-12-01,435600,121
68,2015-01-01,432000,120
68,2015-02-01,489600,136
68,2015-03-01,345600,96
68,2015-04-01,518400,144
68,2015-05-01,489600,136
68,2015-06-01,604800,168
68,2015-07-01,662400,184
68,2015-08-01,489600,136
68,2015-09-01,604800,168
68,2015-10-01,547200,152
68,2015-11-01,576000,160
68,2015-12-01,230400,64
68,2016-01-01,547200,152
68,2016-02-01,518400,144
68,2016-03-01,489600,136
68,2016-04-01,230400,64
68,2016-05-01,460800,128
68,2016-06-01,653400,181.5
68,2016-07-01,576000,160
68,2016-08-01,333900,92.75
68,2016-09-01,494100,137.25
68,2016-10-01,346500,96.25
68,2016-11-01,635400,176.5
68,2016-12-01,382500,106.25
68,2017-01-01,576000,160
68,2017-02-01,489600,136
68,2017-03-01,345600,96
68,2017-04-01,518400,144
68,2017-05-01,432000,120
68,2017-06-01,576000,160
68,2017-07-01,460800,128
68,2017-08-01,460800,128
68,2017-09-01,604800,168
68,2017-10-01,518400,144
68,2017-11-01,576000,160
68,2017-12-01,316800,88
68,2018-01-01,345600,96
68,2018-02-01,576000,160
68,2018-03-01,576000,160
68,2018-04-01,547200,152
68,2018-05-01,345600,96
68,2018-06-01,547200,152
68,2018-07-01,576000,160
68,2018-08-01,374400,104
68,2018-09-01,547200,152
68,2018-10-01,604800,168
68,2018-11-01,172800,48
72,2011-10-01,598500,166.25
72,2011-11-01,683700,189.91666666666666
72,2011-12-01,510300,141.75
72,2012-01-01,675600,187.66666666666666
72,2012-02-01,609300,169.25
72,2012-03-01,644400,179
72,2012-04-01,417600,116
72,2012-05-01,601200,167
72,2012-06-01,576900,160.25
72,2012-07-01,491400,136.5
72,2012-08-01,489600,136
72,2012-09-01,586800,163
72,2012-10-01,321600,89.33333333333333
72,2012-11-01,363600,101
72,2012-12-01,334800,93
72,2013-01-01,392400,109
72,2013-02-01,540000,150
72,2013-03-01,430200,119.5
72,2013-04-01,495900,137.75
72,2013-05-01,505800,140.5
72,2013-06-01,540000,150
72,2013-07-01,342000,95
72,2013-08-01,561600,156
72,2013-09-01,557100,154.75
72,2013-10-01,684000,190
72,2013-11-01,549000,152.5
72,2013-12-01,421200,117
72,2014-01-01,604800,168
72,2014-02-01,513900,142.75
72,2014-03-01,518400,144
72,2014-04-01,684000,190
72,2014-05-01,550800,153
72,2014-06-01,512100,142.25
72,2014-07-01,599400,166.5
72,2014-08-01,468000,130
72,2014-09-01,526500,146.25
72,2014-10-01,489600,136
72,2014-11-01,479700,133.25
72,2014-12-01,302400,84
72,2015-01-01,540000,150
72,2015-02-01,547200,152
72,2015-03-01,518400,144
72,2015-04-01,554400,154
72,2015-05-01,489600,136
72,2015-06-01,604800,168
72,2015-07-01,662400,184
72,2015-08-01,403200,112
72,2015-09-01,547200,152
72,2015-10-01,633600,176
72,2015-11-01,500400,139
72,2015-12-01,421200,117
72,2016-01-01,525600,146
72,2016-02-01,561600,156
72,2016-03-01,648000,180
72,2016-04-01,601200,167
72,2016-05-01,331200,92
72,2016-06-01,676800,188
72,2016-07-01,604800,168
72,2016-08-01,356400,99
72,2016-09-01,633600,176
72,2016-10-01,576000,160
72,2016-11-01,579600,161
72,2016-12-01,374400,104
72,2017-01-01,622800,173
72,2017-02-01,475200,132
72,2017-03-01,576000,160
72,2017-04-01,403200,112
72,2017-05-01,604800,168
72,2017-06-01,576000,160
72,2017-07-01,367200,102
72,2017-08-01,421200,117
72,2017-09-01,615600,171
72,2017-10-01,630000,175
72,2017-11-01,536400,149
72,2017-12-01,381600,106
72,2018-01-01,547200,152
72,2018-02-01,576000,160
72,2018-03-01,489600,136
72,2018-04-01,489600,136
72,2018-05-01,460800,128
72,2018-06-01,486000,135
72,2018-07-01,291600,81
72,2018-08-01,644400,179
72,2018-09-01,579600,161
72,2018-10-01,675000,187.5
72,2018-11-01,604800,168
72,2018-12-01,405000,112.5
72,2019-01-01,550800,153
72,2019-02-01,570600,158.5
72,2019-03-01,703800,195.5
72,2019-04-01,435600,121
72,2019-05-01,594000,165
72,2019-06-01,540000,150
72,2019-07-01,720000,200
72,2019-08-01,504000,140
72,2019-09-01,432000,120
72,2019-10-01,432000,120
72,2019-11-01,576000,160
72,2019-12-01,219600,61
72,2020-01-01,612000,170
72,2020-02-01,540000,150
72,2020-03-01,684000,190
72,2020-04-01,612000,170
72,2020-05-01,558000,155
72,2020-06-01,342000,95
72,2020-07-01,648000,180
72,2020-08-01,486000,135
72,2020-09-01,320400,89
72,2020-10-01,684000,190
72,2020-11-01,648000,180
72,2020-12-01,327600,91
72,2021-01-01,486000,135
72,2021-02-01,612000,170
72,2021-03-01,558000,155
72,2021-04-01,450000,125
72,2021-05-01,576000,160
72,2021-06-01,468000,130
72,2021-07-01,504000,140
72,2021-08-01,540000,150
72,2021-09-01,396000,110
72,2021-10-01,666000,185
72,2021-11-01,648000,180
72,2021-12-01,374400,104
72,2022-01-01,612000,170
72,2022-02-01,594000,165
72,2022-03-01,684000,190
72,2022-04-01,378000,105
72,2022-05-01,630000,175
72,2022-06-01,288000,80
72,2022-07-01,612000,170
72,2022-08-01,666000,185
72,2022-09-01,414000,115
72,2022-10-01,342000,95
72,2022-11-01,612000,170
72,2022-12-01,532800,148
72,2023-01-01,720000,200
72,2023-02-01,648000,180
72,2023-03-01,594000,165
72,2023-04-01,648000,180
72,2023-05-01,684000,190
72,2023-06-01,468000,130
72,2023-07-01,612000,170
72,2023-08-01,576000,160
72,2023-09-01,342000,95
72,2023-10-01,594000,165
72,2023-11-01,576000,160
72,2023-12-01,306000,85
72,2024-01-01,666000,185
72,2024-02-01,468000,130
72,2024-03-01,396000,110
72,2024-04-01,576000,160
72,2024-05-01,504000,140
72,2024-06-01,360000,100
72,2024-07-01,684000,190
72,2024-08-01,594000,165
72,2024-09-01,522000,145
72,2024-10-01,378000,105
72,2024-11-01,576000,160
72,2024-12-01,295200,82
72,2025-01-01,522000,145
72,2025-02-01,522000,145
72,2025-03-01,612000,170
72,2025-04-01,396000,110
72,2025-05-01,115200,32
73,2011-11-01,630000,175
73,2011-12-01,586800,163
73,2012-01-01,514800,143
73,2012-02-01,615600,171
73,2012-03-01,646200,179.5
73,2012-04-01,547200,152
73,2012-05-01,626400,174
73,2012-06-01,610200,169.5
73,2012-07-01,424800,118
73,2012-08-01,651600,181
73,2012-09-01,437400,121.5
73,2012-10-01,552600,153.5
73,2012-11-01,655200,182
73,2012-12-01,484200,134.5
73,2013-01-01,543600,151
73,2013-02-01,604800,168
73,2013-03-01,320400,89
73,2013-04-01,637200,177
73,2013-05-01,460800,128
73,2013-06-01,711000,197.5
73,2013-07-01,538200,149.5
73,2013-08-01,154800,43
73,2013-09-01,615600,171
73,2013-10-01,664200,184.5
73,2013-11-01,631800,175.5
73,2013-12-01,392400,109
73,2014-01-01,259200,72
73,2014-02-01,576000,160
73,2014-03-01,568800,158
73,2014-04-01,266400,74
73,2014-05-01,576000,160
73,2014-06-01,547200,152
73,2014-07-01,662400,184
73,2014-08-01,417600,116
73,2014-09-01,676800,188
73,2014-10-01,518400,144
73,2014-11-01,518400,144
73,2014-12-01,405000,112.5
73,2015-01-01,383400,106.5
73,2015-02-01,498600,138.5
73,2015-03-01,631800,175.5
73,2015-04-01,603000,167.5
73,2015-05-01,522000,145
73,2015-06-01,694800,193
73,2015-07-01,594000,165
73,2015-08-01,457200,127
73,2015-09-01,626400,174
73,2015-10-01,288000,80
73,2015-11-01,489600,136
73,2015-12-01,259200,72
73,2016-01-01,406800,113
73,2016-02-01,451800,125.5
73,2016-03-01,360000,100
73,2016-04-01,579600,161
73,2016-05-01,525600,146
73,2016-06-01,468000,130
73,2016-07-01,601200,167
73,2016-08-01,342000,95
73,2016-09-01,554400,154
73,2016-10-01,547200,152
73,2016-11-01,604800,168
73,2016-12-01,349200,97
73,2017-01-01,432000,120
73,2017-02-01,518400,144
73,2017-03-01,662400,184
73,2017-04-01,442800,123
73,2017-05-01,403200,112
73,2017-06-01,554400,154
73,2017-07-01,518400,144
73,2017-08-01,345600,96
73,2017-09-01,316800,88
73,2017-10-01,115200,32
73,2017-11-01,604800,168
73,2017-12-01,460800,128
73,2018-01-01,522000,145
73,2018-02-01,554400,154
73,2018-03-01,633600,176
73,2018-04-01,518400,144
73,2018-05-01,324000,90
73,2018-06-01,403200,112
73,2018-07-01,356400,99
73,2018-08-01,403200,112
73,2018-09-01,597600,166
73,2018-10-01,352800,98
73,2018-11-01,604800,168
73,2018-12-01,349200,97
73,2019-01-01,565200,157
73,2019-02-01,576000,160
73,2019-03-01,579600,161
73,2019-04-01,637200,177
73,2019-05-01,324000,90
73,2019-06-01,518400,144
73,2019-07-01,633600,176
73,2019-08-01,313200,87
73,2019-09-01,572400,159
73,2019-10-01,518400,144
73,2019-11-01,576000,160
73,2019-12-01,320400,89
73,2020-01-01,550800,153
73,2020-02-01,601200,167
73,2020-03-01,633600,176
73,2020-04-01,597600,166
73,2020-05-01,543600,151
73,2020-06-01,572400,159
73,2020-07-01,536400,149
73,2020-08-01,345600,96
73,2020-09-01,244800,68
73,2020-10-01,637200,177
73,2020-11-01,568800,158
73,2020-12-01,273600,76
73,2021-01-01,424800,118
73,2021-02-01,507600,141
73,2021-03-01,345600,96
74,2012-01-01,609300,169.25
74,2012-02-01,595800,165.5
74,2012-03-01,616500,171.25
74,2012-04-01,399600,111
74,2012-05-01,468000,130
74,2012-06-01,559800,155.5
74,2012-07-01,549900,152.75
74,2012-08-01,204300,56.75
74,2012-09-01,593100,164.75
74,2012-11-01,287100,79.75
74,2012-12-01,415800,115.5
74,2013-01-01,548100,152.25
74,2013-02-01,541800,150.5
74,2013-03-01,398700,110.75
74,2013-04-01,436500,121.25
74,2013-05-01,261900,72.75
74,2013-06-01,574200,159.5
74,2013-07-01,634500,176.25
74,2013-08-01,204300,56.75
74,2013-09-01,607500,168.75
74,2013-10-01,496800,138
74,2013-11-01,433800,120.5
74,2013-12-01,433800,120.5
74,2014-01-01,495000,137.5
74,2014-02-01,345600,96
74,2014-03-01,489600,136
74,2014-04-01,291600,81
74,2014-05-01,86400,24
74,2014-06-01,517500,143.75
74,2014-07-01,444600,123.5
74,2014-08-01,576000,160
74,2014-09-01,434700,120.75
74,2014-10-01,405000,112.5
74,2014-11-01,547200,152
74,2014-12-01,320400,89
74,2015-01-01,524700,145.75
74,2015-02-01,482400,134
74,2015-03-01,292500,81.25
74,2015-04-01,462600,128.5
74,2015-05-01,378000,105
74,2015-06-01,461700,128.25
74,2015-07-01,636300,176.75
74,2015-08-01,425700,118.25
74,2015-09-01,233100,64.75
74,2015-10-01,621000,172.5
74,2015-11-01,574200,159.5
74,2015-12-01,291600,81
74,2016-01-01,544500,151.25
74,2016-02-01,578700,160.75
74,2016-03-01,491400,136.5
74,2016-04-01,520200,144.5
74,2016-05-01,432900,120.25
74,2016-06-01,405900,112.75
74,2016-07-01,605700,168.25
74,2016-08-01,432000,120
74,2016-09-01,341100,94.75
74,2016-10-01,518400,144
74,2016-11-01,226800,63
74,2016-12-01,489600,136
74,2017-01-01,489600,136
74,2017-02-01,172800,48
74,2017-03-01,518400,144
74,2017-04-01,374400,104
74,2017-05-01,576000,160
74,2017-06-01,460800,128
74,2017-07-01,460800,128
74,2017-08-01,460800,128
74,2017-09-01,201600,56
74,2017-10-01,403200,112
74,2017-11-01,460800,128
74,2017-12-01,403200,112
74,2018-01-01,547200,152
74,2018-02-01,288000,80
74,2018-03-01,403200,112
74,2018-04-01,374400,104
74,2018-05-01,259200,72
74,2018-06-01,446400,124
74,2018-07-01,633600,176
74,2018-08-01,663300,184.25
74,2018-09-01,289800,80.5
74,2018-10-01,297900,82.75
74,2018-11-01,561600,156
74,2018-12-01,146700,40.75
74,2019-01-01,525600,146
74,2019-02-01,382500,106.25
74,2019-03-01,234000,65
74,2019-04-01,473400,131.5
74,2019-05-01,526500,146.25
74,2019-06-01,359100,99.75
74,2019-07-01,151200,42
74,2019-12-01,337500,93.75
74,2020-01-01,565200,157
74,2020-02-01,576000,160
74,2020-03-01,233100,64.75
74,2020-04-01,432000,120
74,2020-05-01,316800,88
74,2020-06-01,494100,137.25
74,2020-07-01,353700,98.25
74,2020-08-01,431100,119.75
74,2020-09-01,404100,112.25
74,2020-10-01,548100,152.25
74,2020-11-01,345600,96
75,2012-04-01,562500,156.25
75,2012-05-01,610200,169.5
75,2012-06-01,684900,190.25
75,2012-07-01,658800,183
75,2012-08-01,509400,141.5
75,2012-09-01,654300,181.75
75,2012-10-01,667800,185.5
75,2012-11-01,698400,194
75,2012-12-01,459000,127.5
75,2013-01-01,547200,152
75,2013-02-01,520200,144.5
75,2013-03-01,547200,152
75,2013-04-01,489600,136
75,2013-05-01,576000,160
75,2013-06-01,576000,160
75,2013-07-01,316800,88
75,2013-08-01,633600,176
75,2013-09-01,604800,168
75,2013-10-01,655200,182
75,2013-11-01,587700,163.25
75,2013-12-01,288000,80
75,2014-01-01,432000,120
75,2014-02-01,576000,160
75,2014-03-01,518400,144
75,2014-04-01,547200,152
75,2014-05-01,432000,120
75,2014-06-01,273600,76
75,2014-07-01,636300,176.75
75,2014-08-01,606600,168.5
75,2014-09-01,748800,208
75,2014-10-01,367200,102
75,2014-11-01,402300,111.75
75,2014-12-01,395100,109.75
75,2015-01-01,481500,133.75
75,2015-02-01,455400,126.5
75,2015-03-01,536400,149
75,2015-04-01,436500,121.25
75,2015-05-01,518400,144
75,2015-06-01,604800,168
75,2015-07-01,633600,176
75,2015-08-01,530100,147.25
75,2015-09-01,618300,171.75
75,2015-10-01,518400,144
75,2015-11-01,115200,32
75,2015-12-01,403200,112
75,2016-01-01,587700,163.25
75,2016-02-01,554400,154
75,2016-03-01,602700,167.41666666666666
75,2016-04-01,655200,182
75,2016-05-01,363600,101
75,2016-06-01,596700,165.75
75,2016-07-01,470700,130.75
75,2016-08-01,633600,176
75,2016-09-01,460800,128
75,2016-10-01,547200,152
75,2016-11-01,633600,176
75,2016-12-01,345600,96
75,2017-01-01,484200,134.5
75,2017-02-01,552600,153.5
75,2017-03-01,604800,168
75,2017-04-01,403200,112
75,2017-05-01,591300,164.25
75,2017-06-01,432000,120
75,2017-07-01,604800,168
75,2017-08-01,647100,179.75
75,2017-09-01,172800,48
75,2017-10-01,547200,152
75,2017-11-01,547200,152
75,2017-12-01,489600,136
75,2018-01-01,601200,167
75,2018-02-01,579600,161
75,2018-03-01,565200,157
75,2018-04-01,619200,172
75,2018-05-01,471600,131
75,2018-06-01,316800,88
75,2018-07-01,608400,169
75,2018-08-01,633600,176
75,2018-09-01,325800,90.5
75,2018-10-01,507600,141
75,2018-11-01,604800,168
75,2018-12-01,432000,120
75,2019-01-01,518400,144
75,2019-02-01,432000,120
75,2019-03-01,563400,156.5
75,2019-04-01,302400,84
75,2019-05-01,547200,152
75,2019-06-01,144000,40
75,2021-04-01,118800,33
75,2021-05-01,205200,57
75,2021-06-01,225000,62.5
75,2021-07-01,205200,57
75,2021-08-01,114300,31.75
75,2021-09-01,246600,68.5
75,2021-10-01,115200,32
75,2021-11-01,183600,51
75,2021-12-01,175500,48.75
75,2022-01-01,187200,52
75,2022-02-01,205200,57
75,2022-03-01,248400,69
75,2022-04-01,118800,33
75,2022-05-01,224100,62.25
75,2022-06-01,230400,64
75,2022-07-01,186300,51.75
75,2022-08-01,183600,51
75,2022-09-01,237600,66
75,2022-10-01,187200,52
75,2022-11-01,108000,30
76,2012-06-01,576000,160
76,2012-07-01,631800,175.5
76,2012-08-01,530100,147.25
76,2012-09-01,576900,160.25
76,2012-10-01,631800,175.5
76,2012-11-01,606600,168.5
76,2012-12-01,443700,123.25
76,2013-01-01,654300,181.75
76,2013-02-01,286200,79.5
76,2013-03-01,468900,130.25
76,2013-04-01,598500,166.25
76,2013-05-01,461700,128.25
76,2013-06-01,583200,162
76,2013-07-01,403200,112
76,2013-08-01,581400,161.5
76,2013-09-01,643500,178.75
76,2013-10-01,633600,176
76,2013-11-01,577800,160.5
76,2013-12-01,434700,120.75
76,2014-01-01,273600,76
76,2014-02-01,563400,156.5
76,2014-03-01,541800,150.5
76,2014-04-01,561600,156
76,2014-05-01,551700,153.25
76,2014-06-01,382500,106.25
76,2014-07-01,666900,185.25
76,2014-08-01,429300,119.25
76,2014-09-01,634500,176.25
76,2014-10-01,549000,152.5
76,2014-11-01,576900,160.25
76,2014-12-01,72000,20
76,2015-01-01,608400,169
76,2015-02-01,576000,160
76,2015-03-01,604800,168
76,2015-04-01,540000,150
76,2015-05-01,460800,128
76,2015-06-01,518400,144
76,2015-07-01,316800,88
76,2015-08-01,572400,159
76,2015-09-01,604800,168
76,2015-10-01,609300,169.25
76,2015-11-01,604800,168
76,2015-12-01,459000,127.5
76,2016-01-01,432000,120
76,2016-02-01,538200,149.5
76,2016-03-01,514800,143
76,2016-04-01,442800,123
76,2016-05-01,261900,72.75
76,2016-06-01,657000,182.5
76,2016-07-01,604800,168
76,2016-08-01,403200,112
76,2016-09-01,604800,168
77,2012-06-01,675780,187.71666666666667
77,2012-07-01,708180,196.71666666666667
77,2012-08-01,549420,152.61666666666667
77,2012-09-01,679200,188.66666666666666
77,2012-10-01,694500,192.91666666666666
77,2012-11-01,640500,177.91666666666666
77,2012-12-01,504300,140.08333333333334
77,2013-01-01,675000,187.5
77,2013-02-01,447600,124.33333333333333
77,2013-03-01,671400,186.5
77,2013-04-01,661500,183.75
77,2013-05-01,591300,164.25
77,2013-06-01,582300,161.75
77,2013-07-01,796200,221.16666666666666
77,2013-08-01,244200,67.83333333333333
77,2013-09-01,703800,195.5
77,2013-10-01,506700,140.75
77,2013-11-01,547200,152
77,2013-12-01,316800,88
77,2014-01-01,432000,120
77,2014-02-01,547200,152
77,2014-03-01,576000,160
77,2014-04-01,518400,144
77,2014-05-01,547200,152
77,2014-06-01,259200,72
77,2014-07-01,259200,72
77,2014-08-01,432000,120
77,2014-09-01,489600,136
77,2014-10-01,633600,176
77,2014-11-01,576000,160
77,2014-12-01,345600,96
77,2015-01-01,547200,152
77,2015-02-01,547200,152
77,2015-03-01,432000,120
77,2015-04-01,489600,136
77,2015-05-01,536400,149
77,2015-06-01,608400,169
77,2015-07-01,187200,52
78,2012-09-01,592200,164.5
78,2012-10-01,387900,107.75
79,2012-09-01,578700,160.75
79,2012-10-01,622800,173
79,2012-11-01,633600,176
79,2012-12-01,447300,124.25
79,2013-01-01,606600,168.5
79,2013-02-01,496800,138
79,2013-03-01,520200,144.5
79,2013-04-01,433800,120.5
79,2013-05-01,529200,147
79,2013-06-01,488700,135.75
79,2013-07-01,600300,166.75
79,2013-08-01,261000,72.5
79,2013-09-01,557100,154.75
79,2013-10-01,554400,154
79,2013-11-01,567900,157.75
79,2013-12-01,303300,84.25
80,2012-09-01,609300,169.25
80,2012-10-01,603000,167.5
80,2012-11-01,635400,176.5
80,2012-12-01,302400,84
80,2013-01-01,656100,182.25
80,2013-02-01,570600,158.5
80,2013-03-01,641700,178.25
80,2013-04-01,737100,204.75
80,2013-05-01,592200,164.5
80,2013-06-01,613800,170.5
80,2013-07-01,467100,129.75
80,2013-08-01,388800,108
80,2013-09-01,648900,180.25
80,2013-10-01,594900,165.25
80,2013-11-01,640800,178
80,2013-12-01,517500,143.75
80,2014-01-01,167400,46.5
80,2014-02-01,590400,164
80,2014-03-01,565200,157
80,2014-04-01,558000,155
80,2014-05-01,348300,96.75
80,2014-06-01,254700,70.75
80,2014-07-01,492000,136.66666666666666
80,2014-08-01,364500,101.25
81,2012-09-01,642900,178.58333333333334
81,2012-10-01,702600,195.16666666666666
81,2012-11-01,637200,177
81,2012-12-01,426600,118.5
81,2013-01-01,605400,168.16666666666666
81,2013-02-01,618600,171.83333333333334
81,2013-03-01,580200,161.16666666666666
81,2013-04-01,557700,154.91666666666666
81,2013-05-01,559200,155.33333333333334
81,2013-06-01,610500,169.58333333333334
81,2013-07-01,530700,147.41666666666666
81,2013-08-01,345000,95.83333333333333
81,2013-09-01,658500,182.91666666666666
81,2013-10-01,575700,159.91666666666666
81,2013-11-01,703800,195.5
81,2013-12-01,290700,80.75
81,2014-01-01,592500,164.58333333333334
81,2014-02-01,657900,182.75
81,2014-03-01,715800,198.83333333333334
81,2014-04-01,506700,140.75
81,2014-05-01,619800,172.16666666666666
81,2014-06-01,380700,105.75
81,2014-07-01,384900,106.91666666666667
82,2012-09-01,294000,81.66666666666667
82,2012-10-01,664200,184.5
82,2012-11-01,648300,180.08333333333334
82,2012-12-01,431400,119.83333333333333
82,2013-01-01,411300,114.25
82,2013-02-01,568500,157.91666666666666
82,2013-03-01,556800,154.66666666666666
82,2013-04-01,477300,132.58333333333334
82,2013-05-01,550500,152.91666666666666
82,2013-06-01,525000,145.83333333333334
82,2013-07-01,363600,101
82,2013-08-01,443100,123.08333333333333
82,2013-09-01,626280,173.96666666666667
82,2013-10-01,563100,156.41666666666666
82,2013-11-01,564900,156.91666666666666
82,2013-12-01,374100,103.91666666666667
82,2014-01-01,421800,117.16666666666667
82,2014-02-01,585300,162.58333333333334
82,2014-03-01,576900,160.25
82,2014-04-01,547200,152
82,2014-05-01,580800,161.33333333333334
82,2014-06-01,172800,48
82,2014-07-01,662400,184
82,2014-08-01,605700,168.25
82,2014-09-01,639600,177.66666666666666
82,2014-10-01,630900,175.25
82,2014-11-01,502200,139.5
82,2014-12-01,293400,81.5
82,2015-01-01,395100,109.75
82,2015-02-01,426600,118.5
82,2015-03-01,487800,135.5
82,2015-04-01,544500,151.25
82,2015-05-01,460800,128
82,2015-06-01,172800,48
82,2015-09-01,0,0
82,2015-10-01,0,0
82,2015-11-01,0,0
82,2015-12-01,0,0
83,2012-09-01,454500,126.25
83,2012-10-01,509400,141.5
83,2012-11-01,500400,139
83,2012-12-01,376200,104.5
83,2013-01-01,381600,106
83,2013-02-01,367200,102
83,2013-03-01,457200,127
83,2013-04-01,379800,105.5
83,2013-05-01,432000,120
83,2013-06-01,504000,140
83,2013-07-01,475200,132
83,2013-08-01,302400,84
83,2013-09-01,453600,126
83,2013-10-01,708300,196.75
83,2013-11-01,582300,161.75
83,2013-12-01,597600,166
83,2014-01-01,550800,153
83,2014-02-01,594000,165
83,2014-03-01,514800,143
83,2014-04-01,552600,153.5
83,2014-05-01,496800,138
83,2014-06-01,496800,138
83,2014-07-01,666000,185
83,2014-08-01,309600,86
83,2014-09-01,403200,112
83,2014-10-01,450000,125
83,2014-11-01,576000,160
83,2014-12-01,414000,115
83,2015-01-01,403200,112
83,2015-02-01,460800,128
83,2015-03-01,666000,185
83,2015-04-01,374400,104
83,2015-05-01,403200,112
83,2015-06-01,493200,137
83,2015-07-01,604800,168
83,2015-08-01,349200,97
83,2015-09-01,644400,179
83,2015-10-01,702000,195
83,2015-11-01,604800,168
83,2015-12-01,352800,98
83,2016-01-01,432000,120
83,2016-02-01,514800,143
83,2016-03-01,518400,144
83,2016-04-01,637200,177
83,2016-05-01,478800,133
83,2016-06-01,648000,180
83,2016-07-01,622800,173
83,2016-08-01,374400,104
83,2016-09-01,504000,140
83,2016-10-01,172800,48
83,2016-11-01,604800,168
83,2016-12-01,493200,137
83,2017-01-01,619200,172
83,2017-02-01,547200,152
83,2017-03-01,442800,123
83,2017-04-01,309600,86
83,2017-05-01,597600,166
83,2017-06-01,496800,138
83,2017-07-01,576000,160
83,2017-08-01,432000,120
83,2017-09-01,604800,168
83,2017-10-01,475200,132
83,2017-11-01,486000,135
83,2017-12-01,518400,144
83,2018-01-01,691200,192
83,2018-02-01,432000,120
83,2018-03-01,518400,144
83,2018-04-01,475200,132
83,2018-05-01,518400,144
83,2018-06-01,604800,168
83,2018-07-01,561600,156
83,2018-08-01,345600,96
83,2018-09-01,576000,160
83,2018-10-01,604800,168
83,2018-11-01,432000,120
83,2019-01-01,547200,152
83,2019-02-01,288000,80
83,2019-03-01,626400,174
83,2019-04-01,324000,90
83,2019-05-01,626400,174
83,2019-06-01,324000,90
83,2019-07-01,612000,170
83,2019-08-01,288000,80
83,2019-09-01,486000,135
83,2019-10-01,558000,155
83,2019-11-01,468000,130
83,2019-12-01,432000,120
83,2020-01-01,576000,160
83,2020-02-01,576000,160
83,2020-03-01,234000,65
83,2022-11-01,432000,120
83,2022-12-01,403200,112
83,2023-01-01,302400,84
83,2023-02-01,302400,84
83,2023-03-01,324000,90
83,2023-04-01,172800,48
83,2023-05-01,302400,84
83,2023-06-01,172800,48
83,2023-07-01,324000,90
83,2023-08-01,64800,18
83,2023-09-01,439200,122
83,2023-10-01,396000,110
83,2023-11-01,21600,6
83,2023-12-01,331200,92
83,2024-01-01,345600,96
83,2024-02-01,496800,138
83,2024-03-01,345600,96
83,2024-04-01,468000,130
83,2024-05-01,331200,92
83,2024-06-01,345600,96
83,2024-07-01,374400,104
83,2024-08-01,115200,32
83,2024-09-01,468000,130
83,2024-10-01,360000,100
83,2024-11-01,342000,95
83,2024-12-01,234000,65
83,2025-01-01,396000,110
83,2025-02-01,432000,120
83,2025-03-01,468000,130
83,2025-04-01,396000,110
83,2025-05-01,378000,105
83,2025-06-01,342000,95
84,2013-01-01,117000,32.5
84,2013-02-01,93600,26
84,2013-03-01,149400,41.5
84,2013-04-01,142200,39.5
84,2013-05-01,288000,80
84,2013-06-01,288000,80
84,2013-07-01,291600,81
84,2013-08-01,288000,80
84,2013-09-01,57600,16
84,2013-10-01,278100,77.25
84,2013-11-01,109800,30.5
84,2013-12-01,105300,29.25
85,2014-01-01,604800,168
85,2014-02-01,547200,152
85,2014-03-01,576000,160
85,2014-04-01,684000,190
85,2014-05-01,561600,156
85,2014-06-01,518400,144
85,2014-07-01,633600,176
85,2014-08-01,288000,80
85,2014-09-01,576000,160
85,2014-10-01,457200,127
85,2014-11-01,392400,109
85,2014-12-01,381600,106
85,2015-01-01,460800,128
85,2015-02-01,489600,136
85,2015-03-01,612000,170
85,2015-04-01,363600,101
85,2015-05-01,460800,128
85,2015-06-01,594000,165
85,2015-07-01,496800,138
85,2015-08-01,388800,108
85,2015-09-01,532800,148
85,2015-10-01,475200,132
85,2015-11-01,500400,139
85,2015-12-01,345600,96
86,2013-01-01,139500,38.75
86,2013-02-01,142200,39.5
86,2013-03-01,162000,45
86,2013-04-01,146700,40.75
86,2013-05-01,142200,39.5
86,2013-06-01,130500,36.25
86,2013-07-01,142200,39.5
86,2013-08-01,136800,38
86,2013-09-01,146700,40.75
86,2013-10-01,145800,40.5
86,2013-11-01,144900,40.25
86,2013-12-01,144900,40.25
86,2014-01-01,147240,40.9
88,2013-09-01,628200,174.5
88,2013-10-01,345600,96
88,2013-11-01,593100,164.75
88,2013-12-01,463500,128.75
88,2014-01-01,567000,157.5
88,2014-02-01,576000,160
88,2014-03-01,576000,160
88,2014-04-01,585000,162.5
88,2014-05-01,538200,149.5
88,2014-06-01,374400,104
88,2014-07-01,639900,177.75
88,2014-08-01,461700,128.25
88,2014-09-01,608400,169
88,2014-10-01,612000,170
88,2014-11-01,543600,151
88,2014-12-01,109800,30.5
88,2015-01-01,323100,89.75
88,2015-02-01,569700,158.25
88,2015-03-01,545400,151.5
88,2015-04-01,585900,162.75
88,2015-05-01,525600,146
88,2015-06-01,584100,162.25
88,2015-07-01,230400,64
88,2015-08-01,377100,104.75
88,2015-09-01,604800,168
88,2015-10-01,576900,160.25
88,2015-11-01,464400,129
88,2015-12-01,374400,104
88,2016-01-01,547200,152
88,2016-02-01,489600,136
88,2016-03-01,432000,120
88,2016-04-01,576000,160
88,2016-05-01,547200,152
88,2016-06-01,316800,88
88,2016-07-01,432000,120
88,2016-08-01,576000,160
88,2016-09-01,489600,136
88,2016-10-01,576000,160
88,2016-11-01,460800,128
88,2016-12-01,489600,136
88,2017-01-01,418500,116.25
88,2017-02-01,183600,51
88,2017-03-01,643500,178.75
88,2017-04-01,560700,155.75
88,2017-05-01,549900,152.75
88,2017-06-01,391500,108.75
88,2017-07-01,619200,172
88,2017-08-01,594900,165.25
88,2017-09-01,552600,153.5
88,2017-10-01,576000,160
88,2017-11-01,614700,170.75
88,2017-12-01,198900,55.25
88,2018-01-01,388800,108
88,2018-02-01,518400,144
88,2018-03-01,578700,160.75
88,2018-04-01,501300,139.25
89,2013-10-01,665100,184.75
89,2013-11-01,602100,167.25
89,2013-12-01,450000,125
89,2014-01-01,576000,160
89,2014-02-01,630000,175
89,2014-03-01,604800,168
89,2014-04-01,576000,160
89,2014-05-01,230400,64
89,2014-06-01,547200,152
89,2014-07-01,633600,176
89,2014-08-01,504900,140.25
89,2014-09-01,630000,175
89,2014-10-01,576000,160
89,2014-11-01,316800,88
89,2014-12-01,424800,118
89,2015-01-01,374400,104
89,2015-02-01,547200,152
89,2015-03-01,518400,144
89,2015-04-01,565200,157
89,2015-05-01,513900,142.75
89,2015-06-01,518400,144
89,2015-07-01,570600,158.5
89,2015-08-01,540000,150
89,2015-09-01,641700,178.25
89,2015-10-01,466200,129.5
89,2015-11-01,532800,148
89,2015-12-01,460800,128
89,2016-01-01,352800,98
89,2016-02-01,577800,160.5
89,2016-03-01,552600,153.5
89,2016-04-01,507600,141
89,2016-05-01,567000,157.5
89,2016-06-01,484200,134.5
89,2016-07-01,590400,164
89,2016-08-01,464400,129
89,2016-09-01,360000,100
90,2013-10-01,605220,168.11666666666667
90,2013-11-01,579180,160.88333333333333
90,2013-12-01,441000,122.5
90,2014-01-01,513000,142.5
90,2014-02-01,583200,162
90,2014-03-01,461700,128.25
90,2014-04-01,509400,141.5
90,2014-05-01,566100,157.25
90,2014-06-01,549000,152.5
90,2014-07-01,673200,187
90,2014-08-01,320400,89
90,2014-09-01,577800,160.5
90,2014-10-01,517500,143.75
90,2014-11-01,517500,143.75
90,2014-12-01,194400,54
90,2015-01-01,489600,136
90,2015-02-01,316800,88
90,2015-03-01,489600,136
90,2015-04-01,593100,164.75
90,2015-05-01,489600,136
90,2015-06-01,579600,161
90,2015-07-01,662400,184
90,2015-08-01,518400,144
90,2015-09-01,432000,120
90,2015-10-01,576000,160
90,2015-11-01,594000,165
90,2015-12-01,338400,94
90,2016-01-01,489600,136
90,2016-02-01,604800,168
90,2016-03-01,604800,168
90,2016-04-01,576000,160
90,2016-05-01,316800,88
90,2016-06-01,604800,168
90,2016-07-01,460800,128
90,2016-08-01,633600,176
90,2016-09-01,612000,170
90,2016-10-01,576000,160
90,2016-11-01,604800,168
90,2016-12-01,432000,120
90,2017-01-01,508800,141.33333333333334
90,2017-02-01,471600,131
90,2017-03-01,576000,160
90,2017-04-01,576000,160
90,2017-05-01,403200,112
90,2017-06-01,489600,136
90,2017-07-01,604800,168
90,2017-08-01,374400,104
90,2017-09-01,604800,168
90,2017-10-01,259200,72
90,2017-11-01,604800,168
90,2017-12-01,316800,88
90,2018-01-01,375000,104.16666666666667
90,2018-02-01,540000,150
90,2018-03-01,480000,133.33333333333334
90,2018-04-01,525000,145.83333333333334
90,2018-05-01,435000,120.83333333333333
90,2018-06-01,645000,179.16666666666666
90,2018-07-01,432000,120
90,2018-08-01,28800,8
90,2020-10-01,306000,85
90,2020-11-01,270000,75
90,2020-12-01,279000,77.5
90,2021-01-01,216000,60
90,2021-02-01,288000,80
90,2021-03-01,198000,55
90,2021-05-01,226800,63
90,2021-06-01,316800,88
90,2021-07-01,284400,79
90,2021-08-01,180000,50
90,2021-09-01,324000,90
90,2021-10-01,216000,60
90,2021-11-01,270000,75
90,2021-12-01,144000,40
90,2022-01-01,216000,60
90,2022-02-01,252000,70
90,2022-03-01,198000,55
90,2022-04-01,216000,60
90,2022-05-01,234000,65
90,2024-09-01,216000,60
90,2024-10-01,216000,60
90,2024-11-01,288000,80
90,2024-12-01,48600,13.5
90,2025-01-01,162000,45
90,2025-02-01,164400,45.666666666666664
90,2025-03-01,317700,88.25
90,2025-04-01,221400,61.5
90,2025-05-01,223620,62.11666666666667
90,2025-06-01,50400,14
90,2025-07-01,61200,17
91,2013-11-01,517200,143.66666666666666
91,2013-12-01,403200,112
92,2013-07-01,154800,43
92,2013-08-01,232200,64.5
92,2013-09-01,216900,60.25
92,2013-10-01,122400,34
92,2013-11-01,128700,35.75
92,2013-12-01,100800,28
92,2015-01-01,118800,33
93,2014-04-01,576840,160.23333333333332
93,2014-05-01,578040,160.56666666666666
93,2014-06-01,520440,144.56666666666666
93,2014-07-01,664380,184.55
93,2014-08-01,578280,160.63333333333333
93,2014-09-01,634140,176.15
93,2014-10-01,288120,80.03333333333333
93,2014-11-01,519360,144.26666666666668
93,2014-12-01,432000,120
93,2015-01-01,576000,160
93,2015-02-01,519600,144.33333333333334
93,2015-03-01,604800,168
93,2015-04-01,525600,146
93,2015-05-01,398400,110.66666666666667
93,2015-06-01,462000,128.33333333333334
93,2015-07-01,576000,160
93,2015-08-01,576000,160
93,2015-09-01,615300,170.91666666666666
93,2015-10-01,594000,165
93,2015-11-01,521700,144.91666666666666
93,2015-12-01,195600,54.333333333333336
93,2016-01-01,420600,116.83333333333333
93,2016-02-01,615600,171
93,2016-03-01,467400,129.83333333333334
94,2014-04-01,549900,152.75
94,2014-05-01,522000,145
94,2014-06-01,290700,80.75
94,2014-07-01,633600,176
94,2014-08-01,495000,137.5
94,2014-09-01,320400,89
94,2014-10-01,621000,172.5
94,2014-11-01,541800,150.5
94,2014-12-01,223200,62
94,2015-01-01,374400,104
94,2015-02-01,460800,128
94,2015-03-01,459000,127.5
94,2015-04-01,348300,96.75
94,2015-05-01,258300,71.75
94,2015-06-01,378000,105
94,2015-07-01,522000,145
94,2015-08-01,538200,149.5
94,2015-09-01,367200,102
94,2015-10-01,467100,129.75
94,2015-11-01,403200,112
94,2015-12-01,506700,140.75
94,2016-01-01,432000,120
94,2016-02-01,316800,88
94,2016-03-01,460800,128
94,2016-04-01,432000,120
94,2016-05-01,316800,88
94,2016-06-01,315000,87.5
94,2016-07-01,436500,121.25
94,2016-08-01,274500,76.25
94,2016-09-01,368100,102.25
94,2016-10-01,473400,131.5
94,2016-11-01,579600,161
94,2016-12-01,489600,136
94,2017-01-01,438300,121.75
94,2017-02-01,551700,153.25
95,2014-05-01,576000,160
95,2014-06-01,518400,144
95,2014-07-01,518400,144
95,2014-08-01,576000,160
95,2014-09-01,633600,176
95,2014-10-01,633600,176
95,2014-11-01,576000,160
95,2014-12-01,432000,120
95,2015-01-01,489600,136
95,2015-02-01,317700,88.25
95,2015-03-01,288000,80
95,2015-04-01,576000,160
95,2015-05-01,489600,136
95,2015-06-01,604800,168
95,2015-07-01,460800,128
95,2015-08-01,604800,168
95,2015-09-01,633600,176
95,2015-10-01,604800,168
95,2015-11-01,604800,168
95,2015-12-01,374400,104
95,2016-01-01,547200,152
95,2016-02-01,403200,112
95,2016-03-01,604800,168
95,2016-04-01,172800,48
95,2016-05-01,403200,112
95,2016-06-01,633600,176
95,2016-07-01,604800,168
95,2016-08-01,633600,176
95,2016-09-01,633600,176
95,2016-10-01,489600,136
95,2016-11-01,621000,172.5
95,2016-12-01,444600,123.5
95,2017-01-01,547200,152
95,2017-02-01,489600,136
95,2017-03-01,576000,160
95,2017-04-01,518400,144
95,2017-05-01,374400,104
95,2017-06-01,504000,140
95,2017-07-01,576000,160
95,2017-08-01,633600,176
95,2017-09-01,354600,98.5
95,2017-10-01,547200,152
95,2017-11-01,553500,153.75
95,2017-12-01,157500,43.75
96,2014-05-01,593100,164.75
96,2014-06-01,558900,155.25
96,2014-07-01,636300,176.75
96,2014-08-01,572400,159
96,2014-09-01,392400,109
96,2014-10-01,573300,159.25
96,2014-11-01,551700,153.25
96,2014-12-01,432000,120
96,2015-01-01,518400,144
96,2015-02-01,547200,152
96,2015-03-01,316800,88
96,2015-04-01,576000,160
96,2015-05-01,432000,120
96,2015-06-01,576000,160
96,2015-07-01,604800,168
96,2015-08-01,403200,112
96,2015-09-01,518400,144
96,2015-10-01,633600,176
96,2015-11-01,604800,168
96,2015-12-01,403200,112
96,2016-01-01,259200,72
96,2016-02-01,403200,112
96,2016-03-01,518400,144
96,2016-04-01,403200,112
97,2014-05-01,577800,160.5
97,2014-06-01,432000,120
97,2014-07-01,547200,152
97,2014-08-01,430200,119.5
97,2014-09-01,633600,176
97,2014-10-01,656100,182.25
97,2014-11-01,586800,163
97,2014-12-01,499500,138.75
97,2015-01-01,459900,127.75
97,2015-02-01,434700,120.75
97,2015-03-01,547200,152
97,2015-04-01,428400,119
97,2015-05-01,286200,79.5
97,2015-06-01,410400,114
97,2015-07-01,625500,173.75
97,2015-08-01,610200,169.5
97,2015-09-01,637200,177
97,2015-10-01,674100,187.25
97,2015-11-01,610200,169.5
97,2015-12-01,436500,121.25
97,2016-01-01,547200,152
97,2016-02-01,518400,144
97,2016-03-01,460800,128
97,2016-04-01,172800,48
97,2016-05-01,432000,120
97,2016-06-01,664200,184.5
97,2016-07-01,344700,95.75
97,2016-08-01,639000,177.5
97,2016-09-01,518400,144
97,2016-10-01,371700,103.25
97,2016-11-01,593100,164.75
97,2016-12-01,475200,132
97,2017-01-01,594000,165
97,2017-02-01,356400,99
97,2017-03-01,633600,176
97,2017-04-01,420300,116.75
97,2017-05-01,515700,143.25
97,2017-06-01,432900,120.25
97,2017-07-01,402300,111.75
97,2017-08-01,548100,152.25
97,2017-09-01,287100,79.75
97,2017-10-01,576000,160
97,2017-11-01,604800,168
97,2017-12-01,360000,100
97,2018-01-01,518400,144
97,2018-02-01,374400,104
97,2018-03-01,528300,146.75
97,2018-04-01,594000,165
97,2018-05-01,460800,128
97,2018-06-01,490500,136.25
97,2018-07-01,260100,72.25
97,2018-08-01,458100,127.25
97,2018-09-01,433800,120.5
97,2018-10-01,633600,176
97,2018-11-01,708300,196.75
97,2018-12-01,386100,107.25
97,2019-01-01,518400,144
97,2019-02-01,489600,136
97,2019-03-01,436500,121.25
97,2019-04-01,323100,89.75
97,2019-05-01,472500,131.25
97,2019-06-01,466200,129.5
97,2019-07-01,489600,136
97,2019-08-01,263700,73.25
97,2019-09-01,355500,98.75
97,2019-10-01,248400,69
97,2019-11-01,287100,79.75
97,2019-12-01,225900,62.75
97,2020-01-01,0,0
97,2020-02-01,0,0
97,2021-02-01,144900,40.25
97,2021-03-01,162900,45.25
97,2021-04-01,103500,28.75
97,2021-05-01,86400,24
97,2021-06-01,0,0
97,2022-10-01,207000,57.5
97,2022-11-01,282600,78.5
97,2022-12-01,158400,44
97,2025-03-01,237600,66
97,2025-04-01,217800,60.5
97,2025-05-01,168300,46.75
97,2025-06-01,216000,60
97,2025-07-01,43200,12
98,2014-06-01,549900,152.75
98,2014-07-01,666900,185.25
98,2014-08-01,608400,169
98,2014-09-01,631800,175.5
98,2014-10-01,631800,175.5
98,2014-11-01,424800,118
98,2014-12-01,460800,128
98,2015-01-01,489600,136
98,2015-02-01,547200,152
98,2015-03-01,621000,172.5
98,2015-04-01,277200,77
98,2015-05-01,484200,134.5
98,2015-06-01,604800,168
98,2015-07-01,662400,184
98,2015-08-01,460800,128
98,2015-09-01,604800,168
98,2015-10-01,643500,178.75
98,2015-11-01,594900,165.25
98,2015-12-01,400500,111.25
98,2016-01-01,517500,143.75
98,2016-02-01,576000,160
98,2016-03-01,576000,160
98,2016-04-01,259200,72
98,2016-05-01,518400,144
98,2016-06-01,633600,176
98,2016-07-01,590400,164
98,2016-08-01,475200,132
98,2016-09-01,604800,168
98,2016-10-01,576000,160
98,2016-11-01,576000,160
98,2016-12-01,460800,128
98,2017-01-01,489600,136
98,2017-02-01,489600,136
98,2017-03-01,489600,136
98,2017-04-01,518400,144
98,2017-05-01,576000,160
98,2017-06-01,547200,152
98,2017-07-01,576000,160
98,2017-08-01,403200,112
98,2017-09-01,576000,160
98,2017-10-01,144000,40
98,2017-11-01,604800,168
98,2017-12-01,489600,136
98,2018-01-01,633600,176
98,2018-02-01,576000,160
98,2018-03-01,604800,168
98,2018-04-01,547200,152
98,2018-05-01,259200,72
98,2018-06-01,604800,168
98,2018-07-01,633600,176
98,2018-08-01,662400,184
98,2018-09-01,403200,112
98,2018-10-01,633600,176
98,2018-11-01,518400,144
98,2018-12-01,86400,24
98,2019-01-01,576000,160
98,2019-02-01,576000,160
98,2019-03-01,403200,112
98,2019-04-01,432000,120
98,2019-05-01,576000,160
98,2019-06-01,489600,136
98,2019-07-01,662400,184
98,2019-08-01,460800,128
98,2019-09-01,576000,160
98,2019-10-01,230400,64
98,2019-11-01,576000,160
98,2019-12-01,460800,128
98,2020-01-01,604800,168
98,2020-02-01,547200,152
98,2020-03-01,633600,176
98,2020-04-01,460800,128
98,2020-05-01,489600,136
98,2020-06-01,518400,144
98,2020-07-01,691200,192
98,2020-08-01,288000,80
98,2020-09-01,518400,144
98,2020-10-01,547200,152
98,2020-11-01,547200,152
98,2020-12-01,432000,120
98,2021-01-01,518400,144
98,2021-02-01,576000,160
98,2021-03-01,662400,184
98,2021-04-01,576000,160
98,2021-05-01,518400,144
98,2021-06-01,432000,120
98,2021-07-01,547200,152
98,2021-08-01,288000,80
98,2021-09-01,604800,168
98,2021-10-01,547200,152
98,2021-11-01,604800,168
98,2021-12-01,489600,136
98,2022-01-01,345600,96
98,2022-02-01,460800,128
98,2022-03-01,662400,184
98,2022-04-01,547200,152
98,2022-05-01,529200,147
98,2022-06-01,568800,158
98,2022-07-01,572400,159
98,2022-08-01,633600,176
98,2022-09-01,473400,131.5
98,2022-10-01,322200,89.5
98,2022-11-01,311400,86.5
98,2022-12-01,275400,76.5
98,2023-01-01,604800,168
98,2023-02-01,374400,104
98,2023-03-01,580500,161.25
98,2023-04-01,369900,102.75
99,2014-07-01,374400,104
99,2014-08-01,576000,160
99,2014-09-01,662400,184
99,2014-10-01,633600,176
99,2014-11-01,576000,160
99,2014-12-01,201600,56
99,2015-01-01,547200,152
99,2015-02-01,547200,152
99,2015-03-01,633600,176
99,2015-04-01,547200,152
99,2015-05-01,518400,144
99,2015-06-01,604800,168
99,2015-07-01,662400,184
99,2015-08-01,403200,112
99,2015-09-01,576000,160
99,2015-10-01,639000,177.5
99,2015-11-01,511200,142
99,2015-12-01,347400,96.5
99,2016-01-01,432000,120
99,2016-02-01,478800,133
99,2016-03-01,554400,154
99,2016-04-01,491400,136.5
99,2016-05-01,554400,154
99,2016-06-01,493200,137
99,2016-07-01,605700,168.25
99,2016-08-01,604800,168
99,2016-09-01,361800,100.5
99,2016-10-01,567300,157.58333333333334
99,2016-11-01,537600,149.33333333333334
99,2016-12-01,453600,126
99,2017-01-01,524100,145.58333333333334
99,2017-02-01,561300,155.91666666666666
99,2017-03-01,619800,172.16666666666666
99,2017-04-01,550800,153
99,2017-05-01,564300,156.75
99,2017-06-01,531600,147.66666666666666
99,2017-07-01,435300,120.91666666666667
99,2017-08-01,547200,152
99,2017-09-01,604800,168
99,2017-10-01,495600,137.66666666666666
99,2017-11-01,590100,163.91666666666666
99,2017-12-01,263700,73.25
99,2018-01-01,432000,120
100,2014-08-01,291900,81.08333333333333
100,2014-09-01,350400,97.33333333333333
102,2014-09-01,357300,99.25
102,2014-10-01,564300,156.75
102,2014-11-01,576000,160
102,2014-12-01,504000,140
102,2015-01-01,518400,144
102,2015-02-01,547200,152
102,2015-03-01,633600,176
102,2015-04-01,518400,144
102,2015-05-01,432000,120
102,2015-06-01,547200,152
102,2015-07-01,403200,112
102,2015-08-01,403200,112
102,2015-09-01,633600,176
102,2015-10-01,633600,176
102,2015-11-01,662400,184
102,2015-12-01,432000,120
102,2016-01-01,374400,104
102,2016-02-01,604800,168
102,2016-03-01,489600,136
102,2016-04-01,547200,152
102,2016-05-01,518400,144
102,2016-06-01,633600,176
102,2016-07-01,576000,160
102,2016-08-01,230400,64
102,2016-09-01,460800,128
102,2016-10-01,288000,80
102,2016-11-01,259200,72
102,2017-02-01,237600,66
103,2015-01-01,576000,160
103,2015-02-01,576000,160
103,2015-03-01,633600,176
103,2015-04-01,576000,160
103,2015-05-01,518400,144
103,2015-06-01,576000,160
103,2015-07-01,518400,144
103,2015-08-01,460800,128
103,2015-09-01,576000,160
103,2015-10-01,489600,136
103,2015-11-01,172800,48
103,2015-12-01,489600,136
103,2016-01-01,489600,136
103,2016-02-01,604800,168
103,2016-03-01,576000,160
103,2016-04-01,374400,104
103,2016-05-01,460800,128
103,2016-06-01,489600,136
103,2016-07-01,604800,168
103,2016-08-01,230400,64
103,2016-09-01,172800,48
104,2015-07-01,633600,176
104,2015-08-01,547200,152
104,2015-09-01,518400,144
104,2015-10-01,756360,210.1
104,2015-11-01,504900,140.25
104,2015-12-01,236700,65.75
106,2015-01-01,90000,25
106,2015-02-01,136800,38
106,2015-03-01,108000,30
106,2015-04-01,160200,44.5
106,2015-05-01,117900,32.75
106,2015-06-01,145500,40.416666666666664
106,2015-07-01,175500,48.75
106,2015-08-01,44100,12.25
107,2015-08-01,169200,47
107,2015-09-01,313200,87
107,2015-10-01,284400,79
107,2015-11-01,255600,71
107,2015-12-01,169200,47
107,2016-01-01,163800,45.5
107,2016-02-01,156600,43.5
107,2016-03-01,113400,31.5
107,2016-04-01,56400,15.666666666666666
107,2016-05-01,72000,20
108,2015-01-01,82200,22.833333333333332
108,2015-02-01,117060,32.516666666666666
108,2015-03-01,116100,32.25
108,2015-04-01,90900,25.25
108,2015-05-01,116100,32.25
108,2015-06-01,159600,44.333333333333336
108,2015-07-01,116100,32.25
108,2015-08-01,117000,32.5
109,2015-09-01,125100,34.75
109,2015-10-01,164700,45.75
109,2015-11-01,134100,37.25
109,2015-12-01,105300,29.25
109,2016-01-01,135000,37.5
109,2016-02-01,58500,16.25
110,2015-01-01,61200,17
110,2015-02-01,61200,17
110,2015-03-01,97200,27
110,2015-04-01,43200,12
110,2015-05-01,61200,17
110,2015-06-01,75600,21
110,2015-07-01,100800,28
110,2015-08-01,25200,7
110,2015-09-01,158400,44
110,2015-10-01,158400,44
110,2015-11-01,135000,37.5
110,2015-12-01,122400,34
110,2016-01-01,118800,33
110,2016-02-01,153900,42.75
110,2016-03-01,32400,9
110,2016-04-01,153900,42.75
110,2016-05-01,113400,31.5
110,2016-06-01,162000,45
110,2016-07-01,306000,85
110,2016-08-01,270000,75
110,2016-09-01,289800,80.5
110,2016-10-01,292500,81.25
110,2016-11-01,291600,81
110,2016-12-01,256200,71.16666666666667
110,2017-01-01,217200,60.333333333333336
110,2017-02-01,218100,60.583333333333336
110,2017-03-01,325500,90.41666666666667
110,2017-04-01,216300,60.083333333333336
110,2017-05-01,307800,85.5
110,2017-06-01,162300,45.083333333333336
110,2017-07-01,313200,87
110,2017-08-01,255900,71.08333333333333
110,2017-09-01,217800,60.5
110,2017-10-01,259500,72.08333333333333
110,2017-11-01,390300,108.41666666666667
110,2017-12-01,269700,74.91666666666667
110,2018-01-01,396000,110
110,2018-02-01,435600,121
110,2018-03-01,450000,125
110,2018-04-01,432000,120
110,2018-05-01,378000,105
110,2018-06-01,432000,120
110,2018-07-01,464400,129
110,2018-08-01,255600,71
110,2018-09-01,302400,84
110,2018-10-01,432000,120
110,2018-11-01,410400,114
110,2018-12-01,350100,97.25
110,2019-01-01,383400,106.5
110,2019-02-01,433800,120.5
110,2019-03-01,392400,109
110,2019-04-01,396900,110.25
110,2019-05-01,433800,120.5
110,2019-06-01,324000,90
110,2019-07-01,504000,140
110,2019-08-01,162000,45
110,2019-09-01,324000,90
110,2019-10-01,522000,145
110,2019-11-01,414000,115
110,2019-12-01,270000,75
110,2020-01-01,414000,115
110,2020-02-01,432000,120
110,2020-03-01,450000,125
110,2020-04-01,378000,105
110,2020-05-01,396000,110
110,2020-06-01,360000,100
110,2020-07-01,504000,140
110,2020-08-01,234000,65
110,2020-09-01,450000,125
110,2020-10-01,486000,135
110,2020-11-01,288000,80
110,2020-12-01,324000,90
110,2021-01-01,378000,105
110,2021-02-01,432000,120
110,2021-03-01,468000,130
110,2021-04-01,414000,115
110,2021-05-01,396000,110
110,2021-06-01,432000,120
110,2021-07-01,396000,110
110,2021-08-01,288000,80
110,2021-09-01,450000,125
110,2021-10-01,324000,90
110,2021-11-01,378000,105
110,2021-12-01,342000,95
110,2022-01-01,324000,90
110,2022-02-01,432000,120
110,2022-03-01,504000,140
110,2022-04-01,306000,85
110,2022-05-01,468000,130
110,2022-06-01,270000,75
110,2022-07-01,468000,130
110,2022-08-01,396000,110
110,2022-09-01,414000,115
110,2022-10-01,324000,90
110,2022-11-01,450000,125
110,2022-12-01,342000,95
110,2023-01-01,378000,105
110,2023-02-01,342000,95
110,2023-03-01,486000,135
110,2023-04-01,306000,85
110,2023-05-01,432000,120
110,2023-06-01,270000,75
110,2023-07-01,324000,90
110,2023-08-01,198000,55
110,2023-09-01,378000,105
110,2023-10-01,360000,100
110,2023-11-01,446400,124
110,2023-12-01,342000,95
110,2024-01-01,288000,80
110,2024-02-01,450000,125
110,2024-03-01,396000,110
110,2024-04-01,432000,120
110,2024-05-01,306000,85
110,2024-06-01,450000,125
110,2024-07-01,540000,150
110,2024-08-01,198000,55
110,2024-09-01,432000,120
110,2024-11-01,378000,105
110,2024-12-01,324000,90
110,2025-01-01,414000,115
110,2025-02-01,450000,125
110,2025-03-01,450000,125
110,2025-04-01,396000,110
110,2025-05-01,432000,120
110,2025-06-01,252000,70
110,2025-07-01,54900,15.25
111,2015-01-01,151200,42
111,2015-02-01,108000,30
111,2015-03-01,149400,41.5
111,2015-04-01,73800,20.5
111,2015-05-01,156600,43.5
111,2015-08-01,79200,22
111,2015-09-01,43200,12
111,2015-10-01,144000,40
112,2016-07-01,609300,169.25
112,2016-08-01,649800,180.5
112,2016-09-01,637500,177.08333333333334
112,2016-10-01,588300,163.41666666666666
112,2016-11-01,599400,166.5
112,2016-12-01,342900,95.25
112,2017-01-01,554400,154
112,2017-02-01,396000,110
112,2017-03-01,667800,185.5
112,2017-04-01,340200,94.5
112,2017-05-01,579600,161
112,2017-06-01,572400,159
112,2017-07-01,468000,130
112,2017-08-01,655200,182
112,2017-09-01,604800,168
112,2017-10-01,518400,144
112,2017-11-01,489600,136
112,2017-12-01,403200,112
112,2018-01-01,325800,90.5
112,2018-02-01,473400,131.5
112,2018-03-01,352800,98
112,2018-04-01,432000,120
112,2018-05-01,432000,120
112,2018-06-01,403200,112
112,2018-07-01,633600,176
112,2018-08-01,691200,192
112,2018-09-01,259200,72
112,2018-10-01,576000,160
112,2018-11-01,498600,138.5
112,2018-12-01,394200,109.5
112,2019-01-01,460800,128
112,2019-02-01,550800,153
112,2019-03-01,601200,167
112,2019-04-01,385200,107
112,2019-05-01,421200,117
112,2019-06-01,522000,145
112,2019-07-01,558000,155
112,2019-08-01,648000,180
112,2019-09-01,518400,144
112,2019-10-01,403200,112
112,2019-11-01,446400,124
112,2019-12-01,417600,116
112,2020-01-01,460800,128
112,2020-02-01,576000,160
112,2020-03-01,633600,176
112,2020-04-01,460800,128
112,2020-05-01,630000,175
112,2020-06-01,442800,123
112,2020-07-01,655200,182
112,2020-08-01,604800,168
112,2020-09-01,612000,170
112,2020-10-01,482400,134
112,2020-11-01,324000,90
112,2020-12-01,396000,110
112,2021-01-01,540000,150
112,2021-02-01,525600,146
112,2021-03-01,633600,176
112,2021-04-01,576000,160
112,2021-05-01,550800,153
112,2021-06-01,342000,95
112,2021-07-01,633600,176
112,2021-08-01,637200,177
112,2021-09-01,558000,155
112,2021-10-01,216000,60
112,2021-11-01,576000,160
112,2021-12-01,432000,120
112,2022-01-01,403200,112
112,2022-02-01,576000,160
112,2022-03-01,432000,120
112,2022-04-01,547200,152
112,2022-05-01,590400,164
112,2022-06-01,590400,164
112,2022-07-01,489600,136
112,2022-08-01,684000,190
112,2022-09-01,468000,130
112,2022-10-01,403200,112
112,2022-11-01,594000,165
112,2022-12-01,385200,107
112,2023-01-01,460800,128
112,2023-02-01,403200,112
112,2023-03-01,669600,186
112,2023-04-01,453600,126
112,2023-05-01,547200,152
112,2023-06-01,489600,136
112,2023-07-01,460800,128
112,2023-08-01,676800,188
112,2023-09-01,619200,172
112,2023-10-01,172800,48
112,2023-11-01,662400,184
112,2023-12-01,316800,88
112,2024-01-01,432000,120
112,2024-02-01,345600,96
112,2024-03-01,547200,152
112,2024-04-01,662400,184
112,2024-05-01,345600,96
112,2024-06-01,489600,136
112,2024-07-01,518400,144
112,2024-08-01,648000,180
112,2024-09-01,648000,180
112,2024-10-01,345600,96
112,2024-11-01,576000,160
112,2024-12-01,288000,80
112,2025-01-01,547200,152
112,2025-02-01,547200,152
112,2025-03-01,576000,160
112,2025-04-01,604800,168
112,2025-05-01,518400,144
112,2025-06-01,298800,83
112,2025-07-01,115200,32
113,2016-07-01,614700,170.75
113,2016-08-01,650700,180.75
113,2016-09-01,630900,175.25
113,2016-10-01,403200,112
113,2016-11-01,604800,168
113,2016-12-01,489600,136
113,2017-01-01,612000,170
113,2017-02-01,576000,160
113,2017-03-01,360000,100
113,2017-04-01,540000,150
113,2017-05-01,576000,160
113,2017-06-01,504000,140
113,2017-07-01,604800,168
113,2017-08-01,374400,104
113,2017-09-01,547200,152
113,2017-10-01,374400,104
113,2017-11-01,604800,168
113,2017-12-01,460800,128
113,2018-01-01,576000,160
113,2018-02-01,547200,152
113,2018-03-01,606000,168.33333333333334
113,2018-04-01,414000,115
113,2018-05-01,396000,110
113,2018-06-01,612000,170
113,2018-07-01,486000,135
113,2018-08-01,666000,185
113,2018-09-01,576000,160
113,2018-10-01,201600,56
113,2018-11-01,540000,150
113,2018-12-01,450000,125
113,2019-01-01,460800,128
113,2019-02-01,576000,160
113,2019-03-01,604800,168
113,2019-04-01,547200,152
113,2019-05-01,316800,88
113,2019-06-01,460800,128
113,2021-07-01,630000,175
113,2021-08-01,630000,175
113,2021-09-01,486000,135
113,2021-10-01,489600,136
113,2021-11-01,558000,155
113,2021-12-01,468000,130
113,2022-01-01,460800,128
113,2022-02-01,576000,160
113,2022-03-01,576000,160
113,2022-04-01,446400,124
113,2022-05-01,475200,132
113,2022-06-01,432000,120
113,2022-07-01,504000,140
113,2022-08-01,216000,60
113,2022-09-01,489600,136
113,2022-10-01,489600,136
113,2022-11-01,489600,136
113,2022-12-01,289440,80.4
113,2023-01-01,288000,80
113,2023-02-01,446400,124
113,2023-03-01,590400,164
113,2023-04-01,432000,120
113,2023-05-01,417600,116
113,2023-06-01,504000,140
113,2023-07-01,518400,144
113,2023-08-01,201600,56
113,2023-09-01,532800,148
113,2023-10-01,561600,156
113,2023-11-01,547200,152
113,2023-12-01,426240,118.4
113,2024-01-01,252000,70
113,2024-02-01,558000,155
113,2024-03-01,486000,135
113,2024-04-01,540000,150
113,2024-05-01,504000,140
113,2024-06-01,522000,145
113,2024-07-01,468000,130
113,2024-08-01,270000,75
113,2024-09-01,558000,155
113,2024-10-01,558000,155
113,2024-11-01,504000,140
113,2024-12-01,404640,112.4
113,2025-01-01,306000,85
113,2025-02-01,468000,130
113,2025-03-01,522000,145
113,2025-04-01,522000,145
114,2016-07-01,316800,88
114,2016-08-01,662400,184
114,2016-09-01,633600,176
114,2016-10-01,576000,160
114,2016-11-01,604800,168
114,2016-12-01,547200,152
114,2017-01-01,432000,120
114,2017-02-01,549900,152.75
114,2017-03-01,720000,200
114,2017-04-01,473400,131.5
114,2017-05-01,647100,179.75
114,2017-06-01,547200,152
114,2017-07-01,432000,120
114,2017-08-01,316800,88
114,2017-09-01,547200,152
114,2017-10-01,489600,136
114,2017-11-01,604800,168
114,2017-12-01,374400,104
114,2018-01-01,432000,120
114,2018-02-01,576000,160
114,2018-03-01,489600,136
114,2018-04-01,432000,120
114,2018-05-01,460800,128
114,2018-06-01,518400,144
114,2018-07-01,620100,172.25
114,2018-08-01,585000,162.5
114,2018-09-01,592200,164.5
114,2018-10-01,639000,177.5
114,2018-11-01,580500,161.25
114,2018-12-01,424800,118
114,2019-01-01,529200,147
114,2019-02-01,580500,161.25
114,2019-03-01,350100,97.25
114,2019-04-01,427500,118.75
114,2019-05-01,432000,120
114,2019-06-01,405900,112.75
114,2019-07-01,696600,193.5
114,2019-08-01,621000,172.5
114,2019-09-01,473400,131.5
114,2019-10-01,633600,176
114,2019-11-01,600300,166.75
114,2019-12-01,426600,118.5
114,2020-01-01,509400,141.5
114,2020-02-01,413100,114.75
114,2020-03-01,666000,185
114,2020-04-01,591300,164.25
114,2020-05-01,525600,146
114,2020-06-01,573300,159.25
114,2020-07-01,639000,177.5
114,2020-08-01,518400,144
114,2020-09-01,459900,127.75
114,2020-10-01,348300,96.75
114,2020-11-01,607500,168.75
114,2020-12-01,397800,110.5
114,2021-01-01,489600,136
114,2021-02-01,576000,160
114,2021-03-01,576000,160
114,2021-04-01,576000,160
114,2021-05-01,547200,152
114,2021-06-01,489600,136
114,2021-07-01,604800,168
114,2021-08-01,144000,40
114,2021-10-01,576000,160
114,2021-11-01,604800,168
114,2021-12-01,489600,136
114,2022-01-01,547200,152
114,2022-02-01,576000,160
114,2022-03-01,662400,184
114,2022-04-01,518400,144
114,2022-05-01,273600,76
115,2016-08-01,381600,106
115,2016-09-01,684000,190
115,2016-10-01,626400,174
115,2016-11-01,613800,170.5
115,2016-12-01,430200,119.5
115,2017-01-01,543600,151
115,2017-02-01,619200,172
115,2017-03-01,712800,198
115,2017-04-01,534600,148.5
115,2017-05-01,649800,180.5
115,2017-06-01,230400,64
115,2017-07-01,625500,173.75
115,2017-08-01,675000,187.5
115,2017-09-01,576000,160
115,2017-10-01,486000,135
115,2017-11-01,452700,125.75
115,2017-12-01,230400,64
115,2018-01-01,489600,136
115,2018-02-01,576000,160
115,2018-03-01,547200,152
115,2018-04-01,432000,120
115,2018-05-01,518400,144
115,2018-06-01,460800,128
115,2018-07-01,633600,176
115,2018-08-01,633600,176
115,2018-09-01,288000,80
115,2018-10-01,551700,153.25
115,2018-11-01,456000,126.66666666666667
115,2018-12-01,432000,120
115,2019-01-01,522000,145
115,2019-02-01,594000,165
115,2019-03-01,558000,155
115,2019-04-01,435600,121
115,2019-05-01,612000,170
115,2019-06-01,486000,135
115,2019-07-01,651600,181
115,2019-08-01,316800,88
115,2019-09-01,0,0
116,2016-09-01,633600,176
116,2016-10-01,576000,160
116,2016-11-01,604800,168
116,2016-12-01,604800,168
116,2017-01-01,547200,152
116,2017-02-01,576000,160
116,2017-03-01,662400,184
116,2017-04-01,518400,144
116,2017-05-01,403200,112
116,2017-06-01,518400,144
116,2017-07-01,604800,168
116,2017-08-01,345600,96
116,2017-10-01,194400,54
116,2017-11-01,691200,192
116,2017-12-01,36000,10
116,2018-01-01,489600,136
116,2018-02-01,460800,128
116,2018-03-01,489600,136
116,2018-04-01,460800,128
116,2018-05-01,345600,96
116,2018-06-01,432000,120
116,2018-07-01,374400,104
116,2018-08-01,518400,144
116,2018-09-01,259200,72
116,2018-10-01,28800,8
116,2020-01-01,236700,65.75
116,2020-02-01,317700,88.25
116,2020-03-01,235800,65.5
116,2020-04-01,423000,117.5
116,2020-05-01,268200,74.5
116,2020-06-01,309600,86
116,2020-07-01,406800,113
116,2020-08-01,109800,30.5
116,2020-09-01,426600,118.5
116,2020-10-01,384300,106.75
116,2020-11-01,184500,51.25
116,2020-12-01,37800,10.5
116,2021-01-01,288000,80
116,2021-02-01,158400,44
116,2021-08-01,0,0
117,2016-11-01,604800,168
117,2016-12-01,489600,136
117,2017-01-01,518400,144
117,2017-02-01,547200,152
117,2017-03-01,662400,184
117,2017-04-01,460800,128
117,2017-05-01,576000,160
117,2017-06-01,547200,152
117,2017-07-01,288000,80
117,2017-08-01,662400,184
117,2017-09-01,576000,160
117,2017-10-01,576000,160
117,2017-11-01,604800,168
117,2017-12-01,144000,40
117,2018-01-01,316800,88
117,2018-02-01,518400,144
117,2018-03-01,489600,136
117,2018-04-01,488700,135.75
117,2018-05-01,597600,166
117,2018-06-01,615600,171
117,2018-07-01,592200,164.5
117,2018-08-01,443700,123.25
117,2018-09-01,583200,162
117,2018-10-01,455400,126.5
117,2018-11-01,586800,163
117,2018-12-01,288000,80
117,2019-01-01,633600,176
117,2019-02-01,403200,112
117,2019-03-01,586800,163
117,2019-04-01,345600,96
117,2019-05-01,219600,61
117,2020-10-01,333000,92.5
117,2020-11-01,253800,70.5
117,2020-12-01,176400,49
117,2021-01-01,338400,94
117,2021-02-01,240300,66.75
117,2021-03-01,310500,86.25
117,2021-04-01,280800,78
117,2021-05-01,278100,77.25
117,2021-06-01,138600,38.5
117,2021-07-01,299700,83.25
117,2021-08-01,216000,60
117,2021-09-01,316800,88
117,2021-10-01,518400,144
117,2021-11-01,414720,115.2
117,2021-12-01,362880,100.8
117,2022-01-01,243000,67.5
117,2022-02-01,338400,94
117,2022-03-01,273600,76
117,2022-04-01,232200,64.5
117,2022-05-01,158400,44
117,2022-06-01,288000,80
117,2022-07-01,273600,76
117,2022-08-01,439200,122
117,2022-09-01,446400,124
117,2022-10-01,417600,116
117,2022-11-01,351000,97.5
117,2022-12-01,286200,79.5
117,2023-01-01,259200,72
118,2016-10-01,324900,90.25
118,2016-11-01,605700,168.25
118,2016-12-01,538200,149.5
118,2017-01-01,489600,136
118,2017-02-01,576000,160
118,2017-03-01,662400,184
118,2017-04-01,518400,144
118,2017-05-01,576000,160
118,2017-06-01,576000,160
118,2017-07-01,604800,168
118,2017-08-01,518400,144
118,2017-09-01,460800,128
118,2017-10-01,518400,144
118,2017-11-01,403200,112
118,2017-12-01,432000,120
118,2018-01-01,489600,136
118,2018-02-01,489600,136
118,2018-03-01,518400,144
118,2018-04-01,522000,145
118,2018-05-01,489600,136
118,2018-06-01,518400,144
118,2018-07-01,547200,152
118,2018-08-01,432000,120
118,2018-09-01,547200,152
118,2018-10-01,230400,64
118,2018-11-01,518400,144
118,2018-12-01,432000,120
118,2019-01-01,547200,152
118,2019-02-01,518400,144
118,2019-03-01,525600,146
118,2019-04-01,244800,68
120,2017-01-01,288000,80
120,2017-02-01,270900,75.25
120,2017-03-01,288000,80
120,2017-04-01,144000,40
120,2017-05-01,288000,80
120,2017-06-01,252000,70
120,2017-07-01,270000,75
120,2017-08-01,126000,35
120,2017-09-01,306000,85
120,2017-10-01,144000,40
120,2017-11-01,306000,85
120,2017-12-01,180000,50
120,2018-01-01,345600,96
120,2018-02-01,194400,54
120,2018-03-01,374400,104
120,2018-04-01,129600,36
120,2018-05-01,64800,18
120,2018-06-01,288000,80
120,2018-08-01,97200,27
120,2018-09-01,149400,41.5
121,2017-02-01,547200,152
121,2017-03-01,662400,184
121,2017-04-01,518400.00000000006,144.00000000000003
121,2017-05-01,547200,152
121,2017-06-01,576000,160
121,2017-07-01,604800,168
121,2017-08-01,662400,184
121,2017-09-01,460800,128
121,2017-10-01,547200,152
121,2017-11-01,604800,168
121,2017-12-01,259200,72
121,2018-01-01,374400,104
121,2018-02-01,518400,144
121,2018-03-01,608400,169
121,2018-04-01,518400,144
121,2018-05-01,576000,160
121,2018-06-01,446400,124
121,2018-07-01,576000,160
121,2018-08-01,576000,160
121,2018-09-01,547200,152
121,2018-10-01,345600,96
121,2018-11-01,604800,168
121,2018-12-01,288000,80
121,2019-01-01,576000,160
121,2019-02-01,489600,136
121,2019-03-01,576000,160
121,2019-04-01,432000,120
121,2019-05-01,604800,168
121,2019-06-01,518400,144
121,2019-07-01,576000,160
121,2019-08-01,576000,160
121,2019-09-01,518400,144
121,2019-10-01,345600,96
121,2019-11-01,576000,160
121,2019-12-01,432000,120
121,2020-01-01,576000,160
121,2020-02-01,432000,120
121,2020-03-01,633600,176
121,2020-04-01,576000,160
121,2020-05-01,288000,80
122,2017-02-01,576000,160
122,2017-03-01,788400,219
122,2017-04-01,518400,144
122,2017-05-01,576000,160
122,2017-06-01,587700,163.25
122,2017-07-01,619200,172
122,2017-08-01,648000,180
122,2017-09-01,489600,136
122,2017-10-01,279900,77.75
122,2017-11-01,489600,136
122,2017-12-01,417600,116
122,2018-01-01,255600,71
123,2017-03-01,667800,185.5
123,2017-04-01,516900,143.58333333333334
123,2017-05-01,609300,169.25
123,2017-06-01,525600,146
123,2017-07-01,576000,160
123,2017-08-01,604200,167.83333333333334
123,2017-09-01,288000,80
123,2017-10-01,538200,149.5
123,2017-11-01,607500,168.75
123,2017-12-01,423000,117.5
123,2018-01-01,518400,144
123,2018-02-01,547200,152
123,2018-03-01,228600,63.5
123,2018-04-01,518400,144
123,2018-05-01,550800,153
123,2018-06-01,576000,160
123,2018-07-01,630000,175
123,2018-08-01,324000,90
123,2018-09-01,576000,160
123,2018-10-01,630000,175
123,2018-11-01,576000,160
123,2018-12-01,468000,130
123,2019-01-01,630000,175
123,2019-02-01,594000,165
123,2019-03-01,630000,175
123,2019-04-01,450000,125
123,2019-05-01,255600,71
123,2019-06-01,464400,129
123,2019-07-01,664200,184.5
123,2019-08-01,489600,136
123,2019-09-01,576000,160
123,2019-10-01,576000,160
123,2019-11-01,594000,165
123,2019-12-01,403200,112
123,2020-01-01,612000,170
123,2020-02-01,540000,150
123,2020-03-01,612000,170
123,2020-04-01,540000,150
123,2020-05-01,489600,136
123,2020-06-01,172800,48
124,2017-03-01,633600,176
124,2017-04-01,518400,144
124,2017-05-01,604800,168
124,2017-06-01,547200,152
124,2017-07-01,604800,168
124,2017-08-01,633600,176
124,2017-09-01,590400,164
124,2017-10-01,201600,56
124,2017-11-01,619200,172
124,2017-12-01,417600,116
124,2018-01-01,633600,176
124,2018-02-01,374400,104
124,2018-03-01,600300,166.75
124,2018-04-01,599400,166.5
124,2018-05-01,522000,145
124,2018-06-01,558000,155
124,2018-07-01,612000,170
124,2018-08-01,648000,180
124,2018-09-01,504000,140
124,2018-10-01,180000,50
124,2018-11-01,527400,146.5
124,2018-12-01,432900,120.25
124,2019-01-01,567600,157.66666666666666
124,2019-02-01,450000,125
124,2019-03-01,508800,141.33333333333334
124,2019-04-01,576000,160
124,2019-05-01,576000,160
124,2019-06-01,460800,128
124,2019-07-01,460800,128
124,2019-08-01,741600,206
124,2019-09-01,423900,117.75
124,2019-10-01,496800,138
124,2019-11-01,526500,146.25
124,2019-12-01,403200,112
124,2020-01-01,590400,164
124,2020-02-01,454500,126.25
124,2020-03-01,475200,132
124,2020-04-01,633600,176
124,2020-05-01,380700,105.75
124,2020-06-01,518400,144
124,2020-07-01,604800,168
124,2020-08-01,662400,184
124,2020-09-01,576000,160
124,2020-10-01,518400,144
124,2020-11-01,604800,168
124,2020-12-01,259200,72
124,2021-01-01,547200,152
124,2021-02-01,518400,144
124,2021-03-01,518400,144
124,2021-04-01,489600,136
124,2021-05-01,489600,136
124,2021-06-01,547200,152
124,2021-07-01,460800,128
124,2021-08-01,604800,168
124,2021-09-01,576000,160
124,2021-10-01,460800,128
124,2021-11-01,489600,136
124,2021-12-01,345600,96
124,2022-01-01,547200,152
124,2022-02-01,547200,152
124,2022-03-01,547200,152
124,2022-04-01,345600,96
124,2022-05-01,604800,168
124,2022-06-01,576000,160
124,2022-07-01,172800,48
124,2022-08-01,662400,184
124,2022-09-01,576000,160
124,2022-10-01,460800,128
124,2022-11-01,576000,160
124,2022-12-01,316800,88
124,2023-01-01,633600,176
124,2023-02-01,374400,104
124,2023-03-01,547200,152
124,2023-04-01,489600,136
124,2023-05-01,489600,136
124,2023-06-01,172800,48
124,2023-07-01,604800,168
124,2023-08-01,662400,184
124,2023-09-01,604800,168
124,2023-10-01,547200,152
124,2023-11-01,522000,145
124,2024-01-01,633600,176
124,2024-02-01,288000,80
124,2024-03-01,576000,160
124,2024-04-01,460800,128
124,2024-05-01,518400,144
124,2024-06-01,489600,136
124,2024-07-01,518400,144
124,2024-08-01,259200,72
124,2024-09-01,604800,168
124,2024-10-01,633600,176
124,2024-11-01,518400,144
124,2024-12-01,432000,120
124,2025-01-01,459900,127.75
124,2025-02-01,677700,188.25
124,2025-03-01,781200,217
124,2025-04-01,675000,187.5
124,2025-05-01,0,0
124,2025-06-01,0,0
124,2025-07-01,0,0
126,2017-03-01,374400,104
126,2017-04-01,518400,144
126,2017-05-01,604800,168
126,2017-06-01,489600,136
126,2017-07-01,432000,120
126,2017-08-01,662400,184
126,2017-09-01,604800,168
126,2017-10-01,576000,160
126,2017-11-01,345600,96
126,2017-12-01,403200,112
126,2018-01-01,709200,197
126,2018-02-01,601200,167
126,2018-03-01,640800,178
126,2018-04-01,430200,119.5
126,2018-05-01,527400,146.5
126,2018-06-01,567000,157.5
126,2018-07-01,432000,120
126,2018-08-01,576000,160
126,2018-09-01,579600,161
126,2018-10-01,576000,160
126,2018-11-01,288000,80
126,2018-12-01,432000,120
126,2019-01-01,589500,163.75
126,2019-02-01,583200,162
126,2019-03-01,624600,173.5
126,2019-04-01,518400,144
126,2019-05-01,527400,146.5
126,2019-06-01,489600,136
126,2019-07-01,432000,120
126,2019-08-01,554400,154
126,2019-09-01,609300,169.25
126,2019-10-01,329400,91.5
126,2019-11-01,576000,160
126,2019-12-01,415800,115.5
126,2020-01-01,547200,152
126,2020-02-01,576000,160
126,2020-03-01,316800,88
126,2020-04-01,580500,161.25
126,2020-05-01,535500,148.75
126,2020-06-01,572400,159
126,2020-07-01,513000,142.5
126,2020-08-01,452700,125.75
126,2020-09-01,630000,175
126,2020-10-01,320400,89
126,2020-11-01,594900,165.25
126,2020-12-01,437400,121.5
126,2021-01-01,489600,136
126,2021-02-01,547200,152
126,2021-03-01,547200,152
126,2021-04-01,230400,64
126,2022-06-01,270000,75
126,2022-07-01,247500,68.75
126,2022-08-01,306000,85
126,2022-09-01,361800,100.5
126,2022-10-01,316800,88
126,2022-11-01,324900,90.25
126,2022-12-01,198000,55
126,2023-01-01,292500,81.25
126,2023-02-01,292500,81.25
126,2023-03-01,382500,106.25
126,2023-04-01,270000,75
126,2023-05-01,360000,100
126,2023-06-01,337500,93.75
126,2023-07-01,388800,108
126,2023-08-01,244800,68
126,2023-09-01,360000,100
126,2023-10-01,333900,92.75
126,2023-11-01,180000,50
126,2023-12-01,270000,75
126,2024-01-01,337500,93.75
126,2024-02-01,297000,82.5
126,2024-03-01,329400,91.5
126,2024-04-01,342900,95.25
126,2024-05-01,212400,59
126,2024-06-01,387000,107.5
126,2024-07-01,437400,121.5
126,2024-08-01,184500,51.25
126,2024-09-01,393300,109.25
126,2024-10-01,343800,95.5
126,2024-11-01,335700,93.25
126,2024-12-01,246600,68.5
126,2025-01-01,315000,87.5
126,2025-02-01,388800,108
126,2025-03-01,380700,105.75
126,2025-04-01,296100,82.25
126,2025-05-01,264600,73.5
126,2025-06-01,337500,93.75
126,2025-07-01,83700,23.25
127,2017-04-01,495000,137.5
127,2017-05-01,23400,6.5
128,2016-10-01,88200,24.5
128,2016-11-01,144000,40
128,2016-12-01,97200,27
128,2017-01-01,139500,38.75
128,2017-02-01,117000,32.5
128,2017-03-01,126000,35
128,2017-04-01,160200,44.5
128,2017-05-01,106200,29.5
128,2017-06-01,154800,43
128,2017-07-01,125100,34.75
128,2017-08-01,115200,32
128,2017-09-01,145800,40.5
128,2017-10-01,56700,15.75
128,2017-11-01,149400,41.5
128,2017-12-01,108000,30
128,2018-01-01,97200,27
128,2018-02-01,90000,25
128,2018-03-01,101700,28.25
128,2018-04-01,135000,37.5
128,2018-05-01,133200,37
128,2018-06-01,108900,30.25
128,2018-07-01,91800,25.5
129,2016-10-01,66600,18.5
129,2016-11-01,142200,39.5
129,2016-12-01,106200,29.5
129,2017-01-01,157500,43.75
129,2017-02-01,144000,40
129,2017-03-01,84600,23.5
129,2017-04-01,133200,37
129,2017-05-01,169200,47
129,2017-06-01,144000,40
129,2017-07-01,144000,40
129,2017-08-01,108000,30
129,2017-09-01,122400,34
129,2017-10-01,129600,36
129,2017-11-01,140400,39
129,2017-12-01,104400,29
129,2018-01-01,126000,35
129,2018-02-01,49500,13.75
129,2018-03-01,72000,20
129,2018-04-01,145800,40.5
129,2018-05-01,106200,29.5
129,2018-06-01,98100,27.25
130,2016-06-01,198000,55
130,2016-07-01,120600,33.5
130,2016-08-01,160200,44.5
130,2016-09-01,109800,30.5
130,2016-10-01,158400,44
130,2016-11-01,162000,45
130,2016-12-01,142200,39.5
130,2017-01-01,127800,35.5
130,2017-03-01,162000,45
130,2017-04-01,154800,43
130,2017-05-01,155700,43.25
130,2017-06-01,154800,43
132,2017-06-01,590400,164
132,2017-07-01,604800,168
132,2017-08-01,684000,190
132,2017-09-01,626400,174
132,2017-10-01,576000,160
132,2017-11-01,518400,144
132,2017-12-01,403200,112
132,2018-01-01,547200,152
132,2018-02-01,518400,144
132,2018-03-01,547200,152
132,2018-04-01,403200,112
132,2018-05-01,576000,160
132,2018-06-01,511200,142
132,2018-07-01,259200,72
132,2018-08-01,651600,181
132,2018-09-01,565200,157
132,2018-10-01,489600,136
132,2018-11-01,579600,161
132,2018-12-01,219600,61
132,2019-01-01,504000,140
132,2019-02-01,576000,160
132,2019-03-01,576000,160
132,2019-04-01,522000,145
132,2019-05-01,558000,155
132,2019-06-01,450000,125
132,2019-07-01,594000,165
132,2019-08-01,378000,105
132,2019-09-01,558000,155
132,2019-10-01,576000,160
132,2019-11-01,576000,160
132,2019-12-01,252000,70
132,2020-01-01,522000,145
132,2020-02-01,468000,130
132,2020-03-01,594000,165
132,2020-04-01,540000,150
132,2020-05-01,522000,145
132,2020-06-01,342000,95
132,2020-07-01,594000,165
132,2020-08-01,468000,130
132,2020-09-01,648000,180
132,2020-10-01,558000,155
132,2020-11-01,504000,140
132,2020-12-01,360000,100
132,2021-01-01,522000,145
132,2021-02-01,558000,155
132,2021-03-01,594000,165
132,2021-04-01,504000,140
132,2021-05-01,504000,140
132,2021-06-01,432000,120
132,2021-07-01,450000,125
132,2022-10-01,486000,135
132,2022-11-01,468000,130
132,2022-12-01,234000,65
132,2023-01-01,388800,108
132,2023-02-01,471600,131
132,2023-03-01,396000,110
132,2023-04-01,288000,80
132,2023-05-01,489600,136
132,2023-06-01,432000,120
132,2023-07-01,547200,152
132,2023-08-01,288000,80
132,2023-09-01,576000,160
132,2023-10-01,576000,160
132,2023-11-01,489600,136
132,2023-12-01,331200,92
132,2024-01-01,522000,145
132,2024-02-01,576000,160
132,2024-03-01,486000,135
132,2024-04-01,378000,105
132,2024-05-01,378000,105
132,2024-06-01,558000,155
132,2024-07-01,540000,150
132,2024-08-01,414000,115
132,2024-09-01,579600,161
132,2024-10-01,630000,175
132,2024-11-01,345600,96
132,2024-12-01,252000,70
132,2025-01-01,558000,155
132,2025-02-01,543600,151
132,2025-03-01,576000,160
132,2025-04-01,342000,95
132,2025-05-01,327600,91
132,2025-06-01,288000,80
133,2017-07-01,604800,168
133,2017-08-01,604800,168
133,2017-09-01,604800,168
133,2017-10-01,518400,144
133,2017-11-01,547200,152
133,2017-12-01,403200,112
133,2018-01-01,460800,128
133,2018-02-01,576000,160
133,2018-03-01,230400,64
133,2018-04-01,432000,120
133,2018-05-01,547200,152
133,2018-06-01,460800,128
133,2018-07-01,633600,176
133,2018-08-01,374400,104
133,2018-09-01,576000,160
133,2018-10-01,633600,176
133,2018-11-01,604800,168
133,2018-12-01,259200,72
133,2019-01-01,547200,152
133,2019-02-01,547200,152
133,2019-03-01,547200,152
133,2019-04-01,576000,160
133,2019-05-01,576000,160
133,2019-06-01,450000,125
133,2019-07-01,576000,160
133,2019-08-01,576000,160
133,2019-09-01,490500,136.25
133,2019-10-01,201600,56
133,2019-11-01,576000,160
133,2019-12-01,432000,120
133,2020-01-01,558000,155
133,2020-02-01,576000,160
133,2020-03-01,648000,180
133,2020-04-01,612000,170
133,2020-05-01,576000,160
133,2020-06-01,432000,120
133,2020-07-01,576000,160
133,2020-08-01,162000,45
134,2017-10-01,520200,144.5
134,2017-11-01,616500,171.25
134,2017-12-01,447300,124.25
134,2018-01-01,547200,152
134,2018-02-01,495900,137.75
134,2018-03-01,523800,145.5
134,2018-04-01,576000,160
134,2018-05-01,172800,48
134,2018-06-01,593100,164.75
134,2018-07-01,633600,176
134,2018-08-01,662400,184
134,2018-09-01,288000,80
134,2018-10-01,316800,88
134,2018-11-01,604800,168
134,2018-12-01,432000,120
134,2019-01-01,633600,176
134,2019-02-01,403200,112
134,2019-03-01,599400,166.5
134,2019-04-01,403200,112
134,2019-05-01,523800,145.5
134,2019-06-01,432000,120
134,2019-07-01,662400,184
134,2019-08-01,489600,136
134,2019-09-01,518400,144
134,2019-10-01,604800,168
134,2019-11-01,576000,160
134,2019-12-01,144000,40
134,2020-01-01,576000,160
134,2020-02-01,576000,160
134,2020-03-01,576000,160
134,2020-04-01,576000,160
134,2020-05-01,360000,100
134,2020-06-01,576000,160
134,2020-07-01,666000,185
134,2020-08-01,576000,160
134,2020-09-01,345600,96
134,2020-10-01,576000,160
134,2020-11-01,577800,160.5
134,2020-12-01,469800,130.5
134,2021-01-01,557100,154.75
134,2021-02-01,576000,160
134,2021-03-01,576000,160
134,2021-04-01,547200,152
134,2021-05-01,489600,136
134,2021-06-01,576000,160
134,2021-07-01,633600,176
134,2021-08-01,432000,120
134,2021-09-01,489600,136
134,2021-10-01,604800,168
134,2021-11-01,605700,168.25
134,2021-12-01,345600,96
134,2022-01-01,432000,120
134,2022-02-01,580500,161.25
134,2022-03-01,662400,184
134,2022-04-01,403200,112
134,2022-05-01,605700,168.25
134,2022-06-01,355500,98.75
134,2022-07-01,370800,103
134,2022-08-01,362700,100.75
134,2022-09-01,633600,176
134,2022-10-01,259200,72
134,2023-01-01,518400,144
134,2023-02-01,489600,136
134,2023-03-01,662400,184
134,2023-04-01,518400,144
134,2023-05-01,518400,144
134,2023-06-01,576000,160
134,2023-07-01,547200,152
134,2023-08-01,576000,160
134,2023-09-01,172800,48
134,2023-12-01,187200,52
134,2024-01-01,230400,64
134,2024-02-01,244800,68
134,2024-03-01,216000,60
134,2024-04-01,288000,80
134,2024-05-01,201600,56
134,2024-06-01,169200,47
134,2024-07-01,273600,76
134,2024-08-01,259200,72
134,2024-09-01,360000,100
134,2024-10-01,475200,132
134,2024-11-01,388800,108
134,2024-12-01,237600,66
134,2025-01-01,237600,66
134,2025-02-01,432000,120
134,2025-03-01,453600,126
134,2025-04-01,345600,96
134,2025-05-01,432000,120
134,2025-06-01,194400,54
134,2025-07-01,43200,12
135,2017-10-01,549900,152.75
135,2017-11-01,631800,175.5
135,2017-12-01,457200,127
135,2018-01-01,604800,168
135,2018-02-01,518400,144
135,2018-03-01,576000,160
135,2018-04-01,432000,120
135,2018-05-01,547200,152
135,2018-06-01,547200,152
135,2018-07-01,388800,108
135,2018-08-01,237600,66
135,2018-09-01,259200,72
135,2018-10-01,475200,132
135,2018-11-01,414000,115
135,2018-12-01,363600,101
135,2019-01-01,541800,150.5
135,2019-02-01,516600,143.5
135,2019-03-01,438300,121.75
135,2019-04-01,367200,102
135,2019-05-01,540900,150.25
135,2019-06-01,441000,122.5
135,2019-07-01,602100,167.25
135,2019-08-01,406800,113
135,2019-09-01,172800,48
135,2019-10-01,528300,146.75
135,2019-11-01,450900,125.25
135,2019-12-01,284400,79
135,2020-01-01,432900,120.25
135,2020-02-01,283500,78.75
135,2020-03-01,495900,137.75
135,2020-04-01,499500,138.75
135,2020-05-01,466200,129.5
135,2020-06-01,507600,141
135,2020-07-01,460800,128
135,2020-08-01,339300,94.25
135,2020-09-01,411300,114.25
135,2020-10-01,387900,107.75
135,2020-11-01,529200,147
135,2020-12-01,477900,132.75
135,2021-01-01,582300,161.75
135,2021-02-01,479700,133.25
135,2021-03-01,589500,163.75
135,2021-04-01,390600,108.5
135,2021-05-01,389700,108.25
135,2021-06-01,338400,94
135,2021-07-01,535500,148.75
135,2021-08-01,135900,37.75
135,2021-09-01,501300,139.25
135,2021-10-01,558000,155
135,2021-11-01,474300,131.75
135,2021-12-01,342000,95
135,2022-01-01,504000,140
138,2018-02-01,0,0
145,2017-11-01,59400,16.5
145,2017-12-01,113400,31.5
145,2018-01-01,648000,180
145,2018-02-01,648000,180
145,2018-03-01,342000,95
145,2018-04-01,486000,135
145,2018-05-01,324000,90
145,2018-06-01,522000,145
145,2018-07-01,522000,145
145,2018-08-01,162000,45
145,2018-09-01,468000,130
145,2018-10-01,522000,145
145,2018-11-01,486000,135
145,2018-12-01,396000,110
145,2019-01-01,493200,137
145,2019-02-01,518400,144
145,2019-03-01,468000,130
145,2019-04-01,288000,80
145,2019-09-01,414900,115.25
145,2019-10-01,216000,60
145,2019-11-01,203400,56.5
145,2019-12-01,61200,17
145,2020-01-01,252000,70
145,2020-02-01,252000,70
145,2020-03-01,252000,70
145,2020-04-01,252000,70
145,2020-05-01,252000,70
145,2020-06-01,288000,80
145,2020-07-01,324000,90
145,2020-08-01,108000,30
145,2020-09-01,288000,80
145,2020-10-01,317700,88.25
145,2020-11-01,394200,109.5
145,2020-12-01,117900,32.75
145,2021-01-01,461700,128.25
145,2021-02-01,378900,105.25
145,2021-03-01,546300,151.75
145,2021-04-01,424800,118
145,2021-05-01,435000,120.83333333333333
145,2021-06-01,454500,126.25
145,2021-07-01,569700,158.25
145,2021-08-01,185400,51.5
145,2021-09-01,609300,169.25
145,2021-10-01,315900,87.75
145,2021-11-01,496800,138
145,2021-12-01,282600,78.5
145,2022-01-01,390600,108.5
145,2022-02-01,435600,121
145,2022-03-01,488700,135.75
145,2022-04-01,419400,116.5
145,2022-05-01,418500,116.25
145,2022-06-01,288000,80
145,2022-07-01,496800,138
145,2022-08-01,191700,53.25
145,2022-09-01,568800,158
145,2022-10-01,495900,137.75
145,2022-11-01,409500,113.75
145,2022-12-01,266580,74.05
145,2023-01-01,432000,120
145,2023-02-01,303300,84.25
145,2023-03-01,576900,160.25
145,2023-04-01,410400,114
145,2023-05-01,500400,139
145,2023-06-01,383400,106.5
145,2023-07-01,546300,151.75
145,2023-08-01,225000,62.5
145,2023-09-01,505800,140.5
145,2023-10-01,556200,154.5
145,2023-11-01,408600,113.5
145,2023-12-01,361620,100.45
145,2024-01-01,477900,132.75
145,2024-02-01,611100,169.75
145,2024-03-01,478800,133
145,2024-04-01,533700,148.25
145,2024-05-01,341100,94.75
145,2024-06-01,499500,138.75
145,2024-07-01,593100,164.75
145,2024-08-01,211500,58.75
145,2024-09-01,593100,164.75
145,2024-10-01,501300,139.25
145,2024-11-01,410400,114
145,2024-12-01,399060,110.85
145,2025-01-01,558000,155
145,2025-02-01,477900,132.75
145,2025-03-01,533700,148.25
145,2025-04-01,677700,188.25
145,2025-05-01,261000,72.5
145,2025-06-01,113400,31.5
147,2017-12-01,333000,92.5
147,2018-01-01,604800,168
147,2018-02-01,547200,152
147,2018-03-01,639000,177.5
147,2018-04-01,576000,160
147,2018-05-01,518400,144
147,2018-06-01,576000,160
147,2018-07-01,432000,120
147,2018-08-01,628200,174.5
147,2018-09-01,259200,72
147,2018-10-01,547200,152
147,2018-11-01,691200,192
147,2018-12-01,403200,112
147,2019-01-01,460800,128
147,2019-02-01,576000,160
147,2019-03-01,533700,148.25
147,2019-04-01,572400,159
147,2019-05-01,666000,185
147,2019-06-01,497700,138.25
147,2019-07-01,657900,182.75
147,2019-08-01,526500,146.25
147,2019-09-01,171000,47.5
147,2019-10-01,683100,189.75
147,2019-11-01,545400,151.5
147,2019-12-01,344700,95.75
147,2020-01-01,565200,157
147,2020-02-01,601200,167
147,2020-03-01,511200,142
147,2020-04-01,576000,160
147,2020-05-01,505800,140.5
147,2020-06-01,639000,177.5
147,2020-07-01,675000,187.5
147,2020-08-01,306000,85
147,2020-09-01,382500,106.25
147,2020-10-01,599400,166.5
147,2020-11-01,587700,163.25
147,2020-12-01,387000,107.5
147,2021-01-01,541800,150.5
147,2021-02-01,577800,160.5
147,2021-03-01,603000,167.5
147,2021-04-01,654300,181.75
147,2021-05-01,688500,191.25
147,2021-06-01,585000,162.5
147,2021-07-01,317700,88.25
147,2021-08-01,527400,146.5
147,2021-09-01,629100,174.75
147,2021-10-01,338400,94
147,2021-11-01,643500,178.75
147,2021-12-01,287100,79.75
147,2022-01-01,518400,144
147,2022-02-01,589500,163.75
147,2022-03-01,672300,186.75
147,2022-04-01,505800,140.5
147,2022-05-01,710100,197.25
147,2022-06-01,565200,157
147,2022-07-01,492300,136.75
147,2022-08-01,495900,137.75
147,2022-09-01,285300,79.25
147,2022-10-01,554400,154
147,2022-11-01,586800,163
147,2022-12-01,331200,92
147,2023-01-01,493200,137
147,2023-02-01,550800,153
147,2023-03-01,586800,163
147,2023-04-01,293400,81.5
147,2023-05-01,631800,175.5
147,2023-06-01,745200,207
147,2023-07-01,523800,145.5
147,2023-08-01,475200,132
147,2023-09-01,555300,154.25
147,2023-10-01,594000,165
147,2023-11-01,565200,157
147,2023-12-01,321300,89.25
147,2024-01-01,215100,59.75
147,2024-02-01,638100,177.25
147,2024-03-01,621000,172.5
147,2024-04-01,738000,205
147,2024-05-01,603000,167.5
147,2024-06-01,520200,144.5
147,2024-07-01,593100,164.75
147,2024-08-01,402300,111.75
147,2024-09-01,561600,156
147,2024-10-01,395100,109.75
147,2024-11-01,594000,165
147,2024-12-01,303300,84.25
147,2025-01-01,627300,174.25
147,2025-02-01,585000,162.5
147,2025-03-01,262800,73
147,2025-04-01,451800,125.5
147,2025-05-01,686700,190.75
147,2025-06-01,540900,150.25
147,2025-07-01,85500,23.75
148,2017-08-01,162000,45
148,2017-09-01,162000,45
148,2017-10-01,162000,45
148,2017-11-01,162000,45
148,2017-12-01,162000,45
148,2018-01-01,134100,37.25
148,2018-02-01,153000,42.5
148,2018-03-01,104400,29
148,2018-04-01,110700,30.75
148,2018-05-01,162000,45
148,2018-06-01,152100,42.25
148,2018-07-01,135000,37.5
148,2018-08-01,145800,40.5
148,2018-09-01,86400,24
149,2017-12-01,172800,48
149,2018-01-01,655200,182
149,2018-02-01,410400,114
149,2018-03-01,604800,168
149,2018-04-01,460800,128
149,2018-05-01,518400,144
149,2018-06-01,604800,168
149,2018-07-01,468000,130
149,2018-08-01,613800,170.5
149,2018-09-01,637200,177
149,2018-10-01,448200,124.5
149,2018-11-01,458100,127.25
149,2018-12-01,398700,110.75
149,2019-01-01,619200,172
149,2019-02-01,561600,156
149,2019-03-01,518400,144
149,2019-04-01,576000,160
149,2019-05-01,576000,160
149,2019-06-01,345600,96
149,2019-07-01,662400,184
149,2019-08-01,633600,176
149,2019-09-01,604800,168
149,2019-10-01,432000,120
149,2019-11-01,345600,96
149,2019-12-01,394200,109.5
149,2020-01-01,604800,168
149,2020-02-01,571500,158.75
149,2020-03-01,675000,187.5
149,2020-04-01,469800,130.5
149,2020-05-01,548100,152.25
149,2020-06-01,588600,163.5
149,2020-07-01,584100,162.25
149,2020-08-01,495900,137.75
149,2020-09-01,536400,149
149,2020-10-01,503100,139.75
149,2020-11-01,483300,134.25
149,2020-12-01,304200,84.5
149,2021-01-01,560700,155.75
149,2021-02-01,579600,161
149,2021-03-01,583200,162
149,2021-04-01,551700,153.25
149,2021-05-01,495000,137.5
149,2021-06-01,569700,158.25
149,2021-07-01,341100,94.75
149,2021-08-01,603000,167.5
149,2021-09-01,352800,98
149,2021-10-01,374400,104
149,2022-12-01,18000,5
149,2023-01-01,169200,47
149,2023-02-01,155700,43.25
149,2023-03-01,113400,31.5
149,2023-04-01,121500,33.75
149,2023-05-01,183600,51
149,2023-06-01,246600,68.5
149,2023-07-01,302400,84
149,2023-08-01,311400,86.5
149,2023-09-01,186300,51.75
149,2023-10-01,220500,61.25
149,2023-11-01,268200,74.5
149,2023-12-01,205200,57
149,2024-01-01,332100,92.25
149,2024-02-01,281700,78.25
149,2024-03-01,267300,74.25
149,2024-04-01,322200,89.5
149,2024-05-01,157500,43.75
149,2024-06-01,345600,96
149,2024-07-01,43200,12
150,2018-01-01,633600,176
150,2018-02-01,518400,144
150,2018-03-01,518400,144
150,2018-04-01,462600,128.5
150,2018-05-01,459000,127.5
150,2018-06-01,471600,131
150,2018-07-01,421200,117
150,2018-08-01,322200,89.5
150,2018-09-01,441000,122.5
150,2018-10-01,592200,164.5
150,2018-11-01,502200,139.5
150,2018-12-01,403200,112
150,2019-01-01,518400,144
150,2019-02-01,174600,48.5
150,2019-03-01,558900,155.25
150,2019-04-01,513000,142.5
150,2019-05-01,576000,160
150,2019-06-01,460800,128
150,2019-07-01,547200,152
150,2019-08-01,316800,88
150,2019-09-01,292500,81.25
150,2019-10-01,102600,28.5
150,2019-11-01,417600,116
150,2019-12-01,194400,54
150,2020-01-01,486000,135
150,2020-02-01,288000,80
150,2020-03-01,504000,140
150,2020-04-01,414000,115
150,2020-05-01,306000,85
150,2020-06-01,468000,130
150,2020-07-01,504000,140
150,2020-08-01,234000,65
150,2020-09-01,0,0
151,2018-01-01,633600,176
151,2018-02-01,576000,160
151,2018-03-01,604800,168
151,2018-04-01,604800,168
151,2018-05-01,547200,152
151,2018-06-01,590400,164
151,2018-07-01,642600,178.5
151,2018-08-01,222000,61.666666666666664
151,2018-09-01,547200,152
151,2018-10-01,522000,145
151,2018-11-01,576000,160
151,2018-12-01,306000,85
151,2019-01-01,360000,100
151,2019-02-01,576000,160
151,2019-03-01,576000,160
151,2019-04-01,540000,150
151,2019-05-01,504000,140
151,2019-06-01,473400,131.5
151,2019-07-01,633600,176
151,2019-08-01,316800,88
151,2019-09-01,388800,108
152,2018-01-01,273600,76
152,2018-02-01,345600,96
152,2018-03-01,288000,80
152,2018-04-01,576000,160
152,2018-05-01,547200,152
152,2018-06-01,604800,168
152,2018-07-01,576000,160
152,2018-08-01,662400,184
152,2018-09-01,518400,144
152,2018-10-01,576000,160
152,2018-11-01,604800,168
152,2018-12-01,345600,96
152,2019-01-01,314100,87.25
152,2019-02-01,638100,177.25
152,2019-03-01,500400,139
152,2019-04-01,622800,173
152,2019-05-01,558000,155
152,2019-06-01,486900,135.25
152,2019-07-01,547200,152
152,2019-08-01,369000,102.5
152,2019-09-01,631800,175.5
152,2019-10-01,603000,167.5
152,2019-11-01,500400,139
152,2019-12-01,365400,101.5
152,2020-01-01,532800,148
152,2020-02-01,536400,149
152,2020-03-01,576000,160
152,2020-04-01,509400,141.5
152,2020-05-01,577800,160.5
152,2020-06-01,522000,145
152,2020-07-01,576000,160
152,2020-08-01,374400,104
152,2020-09-01,547200,152
152,2020-10-01,576000,160
152,2020-11-01,604800,168
152,2020-12-01,489600,136
152,2021-01-01,547200,152
152,2021-02-01,576000,160
152,2021-03-01,662400,184
152,2021-04-01,489600,136
152,2021-05-01,345600,96
152,2021-06-01,604800,168
152,2021-07-01,576000,160
152,2021-08-01,316800,88
152,2021-09-01,259200,72
152,2021-10-01,374400,104
152,2021-11-01,604800,168
152,2021-12-01,432000,120
152,2022-01-01,576000,160
152,2022-02-01,576000,160
152,2022-03-01,662400,184
152,2022-04-01,547200,152
152,2022-05-01,604800,168
152,2022-06-01,460800,128
152,2022-07-01,489600,136
152,2022-08-01,518400,144
152,2022-09-01,489600,136
152,2022-10-01,403200,112
152,2022-11-01,604800,168
152,2022-12-01,201600,56
152,2023-01-01,489600,136
152,2023-02-01,576000,160
152,2023-03-01,518400,144
152,2023-04-01,518400,144
152,2023-05-01,489600,136
152,2023-06-01,547200,152
152,2023-07-01,547200,152
152,2023-08-01,288000,80
152,2023-09-01,576000,160
152,2023-10-01,604800,168
152,2023-11-01,604800,168
152,2023-12-01,460800,128
152,2024-01-01,633600,176
152,2024-02-01,511200,142
152,2024-03-01,288000,80
152,2024-04-01,316800,88
152,2024-05-01,187200,52
152,2024-06-01,288000,80
152,2024-07-01,331200,92
152,2024-08-01,244800,68
152,2024-09-01,288000,80
152,2024-10-01,259200,72
152,2024-11-01,288000,80
152,2024-12-01,151200,42
152,2025-01-01,216000,60
152,2025-02-01,144000,40
152,2025-03-01,288000,80
152,2025-04-01,331200,92
152,2025-05-01,259200,72
152,2025-06-01,201600,56
153,2018-01-01,604800,168
153,2018-02-01,576000,160
153,2018-03-01,547200,152
153,2018-04-01,547200,152
153,2018-05-01,489600,136
153,2018-06-01,576000,160
153,2018-07-01,316800,88
153,2018-08-01,576000,160
153,2018-09-01,432000,120
153,2018-10-01,604800,168
153,2018-11-01,432000,120
153,2018-12-01,518400,144
153,2019-01-01,547200,152
153,2019-02-01,460800,128
153,2019-03-01,433800,120.5
153,2019-04-01,302400,84
153,2019-05-01,403200,112
153,2019-06-01,331200,92
153,2019-07-01,378000,105
154,2018-01-01,483300,134.25
154,2018-02-01,537300,149.25
154,2018-03-01,640800,178
154,2018-04-01,613800,170.5
154,2018-05-01,547200,152
154,2018-06-01,604800,168
154,2018-07-01,547200,152
154,2018-08-01,576000,160
154,2018-09-01,496800,138
154,2018-10-01,657000,182.5
154,2018-11-01,604800,168
154,2018-12-01,345600,96
154,2019-01-01,599400,166.5
154,2019-02-01,633600,176
154,2019-03-01,592200,164.5
154,2019-04-01,356400,99
154,2019-05-01,549000,152.5
154,2019-06-01,495000,137.5
154,2019-07-01,693000,192.5
154,2019-08-01,333000,92.5
154,2019-09-01,716400,199
154,2019-10-01,467100,129.75
154,2019-11-01,432000,120
154,2019-12-01,324900,90.25
154,2020-01-01,405000,112.5
154,2020-02-01,576000,160
154,2020-03-01,648000,180
154,2020-04-01,531000,147.5
154,2020-05-01,547200,152
154,2020-06-01,576000,160
154,2020-07-01,378000,105
154,2020-08-01,358200,99.5
154,2020-09-01,594000,165
154,2020-10-01,613800,170.5
154,2020-11-01,576000,160
154,2020-12-01,331200,92
154,2021-01-01,500400,139
154,2021-02-01,572400,159
154,2021-03-01,662400,184
154,2021-04-01,453600,126
154,2021-05-01,543600,151
154,2021-06-01,453600,126
154,2021-07-01,500400,139
155,2018-01-01,379800,105.5
155,2018-02-01,442800,123
155,2018-03-01,451800,125.5
155,2018-04-01,572400,159
155,2018-05-01,338400,94
155,2018-06-01,576000,160
155,2018-07-01,630000,175
155,2018-08-01,378000,105
155,2018-09-01,549000,152.5
155,2018-10-01,544500,151.25
155,2018-11-01,580500,161.25
155,2018-12-01,414000,115
155,2019-01-01,612900,170.25
155,2019-02-01,550800,153
155,2019-03-01,416700,115.75
155,2019-04-01,586800,163
155,2019-05-01,555300,154.25
155,2019-06-01,146700,40.75
155,2019-07-01,684900,190.25
155,2019-08-01,333900,92.75
156,2018-03-01,604800,168
157,2018-04-01,576000,160
157,2018-05-01,460800,128
157,2018-06-01,547200,152
157,2018-07-01,604800,168
157,2018-08-01,662400,184
157,2018-09-01,576000,160
157,2018-10-01,489600,136
157,2018-11-01,619200,172
157,2018-12-01,331200,92
157,2019-01-01,529200,147
157,2019-02-01,565200,157
157,2019-03-01,288000,80
157,2019-04-01,489600,136
157,2019-05-01,604800,168
157,2019-06-01,489600,136
157,2019-07-01,662400,184
157,2019-08-01,201600,56
157,2019-09-01,446400,124
157,2019-10-01,561600,156
157,2019-11-01,576000,160
157,2019-12-01,432000,120
157,2020-01-01,518400,144
157,2020-02-01,576000,160
157,2020-03-01,460800,128
157,2020-04-01,547200,152
157,2020-05-01,547200,152
157,2020-06-01,576000,160
157,2020-07-01,662400,184
157,2020-08-01,316800,88
157,2020-09-01,460800,128
157,2020-10-01,633600,176
157,2020-11-01,604800,168
157,2020-12-01,259200,72
157,2021-01-01,489600,136
157,2021-02-01,576000,160
157,2021-03-01,576000,160
157,2021-04-01,489600,136
157,2021-05-01,489600,136
157,2021-06-01,604800,168
157,2021-07-01,604800,168
157,2021-08-01,432000,120
157,2021-09-01,489600,136
157,2021-10-01,604800,168
157,2021-11-01,604800,168
157,2021-12-01,374400,104
157,2022-01-01,460800,128
157,2022-02-01,576000,160
157,2022-03-01,489600,136
157,2022-04-01,518400,144
157,2022-05-01,604800,168
157,2022-06-01,489600,136
157,2022-07-01,576000,160
157,2022-08-01,403200,112
157,2022-09-01,403200,112
157,2022-10-01,460800,128
157,2022-11-01,698400,194
157,2022-12-01,396000,110
157,2023-01-01,432000,120
157,2023-02-01,576000,160
157,2023-03-01,576000,160
157,2023-04-01,489600,136
157,2023-05-01,582300,161.75
157,2023-06-01,640800,178
157,2023-07-01,504000,140
157,2023-08-01,201600,56
157,2023-09-01,576000,160
157,2023-10-01,518400,144
157,2023-11-01,604800,168
157,2023-12-01,374400,104
159,2018-04-01,576000,160
159,2018-05-01,547200,152
159,2018-06-01,432000,120
159,2018-07-01,604800,168
159,2018-08-01,662400,184
159,2018-09-01,547200,152
159,2018-10-01,547200,152
159,2018-11-01,559800,155.5
159,2018-12-01,419400,116.5
159,2019-01-01,374400,104
159,2019-02-01,403200,112
159,2019-03-01,547200,152
159,2019-04-01,432000,120
159,2019-05-01,259200,72
160,2018-04-01,576000,160
160,2018-05-01,547200,152
160,2018-06-01,604800,168
160,2018-07-01,648000,180
160,2018-08-01,522000,145
160,2018-09-01,540000,150
160,2018-10-01,594000,165
160,2018-11-01,576000,160
160,2018-12-01,288000,80
160,2019-01-01,547200,152
160,2019-02-01,345600,96
161,2018-04-01,403200,112
161,2018-05-01,277200,77
161,2018-06-01,378000,105
161,2018-07-01,126000,35
162,2018-04-01,133200,37
162,2018-05-01,133200,37
162,2018-06-01,133200,37
162,2018-07-01,135000,37.5
162,2018-08-01,135000,37.5
162,2018-09-01,34200,9.5
163,2018-05-01,555300,154.25
163,2018-06-01,654300,181.75
163,2018-07-01,554400,154
163,2018-08-01,367200,102
163,2018-09-01,581400,161.5
163,2018-10-01,662400,184
163,2018-11-01,414900,115.25
163,2018-12-01,415800,115.5
163,2019-01-01,561600,156
163,2019-02-01,449100,124.75
163,2019-03-01,435600,121
163,2019-04-01,435600,121
163,2019-05-01,595800,165.5
163,2019-06-01,214200,59.5
163,2019-07-01,558000,155
163,2019-08-01,196200,54.5
163,2019-09-01,356400,99
163,2019-10-01,518400,144
163,2019-11-01,404100,112.25
163,2019-12-01,148500,41.25
164,2018-05-01,547200,152
164,2018-06-01,604800,168
164,2018-07-01,633600,176
164,2018-08-01,662400,184
164,2018-09-01,576000,160
164,2018-10-01,633600,176
164,2018-11-01,576000,160
164,2018-12-01,216000,60
164,2019-01-01,576000,160
164,2019-02-01,576000,160
164,2019-03-01,460800,128
164,2019-04-01,504000,140
164,2019-05-01,576000,160
164,2019-06-01,270000,75
164,2019-07-01,306000,85
164,2019-08-01,576000,160
164,2019-09-01,450000,125
164,2019-10-01,648000,180
164,2019-11-01,594000,165
164,2019-12-01,324000,90
164,2020-01-01,612000,170
164,2020-02-01,504000,140
164,2020-03-01,576000,160
164,2020-04-01,396000,110
164,2020-05-01,144000,40
164,2021-04-01,345600,96
164,2021-05-01,324000,90
164,2021-06-01,180000,50
164,2021-07-01,360000,100
164,2021-08-01,360000,100
164,2021-09-01,324000,90
164,2021-10-01,360000,100
164,2021-11-01,540000,150
164,2021-12-01,396000,110
164,2022-01-01,403200,112
164,2022-02-01,460800,128
164,2022-03-01,604800,168
164,2022-04-01,554400,154
164,2022-05-01,288000,80
164,2022-06-01,547200,152
164,2022-07-01,561600,156
164,2022-08-01,288000,80
164,2023-11-01,468000,130
164,2023-12-01,216000,60
164,2024-01-01,378000,105
164,2024-02-01,450000,125
164,2024-03-01,432000,120
164,2024-04-01,360000,100
164,2024-05-01,252000,70
164,2024-06-01,396000,110
164,2024-07-01,414000,115
164,2024-08-01,234000,65
164,2024-09-01,414000,115
164,2024-10-01,324000,90
164,2024-11-01,324000,90
164,2024-12-01,288000,80
164,2025-01-01,360000,100
164,2025-02-01,468000,130
164,2025-03-01,504000,140
164,2025-04-01,396000,110
164,2025-05-01,234000,65
164,2025-06-01,342000,95
165,2018-07-01,630000,175
165,2018-08-01,612000,170
165,2018-09-01,612000,170
165,2018-10-01,576000,160
165,2018-11-01,522000,145
165,2018-12-01,342000,95
165,2019-01-01,648000,180
165,2019-02-01,450000,125
165,2019-03-01,306000,85
165,2019-04-01,450000,125
165,2019-05-01,558000,155
165,2019-06-01,504000,140
165,2019-07-01,432000,120
165,2019-08-01,288000,80
165,2019-09-01,612000,170
165,2019-10-01,504000,140
165,2019-11-01,468000,130
165,2019-12-01,324000,90
165,2020-01-01,323100,89.75
165,2020-02-01,67500,18.75
165,2020-03-01,0,0
166,2018-06-01,594000,165
166,2018-07-01,644400,179
166,2018-08-01,662400,184
166,2018-09-01,534600,148.5
166,2018-10-01,444600,123.5
166,2018-11-01,576000,160
166,2018-12-01,432000,120
166,2019-01-01,522000,145
166,2019-02-01,540000,150
166,2019-03-01,432000,120
166,2019-04-01,576000,160
166,2019-05-01,576000,160
166,2019-06-01,460800,128
166,2019-07-01,630000,175
166,2019-08-01,550800,153
166,2019-09-01,316800,88
166,2019-10-01,604800,168
166,2019-11-01,518400,144
166,2019-12-01,432000,120
166,2020-01-01,514800,143
166,2020-02-01,561600,156
166,2020-03-01,612000,170
166,2020-04-01,597600,166
166,2020-05-01,563400,156.5
166,2020-06-01,399600,111
166,2020-07-01,547200,152
166,2020-08-01,451800,125.5
166,2020-09-01,633600,176
166,2020-10-01,604800,168
166,2020-11-01,568800,158
166,2020-12-01,410400,114
166,2021-01-01,432000,120
166,2021-02-01,669600,186
166,2021-03-01,547200,152
166,2021-04-01,460800,128
166,2021-05-01,489600,136
166,2021-06-01,547200,152
166,2021-07-01,633600,176
166,2021-08-01,288000,80
166,2021-09-01,547200,152
166,2021-10-01,403200,112
166,2021-11-01,374400,104
166,2021-12-01,403200,112
166,2022-01-01,460800,128
166,2022-02-01,547200,152
166,2022-03-01,590400,164
166,2022-04-01,532800,148
166,2022-05-01,435600,121
166,2022-06-01,352800,98
166,2022-07-01,619200,172
166,2022-08-01,565200,157
166,2022-09-01,399600,111
166,2022-10-01,378000,105
166,2022-11-01,628200,174.5
166,2022-12-01,451800,125.5
166,2023-01-01,441000,122.5
166,2023-02-01,585000,162.5
166,2023-03-01,671400,186.5
166,2023-04-01,502200,139.5
166,2023-05-01,568800,158
166,2023-06-01,477000,132.5
166,2023-07-01,554400,154
166,2023-08-01,653400,181.5
166,2023-09-01,586800,163
166,2023-10-01,338400,94
166,2023-11-01,514800,143
166,2023-12-01,327600,91
166,2024-01-01,531000,147.5
166,2024-02-01,469800,130.5
166,2024-03-01,556200,154.5
166,2024-04-01,453600,126
166,2024-05-01,484200,134.5
166,2024-06-01,541800,150.5
166,2024-07-01,666000,185
166,2024-08-01,531000,147.5
166,2024-09-01,415800,115.5
166,2024-10-01,552600,153.5
166,2024-11-01,495000,137.5
166,2024-12-01,351000,97.5
166,2025-01-01,540000,150
166,2025-02-01,118800,33
166,2025-03-01,599400,166.5
166,2025-04-01,567000,157.5
166,2025-05-01,505800,140.5
166,2025-06-01,239400,66.5
167,2018-06-01,617400,171.5
167,2018-07-01,633600,176
167,2018-08-01,678600,188.5
167,2018-09-01,489600,136
167,2018-10-01,460800,128
167,2018-11-01,547200,152
167,2018-12-01,403200,112
167,2019-01-01,619200,172
167,2019-02-01,444600,123.5
167,2019-03-01,289800,80.5
167,2019-04-01,576000,160
167,2019-05-01,561600,156
167,2019-06-01,432000,120
167,2019-07-01,653400,181.5
167,2019-08-01,529200,147
167,2019-09-01,428400,119
167,2019-10-01,509400,141.5
167,2019-11-01,565200,157
167,2019-12-01,399600,111
167,2020-01-01,619200,172
167,2020-02-01,543600,151
167,2020-03-01,648000,180
167,2020-04-01,518400,144
167,2020-05-01,522000,145
167,2020-06-01,460800,128
167,2020-07-01,669600,186
167,2020-08-01,403200,112
167,2020-09-01,374400,104
167,2020-10-01,633600,176
167,2020-11-01,612000,170
167,2020-12-01,432000,120
167,2021-01-01,489600,136
167,2021-02-01,576000,160
167,2021-03-01,633600,176
167,2021-04-01,289800,80.5
167,2021-05-01,489600,136
167,2021-06-01,518400,144
167,2021-07-01,576000,160
167,2021-08-01,288000,80
167,2021-10-01,230400,64
167,2021-11-01,576000,160
167,2021-12-01,316800,88
167,2022-01-01,230400,64
167,2022-05-01,162000,45
167,2022-06-01,270000,75
167,2022-07-01,378000,105
167,2022-08-01,513000,142.5
167,2022-09-01,243000,67.5
167,2022-10-01,394200,109.5
167,2022-11-01,460800,128
167,2022-12-01,277200,77
167,2023-01-01,450000,125
167,2023-02-01,471600,131
167,2023-03-01,506700,140.75
167,2023-04-01,403200,112
167,2023-05-01,336600,93.5
167,2023-06-01,439200,122
167,2023-07-01,497700,138.25
167,2023-08-01,250200,69.5
167,2023-09-01,499500,138.75
167,2023-10-01,480600,133.5
167,2023-11-01,408600,113.5
167,2023-12-01,347940,96.65
167,2024-01-01,396000,110
167,2024-02-01,495000,137.5
167,2024-03-01,421200,117
167,2024-04-01,448200,124.5
167,2024-10-01,385200,107
167,2024-11-01,306000,85
167,2024-12-01,326700,90.75
167,2025-01-01,414900,115.25
167,2025-02-01,441000,122.5
167,2025-03-01,468000,130
167,2025-04-01,441900,122.75
167,2025-05-01,325800,90.5
167,2025-06-01,435600,121
167,2025-07-01,104400,29
168,2018-05-01,549000,152.5
168,2018-06-01,612900,170.25
168,2018-07-01,603000,167.5
168,2018-08-01,602100,167.25
168,2018-09-01,570600,158.5
168,2018-10-01,612000,170
168,2018-11-01,372600,103.5
168,2018-12-01,430200,119.5
168,2019-01-01,489600,136
168,2019-02-01,288000,80
168,2019-03-01,576000,160
168,2019-04-01,576000,160
168,2019-05-01,460800,128
168,2019-06-01,460800,128
168,2019-07-01,576000,160
168,2019-08-01,489600,136
168,2019-09-01,545400,151.5
168,2019-10-01,576000,160
168,2019-11-01,583200,162
168,2019-12-01,374400,104
168,2020-01-01,374400,104
168,2020-02-01,432000,120
168,2020-03-01,633600,176
168,2020-04-01,576000,160
168,2020-05-01,547200,152
168,2020-06-01,576000,160
168,2020-07-01,662400,184
168,2020-08-01,460800,128
168,2020-09-01,633600,176
168,2020-10-01,633600,176
168,2020-11-01,604800,168
168,2020-12-01,403200,112
168,2021-01-01,511200,142
168,2021-02-01,554400,154
168,2021-03-01,547200,152
168,2021-04-01,518400,144
168,2021-05-01,489600,136
168,2021-06-01,518400,144
168,2021-07-01,604800,168
168,2021-08-01,352800,98
168,2021-09-01,662400,184
168,2021-10-01,482400,134
168,2021-11-01,604800,168
168,2021-12-01,345600,96
168,2022-01-01,489600,136
168,2022-02-01,543600,151
168,2022-03-01,662400,184
168,2022-04-01,201600,56
169,2018-09-01,459000,127.5
169,2018-10-01,638100,177.25
169,2018-11-01,619200,172
169,2018-12-01,357300,99.25
169,2019-01-01,459000,127.5
169,2019-02-01,515700,143.25
169,2019-03-01,555300,154.25
169,2019-04-01,517500,143.75
169,2019-05-01,443700,123.25
169,2019-06-01,493200,137
169,2019-07-01,560700,155.75
169,2019-08-01,603900,167.75
169,2019-09-01,203400,56.5
169,2019-10-01,549900,152.75
169,2019-11-01,576000,160
169,2019-12-01,354600,98.5
169,2020-01-01,543600,151
169,2020-02-01,574200,159.5
169,2020-03-01,637200,177
169,2020-04-01,403200,112
169,2020-05-01,514800,143
169,2020-06-01,600300,166.75
169,2020-07-01,504000,140
169,2020-08-01,490500,136.25
169,2020-09-01,612000,170
169,2020-10-01,471600,131
169,2020-11-01,590400,164
169,2020-12-01,419400,116.5
169,2021-01-01,547200,152
169,2021-02-01,572400,159
169,2021-03-01,673200,187
169,2021-04-01,553500,153.75
169,2021-05-01,288000,80
169,2021-06-01,648000,180
169,2021-07-01,532800,148
169,2021-08-01,334800,93
169,2021-09-01,626400,174
169,2021-10-01,468000,130
169,2021-11-01,478800,133
169,2021-12-01,529200,147
169,2022-01-01,583200,162
169,2022-02-01,574200,159.5
169,2022-03-01,675000,187.5
169,2022-04-01,331200,92
169,2022-05-01,432000,120
169,2022-06-01,432000,120
169,2022-07-01,302400,84
169,2022-08-01,608400,169
169,2022-09-01,561600,156
169,2022-10-01,576000,160
169,2022-11-01,648000,180
169,2022-12-01,381600,106
169,2023-01-01,496800,138
169,2023-02-01,579600,161
169,2023-03-01,374400,104
169,2023-04-01,489600,136
169,2023-05-01,432000,120
169,2023-06-01,421200,117
169,2023-07-01,496800,138
169,2023-08-01,514800,143
169,2023-09-01,460800,128
169,2023-10-01,594000,165
169,2023-11-01,525600,146
169,2023-12-01,547200,152
169,2024-01-01,448200,124.5
169,2024-02-01,604800,168
169,2024-03-01,581400,161.5
169,2024-04-01,495000,137.5
169,2024-05-01,432000,120
169,2024-06-01,509400,141.5
169,2024-07-01,500400,139
169,2024-08-01,578700,160.75
169,2024-09-01,433800,120.5
169,2024-10-01,543600,151
169,2024-11-01,607500,168.75
169,2024-12-01,370800,103
169,2025-01-01,489600,136
169,2025-02-01,395100,109.75
169,2025-03-01,596700,165.75
169,2025-04-01,552600,153.5
169,2025-05-01,273600,76
169,2025-06-01,500400,139
170,2018-09-01,149400,41.5
170,2018-10-01,603000,167.5
170,2018-11-01,606600,168.5
170,2018-12-01,369000,102.5
170,2019-01-01,347400,96.5
170,2019-02-01,517500,143.75
170,2019-03-01,373500,103.75
170,2019-04-01,603000,167.5
170,2019-05-01,567000,157.5
170,2019-06-01,372600,103.5
170,2019-07-01,504000,140
170,2019-08-01,574200,159.5
170,2019-09-01,460800,128
170,2019-10-01,547200,152
170,2019-11-01,518400,144
170,2019-12-01,210600,58.5
170,2020-01-01,547200,152
170,2020-02-01,561600,156
170,2020-03-01,532800,148
170,2020-04-01,374400,104
170,2020-05-01,376200,104.5
170,2020-06-01,597600,166
170,2020-07-01,367200,102
170,2020-08-01,358200,99.5
171,2018-11-01,162000,45
171,2018-12-01,145800,40.5
171,2019-01-01,168300,46.75
171,2019-02-01,144900,40.25
171,2019-03-01,158400,44
171,2019-04-01,135900,37.75
171,2019-05-01,133200,37
171,2019-06-01,155760,43.266666666666666
171,2019-07-01,151200,42
171,2019-08-01,108000,30
172,2019-01-01,556200,154.5
172,2019-02-01,567900,157.75
172,2019-03-01,638100,177.25
172,2019-04-01,532800,148
172,2019-05-01,566100,157.25
172,2019-06-01,474300,131.75
172,2019-07-01,623700,173.25
172,2019-08-01,303300,84.25
173,2019-02-01,556200,154.5
173,2019-03-01,582300,161.75
173,2019-04-01,490500,136.25
173,2019-05-01,578700,160.75
173,2019-06-01,513900,142.75
173,2019-07-01,577800,160.5
173,2019-08-01,172800,48
173,2019-09-01,463500,128.75
173,2019-10-01,611100,169.75
173,2019-11-01,522000,145
173,2019-12-01,316800,88
173,2020-01-01,558000,155
173,2020-02-01,507600,141
173,2020-03-01,597600,166
173,2020-04-01,576000,160
173,2020-05-01,522000,145
173,2020-06-01,558000,155
173,2020-07-01,604800,168
173,2020-08-01,432000,120
173,2020-09-01,468000,130
173,2020-10-01,630000,175
173,2020-11-01,558000,155
173,2020-12-01,367200,102
173,2021-01-01,486000,135
173,2021-02-01,540000,150
173,2021-03-01,640800,178
173,2021-04-01,378000,105
174,2019-03-01,563400,156.5
174,2019-04-01,702900,195.25
174,2019-05-01,576000,160
174,2019-06-01,515700,143.25
174,2019-07-01,477000,132.5
174,2019-08-01,492300,136.75
174,2019-09-01,605700,168.25
174,2019-10-01,480600,133.5
174,2019-11-01,261000,72.5
174,2019-12-01,365400,101.5
174,2020-01-01,543600,151
174,2020-02-01,349200,97
175,2019-03-01,129600,36
175,2019-04-01,194400,54
176,2019-03-01,122400,34
176,2019-04-01,42000,11.666666666666666
176,2020-03-01,28800,8
176,2020-04-01,30000,8.333333333333334
176,2020-05-01,16200,4.5
176,2020-09-01,522000,145
176,2020-10-01,522000,145
176,2020-11-01,288900,80.25
176,2020-12-01,338400,94
176,2021-01-01,414000,115
176,2021-02-01,489600,136
176,2021-03-01,435600,121
176,2021-04-01,338400,94
176,2021-05-01,432000,120
176,2021-06-01,460800,128
176,2021-07-01,403200,112
176,2021-08-01,309600,86
177,2019-03-01,330300,91.75
177,2019-04-01,422100,117.25
177,2019-05-01,579600,161
177,2019-06-01,459000,127.5
177,2019-07-01,547200,152
177,2019-08-01,371700,103.25
177,2019-09-01,259200,72
177,2020-07-01,539100,149.75
177,2020-08-01,464400,129
177,2020-09-01,393300,109.25
177,2020-10-01,382500,106.25
177,2020-11-01,510300,141.75
177,2020-12-01,318600,88.5
177,2021-01-01,477000,132.5
177,2021-02-01,513000,142.5
177,2021-03-01,306000,85
177,2021-04-01,337500,93.75
177,2021-05-01,354600,98.5
177,2021-06-01,400500,111.25
178,2019-04-01,594900,165.25
178,2019-05-01,461700,128.25
178,2019-06-01,477000,132.5
178,2019-07-01,594900,165.25
178,2019-08-01,633600,176
178,2019-09-01,438300,121.75
178,2019-10-01,504000,140
178,2019-11-01,312300,86.75
178,2019-12-01,274500,76.25
178,2020-01-01,521100,144.75
178,2020-02-01,551700,153.25
178,2020-03-01,593100,164.75
178,2020-04-01,610200,169.5
178,2020-05-01,501300,139.25
178,2020-06-01,402300,111.75
178,2020-07-01,594900,165.25
178,2020-08-01,313200,87
178,2020-09-01,576000,160
178,2020-10-01,574200,159.5
178,2020-11-01,491400,136.5
178,2020-12-01,189000,52.5
178,2021-01-01,374400,104
178,2021-02-01,576000,160
178,2021-03-01,288000,80
179,2019-04-01,461700,128.25
179,2019-05-01,605700,168.25
179,2019-06-01,519300,144.25
179,2019-07-01,642600,178.5
179,2019-08-01,605700,168.25
179,2019-09-01,604800,168
179,2019-10-01,433800,120.5
179,2019-11-01,521100,144.75
179,2019-12-01,432000,120
179,2020-01-01,518400,144
179,2020-02-01,547200,152
179,2020-03-01,576000,160
179,2020-04-01,460800,128
179,2020-05-01,518400,144
179,2020-06-01,547200,152
179,2020-07-01,662400,184
179,2020-08-01,288000,80
179,2020-09-01,633600,176
179,2020-10-01,547200,152
179,2020-11-01,604800,168
179,2020-12-01,403200,112
179,2021-01-01,549000,152.5
179,2021-02-01,544500,151.25
179,2021-03-01,607500,168.75
179,2021-04-01,576000,160
179,2021-05-01,400500,111.25
179,2021-06-01,463500,128.75
179,2021-07-01,604800,168
179,2021-08-01,315000,87.5
179,2021-09-01,634500,176.25
179,2021-10-01,604800,168
179,2021-11-01,662400,184
179,2021-12-01,402300,111.75
179,2022-01-01,489600,136
179,2022-02-01,547200,152
179,2022-03-01,633600,176
179,2022-04-01,489600,136
179,2022-05-01,539100,149.75
179,2022-06-01,468900,130.25
179,2022-07-01,576000,160
179,2022-08-01,403200,112
179,2022-09-01,432000,120
179,2022-10-01,547200,152
179,2022-11-01,619200,172
179,2022-12-01,417600,116
179,2023-01-01,576000,160
179,2023-02-01,540000,150
179,2023-03-01,666000,185
179,2023-04-01,522000,145
179,2023-05-01,522000,145
179,2023-06-01,576000,160
179,2023-07-01,576000,160
179,2023-08-01,342000,95
179,2023-09-01,612000,170
179,2023-10-01,468000,130
179,2023-11-01,648000,180
179,2023-12-01,374400,104
179,2024-01-01,489600,136
179,2024-02-01,604800,168
179,2024-03-01,403200,112
179,2024-04-01,676800,188
179,2024-05-01,286200,79.5
179,2024-06-01,534600,148.5
179,2024-07-01,489600,136
179,2024-08-01,491400,136.5
179,2024-09-01,603000,167.5
179,2024-10-01,604800,168
179,2024-11-01,518400,144
179,2024-12-01,259200,72
179,2025-01-01,556200,154.5
179,2025-02-01,518400,144
179,2025-03-01,587700,163.25
179,2025-04-01,441000,122.5
179,2025-05-01,545400,151.5
179,2025-06-01,576000,160
179,2025-07-01,62100,17.25
180,2019-05-01,131400,36.5
180,2019-06-01,132300,36.75
180,2019-07-01,93600,26
180,2019-08-01,53100,14.75
180,2019-09-01,121500,33.75
180,2019-10-01,115200,32
180,2019-11-01,121500,33.75
180,2019-12-01,79200,22
180,2020-01-01,115200,32
180,2020-02-01,115200,32
180,2020-03-01,85500,23.75
180,2020-04-01,120600,33.5
180,2020-05-01,90000,25
180,2020-06-01,61200,17
181,2019-05-01,59400,16.5
181,2019-06-01,116100,32.25
181,2019-07-01,108000,30
181,2019-08-01,108000,30
181,2019-09-01,71100,19.75
181,2019-10-01,36900,10.25
181,2019-11-01,108000,30
181,2019-12-01,54900,15.25
181,2020-01-01,90000,25
182,2019-06-01,537300,149.25
182,2019-07-01,661500,183.75
182,2019-08-01,648000,180
182,2019-09-01,598500,166.25
182,2019-10-01,589500,163.75
182,2019-11-01,576000,160
182,2019-12-01,175500,48.75
182,2020-01-01,540000,150
182,2020-02-01,630000,175
182,2020-03-01,522000,145
182,2020-04-01,558000,155
182,2020-05-01,450000,125
182,2020-06-01,414000,115
182,2020-07-01,594000,165
182,2020-08-01,594000,165
182,2020-09-01,630000,175
182,2020-10-01,630000,175
182,2020-11-01,612000,170
182,2020-12-01,288000,80
182,2021-01-01,496800,138
182,2021-02-01,572400,159
182,2021-03-01,572400,159
182,2021-04-01,489600,136
182,2021-05-01,518400,144
182,2021-06-01,547200,152
182,2021-07-01,613800,170.5
182,2021-08-01,604800,168
182,2021-09-01,369000,102.5
182,2021-10-01,572400,159
182,2021-11-01,619200,172
182,2021-12-01,216000,60
182,2022-01-01,460800,128
182,2022-02-01,576000,160
182,2022-03-01,649800,180.5
182,2022-04-01,547200,152
182,2022-05-01,547200,152
182,2022-06-01,576000,160
182,2022-07-01,621000,172.5
182,2022-08-01,629100,174.75
182,2022-09-01,288000,80
182,2022-10-01,558900,155.25
182,2022-11-01,612000,170
182,2022-12-01,183600,51
182,2023-01-01,547200,152
182,2023-02-01,596700,165.75
182,2023-03-01,595800,165.5
182,2023-04-01,510300,141.75
182,2023-05-01,567000,157.5
182,2023-06-01,601200,167
182,2023-07-01,619200,172
182,2023-08-01,489600,136
182,2023-09-01,440100,122.25
182,2023-10-01,616500,171.25
182,2023-11-01,616500,171.25
182,2023-12-01,222300,61.75
182,2024-01-01,403200,112
182,2024-02-01,609300,169.25
182,2024-03-01,541800,150.5
182,2024-04-01,579600,161
182,2024-05-01,547200,152
182,2024-06-01,572400,159
182,2024-07-01,679500,188.75
182,2024-08-01,636300,176.75
182,2024-09-01,430200,119.5
182,2024-10-01,359100,99.75
182,2024-11-01,559800,155.5
182,2024-12-01,273600,76
182,2025-01-01,462600,128.5
182,2025-02-01,568800,158
182,2025-03-01,547200,152
182,2025-04-01,633600,176
182,2025-05-01,518400,144
182,2025-06-01,521100,144.75
182,2025-07-01,82800,23
183,2019-06-01,518400,144
183,2019-07-01,662400,184
183,2019-08-01,633600,176
183,2019-09-01,576000,160
183,2019-10-01,633600,176
183,2019-11-01,518400,144
183,2019-12-01,374400,104
183,2020-01-01,518400,144
183,2020-02-01,388740,107.98333333333333
183,2020-03-01,633600,176
183,2020-04-01,460800,128
183,2020-05-01,490500,136.25
183,2020-06-01,316800,88
183,2021-05-01,207900,57.75
183,2021-06-01,273600,76
183,2021-07-01,302400,84
183,2021-08-01,201600,56
183,2021-09-01,244800,68
183,2021-10-01,216000,60
183,2021-11-01,230400,64
183,2021-12-01,187200,52
183,2022-01-01,280800,78
183,2022-02-01,496800,138
183,2022-03-01,244800,68
183,2022-04-01,208800,58
183,2022-05-01,360000,100
183,2022-06-01,187200,52
183,2022-07-01,331200,92
183,2022-08-01,417600,116
183,2022-09-01,266400,74
183,2022-10-01,316800,88
183,2022-11-01,388800,108
183,2022-12-01,266400,74
183,2023-01-01,288000,80
183,2023-02-01,252000,70
183,2023-03-01,417600,116
183,2023-04-01,21600,6
183,2024-05-01,138240,38.4
183,2024-06-01,359640,99.9
183,2024-07-01,432600,120.16666666666667
183,2024-08-01,316860,88.01666666666667
183,2024-09-01,441900,122.75
183,2024-10-01,331200,92
183,2024-11-01,356400,99
183,2024-12-01,274200,76.16666666666667
183,2025-01-01,491400,136.5
183,2025-02-01,244800,68
183,2025-03-01,387000,107.5
183,2025-04-01,457200,127
183,2025-05-01,119700,33.25
183,2025-06-01,157500,43.75
183,2025-07-01,57600,16
184,2019-06-01,538200,149.5
184,2019-07-01,558000,155
184,2019-08-01,315000,87.5
184,2019-09-01,547200,152
184,2019-10-01,666000,185
184,2019-11-01,540000,150
184,2019-12-01,396000,110
184,2020-01-01,270000,75
184,2020-02-01,450000,125
184,2020-03-01,648000,180
184,2020-04-01,576000,160
184,2020-05-01,540000,150
184,2020-06-01,432000,120
184,2020-07-01,666000,185
184,2020-08-01,374400,104
184,2020-09-01,93600,26
184,2020-10-01,144000,40
184,2020-11-01,612000,170
184,2020-12-01,403200,112
184,2021-01-01,547200,152
184,2021-02-01,576000,160
184,2021-03-01,666000,185
184,2021-04-01,576000,160
184,2021-05-01,144000,40
184,2021-07-01,144000,40
184,2021-08-01,648000,180
184,2021-09-01,630000,175
184,2021-10-01,504000,140
184,2021-11-01,180000,50
184,2021-12-01,450000,125
184,2022-01-01,468000,130
184,2022-02-01,576000,160
184,2022-03-01,612000,170
184,2022-04-01,18000,5
184,2022-05-01,522000,145
184,2022-06-01,252000,70
184,2022-07-01,612000,170
184,2022-08-01,432000,120
184,2022-09-01,288000,80
184,2022-10-01,36000,10
184,2022-11-01,576000,160
184,2022-12-01,475200,132
184,2023-01-01,504000,140
184,2023-02-01,540000,150
184,2023-03-01,666000,185
184,2023-04-01,468000,130
184,2023-05-01,378000,105
184,2023-07-01,612000,170
184,2023-08-01,234000,65
184,2023-09-01,612000,170
184,2023-10-01,522000,145
184,2023-11-01,612000,170
184,2023-12-01,122400,34
184,2024-01-01,414000,115
184,2024-02-01,396000,110
184,2024-03-01,460800,128
184,2024-04-01,604800,168
184,2024-05-01,403200,112
184,2024-06-01,576000,160
184,2024-07-01,378000,105
184,2024-08-01,450000,125
184,2024-09-01,612000,170
184,2024-10-01,540000,150
184,2024-11-01,576000,160
184,2024-12-01,435600,121
184,2025-02-01,432000,120
184,2025-03-01,612000,170
184,2025-04-01,558000,155
184,2025-05-01,432000,120
184,2025-06-01,432000,120
185,2019-07-01,704700,195.75
185,2019-08-01,537300,149.25
185,2019-09-01,637200,177
185,2019-10-01,612900,170.25
185,2019-11-01,549000,152.5
185,2019-12-01,270900,75.25
185,2020-01-01,612000,170
185,2020-02-01,581400,161.5
185,2020-03-01,642600,178.5
185,2020-04-01,579600,161
185,2020-05-01,446400,124
185,2020-06-01,340200,94.5
185,2020-07-01,527400,146.5
185,2020-08-01,453600,126
185,2020-09-01,651600,181
185,2020-10-01,633600,176
185,2020-11-01,583200,162
185,2020-12-01,378000,105
185,2021-01-01,466200,129.5
185,2021-02-01,581400,161.5
185,2021-03-01,626400,174
185,2021-04-01,606600,168.5
185,2021-05-01,423000,117.5
185,2021-06-01,516600,143.5
185,2021-07-01,595800,165.5
185,2021-08-01,207000,57.5
185,2021-09-01,644400,179
185,2021-10-01,626400,174
185,2021-11-01,576000,160
185,2021-12-01,466200,129.5
185,2022-01-01,480600,133.5
185,2022-02-01,617400,171.5
185,2022-03-01,671400,186.5
185,2022-04-01,261000,72.5
185,2022-05-01,579600,161
185,2022-06-01,392400,109
185,2022-07-01,626400,174
185,2022-08-01,390600,108.5
185,2022-09-01,408600,113.5
185,2022-10-01,576000,160
185,2022-11-01,610200,169.5
185,2022-12-01,433800,120.5
185,2023-01-01,520200,144.5
185,2023-02-01,604800,168
185,2023-03-01,693000,192.5
185,2023-04-01,205200,57
185,2023-05-01,187200,52
185,2023-06-01,68400,19
185,2023-07-01,187200,52
185,2023-08-01,230400,64
185,2023-09-01,543600,151
185,2023-10-01,646200,179.5
185,2023-11-01,534600,148.5
185,2023-12-01,302400,84
185,2024-01-01,534600,148.5
185,2024-02-01,635400,176.5
185,2024-03-01,459000,127.5
185,2024-04-01,401400,111.5
185,2024-05-01,394200,109.5
185,2024-06-01,444600,123.5
185,2024-07-01,392400,109
185,2024-08-01,230400,64
185,2024-09-01,401400,111.5
185,2024-10-01,520200,144.5
185,2024-11-01,387000,107.5
185,2024-12-01,241200,67
185,2025-01-01,486000,135
185,2025-02-01,340200,94.5
185,2025-03-01,450000,125
185,2025-04-01,403200,112
185,2025-05-01,549000,152.5
185,2025-06-01,270000,75
185,2025-08-01,0,0
186,2019-05-01,165600,46
186,2019-06-01,109800,30.5
187,2019-08-01,144000,40
187,2019-09-01,57600,16
187,2024-05-01,129600,36
187,2024-06-01,129600,36
187,2024-07-01,129600,36
187,2024-08-01,122400,34
188,2019-08-01,432000,120
188,2019-09-01,324000,90
188,2019-10-01,475200,132
188,2019-11-01,432000,120
188,2019-12-01,324000,90
188,2020-01-01,412200,114.5
188,2020-02-01,345600,96
188,2020-03-01,288000,80
188,2020-04-01,403200,112
188,2020-05-01,316800,88
188,2020-06-01,315000,87.5
189,2019-09-01,498600,138.5
189,2019-10-01,493200,137
189,2019-11-01,474300,131.75
189,2019-12-01,313200,87
189,2020-01-01,453600,126
189,2020-02-01,382500,106.25
189,2020-03-01,471600,131
189,2020-04-01,86400,24
189,2020-06-01,273600,76
189,2020-07-01,443700,123.25
189,2020-08-01,261000,72.5
189,2020-09-01,407700,113.25
189,2020-10-01,374400,104
189,2020-11-01,489600,136
189,2020-12-01,266400,74
189,2021-01-01,403200,112
189,2021-02-01,437400,121.5
189,2021-03-01,432000,120
189,2021-04-01,460800,128
189,2021-05-01,403200,112
189,2021-06-01,389700,108.25
189,2021-07-01,320400,89
189,2021-08-01,289800,80.5
189,2021-09-01,433800,120.5
189,2021-10-01,380700,105.75
189,2021-11-01,513000,142.5
189,2021-12-01,297000,82.5
189,2022-01-01,432000,120
189,2022-02-01,230400,64
189,2022-03-01,453600,126
189,2022-04-01,410400,114
189,2022-05-01,316800,88
189,2022-06-01,374400,104
189,2022-07-01,374400,104
189,2022-08-01,230400,64
189,2022-09-01,460800,128
189,2022-10-01,374400,104
189,2022-11-01,460800,128
189,2022-12-01,403200,112
189,2023-01-01,432000,120
189,2023-02-01,432000,120
189,2023-03-01,460800,128
189,2023-04-01,288000,80
189,2023-05-01,403200,112
189,2023-06-01,489600,136
189,2023-07-01,374400,104
189,2023-08-01,345600,96
189,2023-09-01,259200,72
189,2023-10-01,316800,88
189,2023-11-01,403200,112
189,2023-12-01,230400,64
189,2024-01-01,489600,136
189,2024-02-01,460800,128
189,2024-03-01,403200,112
189,2024-04-01,316800,88
189,2024-05-01,374400,104
189,2024-06-01,403200,112
189,2024-07-01,489600,136
189,2024-08-01,288000,80
189,2024-09-01,489600,136
189,2024-10-01,460800,128
189,2024-11-01,432000,120
189,2024-12-01,316800,88
189,2025-01-01,242100,67.25
189,2025-02-01,61200,17
189,2025-03-01,145800,40.5
189,2025-04-01,375300,104.25
189,2025-05-01,270900,75.25
189,2025-06-01,403200,112
189,2025-07-01,86400,24
190,2019-09-01,270000,75
190,2019-10-01,252000,70
191,2019-10-01,641700,178.25
191,2019-11-01,581100,161.41666666666666
191,2019-12-01,366600,101.83333333333333
191,2020-01-01,610200,169.5
191,2020-02-01,590400,164
191,2020-03-01,617400,171.5
191,2020-04-01,493200,137
191,2020-05-01,552600,153.5
191,2020-06-01,489600,136
191,2020-07-01,421200,117
191,2020-08-01,604800,168
191,2020-09-01,489600,136
191,2020-10-01,403200,112
191,2020-11-01,604800,168
191,2020-12-01,403200,112
191,2021-01-01,547200,152
191,2021-02-01,576000,160
191,2021-03-01,633600,176
191,2021-04-01,547200,152
191,2021-05-01,522000,145
191,2021-06-01,378000,105
191,2021-07-01,540000,150
191,2021-08-01,540000,150
191,2021-09-01,612000,170
191,2021-10-01,576000,160
191,2021-11-01,604800,168
191,2021-12-01,374400,104
191,2022-01-01,460800,128
191,2022-02-01,549000,152.5
191,2022-03-01,288000,80
191,2022-04-01,547200,152
191,2022-05-01,432000,120
191,2022-06-01,604800,168
191,2022-07-01,432000,120
191,2022-08-01,662400,184
191,2022-09-01,432000,120
191,2022-10-01,576000,160
191,2022-11-01,604800,168
191,2022-12-01,459000,127.5
191,2023-01-01,604800,168
191,2023-02-01,576000,160
191,2023-03-01,374400,104
191,2023-04-01,489600,136
191,2023-05-01,518400,144
191,2023-06-01,460800,128
191,2023-07-01,604800,168
191,2023-08-01,662400,184
191,2023-09-01,576000,160
191,2023-10-01,403200,112
191,2023-11-01,489600,136
191,2023-12-01,547200,152
191,2024-01-01,633600,176
191,2024-02-01,374400,104
191,2024-03-01,518400,144
191,2024-04-01,604800,168
191,2024-05-01,547200,152
191,2024-06-01,460800,128
191,2024-07-01,662400,184
191,2024-08-01,633600,176
191,2024-09-01,230400,64
191,2024-10-01,676800,188
191,2024-11-01,547200,152
191,2024-12-01,388800,108
191,2025-01-01,604800,168
191,2025-02-01,576000,160
191,2025-03-01,288000,80
191,2025-04-01,547200,152
191,2025-05-01,230400,64
191,2025-06-01,201600,56
192,2019-10-01,605700,168.25
192,2019-11-01,590400,164
192,2019-12-01,420300,116.75
192,2020-01-01,457200,127
192,2020-02-01,338400,94
192,2020-03-01,626400,174
192,2020-04-01,450000,125
192,2020-05-01,518400,144
192,2020-06-01,338400,94
192,2020-07-01,648000,180
192,2020-08-01,450000,125
192,2020-09-01,504000,140
192,2020-10-01,522000,145
192,2020-11-01,648000,180
192,2020-12-01,450000,125
192,2021-01-01,549000,152.5
192,2021-02-01,630000,175
192,2021-03-01,702000,195
192,2021-04-01,369000,102.5
192,2021-05-01,522000,145
192,2021-06-01,315000,87.5
192,2021-07-01,486000,135
192,2021-08-01,432000,120
192,2021-09-01,594000,165
192,2021-10-01,621000,172.5
192,2021-11-01,453600,126
192,2021-12-01,374400,104
192,2022-01-01,489600,136
192,2022-02-01,518400,144
192,2022-03-01,655200,182
192,2022-04-01,612000,170
192,2022-05-01,547200,152
192,2022-06-01,345600,96
192,2022-07-01,316800,88
192,2022-08-01,633600,176
192,2022-09-01,288000,80
192,2022-10-01,547200,152
192,2022-11-01,489600,136
193,2019-10-01,666000,185
193,2019-11-01,558300,155.08333333333334
193,2019-12-01,436800,121.33333333333333
193,2020-01-01,576000,160
193,2020-02-01,558000,155
193,2020-03-01,630000,175
193,2020-04-01,540000,150
193,2020-05-01,486000,135
193,2020-06-01,558000,155
193,2020-07-01,489600,136
193,2020-08-01,655200,182
193,2020-09-01,590400,164
193,2020-10-01,561600,156
193,2020-11-01,518400,144
193,2020-12-01,374400,104
193,2021-01-01,572400,159
193,2021-02-01,532800,148
193,2021-03-01,583200,162
193,2021-04-01,398700,110.75
193,2021-05-01,517500,143.75
193,2021-06-01,517500,143.75
193,2021-07-01,575100,159.75
193,2021-08-01,486000,135
193,2021-09-01,621000,172.5
193,2021-10-01,603000,167.5
193,2021-11-01,522000,145
193,2021-12-01,378000,105
193,2022-01-01,558000,155
193,2022-02-01,504000,140
193,2022-03-01,648000,180
193,2022-04-01,504000,140
193,2022-05-01,522000,145
193,2022-06-01,576000,160
193,2022-07-01,504000,140
193,2022-08-01,550800,153
193,2022-09-01,648000,180
193,2022-10-01,576000,160
193,2022-11-01,522000,145
193,2022-12-01,342000,95
193,2023-01-01,460800,128
193,2023-02-01,491400,136.5
193,2023-03-01,662400,184
193,2023-04-01,576000,160
193,2023-05-01,403200,112
193,2023-06-01,604800,168
193,2023-07-01,518400,144
193,2023-08-01,520200,144.5
193,2023-09-01,547200,152
193,2023-10-01,547200,152
193,2023-11-01,374400,104
193,2023-12-01,316800,88
193,2024-01-01,633600,176
193,2024-02-01,576000,160
193,2024-03-01,460800,128
193,2024-04-01,532800,148
193,2024-05-01,547200,152
193,2024-06-01,576000,160
193,2024-07-01,604800,168
193,2024-08-01,547200,152
193,2024-09-01,576000,160
193,2024-10-01,489600,136
193,2024-11-01,518400,144
193,2024-12-01,288000,80
193,2025-01-01,604800,168
193,2025-02-01,518400,144
193,2025-03-01,576000,160
193,2025-04-01,576000,160
193,2025-05-01,518400,144
193,2025-06-01,345600,96
195,2019-10-01,259200,72
195,2019-11-01,430200,119.5
197,2019-11-01,547200,152
197,2019-12-01,489600,136
197,2020-01-01,568800,158
197,2020-02-01,507600,141
197,2020-03-01,601200,167
197,2020-04-01,550800,153
197,2020-05-01,525600,146
197,2020-06-01,500400,139
197,2020-07-01,576000,160
198,2019-11-01,180000,50
198,2019-12-01,432000,120
198,2020-01-01,460800,128
198,2020-02-01,540000,150
198,2020-03-01,634500,176.25
198,2020-04-01,416700,115.75
198,2020-05-01,523800,145.5
198,2020-06-01,647100,179.75
198,2020-07-01,231300,64.25
198,2020-08-01,591300,164.25
198,2020-09-01,597600,166
198,2020-10-01,606600,168.5
198,2020-11-01,351000,97.5
198,2020-12-01,303300,84.25
198,2021-01-01,432000,120
198,2021-02-01,582300,161.75
198,2021-03-01,609300,169.25
198,2021-04-01,491400,136.5
198,2021-05-01,410400,114
198,2021-06-01,582300,161.75
198,2021-07-01,294300,81.75
198,2021-08-01,532800,148
198,2021-09-01,495000,137.5
198,2021-10-01,528300,146.75
198,2021-11-01,549900,152.75
198,2021-12-01,396000,110
198,2022-01-01,186300,51.75
198,2022-02-01,497700,138.25
198,2022-03-01,766800,213
198,2022-04-01,594000,165
198,2022-05-01,431100,119.75
198,2022-06-01,601200,167
198,2022-07-01,486000,135
198,2022-08-01,391500,108.75
198,2022-09-01,518400,144
198,2022-10-01,457200,127
198,2022-11-01,374400,104
198,2022-12-01,225000,62.5
198,2023-01-01,388800,108
198,2023-02-01,582300,161.75
198,2023-03-01,700200,194.5
198,2023-04-01,462600,128.5
198,2023-05-01,432000,120
198,2023-06-01,558900,155.25
198,2023-07-01,294300,81.75
198,2023-08-01,550800,153
198,2023-09-01,603900,167.75
198,2023-10-01,590400,164
198,2023-11-01,637200,177
198,2023-12-01,304200,84.5
198,2024-01-01,527400,146.5
198,2024-02-01,621900,172.75
198,2024-03-01,543600,151
198,2024-04-01,553500,153.75
198,2024-05-01,352800,98
198,2024-06-01,645300,179.25
198,2024-07-01,627300,174.25
198,2024-08-01,490500,136.25
198,2024-09-01,617400,171.5
198,2024-10-01,670500,186.25
198,2024-11-01,318600,88.5
198,2024-12-01,223200,62
198,2025-01-01,332100,92.25
198,2025-02-01,482400,134
198,2025-03-01,584100,162.25
198,2025-04-01,503100,139.75
198,2025-05-01,343800,95.5
199,2019-12-01,86400,24
199,2020-01-01,135000,37.5
199,2020-02-01,128700,35.75
199,2020-03-01,97200,27
199,2020-04-01,122400,34
199,2020-05-01,133200,37
199,2020-06-01,126000,35
199,2020-07-01,135000,37.5
199,2020-08-01,135000,37.5
199,2020-10-01,132300,36.75
199,2020-11-01,109800,30.5
199,2020-12-01,69300,19.25
199,2021-01-01,66600,18.5
199,2021-02-01,77400,21.5
199,2021-03-01,135000,37.5
199,2021-04-01,135000,37.5
199,2021-05-01,133200,37
199,2021-06-01,135000,37.5
199,2021-07-01,135000,37.5
199,2021-08-01,129600,36
200,2020-01-01,270000,75
200,2020-02-01,252000,70
200,2020-03-01,18000,5
201,2019-10-01,43200,12
202,2019-10-01,144000,40
203,2020-02-01,423000,117.5
203,2020-03-01,621000,172.5
203,2020-04-01,576000,160
203,2020-05-01,576000,160
203,2020-06-01,558000,155
203,2020-07-01,576000,160
203,2020-08-01,234000,65
203,2020-09-01,648000,180
203,2020-10-01,478800,133
203,2020-11-01,549000,152.5
203,2020-12-01,441000,122.5
203,2021-01-01,576000,160
203,2021-02-01,531000,147.5
203,2021-03-01,552600,153.5
203,2021-04-01,558000,155
203,2021-05-01,468000,130
203,2021-06-01,486000,135
203,2021-07-01,594000,165
203,2021-08-01,387000,107.5
203,2021-09-01,648000,180
203,2021-10-01,504000,140
203,2021-11-01,540000,150
203,2021-12-01,360000,100
203,2022-01-01,576000,160
203,2022-02-01,381600,106
203,2022-03-01,529200,147
203,2022-04-01,536400,149
203,2022-05-01,554400,154
203,2022-06-01,421200,117
203,2022-07-01,628200,174.5
203,2022-08-01,406800,113
203,2022-09-01,705600,196
203,2022-10-01,361800,100.5
203,2022-11-01,547200,152
203,2022-12-01,399600,111
203,2023-01-01,576000,160
203,2023-02-01,462600,128.5
203,2023-03-01,637200,177
203,2023-04-01,489600,136
203,2023-05-01,543600,151
203,2023-06-01,518400,144
203,2023-07-01,518400,144
203,2023-08-01,230400,64
203,2023-09-01,518400,144
203,2023-10-01,230400,64
203,2023-11-01,489600,136
203,2023-12-01,315000,87.5
203,2024-01-01,345600,96
204,2020-03-01,642600,178.5
204,2020-04-01,577800,160.5
204,2020-05-01,557100,154.75
204,2020-06-01,346500,96.25
204,2020-07-01,603000,167.5
204,2020-08-01,546300,151.75
204,2020-09-01,495000,137.5
204,2020-10-01,571500,158.75
204,2020-11-01,585000,162.5
204,2020-12-01,316800,88
204,2021-01-01,405000,112.5
204,2021-02-01,540900,150.25
204,2021-03-01,634500,176.25
204,2021-04-01,540900,150.25
204,2021-05-01,612000,170
204,2021-06-01,569700,158.25
204,2021-07-01,362700,100.75
204,2021-08-01,313200,87
204,2021-09-01,631800,175.5
204,2021-10-01,606600,168.5
204,2021-11-01,612000,170
204,2021-12-01,437400,121.5
204,2022-01-01,322200,89.5
204,2022-02-01,587700,163.25
204,2022-03-01,710100,197.25
204,2022-04-01,549000,152.5
204,2022-05-01,606600,168.5
204,2022-06-01,575100,159.75
204,2022-07-01,286200,79.5
204,2022-08-01,559800,155.5
204,2022-09-01,647100,179.75
204,2022-10-01,512100,142.25
204,2022-11-01,626400,174
204,2022-12-01,324900,90.25
204,2023-01-01,488700,135.75
204,2023-02-01,603900,167.75
204,2023-03-01,222300,61.75
204,2023-04-01,486000,135
204,2023-05-01,585900,162.75
204,2023-06-01,554400,154
204,2023-07-01,547200,152
204,2023-08-01,486000,135
204,2023-09-01,518400,144
204,2023-10-01,604800,168
204,2023-11-01,588600,163.5
204,2023-12-01,333000,92.5
204,2024-01-01,604800,168
204,2024-02-01,547200,152
204,2024-03-01,576000,160
204,2024-04-01,590400,164
204,2024-05-01,468900,130.25
204,2024-06-01,598500,166.25
204,2024-07-01,307800,85.5
204,2024-08-01,576000,160
204,2024-09-01,403200,112
204,2024-10-01,576000,160
204,2024-11-01,518400,144
204,2024-12-01,136800,38
204,2025-01-01,201600,56
205,2020-02-01,451800,125.5
205,2020-03-01,398700,110.75
205,2020-04-01,315900,87.75
206,2020-03-01,648000,180
206,2020-04-01,576000,160
206,2020-05-01,558000,155
206,2020-06-01,558000,155
206,2020-07-01,648000,180
206,2020-08-01,612000,170
206,2020-09-01,612000,170
206,2020-10-01,648000,180
206,2020-11-01,594000,165
206,2020-12-01,306000,85
206,2021-01-01,432000,120
206,2021-02-01,504000,140
206,2021-03-01,468000,130
206,2021-04-01,288000,80
206,2021-06-01,234000,65
206,2021-07-01,648000,180
206,2021-08-01,576000,160
206,2021-09-01,612000,170
206,2021-10-01,558000,155
206,2021-11-01,576000,160
206,2021-12-01,486000,135
206,2022-01-01,234000,65
206,2022-02-01,525600,146
206,2022-03-01,594000,165
206,2022-04-01,378000,105
206,2022-05-01,576000,160
206,2022-06-01,396000,110
206,2022-07-01,612000,170
206,2022-08-01,702000,195
206,2022-09-01,666000,185
206,2022-10-01,486000,135
206,2022-11-01,558000,155
206,2022-12-01,205200,57
206,2023-01-01,558000,155
206,2023-02-01,630000,175
206,2023-03-01,774000,215
206,2023-04-01,378000,105
206,2023-05-01,558000,155
206,2023-06-01,486000,135
206,2023-07-01,612000,170
206,2023-08-01,252000,70
206,2023-09-01,576000,160
206,2023-10-01,558000,155
206,2023-11-01,594000,165
206,2023-12-01,446400,124
206,2024-01-01,558000,155
206,2024-02-01,612000,170
206,2024-03-01,558000,155
206,2024-04-01,468000,130
206,2024-05-01,432000,120
206,2024-06-01,576000,160
206,2024-07-01,666000,185
206,2024-08-01,198000,55
206,2024-09-01,702000,195
206,2024-10-01,612000,170
206,2024-11-01,540000,150
206,2024-12-01,270000,75
206,2025-01-01,540000,150
206,2025-02-01,522000,145
206,2025-03-01,612000,170
206,2025-04-01,522000,145
206,2025-05-01,540000,150
206,2025-06-01,558000,155
207,2020-02-01,62100,17.25
207,2020-03-01,135000,37.5
207,2020-04-01,135000,37.5
207,2020-05-01,135000,37.5
207,2020-06-01,135000,37.5
207,2020-07-01,135000,37.5
207,2020-08-01,135000,37.5
207,2020-09-01,135000,37.5
207,2020-10-01,108000,30
207,2020-11-01,108000,30
207,2020-12-01,108000,30
207,2021-01-01,108000,30
207,2021-02-01,108000,30
207,2021-03-01,108000,30
207,2021-04-01,93600,26
207,2021-05-01,108000,30
207,2021-06-01,108000,30
207,2021-07-01,79200,22
210,2020-04-01,104400,29
210,2020-05-01,128700,35.75
210,2020-06-01,133200,37
210,2020-07-01,92700,25.75
210,2020-08-01,135000,37.5
210,2020-09-01,82800,23
210,2020-10-01,135000,37.5
210,2020-11-01,135000,37.5
210,2020-12-01,135000,37.5
210,2021-01-01,135000,37.5
210,2021-02-01,89100,24.75
210,2021-03-01,135000,37.5
210,2021-04-01,135000,37.5
210,2021-05-01,135000,37.5
210,2021-06-01,135000,37.5
210,2021-07-01,234000,65
210,2021-08-01,135000,37.5
210,2021-09-01,135000,37.5
210,2021-10-01,135000,37.5
210,2021-11-01,135000,37.5
210,2021-12-01,135000,37.5
210,2022-01-01,135000,37.5
210,2022-02-01,135000,37.5
210,2022-03-01,135000,37.5
210,2022-04-01,135000,37.5
210,2022-05-01,135000,37.5
210,2022-06-01,135000,37.5
210,2022-07-01,68400,19
211,2020-07-01,667800,185.5
211,2020-08-01,344700,95.75
211,2020-09-01,660600,183.5
211,2021-01-01,25200,7
211,2021-02-01,79200,22
211,2021-03-01,32460,9.016666666666667
211,2021-05-01,57600,16
211,2021-06-01,64800,18
211,2021-10-01,54000,15
211,2021-11-01,54000,15
212,2020-08-01,604800,168
212,2020-09-01,633600,176
212,2020-10-01,633600,176
212,2020-11-01,604800,168
212,2020-12-01,410400,114
212,2021-01-01,432000,120
212,2021-02-01,576000,160
212,2021-03-01,612000,170
212,2021-04-01,576000,160
212,2021-05-01,378000,105
212,2021-06-01,522000,145
212,2021-07-01,540000,150
212,2021-08-01,648000,180
212,2021-09-01,468000,130
212,2021-10-01,612000,170
212,2021-11-01,612000,170
212,2021-12-01,468000,130
212,2022-01-01,468000,130
212,2022-02-01,540000,150
212,2022-03-01,432000,120
212,2022-04-01,540000,150
212,2022-05-01,576000,160
212,2022-06-01,468000,130
212,2022-07-01,259200,72
213,2020-08-01,612000,170
213,2020-09-01,630000,175
213,2020-10-01,630000,175
213,2020-11-01,612000,170
213,2020-12-01,414000,115
213,2021-01-01,450000,125
213,2021-02-01,576000,160
213,2021-03-01,666000,185
213,2021-04-01,540000,150
213,2021-05-01,540000,150
213,2021-06-01,540000,150
213,2021-07-01,558000,155
213,2021-08-01,324000,90
213,2021-09-01,630000,175
213,2021-10-01,597600,166
213,2021-11-01,511200,142
213,2021-12-01,403200,112
213,2022-01-01,463500,128.75
213,2022-02-01,570600,158.5
213,2022-03-01,665100,184.75
213,2022-04-01,404100,112.25
213,2022-05-01,489600,136
213,2022-06-01,575100,159.75
213,2022-07-01,460800,128
213,2022-08-01,374400,104
213,2022-09-01,633600,176
213,2022-10-01,489600,136
213,2022-11-01,576000,160
213,2022-12-01,432000,120
213,2023-01-01,622800,173
213,2023-02-01,586800,163
213,2023-03-01,644400,179
213,2023-04-01,450000,125
213,2023-05-01,601200,167
213,2023-06-01,576000,160
213,2023-07-01,579600,161
213,2023-08-01,532800,148
213,2023-09-01,446400,124
213,2023-10-01,496800,138
213,2023-11-01,540000,150
213,2023-12-01,345600,96
213,2024-01-01,555300,154.25
213,2024-02-01,590400,164
213,2024-03-01,540000,150
213,2024-04-01,540000,150
213,2024-05-01,547200,152
213,2024-06-01,550800,153
213,2024-07-01,342000,95
213,2024-08-01,576000,160
213,2024-09-01,540000,150
213,2024-10-01,633600,176
213,2024-11-01,432000,120
213,2024-12-01,432000,120
213,2025-01-01,556200,154.5
213,2025-02-01,568800,158
213,2025-03-01,554400,154
213,2025-04-01,520200,144.5
213,2025-05-01,513000,142.5
213,2025-06-01,565200,157
213,2025-07-01,124200,34.5
214,2020-09-01,320400,89
214,2020-10-01,633600,176
214,2020-11-01,604800,168
214,2020-12-01,403200,112
214,2021-01-01,453600,126
214,2021-02-01,432000,120
215,2020-10-01,633600,176
215,2020-11-01,610200,169.5
215,2020-12-01,462600,128.5
215,2021-01-01,520200,144.5
215,2021-02-01,451800,125.5
215,2021-03-01,595800,165.5
215,2021-04-01,511200,142
215,2021-05-01,316800,88
215,2021-06-01,547200,152
215,2021-07-01,576000,160
215,2021-08-01,338400,94
215,2021-09-01,676800,188
215,2021-10-01,606600,168.5
215,2021-11-01,460800,128
215,2021-12-01,302400,84
215,2022-01-01,316800,88
215,2022-02-01,576000,160
215,2022-03-01,705600,196
215,2022-04-01,453600,126
215,2022-05-01,432000,120
215,2022-06-01,554400,154
215,2022-07-01,525600,146
215,2022-08-01,309600,86
215,2022-09-01,604800,168
215,2022-10-01,576000,160
215,2022-11-01,504000,140
215,2022-12-01,144000,40
215,2023-01-01,518400,144
215,2023-02-01,547200,152
215,2023-03-01,633600,176
215,2023-04-01,259200,72
215,2023-05-01,489600,136
215,2023-06-01,489600,136
215,2023-07-01,403200,112
216,2020-10-01,338400,94
216,2020-11-01,608400,169
216,2020-12-01,406800,113
216,2021-01-01,619200,172
216,2021-02-01,536400,149
216,2021-03-01,633600,176
216,2021-04-01,486000,135
216,2021-05-01,556200,154.5
216,2021-06-01,567000,157.5
216,2021-07-01,604800,168
216,2021-08-01,201600,56
216,2021-09-01,662400,184
216,2021-10-01,547200,152
216,2021-11-01,547200,152
216,2021-12-01,489600,136
216,2022-01-01,468000,130
216,2022-02-01,599400,166.5
216,2022-03-01,676800,188
216,2022-04-01,486000,135
216,2022-05-01,511200,142
216,2022-06-01,576000,160
216,2022-07-01,378000,105
216,2022-08-01,460800,128
216,2022-09-01,576000,160
216,2022-10-01,554400,154
216,2022-11-01,547200,152
216,2022-12-01,388800,108
216,2023-01-01,547200,152
216,2023-02-01,576000,160
216,2023-03-01,554400,154
216,2023-04-01,590400,164
216,2023-05-01,432000,120
216,2023-06-01,496800,138
216,2023-07-01,453600,126
216,2023-08-01,547200,152
216,2023-09-01,612000,170
216,2023-10-01,554400,154
216,2023-11-01,194400,54
217,2020-11-01,316800,88
217,2020-12-01,489600,136
217,2021-01-01,547200,152
217,2021-02-01,576000,160
217,2021-03-01,630000,175
217,2021-04-01,576000,160
217,2021-05-01,432000,120
217,2021-06-01,540000,150
217,2021-07-01,432000,120
217,2021-08-01,648000,180
217,2021-09-01,540000,150
217,2021-10-01,540000,150
217,2021-11-01,486000,135
217,2021-12-01,504000,140
217,2022-01-01,468000,130
217,2022-02-01,576000,160
217,2022-03-01,342000,95
217,2022-04-01,540000,150
217,2022-05-01,468000,130
217,2022-06-01,252000,70
217,2022-07-01,0,0
218,2020-11-01,645300,179.25
218,2020-12-01,420300,116.75
218,2021-01-01,558900,155.25
218,2021-02-01,603000,167.5
218,2021-03-01,651600,181
218,2021-04-01,149400,41.5
218,2021-05-01,286200,79.5
218,2021-06-01,581400,161.5
218,2021-07-01,646200,179.5
218,2021-08-01,644400,179
218,2021-09-01,642600,178.5
218,2021-10-01,459000,127.5
218,2021-11-01,547200,152
218,2021-12-01,220500,61.25
218,2022-01-01,459000,127.5
218,2022-02-01,462600,128.5
218,2022-03-01,642600,178.5
218,2022-04-01,558000,155
218,2022-05-01,210600,58.5
218,2022-06-01,289800,80.5
218,2022-07-01,576000,160
218,2022-08-01,460800,128
218,2022-09-01,349200,97
218,2022-10-01,513000,142.5
218,2022-11-01,345600,96
219,2021-03-01,662400,184
219,2021-04-01,576000,160
219,2021-05-01,489600,136
219,2021-06-01,288000,80
219,2021-07-01,633600,176
219,2021-08-01,633600,176
219,2021-09-01,644400,179
219,2021-10-01,190800,53
219,2021-11-01,604800,168
219,2021-12-01,547200,152
219,2022-01-01,547200,152
219,2022-02-01,547200,152
219,2022-03-01,518400,144
219,2022-04-01,547200,152
219,2022-05-01,604800,168
219,2022-06-01,376200,104.5
219,2022-07-01,444600,123.5
219,2022-08-01,667800,185.5
219,2022-09-01,585000,162.5
219,2022-10-01,302400,84
219,2022-11-01,511200,142
219,2022-12-01,453600,126
219,2023-01-01,547200,152
219,2023-02-01,577800,160.5
219,2023-03-01,660600,183.5
219,2023-04-01,518400,144
219,2023-05-01,144000,40
219,2023-06-01,230400,64
219,2023-07-01,604800,168
219,2023-08-01,633600,176
219,2023-09-01,230400,64
220,2021-01-01,288000,80
220,2021-02-01,576000,160
220,2021-03-01,633300,175.91666666666666
220,2021-04-01,576000,160
220,2021-05-01,489600,136
220,2021-06-01,576000,160
220,2021-07-01,662400,184
220,2021-08-01,288000,80
220,2021-09-01,576000,160
220,2021-10-01,460800,128
220,2021-11-01,604800,168
220,2021-12-01,288000,80
220,2022-01-01,489600,136
220,2022-02-01,673200,187
220,2022-03-01,428400,119
220,2022-04-01,397800,110.5
220,2022-05-01,244800,68
220,2022-06-01,367200,102
220,2022-07-01,336600,93.5
220,2022-08-01,550800,153
220,2022-09-01,520200,144.5
220,2022-10-01,459000,127.5
220,2022-11-01,336600,93.5
220,2022-12-01,336600,93.5
220,2023-01-01,306000,85
220,2023-02-01,428400,119
220,2023-03-01,550800,153
220,2023-04-01,459000,127.5
220,2023-05-01,459000,127.5
220,2023-06-01,459000,127.5
220,2023-07-01,520200,144.5
220,2023-08-01,336600,93.5
220,2023-09-01,520200,144.5
220,2023-10-01,569700,158.25
220,2023-11-01,378900,105.25
220,2023-12-01,183600,51
220,2024-01-01,550800,153
220,2024-02-01,520200,144.5
220,2024-03-01,367200,102
220,2024-04-01,489600,136
220,2024-05-01,397800,110.5
220,2024-06-01,357300,99.25
220,2024-07-01,621900,172.75
220,2024-08-01,428400,119
220,2024-09-01,183600,51
220,2024-10-01,550800,153
220,2024-11-01,428400,119
220,2024-12-01,290700,80.75
220,2025-01-01,397800,110.5
220,2025-02-01,489600,136
220,2025-03-01,275400,76.5
220,2025-04-01,489600,136
220,2025-05-01,459000,127.5
220,2025-06-01,398700,110.75
221,2021-01-01,288000,80
221,2021-02-01,576000,160
221,2021-03-01,666000,185
221,2021-04-01,558000,155
221,2021-05-01,522000,145
221,2021-06-01,558000,155
221,2021-07-01,630000,175
221,2021-08-01,486000,135
221,2021-09-01,648000,180
221,2021-10-01,468000,130
221,2021-11-01,576000,160
221,2021-12-01,187200,52
221,2022-01-01,558000,155
221,2022-02-01,576000,160
221,2022-03-01,648000,180
221,2022-04-01,504000,140
221,2022-05-01,360000,100
221,2022-06-01,486000,135
221,2022-07-01,522000,145
221,2022-08-01,378000,105
221,2022-09-01,630000,175
221,2022-10-01,486000,135
221,2022-11-01,468000,130
221,2022-12-01,259200,72
222,2021-01-01,290700,80.75
222,2021-02-01,574200,159.5
222,2021-03-01,665100,184.75
222,2021-04-01,515700,143.25
222,2021-05-01,528300,146.75
222,2021-06-01,566100,157.25
222,2021-07-01,470700,130.75
222,2021-08-01,422100,117.25
222,2021-09-01,523800,145.5
222,2021-10-01,311400,86.5
222,2021-11-01,576900,160.25
222,2021-12-01,486000,135
222,2022-01-01,396000,110
222,2022-02-01,376200,104.5
222,2022-03-01,582300,161.75
222,2022-04-01,400500,111.25
222,2022-05-01,581400,161.5
222,2022-06-01,198000,55
223,2020-12-01,53100,14.75
223,2021-01-01,135000,37.5
223,2021-02-01,64800,18
224,2021-02-01,259200,72
224,2021-03-01,662400,184
224,2021-04-01,576000,160
224,2021-05-01,547200,152
224,2021-06-01,518400,144
224,2021-07-01,604800,168
224,2021-08-01,633600,176
224,2021-09-01,576000,160
224,2021-10-01,316800,88
224,2021-11-01,604800,168
224,2021-12-01,432000,120
224,2022-01-01,547200,152
224,2022-02-01,579600,161
224,2022-03-01,665100,184.75
224,2022-04-01,489600,136
224,2022-05-01,586800,163
224,2022-06-01,442800,123
224,2022-07-01,549900,152.75
224,2022-08-01,669600,186
224,2022-09-01,531000,147.5
224,2022-10-01,208800,58
224,2022-11-01,515700,143.25
224,2022-12-01,405900,112.75
224,2023-01-01,631800,175.5
224,2023-02-01,604800,168
224,2023-03-01,589500,163.75
224,2023-04-01,538200,149.5
224,2023-05-01,480600,133.5
224,2023-06-01,540900,150.25
224,2023-07-01,420300,116.75
224,2023-08-01,426600,118.5
224,2023-09-01,592200,164.5
224,2023-10-01,462600,128.5
224,2023-11-01,603900,167.75
224,2023-12-01,214200,59.5
224,2024-01-01,489600,136
224,2024-02-01,621000,172.5
224,2024-03-01,570600,158.5
224,2024-04-01,536400,149
224,2024-05-01,438300,121.75
224,2024-06-01,586800,163
224,2024-07-01,756000,210
224,2024-08-01,738000,205
224,2024-09-01,527400,146.5
224,2024-10-01,137700,38.25
224,2024-11-01,523800,145.5
224,2024-12-01,352800,98
224,2025-01-01,592200,164.5
224,2025-02-01,549900,152.75
224,2025-03-01,613800,170.5
224,2025-04-01,585000,162.5
224,2025-05-01,405000,112.5
224,2025-06-01,363600,101
224,2025-07-01,31500,8.75
225,2021-02-01,259200,72
225,2021-03-01,662400,184
225,2021-04-01,576000,160
225,2021-05-01,518400,144
225,2021-06-01,576000,160
225,2021-07-01,604800,168
225,2021-08-01,633600,176
225,2021-09-01,345600,96
225,2021-10-01,518400,144
225,2021-11-01,604800,168
225,2021-12-01,489600,136
225,2022-01-01,547200,152
225,2022-02-01,403200,112
225,2022-03-01,604800,168
225,2022-04-01,144000,40
225,2022-05-01,489600,136
225,2022-06-01,432000,120
225,2022-07-01,460800,128
225,2022-08-01,662400,184
225,2022-09-01,633600,176
225,2022-10-01,547200,152
225,2022-11-01,489600,136
225,2022-12-01,576000,160
225,2023-01-01,604800,168
225,2023-02-01,547200,152
225,2023-03-01,662400,184
225,2023-04-01,489600,136
225,2023-05-01,316800,88
225,2023-06-01,547200,152
225,2023-07-01,460800,128
225,2023-08-01,662400,184
225,2023-09-01,576000,160
225,2023-10-01,604800,168
225,2023-11-01,345600,96
225,2023-12-01,432000,120
225,2024-01-01,604800,168
225,2024-02-01,230400,64
225,2024-03-01,655200,182
225,2024-04-01,496800,138
225,2024-05-01,518400,144
225,2024-06-01,597600,166
225,2024-07-01,410400,114
225,2024-08-01,633600,176
225,2024-09-01,374400,104
225,2024-10-01,691200,192
225,2024-11-01,518400,144
225,2024-12-01,374400,104
225,2025-01-01,547200,152
225,2025-02-01,576000,160
225,2025-03-01,604800,168
225,2025-04-01,172800,48
227,2021-04-01,576000,160
227,2021-05-01,560700,155.75
227,2021-06-01,604800,168
227,2021-07-01,639000,177.5
227,2021-08-01,637200,177
227,2021-09-01,636300,176.75
227,2021-10-01,601200,167
227,2021-11-01,266400,74
227,2021-12-01,403200,112
227,2022-01-01,576000,160
227,2022-02-01,516600,143.5
227,2022-03-01,576000,160
227,2022-04-01,547200,152
227,2022-05-01,547200,152
227,2022-06-01,288000,80
227,2022-07-01,432000,120
227,2022-08-01,662400,184
227,2022-09-01,489600,136
227,2022-10-01,349200,97
227,2022-11-01,640800,178
227,2022-12-01,435600,121
227,2023-01-01,604800,168
227,2023-02-01,577800,160.5
227,2023-03-01,610200,169.5
227,2023-04-01,288000,80
227,2023-05-01,584100,162.25
227,2023-06-01,559800,155.5
227,2023-07-01,316800,88
227,2023-08-01,662400,184
227,2023-09-01,576900,160.25
227,2023-10-01,542700,150.75
227,2023-11-01,580500,161.25
227,2023-12-01,460800,128
227,2024-01-01,576000,160
227,2024-02-01,576000,160
227,2024-03-01,432000,120
227,2024-04-01,613800,170.5
227,2024-05-01,507600,141
227,2024-06-01,580500,161.25
227,2024-07-01,666900,185.25
227,2024-08-01,57600,16
227,2024-09-01,618300,171.75
227,2024-10-01,582300,161.75
227,2024-11-01,520200,144.5
227,2024-12-01,378900,105.25
227,2025-01-01,144000,40
227,2025-02-01,601200,167
227,2025-03-01,612000,170
227,2025-04-01,551700,153.25
227,2025-05-01,589500,163.75
227,2025-06-01,468900,130.25
228,2021-04-01,460800,128
228,2021-05-01,432000,120
228,2021-06-01,604800,168
228,2021-07-01,633600,176
228,2021-08-01,604800,168
228,2021-09-01,642600,178.5
228,2021-10-01,618300,171.75
228,2021-11-01,403200,112
228,2021-12-01,265500,73.75
228,2022-01-01,576000,160
228,2022-02-01,576000,160
228,2022-03-01,507600,141
228,2022-04-01,403200,112
228,2022-05-01,489600,136
228,2022-06-01,558000,155
228,2022-07-01,604800,168
228,2022-08-01,374400,104
228,2022-09-01,498600,138.5
228,2022-10-01,578700,160.75
228,2022-11-01,604800,168
228,2022-12-01,449100,124.75
228,2023-01-01,458100,127.25
228,2023-02-01,556200,154.5
228,2023-03-01,662400,184
228,2023-04-01,460800,128
228,2023-05-01,153900,42.75
228,2023-06-01,594900,165.25
228,2023-07-01,300600,83.5
228,2023-08-01,559800,155.5
228,2023-09-01,674100,187.25
228,2023-10-01,381600,106
228,2023-11-01,581400,161.5
228,2023-12-01,376200,104.5
228,2024-01-01,686700,190.75
228,2024-02-01,177300,49.25
228,2024-03-01,566100,157.25
228,2024-04-01,594900,165.25
228,2024-05-01,486900,135.25
228,2024-06-01,409500,113.75
228,2024-07-01,509400,141.5
228,2024-08-01,570600,158.5
228,2024-09-01,587700,163.25
228,2024-10-01,513900,142.75
228,2024-11-01,598500,166.25
228,2024-12-01,346500,96.25
228,2025-01-01,489600,136
228,2025-02-01,522900,145.25
228,2025-03-01,609300,169.25
228,2025-04-01,397800,110.5
228,2025-05-01,577800,160.5
228,2025-06-01,567000,157.5
228,2025-07-01,139500,38.75
228,2025-08-01,0,0
229,2021-05-01,552600,153.5
229,2021-06-01,595800,165.5
229,2021-07-01,637200,177
229,2021-08-01,633600,176
229,2021-09-01,637200,177
229,2021-10-01,592200,164.5
229,2021-11-01,469800,130.5
229,2021-12-01,316800,88
229,2022-01-01,578700,160.75
229,2022-02-01,504900,140.25
229,2022-03-01,621900,172.75
229,2022-04-01,553500,153.75
229,2022-05-01,576000,160
229,2022-06-01,248400,69
229,2022-07-01,115200,32
229,2022-08-01,0,0
229,2022-12-01,0,0
230,2021-05-01,612000,170
230,2021-06-01,730800,203
230,2021-07-01,459000,127.5
230,2021-08-01,263700,73.25
230,2021-09-01,602100,167.25
230,2021-10-01,383400,106.5
230,2021-11-01,639000,177.5
230,2021-12-01,313200,87
230,2022-01-01,510300,141.75
230,2022-02-01,454500,126.25
230,2022-03-01,489600,136
230,2022-04-01,562500,156.25
230,2022-05-01,458100,127.25
230,2022-06-01,503100,139.75
230,2022-07-01,377100,104.75
230,2022-08-01,234900,65.25
230,2022-09-01,445500,123.75
230,2022-10-01,452700,125.75
230,2022-11-01,592200,164.5
230,2022-12-01,218700,60.75
230,2023-01-01,514800,143
230,2023-02-01,631800,175.5
230,2023-03-01,549000,152.5
230,2023-04-01,437400,121.5
230,2023-05-01,580500,161.25
230,2023-06-01,307800,85.5
230,2023-07-01,456300,126.75
230,2023-08-01,375300,104.25
230,2023-09-01,430200,119.5
230,2023-10-01,578700,160.75
230,2023-11-01,531000,147.5
230,2023-12-01,367200,102
230,2024-01-01,493200,137
230,2024-02-01,403200,112
230,2024-03-01,442800,123
230,2024-04-01,547200,152
230,2024-05-01,105300,29.25
230,2024-06-01,601200,167
230,2024-07-01,499500,138.75
230,2024-08-01,630900,175.25
230,2024-09-01,357300,99.25
230,2024-10-01,650700,180.75
230,2024-11-01,518400,144
230,2024-12-01,193500,53.75
230,2025-01-01,500400,139
230,2025-02-01,378900,105.25
230,2025-03-01,534600,148.5
230,2025-04-01,608400,169
230,2025-05-01,620100,172.25
230,2025-06-01,585900,162.75
230,2025-07-01,105300,29.25
231,2021-04-01,349200,97
231,2021-05-01,675000,187.5
231,2021-06-01,579600,161
231,2021-07-01,542700,150.75
231,2021-08-01,447300,124.25
231,2021-09-01,351000,97.5
231,2021-10-01,677700,188.25
231,2021-11-01,705600,196
231,2021-12-01,302400,84
231,2022-01-01,567900,157.75
231,2022-02-01,456300,126.75
231,2022-03-01,662400,184
231,2022-04-01,653400,181.5
231,2022-05-01,637200,177
231,2022-06-01,486900,135.25
231,2022-07-01,565200,157
231,2022-08-01,313200,87
231,2022-09-01,593100,164.75
231,2022-10-01,565200,157
231,2022-11-01,514800,143
231,2022-12-01,234000,65
231,2023-01-01,375300,104.25
231,2023-02-01,615600,171
231,2023-03-01,651600,181
231,2023-04-01,385200,107
231,2023-05-01,557100,154.75
231,2023-06-01,687600,191
231,2023-07-01,340200,94.5
231,2023-08-01,567900,157.75
231,2023-09-01,421200,117
231,2023-10-01,631800,175.5
231,2023-11-01,559800,155.5
231,2023-12-01,312300,86.75
231,2024-01-01,629100,174.75
231,2024-02-01,661500,183.75
231,2024-03-01,623700,173.25
231,2024-04-01,405000,112.5
231,2024-05-01,512100,142.25
231,2024-06-01,275400,76.5
231,2024-07-01,370800,103
231,2024-08-01,545400,151.5
231,2024-09-01,324000,90
231,2024-10-01,746100,207.25
231,2024-11-01,674100,187.25
231,2024-12-01,185400,51.5
231,2025-01-01,530100,147.25
231,2025-02-01,430200,119.5
231,2025-03-01,522900,145.25
231,2025-04-01,580500,161.25
231,2025-05-01,652500,181.25
231,2025-06-01,438300,121.75
231,2025-07-01,88200,24.5
232,2021-03-01,99900,27.75
232,2021-04-01,135000,37.5
232,2021-05-01,135000,37.5
232,2021-06-01,135000,37.5
232,2021-07-01,135000,37.5
276,2021-06-01,232200,64.5
276,2021-07-01,612900,170.25
276,2021-08-01,583200,162
276,2021-09-01,288900,80.25
277,2021-06-01,382500,106.25
277,2021-07-01,349200,97
277,2021-08-01,473400,131.5
277,2021-09-01,241200,67
278,2021-07-01,417600,116
278,2021-08-01,128700,35.75
278,2021-09-01,417600,116
278,2021-10-01,385200,107
278,2021-11-01,404100,112.25
278,2021-12-01,316800,88
278,2022-01-01,417600,116
278,2022-02-01,478800,133
278,2022-03-01,447300,124.25
278,2022-04-01,392400,109
278,2022-05-01,463500,128.75
278,2022-06-01,259200,72
278,2022-07-01,467100,129.75
278,2022-08-01,374400,104
278,2022-09-01,329400,91.5
278,2022-10-01,460800,128
278,2022-11-01,319500,88.75
278,2022-12-01,226800,63
278,2023-01-01,250200,69.5
278,2023-02-01,320400,89
278,2023-03-01,479700,133.25
278,2023-04-01,382500,106.25
278,2023-05-01,474300,131.75
278,2023-06-01,345600,96
278,2023-07-01,485100,134.75
278,2023-08-01,192600,53.5
278,2023-09-01,465300,129.25
278,2023-10-01,547200,152
278,2023-11-01,549900,152.75
278,2023-12-01,547200,152
278,2024-01-01,517500,143.75
278,2024-02-01,342900,95.25
278,2024-03-01,336600,93.5
278,2024-04-01,512100,142.25
278,2024-05-01,359100,99.75
278,2024-06-01,469800,130.5
278,2024-07-01,544500,151.25
278,2024-08-01,227700,63.25
278,2024-09-01,384300,106.75
278,2024-10-01,435600,121
278,2024-11-01,311400,86.5
278,2024-12-01,288900,80.25
278,2025-01-01,491400,136.5
278,2025-02-01,556200,154.5
278,2025-03-01,254700,70.75
278,2025-04-01,487800,135.5
278,2025-05-01,399600,111
278,2025-06-01,398700,110.75
278,2025-07-01,91800,25.5
278,2025-09-01,0,0
279,2021-09-01,316800,88
279,2021-10-01,604800,168
279,2021-11-01,604800,168
279,2021-12-01,432000,120
279,2022-01-01,547200,152
279,2022-02-01,576000,160
279,2022-03-01,518400,144
279,2022-04-01,518400,144
279,2022-05-01,604800,168
279,2022-06-01,259200,72
279,2022-07-01,604800,168
279,2022-08-01,460800,128
279,2022-09-01,576000,160
279,2022-10-01,576000,160
279,2022-11-01,604800,168
279,2022-12-01,316800,88
279,2023-01-01,489600,136
279,2023-02-01,576000,160
279,2023-03-01,633600,176
279,2023-04-01,403200,112
279,2023-05-01,576000,160
279,2023-06-01,604800,168
279,2023-07-01,604800,168
279,2023-08-01,345600,96
279,2023-09-01,604800,168
279,2023-10-01,576000,160
279,2023-11-01,604800,168
279,2023-12-01,288000,80
279,2024-01-01,604800,168
279,2024-02-01,604800,168
279,2024-03-01,259200,72
279,2024-04-01,604800,168
279,2024-05-01,518400,144
279,2024-06-01,576000,160
279,2024-07-01,518400,144
279,2024-08-01,604800,168
279,2024-09-01,504000,140
280,2021-10-01,288000,80
280,2021-11-01,604800,168
280,2021-12-01,489600,136
280,2022-01-01,576000,160
280,2022-02-01,547200,152
280,2022-03-01,604800,168
280,2022-04-01,547200,152
280,2022-05-01,604800,168
280,2022-06-01,547200,152
280,2022-07-01,288000,80
280,2022-08-01,518400,144
280,2022-09-01,633600,176
280,2022-10-01,547200,152
280,2022-11-01,374400,104
280,2022-12-01,460800,128
280,2023-01-01,576000,160
280,2023-02-01,547200,152
280,2023-03-01,604800,168
280,2023-04-01,432000,120
280,2023-05-01,460800,128
280,2023-06-01,547200,152
280,2023-07-01,604800,168
280,2023-08-01,374400,104
280,2023-09-01,316800,88
280,2023-10-01,604800,168
280,2023-11-01,633600,176
280,2023-12-01,489600,136
280,2024-01-01,633600,176
280,2024-02-01,662400,184
280,2024-03-01,547200,152
280,2024-04-01,460800,128
280,2024-05-01,432000,120
280,2024-06-01,547200,152
280,2024-07-01,374400,104
280,2024-08-01,432000,120
280,2024-09-01,547200,152
280,2024-10-01,633600,176
280,2024-11-01,604800,168
280,2024-12-01,460800,128
280,2025-01-01,604800,168
280,2025-02-01,144000,40
280,2025-03-01,604800,168
280,2025-04-01,518400,144
280,2025-05-01,576000,160
280,2025-06-01,547200,152
280,2025-07-01,115200,32
281,2021-10-01,604800,168
281,2021-11-01,547200,152
281,2021-12-01,460800,128
281,2022-01-01,547200,152
281,2022-02-01,576000,160
281,2022-03-01,662400,184
281,2022-04-01,547200,152
281,2022-05-01,486000,135
281,2022-06-01,522000,145
281,2022-07-01,432000,120
281,2022-08-01,216000,60
281,2022-09-01,630000,175
281,2022-10-01,432000,120
281,2022-11-01,594000,165
281,2022-12-01,374400,104
281,2023-01-01,604800,168
281,2023-02-01,576000,160
281,2023-03-01,604800,168
281,2023-04-01,144000,40
281,2023-05-01,576000,160
281,2023-06-01,576000,160
281,2023-07-01,576000,160
281,2023-08-01,547200,152
281,2023-09-01,460800,128
282,2021-10-01,90000,25
282,2021-11-01,45000,12.5
283,2021-10-01,84300,23.416666666666668
283,2021-11-01,106200,29.5
283,2021-12-01,66600,18.5
283,2022-01-01,105600,29.333333333333332
283,2022-02-01,67500,18.75
283,2022-03-01,108000,30
283,2022-04-01,90000,25
283,2022-05-01,108000,30
283,2022-06-01,108000,30
283,2022-07-01,216000,60
283,2022-08-01,259200,72
283,2022-09-01,302400,84
284,2021-12-01,576000,160
284,2022-01-01,581400,161.5
284,2022-02-01,567900,157.75
284,2022-03-01,674100,187.25
284,2022-04-01,528300,146.75
284,2022-05-01,568800,158
284,2022-06-01,586800,163
284,2022-07-01,458100,127.25
284,2022-08-01,506700,140.75
284,2022-09-01,633600,176
284,2022-10-01,539100,149.75
284,2022-11-01,576000,160
284,2022-12-01,144000,40
284,2023-01-01,611100,169.75
284,2023-02-01,574200,159.5
284,2023-03-01,542700,150.75
284,2023-04-01,515700,143.25
284,2023-05-01,552600,153.5
284,2023-06-01,591300,164.25
284,2023-07-01,437400,121.5
284,2023-08-01,555300,154.25
284,2023-09-01,498600,138.5
284,2023-10-01,615600,171
284,2023-11-01,216000,60
284,2023-12-01,423900,117.75
284,2024-01-01,550800,153
284,2024-02-01,523800,145.5
284,2024-03-01,551700,153.25
284,2024-04-01,617400,171.5
284,2024-05-01,135900,37.75
284,2024-06-01,576900,160.25
284,2024-07-01,646200,179.5
284,2024-08-01,622800,173
284,2024-09-01,421200,117
284,2024-10-01,564300,156.75
284,2024-11-01,444600,123.5
284,2024-12-01,392400,109
284,2025-01-01,562500,156.25
284,2025-02-01,564300,156.75
284,2025-03-01,594000,165
284,2025-04-01,432000,120
284,2025-05-01,564300,156.75
284,2025-06-01,602100,167.25
284,2025-07-01,132300,36.75
285,2021-10-01,32400,9
285,2021-11-01,14400,4
286,2021-11-01,108000,30
287,2021-11-01,108000,30
289,2022-03-01,660600,183.5
289,2022-04-01,502200,139.5
289,2022-05-01,613800,170.5
289,2022-06-01,403200,112
289,2022-07-01,580500,161.25
289,2022-08-01,372600,103.5
289,2022-09-01,505800,140.5
289,2022-10-01,543600,151
289,2022-11-01,627300,174.25
289,2022-12-01,403200,112
289,2023-01-01,547200,152
289,2023-02-01,374400,104
289,2023-03-01,662400,184
289,2023-04-01,518400,144
289,2023-05-01,533700,148.25
289,2023-06-01,618300,171.75
289,2023-07-01,432000,120
289,2023-08-01,518400,144
289,2023-09-01,604800,168
289,2023-10-01,547200,152
289,2023-11-01,259200,72
289,2023-12-01,460800,128
289,2024-01-01,518400,144
289,2024-02-01,604800,168
289,2024-03-01,495000,137.5
289,2024-04-01,469800,130.5
289,2024-05-01,528300,146.75
289,2024-06-01,364500,101.25
289,2024-07-01,330300,91.75
289,2024-08-01,444600,123.5
289,2024-09-01,501300,139.25
289,2024-10-01,585720,162.7
289,2024-11-01,357300,99.25
289,2024-12-01,326700,90.75
289,2025-01-01,481500,133.75
289,2025-02-01,440100,122.25
289,2025-03-01,476100,132.25
289,2025-04-01,468900,130.25
289,2025-05-01,387900,107.75
289,2025-06-01,485100,134.75
289,2025-07-01,120600,33.5
290,2022-02-01,664200,184.5
290,2022-03-01,792900,220.25
290,2022-04-01,564600,156.83333333333334
290,2022-05-01,619200,172
290,2022-06-01,288000,80
290,2022-07-01,684000,190
290,2022-08-01,791100,219.75
290,2022-09-01,404100,112.25
290,2022-10-01,672300,186.75
290,2022-11-01,642000,178.33333333333334
290,2022-12-01,316800,88
290,2023-01-01,700200,194.5
290,2023-02-01,309600,86
290,2023-03-01,673200,187
290,2023-04-01,374400,104
290,2023-05-01,621000,172.5
290,2023-06-01,342900,95.25
290,2023-07-01,623700,173.25
290,2023-08-01,0,0
290,2023-09-01,0,0
292,2022-06-01,374400,104
292,2022-07-01,604800,168
292,2022-08-01,662400,184
292,2022-09-01,57600,16
293,2022-08-01,662400,184
293,2022-09-01,633600,176
293,2022-10-01,576000,160
293,2022-11-01,604800,168
293,2022-12-01,345600,96
293,2023-01-01,403200,112
293,2023-02-01,576000,160
293,2023-03-01,633600,176
293,2023-04-01,518400,144
293,2023-05-01,576000,160
293,2023-06-01,604800,168
293,2023-07-01,604800,168
293,2023-08-01,288000,80
293,2023-09-01,547200,152
293,2023-10-01,489600,136
293,2023-11-01,460800,128
293,2023-12-01,403200,112
293,2024-01-01,374400,104
293,2024-02-01,576000,160
293,2024-03-01,432000,120
294,2022-09-01,641700,178.25
294,2022-10-01,288900,80.25
294,2022-11-01,618300,171.75
294,2022-12-01,467100,129.75
294,2023-01-01,604800,168
294,2023-02-01,576000,160
294,2023-03-01,662400,184
294,2023-04-01,432000,120
294,2023-05-01,489600,136
294,2023-06-01,432000,120
294,2023-07-01,604800,168
294,2023-08-01,374400,104
294,2023-09-01,604800,168
294,2023-10-01,460800,128
294,2023-11-01,460800,128
294,2023-12-01,460800,128
294,2024-01-01,445500,123.75
294,2024-02-01,536400,149
294,2024-03-01,436500,121.25
294,2024-04-01,604800,168
294,2024-05-01,406800,113
294,2024-06-01,452700,125.75
294,2024-07-01,662400,184
294,2024-08-01,326700,90.75
294,2024-09-01,447300,124.25
294,2024-10-01,440100,122.25
294,2024-11-01,539100,149.75
294,2024-12-01,274500,76.25
294,2025-01-01,439200,122
294,2025-02-01,612000,170
294,2025-03-01,480600,133.5
294,2025-04-01,487800,135.5
294,2025-05-01,131760,36.6
295,2022-06-01,162900,45.25
295,2022-07-01,416700,115.75
295,2022-08-01,162000,45
295,2022-09-01,283500,78.75
295,2022-10-01,447300,124.25
295,2022-11-01,389700,108.25
295,2022-12-01,168300,46.75
295,2023-01-01,326700,90.75
295,2023-02-01,412200,114.5
295,2023-03-01,427500,118.75
295,2023-04-01,319500,88.75
295,2023-05-01,387900,107.75
295,2023-06-01,271800,75.5
295,2023-07-01,380700,105.75
295,2023-08-01,244800,68
295,2023-09-01,245700,68.25
295,2023-10-01,416700,115.75
295,2023-11-01,220500,61.25
295,2023-12-01,158400,44
295,2024-01-01,362700,100.75
295,2024-02-01,387900,107.75
295,2024-03-01,323100,89.75
295,2024-04-01,417600,116
295,2024-05-01,282600,78.5
295,2024-06-01,353700,98.25
295,2024-07-01,396900,110.25
295,2024-08-01,216000,60
295,2024-09-01,418500,116.25
295,2024-10-01,383400,106.5
295,2024-11-01,368100,102.25
295,2024-12-01,150300,41.75
295,2025-01-01,356400,99
295,2025-02-01,387900,107.75
295,2025-03-01,339300,94.25
295,2025-04-01,324000,90
295,2025-05-01,464400,129
295,2025-06-01,380700,105.75
295,2025-07-01,0,0
296,2022-07-01,288000,80
296,2022-08-01,662400,184
296,2022-09-01,469800,130.5
296,2022-10-01,432000,120
296,2022-11-01,615600,171
296,2022-12-01,412200,114.5
296,2023-01-01,633600,176
296,2023-02-01,594900,165.25
296,2023-03-01,588600,163.5
296,2023-04-01,532800,148
296,2023-05-01,469800,130.5
296,2023-06-01,464400,129
296,2023-07-01,617400,171.5
296,2023-08-01,667800,185.5
296,2023-09-01,627300,174.25
296,2023-10-01,132300,36.75
296,2023-11-01,516600,143.5
296,2023-12-01,461700,128.25
296,2024-01-01,643500,178.75
296,2024-02-01,610200,169.5
296,2024-03-01,457200,127
296,2024-04-01,587700,163.25
296,2024-05-01,477000,132.5
296,2024-06-01,578700,160.75
296,2024-07-01,558000,155
296,2024-08-01,558000,155
296,2024-09-01,478800,133
296,2024-10-01,578700,160.75
296,2024-11-01,118800,33
296,2024-12-01,402840,111.9
296,2025-01-01,579600,161
296,2025-02-01,494100,137.25
296,2025-03-01,375300,104.25
296,2025-04-01,619200,172
296,2025-05-01,466200,129.5
296,2025-06-01,521100,144.75
296,2025-07-01,115200,32
296,2025-08-01,0,0
297,2022-08-01,661500,183.75
297,2022-09-01,630000,175
297,2022-10-01,566100,157.25
297,2022-11-01,616500,171.25
297,2022-12-01,463500,128.75
297,2023-01-01,479700,133.25
297,2023-02-01,450000,125
297,2023-03-01,666000,185
297,2023-04-01,353700,98.25
297,2023-05-01,420300,116.75
297,2023-06-01,588600,163.5
297,2023-07-01,532800,148
297,2023-08-01,528300,146.75
297,2023-09-01,470700,130.75
297,2023-10-01,448200,124.5
297,2023-11-01,554400,154
297,2023-12-01,247500,68.75
297,2024-01-01,541800,150.5
297,2024-02-01,597600,166
297,2024-03-01,558000,155
297,2024-04-01,578700,160.75
297,2024-05-01,502200,139.5
297,2024-06-01,203400,56.5
297,2024-07-01,503100,139.75
297,2024-08-01,614700,170.75
297,2024-09-01,435600,121
297,2024-10-01,583200,162
297,2024-11-01,564300,156.75
297,2024-12-01,394200,109.5
297,2025-01-01,590400,164
297,2025-02-01,524700,145.75
297,2025-03-01,469800,130.5
297,2025-04-01,595800,165.5
297,2025-05-01,460800,128
297,2025-06-01,357300,99.25
298,2022-09-01,261900,72.75
298,2022-10-01,462600,128.5
298,2022-11-01,609300,169.25
298,2022-12-01,567000,157.5
298,2023-01-01,604800,168
298,2023-02-01,576000,160
298,2023-03-01,570600,158.5
298,2023-04-01,55800,15.5
298,2023-05-01,583200,162
298,2023-06-01,600300,166.75
298,2023-07-01,402300,111.75
298,2023-08-01,690300,191.75
298,2023-09-01,629100,174.75
298,2023-10-01,647100,179.75
298,2023-11-01,202500,56.25
298,2023-12-01,486000,135
298,2024-01-01,399600,111
298,2024-02-01,547200,152
298,2024-03-01,573300,159.25
298,2024-04-01,515700,143.25
298,2024-05-01,386100,107.25
298,2024-06-01,579600,161
298,2024-07-01,665100,184.75
298,2024-08-01,586800,163
298,2024-09-01,567000,157.5
298,2024-10-01,396000,110
298,2024-11-01,603900,167.75
298,2024-12-01,314100,87.25
298,2025-01-01,607500,168.75
298,2025-02-01,387900,107.75
298,2025-03-01,481500,133.75
298,2025-04-01,345600,96
298,2025-05-01,521100,144.75
298,2025-06-01,533700,148.25
298,2025-07-01,111600,31
299,2022-09-01,633600,176
299,2022-10-01,547200,152
299,2022-11-01,604800,168
299,2022-12-01,345600,96
299,2023-01-01,460800,128
299,2023-02-01,432000,120
300,2022-10-01,576000,160
300,2022-11-01,604800,168
300,2022-12-01,489600,136
300,2023-01-01,604800,168
300,2023-02-01,576000,160
300,2023-03-01,662400,184
300,2023-04-01,460800,128
300,2023-05-01,201600,56
300,2023-06-01,604800,168
300,2023-07-01,576000,160
300,2023-08-01,662400,184
300,2023-09-01,259200,72
300,2023-10-01,604800,168
300,2023-11-01,604800,168
300,2023-12-01,316800,88
300,2024-01-01,633600,176
300,2024-02-01,604800,168
300,2024-03-01,460800,128
300,2024-04-01,604800,168
300,2024-05-01,547200,152
300,2024-06-01,576000,160
300,2024-07-01,489600,136
300,2024-08-01,633600,176
300,2024-09-01,172800,48
300,2024-10-01,604800,168
300,2024-11-01,576000,160
300,2024-12-01,432000,120
300,2025-01-01,547200,152
300,2025-02-01,466200,129.5
300,2025-03-01,460800,128
300,2025-04-01,460800,128
300,2025-05-01,518400,144
300,2025-06-01,495900,137.75
300,2025-07-01,86400,24
301,2022-09-01,633600,176
301,2022-10-01,547200,152
301,2022-11-01,576000,160
301,2022-12-01,345600,96
301,2023-01-01,604800,168
301,2023-02-01,576000,160
301,2023-03-01,633600,176
301,2023-04-01,374400,104
301,2023-05-01,460800,128
301,2023-06-01,576000,160
301,2023-07-01,547200,152
301,2023-08-01,460800,128
301,2023-09-01,374400,104
301,2023-10-01,345600,96
301,2023-11-01,547200,152
301,2023-12-01,374400,104
301,2024-01-01,633600,176
301,2024-02-01,576000,160
301,2024-03-01,432000,120
301,2024-04-01,547200,152
301,2024-05-01,288000,80
301,2024-06-01,547200,152
301,2024-07-01,460800,128
301,2024-08-01,518400,144
302,2023-12-01,46800,13
302,2024-01-01,46800,13
302,2024-07-01,115200,32
302,2024-08-01,90000,25
302,2024-09-01,68400,19
302,2025-01-01,18000,5
303,2022-10-01,586800,163
303,2022-11-01,548100,152.25
303,2022-12-01,420300,116.75
303,2023-01-01,604800,168
303,2023-02-01,522900,145.25
303,2023-03-01,657900,182.75
304,2022-10-01,122400,34
304,2022-11-01,121500,33.75
304,2022-12-01,91800,25.5
304,2023-01-01,112500,31.25
304,2023-02-01,78300,21.75
304,2023-03-01,124200,34.5
304,2023-04-01,118800,33
304,2023-05-01,106200,29.5
304,2023-06-01,112500,31.25
304,2023-07-01,124200,34.5
304,2023-08-01,124200,34.5
304,2023-09-01,124200,34.5
304,2023-10-01,124200,34.5
304,2023-11-01,124200,34.5
304,2023-12-01,124200,34.5
304,2024-01-01,124200,34.5
304,2024-02-01,105300,29.25
304,2025-04-01,584100,162.25
304,2025-05-01,539100,149.75
304,2025-06-01,519300,144.25
304,2025-07-01,108900,30.25
305,2022-10-01,547200,152
305,2022-11-01,604800,168
305,2022-12-01,604800,168
305,2023-01-01,547200,152
305,2023-02-01,259200,72
305,2023-03-01,662400,184
305,2023-04-01,489600,136
305,2023-05-01,489000,135.83333333333334
305,2023-06-01,611400,169.83333333333334
305,2023-07-01,576000,160
305,2023-08-01,399600,111
305,2023-09-01,612000,170
305,2023-10-01,252000,70
305,2023-11-01,612000,170
305,2023-12-01,486000,135
305,2024-01-01,604800,168
305,2024-02-01,604800,168
305,2024-03-01,432000,120
305,2024-04-01,432000,120
305,2024-05-01,259200,72
305,2024-06-01,374400,104
305,2024-07-01,547200,152
305,2024-08-01,432000,120
305,2024-09-01,57600,16
305,2024-10-01,518400,144
305,2024-11-01,432000,120
305,2024-12-01,345600,96
305,2025-01-01,259200,72
306,2022-10-01,547200,152
306,2022-11-01,604800,168
306,2022-12-01,489600,136
306,2023-01-01,576000,160
306,2023-02-01,576000,160
306,2023-03-01,662400,184
306,2023-04-01,590400,164
306,2023-05-01,403200,112
306,2023-06-01,532800,148
306,2023-07-01,604800,168
306,2023-08-01,489600,136
306,2023-09-01,604800,168
306,2023-10-01,288000,80
306,2023-11-01,576000,160
306,2023-12-01,316800,88
306,2024-01-01,460800,128
306,2024-02-01,604800,168
306,2024-03-01,403200,112
306,2024-04-01,518400,144
306,2024-05-01,288000,80
306,2024-06-01,662400,184
306,2024-07-01,489600,136
306,2024-08-01,432000,120
306,2024-09-01,604800,168
306,2024-10-01,460800,128
306,2024-11-01,576000,160
306,2024-12-01,230400,64
306,2025-01-01,374400,104
306,2025-02-01,432000,120
306,2025-03-01,576000,160
306,2025-04-01,374400,104
306,2025-05-01,518400,144
306,2025-06-01,604800,168
306,2025-07-01,115200,32
307,2022-10-01,550800,153
307,2022-11-01,619200,172
307,2022-12-01,442800,123
307,2023-01-01,553200,153.66666666666666
307,2023-02-01,585000,162.5
307,2023-03-01,676500,187.91666666666666
307,2023-04-01,518400,144
307,2023-05-01,561600,156
307,2023-06-01,437400,121.5
307,2023-07-01,526500,146.25
307,2023-08-01,662400,184
307,2023-09-01,316800,88
307,2023-10-01,471600,131
307,2023-11-01,668700,185.75
307,2023-12-01,329100,91.41666666666667
307,2024-01-01,576000,160
307,2024-02-01,604800,168
307,2024-03-01,625500,173.75
307,2024-04-01,568800,158
307,2024-05-01,385200,107
307,2024-06-01,417000,115.83333333333333
307,2024-07-01,525600,146
307,2024-08-01,649800,180.5
307,2024-09-01,630900,175.25
307,2024-10-01,334500,92.91666666666667
307,2024-11-01,461700,128.25
307,2024-12-01,397800,110.5
307,2025-01-01,526500,146.25
307,2025-02-01,596700,165.75
307,2025-03-01,592200,164.5
307,2025-04-01,504900,140.25
307,2025-05-01,270900,75.25
307,2025-06-01,577800,160.5
307,2025-07-01,92700,25.75
307,2025-08-01,0,0
308,2023-01-01,593100,164.75
308,2023-02-01,577800,160.5
308,2023-03-01,663300,184.25
308,2023-04-01,524700,145.75
308,2023-05-01,555300,154.25
308,2023-06-01,426600,118.5
308,2023-07-01,610200,169.5
308,2023-08-01,314100,87.25
308,2023-09-01,512100,142.25
308,2023-10-01,324000,90
308,2023-11-01,551700,153.25
308,2023-12-01,308700,85.75
311,2022-12-01,460800,128
311,2023-01-01,611100,169.75
311,2023-02-01,576900,160.25
311,2023-03-01,583200,162
311,2023-04-01,491400,136.5
311,2023-05-01,582300,161.75
311,2023-06-01,630900,175.25
311,2023-07-01,551700,153.25
311,2023-08-01,383400,106.5
311,2023-09-01,626400,174
311,2023-10-01,459900,127.75
311,2023-11-01,547200,152
311,2023-12-01,320400,89
311,2024-01-01,591300,164.25
311,2024-02-01,621900,172.75
311,2024-03-01,576000,160
311,2024-04-01,605700,168.25
311,2024-05-01,535500,148.75
311,2024-06-01,578700,160.75
311,2024-07-01,660600,183.5
311,2024-08-01,555300,154.25
311,2024-09-01,275400,76.5
311,2024-10-01,347400,96.5
311,2024-11-01,549000,152.5
311,2024-12-01,352800,98
311,2025-01-01,546300,151.75
311,2025-02-01,572400,159
311,2025-03-01,617400,171.5
311,2025-04-01,469800,130.5
311,2025-05-01,594000,165
311,2025-06-01,557100,154.75
311,2025-07-01,115200,32
313,2023-01-01,619200,172
313,2023-02-01,417600,116
314,2023-01-01,357300,99.25
314,2023-02-01,438300,121.75
314,2023-03-01,644400,179
314,2023-04-01,530100,147.25
314,2023-05-01,431100,119.75
314,2023-06-01,551700,153.25
314,2023-07-01,562500,156.25
314,2023-08-01,675900,187.75
314,2023-09-01,348300,96.75
314,2023-10-01,454500,126.25
314,2023-11-01,618300,171.75
314,2023-12-01,378000,105
314,2024-01-01,603900,167.75
314,2024-02-01,377100,104.75
314,2024-03-01,305100,84.75
314,2024-04-01,463500,128.75
314,2024-05-01,517500,143.75
314,2024-06-01,526500,146.25
314,2024-07-01,710100,197.25
314,2024-08-01,678600,188.5
314,2024-09-01,482400,134
314,2024-10-01,356400,99
314,2024-11-01,603000,167.5
314,2024-12-01,366300,101.75
314,2025-01-01,576900,160.25
314,2025-02-01,507600,141
314,2025-03-01,404100,112.25
314,2025-04-01,519300,144.25
314,2025-05-01,597600,166
314,2025-06-01,527400,146.5
315,2023-01-01,208800,58
315,2023-02-01,345600,96
315,2023-03-01,396000,110
315,2023-04-01,295200,82
315,2023-05-01,345600,96
315,2023-06-01,291600,81
315,2023-07-01,363600,101
315,2023-08-01,208800,58
315,2023-09-01,360000,100
315,2023-10-01,363600,101
315,2023-11-01,298800,83
315,2023-12-01,259200,72
315,2024-01-01,313200,87
315,2024-02-01,230400,64
315,2024-03-01,288000,80
315,2024-04-01,244800,68
315,2024-05-01,187200,52
315,2024-06-01,288000,80
315,2024-07-01,100800,28
316,2023-03-01,144000,40
316,2023-04-01,518400,144
316,2023-05-01,576000,160
316,2023-06-01,604800,168
316,2023-07-01,604800,168
316,2023-08-01,259200,72
316,2023-09-01,432000,120
316,2023-10-01,604800,168
316,2023-11-01,604800,168
316,2023-12-01,432000,120
316,2024-01-01,489600,136
316,2024-02-01,604800,168
316,2024-03-01,576000,160
316,2024-04-01,547200,152
316,2024-05-01,144000,40
316,2024-06-01,547200,152
316,2024-07-01,633600,176
316,2024-08-01,576000,160
316,2024-09-01,547200,152
316,2024-10-01,432000,120
316,2024-11-01,576000,160
316,2024-12-01,28800,8
316,2025-02-01,577800,160.5
316,2025-03-01,576000,160
316,2025-04-01,576000,160
316,2025-05-01,547200,152
316,2025-06-01,617400,171.5
316,2025-07-01,0,0
317,2023-03-01,476100,132.25
317,2023-04-01,387000,107.5
317,2023-05-01,380700,105.75
317,2023-06-01,360000,100
317,2023-07-01,421200,117
317,2023-08-01,507600,141
317,2023-09-01,230400,64
317,2023-10-01,324000,90
317,2023-11-01,410400,114
317,2023-12-01,280800,78
317,2024-01-01,475200,132
317,2024-02-01,410400,114
317,2024-03-01,410400,114
317,2024-04-01,432000,120
317,2024-05-01,324000,90
317,2024-06-01,244800,68
317,2024-07-01,432000,120
317,2024-08-01,345600,96
317,2024-09-01,345600,96
317,2024-10-01,425700,118.25
317,2024-11-01,302400,84
318,2023-04-01,518400,144
318,2023-05-01,576000,160
318,2023-06-01,604800,168
318,2023-07-01,489600,136
318,2023-08-01,633600,176
318,2023-09-01,604800,168
318,2023-10-01,345600,96
318,2023-11-01,604800,168
318,2023-12-01,172800,48
318,2024-01-01,633600,176
318,2024-02-01,489600,136
318,2024-03-01,604800,168
318,2024-04-01,633600,176
318,2024-05-01,489600,136
318,2024-06-01,518400,144
318,2024-07-01,540900,150.25
318,2024-08-01,513900,142.75
318,2024-09-01,612000,170
318,2024-10-01,504000,140
318,2024-11-01,432000,120
318,2024-12-01,306000,85
318,2025-01-01,604800,168
318,2025-02-01,460800,128
318,2025-03-01,403200,112
319,2023-07-01,73800,20.5
319,2023-08-01,154800,43
319,2023-09-01,124200,34.5
319,2024-01-01,136800,38
319,2024-02-01,136800,38
319,2024-03-01,136800,38
321,2023-05-01,547200,152
321,2023-06-01,604800,168
321,2023-07-01,604800,168
321,2023-08-01,604800,168
321,2023-09-01,547200,152
321,2023-10-01,576000,160
321,2023-11-01,316800,88
321,2023-12-01,460800,128
321,2024-01-01,432000,120
321,2024-02-01,604800,168
321,2024-03-01,432000,120
321,2024-04-01,576000,160
321,2024-05-01,489600,136
321,2024-06-01,518400,144
321,2024-07-01,345600,96
321,2024-08-01,604800,168
321,2024-09-01,316800,88
321,2024-10-01,403200,112
322,2023-03-01,340200,94.5
322,2023-04-01,525600,146
322,2023-05-01,575100,159.75
322,2023-06-01,548100,152.25
322,2023-07-01,581400,161.5
322,2023-08-01,629100,174.75
322,2023-09-01,328500,91.25
322,2023-10-01,470700,130.75
322,2023-11-01,537300,149.25
322,2023-12-01,388800,108
322,2024-01-01,565200,157
322,2024-02-01,547200,152
322,2024-03-01,474300,131.75
322,2024-04-01,611100,169.75
322,2024-05-01,489600,136
322,2024-06-01,484200,134.5
322,2024-07-01,453600,126
322,2024-08-01,600300,166.75
322,2024-09-01,286200,79.5
322,2024-10-01,468900,130.25
322,2024-11-01,581400,161.5
322,2024-12-01,457200,127
322,2025-01-01,375300,104.25
322,2025-02-01,402300,111.75
323,2023-04-01,442800,123
323,2023-05-01,434700,120.75
323,2023-06-01,544500,151.25
323,2023-07-01,402300,111.75
323,2023-08-01,321300,89.25
323,2023-09-01,544500,151.25
323,2023-10-01,415800,115.5
323,2023-11-01,472500,131.25
323,2023-12-01,177120,49.2
323,2024-01-01,430200,119.5
323,2024-02-01,490500,136.25
323,2024-03-01,437400,121.5
323,2024-04-01,373500,103.75
323,2024-05-01,415800,115.5
323,2024-06-01,469800,130.5
323,2024-07-01,466200,129.5
323,2024-08-01,181800,50.5
323,2024-09-01,487800,135.5
323,2024-10-01,476100,132.25
323,2024-11-01,426600,118.5
323,2024-12-01,251820,69.95
323,2025-01-01,126000,35
323,2025-02-01,437400,121.5
323,2025-03-01,393840,109.4
324,2023-06-01,531900,147.75
324,2023-07-01,575100,159.75
324,2023-08-01,592200,164.5
324,2023-09-01,521100,144.75
324,2023-10-01,540000,150
324,2023-11-01,487800,135.5
324,2023-12-01,460800,128
324,2024-01-01,462600,128.5
324,2024-02-01,646200,179.5
324,2024-03-01,635400,176.5
324,2024-04-01,649800,180.5
324,2024-05-01,324000,90
324,2024-06-01,382500,106.25
324,2024-07-01,536400,149
324,2024-08-01,487800,135.5
324,2024-09-01,582300,161.75
324,2024-10-01,547200,152
324,2024-11-01,562500,156.25
324,2024-12-01,402300,111.75
324,2025-01-01,518400,144
324,2025-02-01,576000,160
324,2025-03-01,500400,139
324,2025-04-01,583200,162
324,2025-05-01,531000,147.5
324,2025-06-01,259200,72
325,2023-05-01,576000,160
325,2023-06-01,604800,168
325,2023-07-01,473400,131.5
325,2023-08-01,518400,144
325,2023-09-01,635400,176.5
325,2023-10-01,590400,164
325,2023-11-01,403200,112
325,2023-12-01,403200,112
325,2024-01-01,540000,150
325,2024-02-01,504000,140
325,2024-03-01,540000,150
325,2024-04-01,630000,175
325,2024-05-01,360000,100
325,2024-06-01,594000,165
325,2024-07-01,604800,168
325,2024-08-01,288000,80
325,2024-09-01,604800,168
325,2024-10-01,518400,144
325,2024-11-01,576000,160
325,2024-12-01,432000,120
325,2025-01-01,558000,155
325,2025-02-01,432000,120
325,2025-03-01,612000,170
325,2025-04-01,468000,130
325,2025-05-01,576000,160
325,2025-06-01,378000,105
325,2025-07-01,102600,28.5
325,2025-08-01,0,0
326,2023-07-01,604800,168
326,2023-08-01,662400,184
326,2023-09-01,604800,168
326,2023-10-01,489600,136
326,2023-11-01,547200,152
326,2023-12-01,403200,112
326,2024-01-01,518400,144
326,2024-02-01,604800,168
326,2024-03-01,576000,160
326,2024-04-01,547200,152
326,2024-05-01,518400,144
326,2024-06-01,561600,156
326,2024-07-01,576000,160
326,2024-08-01,273600,76
326,2024-09-01,576000,160
326,2024-10-01,576000,160
326,2024-11-01,644400,179
326,2024-12-01,334800,93
326,2025-01-01,577800,160.5
326,2025-02-01,587700,163.25
326,2025-03-01,591300,164.25
326,2025-04-01,596700,165.75
326,2025-05-01,512100,142.25
326,2025-06-01,331200,92
327,2023-10-01,604800,168
327,2023-11-01,604800,168
327,2023-12-01,432000,120
327,2024-01-01,463500,128.75
327,2024-02-01,434700,120.75
327,2024-03-01,575100,159.75
327,2024-04-01,614700,170.75
327,2024-05-01,567000,157.5
327,2024-06-01,437400,121.5
327,2024-07-01,545400,151.5
327,2024-08-01,462600,128.5
327,2024-09-01,430200,119.5
327,2024-10-01,601200,167
327,2024-11-01,580500,161.25
327,2024-12-01,393300,109.25
327,2025-01-01,527400,146.5
327,2025-02-01,482400,134
327,2025-03-01,508500,141.25
327,2025-04-01,475200,132
327,2025-05-01,580500,161.25
327,2025-06-01,408600,113.5
329,2023-07-01,43200,12
329,2023-08-01,72000,20
331,2023-10-01,544500,151.25
331,2023-11-01,544500,151.25
331,2023-12-01,414900,115.25
331,2024-01-01,466200,129.5
331,2024-02-01,518400,144
331,2024-03-01,518400,144
331,2024-04-01,545400,151.5
331,2024-05-01,432000,120
331,2024-06-01,518400,144
331,2024-07-01,595800,165.5
331,2024-08-01,311040,86.4
331,2024-09-01,500400,139
331,2024-10-01,475200,132
331,2024-11-01,442800,123
331,2024-12-01,300600,83.5
331,2025-01-01,453600,126
331,2025-02-01,403200,112
331,2025-03-01,554400,154
331,2025-04-01,538200,149.5
331,2025-05-01,518400,144
331,2025-06-01,216000,60
331,2025-07-01,43200,12
332,2023-10-01,604800,168
332,2023-11-01,604800,168
332,2023-12-01,432000,120
332,2024-01-01,633600,176
332,2024-02-01,604800,168
332,2024-03-01,460800,128
332,2024-04-01,604800,168
332,2024-05-01,547200,152
332,2024-07-01,662400,184
332,2024-08-01,633600,176
332,2024-09-01,604800,168
332,2024-10-01,633600,176
332,2024-11-01,432000,120
332,2024-12-01,489600,136
332,2025-01-01,583200,162
332,2025-02-01,577800,160.5
332,2025-03-01,523800,145.5
332,2025-04-01,531000,147.5
332,2025-05-01,289800,80.5
332,2025-06-01,547200,152
332,2025-07-01,86400,24
333,2023-10-01,106200,29.5
333,2023-11-01,115200,32
333,2023-12-01,115200,32
333,2024-01-01,115200,32
333,2024-02-01,115200,32
334,2023-10-01,345600,96
334,2023-11-01,604800,168
334,2023-12-01,547200,152
334,2024-01-01,507600,141
334,2024-02-01,592200,164.5
334,2024-03-01,572400,159
334,2024-04-01,531000,147.5
334,2024-05-01,374400,104
334,2024-06-01,576000,160
334,2024-07-01,547200,152
334,2024-08-01,345600,96
334,2024-09-01,604800,168
334,2024-10-01,648000,180
334,2024-11-01,532800,148
334,2024-12-01,259200,72
334,2025-01-01,349200,97
334,2025-02-01,594000,165
334,2025-03-01,608400,169
334,2025-04-01,507600,141
334,2025-05-01,172800,48
335,2023-10-01,259200,72
335,2023-11-01,453600,126
335,2023-12-01,345600,96
335,2024-01-01,432000,120
335,2024-02-01,345600,96
335,2024-03-01,432000,120
335,2024-04-01,367200,102
335,2024-05-01,410400,114
335,2024-06-01,302400,84
335,2024-07-01,496800,138
335,2024-08-01,367200,102
335,2024-09-01,237600,66
335,2024-10-01,396000,110
335,2024-11-01,446400,124
335,2024-12-01,324000,90
335,2025-01-01,303300,84.25
335,2025-02-01,432000,120
335,2025-03-01,306900,85.25
335,2025-04-01,450000,125
335,2025-05-01,336600,93.5
335,2025-06-01,366300,101.75
335,2025-07-01,8100,2.25
336,2024-01-01,636300,176.75
336,2024-02-01,601200,167
336,2024-03-01,584100,162.25
336,2024-04-01,608400,169
336,2024-05-01,463500,128.75
336,2024-06-01,533700,148.25
336,2024-07-01,432000,120
336,2024-08-01,288000,80
336,2024-09-01,604800,168
336,2024-10-01,28800,8
336,2024-11-01,576000,160
336,2024-12-01,259200,72
337,2024-01-01,648000,180
337,2024-02-01,630000,175
337,2024-03-01,590400,164
337,2024-04-01,511200,142
337,2024-05-01,376200,104.5
337,2024-06-01,576000,160
337,2024-07-01,662400,184
337,2024-08-01,633600,176
337,2024-09-01,259200,72
337,2024-10-01,547200,152
337,2024-11-01,613800,170.5
337,2024-12-01,259200,72
337,2025-02-01,489600,136
338,2024-04-01,404100,112.25
338,2024-05-01,528300,146.75
338,2024-06-01,578700,160.75
338,2024-07-01,605700,168.25
338,2024-08-01,428400,119
338,2024-09-01,440100,122.25
338,2024-10-01,618300,171.75
338,2024-11-01,565200,157
338,2024-12-01,453600,126
338,2025-01-01,547200,152
338,2025-02-01,550800,153
338,2025-03-01,461700,128.25
338,2025-04-01,601200,167
338,2025-05-01,349200,97
338,2025-06-01,459900,127.75
338,2025-07-01,116100,32.25
339,2024-02-01,617400,171.5
339,2024-03-01,565200,157
339,2024-04-01,670500,186.25
339,2024-05-01,600300,166.75
339,2024-06-01,609300,169.25
339,2024-07-01,621000,172.5
339,2024-08-01,558900,155.25
339,2024-09-01,339300,94.25
339,2024-10-01,624600,173.5
339,2024-11-01,395100,109.75
339,2024-12-01,302400,84
339,2025-01-01,557100,154.75
339,2025-02-01,564300,156.75
339,2025-03-01,541800,150.5
339,2025-04-01,521100,144.75
339,2025-05-01,574200,159.5
339,2025-06-01,482400,134
339,2025-07-01,101700,28.25
340,2024-02-01,439200,122
340,2024-03-01,324000,90
340,2024-04-01,446400,124
340,2024-05-01,345600,96
340,2024-06-01,419400,116.5
340,2024-07-01,423000,117.5
340,2024-08-01,259200,72
340,2024-09-01,410400,114
340,2024-10-01,432000,120
340,2024-11-01,324000,90
340,2024-12-01,302400,84
340,2025-01-01,237600,66
340,2025-02-01,388800,108
340,2025-03-01,237600,66
340,2025-04-01,432000,120
340,2025-05-01,324000,90
340,2025-06-01,367200,102
340,2025-07-01,82800,23
341,2024-01-01,355500,98.75
341,2024-02-01,615600,171
341,2024-03-01,570600,158.5
341,2024-04-01,668700,185.75
341,2024-05-01,524700,145.75
341,2024-06-01,438300,121.75
341,2024-07-01,505800,140.5
341,2024-08-01,630000,175
341,2024-09-01,609300,169.25
341,2024-10-01,350100,97.25
341,2024-11-01,533700,148.25
341,2024-12-01,319500,88.75
341,2025-01-01,501300,139.25
341,2025-02-01,592200,164.5
341,2025-03-01,651600,181
341,2025-04-01,534600,148.5
341,2025-05-01,527400,146.5
341,2025-06-01,424800,118
341,2025-07-01,86400,24
342,2024-02-01,489600,136
342,2024-03-01,547200,152
342,2024-04-01,576000,160
342,2024-05-01,518400,144
342,2024-06-01,576000,160
342,2024-07-01,460800,128
342,2024-08-01,259200,72
342,2024-09-01,604800,168
342,2024-10-01,518400,144
342,2024-11-01,547200,152
342,2024-12-01,518400,144
342,2025-01-01,460800,128
342,2025-02-01,489600,136
342,2025-03-01,201600,56
342,2025-04-01,432000,120
342,2025-05-01,547200,152
342,2025-06-01,547200,152
342,2025-07-01,28800,8
343,2024-01-01,345600,96
343,2024-02-01,626400,174
343,2024-03-01,464400,129
343,2024-04-01,410400,114
343,2024-05-01,547200,152
343,2024-06-01,626400,174
343,2024-07-01,583200,162
343,2024-08-01,489600,136
343,2024-09-01,633600,176
343,2024-10-01,576000,160
343,2024-11-01,568800,158
343,2024-12-01,381600,106
343,2025-01-01,576000,160
343,2025-02-01,601200,167
343,2025-03-01,489600,136
343,2025-04-01,538200,149.5
343,2025-05-01,603000,167.5
343,2025-06-01,379800,105.5
343,2025-07-01,86400,24
344,2024-04-01,609300,169.25
344,2024-05-01,555300,154.25
344,2024-06-01,576900,160.25
344,2024-07-01,663300,184.25
344,2024-08-01,398400,110.66666666666667
344,2024-09-01,615600,171
344,2024-10-01,626400,174
344,2024-11-01,450000,125
344,2024-12-01,372000,103.33333333333333
344,2025-01-01,547200,152
344,2025-02-01,576000,160
344,2025-03-01,450000,125
344,2025-04-01,540000,150
344,2025-05-01,522000,145
344,2025-06-01,449100,124.75
344,2025-07-01,87300,24.25
345,2024-05-01,432000,120
345,2024-06-01,489900,136.08333333333334
345,2024-07-01,624600,173.5
345,2024-08-01,333900,92.75
345,2024-09-01,570300,158.41666666666666
345,2024-10-01,573300,159.25
345,2024-11-01,446700,124.08333333333333
345,2024-12-01,434100,120.58333333333333
345,2025-01-01,547200,152
345,2025-02-01,432900,120.25
345,2025-03-01,543600,151
345,2025-04-01,315000,87.5
345,2025-06-01,250200,69.5
345,2025-07-01,116400,32.333333333333336
346,2024-05-01,547200,152
346,2024-06-01,583200,162
346,2024-07-01,655200,182
346,2024-08-01,460800,128
346,2024-09-01,547200,152
346,2024-10-01,410400,114
346,2024-11-01,540000,150
346,2024-12-01,316800,88
346,2025-01-01,518400,144
346,2025-02-01,576000,160
346,2025-03-01,576000,160
346,2025-04-01,487800,135.5
346,2025-05-01,594900,165.25
346,2025-06-01,396000,110
346,2025-07-01,59400,16.5
347,2024-04-01,518400,144
347,2024-05-01,514800,143
347,2024-06-01,466200,129.5
347,2024-07-01,627300,174.25
347,2024-08-01,494100,137.25
347,2024-09-01,576000,160
347,2024-10-01,312300,86.75
347,2024-11-01,524700,145.75
347,2024-12-01,430200,119.5
347,2025-01-01,517500,143.75
347,2025-02-01,581400,161.5
347,2025-03-01,490500,136.25
347,2025-04-01,554400,154
347,2025-05-01,504000,140
347,2025-06-01,261000,72.5
347,2025-07-01,113400,31.5
348,2024-04-01,460800,128
348,2024-05-01,432000,120
348,2024-06-01,482400,134
348,2024-07-01,576000,160
348,2024-08-01,208800,58
348,2024-09-01,489600,136
348,2024-10-01,518400,144
348,2024-11-01,374400,104
348,2024-12-01,345600,96
348,2025-01-01,345600,96
348,2025-02-01,374400,104
348,2025-03-01,489600,136
348,2025-04-01,501300,139.25
348,2025-05-01,189900,52.75
348,2025-06-01,140400,39
348,2025-07-01,0,0
349,2024-04-01,604800,168
349,2024-05-01,518400,144
349,2024-06-01,576000,160
349,2024-07-01,633600,176
349,2024-08-01,604800,168
349,2024-09-01,576000,160
349,2024-10-01,345600,96
349,2024-11-01,547200,152
349,2024-12-01,432000,120
349,2025-01-01,518400,144
349,2025-02-01,579600,161
349,2025-03-01,549000,152.5
349,2025-04-01,462600,128.5
349,2025-05-01,547200,152
349,2025-06-01,547200,152
349,2025-07-01,84600,23.5
350,2024-04-01,124200,34.5
350,2024-05-01,128700,35.75
350,2024-06-01,128700,35.75
350,2024-07-01,128700,35.75
350,2024-08-01,128700,35.75
350,2024-09-01,128700,35.75
350,2024-10-01,128700,35.75
350,2024-11-01,128700,35.75
350,2024-12-01,128700,35.75
350,2025-01-01,128700,35.75
350,2025-02-01,128700,35.75
350,2025-03-01,115200,32
351,2024-10-01,460800,128
351,2024-11-01,434700,120.75
351,2024-12-01,330300,91.75
351,2025-01-01,405900,112.75
351,2025-02-01,432000,120
351,2025-03-01,351000,97.5
351,2025-04-01,324900,90.25
351,2025-05-01,324000,90
359,2024-10-01,546300,151.75
359,2024-11-01,567900,157.75
359,2024-12-01,325800,90.5
359,2025-03-01,0,0
360,2024-10-01,604800,168
360,2024-11-01,547200,152
360,2024-12-01,403200,112
360,2025-01-01,547200,152
360,2025-02-01,547200,152
360,2025-03-01,604800,168
360,2025-04-01,576000,160
360,2025-05-01,518400,144
360,2025-06-01,518400,144
360,2025-07-01,115200,32
361,2024-10-01,438000,121.66666666666667
361,2024-11-01,489600,136
361,2024-12-01,315000,87.5
361,2025-01-01,46080,12.8
362,2024-10-01,633600,176
362,2024-11-01,576000,160
362,2024-12-01,432000,120
362,2025-01-01,540000,150
362,2025-02-01,540000,150
362,2025-03-01,594000,165
362,2025-04-01,576000,160
362,2025-05-01,468000,130
362,2025-06-01,486000,135
363,2024-10-01,349200,97
363,2024-11-01,576000,160
363,2024-12-01,516600,143.5
363,2025-01-01,604800,168
363,2025-02-01,590400,164
363,2025-03-01,609300,169.25
363,2025-04-01,485100,134.75
363,2025-05-01,522000,145
363,2025-06-01,537300,149.25
363,2025-07-01,87300,24.25
364,2024-11-01,547200,152
364,2024-12-01,518400,144
364,2025-01-01,662400,184
364,2025-02-01,482400,134
364,2025-03-01,623700,173.25
364,2025-04-01,537300,149.25
364,2025-05-01,331200,92
364,2025-06-01,405300,112.58333333333333
364,2025-07-01,61200,17
367,2024-10-01,144000,40
367,2024-11-01,144000,40
367,2024-12-01,144000,40
367,2025-01-01,144000,40
367,2025-02-01,144000,40
367,2025-03-01,144000,40
367,2025-04-01,144000,40
367,2025-05-01,144000,40
367,2025-06-01,144000,40
367,2025-07-01,28800,8
368,2024-11-01,410400,114
368,2024-12-01,277200,77
368,2025-01-01,363600,101
368,2025-02-01,403200,112
368,2025-03-01,403200,112
368,2025-04-01,342000,95
368,2025-05-01,403200,112
368,2025-06-01,268200,74.5
369,2025-01-01,563400,156.5
369,2025-02-01,586800,163
369,2025-03-01,636300,176.75
369,2025-04-01,547200,152
369,2025-05-01,518400,144
369,2025-06-01,517500,143.75
376,2025-03-01,610200,169.5
376,2025-04-01,557100,154.75
376,2025-05-01,575100,159.75
376,2025-06-01,491400,136.5
376,2025-07-01,118800,33
378,2025-03-01,604800,168
378,2025-04-01,576000,160
378,2025-05-01,432000,120
378,2025-06-01,547200,152
378,2025-07-01,86400,24
379,2025-04-01,576000,160
379,2025-05-01,547200,152
379,2025-06-01,547200,152
380,2025-05-01,485100,134.75
380,2025-06-01,547200,152
380,2025-07-01,88200,24.5
381,2025-06-01,533700,148.25
381,2025-07-01,117900,32.75
382,2025-07-01,122400,34
383,2025-07-01,118800,33
,,0,0
