du_id,entity_code,month,project_id,project,workpackage,wp_title,programme,is_heu,basis,hours,declared_day_equiv,rate,reported_cost
4,2017,2024-01-01,593,RESTORE,3851,WP8 Coordination and Management 1PM,H2020,FALSE,PRORATA_PAYROLL,12.625,,,668.89
4,2017,2024-02-01,593,RESTORE,3851,WP8 Coordination and Management 1PM,H2020,FALSE,PRORATA_PAYROLL,19.041666666666668,,,829.97
4,2017,2024-03-01,593,RESTORE,3851,WP8 Coordination and Management 1PM,H2020,FALSE,PRORATA_PAYROLL,8.333333333333334,,,465.97
4,2017,2024-04-01,593,RESTORE,3851,WP8 Coordination and Management 1PM,H2020,FALSE,PRORATA_PAYROLL,1.6666666666666667,,,442.89
8,2016,2025-01-01,530,ISLANDER (mit MwSt),3403,WP8 Showcase Borkum (T8.2),H2020,FALSE,PRORATA_PAYROLL,25.833333333333332,,,0
8,2016,2025-02-01,530,ISLANDER (mit MwSt),3403,WP8 Showcase Borkum (T8.2),H2020,FALSE,PRORATA_PAYROLL,16.5,,,0
8,2016,2025-03-01,530,ISLANDER (mit MwSt),3403,WP8 Showcase Borkum (T8.2),H2020,FALSE,PRORATA_PAYROLL,20,,,0
8,2016,2025-04-01,530,ISLANDER (mit MwSt),3403,WP8 Showcase Borkum (T8.2),H2020,FALSE,PRORATA_PAYROLL,20,,,0
8,2016,2025-05-01,530,ISLANDER (mit MwSt),3403,WP8 Showcase Borkum (T8.2),H2020,FALSE,PRORATA_PAYROLL,3.3333333333333335,,,0
8,2016,2025-06-01,530,ISLANDER (mit MwSt),3403,WP8 Showcase Borkum (T8.2),H2020,FALSE,PRORATA_PAYROLL,13.333333333333334,,,0
11,2017,2024-05-01,553,EiA,3435,WP8 Project MGT,H2020,FALSE,PRORATA_PAYROLL,13.895833333333334,,,1094.5
11,2017,2024-06-01,553,EiA,3435,WP8 Project MGT,H2020,FALSE,PRORATA_PAYROLL,19.208333333333332,,,1306.21
11,2017,2024-03-01,642,TENDER: DTA,4014,Tender DTA - 2024,TENDER,FALSE,PRORATA_PAYROLL,25.875,,,1659.29
11,2017,2024-04-01,642,TENDER: DTA,4014,Tender DTA - 2024,TENDER,FALSE,PRORATA_PAYROLL,43.958333333333336,,,2834.58
11,2017,2024-05-01,642,TENDER: DTA,4014,Tender DTA - 2024,TENDER,FALSE,PRORATA_PAYROLL,6.3125,,,497.2
11,2017,2024-01-01,644,TENDER: Smart Cities Marketplace 2.0,4024,Events 2024,TENDER,FALSE,PRORATA_PAYROLL,29.5,,,1719.77
11,2017,2024-02-01,667,TENDER: SKIIVE,4564,Capacity Building,TENDER,FALSE,PRORATA_PAYROLL,4.75,,,290.1
11,2017,2024-02-01,681,TENDER: Citizen Led 1,4230,Inhaltlich 2024,TENDER,FALSE,PRORATA_PAYROLL,31.875,,,1946.72
11,2017,2024-03-01,681,TENDER: Citizen Led 1,4230,Inhaltlich 2024,TENDER,FALSE,PRORATA_PAYROLL,9.708333333333334,,,622.57
11,2017,2024-01-01,683,TENDER: EU Island 2.0,4183,Events 2024,TENDER,FALSE,PRORATA_PAYROLL,41,,,2390.19
11,2017,2024-02-01,683,TENDER: EU Island 2.0,4183,Events 2024,TENDER,FALSE,PRORATA_PAYROLL,11.875,,,725.25
11,2017,2024-02-01,693,TENDER: FWC Hydrogen 2023,4264,BD Umsetzung,TENDER,FALSE,PRORATA_PAYROLL,22.375,,,1366.52
11,2017,2024-03-01,693,TENDER: FWC Hydrogen 2023,4264,BD Umsetzung,TENDER,FALSE,PRORATA_PAYROLL,19.208333333333332,,,1231.78
11,2017,2024-01-01,729,EVENT: OIK 2024,4482,OIK 2024 Vorbereitung 2024,EVENT,FALSE,PRORATA_PAYROLL,19.75,,,1151.37
11,2017,2024-02-01,729,EVENT: OIK 2024,4482,OIK 2024 Vorbereitung 2024,EVENT,FALSE,PRORATA_PAYROLL,15.791666666666666,,,964.45
11,2017,2024-03-01,729,EVENT: OIK 2024,4482,OIK 2024 Vorbereitung 2024,EVENT,FALSE,PRORATA_PAYROLL,4,,,256.51
11,2017,2024-03-01,746,EVENT: EU-Forschungsförderung MWK 08.03.2024,4540,Umsetzung EVENT Forschungsförderung 8.3.24,EVENT,FALSE,PRORATA_PAYROLL,10.166666666666666,,,651.96
11,2017,2024-01-01,750,TENDER: Citizen Led 2,4548,WP Planung 2024,TENDER,FALSE,PRORATA_PAYROLL,15.25,,,889.04
11,2017,2024-02-01,750,TENDER: Citizen Led 2,4548,WP Planung 2024,TENDER,FALSE,PRORATA_PAYROLL,8,,,488.59
11,2017,2024-03-01,750,TENDER: Citizen Led 2,4548,WP Planung 2024,TENDER,FALSE,PRORATA_PAYROLL,7.25,,,464.92
11,2017,2024-04-01,750,TENDER: Citizen Led 2,4548,WP Planung 2024,TENDER,FALSE,PRORATA_PAYROLL,46.5,,,2998.47
11,2017,2024-05-01,750,TENDER: Citizen Led 2,4548,WP Planung 2024,TENDER,FALSE,PRORATA_PAYROLL,14.208333333333334,,,1119.12
11,2017,2024-03-01,751,EVENT: StaMi 4 Motoren 2024,4550,WP Planung 2024,EVENT,FALSE,PRORATA_PAYROLL,4,,,256.51
12,2017,2024-01-01,538,EU-KONFORM: Aquarray ProjMgt,4669,Umsetzung Aquarray 2024,EU-KONFORM,FALSE,PRORATA_PAYROLL,8,,,590.41
12,2017,2024-02-01,538,EU-KONFORM: Aquarray ProjMgt,4669,Umsetzung Aquarray 2024,EU-KONFORM,FALSE,PRORATA_PAYROLL,19.875,,,1272.54
12,2017,2024-03-01,538,EU-KONFORM: Aquarray ProjMgt,4669,Umsetzung Aquarray 2024,EU-KONFORM,FALSE,PRORATA_PAYROLL,9.25,,,647.14
12,2017,2024-01-01,593,RESTORE,3848,WP6 Exploitation and Business Model Development 15PM,H2020,FALSE,PRORATA_PAYROLL,3.75,,,276.75
12,2017,2024-02-01,593,RESTORE,3848,WP6 Exploitation and Business Model Development 15PM,H2020,FALSE,PRORATA_PAYROLL,4.5,,,288.12
12,2017,2024-03-01,593,RESTORE,3848,WP6 Exploitation and Business Model Development 15PM,H2020,FALSE,PRORATA_PAYROLL,4,,,279.84
12,2017,2024-04-01,593,RESTORE,3848,WP6 Exploitation and Business Model Development 15PM,H2020,FALSE,PRORATA_PAYROLL,4.75,,,348.84
12,2017,2024-05-01,593,RESTORE,3848,WP6 Exploitation and Business Model Development 15PM,H2020,FALSE,PRORATA_PAYROLL,8.375,,,662.4
12,2017,2024-06-01,593,RESTORE,3848,WP6 Exploitation and Business Model Development 15PM,H2020,FALSE,PRORATA_PAYROLL,8.625,,,617.58
12,2017,2024-07-01,593,RESTORE,3848,WP6 Exploitation and Business Model Development 15PM,H2020,FALSE,PRORATA_PAYROLL,4.5,,,756.32
12,2017,2024-02-01,667,TENDER: SKIIVE,4564,Capacity Building,TENDER,FALSE,PRORATA_PAYROLL,18.625,,,1192.5
12,2017,2024-06-01,791,EU-KONFORM: Call Screening Stadt Asperg,4752,Umsetzung CS Stadt Asperg,EU-KONFORM,FALSE,PRORATA_PAYROLL,9,,,644.43
15,2016,2024-08-01,592,OpenLab (inkl. MwSt),3824,WP8 D&C,H2020,FALSE,PRORATA_PAYROLL,12,,,574.83
15,2016,2024-09-01,592,OpenLab (inkl. MwSt),3824,WP8 D&C,H2020,FALSE,PRORATA_PAYROLL,8,,,617.08
15,2016,2024-10-01,592,OpenLab (inkl. MwSt),3824,WP8 D&C,H2020,FALSE,PRORATA_PAYROLL,9,,,351.62
15,2016,2024-11-01,592,OpenLab (inkl. MwSt),3824,WP8 D&C,H2020,FALSE,PRORATA_PAYROLL,4,,,189.2
15,2016,2024-12-01,592,OpenLab (inkl. MwSt),3824,WP8 D&C,H2020,FALSE,PRORATA_PAYROLL,6,,,593.77
15,2017,2024-01-01,675,WM: Social Innovation Challenge 2.0,4136,Modul 2 - Workshops,REGIONALE FÖRDERUNG,FALSE,PRORATA_PAYROLL,25.75,,,1259.07
15,2017,2024-02-01,675,WM: Social Innovation Challenge 2.0,4136,Modul 2 - Workshops,REGIONALE FÖRDERUNG,FALSE,PRORATA_PAYROLL,19.75,,,841.15
15,2017,2024-03-01,675,WM: Social Innovation Challenge 2.0,4136,Modul 2 - Workshops,REGIONALE FÖRDERUNG,FALSE,PRORATA_PAYROLL,31,,,2082.87
15,2017,2024-04-01,675,WM: Social Innovation Challenge 2.0,4136,Modul 2 - Workshops,REGIONALE FÖRDERUNG,FALSE,PRORATA_PAYROLL,28.5,,,1123.05
15,2017,2024-05-01,675,WM: Social Innovation Challenge 2.0,4136,Modul 2 - Workshops,REGIONALE FÖRDERUNG,FALSE,PRORATA_PAYROLL,16.25,,,1020.07
15,2017,2024-06-01,675,WM: Social Innovation Challenge 2.0,4136,Modul 2 - Workshops,REGIONALE FÖRDERUNG,FALSE,PRORATA_PAYROLL,28.25,,,2029.05
15,2017,2024-07-01,675,WM: Social Innovation Challenge 2.0,4136,Modul 2 - Workshops,REGIONALE FÖRDERUNG,FALSE,PRORATA_PAYROLL,25.75,,,1038.48
15,2017,2024-01-01,675,WM: Social Innovation Challenge 2.0,4137,Modul 3 - Netzwerken,REGIONALE FÖRDERUNG,FALSE,PRORATA_PAYROLL,33.25,,,1625.8
15,2017,2024-02-01,675,WM: Social Innovation Challenge 2.0,4137,Modul 3 - Netzwerken,REGIONALE FÖRDERUNG,FALSE,PRORATA_PAYROLL,36.25,,,1543.88
15,2017,2024-03-01,675,WM: Social Innovation Challenge 2.0,4137,Modul 3 - Netzwerken,REGIONALE FÖRDERUNG,FALSE,PRORATA_PAYROLL,19.25,,,1293.4
15,2017,2024-04-01,675,WM: Social Innovation Challenge 2.0,4137,Modul 3 - Netzwerken,REGIONALE FÖRDERUNG,FALSE,PRORATA_PAYROLL,36.25,,,1428.44
15,2017,2024-05-01,675,WM: Social Innovation Challenge 2.0,4137,Modul 3 - Netzwerken,REGIONALE FÖRDERUNG,FALSE,PRORATA_PAYROLL,24.75,,,1553.65
15,2017,2024-06-01,675,WM: Social Innovation Challenge 2.0,4137,Modul 3 - Netzwerken,REGIONALE FÖRDERUNG,FALSE,PRORATA_PAYROLL,11.75,,,843.94
15,2017,2024-07-01,675,WM: Social Innovation Challenge 2.0,4137,Modul 3 - Netzwerken,REGIONALE FÖRDERUNG,FALSE,PRORATA_PAYROLL,55.25,,,2228.2
18,2017,2024-01-01,636,Vanguard 2022-2024,4775,WP1 Interreg. Koop. 2024,REGIONALE FÖRDERUNG,FALSE,PRORATA_PAYROLL,14.75,,,754.73
18,2017,2024-02-01,636,Vanguard 2022-2024,4775,WP1 Interreg. Koop. 2024,REGIONALE FÖRDERUNG,FALSE,PRORATA_PAYROLL,12.75,,,849.96
18,2017,2024-03-01,636,Vanguard 2022-2024,4775,WP1 Interreg. Koop. 2024,REGIONALE FÖRDERUNG,FALSE,PRORATA_PAYROLL,15.25,,,795.72
18,2017,2024-04-01,636,Vanguard 2022-2024,4775,WP1 Interreg. Koop. 2024,REGIONALE FÖRDERUNG,FALSE,PRORATA_PAYROLL,7,,,594.07
18,2017,2024-05-01,636,Vanguard 2022-2024,4775,WP1 Interreg. Koop. 2024,REGIONALE FÖRDERUNG,FALSE,PRORATA_PAYROLL,20,,,1404.14
18,2017,2024-06-01,636,Vanguard 2022-2024,4775,WP1 Interreg. Koop. 2024,REGIONALE FÖRDERUNG,FALSE,PRORATA_PAYROLL,22.5,,,1402.29
18,2017,2024-07-01,636,Vanguard 2022-2024,4775,WP1 Interreg. Koop. 2024,REGIONALE FÖRDERUNG,FALSE,PRORATA_PAYROLL,11.5,,,607.56
18,2017,2024-08-01,636,Vanguard 2022-2024,4775,WP1 Interreg. Koop. 2024,REGIONALE FÖRDERUNG,FALSE,PRORATA_PAYROLL,18.125,,,1756.98
18,2017,2024-01-01,636,Vanguard 2022-2024,4776,WP2 Initiierung Antrag 2024,REGIONALE FÖRDERUNG,FALSE,PRORATA_PAYROLL,19.75,,,1010.57
18,2017,2024-02-01,636,Vanguard 2022-2024,4776,WP2 Initiierung Antrag 2024,REGIONALE FÖRDERUNG,FALSE,PRORATA_PAYROLL,7.5,,,499.98
18,2017,2024-03-01,636,Vanguard 2022-2024,4776,WP2 Initiierung Antrag 2024,REGIONALE FÖRDERUNG,FALSE,PRORATA_PAYROLL,7.75,,,404.38
18,2017,2024-04-01,636,Vanguard 2022-2024,4776,WP2 Initiierung Antrag 2024,REGIONALE FÖRDERUNG,FALSE,PRORATA_PAYROLL,7.5,,,636.5
18,2017,2024-05-01,636,Vanguard 2022-2024,4776,WP2 Initiierung Antrag 2024,REGIONALE FÖRDERUNG,FALSE,PRORATA_PAYROLL,12.75,,,895.14
18,2017,2024-06-01,636,Vanguard 2022-2024,4776,WP2 Initiierung Antrag 2024,REGIONALE FÖRDERUNG,FALSE,PRORATA_PAYROLL,12.5,,,779.05
18,2017,2024-07-01,636,Vanguard 2022-2024,4776,WP2 Initiierung Antrag 2024,REGIONALE FÖRDERUNG,FALSE,PRORATA_PAYROLL,13,,,686.8
18,2017,2024-08-01,636,Vanguard 2022-2024,4776,WP2 Initiierung Antrag 2024,REGIONALE FÖRDERUNG,FALSE,PRORATA_PAYROLL,3.125,,,302.93
18,2017,2024-07-01,791,EU-KONFORM: Call Screening Stadt Asperg,4752,Umsetzung CS Stadt Asperg,EU-KONFORM,FALSE,PRORATA_PAYROLL,2.5,,,132.08
18,2017,2024-08-01,791,EU-KONFORM: Call Screening Stadt Asperg,4752,Umsetzung CS Stadt Asperg,EU-KONFORM,FALSE,PRORATA_PAYROLL,2.75,,,266.58
21,2017,2024-01-01,271,S2i Personal in Gemeinkosten,4638,PK in OH 2024,GEMEINKOSTEN - NICHT PROJEKTVOLUMEN RELEVANT,FALSE,PRORATA_PAYROLL,63.166666666666664,,,6149.76
21,2017,2024-02-01,271,S2i Personal in Gemeinkosten,4638,PK in OH 2024,GEMEINKOSTEN - NICHT PROJEKTVOLUMEN RELEVANT,FALSE,PRORATA_PAYROLL,75.25,,,6507.49
21,2017,2024-03-01,271,S2i Personal in Gemeinkosten,4638,PK in OH 2024,GEMEINKOSTEN - NICHT PROJEKTVOLUMEN RELEVANT,FALSE,PRORATA_PAYROLL,57.166666666666664,,,6761.7
21,2017,2024-04-01,271,S2i Personal in Gemeinkosten,4638,PK in OH 2024,GEMEINKOSTEN - NICHT PROJEKTVOLUMEN RELEVANT,FALSE,PRORATA_PAYROLL,54.083333333333336,,,5648.04
21,2017,2024-05-01,271,S2i Personal in Gemeinkosten,4638,PK in OH 2024,GEMEINKOSTEN - NICHT PROJEKTVOLUMEN RELEVANT,FALSE,PRORATA_PAYROLL,44.125,,,5642.93
21,2017,2024-06-01,271,S2i Personal in Gemeinkosten,4638,PK in OH 2024,GEMEINKOSTEN - NICHT PROJEKTVOLUMEN RELEVANT,FALSE,PRORATA_PAYROLL,42.625,,,4091.6
21,2017,2024-07-01,271,S2i Personal in Gemeinkosten,4638,PK in OH 2024,GEMEINKOSTEN - NICHT PROJEKTVOLUMEN RELEVANT,FALSE,PRORATA_PAYROLL,57.166666666666664,,,4779.34
21,2017,2024-08-01,271,S2i Personal in Gemeinkosten,4638,PK in OH 2024,GEMEINKOSTEN - NICHT PROJEKTVOLUMEN RELEVANT,FALSE,PRORATA_PAYROLL,26.583333333333332,,,5347.49
21,2017,2024-09-01,271,S2i Personal in Gemeinkosten,4638,PK in OH 2024,GEMEINKOSTEN - NICHT PROJEKTVOLUMEN RELEVANT,FALSE,PRORATA_PAYROLL,73.16666666666667,,,5932.91
21,2017,2024-10-01,271,S2i Personal in Gemeinkosten,4638,PK in OH 2024,GEMEINKOSTEN - NICHT PROJEKTVOLUMEN RELEVANT,FALSE,PRORATA_PAYROLL,65.8125,,,5514.7
21,2017,2024-11-01,271,S2i Personal in Gemeinkosten,4638,PK in OH 2024,GEMEINKOSTEN - NICHT PROJEKTVOLUMEN RELEVANT,FALSE,PRORATA_PAYROLL,54.166666666666664,,,5104.5
21,2017,2024-12-01,271,S2i Personal in Gemeinkosten,4638,PK in OH 2024,GEMEINKOSTEN - NICHT PROJEKTVOLUMEN RELEVANT,FALSE,PRORATA_PAYROLL,34.583333333333336,,,10519.57
21,2017,2024-01-01,294,SIG Overheads Rechnung,4795,SIG GK-PK Anteil 2024,GEMEINKOSTEN - NICHT PROJEKTVOLUMEN RELEVANT,FALSE,PRORATA_PAYROLL,63.166666666666664,,,6149.76
21,2017,2024-02-01,294,SIG Overheads Rechnung,4795,SIG GK-PK Anteil 2024,GEMEINKOSTEN - NICHT PROJEKTVOLUMEN RELEVANT,FALSE,PRORATA_PAYROLL,68.66666666666667,,,5938.17
21,2017,2024-03-01,294,SIG Overheads Rechnung,4795,SIG GK-PK Anteil 2024,GEMEINKOSTEN - NICHT PROJEKTVOLUMEN RELEVANT,FALSE,PRORATA_PAYROLL,48.666666666666664,,,5756.32
21,2017,2024-04-01,294,SIG Overheads Rechnung,4795,SIG GK-PK Anteil 2024,GEMEINKOSTEN - NICHT PROJEKTVOLUMEN RELEVANT,FALSE,PRORATA_PAYROLL,54.083333333333336,,,5648.04
21,2017,2024-05-01,294,SIG Overheads Rechnung,4795,SIG GK-PK Anteil 2024,GEMEINKOSTEN - NICHT PROJEKTVOLUMEN RELEVANT,FALSE,PRORATA_PAYROLL,44.125,,,5642.93
21,2017,2024-06-01,294,SIG Overheads Rechnung,4795,SIG GK-PK Anteil 2024,GEMEINKOSTEN - NICHT PROJEKTVOLUMEN RELEVANT,FALSE,PRORATA_PAYROLL,40.291666666666664,,,3867.62
21,2017,2024-07-01,294,SIG Overheads Rechnung,4795,SIG GK-PK Anteil 2024,GEMEINKOSTEN - NICHT PROJEKTVOLUMEN RELEVANT,FALSE,PRORATA_PAYROLL,57.166666666666664,,,4779.34
21,2017,2024-08-01,294,SIG Overheads Rechnung,4795,SIG GK-PK Anteil 2024,GEMEINKOSTEN - NICHT PROJEKTVOLUMEN RELEVANT,FALSE,PRORATA_PAYROLL,26.583333333333332,,,5347.49
21,2017,2024-09-01,294,SIG Overheads Rechnung,4795,SIG GK-PK Anteil 2024,GEMEINKOSTEN - NICHT PROJEKTVOLUMEN RELEVANT,FALSE,PRORATA_PAYROLL,70.16666666666667,,,5689.65
21,2017,2024-10-01,294,SIG Overheads Rechnung,4795,SIG GK-PK Anteil 2024,GEMEINKOSTEN - NICHT PROJEKTVOLUMEN RELEVANT,FALSE,PRORATA_PAYROLL,67.64583333333333,,,5668.32
21,2017,2024-11-01,294,SIG Overheads Rechnung,4795,SIG GK-PK Anteil 2024,GEMEINKOSTEN - NICHT PROJEKTVOLUMEN RELEVANT,FALSE,PRORATA_PAYROLL,54.166666666666664,,,5104.5
21,2017,2024-12-01,294,SIG Overheads Rechnung,4795,SIG GK-PK Anteil 2024,GEMEINKOSTEN - NICHT PROJEKTVOLUMEN RELEVANT,FALSE,PRORATA_PAYROLL,26,,,7908.69
21,2017,2024-03-01,644,TENDER: Smart Cities Marketplace 2.0,4020,DC 2024,TENDER,FALSE,PRORATA_PAYROLL,4.333333333333333,,,512.55
21,2017,2024-04-01,644,TENDER: Smart Cities Marketplace 2.0,4020,DC 2024,TENDER,FALSE,PRORATA_PAYROLL,2.8333333333333335,,,295.89
21,2017,2024-05-01,644,TENDER: Smart Cities Marketplace 2.0,4020,DC 2024,TENDER,FALSE,PRORATA_PAYROLL,8.333333333333334,,,1065.71
21,2017,2024-06-01,644,TENDER: Smart Cities Marketplace 2.0,4020,DC 2024,TENDER,FALSE,PRORATA_PAYROLL,2.3333333333333335,,,223.98
21,2017,2024-07-01,644,TENDER: Smart Cities Marketplace 2.0,4020,DC 2024,TENDER,FALSE,PRORATA_PAYROLL,5.5,,,459.82
21,2017,2024-08-01,644,TENDER: Smart Cities Marketplace 2.0,4020,DC 2024,TENDER,FALSE,PRORATA_PAYROLL,2.8333333333333335,,,569.95
21,2017,2024-10-01,644,TENDER: Smart Cities Marketplace 2.0,4020,DC 2024,TENDER,FALSE,PRORATA_PAYROLL,1.8333333333333333,,,153.62
21,2017,2024-11-01,644,TENDER: Smart Cities Marketplace 2.0,4020,DC 2024,TENDER,FALSE,PRORATA_PAYROLL,6,,,565.42
21,2017,2024-12-01,644,TENDER: Smart Cities Marketplace 2.0,4020,DC 2024,TENDER,FALSE,PRORATA_PAYROLL,4.708333333333333,,,1432.18
21,2017,2024-01-01,683,TENDER: EU Island 2.0,4222,D+C 2024,TENDER,FALSE,PRORATA_PAYROLL,3,,,292.07
21,2017,2024-03-01,683,TENDER: EU Island 2.0,4222,D+C 2024,TENDER,FALSE,PRORATA_PAYROLL,3.5,,,413.98
21,2017,2024-04-01,683,TENDER: EU Island 2.0,4222,D+C 2024,TENDER,FALSE,PRORATA_PAYROLL,2.6666666666666665,,,278.49
21,2017,2024-06-01,683,TENDER: EU Island 2.0,4222,D+C 2024,TENDER,FALSE,PRORATA_PAYROLL,9.666666666666666,,,927.91
21,2017,2024-07-01,683,TENDER: EU Island 2.0,4222,D+C 2024,TENDER,FALSE,PRORATA_PAYROLL,2.8333333333333335,,,236.88
21,2017,2024-08-01,683,TENDER: EU Island 2.0,4222,D+C 2024,TENDER,FALSE,PRORATA_PAYROLL,3,,,603.48
21,2017,2024-09-01,683,TENDER: EU Island 2.0,4222,D+C 2024,TENDER,FALSE,PRORATA_PAYROLL,3,,,243.26
21,2017,2024-10-01,683,TENDER: EU Island 2.0,4222,D+C 2024,TENDER,FALSE,PRORATA_PAYROLL,6.145833333333333,,,514.98
21,2017,2024-12-01,683,TENDER: EU Island 2.0,4222,D+C 2024,TENDER,FALSE,PRORATA_PAYROLL,5.083333333333333,,,1546.25
21,2017,2024-01-01,757,EU-KONFORM: DE/2023-06-13/Wörwag 2. Stufe,4565,Umsetzung WÖRWAG 2. Stufe,EU-KONFORM,FALSE,PRORATA_PAYROLL,6,,,584.15
21,2017,2024-02-01,757,EU-KONFORM: DE/2023-06-13/Wörwag 2. Stufe,4565,Umsetzung WÖRWAG 2. Stufe,EU-KONFORM,FALSE,PRORATA_PAYROLL,8.333333333333334,,,720.65
21,2017,2024-04-01,757,EU-KONFORM: DE/2023-06-13/Wörwag 2. Stufe,4565,Umsetzung WÖRWAG 2. Stufe,EU-KONFORM,FALSE,PRORATA_PAYROLL,8,,,835.46
21,2017,2024-03-01,796,TENDER: FWC Hydrogen FP2,4774,WP1 Umsetzung,TENDER,FALSE,PRORATA_PAYROLL,2.6666666666666665,,,315.41
21,2017,2024-04-01,796,TENDER: FWC Hydrogen FP2,4774,WP1 Umsetzung,TENDER,FALSE,PRORATA_PAYROLL,2.8333333333333335,,,295.89
21,2017,2024-06-01,796,TENDER: FWC Hydrogen FP2,4774,WP1 Umsetzung,TENDER,FALSE,PRORATA_PAYROLL,7.333333333333333,,,703.93
21,2017,2024-07-01,796,TENDER: FWC Hydrogen FP2,4774,WP1 Umsetzung,TENDER,FALSE,PRORATA_PAYROLL,11.375,,,950.99
21,2017,2024-08-01,796,TENDER: FWC Hydrogen FP2,4774,WP1 Umsetzung,TENDER,FALSE,PRORATA_PAYROLL,2.6666666666666665,,,536.43
21,2017,2024-09-01,796,TENDER: FWC Hydrogen FP2,4774,WP1 Umsetzung,TENDER,FALSE,PRORATA_PAYROLL,2.3333333333333335,,,189.2
21,2017,2024-10-01,796,TENDER: FWC Hydrogen FP2,4774,WP1 Umsetzung,TENDER,FALSE,PRORATA_PAYROLL,2.1875,,,183.3
21,2017,2024-11-01,796,TENDER: FWC Hydrogen FP2,4774,WP1 Umsetzung,TENDER,FALSE,PRORATA_PAYROLL,3,,,282.71
21,2017,2024-12-01,796,TENDER: FWC Hydrogen FP2,4774,WP1 Umsetzung,TENDER,FALSE,PRORATA_PAYROLL,4.375,,,1330.79
22,2016,2024-02-01,573,Enterprise Europe Network 2022 - 2024: Expert Contract,3957,EEN Expert 2024,VERRECHNUNG INTERN,FALSE,PRORATA_PAYROLL,26.5,,,0
22,2016,2024-03-01,573,Enterprise Europe Network 2022 - 2024: Expert Contract,3957,EEN Expert 2024,VERRECHNUNG INTERN,FALSE,PRORATA_PAYROLL,8.5,,,0
22,2016,2024-11-01,573,Enterprise Europe Network 2022 - 2024: Expert Contract,3957,EEN Expert 2024,VERRECHNUNG INTERN,FALSE,PRORATA_PAYROLL,33.75,,,0
22,2136,2024-01-01,715,EUB: 2024 - 2025,4414,EUB 2024,INSTITUTIONELLE FÖRDERUNG,FALSE,PRORATA_PAYROLL,138.66666666666666,,,14383.86
22,2136,2024-02-01,715,EUB: 2024 - 2025,4414,EUB 2024,INSTITUTIONELLE FÖRDERUNG,FALSE,PRORATA_PAYROLL,148,,,14383.86
22,2136,2024-03-01,715,EUB: 2024 - 2025,4414,EUB 2024,INSTITUTIONELLE FÖRDERUNG,FALSE,PRORATA_PAYROLL,94.25,,,15083.86
22,2136,2024-04-01,715,EUB: 2024 - 2025,4414,EUB 2024,INSTITUTIONELLE FÖRDERUNG,FALSE,PRORATA_PAYROLL,130.45833333333334,,,14383.86
22,2136,2024-05-01,715,EUB: 2024 - 2025,4414,EUB 2024,INSTITUTIONELLE FÖRDERUNG,FALSE,PRORATA_PAYROLL,157.875,,,14383.86
22,2136,2024-06-01,715,EUB: 2024 - 2025,4414,EUB 2024,INSTITUTIONELLE FÖRDERUNG,FALSE,PRORATA_PAYROLL,166.875,,,15083.86
22,2136,2024-07-01,715,EUB: 2024 - 2025,4414,EUB 2024,INSTITUTIONELLE FÖRDERUNG,FALSE,PRORATA_PAYROLL,72.08333333333333,,,14383.86
22,2136,2024-08-01,715,EUB: 2024 - 2025,4414,EUB 2024,INSTITUTIONELLE FÖRDERUNG,FALSE,PRORATA_PAYROLL,183.75,,,14383.86
22,2136,2024-09-01,715,EUB: 2024 - 2025,4414,EUB 2024,INSTITUTIONELLE FÖRDERUNG,FALSE,PRORATA_PAYROLL,108.16666666666667,,,14383.86
22,2136,2024-10-01,715,EUB: 2024 - 2025,4414,EUB 2024,INSTITUTIONELLE FÖRDERUNG,FALSE,PRORATA_PAYROLL,136.41666666666666,,,14383.86
22,2136,2024-11-01,715,EUB: 2024 - 2025,4414,EUB 2024,INSTITUTIONELLE FÖRDERUNG,FALSE,PRORATA_PAYROLL,121.66666666666667,,,14383.86
22,2136,2024-12-01,715,EUB: 2024 - 2025,4414,EUB 2024,INSTITUTIONELLE FÖRDERUNG,FALSE,PRORATA_PAYROLL,48.25,,,14383.86
22,2136,2025-01-01,715,EUB: 2024 - 2025,4415,EUB 2025,INSTITUTIONELLE FÖRDERUNG,FALSE,PRORATA_PAYROLL,174,,,0
22,2136,2025-02-01,715,EUB: 2024 - 2025,4415,EUB 2025,INSTITUTIONELLE FÖRDERUNG,FALSE,PRORATA_PAYROLL,167.75,,,0
22,2136,2025-03-01,715,EUB: 2024 - 2025,4415,EUB 2025,INSTITUTIONELLE FÖRDERUNG,FALSE,PRORATA_PAYROLL,151.5,,,0
22,2136,2025-04-01,715,EUB: 2024 - 2025,4415,EUB 2025,INSTITUTIONELLE FÖRDERUNG,FALSE,PRORATA_PAYROLL,20.25,,,0
24,2016,2024-01-01,568,Hydro4U (mit MwSt),3612,"WP6 Dissemination, Communication and Exploitation",H2020,FALSE,PRORATA_PAYROLL,56.666666666666664,,,2614.57
24,2016,2024-02-01,568,Hydro4U (mit MwSt),3612,"WP6 Dissemination, Communication and Exploitation",H2020,FALSE,PRORATA_PAYROLL,44.041666666666664,,,2352.91
24,2016,2024-03-01,568,Hydro4U (mit MwSt),3612,"WP6 Dissemination, Communication and Exploitation",H2020,FALSE,PRORATA_PAYROLL,28.45,,,1757.41
24,2016,2024-04-01,568,Hydro4U (mit MwSt),3612,"WP6 Dissemination, Communication and Exploitation",H2020,FALSE,PRORATA_PAYROLL,23.466666666666665,,,1573.42
24,2016,2024-05-01,568,Hydro4U (mit MwSt),3612,"WP6 Dissemination, Communication and Exploitation",H2020,FALSE,PRORATA_PAYROLL,30.720833333333335,,,1641.25
24,2016,2024-06-01,568,Hydro4U (mit MwSt),3612,"WP6 Dissemination, Communication and Exploitation",H2020,FALSE,PRORATA_PAYROLL,36.829166666666666,,,1925.06
24,2016,2024-07-01,568,Hydro4U (mit MwSt),3612,"WP6 Dissemination, Communication and Exploitation",H2020,FALSE,PRORATA_PAYROLL,66.525,,,2773.91
24,2016,2024-08-01,568,Hydro4U (mit MwSt),3612,"WP6 Dissemination, Communication and Exploitation",H2020,FALSE,PRORATA_PAYROLL,32.22083333333333,,,2038.51
24,2016,2024-09-01,568,Hydro4U (mit MwSt),3612,"WP6 Dissemination, Communication and Exploitation",H2020,FALSE,PRORATA_PAYROLL,42.375,,,2048.31
24,2016,2024-10-01,568,Hydro4U (mit MwSt),3612,"WP6 Dissemination, Communication and Exploitation",H2020,FALSE,PRORATA_PAYROLL,10.3375,,,1484.12
24,2016,2024-11-01,568,Hydro4U (mit MwSt),3612,"WP6 Dissemination, Communication and Exploitation",H2020,FALSE,PRORATA_PAYROLL,11.85,,,748.3
24,2016,2024-12-01,568,Hydro4U (mit MwSt),3612,"WP6 Dissemination, Communication and Exploitation",H2020,FALSE,PRORATA_PAYROLL,21.429166666666667,,,3262.14
24,2016,2025-01-01,568,Hydro4U (mit MwSt),3612,"WP6 Dissemination, Communication and Exploitation",H2020,FALSE,PRORATA_PAYROLL,37.0875,,,0
24,2016,2025-02-01,568,Hydro4U (mit MwSt),3612,"WP6 Dissemination, Communication and Exploitation",H2020,FALSE,PRORATA_PAYROLL,29,,,0
24,2016,2025-03-01,568,Hydro4U (mit MwSt),3612,"WP6 Dissemination, Communication and Exploitation",H2020,FALSE,PRORATA_PAYROLL,39.8625,,,0
24,2016,2025-04-01,568,Hydro4U (mit MwSt),3612,"WP6 Dissemination, Communication and Exploitation",H2020,FALSE,PRORATA_PAYROLL,92.875,,,0
24,2016,2025-05-01,568,Hydro4U (mit MwSt),3612,"WP6 Dissemination, Communication and Exploitation",H2020,FALSE,PRORATA_PAYROLL,95.625,,,0
24,2016,2025-06-01,568,Hydro4U (mit MwSt),3612,"WP6 Dissemination, Communication and Exploitation",H2020,FALSE,PRORATA_PAYROLL,7,,,0
24,2016,2025-07-01,568,Hydro4U (mit MwSt),3612,"WP6 Dissemination, Communication and Exploitation",H2020,FALSE,PRORATA_PAYROLL,13.25,,,0
24,2016,2024-06-01,568,Hydro4U (mit MwSt),3613,WP7 Project management,H2020,FALSE,PRORATA_PAYROLL,32.80416666666667,,,1714.67
24,2016,2024-07-01,568,Hydro4U (mit MwSt),3613,WP7 Project management,H2020,FALSE,PRORATA_PAYROLL,4.316666666666666,,,179.99
24,2016,2024-08-01,568,Hydro4U (mit MwSt),3613,WP7 Project management,H2020,FALSE,PRORATA_PAYROLL,19.570833333333333,,,1238.18
27,2017,2024-08-01,780,EU-KONFORM: H2Valley Phase 1 Projektanbahnung 2024,4734,H2Valley Umsetzung Phase 1 2024,EU-KONFORM,FALSE,PRORATA_PAYROLL,2,,,187.51
27,2017,2024-09-01,780,EU-KONFORM: H2Valley Phase 1 Projektanbahnung 2024,4734,H2Valley Umsetzung Phase 1 2024,EU-KONFORM,FALSE,PRORATA_PAYROLL,11.2,,,940.22
27,2017,2024-10-01,780,EU-KONFORM: H2Valley Phase 1 Projektanbahnung 2024,4734,H2Valley Umsetzung Phase 1 2024,EU-KONFORM,FALSE,PRORATA_PAYROLL,25,,,2007.11
27,2017,2024-11-01,780,EU-KONFORM: H2Valley Phase 1 Projektanbahnung 2024,4734,H2Valley Umsetzung Phase 1 2024,EU-KONFORM,FALSE,PRORATA_PAYROLL,33.84166666666667,,,2237.49
27,2017,2024-12-01,780,EU-KONFORM: H2Valley Phase 1 Projektanbahnung 2024,4734,H2Valley Umsetzung Phase 1 2024,EU-KONFORM,FALSE,PRORATA_PAYROLL,11.708333333333334,,,3018.26
27,2017,2024-09-01,781,INTERREG: RECENTRE,4794,WP1 2024 - To engage SMEs to develop the transformation model,INTERREG,FALSE,PRORATA_PAYROLL,8.066666666666666,,,677.19
27,2017,2024-10-01,781,INTERREG: RECENTRE,4794,WP1 2024 - To engage SMEs to develop the transformation model,INTERREG,FALSE,PRORATA_PAYROLL,15.941666666666666,,,1279.86
27,2017,2024-11-01,781,INTERREG: RECENTRE,4794,WP1 2024 - To engage SMEs to develop the transformation model,INTERREG,FALSE,PRORATA_PAYROLL,19.725,,,1304.15
27,2017,2024-12-01,781,INTERREG: RECENTRE,4794,WP1 2024 - To engage SMEs to develop the transformation model,INTERREG,FALSE,PRORATA_PAYROLL,11.375,,,2932.33
27,2017,2025-01-01,781,INTERREG: RECENTRE,4803,WP1 2025 RP1 - To engage SMEs to develop the transformation model,INTERREG,FALSE,PRORATA_PAYROLL,13.458333333333334,,,1270.81
27,2017,2025-02-01,781,INTERREG: RECENTRE,4803,WP1 2025 RP1 - To engage SMEs to develop the transformation model,INTERREG,FALSE,PRORATA_PAYROLL,20.833333333333332,,,1475.39
27,2017,2024-07-01,796,TENDER: FWC Hydrogen FP2,4774,WP1 Umsetzung,TENDER,FALSE,PRORATA_PAYROLL,32.229166666666664,,,2145.32
27,2017,2024-08-01,796,TENDER: FWC Hydrogen FP2,4774,WP1 Umsetzung,TENDER,FALSE,PRORATA_PAYROLL,25.266666666666666,,,2368.82
27,2017,2024-09-01,796,TENDER: FWC Hydrogen FP2,4774,WP1 Umsetzung,TENDER,FALSE,PRORATA_PAYROLL,19.5,,,1637
27,2017,2024-10-01,796,TENDER: FWC Hydrogen FP2,4774,WP1 Umsetzung,TENDER,FALSE,PRORATA_PAYROLL,30.058333333333334,,,2413.21
27,2017,2024-12-01,796,TENDER: FWC Hydrogen FP2,4774,WP1 Umsetzung,TENDER,FALSE,PRORATA_PAYROLL,7.5,,,1933.4
27,2017,2025-03-01,797,PA8 Lighthouse Projects WM,4828,SO1 Lighthouse projects identification and study document development (2025),TENDER,FALSE,PRORATA_PAYROLL,4,,,279.78
27,2017,2025-04-01,797,PA8 Lighthouse Projects WM,4828,SO1 Lighthouse projects identification and study document development (2025),TENDER,FALSE,PRORATA_PAYROLL,4.25,,,370.44
30,2016,2024-03-01,530,ISLANDER (mit MwSt),3404,"WP9 Exploitation, dissemination",H2020,FALSE,PRORATA_PAYROLL,43,,,3188.21
30,2016,2024-04-01,530,ISLANDER (mit MwSt),3404,"WP9 Exploitation, dissemination",H2020,FALSE,PRORATA_PAYROLL,18.25,,,993.43
30,2016,2024-05-01,530,ISLANDER (mit MwSt),3404,"WP9 Exploitation, dissemination",H2020,FALSE,PRORATA_PAYROLL,17.25,,,994.43
30,2016,2024-10-01,530,ISLANDER (mit MwSt),3404,"WP9 Exploitation, dissemination",H2020,FALSE,PRORATA_PAYROLL,14.5,,,678.25
30,2016,2024-01-01,562,COSMHYC DEMO (mit MwSt),4572,WP7 ComDissExp 2024 - DEMO,H2020,FALSE,PRORATA_PAYROLL,3.25,,,214.91
30,2016,2024-04-01,562,COSMHYC DEMO (mit MwSt),4572,WP7 ComDissExp 2024 - DEMO,H2020,FALSE,PRORATA_PAYROLL,21.75,,,1183.95
30,2016,2024-10-01,562,COSMHYC DEMO (mit MwSt),4572,WP7 ComDissExp 2024 - DEMO,H2020,FALSE,PRORATA_PAYROLL,11,,,514.54
30,2016,2024-11-01,562,COSMHYC DEMO (mit MwSt),4572,WP7 ComDissExp 2024 - DEMO,H2020,FALSE,PRORATA_PAYROLL,25.666666666666668,,,1364.31
30,2016,2024-12-01,562,COSMHYC DEMO (mit MwSt),4572,WP7 ComDissExp 2024 - DEMO,H2020,FALSE,PRORATA_PAYROLL,2.8333333333333335,,,295.8
30,2016,2024-01-01,568,Hydro4U (mit MwSt),3612,"WP6 Dissemination, Communication and Exploitation",H2020,FALSE,PRORATA_PAYROLL,19.5,,,1289.46
30,2016,2024-02-01,568,Hydro4U (mit MwSt),3612,"WP6 Dissemination, Communication and Exploitation",H2020,FALSE,PRORATA_PAYROLL,7.5,,,468.39
30,2016,2024-03-01,568,Hydro4U (mit MwSt),3612,"WP6 Dissemination, Communication and Exploitation",H2020,FALSE,PRORATA_PAYROLL,9,,,667.3
30,2016,2024-04-01,568,Hydro4U (mit MwSt),3612,"WP6 Dissemination, Communication and Exploitation",H2020,FALSE,PRORATA_PAYROLL,7.5,,,408.26
30,2016,2024-05-01,568,Hydro4U (mit MwSt),3612,"WP6 Dissemination, Communication and Exploitation",H2020,FALSE,PRORATA_PAYROLL,11.25,,,648.54
30,2016,2024-06-01,568,Hydro4U (mit MwSt),3612,"WP6 Dissemination, Communication and Exploitation",H2020,FALSE,PRORATA_PAYROLL,10.5,,,826.73
30,2016,2024-08-01,568,Hydro4U (mit MwSt),3612,"WP6 Dissemination, Communication and Exploitation",H2020,FALSE,PRORATA_PAYROLL,10.083333333333334,,,637.38
30,2016,2024-09-01,568,Hydro4U (mit MwSt),3612,"WP6 Dissemination, Communication and Exploitation",H2020,FALSE,PRORATA_PAYROLL,6.75,,,526.23
30,2016,2024-10-01,568,Hydro4U (mit MwSt),3612,"WP6 Dissemination, Communication and Exploitation",H2020,FALSE,PRORATA_PAYROLL,20.25,,,947.22
30,2016,2024-12-01,568,Hydro4U (mit MwSt),3612,"WP6 Dissemination, Communication and Exploitation",H2020,FALSE,PRORATA_PAYROLL,24.916666666666668,,,2601.3
30,2016,2025-01-01,568,Hydro4U (mit MwSt),3612,"WP6 Dissemination, Communication and Exploitation",H2020,FALSE,PRORATA_PAYROLL,7,,,0
30,2016,2025-02-01,568,Hydro4U (mit MwSt),3612,"WP6 Dissemination, Communication and Exploitation",H2020,FALSE,PRORATA_PAYROLL,13.25,,,0
30,2016,2025-03-01,568,Hydro4U (mit MwSt),3612,"WP6 Dissemination, Communication and Exploitation",H2020,FALSE,PRORATA_PAYROLL,15,,,0
30,2016,2025-04-01,568,Hydro4U (mit MwSt),3612,"WP6 Dissemination, Communication and Exploitation",H2020,FALSE,PRORATA_PAYROLL,20,,,0
30,2016,2025-05-01,568,Hydro4U (mit MwSt),3612,"WP6 Dissemination, Communication and Exploitation",H2020,FALSE,PRORATA_PAYROLL,11,,,0
30,2016,2025-01-01,571,FlashPhos (mit MwSt),4580,WP10 Communication 2025,H2020,FALSE,PRORATA_PAYROLL,3.5,,,0
30,2016,2025-03-01,571,FlashPhos (mit MwSt),4580,WP10 Communication 2025,H2020,FALSE,PRORATA_PAYROLL,7.25,,,0
30,2016,2025-05-01,571,FlashPhos (mit MwSt),4580,WP10 Communication 2025,H2020,FALSE,PRORATA_PAYROLL,6.75,,,0
30,2016,2025-06-01,571,FlashPhos (mit MwSt),4580,WP10 Communication 2025,H2020,FALSE,PRORATA_PAYROLL,3.5,,,0
30,2016,2024-01-01,603,SOPHIA (inkl. MwSt),3967,WP8 Comm/Diss,H2020,FALSE,PRORATA_PAYROLL,10.5,,,694.32
30,2016,2024-02-01,603,SOPHIA (inkl. MwSt),3967,WP8 Comm/Diss,H2020,FALSE,PRORATA_PAYROLL,4.5,,,281.04
30,2016,2024-06-01,603,SOPHIA (inkl. MwSt),3967,WP8 Comm/Diss,H2020,FALSE,PRORATA_PAYROLL,3.5,,,275.58
30,2016,2024-07-01,603,SOPHIA (inkl. MwSt),3967,WP8 Comm/Diss,H2020,FALSE,PRORATA_PAYROLL,28,,,1464
30,2016,2024-08-01,603,SOPHIA (inkl. MwSt),3967,WP8 Comm/Diss,H2020,FALSE,PRORATA_PAYROLL,2.6666666666666665,,,168.56
30,2016,2024-09-01,603,SOPHIA (inkl. MwSt),3967,WP8 Comm/Diss,H2020,FALSE,PRORATA_PAYROLL,9.75,,,760.11
30,2016,2024-10-01,603,SOPHIA (inkl. MwSt),3967,WP8 Comm/Diss,H2020,FALSE,PRORATA_PAYROLL,3,,,140.33
30,2016,2024-11-01,603,SOPHIA (inkl. MwSt),3967,WP8 Comm/Diss,H2020,FALSE,PRORATA_PAYROLL,7.5,,,398.66
30,2016,2024-12-01,603,SOPHIA (inkl. MwSt),3967,WP8 Comm/Diss,H2020,FALSE,PRORATA_PAYROLL,8.333333333333334,,,870
32,2017,2024-01-01,644,TENDER: Smart Cities Marketplace 2.0,4024,Events 2024,TENDER,FALSE,PRORATA_PAYROLL,10.666666666666666,,,506.14
32,2017,2025-02-01,644,TENDER: Smart Cities Marketplace 2.0,4025,Events 2025,TENDER,FALSE,PRORATA_PAYROLL,3.111111111111111,,,254.08
32,2017,2025-03-01,644,TENDER: Smart Cities Marketplace 2.0,4025,Events 2025,TENDER,FALSE,PRORATA_PAYROLL,5,,,257.34
32,2017,2025-04-01,644,TENDER: Smart Cities Marketplace 2.0,4025,Events 2025,TENDER,FALSE,PRORATA_PAYROLL,10.88888888888889,,,597.8
32,2017,2024-01-01,681,TENDER: Citizen Led 1,4230,Inhaltlich 2024,TENDER,FALSE,PRORATA_PAYROLL,26.666666666666668,,,1265.34
32,2017,2024-02-01,681,TENDER: Citizen Led 1,4230,Inhaltlich 2024,TENDER,FALSE,PRORATA_PAYROLL,2.6666666666666665,,,134.65
32,2017,2024-01-01,683,TENDER: EU Island 2.0,4183,Events 2024,TENDER,FALSE,PRORATA_PAYROLL,16.666666666666668,,,790.84
32,2017,2024-02-01,683,TENDER: EU Island 2.0,4183,Events 2024,TENDER,FALSE,PRORATA_PAYROLL,13.666666666666666,,,690.1
32,2017,2024-01-01,693,TENDER: FWC Hydrogen 2023,4264,BD Umsetzung,TENDER,FALSE,PRORATA_PAYROLL,20.666666666666668,,,980.64
32,2017,2025-02-01,693,TENDER: FWC Hydrogen 2023,4264,BD Umsetzung,TENDER,FALSE,PRORATA_PAYROLL,2.8333333333333335,,,231.39
32,2017,2024-02-01,729,EVENT: OIK 2024,4482,OIK 2024 Vorbereitung 2024,EVENT,FALSE,PRORATA_PAYROLL,12.666666666666666,,,639.61
32,2017,2024-03-01,729,EVENT: OIK 2024,4482,OIK 2024 Vorbereitung 2024,EVENT,FALSE,PRORATA_PAYROLL,54.333333333333336,,,3362.93
32,2017,2024-04-01,729,EVENT: OIK 2024,4482,OIK 2024 Vorbereitung 2024,EVENT,FALSE,PRORATA_PAYROLL,70.5,,,2900.96
32,2017,2024-01-01,746,EVENT: EU-Forschungsförderung MWK 08.03.2024,4540,Umsetzung EVENT Forschungsförderung 8.3.24,EVENT,FALSE,PRORATA_PAYROLL,18.666666666666668,,,885.74
32,2017,2024-02-01,746,EVENT: EU-Forschungsförderung MWK 08.03.2024,4540,Umsetzung EVENT Forschungsförderung 8.3.24,EVENT,FALSE,PRORATA_PAYROLL,14.666666666666666,,,740.6
32,2017,2024-03-01,746,EVENT: EU-Forschungsförderung MWK 08.03.2024,4540,Umsetzung EVENT Forschungsförderung 8.3.24,EVENT,FALSE,PRORATA_PAYROLL,2.3333333333333335,,,144.42
32,2017,2024-01-01,750,TENDER: Citizen Led 2,4548,WP Planung 2024,TENDER,FALSE,PRORATA_PAYROLL,39.333333333333336,,,1866.38
32,2017,2024-02-01,750,TENDER: Citizen Led 2,4548,WP Planung 2024,TENDER,FALSE,PRORATA_PAYROLL,13.333333333333334,,,673.27
32,2017,2025-02-01,750,TENDER: Citizen Led 2,4549,WP Planung 2025,TENDER,FALSE,PRORATA_PAYROLL,6.611111111111111,,,539.92
32,2017,2025-03-01,750,TENDER: Citizen Led 2,4549,WP Planung 2025,TENDER,FALSE,PRORATA_PAYROLL,12.333333333333334,,,634.78
32,2017,2025-04-01,750,TENDER: Citizen Led 2,4549,WP Planung 2025,TENDER,FALSE,PRORATA_PAYROLL,21.88888888888889,,,1201.69
32,2017,2025-05-01,750,TENDER: Citizen Led 2,4549,WP Planung 2025,TENDER,FALSE,PRORATA_PAYROLL,2,,,109.8
32,2017,2024-03-01,751,EVENT: StaMi 4 Motoren 2024,4550,WP Planung 2024,EVENT,FALSE,PRORATA_PAYROLL,14.666666666666666,,,907.78
32,2017,2024-04-01,751,EVENT: StaMi 4 Motoren 2024,4550,WP Planung 2024,EVENT,FALSE,PRORATA_PAYROLL,11,,,452.63
32,2017,2024-07-01,775,KI-Champions Videos 2024,4707,Durchführung,BERATUNGSAUFTRAG,FALSE,PRORATA_PAYROLL,4,,,177.95
32,2017,2024-07-01,776,EVENT: Global Connect 2024,4710,WP Event Umsetzung,EVENT,FALSE,PRORATA_PAYROLL,28.666666666666668,,,1275.33
32,2017,2024-08-01,776,EVENT: Global Connect 2024,4710,WP Event Umsetzung,EVENT,FALSE,PRORATA_PAYROLL,4.666666666666667,,,541.51
32,2017,2024-09-01,776,EVENT: Global Connect 2024,4710,WP Event Umsetzung,EVENT,FALSE,PRORATA_PAYROLL,9.333333333333334,,,622.55
32,2017,2024-10-01,776,EVENT: Global Connect 2024,4710,WP Event Umsetzung,EVENT,FALSE,PRORATA_PAYROLL,45.666666666666664,,,2332.12
32,2017,2024-11-01,776,EVENT: Global Connect 2024,4710,WP Event Umsetzung,EVENT,FALSE,PRORATA_PAYROLL,54.333333333333336,,,2389.35
32,2017,2024-07-01,777,EVENT: Ukrainische Delegation 2024,4711,Ukrainische Delegation Umsetzung,REGIONALE FÖRDERUNG,FALSE,PRORATA_PAYROLL,34.083333333333336,,,1516.31
32,2017,2024-08-01,780,EU-KONFORM: H2Valley Phase 1 Projektanbahnung 2024,4734,H2Valley Umsetzung Phase 1 2024,EU-KONFORM,FALSE,PRORATA_PAYROLL,12,,,1392.44
32,2017,2025-01-01,800,EVENT: Umwelttechnikpreis 2025,4834,WP Planung 2025,EVENT,FALSE,PRORATA_PAYROLL,47.166666666666664,,,3128.17
32,2017,2025-02-01,800,EVENT: Umwelttechnikpreis 2025,4834,WP Planung 2025,EVENT,FALSE,PRORATA_PAYROLL,39.166666666666664,,,3198.69
32,2017,2025-03-01,800,EVENT: Umwelttechnikpreis 2025,4834,WP Planung 2025,EVENT,FALSE,PRORATA_PAYROLL,63.333333333333336,,,3259.66
32,2017,2025-04-01,800,EVENT: Umwelttechnikpreis 2025,4834,WP Planung 2025,EVENT,FALSE,PRORATA_PAYROLL,28,,,1537.19
32,2017,2025-05-01,800,EVENT: Umwelttechnikpreis 2025,4834,WP Planung 2025,EVENT,FALSE,PRORATA_PAYROLL,22.166666666666668,,,1216.94
35,2017,2024-01-01,747,EU-KONFORM: MRN Antrag RIS,4541,EU-KONFORM: MRN RIS Umsetzung,EU-KONFORM,FALSE,PRORATA_PAYROLL,56,,,2854.82
37,2017,2024-01-01,629,Vanguard KI Pilot 2022-2023,4314,Vanguard KI Pilot 2024,REGIONALE FÖRDERUNG,FALSE,PRORATA_PAYROLL,29.25,,,2259.21
37,2017,2024-02-01,629,Vanguard KI Pilot 2022-2023,4314,Vanguard KI Pilot 2024,REGIONALE FÖRDERUNG,FALSE,PRORATA_PAYROLL,19.5,,,1529.01
37,2017,2024-03-01,629,Vanguard KI Pilot 2022-2023,4314,Vanguard KI Pilot 2024,REGIONALE FÖRDERUNG,FALSE,PRORATA_PAYROLL,6,,,423.6
37,2017,2024-04-01,629,Vanguard KI Pilot 2022-2023,4314,Vanguard KI Pilot 2024,REGIONALE FÖRDERUNG,FALSE,PRORATA_PAYROLL,11.625,,,1098.94
37,2017,2024-08-01,629,Vanguard KI Pilot 2022-2023,4314,Vanguard KI Pilot 2024,REGIONALE FÖRDERUNG,FALSE,PRORATA_PAYROLL,7,,,1629.28
37,2017,2024-01-01,642,TENDER: DTA,4014,Tender DTA - 2024,TENDER,FALSE,PRORATA_PAYROLL,2.625,,,202.75
37,2017,2024-03-01,642,TENDER: DTA,4014,Tender DTA - 2024,TENDER,FALSE,PRORATA_PAYROLL,3.5,,,247.1
37,2017,2024-08-01,642,TENDER: DTA,4014,Tender DTA - 2024,TENDER,FALSE,PRORATA_PAYROLL,8.366666666666667,,,1947.37
37,2017,2024-05-01,644,TENDER: Smart Cities Marketplace 2.0,4024,Events 2024,TENDER,FALSE,PRORATA_PAYROLL,3.5,,,353.4
37,2017,2024-06-01,644,TENDER: Smart Cities Marketplace 2.0,4024,Events 2024,TENDER,FALSE,PRORATA_PAYROLL,22.75,,,1703.95
37,2017,2024-01-01,681,TENDER: Citizen Led 1,4230,Inhaltlich 2024,TENDER,FALSE,PRORATA_PAYROLL,2.875,,,222.06
37,2017,2024-02-01,681,TENDER: Citizen Led 1,4230,Inhaltlich 2024,TENDER,FALSE,PRORATA_PAYROLL,3.625,,,284.24
37,2017,2024-03-01,681,TENDER: Citizen Led 1,4230,Inhaltlich 2024,TENDER,FALSE,PRORATA_PAYROLL,26.208333333333332,,,1850.32
37,2017,2024-03-01,683,TENDER: EU Island 2.0,4183,Events 2024,TENDER,FALSE,PRORATA_PAYROLL,4.25,,,300.05
37,2017,2024-04-01,683,TENDER: EU Island 2.0,4183,Events 2024,TENDER,FALSE,PRORATA_PAYROLL,15.75,,,1488.89
37,2017,2024-01-01,693,TENDER: FWC Hydrogen 2023,4264,BD Umsetzung,TENDER,FALSE,PRORATA_PAYROLL,3.125,,,241.37
37,2017,2024-02-01,693,TENDER: FWC Hydrogen 2023,4264,BD Umsetzung,TENDER,FALSE,PRORATA_PAYROLL,3.625,,,284.24
37,2017,2024-03-01,693,TENDER: FWC Hydrogen 2023,4264,BD Umsetzung,TENDER,FALSE,PRORATA_PAYROLL,12.75,,,900.15
37,2017,2024-04-01,750,TENDER: Citizen Led 2,4548,WP Planung 2024,TENDER,FALSE,PRORATA_PAYROLL,17.875,,,1689.77
37,2017,2024-05-01,750,TENDER: Citizen Led 2,4548,WP Planung 2024,TENDER,FALSE,PRORATA_PAYROLL,33.375,,,3369.89
37,2017,2024-06-01,750,TENDER: Citizen Led 2,4548,WP Planung 2024,TENDER,FALSE,PRORATA_PAYROLL,5.916666666666667,,,443.15
37,2017,2024-02-01,762,EU-KONFORM: MRN Reg Wasserstoff,4639,WP Umsetzung MRN Reg Wasserstoff,EU-KONFORM,FALSE,PRORATA_PAYROLL,7.25,,,568.48
37,2017,2024-03-01,762,EU-KONFORM: MRN Reg Wasserstoff,4639,WP Umsetzung MRN Reg Wasserstoff,EU-KONFORM,FALSE,PRORATA_PAYROLL,15.458333333333334,,,1091.36
37,2017,2024-12-01,779,TRAINING: WOIS Innovationsmanagement,4727,WOIS InnoMgt Training,TRAINING,FALSE,PRORATA_PAYROLL,18.5,,,4259.14
37,2017,2024-12-01,780,EU-KONFORM: H2Valley Phase 1 Projektanbahnung 2024,4734,H2Valley Umsetzung Phase 1 2024,EU-KONFORM,FALSE,PRORATA_PAYROLL,22.125,,,5093.7
37,2017,2024-08-01,782,EU-KONFORM: HORIZON-JU-CBE-2024-RIA-01 (wood) - RISE - upfront payment,4742,Umsetzung HORIZON-JU-CBE-2024-RIA-01 (wood) - RISE - upfront payment,EU-KONFORM,FALSE,PRORATA_PAYROLL,6.625,,,1541.99
37,2017,2024-09-01,782,EU-KONFORM: HORIZON-JU-CBE-2024-RIA-01 (wood) - RISE - upfront payment,4742,Umsetzung HORIZON-JU-CBE-2024-RIA-01 (wood) - RISE - upfront payment,EU-KONFORM,FALSE,PRORATA_PAYROLL,10,,,741.1
37,2017,2024-03-01,783,TRAINING: M+H Workshops,4746,M+H WS 2024,TRAINING,FALSE,PRORATA_PAYROLL,5.875,,,414.78
37,2017,2024-04-01,783,TRAINING: M+H Workshops,4746,M+H WS 2024,TRAINING,FALSE,PRORATA_PAYROLL,16.125,,,1524.34
37,2017,2024-06-01,785,EU-KONFORM: HORIZON-JU-CBE-2024-RIA-02,4747,HORIZON-JU-CBE-2024-RIA-02 Umsetzung,EU-KONFORM,FALSE,PRORATA_PAYROLL,22.416666666666668,,,1678.98
37,2017,2024-01-01,792,EU-KONFORM: DECIRE-WATER Stufe 2 KIT,4765,Antrag 2. Stufe DECIRE-WATER,EU-KONFORM,FALSE,PRORATA_PAYROLL,18.5,,,1428.9
37,2017,2024-02-01,792,EU-KONFORM: DECIRE-WATER Stufe 2 KIT,4765,Antrag 2. Stufe DECIRE-WATER,EU-KONFORM,FALSE,PRORATA_PAYROLL,28.5,,,2234.71
53,2016,2025-01-01,530,ISLANDER (mit MwSt),3403,WP8 Showcase Borkum (T8.2),H2020,FALSE,PRORATA_PAYROLL,12.791666666666666,,,0
53,2016,2025-02-01,530,ISLANDER (mit MwSt),3403,WP8 Showcase Borkum (T8.2),H2020,FALSE,PRORATA_PAYROLL,4,,,0
53,2016,2025-03-01,530,ISLANDER (mit MwSt),3403,WP8 Showcase Borkum (T8.2),H2020,FALSE,PRORATA_PAYROLL,8.375,,,0
53,2016,2025-04-01,530,ISLANDER (mit MwSt),3403,WP8 Showcase Borkum (T8.2),H2020,FALSE,PRORATA_PAYROLL,2,,,0
53,2016,2024-01-01,530,ISLANDER (mit MwSt),3404,"WP9 Exploitation, dissemination",H2020,FALSE,PRORATA_PAYROLL,3.3333333333333335,,,208.73
53,2016,2024-02-01,530,ISLANDER (mit MwSt),3404,"WP9 Exploitation, dissemination",H2020,FALSE,PRORATA_PAYROLL,6,,,327.69
53,2016,2024-03-01,530,ISLANDER (mit MwSt),3404,"WP9 Exploitation, dissemination",H2020,FALSE,PRORATA_PAYROLL,7,,,406.47
53,2016,2024-04-01,530,ISLANDER (mit MwSt),3404,"WP9 Exploitation, dissemination",H2020,FALSE,PRORATA_PAYROLL,6,,,324.63
53,2016,2024-05-01,530,ISLANDER (mit MwSt),3404,"WP9 Exploitation, dissemination",H2020,FALSE,PRORATA_PAYROLL,4,,,252.17
53,2016,2024-06-01,530,ISLANDER (mit MwSt),3404,"WP9 Exploitation, dissemination",H2020,FALSE,PRORATA_PAYROLL,4.666666666666667,,,287.12
53,2016,2024-07-01,530,ISLANDER (mit MwSt),3404,"WP9 Exploitation, dissemination",H2020,FALSE,PRORATA_PAYROLL,4.666666666666667,,,355.07
53,2016,2024-08-01,530,ISLANDER (mit MwSt),3404,"WP9 Exploitation, dissemination",H2020,FALSE,PRORATA_PAYROLL,3.6,,,294.75
53,2016,2024-09-01,530,ISLANDER (mit MwSt),3404,"WP9 Exploitation, dissemination",H2020,FALSE,PRORATA_PAYROLL,12.666666666666666,,,681.15
53,2016,2024-10-01,530,ISLANDER (mit MwSt),3404,"WP9 Exploitation, dissemination",H2020,FALSE,PRORATA_PAYROLL,5,,,332.09
53,2016,2024-12-01,530,ISLANDER (mit MwSt),3404,"WP9 Exploitation, dissemination",H2020,FALSE,PRORATA_PAYROLL,1.875,,,255.89
53,2016,2024-10-01,530,ISLANDER (mit MwSt),3405,WP10 Management,H2020,FALSE,PRORATA_PAYROLL,6.875,,,456.63
53,2016,2024-11-01,530,ISLANDER (mit MwSt),3405,WP10 Management,H2020,FALSE,PRORATA_PAYROLL,5.6,,,344.92
53,2016,2024-12-01,530,ISLANDER (mit MwSt),3405,WP10 Management,H2020,FALSE,PRORATA_PAYROLL,1.6,,,218.36
53,2016,2024-01-01,562,COSMHYC DEMO (mit MwSt),4571,WP1 Management 2024 - DEMO,H2020,FALSE,PRORATA_PAYROLL,4.266666666666667,,,267.17
53,2016,2024-02-01,562,COSMHYC DEMO (mit MwSt),4571,WP1 Management 2024 - DEMO,H2020,FALSE,PRORATA_PAYROLL,4.791666666666667,,,261.7
53,2016,2024-03-01,562,COSMHYC DEMO (mit MwSt),4571,WP1 Management 2024 - DEMO,H2020,FALSE,PRORATA_PAYROLL,8.5,,,493.57
53,2016,2024-04-01,562,COSMHYC DEMO (mit MwSt),4571,WP1 Management 2024 - DEMO,H2020,FALSE,PRORATA_PAYROLL,3.75,,,202.89
53,2016,2024-05-01,562,COSMHYC DEMO (mit MwSt),4571,WP1 Management 2024 - DEMO,H2020,FALSE,PRORATA_PAYROLL,6,,,378.26
53,2016,2024-06-01,562,COSMHYC DEMO (mit MwSt),4571,WP1 Management 2024 - DEMO,H2020,FALSE,PRORATA_PAYROLL,2.125,,,130.74
53,2016,2024-08-01,562,COSMHYC DEMO (mit MwSt),4571,WP1 Management 2024 - DEMO,H2020,FALSE,PRORATA_PAYROLL,2,,,163.75
53,2016,2024-10-01,562,COSMHYC DEMO (mit MwSt),4571,WP1 Management 2024 - DEMO,H2020,FALSE,PRORATA_PAYROLL,2.6666666666666665,,,177.12
53,2016,2024-01-01,571,FlashPhos (mit MwSt),4559,WP1 Management 2024,H2020,FALSE,PRORATA_PAYROLL,8,,,500.94
53,2016,2024-02-01,571,FlashPhos (mit MwSt),4559,WP1 Management 2024,H2020,FALSE,PRORATA_PAYROLL,4.666666666666667,,,254.87
53,2016,2024-03-01,571,FlashPhos (mit MwSt),4559,WP1 Management 2024,H2020,FALSE,PRORATA_PAYROLL,6.208333333333333,,,360.5
53,2016,2024-04-01,571,FlashPhos (mit MwSt),4559,WP1 Management 2024,H2020,FALSE,PRORATA_PAYROLL,4,,,216.42
53,2016,2024-05-01,571,FlashPhos (mit MwSt),4559,WP1 Management 2024,H2020,FALSE,PRORATA_PAYROLL,7.6,,,479.13
53,2016,2024-06-01,571,FlashPhos (mit MwSt),4559,WP1 Management 2024,H2020,FALSE,PRORATA_PAYROLL,5.75,,,353.78
53,2016,2024-07-01,571,FlashPhos (mit MwSt),4559,WP1 Management 2024,H2020,FALSE,PRORATA_PAYROLL,4.666666666666667,,,355.07
53,2016,2024-08-01,571,FlashPhos (mit MwSt),4559,WP1 Management 2024,H2020,FALSE,PRORATA_PAYROLL,6,,,491.25
53,2016,2024-09-01,571,FlashPhos (mit MwSt),4559,WP1 Management 2024,H2020,FALSE,PRORATA_PAYROLL,6.791666666666667,,,365.22
53,2016,2024-10-01,571,FlashPhos (mit MwSt),4559,WP1 Management 2024,H2020,FALSE,PRORATA_PAYROLL,3.275,,,217.52
53,2016,2024-11-01,571,FlashPhos (mit MwSt),4559,WP1 Management 2024,H2020,FALSE,PRORATA_PAYROLL,4,,,246.37
53,2016,2024-12-01,571,FlashPhos (mit MwSt),4559,WP1 Management 2024,H2020,FALSE,PRORATA_PAYROLL,3.875,,,528.84
53,2016,2024-02-01,571,FlashPhos (mit MwSt),4576,WP9 Exploitation 2024,H2020,FALSE,PRORATA_PAYROLL,6,,,327.69
53,2016,2024-03-01,571,FlashPhos (mit MwSt),4576,WP9 Exploitation 2024,H2020,FALSE,PRORATA_PAYROLL,3.875,,,225.01
53,2016,2024-04-01,571,FlashPhos (mit MwSt),4576,WP9 Exploitation 2024,H2020,FALSE,PRORATA_PAYROLL,6,,,324.63
53,2016,2024-05-01,571,FlashPhos (mit MwSt),4576,WP9 Exploitation 2024,H2020,FALSE,PRORATA_PAYROLL,3.6,,,226.96
53,2016,2024-06-01,571,FlashPhos (mit MwSt),4576,WP9 Exploitation 2024,H2020,FALSE,PRORATA_PAYROLL,4,,,246.11
53,2016,2024-08-01,571,FlashPhos (mit MwSt),4576,WP9 Exploitation 2024,H2020,FALSE,PRORATA_PAYROLL,3.6,,,294.75
53,2016,2024-09-01,571,FlashPhos (mit MwSt),4576,WP9 Exploitation 2024,H2020,FALSE,PRORATA_PAYROLL,4.5,,,241.99
53,2016,2024-10-01,571,FlashPhos (mit MwSt),4576,WP9 Exploitation 2024,H2020,FALSE,PRORATA_PAYROLL,4.666666666666667,,,309.95
53,2016,2024-11-01,571,FlashPhos (mit MwSt),4576,WP9 Exploitation 2024,H2020,FALSE,PRORATA_PAYROLL,3.6666666666666665,,,225.84
53,2016,2024-12-01,571,FlashPhos (mit MwSt),4576,WP9 Exploitation 2024,H2020,FALSE,PRORATA_PAYROLL,1.6,,,218.36
53,2016,2025-01-01,571,FlashPhos (mit MwSt),4578,WP1 Management 2025,H2020,FALSE,PRORATA_PAYROLL,2.6666666666666665,,,0
53,2016,2025-02-01,571,FlashPhos (mit MwSt),4578,WP1 Management 2025,H2020,FALSE,PRORATA_PAYROLL,4,,,0
53,2016,2025-04-01,571,FlashPhos (mit MwSt),4578,WP1 Management 2025,H2020,FALSE,PRORATA_PAYROLL,6,,,0
53,2016,2024-01-01,603,SOPHIA (inkl. MwSt),3965,WP7 ESIA and business models,H2020,FALSE,PRORATA_PAYROLL,4,,,250.47
53,2016,2024-02-01,603,SOPHIA (inkl. MwSt),3965,WP7 ESIA and business models,H2020,FALSE,PRORATA_PAYROLL,6.666666666666667,,,364.1
53,2016,2024-03-01,603,SOPHIA (inkl. MwSt),3965,WP7 ESIA and business models,H2020,FALSE,PRORATA_PAYROLL,10.5,,,609.71
53,2016,2024-04-01,603,SOPHIA (inkl. MwSt),3965,WP7 ESIA and business models,H2020,FALSE,PRORATA_PAYROLL,7.5,,,405.79
53,2016,2024-05-01,603,SOPHIA (inkl. MwSt),3965,WP7 ESIA and business models,H2020,FALSE,PRORATA_PAYROLL,6,,,378.26
53,2016,2024-06-01,603,SOPHIA (inkl. MwSt),3965,WP7 ESIA and business models,H2020,FALSE,PRORATA_PAYROLL,5.925,,,364.55
53,2016,2024-07-01,603,SOPHIA (inkl. MwSt),3965,WP7 ESIA and business models,H2020,FALSE,PRORATA_PAYROLL,5.7,,,433.7
53,2016,2024-08-01,603,SOPHIA (inkl. MwSt),3965,WP7 ESIA and business models,H2020,FALSE,PRORATA_PAYROLL,2,,,163.75
53,2016,2024-09-01,603,SOPHIA (inkl. MwSt),3965,WP7 ESIA and business models,H2020,FALSE,PRORATA_PAYROLL,4.666666666666667,,,250.95
53,2016,2024-10-01,603,SOPHIA (inkl. MwSt),3965,WP7 ESIA and business models,H2020,FALSE,PRORATA_PAYROLL,9.816666666666666,,,652.01
53,2016,2024-11-01,603,SOPHIA (inkl. MwSt),3965,WP7 ESIA and business models,H2020,FALSE,PRORATA_PAYROLL,5.6,,,344.92
53,2016,2024-12-01,603,SOPHIA (inkl. MwSt),3965,WP7 ESIA and business models,H2020,FALSE,PRORATA_PAYROLL,6.675,,,910.97
53,2016,2025-01-01,603,SOPHIA (inkl. MwSt),3968,WP9 Project Management,H2020,FALSE,PRORATA_PAYROLL,7.333333333333333,,,0
53,2016,2025-02-01,603,SOPHIA (inkl. MwSt),3968,WP9 Project Management,H2020,FALSE,PRORATA_PAYROLL,18.333333333333332,,,0
53,2016,2025-03-01,603,SOPHIA (inkl. MwSt),3968,WP9 Project Management,H2020,FALSE,PRORATA_PAYROLL,15.458333333333334,,,0
53,2016,2025-04-01,603,SOPHIA (inkl. MwSt),3968,WP9 Project Management,H2020,FALSE,PRORATA_PAYROLL,19.5,,,0
54,2016,2024-02-01,532,FUSILLI (mit MwSt.),3595,"WP6 Dissemination & Communication 17,5 PM",H2020,FALSE,PRORATA_PAYROLL,7.75,,,358.88
54,2016,2024-03-01,532,FUSILLI (mit MwSt.),3595,"WP6 Dissemination & Communication 17,5 PM",H2020,FALSE,PRORATA_PAYROLL,22.25,,,1666.38
54,2016,2024-04-01,532,FUSILLI (mit MwSt.),3595,"WP6 Dissemination & Communication 17,5 PM",H2020,FALSE,PRORATA_PAYROLL,31.5,,,1394.06
54,2016,2024-05-01,532,FUSILLI (mit MwSt.),3595,"WP6 Dissemination & Communication 17,5 PM",H2020,FALSE,PRORATA_PAYROLL,37.75,,,2884.12
54,2016,2024-10-01,532,FUSILLI (mit MwSt.),3595,"WP6 Dissemination & Communication 17,5 PM",H2020,FALSE,PRORATA_PAYROLL,12.833333333333334,,,1184.11
54,2016,2024-12-01,532,FUSILLI (mit MwSt.),3595,"WP6 Dissemination & Communication 17,5 PM",H2020,FALSE,PRORATA_PAYROLL,23.875,,,3925.75
54,2016,2024-01-01,557,METABUILDING LABS (mit MwSt),3585,WP11 Management & coordination,H2020,FALSE,PRORATA_PAYROLL,50,,,3092.46
54,2017,2024-06-01,593,RESTORE,3848,WP6 Exploitation and Business Model Development 15PM,H2020,FALSE,PRORATA_PAYROLL,48,,,2610.21
54,2016,2024-03-01,603,SOPHIA (inkl. MwSt),3965,WP7 ESIA and business models,H2020,FALSE,PRORATA_PAYROLL,8.25,,,617.87
54,2016,2024-04-01,603,SOPHIA (inkl. MwSt),3965,WP7 ESIA and business models,H2020,FALSE,PRORATA_PAYROLL,47.5,,,2102.16
54,2016,2024-10-01,603,SOPHIA (inkl. MwSt),3965,WP7 ESIA and business models,H2020,FALSE,PRORATA_PAYROLL,18.333333333333332,,,1691.59
54,2016,2025-03-01,603,SOPHIA (inkl. MwSt),3965,WP7 ESIA and business models,H2020,FALSE,PRORATA_PAYROLL,23.75,,,0
54,2016,2025-06-01,603,SOPHIA (inkl. MwSt),3965,WP7 ESIA and business models,H2020,FALSE,PRORATA_PAYROLL,22.75,,,0
72,2016,2024-04-01,558,AEDIB|NET (mit MwSt),3589,WP5 Trans-continental cooperation,H2020,FALSE,PRORATA_PAYROLL,55.5,,,2885.9
83,2017,2024-07-01,739,INTERREG: Culinary Trail,4526,T1.2 Cataloguing ethnic and local culinary,INTERREG,FALSE,PRORATA_PAYROLL,25.2,,,1316.09
83,2017,2024-08-01,739,INTERREG: Culinary Trail,4526,T1.2 Cataloguing ethnic and local culinary,INTERREG,FALSE,PRORATA_PAYROLL,7,,,1238.31
83,2017,2024-09-01,739,INTERREG: Culinary Trail,4526,T1.2 Cataloguing ethnic and local culinary,INTERREG,FALSE,PRORATA_PAYROLL,43.166666666666664,,,1879.69
83,2017,2024-10-01,739,INTERREG: Culinary Trail,4526,T1.2 Cataloguing ethnic and local culinary,INTERREG,FALSE,PRORATA_PAYROLL,16,,,905.73
83,2017,2024-11-01,739,INTERREG: Culinary Trail,4526,T1.2 Cataloguing ethnic and local culinary,INTERREG,FALSE,PRORATA_PAYROLL,18.666666666666668,,,1112.3
83,2017,2024-12-01,739,INTERREG: Culinary Trail,4526,T1.2 Cataloguing ethnic and local culinary,INTERREG,FALSE,PRORATA_PAYROLL,8,,,1136.31
83,2017,2024-01-01,739,INTERREG: Culinary Trail,4527,T1.4 Developing transnational strategy,INTERREG,FALSE,PRORATA_PAYROLL,19,,,1074.98
83,2017,2024-02-01,739,INTERREG: Culinary Trail,4527,T1.4 Developing transnational strategy,INTERREG,FALSE,PRORATA_PAYROLL,30.666666666666668,,,1207
83,2017,2024-03-01,739,INTERREG: Culinary Trail,4527,T1.4 Developing transnational strategy,INTERREG,FALSE,PRORATA_PAYROLL,17,,,961.83
83,2017,2024-04-01,739,INTERREG: Culinary Trail,4527,T1.4 Developing transnational strategy,INTERREG,FALSE,PRORATA_PAYROLL,23.333333333333332,,,1100.53
83,2017,2024-05-01,739,INTERREG: Culinary Trail,4527,T1.4 Developing transnational strategy,INTERREG,FALSE,PRORATA_PAYROLL,27.5,,,1623.55
83,2017,2024-06-01,739,INTERREG: Culinary Trail,4527,T1.4 Developing transnational strategy,INTERREG,FALSE,PRORATA_PAYROLL,3,,,191.61
83,2017,2024-02-01,739,INTERREG: Culinary Trail,4529,T2.1 Development of Culinary Trail brand,INTERREG,FALSE,PRORATA_PAYROLL,8.666666666666666,,,341.11
83,2017,2024-03-01,739,INTERREG: Culinary Trail,4529,T2.1 Development of Culinary Trail brand,INTERREG,FALSE,PRORATA_PAYROLL,8,,,452.62
83,2017,2024-04-01,739,INTERREG: Culinary Trail,4529,T2.1 Development of Culinary Trail brand,INTERREG,FALSE,PRORATA_PAYROLL,7.333333333333333,,,345.88
83,2017,2024-05-01,739,INTERREG: Culinary Trail,4529,T2.1 Development of Culinary Trail brand,INTERREG,FALSE,PRORATA_PAYROLL,3,,,177.11
83,2017,2024-06-01,739,INTERREG: Culinary Trail,4529,T2.1 Development of Culinary Trail brand,INTERREG,FALSE,PRORATA_PAYROLL,27,,,1724.48
83,2017,2024-10-01,739,INTERREG: Culinary Trail,4529,T2.1 Development of Culinary Trail brand,INTERREG,FALSE,PRORATA_PAYROLL,7.5,,,424.56
83,2017,2024-11-01,739,INTERREG: Culinary Trail,4529,T2.1 Development of Culinary Trail brand,INTERREG,FALSE,PRORATA_PAYROLL,2,,,119.18
83,2017,2024-12-01,739,INTERREG: Culinary Trail,4529,T2.1 Development of Culinary Trail brand,INTERREG,FALSE,PRORATA_PAYROLL,9,,,1278.35
83,2017,2024-01-01,739,INTERREG: Culinary Trail,4533,T3.5 Communicating Trail to transformation,INTERREG,FALSE,PRORATA_PAYROLL,7,,,396.05
83,2017,2024-02-01,739,INTERREG: Culinary Trail,4533,T3.5 Communicating Trail to transformation,INTERREG,FALSE,PRORATA_PAYROLL,2,,,78.72
83,2017,2024-03-01,739,INTERREG: Culinary Trail,4533,T3.5 Communicating Trail to transformation,INTERREG,FALSE,PRORATA_PAYROLL,7,,,396.05
83,2017,2024-06-01,739,INTERREG: Culinary Trail,4533,T3.5 Communicating Trail to transformation,INTERREG,FALSE,PRORATA_PAYROLL,12,,,766.44
83,2017,2025-01-01,739,INTERREG: Culinary Trail,4925,SO1 Safeguarded culinary heritage P3 01.2025- 06.2025,INTERREG,FALSE,PRORATA_PAYROLL,20,,,1036.19
83,2017,2025-02-01,739,INTERREG: Culinary Trail,4925,SO1 Safeguarded culinary heritage P3 01.2025- 06.2025,INTERREG,FALSE,PRORATA_PAYROLL,25.5,,,1211.05
83,2017,2025-03-01,739,INTERREG: Culinary Trail,4925,SO1 Safeguarded culinary heritage P3 01.2025- 06.2025,INTERREG,FALSE,PRORATA_PAYROLL,32.333333333333336,,,1417.46
83,2017,2025-04-01,739,INTERREG: Culinary Trail,4925,SO1 Safeguarded culinary heritage P3 01.2025- 06.2025,INTERREG,FALSE,PRORATA_PAYROLL,20.75,,,1075.05
83,2017,2025-05-01,739,INTERREG: Culinary Trail,4925,SO1 Safeguarded culinary heritage P3 01.2025- 06.2025,INTERREG,FALSE,PRORATA_PAYROLL,14.666666666666666,,,796.06
83,2017,2025-06-01,739,INTERREG: Culinary Trail,4925,SO1 Safeguarded culinary heritage P3 01.2025- 06.2025,INTERREG,FALSE,PRORATA_PAYROLL,17.5,,,1049.83
83,2017,2025-01-01,739,INTERREG: Culinary Trail,4926,SO2 Thriving culinary heritage P3 01.2025-06.2025,INTERREG,FALSE,PRORATA_PAYROLL,8,,,414.48
83,2017,2025-02-01,739,INTERREG: Culinary Trail,4926,SO2 Thriving culinary heritage P3 01.2025-06.2025,INTERREG,FALSE,PRORATA_PAYROLL,10,,,474.92
83,2017,2025-03-01,739,INTERREG: Culinary Trail,4926,SO2 Thriving culinary heritage P3 01.2025-06.2025,INTERREG,FALSE,PRORATA_PAYROLL,16.833333333333332,,,737.96
83,2017,2025-04-01,739,INTERREG: Culinary Trail,4926,SO2 Thriving culinary heritage P3 01.2025-06.2025,INTERREG,FALSE,PRORATA_PAYROLL,9.5,,,492.19
83,2017,2025-05-01,739,INTERREG: Culinary Trail,4926,SO2 Thriving culinary heritage P3 01.2025-06.2025,INTERREG,FALSE,PRORATA_PAYROLL,9,,,488.49
83,2017,2025-06-01,739,INTERREG: Culinary Trail,4926,SO2 Thriving culinary heritage P3 01.2025-06.2025,INTERREG,FALSE,PRORATA_PAYROLL,14.5,,,869.86
83,2017,2025-01-01,739,INTERREG: Culinary Trail,4927,SO3 Culinary trail 4 the future P3 01.2025-06.2025,INTERREG,FALSE,PRORATA_PAYROLL,25,,,1295.24
83,2017,2025-02-01,739,INTERREG: Culinary Trail,4927,SO3 Culinary trail 4 the future P3 01.2025-06.2025,INTERREG,FALSE,PRORATA_PAYROLL,20,,,949.84
83,2017,2025-03-01,739,INTERREG: Culinary Trail,4927,SO3 Culinary trail 4 the future P3 01.2025-06.2025,INTERREG,FALSE,PRORATA_PAYROLL,14.666666666666666,,,642.97
83,2017,2025-04-01,739,INTERREG: Culinary Trail,4927,SO3 Culinary trail 4 the future P3 01.2025-06.2025,INTERREG,FALSE,PRORATA_PAYROLL,19.5,,,1010.29
83,2017,2025-05-01,739,INTERREG: Culinary Trail,4927,SO3 Culinary trail 4 the future P3 01.2025-06.2025,INTERREG,FALSE,PRORATA_PAYROLL,25.166666666666668,,,1365.97
83,2017,2025-06-01,739,INTERREG: Culinary Trail,4927,SO3 Culinary trail 4 the future P3 01.2025-06.2025,INTERREG,FALSE,PRORATA_PAYROLL,11.5,,,689.89
83,2017,2024-09-01,786,INTERREG: IN4SeRMat,4832,S01 Report on state of play in the Secondary Raw Material,INTERREG,FALSE,PRORATA_PAYROLL,6.666666666666667,,,290.3
83,2017,2024-09-01,786,INTERREG: IN4SeRMat,4833,S02 Work Pan to set up  an Ecosystem,INTERREG,FALSE,PRORATA_PAYROLL,7,,,304.81
83,2017,2024-10-01,786,INTERREG: IN4SeRMat,4833,S02 Work Pan to set up  an Ecosystem,INTERREG,FALSE,PRORATA_PAYROLL,11.5,,,651
83,2017,2024-11-01,786,INTERREG: IN4SeRMat,4833,S02 Work Pan to set up  an Ecosystem,INTERREG,FALSE,PRORATA_PAYROLL,12.666666666666666,,,754.78
83,2017,2024-12-01,786,INTERREG: IN4SeRMat,4833,S02 Work Pan to set up  an Ecosystem,INTERREG,FALSE,PRORATA_PAYROLL,5,,,710.2
83,2017,2024-11-01,797,PA8 Lighthouse Projects WM,4827,SO1 Lighthouse projects identification and study document development (2024),TENDER,FALSE,PRORATA_PAYROLL,42,,,2502.68
83,2017,2024-12-01,797,PA8 Lighthouse Projects WM,4827,SO1 Lighthouse projects identification and study document development (2024),TENDER,FALSE,PRORATA_PAYROLL,35,,,4971.37
83,2017,2024-12-01,797,PA8 Lighthouse Projects WM,4831,SO4 Project Management,TENDER,FALSE,PRORATA_PAYROLL,8,,,1136.31
83,2017,2025-04-01,808,INTERREG: DINAMIC Danube,4939,SO1 Capacity Building and skills Upscalling P1 - 04.2025- 09.2025,INTERREG,FALSE,PRORATA_PAYROLL,11.5,,,595.81
83,2017,2025-05-01,808,INTERREG: DINAMIC Danube,4939,SO1 Capacity Building and skills Upscalling P1 - 04.2025- 09.2025,INTERREG,FALSE,PRORATA_PAYROLL,14,,,759.87
83,2017,2025-06-01,808,INTERREG: DINAMIC Danube,4939,SO1 Capacity Building and skills Upscalling P1 - 04.2025- 09.2025,INTERREG,FALSE,PRORATA_PAYROLL,11.666666666666666,,,699.88
110,2017,2024-04-01,593,RESTORE,3848,WP6 Exploitation and Business Model Development 15PM,H2020,FALSE,PRORATA_PAYROLL,5,,,230.33
110,2017,2024-05-01,593,RESTORE,3848,WP6 Exploitation and Business Model Development 15PM,H2020,FALSE,PRORATA_PAYROLL,4.35,,,247.08
110,2017,2024-06-01,593,RESTORE,3848,WP6 Exploitation and Business Model Development 15PM,H2020,FALSE,PRORATA_PAYROLL,5.208333333333333,,,230.33
110,2017,2024-07-01,593,RESTORE,3848,WP6 Exploitation and Business Model Development 15PM,H2020,FALSE,PRORATA_PAYROLL,6.783333333333333,,,218.33
110,2017,2024-08-01,593,RESTORE,3848,WP6 Exploitation and Business Model Development 15PM,H2020,FALSE,PRORATA_PAYROLL,5.279166666666667,,,509.76
110,2017,2024-09-01,593,RESTORE,3848,WP6 Exploitation and Business Model Development 15PM,H2020,FALSE,PRORATA_PAYROLL,8.166666666666666,,,361.43
110,2017,2024-01-01,629,Vanguard KI Pilot 2022-2023,4314,Vanguard KI Pilot 2024,REGIONALE FÖRDERUNG,FALSE,PRORATA_PAYROLL,7.15,,,431.5
110,2017,2024-02-01,629,Vanguard KI Pilot 2022-2023,4314,Vanguard KI Pilot 2024,REGIONALE FÖRDERUNG,FALSE,PRORATA_PAYROLL,9.95,,,384.31
110,2017,2024-03-01,629,Vanguard KI Pilot 2022-2023,4314,Vanguard KI Pilot 2024,REGIONALE FÖRDERUNG,FALSE,PRORATA_PAYROLL,6.875,,,301.75
110,2017,2024-04-01,629,Vanguard KI Pilot 2022-2023,4314,Vanguard KI Pilot 2024,REGIONALE FÖRDERUNG,FALSE,PRORATA_PAYROLL,5.166666666666667,,,238.01
110,2017,2024-05-01,629,Vanguard KI Pilot 2022-2023,4314,Vanguard KI Pilot 2024,REGIONALE FÖRDERUNG,FALSE,PRORATA_PAYROLL,7.5,,,426
110,2017,2024-01-01,675,WM: Social Innovation Challenge 2.0,4136,Modul 2 - Workshops,REGIONALE FÖRDERUNG,FALSE,PRORATA_PAYROLL,14.316666666666666,,,864.01
110,2017,2024-02-01,675,WM: Social Innovation Challenge 2.0,4136,Modul 2 - Workshops,REGIONALE FÖRDERUNG,FALSE,PRORATA_PAYROLL,11.458333333333334,,,442.57
110,2017,2024-03-01,675,WM: Social Innovation Challenge 2.0,4136,Modul 2 - Workshops,REGIONALE FÖRDERUNG,FALSE,PRORATA_PAYROLL,10.8375,,,475.67
110,2017,2024-04-01,675,WM: Social Innovation Challenge 2.0,4136,Modul 2 - Workshops,REGIONALE FÖRDERUNG,FALSE,PRORATA_PAYROLL,8.854166666666666,,,407.88
110,2017,2024-05-01,675,WM: Social Innovation Challenge 2.0,4136,Modul 2 - Workshops,REGIONALE FÖRDERUNG,FALSE,PRORATA_PAYROLL,10.725,,,609.18
110,2017,2024-06-01,675,WM: Social Innovation Challenge 2.0,4136,Modul 2 - Workshops,REGIONALE FÖRDERUNG,FALSE,PRORATA_PAYROLL,10.625,,,469.88
110,2017,2024-07-01,675,WM: Social Innovation Challenge 2.0,4136,Modul 2 - Workshops,REGIONALE FÖRDERUNG,FALSE,PRORATA_PAYROLL,7.116666666666666,,,229.06
110,2017,2024-08-01,675,WM: Social Innovation Challenge 2.0,4136,Modul 2 - Workshops,REGIONALE FÖRDERUNG,FALSE,PRORATA_PAYROLL,5.75,,,555.22
110,2017,2024-09-01,675,WM: Social Innovation Challenge 2.0,4136,Modul 2 - Workshops,REGIONALE FÖRDERUNG,FALSE,PRORATA_PAYROLL,7.375,,,326.39
110,2017,2024-11-01,675,WM: Social Innovation Challenge 2.0,4136,Modul 2 - Workshops,REGIONALE FÖRDERUNG,FALSE,PRORATA_PAYROLL,16.8125,,,867.81
110,2017,2024-12-01,675,WM: Social Innovation Challenge 2.0,4136,Modul 2 - Workshops,REGIONALE FÖRDERUNG,FALSE,PRORATA_PAYROLL,12.833333333333334,,,1234.1
110,2017,2024-09-01,675,WM: Social Innovation Challenge 2.0,4137,Modul 3 - Netzwerken,REGIONALE FÖRDERUNG,FALSE,PRORATA_PAYROLL,6.666666666666667,,,295.04
110,2017,2024-11-01,675,WM: Social Innovation Challenge 2.0,4137,Modul 3 - Netzwerken,REGIONALE FÖRDERUNG,FALSE,PRORATA_PAYROLL,7.333333333333333,,,378.52
110,2017,2024-12-01,675,WM: Social Innovation Challenge 2.0,4137,Modul 3 - Netzwerken,REGIONALE FÖRDERUNG,FALSE,PRORATA_PAYROLL,25.583333333333332,,,2460.19
110,2017,2024-01-01,677,WM KMU Unterstützung 2023-2024,4149,WM-KMU 2024,REGIONALE FÖRDERUNG,FALSE,PRORATA_PAYROLL,12.483333333333333,,,753.37
110,2017,2024-02-01,677,WM KMU Unterstützung 2023-2024,4149,WM-KMU 2024,REGIONALE FÖRDERUNG,FALSE,PRORATA_PAYROLL,24.783333333333335,,,957.23
110,2017,2024-03-01,677,WM KMU Unterstützung 2023-2024,4149,WM-KMU 2024,REGIONALE FÖRDERUNG,FALSE,PRORATA_PAYROLL,15.375,,,674.82
110,2017,2024-04-01,677,WM KMU Unterstützung 2023-2024,4149,WM-KMU 2024,REGIONALE FÖRDERUNG,FALSE,PRORATA_PAYROLL,18.6875,,,860.87
110,2017,2024-05-01,677,WM KMU Unterstützung 2023-2024,4149,WM-KMU 2024,REGIONALE FÖRDERUNG,FALSE,PRORATA_PAYROLL,12.225,,,694.38
110,2017,2024-06-01,677,WM KMU Unterstützung 2023-2024,4149,WM-KMU 2024,REGIONALE FÖRDERUNG,FALSE,PRORATA_PAYROLL,25.0625,,,1108.36
110,2017,2024-07-01,677,WM KMU Unterstützung 2023-2024,4149,WM-KMU 2024,REGIONALE FÖRDERUNG,FALSE,PRORATA_PAYROLL,25.804166666666667,,,830.55
110,2017,2024-08-01,677,WM KMU Unterstützung 2023-2024,4149,WM-KMU 2024,REGIONALE FÖRDERUNG,FALSE,PRORATA_PAYROLL,12.979166666666666,,,1253.27
110,2017,2024-09-01,677,WM KMU Unterstützung 2023-2024,4149,WM-KMU 2024,REGIONALE FÖRDERUNG,FALSE,PRORATA_PAYROLL,24.8125,,,1098.12
110,2017,2024-11-01,677,WM KMU Unterstützung 2023-2024,4149,WM-KMU 2024,REGIONALE FÖRDERUNG,FALSE,PRORATA_PAYROLL,15.958333333333334,,,823.72
110,2017,2024-12-01,677,WM KMU Unterstützung 2023-2024,4149,WM-KMU 2024,REGIONALE FÖRDERUNG,FALSE,PRORATA_PAYROLL,16.958333333333332,,,1630.78
110,2017,2024-03-01,694,INTERREG: Capacity2Transform LUMP,4397,WP2 Capacity Building,INTERREG,FALSE,PRORATA_PAYROLL,10.725,,,470.73
110,2017,2024-04-01,694,INTERREG: Capacity2Transform LUMP,4397,WP2 Capacity Building,INTERREG,FALSE,PRORATA_PAYROLL,12.3125,,,567.2
110,2017,2024-05-01,694,INTERREG: Capacity2Transform LUMP,4397,WP2 Capacity Building,INTERREG,FALSE,PRORATA_PAYROLL,8.975,,,509.78
110,2017,2024-06-01,694,INTERREG: Capacity2Transform LUMP,4397,WP2 Capacity Building,INTERREG,FALSE,PRORATA_PAYROLL,13.6375,,,603.1
110,2017,2024-07-01,694,INTERREG: Capacity2Transform LUMP,4397,WP2 Capacity Building,INTERREG,FALSE,PRORATA_PAYROLL,15.095833333333333,,,485.88
110,2017,2024-08-01,694,INTERREG: Capacity2Transform LUMP,4397,WP2 Capacity Building,INTERREG,FALSE,PRORATA_PAYROLL,6.3625,,,614.36
110,2017,2024-09-01,694,INTERREG: Capacity2Transform LUMP,4397,WP2 Capacity Building,INTERREG,FALSE,PRORATA_PAYROLL,14.083333333333334,,,623.28
110,2017,2024-11-01,694,INTERREG: Capacity2Transform LUMP,4397,WP2 Capacity Building,INTERREG,FALSE,PRORATA_PAYROLL,9.875,,,509.71
110,2017,2024-12-01,694,INTERREG: Capacity2Transform LUMP,4397,WP2 Capacity Building,INTERREG,FALSE,PRORATA_PAYROLL,9.583333333333334,,,921.57
110,2017,2025-01-01,694,INTERREG: Capacity2Transform LUMP,4397,WP2 Capacity Building,INTERREG,FALSE,PRORATA_PAYROLL,24.666666666666668,,,1416.23
110,2017,2025-02-01,694,INTERREG: Capacity2Transform LUMP,4397,WP2 Capacity Building,INTERREG,FALSE,PRORATA_PAYROLL,22.25,,,1379.09
110,2017,2024-01-01,738,INTERREG: BrAIn,4640,SO1 Enhancing the competitiveness of SMEs (Jan - Jun 2024),INTERREG,FALSE,PRORATA_PAYROLL,3.75,,,226.31
110,2017,2024-02-01,738,INTERREG: BrAIn,4640,SO1 Enhancing the competitiveness of SMEs (Jan - Jun 2024),INTERREG,FALSE,PRORATA_PAYROLL,6.9375,,,267.95
110,2017,2024-03-01,738,INTERREG: BrAIn,4640,SO1 Enhancing the competitiveness of SMEs (Jan - Jun 2024),INTERREG,FALSE,PRORATA_PAYROLL,5.891666666666667,,,258.59
110,2017,2024-04-01,738,INTERREG: BrAIn,4640,SO1 Enhancing the competitiveness of SMEs (Jan - Jun 2024),INTERREG,FALSE,PRORATA_PAYROLL,7.083333333333333,,,326.31
110,2017,2024-05-01,738,INTERREG: BrAIn,4640,SO1 Enhancing the competitiveness of SMEs (Jan - Jun 2024),INTERREG,FALSE,PRORATA_PAYROLL,3,,,170.4
110,2017,2024-07-01,738,INTERREG: BrAIn,4641,SO1 Enhancing the competitiveness of SMEs (Juli - Dez 2024),INTERREG,FALSE,PRORATA_PAYROLL,8.333333333333334,,,268.22
110,2017,2024-08-01,738,INTERREG: BrAIn,4641,SO1 Enhancing the competitiveness of SMEs (Juli - Dez 2024),INTERREG,FALSE,PRORATA_PAYROLL,3.05,,,294.51
110,2017,2024-09-01,738,INTERREG: BrAIn,4641,SO1 Enhancing the competitiveness of SMEs (Juli - Dez 2024),INTERREG,FALSE,PRORATA_PAYROLL,3.6041666666666665,,,159.51
110,2017,2024-05-01,738,INTERREG: BrAIn,4642,SO2 Acceleration of transnational uptake of AI technologies (Jan - Jun 2024),INTERREG,FALSE,PRORATA_PAYROLL,1.625,,,92.3
110,2017,2024-06-01,738,INTERREG: BrAIn,4642,SO2 Acceleration of transnational uptake of AI technologies (Jan - Jun 2024),INTERREG,FALSE,PRORATA_PAYROLL,5.825,,,257.6
110,2017,2024-09-01,738,INTERREG: BrAIn,4643,SO2 Acceleration of transnational uptake of AI technologies (Juli - Dez 2024),INTERREG,FALSE,PRORATA_PAYROLL,2.25,,,99.58
110,2017,2024-11-01,738,INTERREG: BrAIn,4643,SO2 Acceleration of transnational uptake of AI technologies (Juli - Dez 2024),INTERREG,FALSE,PRORATA_PAYROLL,4.875,,,251.63
110,2017,2024-12-01,738,INTERREG: BrAIn,4643,SO2 Acceleration of transnational uptake of AI technologies (Juli - Dez 2024),INTERREG,FALSE,PRORATA_PAYROLL,3.1666666666666665,,,304.52
110,2017,2025-01-01,738,INTERREG: BrAIn,4976,SO1 Enhancing the competitivness of SMEs (Jan - Jun 2025),INTERREG,FALSE,PRORATA_PAYROLL,23.666666666666668,,,1358.81
110,2017,2025-02-01,738,INTERREG: BrAIn,4976,SO1 Enhancing the competitivness of SMEs (Jan - Jun 2025),INTERREG,FALSE,PRORATA_PAYROLL,22.583333333333332,,,1399.75
110,2017,2025-03-01,738,INTERREG: BrAIn,4976,SO1 Enhancing the competitivness of SMEs (Jan - Jun 2025),INTERREG,FALSE,PRORATA_PAYROLL,14.75,,,1044.83
110,2017,2025-04-01,738,INTERREG: BrAIn,4976,SO1 Enhancing the competitivness of SMEs (Jan - Jun 2025),INTERREG,FALSE,PRORATA_PAYROLL,13.25,,,805.24
110,2017,2025-05-01,738,INTERREG: BrAIn,4976,SO1 Enhancing the competitivness of SMEs (Jan - Jun 2025),INTERREG,FALSE,PRORATA_PAYROLL,10.625,,,793.88
110,2017,2025-06-01,738,INTERREG: BrAIn,4976,SO1 Enhancing the competitivness of SMEs (Jan - Jun 2025),INTERREG,FALSE,PRORATA_PAYROLL,3,,,654.53
110,2017,2025-02-01,738,INTERREG: BrAIn,4978,SO2 Acceleration of transnational uptake of AI technologies (Jan - Jun 2025),INTERREG,FALSE,PRORATA_PAYROLL,3.5,,,216.94
110,2017,2025-03-01,738,INTERREG: BrAIn,4978,SO2 Acceleration of transnational uptake of AI technologies (Jan - Jun 2025),INTERREG,FALSE,PRORATA_PAYROLL,13.25,,,938.58
110,2017,2025-04-01,738,INTERREG: BrAIn,4978,SO2 Acceleration of transnational uptake of AI technologies (Jan - Jun 2025),INTERREG,FALSE,PRORATA_PAYROLL,8.5,,,516.57
110,2017,2025-04-01,738,INTERREG: BrAIn,4980,SO3 Increase and harmonize the capacity of policy makers (Jan - Jun 2025),INTERREG,FALSE,PRORATA_PAYROLL,9.375,,,569.75
110,2017,2025-05-01,738,INTERREG: BrAIn,4980,SO3 Increase and harmonize the capacity of policy makers (Jan - Jun 2025),INTERREG,FALSE,PRORATA_PAYROLL,20.5,,,1531.71
110,2017,2025-06-01,738,INTERREG: BrAIn,4980,SO3 Increase and harmonize the capacity of policy makers (Jan - Jun 2025),INTERREG,FALSE,PRORATA_PAYROLL,12,,,2618.11
110,2017,2024-07-01,739,INTERREG: Culinary Trail,4526,T1.2 Cataloguing ethnic and local culinary,INTERREG,FALSE,PRORATA_PAYROLL,6.916666666666667,,,222.62
110,2017,2024-08-01,739,INTERREG: Culinary Trail,4526,T1.2 Cataloguing ethnic and local culinary,INTERREG,FALSE,PRORATA_PAYROLL,2.3625,,,228.12
110,2017,2024-09-01,739,INTERREG: Culinary Trail,4526,T1.2 Cataloguing ethnic and local culinary,INTERREG,FALSE,PRORATA_PAYROLL,5.354166666666667,,,236.96
110,2017,2024-11-01,739,INTERREG: Culinary Trail,4526,T1.2 Cataloguing ethnic and local culinary,INTERREG,FALSE,PRORATA_PAYROLL,5.3125,,,274.21
110,2017,2024-12-01,739,INTERREG: Culinary Trail,4526,T1.2 Cataloguing ethnic and local culinary,INTERREG,FALSE,PRORATA_PAYROLL,3.7916666666666665,,,364.62
110,2017,2024-01-01,739,INTERREG: Culinary Trail,4527,T1.4 Developing transnational strategy,INTERREG,FALSE,PRORATA_PAYROLL,3.6666666666666665,,,221.28
110,2017,2024-02-01,739,INTERREG: Culinary Trail,4527,T1.4 Developing transnational strategy,INTERREG,FALSE,PRORATA_PAYROLL,6.270833333333333,,,242.2
110,2017,2024-03-01,739,INTERREG: Culinary Trail,4527,T1.4 Developing transnational strategy,INTERREG,FALSE,PRORATA_PAYROLL,6.491666666666666,,,284.93
110,2017,2024-04-01,739,INTERREG: Culinary Trail,4527,T1.4 Developing transnational strategy,INTERREG,FALSE,PRORATA_PAYROLL,6.583333333333333,,,303.27
110,2017,2024-05-01,739,INTERREG: Culinary Trail,4527,T1.4 Developing transnational strategy,INTERREG,FALSE,PRORATA_PAYROLL,4.875,,,276.9
110,2017,2024-06-01,739,INTERREG: Culinary Trail,4527,T1.4 Developing transnational strategy,INTERREG,FALSE,PRORATA_PAYROLL,6.95,,,307.36
110,2017,2025-03-01,739,INTERREG: Culinary Trail,4925,SO1 Safeguarded culinary heritage P3 01.2025- 06.2025,INTERREG,FALSE,PRORATA_PAYROLL,10,,,708.36
110,2017,2025-04-01,739,INTERREG: Culinary Trail,4925,SO1 Safeguarded culinary heritage P3 01.2025- 06.2025,INTERREG,FALSE,PRORATA_PAYROLL,8.5,,,516.57
110,2017,2025-05-01,739,INTERREG: Culinary Trail,4925,SO1 Safeguarded culinary heritage P3 01.2025- 06.2025,INTERREG,FALSE,PRORATA_PAYROLL,17.5,,,1307.56
110,2017,2025-06-01,739,INTERREG: Culinary Trail,4925,SO1 Safeguarded culinary heritage P3 01.2025- 06.2025,INTERREG,FALSE,PRORATA_PAYROLL,6.5,,,1418.14
110,2017,2025-06-01,739,INTERREG: Culinary Trail,4926,SO2 Thriving culinary heritage P3 01.2025-06.2025,INTERREG,FALSE,PRORATA_PAYROLL,3.5,,,763.61
110,2017,2025-01-01,739,INTERREG: Culinary Trail,4927,SO3 Culinary trail 4 the future P3 01.2025-06.2025,INTERREG,FALSE,PRORATA_PAYROLL,6.333333333333333,,,363.63
110,2017,2025-02-01,739,INTERREG: Culinary Trail,4927,SO3 Culinary trail 4 the future P3 01.2025-06.2025,INTERREG,FALSE,PRORATA_PAYROLL,7.208333333333333,,,446.78
110,2017,2024-06-01,777,EVENT: Ukrainische Delegation 2024,4711,Ukrainische Delegation Umsetzung,REGIONALE FÖRDERUNG,FALSE,PRORATA_PAYROLL,12.145833333333334,,,537.14
112,2016,2024-06-01,769,GREENE: ExCo 2024,4712,WP9 MGT,VERRECHNUNG INTERN,FALSE,PRORATA_PAYROLL,30,,,1538.38
112,2017,2024-11-01,771,REEsilience: ExCo 2024,4801,WP5 Expl,VERRECHNUNG INTERN,FALSE,PRORATA_PAYROLL,26,,,1109.8
124,2016,2024-01-01,562,COSMHYC DEMO (mit MwSt),4571,WP1 Management 2024 - DEMO,H2020,FALSE,PRORATA_PAYROLL,49.666666666666664,,,2058.8
124,2016,2024-02-01,562,COSMHYC DEMO (mit MwSt),4571,WP1 Management 2024 - DEMO,H2020,FALSE,PRORATA_PAYROLL,29.5,,,2524.3
124,2016,2024-03-01,562,COSMHYC DEMO (mit MwSt),4571,WP1 Management 2024 - DEMO,H2020,FALSE,PRORATA_PAYROLL,8,,,395.9
124,2016,2024-06-01,562,COSMHYC DEMO (mit MwSt),4571,WP1 Management 2024 - DEMO,H2020,FALSE,PRORATA_PAYROLL,9.25,,,558.72
124,2016,2024-09-01,562,COSMHYC DEMO (mit MwSt),4571,WP1 Management 2024 - DEMO,H2020,FALSE,PRORATA_PAYROLL,15,,,823.87
124,2016,2024-11-01,562,COSMHYC DEMO (mit MwSt),4571,WP1 Management 2024 - DEMO,H2020,FALSE,PRORATA_PAYROLL,10.25,,,610.77
124,2016,2024-12-01,562,COSMHYC DEMO (mit MwSt),4571,WP1 Management 2024 - DEMO,H2020,FALSE,PRORATA_PAYROLL,3,,,407.83
124,2016,2024-01-01,562,COSMHYC DEMO (mit MwSt),4572,WP7 ComDissExp 2024 - DEMO,H2020,FALSE,PRORATA_PAYROLL,31.75,,,1316.11
124,2016,2024-02-01,562,COSMHYC DEMO (mit MwSt),4572,WP7 ComDissExp 2024 - DEMO,H2020,FALSE,PRORATA_PAYROLL,4.25,,,363.67
124,2016,2024-03-01,562,COSMHYC DEMO (mit MwSt),4572,WP7 ComDissExp 2024 - DEMO,H2020,FALSE,PRORATA_PAYROLL,12,,,593.85
124,2016,2024-06-01,562,COSMHYC DEMO (mit MwSt),4572,WP7 ComDissExp 2024 - DEMO,H2020,FALSE,PRORATA_PAYROLL,4,,,241.61
124,2016,2024-07-01,562,COSMHYC DEMO (mit MwSt),4572,WP7 ComDissExp 2024 - DEMO,H2020,FALSE,PRORATA_PAYROLL,4.25,,,219.21
124,2016,2024-09-01,562,COSMHYC DEMO (mit MwSt),4572,WP7 ComDissExp 2024 - DEMO,H2020,FALSE,PRORATA_PAYROLL,16,,,878.8
124,2016,2024-11-01,562,COSMHYC DEMO (mit MwSt),4572,WP7 ComDissExp 2024 - DEMO,H2020,FALSE,PRORATA_PAYROLL,10.5,,,625.67
124,2016,2025-01-01,562,COSMHYC DEMO (mit MwSt),4920,WP1 Management 2025 - DEMO,H2020,FALSE,PRORATA_PAYROLL,19.333333333333332,,,0
124,2016,2025-02-01,562,COSMHYC DEMO (mit MwSt),4920,WP1 Management 2025 - DEMO,H2020,FALSE,PRORATA_PAYROLL,33.479166666666664,,,0
124,2016,2025-03-01,562,COSMHYC DEMO (mit MwSt),4920,WP1 Management 2025 - DEMO,H2020,FALSE,PRORATA_PAYROLL,8.25,,,0
124,2016,2025-04-01,562,COSMHYC DEMO (mit MwSt),4920,WP1 Management 2025 - DEMO,H2020,FALSE,PRORATA_PAYROLL,3.3333333333333335,,,0
124,2016,2025-01-01,562,COSMHYC DEMO (mit MwSt),4921,WP7 ComDissExp 2025 - DEMO,H2020,FALSE,PRORATA_PAYROLL,5.925,,,0
124,2016,2025-03-01,562,COSMHYC DEMO (mit MwSt),4921,WP7 ComDissExp 2025 - DEMO,H2020,FALSE,PRORATA_PAYROLL,2.25,,,0
124,2016,2025-04-01,562,COSMHYC DEMO (mit MwSt),4921,WP7 ComDissExp 2025 - DEMO,H2020,FALSE,PRORATA_PAYROLL,5.583333333333333,,,0
124,2017,2024-08-01,780,EU-KONFORM: H2Valley Phase 1 Projektanbahnung 2024,4734,H2Valley Umsetzung Phase 1 2024,EU-KONFORM,FALSE,PRORATA_PAYROLL,26.5,,,1903.79
124,2017,2024-09-01,780,EU-KONFORM: H2Valley Phase 1 Projektanbahnung 2024,4734,H2Valley Umsetzung Phase 1 2024,EU-KONFORM,FALSE,PRORATA_PAYROLL,46.25,,,1438.42
124,2017,2024-10-01,780,EU-KONFORM: H2Valley Phase 1 Projektanbahnung 2024,4734,H2Valley Umsetzung Phase 1 2024,EU-KONFORM,FALSE,PRORATA_PAYROLL,64.75,,,1781.99
124,2017,2024-11-01,780,EU-KONFORM: H2Valley Phase 1 Projektanbahnung 2024,4734,H2Valley Umsetzung Phase 1 2024,EU-KONFORM,FALSE,PRORATA_PAYROLL,36.833333333333336,,,1537.12
124,2017,2024-12-01,780,EU-KONFORM: H2Valley Phase 1 Projektanbahnung 2024,4734,H2Valley Umsetzung Phase 1 2024,EU-KONFORM,FALSE,PRORATA_PAYROLL,23,,,1776.45
124,2017,2024-05-01,796,TENDER: FWC Hydrogen FP2,4774,WP1 Umsetzung,TENDER,FALSE,PRORATA_PAYROLL,4.5,,,226.39
124,2017,2024-09-01,796,TENDER: FWC Hydrogen FP2,4774,WP1 Umsetzung,TENDER,FALSE,PRORATA_PAYROLL,15.25,,,474.29
124,2017,2024-10-01,796,TENDER: FWC Hydrogen FP2,4774,WP1 Umsetzung,TENDER,FALSE,PRORATA_PAYROLL,4.75,,,130.72
124,2017,2024-11-01,796,TENDER: FWC Hydrogen FP2,4774,WP1 Umsetzung,TENDER,FALSE,PRORATA_PAYROLL,9,,,375.59
124,2017,2025-01-01,816,EU-KONFORM: RHYNEUP-emobilBW-One-stage-FixedFee-HORIZON-JU-CLEANH2-2025-06-01,4873,1.2 Kick-off Meeting,EU-KONFORM,FALSE,PRORATA_PAYROLL,5.925,,,162.61
124,2017,2025-02-01,816,EU-KONFORM: RHYNEUP-emobilBW-One-stage-FixedFee-HORIZON-JU-CLEANH2-2025-06-01,4873,1.2 Kick-off Meeting,EU-KONFORM,FALSE,PRORATA_PAYROLL,10.4375,,,177.28
124,2017,2025-02-01,816,EU-KONFORM: RHYNEUP-emobilBW-One-stage-FixedFee-HORIZON-JU-CLEANH2-2025-06-01,4874,1.1 8 regionale Workshops,EU-KONFORM,FALSE,PRORATA_PAYROLL,18.166666666666668,,,308.56
124,2017,2025-01-01,816,EU-KONFORM: RHYNEUP-emobilBW-One-stage-FixedFee-HORIZON-JU-CLEANH2-2025-06-01,4875,1.3 Iteration der Factsheets,EU-KONFORM,FALSE,PRORATA_PAYROLL,21.833333333333332,,,599.22
124,2017,2025-02-01,816,EU-KONFORM: RHYNEUP-emobilBW-One-stage-FixedFee-HORIZON-JU-CLEANH2-2025-06-01,4875,1.3 Iteration der Factsheets,EU-KONFORM,FALSE,PRORATA_PAYROLL,25.820833333333333,,,438.56
124,2017,2025-03-01,816,EU-KONFORM: RHYNEUP-emobilBW-One-stage-FixedFee-HORIZON-JU-CLEANH2-2025-06-01,4875,1.3 Iteration der Factsheets,EU-KONFORM,FALSE,PRORATA_PAYROLL,2.25,,,36.56
124,2017,2025-01-01,816,EU-KONFORM: RHYNEUP-emobilBW-One-stage-FixedFee-HORIZON-JU-CLEANH2-2025-06-01,4876,1.4 Einbeziehung fehlender Projektpartnern,EU-KONFORM,FALSE,PRORATA_PAYROLL,11.008333333333333,,,302.13
124,2017,2025-02-01,816,EU-KONFORM: RHYNEUP-emobilBW-One-stage-FixedFee-HORIZON-JU-CLEANH2-2025-06-01,4876,1.4 Einbeziehung fehlender Projektpartnern,EU-KONFORM,FALSE,PRORATA_PAYROLL,23.841666666666665,,,404.95
124,2017,2025-03-01,816,EU-KONFORM: RHYNEUP-emobilBW-One-stage-FixedFee-HORIZON-JU-CLEANH2-2025-06-01,4876,1.4 Einbeziehung fehlender Projektpartnern,EU-KONFORM,FALSE,PRORATA_PAYROLL,36.5,,,593.14
124,2017,2025-04-01,816,EU-KONFORM: RHYNEUP-emobilBW-One-stage-FixedFee-HORIZON-JU-CLEANH2-2025-06-01,4876,1.4 Einbeziehung fehlender Projektpartnern,EU-KONFORM,FALSE,PRORATA_PAYROLL,12.833333333333334,,,236.48
124,2017,2025-02-01,816,EU-KONFORM: RHYNEUP-emobilBW-One-stage-FixedFee-HORIZON-JU-CLEANH2-2025-06-01,4877,1.5 Onboarding aller 40 Partner,EU-KONFORM,FALSE,PRORATA_PAYROLL,6.4875,,,110.19
124,2017,2025-03-01,816,EU-KONFORM: RHYNEUP-emobilBW-One-stage-FixedFee-HORIZON-JU-CLEANH2-2025-06-01,4877,1.5 Onboarding aller 40 Partner,EU-KONFORM,FALSE,PRORATA_PAYROLL,2.25,,,36.56
124,2017,2025-01-01,816,EU-KONFORM: RHYNEUP-emobilBW-One-stage-FixedFee-HORIZON-JU-CLEANH2-2025-06-01,4878,1.6 Anpassung des Projektkonzepts,EU-KONFORM,FALSE,PRORATA_PAYROLL,20.875,,,572.92
124,2017,2025-02-01,816,EU-KONFORM: RHYNEUP-emobilBW-One-stage-FixedFee-HORIZON-JU-CLEANH2-2025-06-01,4878,1.6 Anpassung des Projektkonzepts,EU-KONFORM,FALSE,PRORATA_PAYROLL,2.375,,,40.34
124,2017,2025-03-01,816,EU-KONFORM: RHYNEUP-emobilBW-One-stage-FixedFee-HORIZON-JU-CLEANH2-2025-06-01,4878,1.6 Anpassung des Projektkonzepts,EU-KONFORM,FALSE,PRORATA_PAYROLL,43,,,698.77
124,2017,2025-04-01,816,EU-KONFORM: RHYNEUP-emobilBW-One-stage-FixedFee-HORIZON-JU-CLEANH2-2025-06-01,4878,1.6 Anpassung des Projektkonzepts,EU-KONFORM,FALSE,PRORATA_PAYROLL,3.3333333333333335,,,61.42
124,2017,2025-01-01,816,EU-KONFORM: RHYNEUP-emobilBW-One-stage-FixedFee-HORIZON-JU-CLEANH2-2025-06-01,4879,1.7 Bilaterale Meetings mit Koordinationsteam,EU-KONFORM,FALSE,PRORATA_PAYROLL,10.8,,,296.41
124,2017,2025-02-01,816,EU-KONFORM: RHYNEUP-emobilBW-One-stage-FixedFee-HORIZON-JU-CLEANH2-2025-06-01,4879,1.7 Bilaterale Meetings mit Koordinationsteam,EU-KONFORM,FALSE,PRORATA_PAYROLL,26.695833333333333,,,453.42
124,2017,2025-03-01,816,EU-KONFORM: RHYNEUP-emobilBW-One-stage-FixedFee-HORIZON-JU-CLEANH2-2025-06-01,4879,1.7 Bilaterale Meetings mit Koordinationsteam,EU-KONFORM,FALSE,PRORATA_PAYROLL,13.083333333333334,,,212.61
124,2017,2025-04-01,816,EU-KONFORM: RHYNEUP-emobilBW-One-stage-FixedFee-HORIZON-JU-CLEANH2-2025-06-01,4882,"2.1 (Excellence) First page (why, what, how)",EU-KONFORM,FALSE,PRORATA_PAYROLL,5.583333333333333,,,102.88
124,2017,2025-03-01,816,EU-KONFORM: RHYNEUP-emobilBW-One-stage-FixedFee-HORIZON-JU-CLEANH2-2025-06-01,4883,2.2 (Excellence) Objectives and Ambition,EU-KONFORM,FALSE,PRORATA_PAYROLL,5.25,,,85.31
124,2017,2025-04-01,816,EU-KONFORM: RHYNEUP-emobilBW-One-stage-FixedFee-HORIZON-JU-CLEANH2-2025-06-01,4884,2.3 (Excellence) Methodology,EU-KONFORM,FALSE,PRORATA_PAYROLL,3.3333333333333335,,,61.42
124,2017,2025-04-01,816,EU-KONFORM: RHYNEUP-emobilBW-One-stage-FixedFee-HORIZON-JU-CLEANH2-2025-06-01,4885,2.4 (Impact) Project's pathway towards impacts,EU-KONFORM,FALSE,PRORATA_PAYROLL,6.666666666666667,,,122.85
124,2017,2025-03-01,816,EU-KONFORM: RHYNEUP-emobilBW-One-stage-FixedFee-HORIZON-JU-CLEANH2-2025-06-01,4886,2.5 (Impact) Measures to maximise impact,EU-KONFORM,FALSE,PRORATA_PAYROLL,1.75,,,28.44
124,2017,2025-04-01,816,EU-KONFORM: RHYNEUP-emobilBW-One-stage-FixedFee-HORIZON-JU-CLEANH2-2025-06-01,4886,2.5 (Impact) Measures to maximise impact,EU-KONFORM,FALSE,PRORATA_PAYROLL,3.3333333333333335,,,61.42
124,2017,2025-04-01,816,EU-KONFORM: RHYNEUP-emobilBW-One-stage-FixedFee-HORIZON-JU-CLEANH2-2025-06-01,4887,2.6 (Impact) Summary,EU-KONFORM,FALSE,PRORATA_PAYROLL,2.25,,,41.46
124,2017,2025-03-01,816,EU-KONFORM: RHYNEUP-emobilBW-One-stage-FixedFee-HORIZON-JU-CLEANH2-2025-06-01,4888,2.7 (Quality) Work plan and resources,EU-KONFORM,FALSE,PRORATA_PAYROLL,3.3333333333333335,,,54.17
124,2017,2025-04-01,816,EU-KONFORM: RHYNEUP-emobilBW-One-stage-FixedFee-HORIZON-JU-CLEANH2-2025-06-01,4892,2.9.1 Visualisierung und Formatierung,EU-KONFORM,FALSE,PRORATA_PAYROLL,8.75,,,161.24
124,2017,2025-04-01,816,EU-KONFORM: RHYNEUP-emobilBW-One-stage-FixedFee-HORIZON-JU-CLEANH2-2025-06-01,4893,2.9.2 Qualitätsprüfung,EU-KONFORM,FALSE,PRORATA_PAYROLL,52.166666666666664,,,961.28
124,2017,2025-04-01,816,EU-KONFORM: RHYNEUP-emobilBW-One-stage-FixedFee-HORIZON-JU-CLEANH2-2025-06-01,4899,3.5 Endkontrolle und Einreichung der Dokumente,EU-KONFORM,FALSE,PRORATA_PAYROLL,6.666666666666667,,,122.85
126,2017,2024-01-01,675,WM: Social Innovation Challenge 2.0,4136,Modul 2 - Workshops,REGIONALE FÖRDERUNG,FALSE,PRORATA_PAYROLL,15,,,675.2
126,2017,2024-02-01,675,WM: Social Innovation Challenge 2.0,4136,Modul 2 - Workshops,REGIONALE FÖRDERUNG,FALSE,PRORATA_PAYROLL,10,,,511.52
126,2017,2024-03-01,675,WM: Social Innovation Challenge 2.0,4136,Modul 2 - Workshops,REGIONALE FÖRDERUNG,FALSE,PRORATA_PAYROLL,5.5,,,236.5
126,2017,2024-04-01,675,WM: Social Innovation Challenge 2.0,4136,Modul 2 - Workshops,REGIONALE FÖRDERUNG,FALSE,PRORATA_PAYROLL,33,,,1704.57
126,2017,2024-05-01,675,WM: Social Innovation Challenge 2.0,4136,Modul 2 - Workshops,REGIONALE FÖRDERUNG,FALSE,PRORATA_PAYROLL,22.5,,,1609.33
126,2017,2024-06-01,675,WM: Social Innovation Challenge 2.0,4136,Modul 2 - Workshops,REGIONALE FÖRDERUNG,FALSE,PRORATA_PAYROLL,27.5,,,1258.61
126,2017,2024-07-01,675,WM: Social Innovation Challenge 2.0,4136,Modul 2 - Workshops,REGIONALE FÖRDERUNG,FALSE,PRORATA_PAYROLL,58.25,,,2023.17
126,2017,2024-08-01,675,WM: Social Innovation Challenge 2.0,4136,Modul 2 - Workshops,REGIONALE FÖRDERUNG,FALSE,PRORATA_PAYROLL,25,,,2136.56
126,2017,2024-09-01,675,WM: Social Innovation Challenge 2.0,4136,Modul 2 - Workshops,REGIONALE FÖRDERUNG,FALSE,PRORATA_PAYROLL,12,,,481.09
126,2017,2024-10-01,675,WM: Social Innovation Challenge 2.0,4136,Modul 2 - Workshops,REGIONALE FÖRDERUNG,FALSE,PRORATA_PAYROLL,22,,,1008.99
126,2017,2024-01-01,675,WM: Social Innovation Challenge 2.0,4137,Modul 3 - Netzwerken,REGIONALE FÖRDERUNG,FALSE,PRORATA_PAYROLL,26.5,,,1192.86
126,2017,2024-02-01,675,WM: Social Innovation Challenge 2.0,4137,Modul 3 - Netzwerken,REGIONALE FÖRDERUNG,FALSE,PRORATA_PAYROLL,11.5,,,588.24
126,2017,2024-03-01,675,WM: Social Innovation Challenge 2.0,4137,Modul 3 - Netzwerken,REGIONALE FÖRDERUNG,FALSE,PRORATA_PAYROLL,19.25,,,827.75
126,2017,2024-04-01,675,WM: Social Innovation Challenge 2.0,4137,Modul 3 - Netzwerken,REGIONALE FÖRDERUNG,FALSE,PRORATA_PAYROLL,27.5,,,1420.48
126,2017,2024-05-01,675,WM: Social Innovation Challenge 2.0,4137,Modul 3 - Netzwerken,REGIONALE FÖRDERUNG,FALSE,PRORATA_PAYROLL,9.5,,,679.49
126,2017,2024-06-01,675,WM: Social Innovation Challenge 2.0,4137,Modul 3 - Netzwerken,REGIONALE FÖRDERUNG,FALSE,PRORATA_PAYROLL,37.25,,,1704.84
126,2017,2024-07-01,675,WM: Social Innovation Challenge 2.0,4137,Modul 3 - Netzwerken,REGIONALE FÖRDERUNG,FALSE,PRORATA_PAYROLL,21,,,729.38
126,2017,2024-09-01,675,WM: Social Innovation Challenge 2.0,4137,Modul 3 - Netzwerken,REGIONALE FÖRDERUNG,FALSE,PRORATA_PAYROLL,24.75,,,992.25
126,2017,2024-10-01,675,WM: Social Innovation Challenge 2.0,4137,Modul 3 - Netzwerken,REGIONALE FÖRDERUNG,FALSE,PRORATA_PAYROLL,4,,,183.45
132,2017,2024-01-01,738,INTERREG: BrAIn,4640,SO1 Enhancing the competitiveness of SMEs (Jan - Jun 2024),INTERREG,FALSE,PRORATA_PAYROLL,23.166666666666668,,,1129.12
132,2017,2024-02-01,738,INTERREG: BrAIn,4640,SO1 Enhancing the competitiveness of SMEs (Jan - Jun 2024),INTERREG,FALSE,PRORATA_PAYROLL,30.333333333333332,,,1313.27
132,2017,2024-03-01,738,INTERREG: BrAIn,4640,SO1 Enhancing the competitiveness of SMEs (Jan - Jun 2024),INTERREG,FALSE,PRORATA_PAYROLL,32.166666666666664,,,1650.54
132,2017,2024-04-01,738,INTERREG: BrAIn,4640,SO1 Enhancing the competitiveness of SMEs (Jan - Jun 2024),INTERREG,FALSE,PRORATA_PAYROLL,28.916666666666668,,,2100.49
132,2017,2024-05-01,738,INTERREG: BrAIn,4640,SO1 Enhancing the competitiveness of SMEs (Jan - Jun 2024),INTERREG,FALSE,PRORATA_PAYROLL,19.2,,,1266.68
132,2017,2024-06-01,738,INTERREG: BrAIn,4640,SO1 Enhancing the competitiveness of SMEs (Jan - Jun 2024),INTERREG,FALSE,PRORATA_PAYROLL,23.683333333333334,,,1165.39
132,2017,2024-07-01,738,INTERREG: BrAIn,4641,SO1 Enhancing the competitiveness of SMEs (Juli - Dez 2024),INTERREG,FALSE,PRORATA_PAYROLL,24.1,,,1112.96
132,2017,2024-08-01,738,INTERREG: BrAIn,4641,SO1 Enhancing the competitiveness of SMEs (Juli - Dez 2024),INTERREG,FALSE,PRORATA_PAYROLL,8.25,,,524.48
132,2017,2024-09-01,738,INTERREG: BrAIn,4641,SO1 Enhancing the competitiveness of SMEs (Juli - Dez 2024),INTERREG,FALSE,PRORATA_PAYROLL,15.333333333333334,,,679.41
132,2017,2024-10-01,738,INTERREG: BrAIn,4641,SO1 Enhancing the competitiveness of SMEs (Juli - Dez 2024),INTERREG,FALSE,PRORATA_PAYROLL,19.6,,,818.83
132,2017,2024-11-01,738,INTERREG: BrAIn,4641,SO1 Enhancing the competitiveness of SMEs (Juli - Dez 2024),INTERREG,FALSE,PRORATA_PAYROLL,10.666666666666666,,,779.84
132,2017,2024-12-01,738,INTERREG: BrAIn,4641,SO1 Enhancing the competitiveness of SMEs (Juli - Dez 2024),INTERREG,FALSE,PRORATA_PAYROLL,8.8,,,1567.38
132,2017,2024-01-01,738,INTERREG: BrAIn,4642,SO2 Acceleration of transnational uptake of AI technologies (Jan - Jun 2024),INTERREG,FALSE,PRORATA_PAYROLL,21.166666666666668,,,1031.64
132,2017,2024-02-01,738,INTERREG: BrAIn,4642,SO2 Acceleration of transnational uptake of AI technologies (Jan - Jun 2024),INTERREG,FALSE,PRORATA_PAYROLL,18.566666666666666,,,803.84
132,2017,2024-03-01,738,INTERREG: BrAIn,4642,SO2 Acceleration of transnational uptake of AI technologies (Jan - Jun 2024),INTERREG,FALSE,PRORATA_PAYROLL,25.5,,,1308.46
132,2017,2024-04-01,738,INTERREG: BrAIn,4642,SO2 Acceleration of transnational uptake of AI technologies (Jan - Jun 2024),INTERREG,FALSE,PRORATA_PAYROLL,13.166666666666666,,,956.42
132,2017,2024-05-01,738,INTERREG: BrAIn,4642,SO2 Acceleration of transnational uptake of AI technologies (Jan - Jun 2024),INTERREG,FALSE,PRORATA_PAYROLL,15.2,,,1002.79
132,2017,2024-06-01,738,INTERREG: BrAIn,4642,SO2 Acceleration of transnational uptake of AI technologies (Jan - Jun 2024),INTERREG,FALSE,PRORATA_PAYROLL,20.683333333333334,,,1017.77
132,2017,2024-07-01,738,INTERREG: BrAIn,4643,SO2 Acceleration of transnational uptake of AI technologies (Juli - Dez 2024),INTERREG,FALSE,PRORATA_PAYROLL,14.35,,,662.7
132,2017,2024-08-01,738,INTERREG: BrAIn,4643,SO2 Acceleration of transnational uptake of AI technologies (Juli - Dez 2024),INTERREG,FALSE,PRORATA_PAYROLL,11.166666666666666,,,709.91
132,2017,2024-09-01,738,INTERREG: BrAIn,4643,SO2 Acceleration of transnational uptake of AI technologies (Juli - Dez 2024),INTERREG,FALSE,PRORATA_PAYROLL,14.933333333333334,,,661.68
132,2017,2024-10-01,738,INTERREG: BrAIn,4643,SO2 Acceleration of transnational uptake of AI technologies (Juli - Dez 2024),INTERREG,FALSE,PRORATA_PAYROLL,19.6,,,818.83
132,2017,2024-11-01,738,INTERREG: BrAIn,4643,SO2 Acceleration of transnational uptake of AI technologies (Juli - Dez 2024),INTERREG,FALSE,PRORATA_PAYROLL,12.333333333333334,,,901.69
132,2017,2024-12-01,738,INTERREG: BrAIn,4643,SO2 Acceleration of transnational uptake of AI technologies (Juli - Dez 2024),INTERREG,FALSE,PRORATA_PAYROLL,8.8,,,1567.38
132,2017,2024-07-01,738,INTERREG: BrAIn,4644,SO3 Increase and harmonize the capacity of policy makers (Juli - Dez 2024),INTERREG,FALSE,PRORATA_PAYROLL,7.85,,,362.52
132,2017,2024-08-01,738,INTERREG: BrAIn,4644,SO3 Increase and harmonize the capacity of policy makers (Juli - Dez 2024),INTERREG,FALSE,PRORATA_PAYROLL,8.916666666666666,,,566.87
132,2017,2024-09-01,738,INTERREG: BrAIn,4644,SO3 Increase and harmonize the capacity of policy makers (Juli - Dez 2024),INTERREG,FALSE,PRORATA_PAYROLL,12.666666666666666,,,561.25
132,2017,2024-10-01,738,INTERREG: BrAIn,4644,SO3 Increase and harmonize the capacity of policy makers (Juli - Dez 2024),INTERREG,FALSE,PRORATA_PAYROLL,5.6,,,233.95
132,2017,2024-11-01,738,INTERREG: BrAIn,4644,SO3 Increase and harmonize the capacity of policy makers (Juli - Dez 2024),INTERREG,FALSE,PRORATA_PAYROLL,6,,,438.66
132,2017,2024-12-01,738,INTERREG: BrAIn,4644,SO3 Increase and harmonize the capacity of policy makers (Juli - Dez 2024),INTERREG,FALSE,PRORATA_PAYROLL,1.6,,,284.98
132,2017,2025-01-01,738,INTERREG: BrAIn,4976,SO1 Enhancing the competitivness of SMEs (Jan - Jun 2025),INTERREG,FALSE,PRORATA_PAYROLL,21.95,,,1085.45
132,2017,2025-02-01,738,INTERREG: BrAIn,4976,SO1 Enhancing the competitivness of SMEs (Jan - Jun 2025),INTERREG,FALSE,PRORATA_PAYROLL,19.1,,,944.51
132,2017,2025-03-01,738,INTERREG: BrAIn,4976,SO1 Enhancing the competitivness of SMEs (Jan - Jun 2025),INTERREG,FALSE,PRORATA_PAYROLL,19.45,,,931.76
132,2017,2025-04-01,738,INTERREG: BrAIn,4976,SO1 Enhancing the competitivness of SMEs (Jan - Jun 2025),INTERREG,FALSE,PRORATA_PAYROLL,10.916666666666666,,,880.79
132,2017,2025-05-01,738,INTERREG: BrAIn,4976,SO1 Enhancing the competitivness of SMEs (Jan - Jun 2025),INTERREG,FALSE,PRORATA_PAYROLL,11.85,,,956.09
132,2017,2025-06-01,738,INTERREG: BrAIn,4976,SO1 Enhancing the competitivness of SMEs (Jan - Jun 2025),INTERREG,FALSE,PRORATA_PAYROLL,8.533333333333333,,,868.79
132,2017,2025-01-01,738,INTERREG: BrAIn,4978,SO2 Acceleration of transnational uptake of AI technologies (Jan - Jun 2025),INTERREG,FALSE,PRORATA_PAYROLL,18.216666666666665,,,900.83
132,2017,2025-02-01,738,INTERREG: BrAIn,4978,SO2 Acceleration of transnational uptake of AI technologies (Jan - Jun 2025),INTERREG,FALSE,PRORATA_PAYROLL,17.1,,,845.61
132,2017,2025-03-01,738,INTERREG: BrAIn,4978,SO2 Acceleration of transnational uptake of AI technologies (Jan - Jun 2025),INTERREG,FALSE,PRORATA_PAYROLL,18.283333333333335,,,875.87
132,2017,2025-04-01,738,INTERREG: BrAIn,4978,SO2 Acceleration of transnational uptake of AI technologies (Jan - Jun 2025),INTERREG,FALSE,PRORATA_PAYROLL,12.916666666666666,,,1042.15
132,2017,2025-05-01,738,INTERREG: BrAIn,4978,SO2 Acceleration of transnational uptake of AI technologies (Jan - Jun 2025),INTERREG,FALSE,PRORATA_PAYROLL,9.85,,,794.73
132,2017,2025-06-01,738,INTERREG: BrAIn,4978,SO2 Acceleration of transnational uptake of AI technologies (Jan - Jun 2025),INTERREG,FALSE,PRORATA_PAYROLL,10.133333333333333,,,1031.68
132,2017,2025-01-01,738,INTERREG: BrAIn,4980,SO3 Increase and harmonize the capacity of policy makers (Jan - Jun 2025),INTERREG,FALSE,PRORATA_PAYROLL,11.95,,,590.94
132,2017,2025-02-01,738,INTERREG: BrAIn,4980,SO3 Increase and harmonize the capacity of policy makers (Jan - Jun 2025),INTERREG,FALSE,PRORATA_PAYROLL,14.433333333333334,,,713.74
132,2017,2025-03-01,738,INTERREG: BrAIn,4980,SO3 Increase and harmonize the capacity of policy makers (Jan - Jun 2025),INTERREG,FALSE,PRORATA_PAYROLL,23.083333333333332,,,1105.82
132,2017,2025-04-01,738,INTERREG: BrAIn,4980,SO3 Increase and harmonize the capacity of policy makers (Jan - Jun 2025),INTERREG,FALSE,PRORATA_PAYROLL,6.666666666666667,,,537.89
132,2017,2025-05-01,738,INTERREG: BrAIn,4980,SO3 Increase and harmonize the capacity of policy makers (Jan - Jun 2025),INTERREG,FALSE,PRORATA_PAYROLL,13.85,,,1117.46
132,2017,2025-06-01,738,INTERREG: BrAIn,4980,SO3 Increase and harmonize the capacity of policy makers (Jan - Jun 2025),INTERREG,FALSE,PRORATA_PAYROLL,10.133333333333333,,,1031.68
132,2017,2024-09-01,787,INTERREG: ForeDanube,4821,WP1 Report on the State of Play 2024,INTERREG,FALSE,PRORATA_PAYROLL,10.25,,,454.17
132,2017,2024-10-01,787,INTERREG: ForeDanube,4821,WP1 Report on the State of Play 2024,INTERREG,FALSE,PRORATA_PAYROLL,8.666666666666666,,,362.07
132,2017,2024-11-01,787,INTERREG: ForeDanube,4821,WP1 Report on the State of Play 2024,INTERREG,FALSE,PRORATA_PAYROLL,2,,,146.22
132,2017,2024-09-01,787,INTERREG: ForeDanube,4822,WP2 Action Plan for Establishment of Foresight 2024,INTERREG,FALSE,PRORATA_PAYROLL,11.583333333333334,,,513.25
132,2017,2024-10-01,787,INTERREG: ForeDanube,4822,WP2 Action Plan for Establishment of Foresight 2024,INTERREG,FALSE,PRORATA_PAYROLL,18.266666666666666,,,763.13
132,2017,2024-11-01,787,INTERREG: ForeDanube,4822,WP2 Action Plan for Establishment of Foresight 2024,INTERREG,FALSE,PRORATA_PAYROLL,9.666666666666666,,,706.73
132,2017,2024-12-01,787,INTERREG: ForeDanube,4822,WP2 Action Plan for Establishment of Foresight 2024,INTERREG,FALSE,PRORATA_PAYROLL,8.8,,,1567.38
132,2017,2024-09-01,787,INTERREG: ForeDanube,4823,WP3 Report on Funding Possibilities 2024,INTERREG,FALSE,PRORATA_PAYROLL,21.183333333333334,,,938.61
132,2017,2024-10-01,787,INTERREG: ForeDanube,4823,WP3 Report on Funding Possibilities 2024,INTERREG,FALSE,PRORATA_PAYROLL,18,,,751.99
132,2017,2024-11-01,787,INTERREG: ForeDanube,4823,WP3 Report on Funding Possibilities 2024,INTERREG,FALSE,PRORATA_PAYROLL,14.416666666666666,,,1054
132,2017,2024-12-01,787,INTERREG: ForeDanube,4823,WP3 Report on Funding Possibilities 2024,INTERREG,FALSE,PRORATA_PAYROLL,6.8,,,1211.15
132,2017,2024-09-01,787,INTERREG: ForeDanube,4824,WP4 Community and Stakeholder Consultations 2024,INTERREG,FALSE,PRORATA_PAYROLL,17.766666666666666,,,787.22
132,2017,2024-10-01,787,INTERREG: ForeDanube,4824,WP4 Community and Stakeholder Consultations 2024,INTERREG,FALSE,PRORATA_PAYROLL,20,,,835.54
132,2017,2024-11-01,787,INTERREG: ForeDanube,4824,WP4 Community and Stakeholder Consultations 2024,INTERREG,FALSE,PRORATA_PAYROLL,12.416666666666666,,,907.78
132,2017,2024-12-01,787,INTERREG: ForeDanube,4824,WP4 Community and Stakeholder Consultations 2024,INTERREG,FALSE,PRORATA_PAYROLL,6.8,,,1211.15
132,2017,2025-04-01,806,INTERREG: SMILE INCUBATOR,4940,SO1_R1_2025_Mapping the state of youth participation,INTERREG,FALSE,PRORATA_PAYROLL,11.583333333333334,,,934.58
132,2017,2025-05-01,806,INTERREG: SMILE INCUBATOR,4940,SO1_R1_2025_Mapping the state of youth participation,INTERREG,FALSE,PRORATA_PAYROLL,9.266666666666667,,,747.66
132,2017,2025-06-01,806,INTERREG: SMILE INCUBATOR,4940,SO1_R1_2025_Mapping the state of youth participation,INTERREG,FALSE,PRORATA_PAYROLL,8.266666666666667,,,841.64
132,2017,2025-04-01,806,INTERREG: SMILE INCUBATOR,4941,SO2_R1_2025_Cooperation network of rural youth leaders,INTERREG,FALSE,PRORATA_PAYROLL,11.583333333333334,,,934.58
132,2017,2025-05-01,806,INTERREG: SMILE INCUBATOR,4941,SO2_R1_2025_Cooperation network of rural youth leaders,INTERREG,FALSE,PRORATA_PAYROLL,9.866666666666667,,,796.07
132,2017,2025-06-01,806,INTERREG: SMILE INCUBATOR,4941,SO2_R1_2025_Cooperation network of rural youth leaders,INTERREG,FALSE,PRORATA_PAYROLL,9.866666666666667,,,1004.54
132,2017,2025-04-01,807,INTERREG: Danube Crafts,4951,SO1 - Establishing Route strategy,INTERREG,FALSE,PRORATA_PAYROLL,12.666666666666666,,,1021.98
132,2017,2025-05-01,807,INTERREG: Danube Crafts,4951,SO1 - Establishing Route strategy,INTERREG,FALSE,PRORATA_PAYROLL,13.6,,,1097.29
132,2017,2025-06-01,807,INTERREG: Danube Crafts,4951,SO1 - Establishing Route strategy,INTERREG,FALSE,PRORATA_PAYROLL,13.866666666666667,,,1411.78
134,2016,2025-01-01,449,ATELIER  (o.Vst),3080,"WP10 Communication, Dissemination & Exploitation",H2020,FALSE,PRORATA_PAYROLL,33,,,0
134,2016,2025-02-01,449,ATELIER  (o.Vst),3080,"WP10 Communication, Dissemination & Exploitation",H2020,FALSE,PRORATA_PAYROLL,60,,,0
134,2016,2025-03-01,449,ATELIER  (o.Vst),3080,"WP10 Communication, Dissemination & Exploitation",H2020,FALSE,PRORATA_PAYROLL,63,,,0
134,2016,2025-04-01,449,ATELIER  (o.Vst),3080,"WP10 Communication, Dissemination & Exploitation",H2020,FALSE,PRORATA_PAYROLL,42,,,0
134,2016,2025-05-01,449,ATELIER  (o.Vst),3080,"WP10 Communication, Dissemination & Exploitation",H2020,FALSE,PRORATA_PAYROLL,54,,,0
134,2016,2024-01-01,449,ATELIER  (o.Vst),3083,WP10 T10.3 Support exploitation impact 7PM,H2020,FALSE,PRORATA_PAYROLL,32,,,1252.28
134,2016,2024-02-01,449,ATELIER  (o.Vst),3083,WP10 T10.3 Support exploitation impact 7PM,H2020,FALSE,PRORATA_PAYROLL,34,,,1252.28
134,2016,2024-03-01,449,ATELIER  (o.Vst),3083,WP10 T10.3 Support exploitation impact 7PM,H2020,FALSE,PRORATA_PAYROLL,34.5,,,1924.16
134,2016,2024-04-01,449,ATELIER  (o.Vst),3083,WP10 T10.3 Support exploitation impact 7PM,H2020,FALSE,PRORATA_PAYROLL,58,,,1712.98
134,2016,2024-05-01,449,ATELIER  (o.Vst),3083,WP10 T10.3 Support exploitation impact 7PM,H2020,FALSE,PRORATA_PAYROLL,39.75,,,1777.78
134,2016,2024-06-01,449,ATELIER  (o.Vst),3083,WP10 T10.3 Support exploitation impact 7PM,H2020,FALSE,PRORATA_PAYROLL,30.625,,,1571.71
134,2016,2024-07-01,449,ATELIER  (o.Vst),3083,WP10 T10.3 Support exploitation impact 7PM,H2020,FALSE,PRORATA_PAYROLL,31.25,,,1062.73
134,2016,2024-08-01,449,ATELIER  (o.Vst),3083,WP10 T10.3 Support exploitation impact 7PM,H2020,FALSE,PRORATA_PAYROLL,32,,,1282.8
134,2016,2024-09-01,449,ATELIER  (o.Vst),3083,WP10 T10.3 Support exploitation impact 7PM,H2020,FALSE,PRORATA_PAYROLL,48.5,,,1717.43
134,2016,2024-10-01,449,ATELIER  (o.Vst),3083,WP10 T10.3 Support exploitation impact 7PM,H2020,FALSE,PRORATA_PAYROLL,66,,,2144.71
134,2016,2024-11-01,449,ATELIER  (o.Vst),3083,WP10 T10.3 Support exploitation impact 7PM,H2020,FALSE,PRORATA_PAYROLL,54,,,2144.71
134,2016,2024-12-01,449,ATELIER  (o.Vst),3083,WP10 T10.3 Support exploitation impact 7PM,H2020,FALSE,PRORATA_PAYROLL,33,,,3034.64
134,2016,2024-01-01,568,Hydro4U (mit MwSt),3612,"WP6 Dissemination, Communication and Exploitation",H2020,FALSE,PRORATA_PAYROLL,32,,,1252.28
134,2016,2024-02-01,568,Hydro4U (mit MwSt),3612,"WP6 Dissemination, Communication and Exploitation",H2020,FALSE,PRORATA_PAYROLL,34,,,1252.28
134,2016,2024-03-01,568,Hydro4U (mit MwSt),3612,"WP6 Dissemination, Communication and Exploitation",H2020,FALSE,PRORATA_PAYROLL,25.5,,,1422.21
134,2016,2024-04-01,568,Hydro4U (mit MwSt),3612,"WP6 Dissemination, Communication and Exploitation",H2020,FALSE,PRORATA_PAYROLL,22,,,649.75
134,2016,2024-05-01,568,Hydro4U (mit MwSt),3612,"WP6 Dissemination, Communication and Exploitation",H2020,FALSE,PRORATA_PAYROLL,16.25,,,726.77
134,2016,2024-06-01,568,Hydro4U (mit MwSt),3612,"WP6 Dissemination, Communication and Exploitation",H2020,FALSE,PRORATA_PAYROLL,33.375,,,1712.84
134,2016,2024-07-01,568,Hydro4U (mit MwSt),3612,"WP6 Dissemination, Communication and Exploitation",H2020,FALSE,PRORATA_PAYROLL,44.75,,,1521.82
134,2016,2024-08-01,568,Hydro4U (mit MwSt),3612,"WP6 Dissemination, Communication and Exploitation",H2020,FALSE,PRORATA_PAYROLL,40,,,1603.5
134,2016,2024-09-01,568,Hydro4U (mit MwSt),3612,"WP6 Dissemination, Communication and Exploitation",H2020,FALSE,PRORATA_PAYROLL,51.5,,,1823.66
134,2016,2024-10-01,568,Hydro4U (mit MwSt),3612,"WP6 Dissemination, Communication and Exploitation",H2020,FALSE,PRORATA_PAYROLL,66,,,2144.71
134,2016,2024-11-01,568,Hydro4U (mit MwSt),3612,"WP6 Dissemination, Communication and Exploitation",H2020,FALSE,PRORATA_PAYROLL,54,,,2144.71
134,2016,2024-12-01,568,Hydro4U (mit MwSt),3612,"WP6 Dissemination, Communication and Exploitation",H2020,FALSE,PRORATA_PAYROLL,33,,,3034.64
134,2016,2025-01-01,568,Hydro4U (mit MwSt),3612,"WP6 Dissemination, Communication and Exploitation",H2020,FALSE,PRORATA_PAYROLL,33,,,0
134,2016,2025-02-01,568,Hydro4U (mit MwSt),3612,"WP6 Dissemination, Communication and Exploitation",H2020,FALSE,PRORATA_PAYROLL,60,,,0
134,2016,2025-03-01,568,Hydro4U (mit MwSt),3612,"WP6 Dissemination, Communication and Exploitation",H2020,FALSE,PRORATA_PAYROLL,63,,,0
134,2016,2025-04-01,568,Hydro4U (mit MwSt),3612,"WP6 Dissemination, Communication and Exploitation",H2020,FALSE,PRORATA_PAYROLL,54,,,0
134,2016,2025-05-01,568,Hydro4U (mit MwSt),3612,"WP6 Dissemination, Communication and Exploitation",H2020,FALSE,PRORATA_PAYROLL,30,,,0
145,2016,2024-03-01,533,LEVIS (ohne Vorsteuerabzug),3642,WP7 Dissemination & Exploitation,H2020,FALSE,PRORATA_PAYROLL,6,,,376.53
145,2016,2024-04-01,533,LEVIS (ohne Vorsteuerabzug),3642,WP7 Dissemination & Exploitation,H2020,FALSE,PRORATA_PAYROLL,17.5,,,884.98
145,2016,2024-05-01,533,LEVIS (ohne Vorsteuerabzug),3642,WP7 Dissemination & Exploitation,H2020,FALSE,PRORATA_PAYROLL,7.625,,,609.33
145,2016,2024-06-01,533,LEVIS (ohne Vorsteuerabzug),3642,WP7 Dissemination & Exploitation,H2020,FALSE,PRORATA_PAYROLL,26.25,,,1564.92
145,2016,2024-02-01,533,LEVIS (ohne Vorsteuerabzug),3645,WP8 Project Coordination & Management,H2020,FALSE,PRORATA_PAYROLL,5,,,223.03
145,2016,2024-04-01,533,LEVIS (ohne Vorsteuerabzug),3645,WP8 Project Coordination & Management,H2020,FALSE,PRORATA_PAYROLL,4.125,,,208.6
145,2016,2024-01-01,571,FlashPhos (mit MwSt),4559,WP1 Management 2024,H2020,FALSE,PRORATA_PAYROLL,4.375,,,245.11
145,2016,2024-02-01,571,FlashPhos (mit MwSt),4559,WP1 Management 2024,H2020,FALSE,PRORATA_PAYROLL,46,,,2051.83
145,2016,2024-03-01,571,FlashPhos (mit MwSt),4559,WP1 Management 2024,H2020,FALSE,PRORATA_PAYROLL,14,,,878.56
145,2016,2024-04-01,571,FlashPhos (mit MwSt),4559,WP1 Management 2024,H2020,FALSE,PRORATA_PAYROLL,8.25,,,417.21
145,2016,2024-01-01,571,FlashPhos (mit MwSt),4576,WP9 Exploitation 2024,H2020,FALSE,PRORATA_PAYROLL,28.5,,,1596.7
145,2016,2024-02-01,571,FlashPhos (mit MwSt),4576,WP9 Exploitation 2024,H2020,FALSE,PRORATA_PAYROLL,24.75,,,1103.97
145,2016,2024-03-01,571,FlashPhos (mit MwSt),4576,WP9 Exploitation 2024,H2020,FALSE,PRORATA_PAYROLL,11.5,,,721.67
145,2016,2024-04-01,571,FlashPhos (mit MwSt),4576,WP9 Exploitation 2024,H2020,FALSE,PRORATA_PAYROLL,9.125,,,461.46
145,2017,2024-11-01,642,TENDER: DTA,4015,Tender DTA - 2024,TENDER,FALSE,PRORATA_PAYROLL,111,,,7588.8
145,2017,2024-12-01,642,TENDER: DTA,4015,Tender DTA - 2024,TENDER,FALSE,PRORATA_PAYROLL,68.25,,,6113.56
145,2017,2024-08-01,743,EU-KONFORM: TNO (2 Stage) CircBio,4536,Umsetzung 1st Stage,EU-KONFORM,FALSE,PRORATA_PAYROLL,4.125,,,547.23
145,2017,2024-09-01,743,EU-KONFORM: TNO (2 Stage) CircBio,4536,Umsetzung 1st Stage,EU-KONFORM,FALSE,PRORATA_PAYROLL,24,,,1135.38
145,2017,2024-08-01,744,"EU-KONFORM: KIT Antragskorr (Stage 1, 22.2.2024)",4538,Umsetzung KIT Stage 1 (22.2.24),EU-KONFORM,FALSE,PRORATA_PAYROLL,4.125,,,547.23
145,2017,2024-09-01,744,"EU-KONFORM: KIT Antragskorr (Stage 1, 22.2.2024)",4538,Umsetzung KIT Stage 1 (22.2.24),EU-KONFORM,FALSE,PRORATA_PAYROLL,29,,,1371.92
145,2017,2024-10-01,744,"EU-KONFORM: KIT Antragskorr (Stage 1, 22.2.2024)",4538,Umsetzung KIT Stage 1 (22.2.24),EU-KONFORM,FALSE,PRORATA_PAYROLL,33.125,,,1854.02
145,2017,2024-07-01,745,EU-KONFORM: DTU/Impact 07.02.2024,4539,Umsetzung: DTU Impact (07.02.2024),EU-KONFORM,FALSE,PRORATA_PAYROLL,13.875,,,637.68
145,2017,2024-12-01,745,EU-KONFORM: DTU/Impact 07.02.2024,4539,Umsetzung: DTU Impact (07.02.2024),EU-KONFORM,FALSE,PRORATA_PAYROLL,42.6,,,3815.94
145,2017,2024-07-01,757,EU-KONFORM: DE/2023-06-13/Wörwag 2. Stufe,4565,Umsetzung WÖRWAG 2. Stufe,EU-KONFORM,FALSE,PRORATA_PAYROLL,90.875,,,4176.5
145,2017,2024-07-01,773,EU-KONFORM: HORIZON-JU-CBE-2024-IA-06-IGB-Upfront payment,4670,Umsetzung,EU-KONFORM,FALSE,PRORATA_PAYROLL,18.5,,,850.24
145,2017,2024-09-01,782,EU-KONFORM: HORIZON-JU-CBE-2024-RIA-01 (wood) - RISE - upfront payment,4742,Umsetzung HORIZON-JU-CBE-2024-RIA-01 (wood) - RISE - upfront payment,EU-KONFORM,FALSE,PRORATA_PAYROLL,21,,,993.46
145,2017,2024-10-01,782,EU-KONFORM: HORIZON-JU-CBE-2024-RIA-01 (wood) - RISE - upfront payment,4742,Umsetzung HORIZON-JU-CBE-2024-RIA-01 (wood) - RISE - upfront payment,EU-KONFORM,FALSE,PRORATA_PAYROLL,22.5,,,1259.34
145,2017,2024-08-01,785,EU-KONFORM: HORIZON-JU-CBE-2024-RIA-02,4747,HORIZON-JU-CBE-2024-RIA-02 Umsetzung,EU-KONFORM,FALSE,PRORATA_PAYROLL,50.5,,,6699.44
145,2017,2024-09-01,785,EU-KONFORM: HORIZON-JU-CBE-2024-RIA-02,4747,HORIZON-JU-CBE-2024-RIA-02 Umsetzung,EU-KONFORM,FALSE,PRORATA_PAYROLL,7.5,,,354.81
145,2017,2024-10-01,785,EU-KONFORM: HORIZON-JU-CBE-2024-RIA-02,4747,HORIZON-JU-CBE-2024-RIA-02 Umsetzung,EU-KONFORM,FALSE,PRORATA_PAYROLL,21.25,,,1189.37
145,2017,2024-11-01,785,EU-KONFORM: HORIZON-JU-CBE-2024-RIA-02,4747,HORIZON-JU-CBE-2024-RIA-02 Umsetzung,EU-KONFORM,FALSE,PRORATA_PAYROLL,3,,,205.1
145,2017,2024-07-01,792,EU-KONFORM: DECIRE-WATER Stufe 2 KIT,4765,Antrag 2. Stufe DECIRE-WATER,EU-KONFORM,FALSE,PRORATA_PAYROLL,4.75,,,218.3
145,2017,2024-09-01,792,EU-KONFORM: DECIRE-WATER Stufe 2 KIT,4765,Antrag 2. Stufe DECIRE-WATER,EU-KONFORM,FALSE,PRORATA_PAYROLL,70.25,,,3323.35
145,2017,2024-10-01,792,EU-KONFORM: DECIRE-WATER Stufe 2 KIT,4765,Antrag 2. Stufe DECIRE-WATER,EU-KONFORM,FALSE,PRORATA_PAYROLL,38.625,,,2161.86
145,2017,2024-07-01,793,EU-KONFORM: BioLINKAGE Upfront,4760,Umsetzung Biolinkage Antragstellung,EU-KONFORM,FALSE,PRORATA_PAYROLL,36.75,,,1688.98
145,2017,2024-09-01,793,EU-KONFORM: BioLINKAGE Upfront,4760,Umsetzung Biolinkage Antragstellung,EU-KONFORM,FALSE,PRORATA_PAYROLL,13,,,615
145,2017,2025-01-01,812,EU-KONFORM: BioSmart-TUE-One-stage-FixedFee-HORIZON CL5 D3-02-03,4945,Concept Check,EU-KONFORM,FALSE,PRORATA_PAYROLL,16.125,,,2942.84
145,2017,2025-01-01,812,EU-KONFORM: BioSmart-TUE-One-stage-FixedFee-HORIZON CL5 D3-02-03,4946,Impact Formulation,EU-KONFORM,FALSE,PRORATA_PAYROLL,22.75,,,4151.92
145,2017,2024-10-01,814,EU-KONFORM: TenderLink-One-Stage-FixedFee-240478 - EC-JRC_IPR_2024_OP_1301,4869,TenderLink Umsetzung,EU-KONFORM,FALSE,PRORATA_PAYROLL,23.75,,,1329.3
145,2017,2025-02-01,816,EU-KONFORM: RHYNEUP-emobilBW-One-stage-FixedFee-HORIZON-JU-CLEANH2-2025-06-01,4873,1.2 Kick-off Meeting,EU-KONFORM,FALSE,PRORATA_PAYROLL,5.5,,,1962.67
145,2017,2025-02-01,816,EU-KONFORM: RHYNEUP-emobilBW-One-stage-FixedFee-HORIZON-JU-CLEANH2-2025-06-01,4879,1.7 Bilaterale Meetings mit Koordinationsteam,EU-KONFORM,FALSE,PRORATA_PAYROLL,13.25,,,4728.26
145,2017,2025-03-01,816,EU-KONFORM: RHYNEUP-emobilBW-One-stage-FixedFee-HORIZON-JU-CLEANH2-2025-06-01,4879,1.7 Bilaterale Meetings mit Koordinationsteam,EU-KONFORM,FALSE,PRORATA_PAYROLL,18.5,,,2080.44
145,2017,2025-03-01,816,EU-KONFORM: RHYNEUP-emobilBW-One-stage-FixedFee-HORIZON-JU-CLEANH2-2025-06-01,4882,"2.1 (Excellence) First page (why, what, how)",EU-KONFORM,FALSE,PRORATA_PAYROLL,2.6666666666666665,,,299.88
145,2017,2025-04-01,816,EU-KONFORM: RHYNEUP-emobilBW-One-stage-FixedFee-HORIZON-JU-CLEANH2-2025-06-01,4882,"2.1 (Excellence) First page (why, what, how)",EU-KONFORM,FALSE,PRORATA_PAYROLL,4.25,,,177.72
145,2017,2025-02-01,816,EU-KONFORM: RHYNEUP-emobilBW-One-stage-FixedFee-HORIZON-JU-CLEANH2-2025-06-01,4885,2.4 (Impact) Project's pathway towards impacts,EU-KONFORM,FALSE,PRORATA_PAYROLL,3.25,,,1159.76
145,2017,2025-03-01,816,EU-KONFORM: RHYNEUP-emobilBW-One-stage-FixedFee-HORIZON-JU-CLEANH2-2025-06-01,4885,2.4 (Impact) Project's pathway towards impacts,EU-KONFORM,FALSE,PRORATA_PAYROLL,33.916666666666664,,,3814.15
145,2017,2025-04-01,816,EU-KONFORM: RHYNEUP-emobilBW-One-stage-FixedFee-HORIZON-JU-CLEANH2-2025-06-01,4885,2.4 (Impact) Project's pathway towards impacts,EU-KONFORM,FALSE,PRORATA_PAYROLL,19.833333333333332,,,829.36
145,2017,2025-01-01,816,EU-KONFORM: RHYNEUP-emobilBW-One-stage-FixedFee-HORIZON-JU-CLEANH2-2025-06-01,4886,2.5 (Impact) Measures to maximise impact,EU-KONFORM,FALSE,PRORATA_PAYROLL,4.375,,,798.45
145,2017,2025-03-01,816,EU-KONFORM: RHYNEUP-emobilBW-One-stage-FixedFee-HORIZON-JU-CLEANH2-2025-06-01,4886,2.5 (Impact) Measures to maximise impact,EU-KONFORM,FALSE,PRORATA_PAYROLL,6.75,,,759.08
145,2017,2025-04-01,816,EU-KONFORM: RHYNEUP-emobilBW-One-stage-FixedFee-HORIZON-JU-CLEANH2-2025-06-01,4886,2.5 (Impact) Measures to maximise impact,EU-KONFORM,FALSE,PRORATA_PAYROLL,42.375,,,1771.97
145,2017,2025-04-01,816,EU-KONFORM: RHYNEUP-emobilBW-One-stage-FixedFee-HORIZON-JU-CLEANH2-2025-06-01,4887,2.6 (Impact) Summary,EU-KONFORM,FALSE,PRORATA_PAYROLL,8.25,,,344.99
145,2017,2025-04-01,816,EU-KONFORM: RHYNEUP-emobilBW-One-stage-FixedFee-HORIZON-JU-CLEANH2-2025-06-01,4892,2.9.1 Visualisierung und Formatierung,EU-KONFORM,FALSE,PRORATA_PAYROLL,9,,,376.35
145,2017,2025-03-01,816,EU-KONFORM: RHYNEUP-emobilBW-One-stage-FixedFee-HORIZON-JU-CLEANH2-2025-06-01,4893,2.9.2 Qualitätsprüfung,EU-KONFORM,FALSE,PRORATA_PAYROLL,2.75,,,309.26
145,2017,2025-04-01,816,EU-KONFORM: RHYNEUP-emobilBW-One-stage-FixedFee-HORIZON-JU-CLEANH2-2025-06-01,4893,2.9.2 Qualitätsprüfung,EU-KONFORM,FALSE,PRORATA_PAYROLL,8.5,,,355.44
145,2016,2024-01-01,821,ExCo: SUCCESS FEE BioFibreLoop,4934,SIG Success Fee BioFibreLoop,VERRECHNUNG INTERN,FALSE,PRORATA_PAYROLL,60,,,3361.47
145,2016,2024-02-01,821,ExCo: SUCCESS FEE BioFibreLoop,4934,SIG Success Fee BioFibreLoop,VERRECHNUNG INTERN,FALSE,PRORATA_PAYROLL,58.25,,,2598.24
145,2016,2024-03-01,821,ExCo: SUCCESS FEE BioFibreLoop,4934,SIG Success Fee BioFibreLoop,VERRECHNUNG INTERN,FALSE,PRORATA_PAYROLL,53.25,,,3341.67
145,2016,2024-04-01,821,ExCo: SUCCESS FEE BioFibreLoop,4934,SIG Success Fee BioFibreLoop,VERRECHNUNG INTERN,FALSE,PRORATA_PAYROLL,109.25,,,5524.83
145,2016,2024-05-01,821,ExCo: SUCCESS FEE BioFibreLoop,4934,SIG Success Fee BioFibreLoop,VERRECHNUNG INTERN,FALSE,PRORATA_PAYROLL,78.125,,,6243.16
145,2016,2024-06-01,821,ExCo: SUCCESS FEE BioFibreLoop,4934,SIG Success Fee BioFibreLoop,VERRECHNUNG INTERN,FALSE,PRORATA_PAYROLL,86,,,5126.96
145,2017,2025-03-01,823,EU-KONFORM-PEMPIRE-FraunhoferISE-One-stage-SuccessFee-HORIZON-JU-CLEANH2-2025-01-01,4953,Concept Adaptation and Consortium Finalisation:,EU-KONFORM,FALSE,PRORATA_PAYROLL,2.6666666666666665,,,299.88
145,2017,2025-04-01,823,EU-KONFORM-PEMPIRE-FraunhoferISE-One-stage-SuccessFee-HORIZON-JU-CLEANH2-2025-01-01,4953,Concept Adaptation and Consortium Finalisation:,EU-KONFORM,FALSE,PRORATA_PAYROLL,15,,,627.25
145,2017,2025-04-01,823,EU-KONFORM-PEMPIRE-FraunhoferISE-One-stage-SuccessFee-HORIZON-JU-CLEANH2-2025-01-01,4958,Regular Meetings and Email Communication,EU-KONFORM,FALSE,PRORATA_PAYROLL,19.208333333333332,,,803.22
145,2017,2025-04-01,823,EU-KONFORM-PEMPIRE-FraunhoferISE-One-stage-SuccessFee-HORIZON-JU-CLEANH2-2025-01-01,4959,Part A: Administrative Part,EU-KONFORM,FALSE,PRORATA_PAYROLL,2.5,,,104.54
145,2017,2025-03-01,823,EU-KONFORM-PEMPIRE-FraunhoferISE-One-stage-SuccessFee-HORIZON-JU-CLEANH2-2025-01-01,4960,Part B: Formulation of some parts of the proposal,EU-KONFORM,FALSE,PRORATA_PAYROLL,2.75,,,309.26
145,2017,2025-04-01,823,EU-KONFORM-PEMPIRE-FraunhoferISE-One-stage-SuccessFee-HORIZON-JU-CLEANH2-2025-01-01,4960,Part B: Formulation of some parts of the proposal,EU-KONFORM,FALSE,PRORATA_PAYROLL,46.833333333333336,,,1958.4
145,2017,2025-04-01,823,EU-KONFORM-PEMPIRE-FraunhoferISE-One-stage-SuccessFee-HORIZON-JU-CLEANH2-2025-01-01,4961,Visuals Upgrade,EU-KONFORM,FALSE,PRORATA_PAYROLL,2.5,,,104.54
145,2017,2025-04-01,823,EU-KONFORM-PEMPIRE-FraunhoferISE-One-stage-SuccessFee-HORIZON-JU-CLEANH2-2025-01-01,4962,Review of the whole proposal,EU-KONFORM,FALSE,PRORATA_PAYROLL,10,,,418.16
147,2017,2024-01-01,683,TENDER: EU Island 2.0,4183,Events 2024,TENDER,FALSE,PRORATA_PAYROLL,12.291666666666666,,,1177.85
147,2017,2024-02-01,683,TENDER: EU Island 2.0,4183,Events 2024,TENDER,FALSE,PRORATA_PAYROLL,35.1875,,,1250.77
147,2017,2024-03-01,683,TENDER: EU Island 2.0,4183,Events 2024,TENDER,FALSE,PRORATA_PAYROLL,27.941666666666666,,,1146.03
147,2017,2024-04-01,683,TENDER: EU Island 2.0,4183,Events 2024,TENDER,FALSE,PRORATA_PAYROLL,46.82083333333333,,,1421.95
147,2017,2024-05-01,683,TENDER: EU Island 2.0,4183,Events 2024,TENDER,FALSE,PRORATA_PAYROLL,110,,,4137.64
147,2017,2024-06-01,683,TENDER: EU Island 2.0,4183,Events 2024,TENDER,FALSE,PRORATA_PAYROLL,27.166666666666668,,,1316.12
147,2017,2024-07-01,683,TENDER: EU Island 2.0,4183,Events 2024,TENDER,FALSE,PRORATA_PAYROLL,46.791666666666664,,,1747.02
147,2017,2024-08-01,683,TENDER: EU Island 2.0,4183,Events 2024,TENDER,FALSE,PRORATA_PAYROLL,35.4375,,,2092.24
147,2017,2024-09-01,683,TENDER: EU Island 2.0,4183,Events 2024,TENDER,FALSE,PRORATA_PAYROLL,47.825,,,2022.68
147,2017,2024-10-01,683,TENDER: EU Island 2.0,4183,Events 2024,TENDER,FALSE,PRORATA_PAYROLL,31.270833333333332,,,1879.88
147,2017,2024-11-01,683,TENDER: EU Island 2.0,4183,Events 2024,TENDER,FALSE,PRORATA_PAYROLL,42.625,,,1704.42
147,2017,2024-12-01,683,TENDER: EU Island 2.0,4183,Events 2024,TENDER,FALSE,PRORATA_PAYROLL,33.625,,,4264.7
147,2017,2025-01-01,683,TENDER: EU Island 2.0,4184,Events 2025,TENDER,FALSE,PRORATA_PAYROLL,88.3125,,,3368.63
147,2017,2025-02-01,683,TENDER: EU Island 2.0,4184,Events 2025,TENDER,FALSE,PRORATA_PAYROLL,47.25,,,1932.65
147,2017,2025-03-01,683,TENDER: EU Island 2.0,4184,Events 2025,TENDER,FALSE,PRORATA_PAYROLL,29.416666666666668,,,2678.4
147,2017,2025-04-01,683,TENDER: EU Island 2.0,4184,Events 2025,TENDER,FALSE,PRORATA_PAYROLL,55.11666666666667,,,2919.06
147,2017,2025-05-01,683,TENDER: EU Island 2.0,4184,Events 2025,TENDER,FALSE,PRORATA_PAYROLL,86.75,,,3022.8
147,2017,2025-06-01,683,TENDER: EU Island 2.0,4184,Events 2025,TENDER,FALSE,PRORATA_PAYROLL,27.458333333333332,,,1214.69
147,2017,2024-01-01,686,EVENT: Netzwerktreffen MINT 2023 & 2024,4172,Netzwerktreffen 2024,EVENT,FALSE,PRORATA_PAYROLL,5.875,,,562.97
147,2017,2024-02-01,686,EVENT: Netzwerktreffen MINT 2023 & 2024,4172,Netzwerktreffen 2024,EVENT,FALSE,PRORATA_PAYROLL,9.070833333333333,,,322.43
147,2017,2024-03-01,686,EVENT: Netzwerktreffen MINT 2023 & 2024,4172,Netzwerktreffen 2024,EVENT,FALSE,PRORATA_PAYROLL,20.0375,,,821.84
147,2017,2024-04-01,686,EVENT: Netzwerktreffen MINT 2023 & 2024,4172,Netzwerktreffen 2024,EVENT,FALSE,PRORATA_PAYROLL,8.8,,,267.26
147,2017,2024-01-01,693,TENDER: FWC Hydrogen 2023,4264,BD Umsetzung,TENDER,FALSE,PRORATA_PAYROLL,22.708333333333332,,,2176.02
147,2017,2024-02-01,693,TENDER: FWC Hydrogen 2023,4264,BD Umsetzung,TENDER,FALSE,PRORATA_PAYROLL,29.595833333333335,,,1052.01
147,2017,2024-03-01,693,TENDER: FWC Hydrogen 2023,4264,BD Umsetzung,TENDER,FALSE,PRORATA_PAYROLL,33.520833333333336,,,1374.86
147,2017,2024-04-01,693,TENDER: FWC Hydrogen 2023,4264,BD Umsetzung,TENDER,FALSE,PRORATA_PAYROLL,30.216666666666665,,,917.68
147,2017,2024-05-01,693,TENDER: FWC Hydrogen 2023,4264,BD Umsetzung,TENDER,FALSE,PRORATA_PAYROLL,26.541666666666668,,,998.36
147,2017,2024-06-01,693,TENDER: FWC Hydrogen 2023,4264,BD Umsetzung,TENDER,FALSE,PRORATA_PAYROLL,45.958333333333336,,,2226.51
147,2017,2024-07-01,693,TENDER: FWC Hydrogen 2023,4264,BD Umsetzung,TENDER,FALSE,PRORATA_PAYROLL,44.416666666666664,,,1658.35
147,2017,2024-08-01,693,TENDER: FWC Hydrogen 2023,4264,BD Umsetzung,TENDER,FALSE,PRORATA_PAYROLL,26,,,1535.05
147,2017,2024-09-01,693,TENDER: FWC Hydrogen 2023,4264,BD Umsetzung,TENDER,FALSE,PRORATA_PAYROLL,41.7625,,,1766.27
147,2017,2024-10-01,693,TENDER: FWC Hydrogen 2023,4264,BD Umsetzung,TENDER,FALSE,PRORATA_PAYROLL,31.270833333333332,,,1879.88
147,2017,2024-11-01,693,TENDER: FWC Hydrogen 2023,4264,BD Umsetzung,TENDER,FALSE,PRORATA_PAYROLL,83.125,,,3323.87
147,2017,2024-12-01,693,TENDER: FWC Hydrogen 2023,4264,BD Umsetzung,TENDER,FALSE,PRORATA_PAYROLL,29.625,,,3757.37
147,2017,2025-01-01,693,TENDER: FWC Hydrogen 2023,4264,BD Umsetzung,TENDER,FALSE,PRORATA_PAYROLL,29.833333333333332,,,1137.98
147,2017,2025-02-01,693,TENDER: FWC Hydrogen 2023,4264,BD Umsetzung,TENDER,FALSE,PRORATA_PAYROLL,68.375,,,2796.71
147,2017,2024-01-01,729,EVENT: OIK 2024,4482,OIK 2024 Vorbereitung 2024,EVENT,FALSE,PRORATA_PAYROLL,4.416666666666667,,,423.23
147,2017,2024-02-01,729,EVENT: OIK 2024,4482,OIK 2024 Vorbereitung 2024,EVENT,FALSE,PRORATA_PAYROLL,12.575,,,446.99
147,2017,2024-03-01,729,EVENT: OIK 2024,4482,OIK 2024 Vorbereitung 2024,EVENT,FALSE,PRORATA_PAYROLL,19.020833333333332,,,780.14
147,2017,2024-04-01,729,EVENT: OIK 2024,4482,OIK 2024 Vorbereitung 2024,EVENT,FALSE,PRORATA_PAYROLL,7.783333333333333,,,236.38
147,2017,2024-01-01,730,Districts of Creativity 2024,4484,DoC Umsetzung,REGIONALE FÖRDERUNG,FALSE,PRORATA_PAYROLL,3.75,,,359.34
147,2017,2024-02-01,730,Districts of Creativity 2024,4484,DoC Umsetzung,REGIONALE FÖRDERUNG,FALSE,PRORATA_PAYROLL,13.108333333333333,,,465.95
147,2017,2024-03-01,730,Districts of Creativity 2024,4484,DoC Umsetzung,REGIONALE FÖRDERUNG,FALSE,PRORATA_PAYROLL,7.3875,,,303
147,2017,2024-04-01,730,Districts of Creativity 2024,4484,DoC Umsetzung,REGIONALE FÖRDERUNG,FALSE,PRORATA_PAYROLL,39.5375,,,1200.76
147,2017,2024-06-01,730,Districts of Creativity 2024,4484,DoC Umsetzung,REGIONALE FÖRDERUNG,FALSE,PRORATA_PAYROLL,2.8333333333333335,,,137.26
147,2017,2024-07-01,730,Districts of Creativity 2024,4484,DoC Umsetzung,REGIONALE FÖRDERUNG,FALSE,PRORATA_PAYROLL,1.875,,,70.01
147,2017,2024-08-01,730,Districts of Creativity 2024,4484,DoC Umsetzung,REGIONALE FÖRDERUNG,FALSE,PRORATA_PAYROLL,2.5,,,147.6
147,2017,2024-09-01,730,Districts of Creativity 2024,4484,DoC Umsetzung,REGIONALE FÖRDERUNG,FALSE,PRORATA_PAYROLL,10.575,,,447.25
147,2017,2024-10-01,730,Districts of Creativity 2024,4484,DoC Umsetzung,REGIONALE FÖRDERUNG,FALSE,PRORATA_PAYROLL,15.9375,,,958.1
147,2017,2024-11-01,730,Districts of Creativity 2024,4484,DoC Umsetzung,REGIONALE FÖRDERUNG,FALSE,PRORATA_PAYROLL,5.125,,,204.93
147,2017,2024-02-01,751,EVENT: StaMi 4 Motoren 2024,4550,WP Planung 2024,EVENT,FALSE,PRORATA_PAYROLL,26,,,924.19
147,2017,2024-03-01,751,EVENT: StaMi 4 Motoren 2024,4550,WP Planung 2024,EVENT,FALSE,PRORATA_PAYROLL,38.420833333333334,,,1575.84
147,2017,2024-04-01,751,EVENT: StaMi 4 Motoren 2024,4550,WP Planung 2024,EVENT,FALSE,PRORATA_PAYROLL,59.65416666666667,,,1811.7
147,2017,2024-06-01,775,KI-Champions Videos 2024,4707,Durchführung,BERATUNGSAUFTRAG,FALSE,PRORATA_PAYROLL,14.541666666666666,,,704.49
147,2017,2024-07-01,775,KI-Champions Videos 2024,4707,Durchführung,BERATUNGSAUFTRAG,FALSE,PRORATA_PAYROLL,7.083333333333333,,,264.47
147,2017,2025-01-01,800,EVENT: Umwelttechnikpreis 2025,4834,WP Planung 2025,EVENT,FALSE,PRORATA_PAYROLL,7.4375,,,283.7
147,2017,2025-04-01,800,EVENT: Umwelttechnikpreis 2025,4834,WP Planung 2025,EVENT,FALSE,PRORATA_PAYROLL,8.416666666666666,,,445.76
147,2017,2025-01-01,801,EVENT: 10. MINT Netzwerktreffen,4835,10. MINT Netzwerktreffen,EVENT,FALSE,PRORATA_PAYROLL,7.604166666666667,,,290.06
147,2017,2025-02-01,801,EVENT: 10. MINT Netzwerktreffen,4835,10. MINT Netzwerktreffen,EVENT,FALSE,PRORATA_PAYROLL,10,,,409.03
147,2017,2025-03-01,801,EVENT: 10. MINT Netzwerktreffen,4835,10. MINT Netzwerktreffen,EVENT,FALSE,PRORATA_PAYROLL,2.8333333333333335,,,257.98
147,2017,2025-04-01,801,EVENT: 10. MINT Netzwerktreffen,4835,10. MINT Netzwerktreffen,EVENT,FALSE,PRORATA_PAYROLL,12.2,,,646.13
147,2017,2025-05-01,801,EVENT: 10. MINT Netzwerktreffen,4835,10. MINT Netzwerktreffen,EVENT,FALSE,PRORATA_PAYROLL,29.375,,,1023.57
147,2017,2025-03-01,818,TENDER: CH JU Clean Hydrogen 2025-2026,4904,WP2 BD2 2025,TENDER,FALSE,PRORATA_PAYROLL,29.416666666666668,,,2678.4
147,2017,2025-04-01,818,TENDER: CH JU Clean Hydrogen 2025-2026,4904,WP2 BD2 2025,TENDER,FALSE,PRORATA_PAYROLL,38.36666666666667,,,2031.96
147,2017,2025-05-01,818,TENDER: CH JU Clean Hydrogen 2025-2026,4904,WP2 BD2 2025,TENDER,FALSE,PRORATA_PAYROLL,71.625,,,2495.77
147,2017,2025-06-01,818,TENDER: CH JU Clean Hydrogen 2025-2026,4904,WP2 BD2 2025,TENDER,FALSE,PRORATA_PAYROLL,83.08333333333333,,,3675.39
147,2017,2025-07-01,818,TENDER: CH JU Clean Hydrogen 2025-2026,4904,WP2 BD2 2025,TENDER,FALSE,PRORATA_PAYROLL,8.75,,,6646.67
147,2017,2025-04-01,820,Districts of Creativity 2025,4909,Projektmanagement,REGIONALE FÖRDERUNG,FALSE,PRORATA_PAYROLL,1.7,,,90.03
152,2016,2024-01-01,592,OpenLab (inkl. MwSt),3824,WP8 D&C,H2020,FALSE,PRORATA_PAYROLL,40,,,1656.36
152,2017,2024-09-01,642,TENDER: DTA,4014,Tender DTA - 2024,TENDER,FALSE,PRORATA_PAYROLL,24,,,1195.25
152,2017,2024-10-01,642,TENDER: DTA,4014,Tender DTA - 2024,TENDER,FALSE,PRORATA_PAYROLL,72,,,3984.18
152,2017,2024-11-01,642,TENDER: DTA,4014,Tender DTA - 2024,TENDER,FALSE,PRORATA_PAYROLL,80,,,3984.18
152,2017,2024-12-01,642,TENDER: DTA,4014,Tender DTA - 2024,TENDER,FALSE,PRORATA_PAYROLL,42,,,6070.48
152,2017,2024-03-01,644,TENDER: Smart Cities Marketplace 2.0,4020,DC 2024,TENDER,FALSE,PRORATA_PAYROLL,48,,,2874.85
152,2017,2024-04-01,644,TENDER: Smart Cities Marketplace 2.0,4020,DC 2024,TENDER,FALSE,PRORATA_PAYROLL,72,,,8578.29
152,2017,2024-05-01,644,TENDER: Smart Cities Marketplace 2.0,4020,DC 2024,TENDER,FALSE,PRORATA_PAYROLL,32,,,4484.92
152,2017,2024-06-01,644,TENDER: Smart Cities Marketplace 2.0,4020,DC 2024,TENDER,FALSE,PRORATA_PAYROLL,64,,,-4945.15
152,2017,2024-07-01,644,TENDER: Smart Cities Marketplace 2.0,4020,DC 2024,TENDER,FALSE,PRORATA_PAYROLL,56,,,2279.95
152,2017,2024-08-01,644,TENDER: Smart Cities Marketplace 2.0,4020,DC 2024,TENDER,FALSE,PRORATA_PAYROLL,44,,,2578
152,2017,2024-09-01,644,TENDER: Smart Cities Marketplace 2.0,4020,DC 2024,TENDER,FALSE,PRORATA_PAYROLL,56,,,2788.93
152,2017,2025-01-01,644,TENDER: Smart Cities Marketplace 2.0,4021,DC 2025,TENDER,FALSE,PRORATA_PAYROLL,20,,,1336.41
152,2017,2025-02-01,644,TENDER: Smart Cities Marketplace 2.0,4021,DC 2025,TENDER,FALSE,PRORATA_PAYROLL,16,,,1603.69
152,2017,2025-03-01,644,TENDER: Smart Cities Marketplace 2.0,4021,DC 2025,TENDER,FALSE,PRORATA_PAYROLL,48,,,2405.53
152,2017,2025-04-01,644,TENDER: Smart Cities Marketplace 2.0,4021,DC 2025,TENDER,FALSE,PRORATA_PAYROLL,30.75,,,1340.04
152,2017,2025-05-01,644,TENDER: Smart Cities Marketplace 2.0,4021,DC 2025,TENDER,FALSE,PRORATA_PAYROLL,28,,,1559.14
152,2016,2024-01-01,666,TENDER: Smart Cities Marketplace 2.0: Expert Contract,4229,SmartCitiesMarketplace 2.0 Inhaltlich 2024,VERRECHNUNG INTERN,FALSE,PRORATA_PAYROLL,34,,,1407.91
152,2016,2024-02-01,666,TENDER: Smart Cities Marketplace 2.0: Expert Contract,4229,SmartCitiesMarketplace 2.0 Inhaltlich 2024,VERRECHNUNG INTERN,FALSE,PRORATA_PAYROLL,92,,,4721.8
152,2017,2025-01-01,683,TENDER: EU Island 2.0,4184,Events 2025,TENDER,FALSE,PRORATA_PAYROLL,40,,,2672.81
152,2017,2025-02-01,683,TENDER: EU Island 2.0,4184,Events 2025,TENDER,FALSE,PRORATA_PAYROLL,24,,,2405.53
152,2017,2025-03-01,683,TENDER: EU Island 2.0,4184,Events 2025,TENDER,FALSE,PRORATA_PAYROLL,32,,,1603.69
152,2017,2025-04-01,683,TENDER: EU Island 2.0,4184,Events 2025,TENDER,FALSE,PRORATA_PAYROLL,61.25,,,2669.18
152,2017,2025-05-01,683,TENDER: EU Island 2.0,4184,Events 2025,TENDER,FALSE,PRORATA_PAYROLL,44,,,2450.08
152,2017,2024-03-01,683,TENDER: EU Island 2.0,4222,D+C 2024,TENDER,FALSE,PRORATA_PAYROLL,32,,,1916.57
152,2017,2024-04-01,683,TENDER: EU Island 2.0,4222,D+C 2024,TENDER,FALSE,PRORATA_PAYROLL,16,,,1906.29
152,2017,2024-05-01,683,TENDER: EU Island 2.0,4222,D+C 2024,TENDER,FALSE,PRORATA_PAYROLL,20,,,2803.08
152,2017,2024-06-01,683,TENDER: EU Island 2.0,4222,D+C 2024,TENDER,FALSE,PRORATA_PAYROLL,16,,,-1236.29
152,2017,2024-07-01,683,TENDER: EU Island 2.0,4222,D+C 2024,TENDER,FALSE,PRORATA_PAYROLL,36,,,1465.69
152,2017,2024-08-01,683,TENDER: EU Island 2.0,4222,D+C 2024,TENDER,FALSE,PRORATA_PAYROLL,24,,,1406.18
152,2016,2024-01-01,684,TENDER: EU Island 2.0: Expert Contract,4223,Inhalt 2024,VERRECHNUNG INTERN,FALSE,PRORATA_PAYROLL,102,,,4223.73
152,2016,2024-02-01,684,TENDER: EU Island 2.0: Expert Contract,4223,Inhalt 2024,VERRECHNUNG INTERN,FALSE,PRORATA_PAYROLL,50,,,2566.2
164,2017,2024-01-01,694,INTERREG: Capacity2Transform LUMP,4387,WP1 Transformation Approach DGC,INTERREG,FALSE,PRORATA_PAYROLL,16.333333333333332,,,646.86
164,2017,2024-02-01,694,INTERREG: Capacity2Transform LUMP,4387,WP1 Transformation Approach DGC,INTERREG,FALSE,PRORATA_PAYROLL,37.666666666666664,,,1349.49
164,2017,2024-03-01,694,INTERREG: Capacity2Transform LUMP,4387,WP1 Transformation Approach DGC,INTERREG,FALSE,PRORATA_PAYROLL,18.083333333333332,,,765.76
164,2017,2024-04-01,694,INTERREG: Capacity2Transform LUMP,4387,WP1 Transformation Approach DGC,INTERREG,FALSE,PRORATA_PAYROLL,6.416666666666667,,,262.78
164,2017,2024-05-01,694,INTERREG: Capacity2Transform LUMP,4387,WP1 Transformation Approach DGC,INTERREG,FALSE,PRORATA_PAYROLL,7.233333333333333,,,440.04
164,2017,2024-06-01,694,INTERREG: Capacity2Transform LUMP,4387,WP1 Transformation Approach DGC,INTERREG,FALSE,PRORATA_PAYROLL,3.7333333333333334,,,168.29
164,2017,2024-07-01,694,INTERREG: Capacity2Transform LUMP,4387,WP1 Transformation Approach DGC,INTERREG,FALSE,PRORATA_PAYROLL,1.4,,,59.17
164,2017,2024-08-01,694,INTERREG: Capacity2Transform LUMP,4387,WP1 Transformation Approach DGC,INTERREG,FALSE,PRORATA_PAYROLL,4.666666666666667,,,333.49
164,2017,2024-01-01,694,INTERREG: Capacity2Transform LUMP,4397,WP2 Capacity Building,INTERREG,FALSE,PRORATA_PAYROLL,53.666666666666664,,,2125.41
164,2017,2024-02-01,694,INTERREG: Capacity2Transform LUMP,4397,WP2 Capacity Building,INTERREG,FALSE,PRORATA_PAYROLL,46.416666666666664,,,1662.98
164,2017,2024-03-01,694,INTERREG: Capacity2Transform LUMP,4397,WP2 Capacity Building,INTERREG,FALSE,PRORATA_PAYROLL,21.666666666666668,,,917.5
164,2017,2024-04-01,694,INTERREG: Capacity2Transform LUMP,4397,WP2 Capacity Building,INTERREG,FALSE,PRORATA_PAYROLL,18,,,737.15
164,2017,2024-05-01,694,INTERREG: Capacity2Transform LUMP,4397,WP2 Capacity Building,INTERREG,FALSE,PRORATA_PAYROLL,17.15,,,1043.31
164,2017,2024-06-01,694,INTERREG: Capacity2Transform LUMP,4397,WP2 Capacity Building,INTERREG,FALSE,PRORATA_PAYROLL,24.733333333333334,,,1114.89
164,2017,2024-07-01,694,INTERREG: Capacity2Transform LUMP,4397,WP2 Capacity Building,INTERREG,FALSE,PRORATA_PAYROLL,28.9,,,1221.5
164,2017,2024-08-01,694,INTERREG: Capacity2Transform LUMP,4397,WP2 Capacity Building,INTERREG,FALSE,PRORATA_PAYROLL,18.583333333333332,,,1327.99
164,2017,2024-09-01,694,INTERREG: Capacity2Transform LUMP,4397,WP2 Capacity Building,INTERREG,FALSE,PRORATA_PAYROLL,32.9,,,1328.87
164,2017,2024-10-01,694,INTERREG: Capacity2Transform LUMP,4397,WP2 Capacity Building,INTERREG,FALSE,PRORATA_PAYROLL,35.25,,,1826.16
164,2017,2024-11-01,694,INTERREG: Capacity2Transform LUMP,4397,WP2 Capacity Building,INTERREG,FALSE,PRORATA_PAYROLL,28.95,,,1452.63
164,2017,2024-12-01,694,INTERREG: Capacity2Transform LUMP,4397,WP2 Capacity Building,INTERREG,FALSE,PRORATA_PAYROLL,15.75,,,1458.43
164,2017,2025-01-01,694,INTERREG: Capacity2Transform LUMP,4397,WP2 Capacity Building,INTERREG,FALSE,PRORATA_PAYROLL,48.88333333333333,,,2282.53
164,2017,2025-02-01,694,INTERREG: Capacity2Transform LUMP,4397,WP2 Capacity Building,INTERREG,FALSE,PRORATA_PAYROLL,48.6,,,1984.38
164,2017,2025-03-01,694,INTERREG: Capacity2Transform LUMP,4397,WP2 Capacity Building,INTERREG,FALSE,PRORATA_PAYROLL,38.5,,,1459.71
164,2017,2025-04-01,694,INTERREG: Capacity2Transform LUMP,4397,WP2 Capacity Building,INTERREG,FALSE,PRORATA_PAYROLL,18.933333333333334,,,916.2
164,2017,2025-05-01,694,INTERREG: Capacity2Transform LUMP,4397,WP2 Capacity Building,INTERREG,FALSE,PRORATA_PAYROLL,7.666666666666667,,,627.84
164,2017,2025-06-01,694,INTERREG: Capacity2Transform LUMP,4397,WP2 Capacity Building,INTERREG,FALSE,PRORATA_PAYROLL,20.016666666666666,,,1121.57
164,2017,2024-09-01,694,INTERREG: Capacity2Transform LUMP,4398,WP3 Transformation,INTERREG,FALSE,PRORATA_PAYROLL,31.15,,,1258.19
164,2017,2024-10-01,694,INTERREG: Capacity2Transform LUMP,4398,WP3 Transformation,INTERREG,FALSE,PRORATA_PAYROLL,26.25,,,1359.91
164,2017,2024-11-01,694,INTERREG: Capacity2Transform LUMP,4398,WP3 Transformation,INTERREG,FALSE,PRORATA_PAYROLL,23.55,,,1181.68
164,2017,2024-12-01,694,INTERREG: Capacity2Transform LUMP,4398,WP3 Transformation,INTERREG,FALSE,PRORATA_PAYROLL,28.666666666666668,,,2654.49
164,2017,2025-01-01,694,INTERREG: Capacity2Transform LUMP,4398,WP3 Transformation,INTERREG,FALSE,PRORATA_PAYROLL,13.066666666666666,,,610.13
164,2017,2025-02-01,694,INTERREG: Capacity2Transform LUMP,4398,WP3 Transformation,INTERREG,FALSE,PRORATA_PAYROLL,30.333333333333332,,,1238.54
164,2017,2025-03-01,694,INTERREG: Capacity2Transform LUMP,4398,WP3 Transformation,INTERREG,FALSE,PRORATA_PAYROLL,9.5,,,360.19
164,2017,2025-04-01,694,INTERREG: Capacity2Transform LUMP,4398,WP3 Transformation,INTERREG,FALSE,PRORATA_PAYROLL,16,,,774.26
164,2017,2025-05-01,694,INTERREG: Capacity2Transform LUMP,4398,WP3 Transformation,INTERREG,FALSE,PRORATA_PAYROLL,17,,,1392.17
164,2017,2025-06-01,694,INTERREG: Capacity2Transform LUMP,4398,WP3 Transformation,INTERREG,FALSE,PRORATA_PAYROLL,18.416666666666668,,,1031.92
164,2017,2024-09-01,784,INTERREG: RuBIO,4818,SO1 - Report state of play,INTERREG,FALSE,PRORATA_PAYROLL,19.483333333333334,,,786.96
164,2017,2024-10-01,784,INTERREG: RuBIO,4818,SO1 - Report state of play,INTERREG,FALSE,PRORATA_PAYROLL,8.416666666666666,,,436.03
164,2017,2024-11-01,784,INTERREG: RuBIO,4818,SO1 - Report state of play,INTERREG,FALSE,PRORATA_PAYROLL,2.8,,,140.5
164,2017,2025-01-01,784,INTERREG: RuBIO,4818,SO1 - Report state of play,INTERREG,FALSE,PRORATA_PAYROLL,3.7333333333333334,,,174.32
164,2017,2025-02-01,784,INTERREG: RuBIO,4818,SO1 - Report state of play,INTERREG,FALSE,PRORATA_PAYROLL,10.266666666666667,,,419.2
164,2017,2025-03-01,784,INTERREG: RuBIO,4818,SO1 - Report state of play,INTERREG,FALSE,PRORATA_PAYROLL,11.333333333333334,,,429.7
164,2017,2025-04-01,784,INTERREG: RuBIO,4818,SO1 - Report state of play,INTERREG,FALSE,PRORATA_PAYROLL,6,,,290.35
164,2017,2025-04-01,784,INTERREG: RuBIO,4819,SO2 - Developing project workplan,INTERREG,FALSE,PRORATA_PAYROLL,4.266666666666667,,,206.47
164,2017,2025-05-01,784,INTERREG: RuBIO,4819,SO2 - Developing project workplan,INTERREG,FALSE,PRORATA_PAYROLL,7,,,573.25
164,2017,2025-06-01,784,INTERREG: RuBIO,4819,SO2 - Developing project workplan,INTERREG,FALSE,PRORATA_PAYROLL,8.666666666666666,,,485.61
164,2017,2024-11-01,784,INTERREG: RuBIO,4820,SO3 - Report funding possibilities,INTERREG,FALSE,PRORATA_PAYROLL,7.7,,,386.37
164,2017,2024-12-01,784,INTERREG: RuBIO,4820,SO3 - Report funding possibilities,INTERREG,FALSE,PRORATA_PAYROLL,8.75,,,810.24
164,2017,2025-01-01,784,INTERREG: RuBIO,4820,SO3 - Report funding possibilities,INTERREG,FALSE,PRORATA_PAYROLL,11.216666666666667,,,523.74
164,2017,2025-02-01,784,INTERREG: RuBIO,4820,SO3 - Report funding possibilities,INTERREG,FALSE,PRORATA_PAYROLL,3.6,,,146.99
164,2017,2025-03-01,784,INTERREG: RuBIO,4820,SO3 - Report funding possibilities,INTERREG,FALSE,PRORATA_PAYROLL,8.5,,,322.27
164,2017,2025-04-01,784,INTERREG: RuBIO,4820,SO3 - Report funding possibilities,INTERREG,FALSE,PRORATA_PAYROLL,9.6,,,464.55
164,2017,2025-06-01,807,INTERREG: Danube Crafts,4950,SO2 - Empowerment & capacity-building for the route development,INTERREG,FALSE,PRORATA_PAYROLL,1.6,,,89.65
164,2017,2025-04-01,807,INTERREG: Danube Crafts,4951,SO1 - Establishing Route strategy,INTERREG,FALSE,PRORATA_PAYROLL,16.6,,,803.29
164,2017,2025-05-01,807,INTERREG: Danube Crafts,4951,SO1 - Establishing Route strategy,INTERREG,FALSE,PRORATA_PAYROLL,8.666666666666666,,,709.73
164,2017,2025-06-01,807,INTERREG: Danube Crafts,4951,SO1 - Establishing Route strategy,INTERREG,FALSE,PRORATA_PAYROLL,10.266666666666667,,,575.26
164,2017,2025-04-01,807,INTERREG: Danube Crafts,4952,SO3 - Visibility & Promotion of the Route,INTERREG,FALSE,PRORATA_PAYROLL,9.6,,,464.55
164,2017,2025-05-01,807,INTERREG: Danube Crafts,4952,SO3 - Visibility & Promotion of the Route,INTERREG,FALSE,PRORATA_PAYROLL,4.666666666666667,,,382.16
164,2017,2025-06-01,807,INTERREG: Danube Crafts,4952,SO3 - Visibility & Promotion of the Route,INTERREG,FALSE,PRORATA_PAYROLL,7.6,,,425.84
166,2017,2024-01-01,271,S2i Personal in Gemeinkosten,4638,PK in OH 2024,GEMEINKOSTEN - NICHT PROJEKTVOLUMEN RELEVANT,FALSE,PRORATA_PAYROLL,88.5,,,5100
166,2017,2024-02-01,271,S2i Personal in Gemeinkosten,4638,PK in OH 2024,GEMEINKOSTEN - NICHT PROJEKTVOLUMEN RELEVANT,FALSE,PRORATA_PAYROLL,59,,,3592.76
166,2017,2024-03-01,271,S2i Personal in Gemeinkosten,4638,PK in OH 2024,GEMEINKOSTEN - NICHT PROJEKTVOLUMEN RELEVANT,FALSE,PRORATA_PAYROLL,117,,,6017.89
166,2017,2024-04-01,271,S2i Personal in Gemeinkosten,4638,PK in OH 2024,GEMEINKOSTEN - NICHT PROJEKTVOLUMEN RELEVANT,FALSE,PRORATA_PAYROLL,84.5,,,5798.78
166,2017,2024-05-01,271,S2i Personal in Gemeinkosten,4638,PK in OH 2024,GEMEINKOSTEN - NICHT PROJEKTVOLUMEN RELEVANT,FALSE,PRORATA_PAYROLL,101.5,,,5996.95
166,2017,2024-06-01,271,S2i Personal in Gemeinkosten,4638,PK in OH 2024,GEMEINKOSTEN - NICHT PROJEKTVOLUMEN RELEVANT,FALSE,PRORATA_PAYROLL,109.5,,,6320.22
166,2017,2024-07-01,271,S2i Personal in Gemeinkosten,4638,PK in OH 2024,GEMEINKOSTEN - NICHT PROJEKTVOLUMEN RELEVANT,FALSE,PRORATA_PAYROLL,154,,,6617.98
166,2017,2024-08-01,271,S2i Personal in Gemeinkosten,4638,PK in OH 2024,GEMEINKOSTEN - NICHT PROJEKTVOLUMEN RELEVANT,FALSE,PRORATA_PAYROLL,121.5,,,6649.32
166,2017,2024-09-01,271,S2i Personal in Gemeinkosten,4638,PK in OH 2024,GEMEINKOSTEN - NICHT PROJEKTVOLUMEN RELEVANT,FALSE,PRORATA_PAYROLL,99.5,,,6949.48
166,2017,2024-10-01,271,S2i Personal in Gemeinkosten,4638,PK in OH 2024,GEMEINKOSTEN - NICHT PROJEKTVOLUMEN RELEVANT,FALSE,PRORATA_PAYROLL,131.5,,,6910.8
166,2017,2024-11-01,271,S2i Personal in Gemeinkosten,4638,PK in OH 2024,GEMEINKOSTEN - NICHT PROJEKTVOLUMEN RELEVANT,FALSE,PRORATA_PAYROLL,102.5,,,6013.57
166,2017,2024-12-01,271,S2i Personal in Gemeinkosten,4638,PK in OH 2024,GEMEINKOSTEN - NICHT PROJEKTVOLUMEN RELEVANT,FALSE,PRORATA_PAYROLL,74.5,,,9047.35
166,2017,2024-01-01,636,Vanguard 2022-2024,4775,WP1 Interreg. Koop. 2024,REGIONALE FÖRDERUNG,FALSE,PRORATA_PAYROLL,9,,,518.64
166,2017,2024-03-01,636,Vanguard 2022-2024,4775,WP1 Interreg. Koop. 2024,REGIONALE FÖRDERUNG,FALSE,PRORATA_PAYROLL,5,,,257.17
166,2017,2024-05-01,636,Vanguard 2022-2024,4775,WP1 Interreg. Koop. 2024,REGIONALE FÖRDERUNG,FALSE,PRORATA_PAYROLL,6,,,354.5
166,2017,2024-06-01,636,Vanguard 2022-2024,4775,WP1 Interreg. Koop. 2024,REGIONALE FÖRDERUNG,FALSE,PRORATA_PAYROLL,8,,,461.75
166,2017,2024-02-01,636,Vanguard 2022-2024,4778,WP4 Internetpräsenz 2024,REGIONALE FÖRDERUNG,FALSE,PRORATA_PAYROLL,9,,,548.05
166,2017,2024-03-01,636,Vanguard 2022-2024,4778,WP4 Internetpräsenz 2024,REGIONALE FÖRDERUNG,FALSE,PRORATA_PAYROLL,5,,,257.17
166,2017,2024-07-01,636,Vanguard 2022-2024,4778,WP4 Internetpräsenz 2024,REGIONALE FÖRDERUNG,FALSE,PRORATA_PAYROLL,4.5,,,193.38
166,2017,2024-08-01,636,Vanguard 2022-2024,4778,WP4 Internetpräsenz 2024,REGIONALE FÖRDERUNG,FALSE,PRORATA_PAYROLL,12,,,656.72
166,2017,2024-01-01,677,WM KMU Unterstützung 2023-2024,4149,WM-KMU 2024,REGIONALE FÖRDERUNG,FALSE,PRORATA_PAYROLL,18,,,1037.29
166,2017,2024-02-01,677,WM KMU Unterstützung 2023-2024,4149,WM-KMU 2024,REGIONALE FÖRDERUNG,FALSE,PRORATA_PAYROLL,9,,,548.05
166,2017,2024-03-01,677,WM KMU Unterstützung 2023-2024,4149,WM-KMU 2024,REGIONALE FÖRDERUNG,FALSE,PRORATA_PAYROLL,11.5,,,591.5
167,2136,2024-01-01,715,EUB: 2024 - 2025,4414,EUB 2024,INSTITUTIONELLE FÖRDERUNG,FALSE,PRORATA_PAYROLL,110,,,6235.7
167,2136,2024-02-01,715,EUB: 2024 - 2025,4414,EUB 2024,INSTITUTIONELLE FÖRDERUNG,FALSE,PRORATA_PAYROLL,137.5,,,6235.7
167,2136,2024-03-01,715,EUB: 2024 - 2025,4414,EUB 2024,INSTITUTIONELLE FÖRDERUNG,FALSE,PRORATA_PAYROLL,117,,,7010.32
167,2136,2024-04-01,715,EUB: 2024 - 2025,4414,EUB 2024,INSTITUTIONELLE FÖRDERUNG,FALSE,PRORATA_PAYROLL,124.5,,,6161.08
167,2136,2024-10-01,715,EUB: 2024 - 2025,4414,EUB 2024,INSTITUTIONELLE FÖRDERUNG,FALSE,PRORATA_PAYROLL,107,,,6687.31
167,2136,2024-11-01,715,EUB: 2024 - 2025,4414,EUB 2024,INSTITUTIONELLE FÖRDERUNG,FALSE,PRORATA_PAYROLL,95.5,,,6687.31
167,2136,2024-12-01,715,EUB: 2024 - 2025,4414,EUB 2024,INSTITUTIONELLE FÖRDERUNG,FALSE,PRORATA_PAYROLL,90.75,,,9150.63
167,2136,2025-01-01,715,EUB: 2024 - 2025,4415,EUB 2025,INSTITUTIONELLE FÖRDERUNG,FALSE,PRORATA_PAYROLL,115.25,,,0
167,2136,2025-02-01,715,EUB: 2024 - 2025,4415,EUB 2025,INSTITUTIONELLE FÖRDERUNG,FALSE,PRORATA_PAYROLL,122.5,,,0
167,2136,2025-03-01,715,EUB: 2024 - 2025,4415,EUB 2025,INSTITUTIONELLE FÖRDERUNG,FALSE,PRORATA_PAYROLL,124,,,0
167,2136,2025-04-01,715,EUB: 2024 - 2025,4415,EUB 2025,INSTITUTIONELLE FÖRDERUNG,FALSE,PRORATA_PAYROLL,122.75,,,0
167,2136,2025-05-01,715,EUB: 2024 - 2025,4415,EUB 2025,INSTITUTIONELLE FÖRDERUNG,FALSE,PRORATA_PAYROLL,90.5,,,0
167,2136,2025-06-01,715,EUB: 2024 - 2025,4415,EUB 2025,INSTITUTIONELLE FÖRDERUNG,FALSE,PRORATA_PAYROLL,121,,,0
167,2136,2025-07-01,715,EUB: 2024 - 2025,4415,EUB 2025,INSTITUTIONELLE FÖRDERUNG,FALSE,PRORATA_PAYROLL,29,,,0
169,2017,2024-01-01,677,WM KMU Unterstützung 2023-2024,4149,WM-KMU 2024,REGIONALE FÖRDERUNG,FALSE,PRORATA_PAYROLL,2.5,,,97.23
169,2017,2024-02-01,677,WM KMU Unterstützung 2023-2024,4149,WM-KMU 2024,REGIONALE FÖRDERUNG,FALSE,PRORATA_PAYROLL,10.583333333333334,,,305.03
169,2017,2024-04-01,677,WM KMU Unterstützung 2023-2024,4149,WM-KMU 2024,REGIONALE FÖRDERUNG,FALSE,PRORATA_PAYROLL,21.833333333333332,,,880
169,2017,2024-11-01,677,WM KMU Unterstützung 2023-2024,4149,WM-KMU 2024,REGIONALE FÖRDERUNG,FALSE,PRORATA_PAYROLL,29.833333333333332,,,920.22
169,2017,2024-12-01,677,WM KMU Unterstützung 2023-2024,4149,WM-KMU 2024,REGIONALE FÖRDERUNG,FALSE,PRORATA_PAYROLL,14.666666666666666,,,1115.12
169,2017,2024-01-01,693,TENDER: FWC Hydrogen 2023,4264,BD Umsetzung,TENDER,FALSE,PRORATA_PAYROLL,63.666666666666664,,,2476.1
169,2017,2024-02-01,693,TENDER: FWC Hydrogen 2023,4264,BD Umsetzung,TENDER,FALSE,PRORATA_PAYROLL,82.70833333333333,,,2383.77
169,2017,2024-03-01,693,TENDER: FWC Hydrogen 2023,4264,BD Umsetzung,TENDER,FALSE,PRORATA_PAYROLL,64.375,,,1883.41
169,2017,2024-04-01,693,TENDER: FWC Hydrogen 2023,4264,BD Umsetzung,TENDER,FALSE,PRORATA_PAYROLL,32.5,,,1309.93
169,2017,2024-05-01,693,TENDER: FWC Hydrogen 2023,4264,BD Umsetzung,TENDER,FALSE,PRORATA_PAYROLL,48.75,,,1967.06
169,2017,2024-06-01,693,TENDER: FWC Hydrogen 2023,4264,BD Umsetzung,TENDER,FALSE,PRORATA_PAYROLL,34,,,1331.65
169,2017,2024-07-01,693,TENDER: FWC Hydrogen 2023,4264,BD Umsetzung,TENDER,FALSE,PRORATA_PAYROLL,14.229166666666666,,,483.49
169,2017,2024-08-01,693,TENDER: FWC Hydrogen 2023,4264,BD Umsetzung,TENDER,FALSE,PRORATA_PAYROLL,10.1875,,,329.88
169,2017,2024-09-01,693,TENDER: FWC Hydrogen 2023,4264,BD Umsetzung,TENDER,FALSE,PRORATA_PAYROLL,11.083333333333334,,,478.76
169,2017,2024-10-01,693,TENDER: FWC Hydrogen 2023,4264,BD Umsetzung,TENDER,FALSE,PRORATA_PAYROLL,29.375,,,1012.59
169,2017,2024-11-01,693,TENDER: FWC Hydrogen 2023,4264,BD Umsetzung,TENDER,FALSE,PRORATA_PAYROLL,25.333333333333332,,,781.42
169,2017,2024-12-01,693,TENDER: FWC Hydrogen 2023,4264,BD Umsetzung,TENDER,FALSE,PRORATA_PAYROLL,38.791666666666664,,,2949.36
169,2017,2025-01-01,693,TENDER: FWC Hydrogen 2023,4264,BD Umsetzung,TENDER,FALSE,PRORATA_PAYROLL,52.75,,,2154.66
169,2017,2025-02-01,693,TENDER: FWC Hydrogen 2023,4264,BD Umsetzung,TENDER,FALSE,PRORATA_PAYROLL,51.5,,,2646.3
169,2017,2025-03-01,693,TENDER: FWC Hydrogen 2023,4264,BD Umsetzung,TENDER,FALSE,PRORATA_PAYROLL,4,,,123.93
169,2017,2024-01-01,729,EVENT: OIK 2024,4482,OIK 2024 Vorbereitung 2024,EVENT,FALSE,PRORATA_PAYROLL,30.166666666666668,,,1173.23
169,2017,2024-02-01,729,EVENT: OIK 2024,4482,OIK 2024 Vorbereitung 2024,EVENT,FALSE,PRORATA_PAYROLL,74.70833333333333,,,2153.2
169,2017,2024-03-01,729,EVENT: OIK 2024,4482,OIK 2024 Vorbereitung 2024,EVENT,FALSE,PRORATA_PAYROLL,101.125,,,2958.59
169,2017,2024-04-01,729,EVENT: OIK 2024,4482,OIK 2024 Vorbereitung 2024,EVENT,FALSE,PRORATA_PAYROLL,72.5,,,2922.15
169,2017,2024-01-01,746,EVENT: EU-Forschungsförderung MWK 08.03.2024,4540,Umsetzung EVENT Forschungsförderung 8.3.24,EVENT,FALSE,PRORATA_PAYROLL,28.166666666666668,,,1095.45
169,2017,2024-07-01,776,EVENT: Global Connect 2024,4710,WP Event Umsetzung,EVENT,FALSE,PRORATA_PAYROLL,43.395833333333336,,,1474.54
169,2017,2024-08-01,776,EVENT: Global Connect 2024,4710,WP Event Umsetzung,EVENT,FALSE,PRORATA_PAYROLL,48.729166666666664,,,1577.87
169,2017,2024-09-01,776,EVENT: Global Connect 2024,4710,WP Event Umsetzung,EVENT,FALSE,PRORATA_PAYROLL,30.958333333333332,,,1337.28
169,2017,2024-11-01,776,EVENT: Global Connect 2024,4710,WP Event Umsetzung,EVENT,FALSE,PRORATA_PAYROLL,90.83333333333333,,,2801.78
169,2017,2024-07-01,777,EVENT: Ukrainische Delegation 2024,4711,Ukrainische Delegation Umsetzung,REGIONALE FÖRDERUNG,FALSE,PRORATA_PAYROLL,16.458333333333332,,,559.24
169,2017,2025-05-01,800,EVENT: Umwelttechnikpreis 2025,4834,WP Planung 2025,EVENT,FALSE,PRORATA_PAYROLL,2.5,,,171.99
169,2017,2025-03-01,818,TENDER: CH JU Clean Hydrogen 2025-2026,4904,WP2 BD2 2025,TENDER,FALSE,PRORATA_PAYROLL,61.5,,,1905.45
169,2017,2025-04-01,818,TENDER: CH JU Clean Hydrogen 2025-2026,4904,WP2 BD2 2025,TENDER,FALSE,PRORATA_PAYROLL,53.25,,,2024.81
169,2017,2025-05-01,818,TENDER: CH JU Clean Hydrogen 2025-2026,4904,WP2 BD2 2025,TENDER,FALSE,PRORATA_PAYROLL,18.25,,,1255.5
169,2017,2025-06-01,818,TENDER: CH JU Clean Hydrogen 2025-2026,4904,WP2 BD2 2025,TENDER,FALSE,PRORATA_PAYROLL,38.625,,,1865.55
182,2016,2024-01-01,571,FlashPhos (mit MwSt),4559,WP1 Management 2024,H2020,FALSE,PRORATA_PAYROLL,78,,,5246.4
182,2016,2024-02-01,571,FlashPhos (mit MwSt),4559,WP1 Management 2024,H2020,FALSE,PRORATA_PAYROLL,22,,,976.62
182,2016,2024-01-01,571,FlashPhos (mit MwSt),4576,WP9 Exploitation 2024,H2020,FALSE,PRORATA_PAYROLL,34,,,2286.89
182,2016,2024-02-01,571,FlashPhos (mit MwSt),4576,WP9 Exploitation 2024,H2020,FALSE,PRORATA_PAYROLL,12.125,,,538.25
182,2017,2024-07-01,743,EU-KONFORM: TNO (2 Stage) CircBio,4536,Umsetzung 1st Stage,EU-KONFORM,FALSE,PRORATA_PAYROLL,29.25,,,1164.31
182,2017,2024-08-01,773,EU-KONFORM: HORIZON-JU-CBE-2024-IA-06-IGB-Upfront payment,4670,Umsetzung,EU-KONFORM,FALSE,PRORATA_PAYROLL,15.5,,,678.39
182,2017,2024-08-01,782,EU-KONFORM: HORIZON-JU-CBE-2024-RIA-01 (wood) - RISE - upfront payment,4742,Umsetzung HORIZON-JU-CBE-2024-RIA-01 (wood) - RISE - upfront payment,EU-KONFORM,FALSE,PRORATA_PAYROLL,8,,,350.13
182,2017,2024-08-01,792,EU-KONFORM: DECIRE-WATER Stufe 2 KIT,4765,Antrag 2. Stufe DECIRE-WATER,EU-KONFORM,FALSE,PRORATA_PAYROLL,76.25,,,3337.22
182,2017,2024-10-01,792,EU-KONFORM: DECIRE-WATER Stufe 2 KIT,4765,Antrag 2. Stufe DECIRE-WATER,EU-KONFORM,FALSE,PRORATA_PAYROLL,3.5,,,271.43
182,2017,2024-08-01,793,EU-KONFORM: BioLINKAGE Upfront,4760,Umsetzung Biolinkage Antragstellung,EU-KONFORM,FALSE,PRORATA_PAYROLL,20.25,,,886.28
182,2017,2025-02-01,816,EU-KONFORM: RHYNEUP-emobilBW-One-stage-FixedFee-HORIZON-JU-CLEANH2-2025-06-01,4873,1.2 Kick-off Meeting,EU-KONFORM,FALSE,PRORATA_PAYROLL,7.5,,,754.66
182,2017,2025-02-01,816,EU-KONFORM: RHYNEUP-emobilBW-One-stage-FixedFee-HORIZON-JU-CLEANH2-2025-06-01,4877,1.5 Onboarding aller 40 Partner,EU-KONFORM,FALSE,PRORATA_PAYROLL,8,,,804.98
182,2017,2025-03-01,816,EU-KONFORM: RHYNEUP-emobilBW-One-stage-FixedFee-HORIZON-JU-CLEANH2-2025-06-01,4877,1.5 Onboarding aller 40 Partner,EU-KONFORM,FALSE,PRORATA_PAYROLL,10.75,,,551.52
182,2017,2025-04-01,816,EU-KONFORM: RHYNEUP-emobilBW-One-stage-FixedFee-HORIZON-JU-CLEANH2-2025-06-01,4877,1.5 Onboarding aller 40 Partner,EU-KONFORM,FALSE,PRORATA_PAYROLL,4.75,,,269.39
182,2017,2025-01-01,816,EU-KONFORM: RHYNEUP-emobilBW-One-stage-FixedFee-HORIZON-JU-CLEANH2-2025-06-01,4879,1.7 Bilaterale Meetings mit Koordinationsteam,EU-KONFORM,FALSE,PRORATA_PAYROLL,33.5,,,7798.2
182,2017,2025-02-01,816,EU-KONFORM: RHYNEUP-emobilBW-One-stage-FixedFee-HORIZON-JU-CLEANH2-2025-06-01,4879,1.7 Bilaterale Meetings mit Koordinationsteam,EU-KONFORM,FALSE,PRORATA_PAYROLL,37.166666666666664,,,3739.78
182,2017,2025-03-01,816,EU-KONFORM: RHYNEUP-emobilBW-One-stage-FixedFee-HORIZON-JU-CLEANH2-2025-06-01,4883,2.2 (Excellence) Objectives and Ambition,EU-KONFORM,FALSE,PRORATA_PAYROLL,6,,,307.82
182,2017,2025-04-01,816,EU-KONFORM: RHYNEUP-emobilBW-One-stage-FixedFee-HORIZON-JU-CLEANH2-2025-06-01,4883,2.2 (Excellence) Objectives and Ambition,EU-KONFORM,FALSE,PRORATA_PAYROLL,3,,,170.14
182,2017,2025-03-01,816,EU-KONFORM: RHYNEUP-emobilBW-One-stage-FixedFee-HORIZON-JU-CLEANH2-2025-06-01,4884,2.3 (Excellence) Methodology,EU-KONFORM,FALSE,PRORATA_PAYROLL,4.75,,,243.69
182,2017,2025-02-01,816,EU-KONFORM: RHYNEUP-emobilBW-One-stage-FixedFee-HORIZON-JU-CLEANH2-2025-06-01,4885,2.4 (Impact) Project's pathway towards impacts,EU-KONFORM,FALSE,PRORATA_PAYROLL,6.416666666666667,,,645.66
182,2017,2025-03-01,816,EU-KONFORM: RHYNEUP-emobilBW-One-stage-FixedFee-HORIZON-JU-CLEANH2-2025-06-01,4885,2.4 (Impact) Project's pathway towards impacts,EU-KONFORM,FALSE,PRORATA_PAYROLL,8.6875,,,445.7
182,2017,2025-02-01,816,EU-KONFORM: RHYNEUP-emobilBW-One-stage-FixedFee-HORIZON-JU-CLEANH2-2025-06-01,4886,2.5 (Impact) Measures to maximise impact,EU-KONFORM,FALSE,PRORATA_PAYROLL,2.6666666666666665,,,268.33
182,2017,2025-03-01,816,EU-KONFORM: RHYNEUP-emobilBW-One-stage-FixedFee-HORIZON-JU-CLEANH2-2025-06-01,4886,2.5 (Impact) Measures to maximise impact,EU-KONFORM,FALSE,PRORATA_PAYROLL,14.4375,,,740.7
182,2017,2025-03-01,816,EU-KONFORM: RHYNEUP-emobilBW-One-stage-FixedFee-HORIZON-JU-CLEANH2-2025-06-01,4887,2.6 (Impact) Summary,EU-KONFORM,FALSE,PRORATA_PAYROLL,4.958333333333333,,,254.38
182,2017,2025-02-01,816,EU-KONFORM: RHYNEUP-emobilBW-One-stage-FixedFee-HORIZON-JU-CLEANH2-2025-06-01,4888,2.7 (Quality) Work plan and resources,EU-KONFORM,FALSE,PRORATA_PAYROLL,4,,,402.49
182,2017,2025-03-01,816,EU-KONFORM: RHYNEUP-emobilBW-One-stage-FixedFee-HORIZON-JU-CLEANH2-2025-06-01,4888,2.7 (Quality) Work plan and resources,EU-KONFORM,FALSE,PRORATA_PAYROLL,41.270833333333336,,,2117.36
182,2017,2025-04-01,816,EU-KONFORM: RHYNEUP-emobilBW-One-stage-FixedFee-HORIZON-JU-CLEANH2-2025-06-01,4888,2.7 (Quality) Work plan and resources,EU-KONFORM,FALSE,PRORATA_PAYROLL,38.75,,,2197.67
182,2017,2025-02-01,816,EU-KONFORM: RHYNEUP-emobilBW-One-stage-FixedFee-HORIZON-JU-CLEANH2-2025-06-01,4896,3.2 Erstellung des Projektbudgets,EU-KONFORM,FALSE,PRORATA_PAYROLL,3.75,,,377.33
182,2017,2025-03-01,816,EU-KONFORM: RHYNEUP-emobilBW-One-stage-FixedFee-HORIZON-JU-CLEANH2-2025-06-01,4896,3.2 Erstellung des Projektbudgets,EU-KONFORM,FALSE,PRORATA_PAYROLL,44.145833333333336,,,2264.86
182,2017,2025-04-01,816,EU-KONFORM: RHYNEUP-emobilBW-One-stage-FixedFee-HORIZON-JU-CLEANH2-2025-06-01,4896,3.2 Erstellung des Projektbudgets,EU-KONFORM,FALSE,PRORATA_PAYROLL,72.25,,,4097.6
182,2017,2025-02-01,816,EU-KONFORM: RHYNEUP-emobilBW-One-stage-FixedFee-HORIZON-JU-CLEANH2-2025-06-01,4897,3.3 Administrative Formulare –Part A im Participant Portal,EU-KONFORM,FALSE,PRORATA_PAYROLL,8,,,804.98
182,2017,2025-03-01,816,EU-KONFORM: RHYNEUP-emobilBW-One-stage-FixedFee-HORIZON-JU-CLEANH2-2025-06-01,4897,3.3 Administrative Formulare –Part A im Participant Portal,EU-KONFORM,FALSE,PRORATA_PAYROLL,17,,,872.17
182,2016,2024-03-01,821,ExCo: SUCCESS FEE BioFibreLoop,4934,SIG Success Fee BioFibreLoop,VERRECHNUNG INTERN,FALSE,PRORATA_PAYROLL,130.5,,,7186.53
182,2016,2024-04-01,821,ExCo: SUCCESS FEE BioFibreLoop,4934,SIG Success Fee BioFibreLoop,VERRECHNUNG INTERN,FALSE,PRORATA_PAYROLL,161,,,7438.67
182,2016,2024-05-01,821,ExCo: SUCCESS FEE BioFibreLoop,4934,SIG Success Fee BioFibreLoop,VERRECHNUNG INTERN,FALSE,PRORATA_PAYROLL,152,,,7513.29
182,2016,2024-06-01,821,ExCo: SUCCESS FEE BioFibreLoop,4934,SIG Success Fee BioFibreLoop,VERRECHNUNG INTERN,FALSE,PRORATA_PAYROLL,159,,,8213.29
182,2017,2025-04-01,823,EU-KONFORM-PEMPIRE-FraunhoferISE-One-stage-SuccessFee-HORIZON-JU-CLEANH2-2025-01-01,4959,Part A: Administrative Part,EU-KONFORM,FALSE,PRORATA_PAYROLL,18.75,,,1063.39
183,2016,2024-05-01,532,FUSILLI (mit MwSt.),3595,"WP6 Dissemination & Communication 17,5 PM",H2020,FALSE,PRORATA_PAYROLL,19.2,,,0
183,2016,2024-06-01,532,FUSILLI (mit MwSt.),3595,"WP6 Dissemination & Communication 17,5 PM",H2020,FALSE,PRORATA_PAYROLL,65.875,,,3632.82
183,2017,2024-07-01,743,EU-KONFORM: TNO (2 Stage) CircBio,4536,Umsetzung 1st Stage,EU-KONFORM,FALSE,PRORATA_PAYROLL,28.25,,,851.73
183,2017,2024-08-01,743,EU-KONFORM: TNO (2 Stage) CircBio,4536,Umsetzung 1st Stage,EU-KONFORM,FALSE,PRORATA_PAYROLL,28.5,,,1272.65
183,2017,2024-09-01,743,EU-KONFORM: TNO (2 Stage) CircBio,4536,Umsetzung 1st Stage,EU-KONFORM,FALSE,PRORATA_PAYROLL,77,,,2465.46
183,2017,2024-10-01,780,EU-KONFORM: H2Valley Phase 1 Projektanbahnung 2024,4734,H2Valley Umsetzung Phase 1 2024,EU-KONFORM,FALSE,PRORATA_PAYROLL,22.5,,,1128.94
183,2017,2024-11-01,780,EU-KONFORM: H2Valley Phase 1 Projektanbahnung 2024,4734,H2Valley Umsetzung Phase 1 2024,EU-KONFORM,FALSE,PRORATA_PAYROLL,99,,,4014.82
183,2017,2024-12-01,780,EU-KONFORM: H2Valley Phase 1 Projektanbahnung 2024,4734,H2Valley Umsetzung Phase 1 2024,EU-KONFORM,FALSE,PRORATA_PAYROLL,76.16666666666667,,,5428
183,2017,2024-08-01,782,EU-KONFORM: HORIZON-JU-CBE-2024-RIA-01 (wood) - RISE - upfront payment,4742,Umsetzung HORIZON-JU-CBE-2024-RIA-01 (wood) - RISE - upfront payment,EU-KONFORM,FALSE,PRORATA_PAYROLL,59.516666666666666,,,2657.68
183,2017,2024-07-01,793,EU-KONFORM: BioLINKAGE Upfront,4760,Umsetzung Biolinkage Antragstellung,EU-KONFORM,FALSE,PRORATA_PAYROLL,91.91666666666667,,,2771.28
183,2017,2025-02-01,816,EU-KONFORM: RHYNEUP-emobilBW-One-stage-FixedFee-HORIZON-JU-CLEANH2-2025-06-01,4873,1.2 Kick-off Meeting,EU-KONFORM,FALSE,PRORATA_PAYROLL,12,,,1538.72
183,2017,2025-02-01,816,EU-KONFORM: RHYNEUP-emobilBW-One-stage-FixedFee-HORIZON-JU-CLEANH2-2025-06-01,4874,1.1 8 regionale Workshops,EU-KONFORM,FALSE,PRORATA_PAYROLL,28,,,3590.35
183,2017,2025-02-01,816,EU-KONFORM: RHYNEUP-emobilBW-One-stage-FixedFee-HORIZON-JU-CLEANH2-2025-06-01,4875,1.3 Iteration der Factsheets,EU-KONFORM,FALSE,PRORATA_PAYROLL,2.5,,,320.57
183,2017,2025-04-01,816,EU-KONFORM: RHYNEUP-emobilBW-One-stage-FixedFee-HORIZON-JU-CLEANH2-2025-06-01,4875,1.3 Iteration der Factsheets,EU-KONFORM,FALSE,PRORATA_PAYROLL,2,,,66.71
183,2017,2025-02-01,816,EU-KONFORM: RHYNEUP-emobilBW-One-stage-FixedFee-HORIZON-JU-CLEANH2-2025-06-01,4877,1.5 Onboarding aller 40 Partner,EU-KONFORM,FALSE,PRORATA_PAYROLL,1.75,,,224.4
183,2017,2025-03-01,816,EU-KONFORM: RHYNEUP-emobilBW-One-stage-FixedFee-HORIZON-JU-CLEANH2-2025-06-01,4877,1.5 Onboarding aller 40 Partner,EU-KONFORM,FALSE,PRORATA_PAYROLL,3.4166666666666665,,,134.63
183,2017,2025-04-01,816,EU-KONFORM: RHYNEUP-emobilBW-One-stage-FixedFee-HORIZON-JU-CLEANH2-2025-06-01,4877,1.5 Onboarding aller 40 Partner,EU-KONFORM,FALSE,PRORATA_PAYROLL,2,,,66.71
183,2017,2025-02-01,816,EU-KONFORM: RHYNEUP-emobilBW-One-stage-FixedFee-HORIZON-JU-CLEANH2-2025-06-01,4878,1.6 Anpassung des Projektkonzepts,EU-KONFORM,FALSE,PRORATA_PAYROLL,2,,,256.45
183,2017,2025-04-01,816,EU-KONFORM: RHYNEUP-emobilBW-One-stage-FixedFee-HORIZON-JU-CLEANH2-2025-06-01,4878,1.6 Anpassung des Projektkonzepts,EU-KONFORM,FALSE,PRORATA_PAYROLL,2,,,66.71
183,2017,2025-02-01,816,EU-KONFORM: RHYNEUP-emobilBW-One-stage-FixedFee-HORIZON-JU-CLEANH2-2025-06-01,4879,1.7 Bilaterale Meetings mit Koordinationsteam,EU-KONFORM,FALSE,PRORATA_PAYROLL,11.25,,,1442.55
183,2017,2025-03-01,816,EU-KONFORM: RHYNEUP-emobilBW-One-stage-FixedFee-HORIZON-JU-CLEANH2-2025-06-01,4879,1.7 Bilaterale Meetings mit Koordinationsteam,EU-KONFORM,FALSE,PRORATA_PAYROLL,29.75,,,1172.24
183,2017,2025-04-01,816,EU-KONFORM: RHYNEUP-emobilBW-One-stage-FixedFee-HORIZON-JU-CLEANH2-2025-06-01,4879,1.7 Bilaterale Meetings mit Koordinationsteam,EU-KONFORM,FALSE,PRORATA_PAYROLL,15.833333333333334,,,528.09
183,2017,2025-03-01,816,EU-KONFORM: RHYNEUP-emobilBW-One-stage-FixedFee-HORIZON-JU-CLEANH2-2025-06-01,4882,"2.1 (Excellence) First page (why, what, how)",EU-KONFORM,FALSE,PRORATA_PAYROLL,1.6666666666666667,,,65.67
183,2017,2025-04-01,816,EU-KONFORM: RHYNEUP-emobilBW-One-stage-FixedFee-HORIZON-JU-CLEANH2-2025-06-01,4882,"2.1 (Excellence) First page (why, what, how)",EU-KONFORM,FALSE,PRORATA_PAYROLL,13.333333333333334,,,444.71
183,2017,2025-03-01,816,EU-KONFORM: RHYNEUP-emobilBW-One-stage-FixedFee-HORIZON-JU-CLEANH2-2025-06-01,4883,2.2 (Excellence) Objectives and Ambition,EU-KONFORM,FALSE,PRORATA_PAYROLL,20.333333333333332,,,801.19
183,2017,2025-04-01,816,EU-KONFORM: RHYNEUP-emobilBW-One-stage-FixedFee-HORIZON-JU-CLEANH2-2025-06-01,4883,2.2 (Excellence) Objectives and Ambition,EU-KONFORM,FALSE,PRORATA_PAYROLL,35.833333333333336,,,1195.15
183,2017,2025-03-01,816,EU-KONFORM: RHYNEUP-emobilBW-One-stage-FixedFee-HORIZON-JU-CLEANH2-2025-06-01,4884,2.3 (Excellence) Methodology,EU-KONFORM,FALSE,PRORATA_PAYROLL,42.916666666666664,,,1691.04
183,2017,2025-04-01,816,EU-KONFORM: RHYNEUP-emobilBW-One-stage-FixedFee-HORIZON-JU-CLEANH2-2025-06-01,4884,2.3 (Excellence) Methodology,EU-KONFORM,FALSE,PRORATA_PAYROLL,15,,,500.29
183,2017,2025-02-01,816,EU-KONFORM: RHYNEUP-emobilBW-One-stage-FixedFee-HORIZON-JU-CLEANH2-2025-06-01,4888,2.7 (Quality) Work plan and resources,EU-KONFORM,FALSE,PRORATA_PAYROLL,4,,,512.91
183,2017,2025-03-01,816,EU-KONFORM: RHYNEUP-emobilBW-One-stage-FixedFee-HORIZON-JU-CLEANH2-2025-06-01,4888,2.7 (Quality) Work plan and resources,EU-KONFORM,FALSE,PRORATA_PAYROLL,9.416666666666666,,,371.04
183,2017,2025-04-01,816,EU-KONFORM: RHYNEUP-emobilBW-One-stage-FixedFee-HORIZON-JU-CLEANH2-2025-06-01,4888,2.7 (Quality) Work plan and resources,EU-KONFORM,FALSE,PRORATA_PAYROLL,5,,,166.76
183,2017,2025-04-01,816,EU-KONFORM: RHYNEUP-emobilBW-One-stage-FixedFee-HORIZON-JU-CLEANH2-2025-06-01,4889,2.8 (Quality) Capacity of participants,EU-KONFORM,FALSE,PRORATA_PAYROLL,5,,,166.76
183,2017,2025-02-01,816,EU-KONFORM: RHYNEUP-emobilBW-One-stage-FixedFee-HORIZON-JU-CLEANH2-2025-06-01,4890,2.9 Zusätzliche Anhänge - LOIs,EU-KONFORM,FALSE,PRORATA_PAYROLL,2,,,256.45
183,2017,2025-04-01,816,EU-KONFORM: RHYNEUP-emobilBW-One-stage-FixedFee-HORIZON-JU-CLEANH2-2025-06-01,4890,2.9 Zusätzliche Anhänge - LOIs,EU-KONFORM,FALSE,PRORATA_PAYROLL,5,,,166.76
183,2017,2025-04-01,816,EU-KONFORM: RHYNEUP-emobilBW-One-stage-FixedFee-HORIZON-JU-CLEANH2-2025-06-01,4892,2.9.1 Visualisierung und Formatierung,EU-KONFORM,FALSE,PRORATA_PAYROLL,17,,,567
183,2017,2025-04-01,816,EU-KONFORM: RHYNEUP-emobilBW-One-stage-FixedFee-HORIZON-JU-CLEANH2-2025-06-01,4899,3.5 Endkontrolle und Einreichung der Dokumente,EU-KONFORM,FALSE,PRORATA_PAYROLL,9,,,300.18
185,2017,2024-01-01,629,Vanguard KI Pilot 2022-2023,4314,Vanguard KI Pilot 2024,REGIONALE FÖRDERUNG,FALSE,PRORATA_PAYROLL,9,,,397.08
185,2017,2024-02-01,629,Vanguard KI Pilot 2022-2023,4314,Vanguard KI Pilot 2024,REGIONALE FÖRDERUNG,FALSE,PRORATA_PAYROLL,17,,,646.46
185,2017,2024-03-01,629,Vanguard KI Pilot 2022-2023,4314,Vanguard KI Pilot 2024,REGIONALE FÖRDERUNG,FALSE,PRORATA_PAYROLL,2.75,,,133.39
185,2017,2024-04-01,629,Vanguard KI Pilot 2022-2023,4314,Vanguard KI Pilot 2024,REGIONALE FÖRDERUNG,FALSE,PRORATA_PAYROLL,45.5,,,2122.26
185,2017,2024-05-01,629,Vanguard KI Pilot 2022-2023,4314,Vanguard KI Pilot 2024,REGIONALE FÖRDERUNG,FALSE,PRORATA_PAYROLL,38,,,1854.03
185,2017,2024-06-01,629,Vanguard KI Pilot 2022-2023,4314,Vanguard KI Pilot 2024,REGIONALE FÖRDERUNG,FALSE,PRORATA_PAYROLL,19.25,,,941.85
185,2017,2024-07-01,629,Vanguard KI Pilot 2022-2023,4314,Vanguard KI Pilot 2024,REGIONALE FÖRDERUNG,FALSE,PRORATA_PAYROLL,31,,,1519.43
185,2017,2024-09-01,629,Vanguard KI Pilot 2022-2023,4314,Vanguard KI Pilot 2024,REGIONALE FÖRDERUNG,FALSE,PRORATA_PAYROLL,16,,,801.28
185,2017,2024-10-01,629,Vanguard KI Pilot 2022-2023,4314,Vanguard KI Pilot 2024,REGIONALE FÖRDERUNG,FALSE,PRORATA_PAYROLL,12.75,,,492.7
185,2017,2024-02-01,642,TENDER: DTA,4014,Tender DTA - 2024,TENDER,FALSE,PRORATA_PAYROLL,138,,,5247.72
185,2017,2024-03-01,642,TENDER: DTA,4014,Tender DTA - 2024,TENDER,FALSE,PRORATA_PAYROLL,77.5,,,3759.11
185,2017,2024-04-01,642,TENDER: DTA,4014,Tender DTA - 2024,TENDER,FALSE,PRORATA_PAYROLL,53,,,2472.08
185,2017,2024-05-01,642,TENDER: DTA,4014,Tender DTA - 2024,TENDER,FALSE,PRORATA_PAYROLL,71.5,,,3488.49
185,2017,2024-06-01,642,TENDER: DTA,4014,Tender DTA - 2024,TENDER,FALSE,PRORATA_PAYROLL,104.25,,,5100.67
185,2017,2024-07-01,642,TENDER: DTA,4014,Tender DTA - 2024,TENDER,FALSE,PRORATA_PAYROLL,78,,,3823.09
185,2017,2024-08-01,642,TENDER: DTA,4014,Tender DTA - 2024,TENDER,FALSE,PRORATA_PAYROLL,52,,,4536.94
185,2017,2024-09-01,642,TENDER: DTA,4014,Tender DTA - 2024,TENDER,FALSE,PRORATA_PAYROLL,76,,,3806.08
185,2017,2024-10-01,642,TENDER: DTA,4014,Tender DTA - 2024,TENDER,FALSE,PRORATA_PAYROLL,99.5,,,3844.98
185,2017,2024-11-01,642,TENDER: DTA,4014,Tender DTA - 2024,TENDER,FALSE,PRORATA_PAYROLL,102.5,,,5324.2
185,2017,2024-12-01,642,TENDER: DTA,4014,Tender DTA - 2024,TENDER,FALSE,PRORATA_PAYROLL,41,,,5521.76
185,2017,2024-01-01,677,WM KMU Unterstützung 2023-2024,4149,WM-KMU 2024,REGIONALE FÖRDERUNG,FALSE,PRORATA_PAYROLL,42,,,1853.02
185,2017,2024-04-01,677,WM KMU Unterstützung 2023-2024,4149,WM-KMU 2024,REGIONALE FÖRDERUNG,FALSE,PRORATA_PAYROLL,13,,,606.36
185,2017,2024-08-01,677,WM KMU Unterstützung 2023-2024,4149,WM-KMU 2024,REGIONALE FÖRDERUNG,FALSE,PRORATA_PAYROLL,12,,,1046.99
185,2017,2024-09-01,677,WM KMU Unterstützung 2023-2024,4149,WM-KMU 2024,REGIONALE FÖRDERUNG,FALSE,PRORATA_PAYROLL,19.5,,,976.56
185,2017,2024-10-01,677,WM KMU Unterstützung 2023-2024,4149,WM-KMU 2024,REGIONALE FÖRDERUNG,FALSE,PRORATA_PAYROLL,8.25,,,318.81
185,2017,2024-11-01,677,WM KMU Unterstützung 2023-2024,4149,WM-KMU 2024,REGIONALE FÖRDERUNG,FALSE,PRORATA_PAYROLL,5,,,259.72
185,2017,2024-12-01,677,WM KMU Unterstützung 2023-2024,4149,WM-KMU 2024,REGIONALE FÖRDERUNG,FALSE,PRORATA_PAYROLL,6.5,,,875.4
189,2136,2024-01-01,715,EUB: 2024 - 2025,4414,EUB 2024,INSTITUTIONELLE FÖRDERUNG,FALSE,PRORATA_PAYROLL,136,,,4334.82
189,2136,2024-02-01,715,EUB: 2024 - 2025,4414,EUB 2024,INSTITUTIONELLE FÖRDERUNG,FALSE,PRORATA_PAYROLL,128,,,4254.82
189,2136,2024-03-01,715,EUB: 2024 - 2025,4414,EUB 2024,INSTITUTIONELLE FÖRDERUNG,FALSE,PRORATA_PAYROLL,120,,,5096.64
189,2136,2024-04-01,715,EUB: 2024 - 2025,4414,EUB 2024,INSTITUTIONELLE FÖRDERUNG,FALSE,PRORATA_PAYROLL,88,,,4113
189,2136,2024-05-01,715,EUB: 2024 - 2025,4414,EUB 2024,INSTITUTIONELLE FÖRDERUNG,FALSE,PRORATA_PAYROLL,104,,,4254.82
189,2136,2024-06-01,715,EUB: 2024 - 2025,4414,EUB 2024,INSTITUTIONELLE FÖRDERUNG,FALSE,PRORATA_PAYROLL,112,,,4954.82
189,2136,2024-07-01,715,EUB: 2024 - 2025,4414,EUB 2024,INSTITUTIONELLE FÖRDERUNG,FALSE,PRORATA_PAYROLL,136,,,4254.82
189,2136,2024-08-01,715,EUB: 2024 - 2025,4414,EUB 2024,INSTITUTIONELLE FÖRDERUNG,FALSE,PRORATA_PAYROLL,80,,,4496.22
189,2136,2024-09-01,715,EUB: 2024 - 2025,4414,EUB 2024,INSTITUTIONELLE FÖRDERUNG,FALSE,PRORATA_PAYROLL,136,,,4496.22
189,2136,2024-10-01,715,EUB: 2024 - 2025,4414,EUB 2024,INSTITUTIONELLE FÖRDERUNG,FALSE,PRORATA_PAYROLL,128,,,4496.22
189,2136,2024-11-01,715,EUB: 2024 - 2025,4414,EUB 2024,INSTITUTIONELLE FÖRDERUNG,FALSE,PRORATA_PAYROLL,120,,,4496.22
189,2136,2024-12-01,715,EUB: 2024 - 2025,4414,EUB 2024,INSTITUTIONELLE FÖRDERUNG,FALSE,PRORATA_PAYROLL,88,,,6349.37
189,2136,2025-03-01,715,EUB: 2024 - 2025,4415,EUB 2025,INSTITUTIONELLE FÖRDERUNG,FALSE,PRORATA_PAYROLL,40.5,,,0
189,2136,2025-04-01,715,EUB: 2024 - 2025,4415,EUB 2025,INSTITUTIONELLE FÖRDERUNG,FALSE,PRORATA_PAYROLL,104.25,,,0
189,2136,2025-05-01,715,EUB: 2024 - 2025,4415,EUB 2025,INSTITUTIONELLE FÖRDERUNG,FALSE,PRORATA_PAYROLL,75.25,,,0
189,2136,2025-06-01,715,EUB: 2024 - 2025,4415,EUB 2025,INSTITUTIONELLE FÖRDERUNG,FALSE,PRORATA_PAYROLL,104.5,,,0
189,2136,2025-07-01,715,EUB: 2024 - 2025,4415,EUB 2025,INSTITUTIONELLE FÖRDERUNG,FALSE,PRORATA_PAYROLL,24,,,0
193,2017,2024-11-01,780,EU-KONFORM: H2Valley Phase 1 Projektanbahnung 2024,4734,H2Valley Umsetzung Phase 1 2024,EU-KONFORM,FALSE,PRORATA_PAYROLL,21.25,,,1061.53
193,2017,2024-12-01,780,EU-KONFORM: H2Valley Phase 1 Projektanbahnung 2024,4734,H2Valley Umsetzung Phase 1 2024,EU-KONFORM,FALSE,PRORATA_PAYROLL,16,,,1839.96
193,2017,2024-06-01,796,TENDER: FWC Hydrogen FP2,4774,WP1 Umsetzung,TENDER,FALSE,PRORATA_PAYROLL,24,,,1120.76
193,2017,2024-07-01,796,TENDER: FWC Hydrogen FP2,4774,WP1 Umsetzung,TENDER,FALSE,PRORATA_PAYROLL,42.75,,,1745.47
193,2017,2024-08-01,796,TENDER: FWC Hydrogen FP2,4774,WP1 Umsetzung,TENDER,FALSE,PRORATA_PAYROLL,49,,,1815
193,2017,2024-09-01,796,TENDER: FWC Hydrogen FP2,4774,WP1 Umsetzung,TENDER,FALSE,PRORATA_PAYROLL,119.5,,,5445.01
193,2017,2024-10-01,796,TENDER: FWC Hydrogen FP2,4774,WP1 Umsetzung,TENDER,FALSE,PRORATA_PAYROLL,102.25,,,5445.01
193,2017,2024-11-01,796,TENDER: FWC Hydrogen FP2,4774,WP1 Umsetzung,TENDER,FALSE,PRORATA_PAYROLL,87.75,,,4383.48
193,2017,2024-12-01,796,TENDER: FWC Hydrogen FP2,4774,WP1 Umsetzung,TENDER,FALSE,PRORATA_PAYROLL,43.625,,,5016.78
193,2017,2025-01-01,796,TENDER: FWC Hydrogen FP2,4774,WP1 Umsetzung,TENDER,FALSE,PRORATA_PAYROLL,67.16666666666667,,,3156.13
193,2017,2025-02-01,796,TENDER: FWC Hydrogen FP2,4774,WP1 Umsetzung,TENDER,FALSE,PRORATA_PAYROLL,70.75,,,3589.39
193,2017,2025-02-01,816,EU-KONFORM: RHYNEUP-emobilBW-One-stage-FixedFee-HORIZON-JU-CLEANH2-2025-06-01,4873,1.2 Kick-off Meeting,EU-KONFORM,FALSE,PRORATA_PAYROLL,4.375,,,221.96
193,2017,2025-02-01,816,EU-KONFORM: RHYNEUP-emobilBW-One-stage-FixedFee-HORIZON-JU-CLEANH2-2025-06-01,4874,1.1 8 regionale Workshops,EU-KONFORM,FALSE,PRORATA_PAYROLL,14.75,,,748.32
193,2017,2025-03-01,816,EU-KONFORM: RHYNEUP-emobilBW-One-stage-FixedFee-HORIZON-JU-CLEANH2-2025-06-01,4874,1.1 8 regionale Workshops,EU-KONFORM,FALSE,PRORATA_PAYROLL,4,,,183.06
193,2017,2025-01-01,816,EU-KONFORM: RHYNEUP-emobilBW-One-stage-FixedFee-HORIZON-JU-CLEANH2-2025-06-01,4876,1.4 Einbeziehung fehlender Projektpartnern,EU-KONFORM,FALSE,PRORATA_PAYROLL,16.5,,,775.33
193,2017,2025-03-01,816,EU-KONFORM: RHYNEUP-emobilBW-One-stage-FixedFee-HORIZON-JU-CLEANH2-2025-06-01,4876,1.4 Einbeziehung fehlender Projektpartnern,EU-KONFORM,FALSE,PRORATA_PAYROLL,4,,,183.06
193,2017,2025-04-01,816,EU-KONFORM: RHYNEUP-emobilBW-One-stage-FixedFee-HORIZON-JU-CLEANH2-2025-06-01,4893,2.9.2 Qualitätsprüfung,EU-KONFORM,FALSE,PRORATA_PAYROLL,8,,,356.47
193,2017,2025-03-01,818,TENDER: CH JU Clean Hydrogen 2025-2026,4902,WP1 FP2.3 2025,TENDER,FALSE,PRORATA_PAYROLL,80,,,3661.27
193,2017,2025-04-01,818,TENDER: CH JU Clean Hydrogen 2025-2026,4902,WP1 FP2.3 2025,TENDER,FALSE,PRORATA_PAYROLL,75.25,,,3353.07
193,2017,2025-05-01,818,TENDER: CH JU Clean Hydrogen 2025-2026,4902,WP1 FP2.3 2025,TENDER,FALSE,PRORATA_PAYROLL,90.625,,,4545.24
198,2017,2024-06-01,642,TENDER: DTA,4014,Tender DTA - 2024,TENDER,FALSE,PRORATA_PAYROLL,4.5,,,185.93
198,2017,2024-07-01,642,TENDER: DTA,4014,Tender DTA - 2024,TENDER,FALSE,PRORATA_PAYROLL,11.208333333333334,,,431.36
198,2017,2024-08-01,642,TENDER: DTA,4014,Tender DTA - 2024,TENDER,FALSE,PRORATA_PAYROLL,12.375,,,634.31
198,2017,2024-09-01,642,TENDER: DTA,4014,Tender DTA - 2024,TENDER,FALSE,PRORATA_PAYROLL,43.041666666666664,,,1759.24
198,2017,2024-10-01,642,TENDER: DTA,4014,Tender DTA - 2024,TENDER,FALSE,PRORATA_PAYROLL,25.25,,,950.31
198,2017,2024-11-01,642,TENDER: DTA,4014,Tender DTA - 2024,TENDER,FALSE,PRORATA_PAYROLL,4.25,,,336.63
198,2017,2024-01-01,644,TENDER: Smart Cities Marketplace 2.0,4024,Events 2024,TENDER,FALSE,PRORATA_PAYROLL,32.375,,,1481.98
198,2017,2024-02-01,644,TENDER: Smart Cities Marketplace 2.0,4024,Events 2024,TENDER,FALSE,PRORATA_PAYROLL,21.375,,,829.77
198,2017,2024-03-01,644,TENDER: Smart Cities Marketplace 2.0,4024,Events 2024,TENDER,FALSE,PRORATA_PAYROLL,25.25,,,1250.91
198,2017,2024-04-01,644,TENDER: Smart Cities Marketplace 2.0,4024,Events 2024,TENDER,FALSE,PRORATA_PAYROLL,32.375,,,1396.38
198,2017,2024-06-01,644,TENDER: Smart Cities Marketplace 2.0,4024,Events 2024,TENDER,FALSE,PRORATA_PAYROLL,45.5,,,1879.93
198,2017,2024-07-01,644,TENDER: Smart Cities Marketplace 2.0,4024,Events 2024,TENDER,FALSE,PRORATA_PAYROLL,12.625,,,485.88
198,2017,2024-08-01,644,TENDER: Smart Cities Marketplace 2.0,4024,Events 2024,TENDER,FALSE,PRORATA_PAYROLL,21.125,,,1082.82
198,2017,2024-09-01,644,TENDER: Smart Cities Marketplace 2.0,4024,Events 2024,TENDER,FALSE,PRORATA_PAYROLL,12.625,,,516.02
198,2017,2024-10-01,644,TENDER: Smart Cities Marketplace 2.0,4024,Events 2024,TENDER,FALSE,PRORATA_PAYROLL,48.541666666666664,,,1826.92
198,2017,2024-11-01,644,TENDER: Smart Cities Marketplace 2.0,4024,Events 2024,TENDER,FALSE,PRORATA_PAYROLL,46.333333333333336,,,3669.88
198,2017,2024-12-01,644,TENDER: Smart Cities Marketplace 2.0,4024,Events 2024,TENDER,FALSE,PRORATA_PAYROLL,9,,,1615.11
198,2017,2024-01-01,681,TENDER: Citizen Led 1,4230,Inhaltlich 2024,TENDER,FALSE,PRORATA_PAYROLL,57,,,2609.19
198,2017,2024-02-01,681,TENDER: Citizen Led 1,4230,Inhaltlich 2024,TENDER,FALSE,PRORATA_PAYROLL,36.875,,,1431.47
198,2017,2024-03-01,681,TENDER: Citizen Led 1,4230,Inhaltlich 2024,TENDER,FALSE,PRORATA_PAYROLL,37.75,,,1870.17
198,2017,2024-04-01,681,TENDER: Citizen Led 1,4230,Inhaltlich 2024,TENDER,FALSE,PRORATA_PAYROLL,32.25,,,1390.99
198,2017,2024-05-01,681,TENDER: Citizen Led 1,4230,Inhaltlich 2024,TENDER,FALSE,PRORATA_PAYROLL,32.75,,,2241.06
198,2017,2024-06-01,681,TENDER: Citizen Led 1,4230,Inhaltlich 2024,TENDER,FALSE,PRORATA_PAYROLL,53.25,,,2200.13
198,2017,2024-07-01,681,TENDER: Citizen Led 1,4230,Inhaltlich 2024,TENDER,FALSE,PRORATA_PAYROLL,55.875,,,2150.37
198,2017,2024-08-01,681,TENDER: Citizen Led 1,4230,Inhaltlich 2024,TENDER,FALSE,PRORATA_PAYROLL,34.125,,,1749.17
198,2017,2024-09-01,681,TENDER: Citizen Led 1,4230,Inhaltlich 2024,TENDER,FALSE,PRORATA_PAYROLL,22.125,,,904.32
198,2017,2024-10-01,681,TENDER: Citizen Led 1,4230,Inhaltlich 2024,TENDER,FALSE,PRORATA_PAYROLL,34.291666666666664,,,1290.61
198,2017,2024-11-01,681,TENDER: Citizen Led 1,4230,Inhaltlich 2024,TENDER,FALSE,PRORATA_PAYROLL,16.75,,,1326.7
198,2017,2024-03-01,686,EVENT: Netzwerktreffen MINT 2023 & 2024,4172,Netzwerktreffen 2024,EVENT,FALSE,PRORATA_PAYROLL,12.375,,,613.07
198,2017,2024-06-01,693,TENDER: FWC Hydrogen 2023,4264,BD Umsetzung,TENDER,FALSE,PRORATA_PAYROLL,13.625,,,562.94
198,2017,2024-07-01,693,TENDER: FWC Hydrogen 2023,4264,BD Umsetzung,TENDER,FALSE,PRORATA_PAYROLL,11.208333333333334,,,431.36
198,2017,2024-08-01,693,TENDER: FWC Hydrogen 2023,4264,BD Umsetzung,TENDER,FALSE,PRORATA_PAYROLL,13,,,666.35
198,2017,2024-09-01,693,TENDER: FWC Hydrogen 2023,4264,BD Umsetzung,TENDER,FALSE,PRORATA_PAYROLL,22.875,,,934.97
198,2017,2024-10-01,693,TENDER: FWC Hydrogen 2023,4264,BD Umsetzung,TENDER,FALSE,PRORATA_PAYROLL,19.25,,,724.5
198,2017,2024-11-01,693,TENDER: FWC Hydrogen 2023,4264,BD Umsetzung,TENDER,FALSE,PRORATA_PAYROLL,2.3333333333333335,,,184.81
198,2017,2024-12-01,693,TENDER: FWC Hydrogen 2023,4264,BD Umsetzung,TENDER,FALSE,PRORATA_PAYROLL,42.5,,,7626.89
198,2017,2024-01-01,750,TENDER: Citizen Led 2,4548,WP Planung 2024,TENDER,FALSE,PRORATA_PAYROLL,57.125,,,2614.91
198,2017,2024-02-01,750,TENDER: Citizen Led 2,4548,WP Planung 2024,TENDER,FALSE,PRORATA_PAYROLL,114.5,,,4444.84
198,2017,2024-03-01,750,TENDER: Citizen Led 2,4548,WP Planung 2024,TENDER,FALSE,PRORATA_PAYROLL,67.125,,,3325.44
198,2017,2024-04-01,750,TENDER: Citizen Led 2,4548,WP Planung 2024,TENDER,FALSE,PRORATA_PAYROLL,89.125,,,3844.09
198,2017,2024-05-01,750,TENDER: Citizen Led 2,4548,WP Planung 2024,TENDER,FALSE,PRORATA_PAYROLL,65.25,,,4465.02
198,2017,2024-06-01,750,TENDER: Citizen Led 2,4548,WP Planung 2024,TENDER,FALSE,PRORATA_PAYROLL,52.875,,,2184.64
198,2017,2024-07-01,750,TENDER: Citizen Led 2,4548,WP Planung 2024,TENDER,FALSE,PRORATA_PAYROLL,61.958333333333336,,,2384.49
198,2017,2024-08-01,750,TENDER: Citizen Led 2,4548,WP Planung 2024,TENDER,FALSE,PRORATA_PAYROLL,42.5,,,2178.45
198,2017,2024-09-01,750,TENDER: Citizen Led 2,4548,WP Planung 2024,TENDER,FALSE,PRORATA_PAYROLL,7.791666666666667,,,318.47
198,2017,2024-10-01,750,TENDER: Citizen Led 2,4548,WP Planung 2024,TENDER,FALSE,PRORATA_PAYROLL,2.6666666666666665,,,100.36
198,2017,2024-09-01,795,ATELIER: Expert Contract 2024,4773,"WP10 Communication, Dissemination & Exploitation",VERRECHNUNG INTERN,FALSE,PRORATA_PAYROLL,20,,,817.46
203,2017,2024-01-01,675,WM: Social Innovation Challenge 2.0,4136,Modul 2 - Workshops,REGIONALE FÖRDERUNG,FALSE,PRORATA_PAYROLL,80,,,0
204,2017,2024-01-01,644,TENDER: Smart Cities Marketplace 2.0,4025,Events 2025,TENDER,FALSE,PRORATA_PAYROLL,30.833333333333332,,,990.68
204,2017,2024-02-01,644,TENDER: Smart Cities Marketplace 2.0,4025,Events 2025,TENDER,FALSE,PRORATA_PAYROLL,12.25,,,435.02
204,2017,2024-03-01,644,TENDER: Smart Cities Marketplace 2.0,4025,Events 2025,TENDER,FALSE,PRORATA_PAYROLL,8,,,312.07
204,2017,2024-05-01,644,TENDER: Smart Cities Marketplace 2.0,4025,Events 2025,TENDER,FALSE,PRORATA_PAYROLL,39.458333333333336,,,1653.41
204,2017,2024-06-01,644,TENDER: Smart Cities Marketplace 2.0,4025,Events 2025,TENDER,FALSE,PRORATA_PAYROLL,37.333333333333336,,,1373.83
204,2017,2024-10-01,644,TENDER: Smart Cities Marketplace 2.0,4025,Events 2025,TENDER,FALSE,PRORATA_PAYROLL,37.5,,,1368.1
204,2017,2024-11-01,644,TENDER: Smart Cities Marketplace 2.0,4025,Events 2025,TENDER,FALSE,PRORATA_PAYROLL,39,,,1580.91
204,2017,2024-01-01,681,TENDER: Citizen Led 1,4483,Events 2024,TENDER,FALSE,PRORATA_PAYROLL,27.625,,,887.59
204,2017,2024-02-01,681,TENDER: Citizen Led 1,4483,Events 2024,TENDER,FALSE,PRORATA_PAYROLL,4,,,142.05
204,2017,2024-03-01,681,TENDER: Citizen Led 1,4483,Events 2024,TENDER,FALSE,PRORATA_PAYROLL,16.375,,,638.77
204,2017,2024-04-01,681,TENDER: Citizen Led 1,4483,Events 2024,TENDER,FALSE,PRORATA_PAYROLL,23.75,,,760.91
204,2017,2024-05-01,681,TENDER: Citizen Led 1,4483,Events 2024,TENDER,FALSE,PRORATA_PAYROLL,35.833333333333336,,,1501.52
204,2017,2024-06-01,681,TENDER: Citizen Led 1,4483,Events 2024,TENDER,FALSE,PRORATA_PAYROLL,48.833333333333336,,,1797.02
204,2017,2024-07-01,681,TENDER: Citizen Led 1,4483,Events 2024,TENDER,FALSE,PRORATA_PAYROLL,5,,,316.83
204,2017,2024-08-01,681,TENDER: Citizen Led 1,4483,Events 2024,TENDER,FALSE,PRORATA_PAYROLL,12,,,438.07
204,2017,2024-09-01,681,TENDER: Citizen Led 1,4483,Events 2024,TENDER,FALSE,PRORATA_PAYROLL,17.875,,,931.61
204,2017,2024-10-01,681,TENDER: Citizen Led 1,4483,Events 2024,TENDER,FALSE,PRORATA_PAYROLL,8.875,,,323.78
204,2017,2024-02-01,746,EVENT: EU-Forschungsförderung MWK 08.03.2024,4540,Umsetzung EVENT Forschungsförderung 8.3.24,EVENT,FALSE,PRORATA_PAYROLL,59.75,,,2121.85
204,2017,2024-03-01,746,EVENT: EU-Forschungsförderung MWK 08.03.2024,4540,Umsetzung EVENT Forschungsförderung 8.3.24,EVENT,FALSE,PRORATA_PAYROLL,38.25,,,1492.09
204,2017,2024-01-01,750,TENDER: Citizen Led 2,4548,WP Planung 2024,TENDER,FALSE,PRORATA_PAYROLL,70.45833333333333,,,2263.83
204,2017,2024-02-01,750,TENDER: Citizen Led 2,4548,WP Planung 2024,TENDER,FALSE,PRORATA_PAYROLL,76,,,2698.92
204,2017,2024-03-01,750,TENDER: Citizen Led 2,4548,WP Planung 2024,TENDER,FALSE,PRORATA_PAYROLL,40,,,1560.35
204,2017,2024-04-01,750,TENDER: Citizen Led 2,4548,WP Planung 2024,TENDER,FALSE,PRORATA_PAYROLL,121.75,,,3900.65
204,2017,2024-05-01,750,TENDER: Citizen Led 2,4548,WP Planung 2024,TENDER,FALSE,PRORATA_PAYROLL,54.958333333333336,,,2302.91
204,2017,2024-06-01,750,TENDER: Citizen Led 2,4548,WP Planung 2024,TENDER,FALSE,PRORATA_PAYROLL,68.58333333333333,,,2523.8
204,2017,2024-07-01,750,TENDER: Citizen Led 2,4548,WP Planung 2024,TENDER,FALSE,PRORATA_PAYROLL,48.5,,,3073.28
204,2017,2024-08-01,750,TENDER: Citizen Led 2,4548,WP Planung 2024,TENDER,FALSE,PRORATA_PAYROLL,87.75,,,3203.39
204,2017,2024-09-01,750,TENDER: Citizen Led 2,4548,WP Planung 2024,TENDER,FALSE,PRORATA_PAYROLL,49,,,2553.78
204,2017,2024-10-01,750,TENDER: Citizen Led 2,4548,WP Planung 2024,TENDER,FALSE,PRORATA_PAYROLL,71.25,,,2599.38
204,2017,2024-11-01,764,FUSILLI: ExCo 2024,4800,WP6,VERRECHNUNG INTERN,FALSE,PRORATA_PAYROLL,33,,,1337.69
206,2017,2025-01-01,738,INTERREG: BrAIn,4976,SO1 Enhancing the competitivness of SMEs (Jan - Jun 2025),INTERREG,FALSE,PRORATA_PAYROLL,15,,,725.44
206,2017,2025-02-01,738,INTERREG: BrAIn,4976,SO1 Enhancing the competitivness of SMEs (Jan - Jun 2025),INTERREG,FALSE,PRORATA_PAYROLL,8,,,426.73
206,2017,2025-03-01,738,INTERREG: BrAIn,4976,SO1 Enhancing the competitivness of SMEs (Jan - Jun 2025),INTERREG,FALSE,PRORATA_PAYROLL,7.85,,,325.41
206,2017,2025-04-01,738,INTERREG: BrAIn,4976,SO1 Enhancing the competitivness of SMEs (Jan - Jun 2025),INTERREG,FALSE,PRORATA_PAYROLL,10.666666666666666,,,610.9
206,2017,2025-05-01,738,INTERREG: BrAIn,4976,SO1 Enhancing the competitivness of SMEs (Jan - Jun 2025),INTERREG,FALSE,PRORATA_PAYROLL,15.666666666666666,,,792.92
206,2017,2025-06-01,738,INTERREG: BrAIn,4976,SO1 Enhancing the competitivness of SMEs (Jan - Jun 2025),INTERREG,FALSE,PRORATA_PAYROLL,12,,,652.9
206,2017,2024-01-01,745,EU-KONFORM: DTU/Impact 07.02.2024,4539,Umsetzung: DTU Impact (07.02.2024),EU-KONFORM,FALSE,PRORATA_PAYROLL,13.5,,,646.46
206,2017,2024-02-01,745,EU-KONFORM: DTU/Impact 07.02.2024,4539,Umsetzung: DTU Impact (07.02.2024),EU-KONFORM,FALSE,PRORATA_PAYROLL,6.05,,,247.2
213,2016,2024-01-01,603,SOPHIA (inkl. MwSt),3967,WP8 Comm/Diss,H2020,FALSE,PRORATA_PAYROLL,30.666666666666668,,,957.09
213,2016,2024-02-01,603,SOPHIA (inkl. MwSt),3967,WP8 Comm/Diss,H2020,FALSE,PRORATA_PAYROLL,75.25,,,2235.63
213,2016,2024-03-01,603,SOPHIA (inkl. MwSt),3967,WP8 Comm/Diss,H2020,FALSE,PRORATA_PAYROLL,34.416666666666664,,,1228.88
213,2016,2024-04-01,603,SOPHIA (inkl. MwSt),3967,WP8 Comm/Diss,H2020,FALSE,PRORATA_PAYROLL,10.125,,,339.17
213,2016,2024-05-01,603,SOPHIA (inkl. MwSt),3967,WP8 Comm/Diss,H2020,FALSE,PRORATA_PAYROLL,10.6875,,,360.11
213,2016,2024-06-01,603,SOPHIA (inkl. MwSt),3967,WP8 Comm/Diss,H2020,FALSE,PRORATA_PAYROLL,17.25,,,782.02
213,2016,2024-07-01,603,SOPHIA (inkl. MwSt),3967,WP8 Comm/Diss,H2020,FALSE,PRORATA_PAYROLL,10.916666666666666,,,531.1
213,2016,2024-08-01,603,SOPHIA (inkl. MwSt),3967,WP8 Comm/Diss,H2020,FALSE,PRORATA_PAYROLL,8.5,,,274.48
213,2016,2024-09-01,603,SOPHIA (inkl. MwSt),3967,WP8 Comm/Diss,H2020,FALSE,PRORATA_PAYROLL,7,,,260.05
213,2016,2024-11-01,603,SOPHIA (inkl. MwSt),3967,WP8 Comm/Diss,H2020,FALSE,PRORATA_PAYROLL,15,,,597.04
213,2016,2024-12-01,603,SOPHIA (inkl. MwSt),3967,WP8 Comm/Diss,H2020,FALSE,PRORATA_PAYROLL,11.458333333333334,,,904.83
213,2016,2025-02-01,603,SOPHIA (inkl. MwSt),3967,WP8 Comm/Diss,H2020,FALSE,PRORATA_PAYROLL,15.125,,,0
213,2016,2025-03-01,603,SOPHIA (inkl. MwSt),3967,WP8 Comm/Diss,H2020,FALSE,PRORATA_PAYROLL,7,,,0
213,2016,2025-04-01,603,SOPHIA (inkl. MwSt),3967,WP8 Comm/Diss,H2020,FALSE,PRORATA_PAYROLL,20.5,,,0
213,2016,2025-05-01,603,SOPHIA (inkl. MwSt),3967,WP8 Comm/Diss,H2020,FALSE,PRORATA_PAYROLL,20.75,,,0
213,2016,2024-01-01,603,SOPHIA (inkl. MwSt),3968,WP9 Project Management,H2020,FALSE,PRORATA_PAYROLL,84.04166666666667,,,2622.89
213,2016,2024-02-01,603,SOPHIA (inkl. MwSt),3968,WP9 Project Management,H2020,FALSE,PRORATA_PAYROLL,45.25,,,1344.35
213,2016,2024-03-01,603,SOPHIA (inkl. MwSt),3968,WP9 Project Management,H2020,FALSE,PRORATA_PAYROLL,6.583333333333333,,,235.07
213,2016,2024-04-01,603,SOPHIA (inkl. MwSt),3968,WP9 Project Management,H2020,FALSE,PRORATA_PAYROLL,26.208333333333332,,,877.94
213,2016,2024-05-01,603,SOPHIA (inkl. MwSt),3968,WP9 Project Management,H2020,FALSE,PRORATA_PAYROLL,26.5,,,892.92
213,2016,2024-06-01,603,SOPHIA (inkl. MwSt),3968,WP9 Project Management,H2020,FALSE,PRORATA_PAYROLL,14.25,,,646.01
213,2016,2024-07-01,603,SOPHIA (inkl. MwSt),3968,WP9 Project Management,H2020,FALSE,PRORATA_PAYROLL,15.25,,,741.93
213,2016,2024-08-01,603,SOPHIA (inkl. MwSt),3968,WP9 Project Management,H2020,FALSE,PRORATA_PAYROLL,34.666666666666664,,,1119.43
213,2016,2024-09-01,603,SOPHIA (inkl. MwSt),3968,WP9 Project Management,H2020,FALSE,PRORATA_PAYROLL,30.5,,,1133.05
213,2016,2024-10-01,603,SOPHIA (inkl. MwSt),3968,WP9 Project Management,H2020,FALSE,PRORATA_PAYROLL,46,,,1393.1
213,2016,2024-11-01,603,SOPHIA (inkl. MwSt),3968,WP9 Project Management,H2020,FALSE,PRORATA_PAYROLL,20,,,796.06
213,2016,2024-12-01,603,SOPHIA (inkl. MwSt),3968,WP9 Project Management,H2020,FALSE,PRORATA_PAYROLL,18.5,,,1460.9
213,2016,2025-01-01,603,SOPHIA (inkl. MwSt),3968,WP9 Project Management,H2020,FALSE,PRORATA_PAYROLL,27,,,0
213,2016,2025-02-01,603,SOPHIA (inkl. MwSt),3968,WP9 Project Management,H2020,FALSE,PRORATA_PAYROLL,27.875,,,0
213,2016,2025-03-01,603,SOPHIA (inkl. MwSt),3968,WP9 Project Management,H2020,FALSE,PRORATA_PAYROLL,30,,,0
213,2016,2025-04-01,603,SOPHIA (inkl. MwSt),3968,WP9 Project Management,H2020,FALSE,PRORATA_PAYROLL,16.5,,,0
213,2016,2025-05-01,603,SOPHIA (inkl. MwSt),3968,WP9 Project Management,H2020,FALSE,PRORATA_PAYROLL,36,,,0
220,2016,2024-01-01,557,METABUILDING LABS (mit MwSt),3584,"WP10 Communication, Dissemination and Training - WP leader SEZ",H2020,FALSE,PRORATA_PAYROLL,64.125,,,2529.38
220,2016,2024-02-01,557,METABUILDING LABS (mit MwSt),3584,"WP10 Communication, Dissemination and Training - WP leader SEZ",H2020,FALSE,PRORATA_PAYROLL,54.75,,,2286.62
220,2016,2024-02-01,573,Enterprise Europe Network 2022 - 2024: Expert Contract,3957,EEN Expert 2024,VERRECHNUNG INTERN,FALSE,PRORATA_PAYROLL,9.25,,,386.32
220,2017,2024-05-01,773,EU-KONFORM: HORIZON-JU-CBE-2024-IA-06-IGB-Upfront payment,4670,Umsetzung,EU-KONFORM,FALSE,PRORATA_PAYROLL,8.75,,,477.88
220,2017,2024-09-01,793,EU-KONFORM: BioLINKAGE Upfront,4760,Umsetzung Biolinkage Antragstellung,EU-KONFORM,FALSE,PRORATA_PAYROLL,8,,,978.85
220,2016,2024-01-01,821,ExCo: SUCCESS FEE BioFibreLoop,4934,SIG Success Fee BioFibreLoop,VERRECHNUNG INTERN,FALSE,PRORATA_PAYROLL,88.875,,,3505.63
220,2016,2024-02-01,821,ExCo: SUCCESS FEE BioFibreLoop,4934,SIG Success Fee BioFibreLoop,VERRECHNUNG INTERN,FALSE,PRORATA_PAYROLL,80.5,,,3362.06
224,2016,2024-01-01,533,LEVIS (ohne Vorsteuerabzug),3642,WP7 Dissemination & Exploitation,H2020,FALSE,PRORATA_PAYROLL,34,,,1169.71
224,2016,2024-02-01,533,LEVIS (ohne Vorsteuerabzug),3642,WP7 Dissemination & Exploitation,H2020,FALSE,PRORATA_PAYROLL,38.625,,,1047.66
224,2016,2024-03-01,533,LEVIS (ohne Vorsteuerabzug),3642,WP7 Dissemination & Exploitation,H2020,FALSE,PRORATA_PAYROLL,39.625,,,1380.52
224,2016,2024-04-01,533,LEVIS (ohne Vorsteuerabzug),3642,WP7 Dissemination & Exploitation,H2020,FALSE,PRORATA_PAYROLL,38.0625,,,1139.52
224,2016,2024-05-01,533,LEVIS (ohne Vorsteuerabzug),3642,WP7 Dissemination & Exploitation,H2020,FALSE,PRORATA_PAYROLL,36.875,,,1417.11
224,2016,2024-06-01,533,LEVIS (ohne Vorsteuerabzug),3642,WP7 Dissemination & Exploitation,H2020,FALSE,PRORATA_PAYROLL,45.875,,,1513.83
224,2016,2024-02-01,533,LEVIS (ohne Vorsteuerabzug),3645,WP8 Project Coordination & Management,H2020,FALSE,PRORATA_PAYROLL,6,,,162.74
224,2016,2024-05-01,533,LEVIS (ohne Vorsteuerabzug),3645,WP8 Project Coordination & Management,H2020,FALSE,PRORATA_PAYROLL,8,,,307.44
224,2016,2024-01-01,571,FlashPhos (mit MwSt),4576,WP9 Exploitation 2024,H2020,FALSE,PRORATA_PAYROLL,34,,,1169.71
224,2016,2024-02-01,571,FlashPhos (mit MwSt),4576,WP9 Exploitation 2024,H2020,FALSE,PRORATA_PAYROLL,44.625,,,1210.4
224,2016,2024-03-01,571,FlashPhos (mit MwSt),4576,WP9 Exploitation 2024,H2020,FALSE,PRORATA_PAYROLL,39.625,,,1380.52
224,2016,2024-04-01,571,FlashPhos (mit MwSt),4576,WP9 Exploitation 2024,H2020,FALSE,PRORATA_PAYROLL,45.395833333333336,,,1359.07
224,2016,2024-01-01,571,FlashPhos (mit MwSt),4577,WP10 Communication 2024,H2020,FALSE,PRORATA_PAYROLL,34,,,1169.71
224,2016,2024-02-01,571,FlashPhos (mit MwSt),4577,WP10 Communication 2024,H2020,FALSE,PRORATA_PAYROLL,44.625,,,1210.4
224,2016,2024-03-01,571,FlashPhos (mit MwSt),4577,WP10 Communication 2024,H2020,FALSE,PRORATA_PAYROLL,39.625,,,1380.52
224,2016,2024-04-01,571,FlashPhos (mit MwSt),4577,WP10 Communication 2024,H2020,FALSE,PRORATA_PAYROLL,45.395833333333336,,,1359.07
224,2017,2024-07-01,743,EU-KONFORM: TNO (2 Stage) CircBio,4536,Umsetzung 1st Stage,EU-KONFORM,FALSE,PRORATA_PAYROLL,26.041666666666668,,,580.26
224,2017,2024-08-01,743,EU-KONFORM: TNO (2 Stage) CircBio,4536,Umsetzung 1st Stage,EU-KONFORM,FALSE,PRORATA_PAYROLL,62.833333333333336,,,1563.95
224,2017,2024-09-01,743,EU-KONFORM: TNO (2 Stage) CircBio,4536,Umsetzung 1st Stage,EU-KONFORM,FALSE,PRORATA_PAYROLL,29.833333333333332,,,1039.08
224,2017,2024-07-01,773,EU-KONFORM: HORIZON-JU-CBE-2024-IA-06-IGB-Upfront payment,4670,Umsetzung,EU-KONFORM,FALSE,PRORATA_PAYROLL,34.166666666666664,,,761.3
224,2017,2024-07-01,782,EU-KONFORM: HORIZON-JU-CBE-2024-RIA-01 (wood) - RISE - upfront payment,4742,Umsetzung HORIZON-JU-CBE-2024-RIA-01 (wood) - RISE - upfront payment,EU-KONFORM,FALSE,PRORATA_PAYROLL,10,,,222.82
224,2017,2024-08-01,782,EU-KONFORM: HORIZON-JU-CBE-2024-RIA-01 (wood) - RISE - upfront payment,4742,Umsetzung HORIZON-JU-CBE-2024-RIA-01 (wood) - RISE - upfront payment,EU-KONFORM,FALSE,PRORATA_PAYROLL,62.833333333333336,,,1563.95
224,2017,2024-09-01,782,EU-KONFORM: HORIZON-JU-CBE-2024-RIA-01 (wood) - RISE - upfront payment,4742,Umsetzung HORIZON-JU-CBE-2024-RIA-01 (wood) - RISE - upfront payment,EU-KONFORM,FALSE,PRORATA_PAYROLL,26.5,,,922.98
224,2017,2024-08-01,785,EU-KONFORM: HORIZON-JU-CBE-2024-RIA-02,4747,HORIZON-JU-CBE-2024-RIA-02 Umsetzung,EU-KONFORM,FALSE,PRORATA_PAYROLL,23.166666666666668,,,576.63
224,2017,2024-09-01,785,EU-KONFORM: HORIZON-JU-CBE-2024-RIA-02,4747,HORIZON-JU-CBE-2024-RIA-02 Umsetzung,EU-KONFORM,FALSE,PRORATA_PAYROLL,39.833333333333336,,,1387.38
224,2017,2024-09-01,792,EU-KONFORM: DECIRE-WATER Stufe 2 KIT,4765,Antrag 2. Stufe DECIRE-WATER,EU-KONFORM,FALSE,PRORATA_PAYROLL,29.833333333333332,,,1039.08
224,2017,2024-09-01,793,EU-KONFORM: BioLINKAGE Upfront,4760,Umsetzung Biolinkage Antragstellung,EU-KONFORM,FALSE,PRORATA_PAYROLL,10.25,,,357
224,2017,2024-12-01,793,EU-KONFORM: BioLINKAGE Upfront,4760,Umsetzung Biolinkage Antragstellung,EU-KONFORM,FALSE,PRORATA_PAYROLL,39.5,,,2531.89
224,2017,2025-01-01,816,EU-KONFORM: RHYNEUP-emobilBW-One-stage-FixedFee-HORIZON-JU-CLEANH2-2025-06-01,4873,1.2 Kick-off Meeting,EU-KONFORM,FALSE,PRORATA_PAYROLL,7.666666666666667,,,1076.36
224,2017,2025-02-01,816,EU-KONFORM: RHYNEUP-emobilBW-One-stage-FixedFee-HORIZON-JU-CLEANH2-2025-06-01,4873,1.2 Kick-off Meeting,EU-KONFORM,FALSE,PRORATA_PAYROLL,19.166666666666668,,,643
224,2017,2025-01-01,816,EU-KONFORM: RHYNEUP-emobilBW-One-stage-FixedFee-HORIZON-JU-CLEANH2-2025-06-01,4874,1.1 8 regionale Workshops,EU-KONFORM,FALSE,PRORATA_PAYROLL,3.1666666666666665,,,444.58
224,2017,2025-02-01,816,EU-KONFORM: RHYNEUP-emobilBW-One-stage-FixedFee-HORIZON-JU-CLEANH2-2025-06-01,4874,1.1 8 regionale Workshops,EU-KONFORM,FALSE,PRORATA_PAYROLL,23.651190476190475,,,793.44
224,2017,2025-01-01,816,EU-KONFORM: RHYNEUP-emobilBW-One-stage-FixedFee-HORIZON-JU-CLEANH2-2025-06-01,4877,1.5 Onboarding aller 40 Partner,EU-KONFORM,FALSE,PRORATA_PAYROLL,7.666666666666667,,,1076.36
224,2017,2025-02-01,816,EU-KONFORM: RHYNEUP-emobilBW-One-stage-FixedFee-HORIZON-JU-CLEANH2-2025-06-01,4877,1.5 Onboarding aller 40 Partner,EU-KONFORM,FALSE,PRORATA_PAYROLL,28.401190476190475,,,952.79
224,2017,2025-03-01,816,EU-KONFORM: RHYNEUP-emobilBW-One-stage-FixedFee-HORIZON-JU-CLEANH2-2025-06-01,4877,1.5 Onboarding aller 40 Partner,EU-KONFORM,FALSE,PRORATA_PAYROLL,16.388690476190476,,,492.56
224,2017,2025-01-01,816,EU-KONFORM: RHYNEUP-emobilBW-One-stage-FixedFee-HORIZON-JU-CLEANH2-2025-06-01,4878,1.6 Anpassung des Projektkonzepts,EU-KONFORM,FALSE,PRORATA_PAYROLL,3.1666666666666665,,,444.58
224,2017,2025-02-01,816,EU-KONFORM: RHYNEUP-emobilBW-One-stage-FixedFee-HORIZON-JU-CLEANH2-2025-06-01,4878,1.6 Anpassung des Projektkonzepts,EU-KONFORM,FALSE,PRORATA_PAYROLL,3.7095238095238092,,,124.45
224,2017,2025-01-01,816,EU-KONFORM: RHYNEUP-emobilBW-One-stage-FixedFee-HORIZON-JU-CLEANH2-2025-06-01,4879,1.7 Bilaterale Meetings mit Koordinationsteam,EU-KONFORM,FALSE,PRORATA_PAYROLL,13.166666666666666,,,1848.53
224,2017,2025-02-01,816,EU-KONFORM: RHYNEUP-emobilBW-One-stage-FixedFee-HORIZON-JU-CLEANH2-2025-06-01,4879,1.7 Bilaterale Meetings mit Koordinationsteam,EU-KONFORM,FALSE,PRORATA_PAYROLL,40.19285714285714,,,1348.37
224,2017,2025-03-01,816,EU-KONFORM: RHYNEUP-emobilBW-One-stage-FixedFee-HORIZON-JU-CLEANH2-2025-06-01,4879,1.7 Bilaterale Meetings mit Koordinationsteam,EU-KONFORM,FALSE,PRORATA_PAYROLL,21.859523809523807,,,656.99
224,2017,2025-04-01,816,EU-KONFORM: RHYNEUP-emobilBW-One-stage-FixedFee-HORIZON-JU-CLEANH2-2025-06-01,4879,1.7 Bilaterale Meetings mit Koordinationsteam,EU-KONFORM,FALSE,PRORATA_PAYROLL,19.433333333333334,,,726.89
224,2017,2025-02-01,816,EU-KONFORM: RHYNEUP-emobilBW-One-stage-FixedFee-HORIZON-JU-CLEANH2-2025-06-01,4884,2.3 (Excellence) Methodology,EU-KONFORM,FALSE,PRORATA_PAYROLL,1.0833333333333333,,,36.34
224,2017,2025-03-01,816,EU-KONFORM: RHYNEUP-emobilBW-One-stage-FixedFee-HORIZON-JU-CLEANH2-2025-06-01,4884,2.3 (Excellence) Methodology,EU-KONFORM,FALSE,PRORATA_PAYROLL,17.017857142857142,,,511.47
224,2017,2025-04-01,816,EU-KONFORM: RHYNEUP-emobilBW-One-stage-FixedFee-HORIZON-JU-CLEANH2-2025-06-01,4884,2.3 (Excellence) Methodology,EU-KONFORM,FALSE,PRORATA_PAYROLL,5.266666666666667,,,197
224,2017,2025-02-01,816,EU-KONFORM: RHYNEUP-emobilBW-One-stage-FixedFee-HORIZON-JU-CLEANH2-2025-06-01,4886,2.5 (Impact) Measures to maximise impact,EU-KONFORM,FALSE,PRORATA_PAYROLL,2.2261904761904763,,,74.68
224,2017,2025-03-01,816,EU-KONFORM: RHYNEUP-emobilBW-One-stage-FixedFee-HORIZON-JU-CLEANH2-2025-06-01,4886,2.5 (Impact) Measures to maximise impact,EU-KONFORM,FALSE,PRORATA_PAYROLL,8.054166666666667,,,242.07
224,2017,2025-04-01,816,EU-KONFORM: RHYNEUP-emobilBW-One-stage-FixedFee-HORIZON-JU-CLEANH2-2025-06-01,4886,2.5 (Impact) Measures to maximise impact,EU-KONFORM,FALSE,PRORATA_PAYROLL,22.1,,,826.64
224,2017,2025-02-01,816,EU-KONFORM: RHYNEUP-emobilBW-One-stage-FixedFee-HORIZON-JU-CLEANH2-2025-06-01,4888,2.7 (Quality) Work plan and resources,EU-KONFORM,FALSE,PRORATA_PAYROLL,2.25,,,75.48
224,2017,2025-03-01,816,EU-KONFORM: RHYNEUP-emobilBW-One-stage-FixedFee-HORIZON-JU-CLEANH2-2025-06-01,4888,2.7 (Quality) Work plan and resources,EU-KONFORM,FALSE,PRORATA_PAYROLL,8.788690476190476,,,264.15
224,2017,2025-04-01,816,EU-KONFORM: RHYNEUP-emobilBW-One-stage-FixedFee-HORIZON-JU-CLEANH2-2025-06-01,4888,2.7 (Quality) Work plan and resources,EU-KONFORM,FALSE,PRORATA_PAYROLL,10.333333333333334,,,386.51
224,2017,2025-03-01,816,EU-KONFORM: RHYNEUP-emobilBW-One-stage-FixedFee-HORIZON-JU-CLEANH2-2025-06-01,4889,2.8 (Quality) Capacity of participants,EU-KONFORM,FALSE,PRORATA_PAYROLL,9.470833333333333,,,284.65
224,2017,2025-04-01,816,EU-KONFORM: RHYNEUP-emobilBW-One-stage-FixedFee-HORIZON-JU-CLEANH2-2025-06-01,4889,2.8 (Quality) Capacity of participants,EU-KONFORM,FALSE,PRORATA_PAYROLL,13.766666666666667,,,514.93
224,2017,2025-02-01,816,EU-KONFORM: RHYNEUP-emobilBW-One-stage-FixedFee-HORIZON-JU-CLEANH2-2025-06-01,4890,2.9 Zusätzliche Anhänge - LOIs,EU-KONFORM,FALSE,PRORATA_PAYROLL,12.792857142857144,,,429.17
224,2017,2025-03-01,816,EU-KONFORM: RHYNEUP-emobilBW-One-stage-FixedFee-HORIZON-JU-CLEANH2-2025-06-01,4890,2.9 Zusätzliche Anhänge - LOIs,EU-KONFORM,FALSE,PRORATA_PAYROLL,28.476190476190474,,,855.86
224,2017,2025-01-01,816,EU-KONFORM: RHYNEUP-emobilBW-One-stage-FixedFee-HORIZON-JU-CLEANH2-2025-06-01,4892,2.9.1 Visualisierung und Formatierung,EU-KONFORM,FALSE,PRORATA_PAYROLL,1.6666666666666667,,,233.99
224,2017,2025-03-01,816,EU-KONFORM: RHYNEUP-emobilBW-One-stage-FixedFee-HORIZON-JU-CLEANH2-2025-06-01,4892,2.9.1 Visualisierung und Formatierung,EU-KONFORM,FALSE,PRORATA_PAYROLL,3,,,90.17
224,2017,2025-04-01,816,EU-KONFORM: RHYNEUP-emobilBW-One-stage-FixedFee-HORIZON-JU-CLEANH2-2025-06-01,4892,2.9.1 Visualisierung und Formatierung,EU-KONFORM,FALSE,PRORATA_PAYROLL,2,,,74.81
224,2017,2025-03-01,816,EU-KONFORM: RHYNEUP-emobilBW-One-stage-FixedFee-HORIZON-JU-CLEANH2-2025-06-01,4896,3.2 Erstellung des Projektbudgets,EU-KONFORM,FALSE,PRORATA_PAYROLL,44.00119047619047,,,1322.46
224,2017,2025-04-01,816,EU-KONFORM: RHYNEUP-emobilBW-One-stage-FixedFee-HORIZON-JU-CLEANH2-2025-06-01,4896,3.2 Erstellung des Projektbudgets,EU-KONFORM,FALSE,PRORATA_PAYROLL,54.766666666666666,,,2048.51
224,2017,2025-02-01,816,EU-KONFORM: RHYNEUP-emobilBW-One-stage-FixedFee-HORIZON-JU-CLEANH2-2025-06-01,4897,3.3 Administrative Formulare –Part A im Participant Portal,EU-KONFORM,FALSE,PRORATA_PAYROLL,19.276190476190475,,,646.67
224,2017,2025-03-01,816,EU-KONFORM: RHYNEUP-emobilBW-One-stage-FixedFee-HORIZON-JU-CLEANH2-2025-06-01,4897,3.3 Administrative Formulare –Part A im Participant Portal,EU-KONFORM,FALSE,PRORATA_PAYROLL,13.442857142857143,,,404.03
224,2017,2025-04-01,816,EU-KONFORM: RHYNEUP-emobilBW-One-stage-FixedFee-HORIZON-JU-CLEANH2-2025-06-01,4897,3.3 Administrative Formulare –Part A im Participant Portal,EU-KONFORM,FALSE,PRORATA_PAYROLL,9.333333333333334,,,349.11
224,2016,2024-01-01,821,ExCo: SUCCESS FEE BioFibreLoop,4934,SIG Success Fee BioFibreLoop,VERRECHNUNG INTERN,FALSE,PRORATA_PAYROLL,34,,,1169.71
224,2016,2024-02-01,821,ExCo: SUCCESS FEE BioFibreLoop,4934,SIG Success Fee BioFibreLoop,VERRECHNUNG INTERN,FALSE,PRORATA_PAYROLL,38.625,,,1047.66
224,2016,2024-03-01,821,ExCo: SUCCESS FEE BioFibreLoop,4934,SIG Success Fee BioFibreLoop,VERRECHNUNG INTERN,FALSE,PRORATA_PAYROLL,39.625,,,1380.52
224,2016,2024-04-01,821,ExCo: SUCCESS FEE BioFibreLoop,4934,SIG Success Fee BioFibreLoop,VERRECHNUNG INTERN,FALSE,PRORATA_PAYROLL,22.645833333333332,,,677.97
224,2016,2024-05-01,821,ExCo: SUCCESS FEE BioFibreLoop,4934,SIG Success Fee BioFibreLoop,VERRECHNUNG INTERN,FALSE,PRORATA_PAYROLL,76.875,,,2954.3
224,2016,2024-06-01,821,ExCo: SUCCESS FEE BioFibreLoop,4934,SIG Success Fee BioFibreLoop,VERRECHNUNG INTERN,FALSE,PRORATA_PAYROLL,117.125,,,3865.02
225,2016,2024-01-01,558,AEDIB|NET (mit MwSt),3587,WP1 Project Management,H2020,FALSE,PRORATA_PAYROLL,8,,,269.88
225,2016,2024-02-01,558,AEDIB|NET (mit MwSt),3587,WP1 Project Management,H2020,FALSE,PRORATA_PAYROLL,8,,,674.71
225,2016,2024-04-01,558,AEDIB|NET (mit MwSt),3587,WP1 Project Management,H2020,FALSE,PRORATA_PAYROLL,4,,,157.53
225,2016,2024-01-01,558,AEDIB|NET (mit MwSt),3588,WP4 Creating 3 African DIHs,H2020,FALSE,PRORATA_PAYROLL,4,,,134.94
225,2016,2024-02-01,558,AEDIB|NET (mit MwSt),3588,WP4 Creating 3 African DIHs,H2020,FALSE,PRORATA_PAYROLL,12,,,1012.07
225,2016,2024-03-01,558,AEDIB|NET (mit MwSt),3588,WP4 Creating 3 African DIHs,H2020,FALSE,PRORATA_PAYROLL,19,,,660.94
225,2016,2024-04-01,558,AEDIB|NET (mit MwSt),3588,WP4 Creating 3 African DIHs,H2020,FALSE,PRORATA_PAYROLL,16,,,630.13
225,2016,2024-01-01,558,AEDIB|NET (mit MwSt),3590,WP6 Dissemination and sustainability,H2020,FALSE,PRORATA_PAYROLL,6.666666666666667,,,224.9
225,2016,2024-02-01,558,AEDIB|NET (mit MwSt),3590,WP6 Dissemination and sustainability,H2020,FALSE,PRORATA_PAYROLL,14.666666666666666,,,1236.97
225,2016,2024-03-01,558,AEDIB|NET (mit MwSt),3590,WP6 Dissemination and sustainability,H2020,FALSE,PRORATA_PAYROLL,52.666666666666664,,,1832.07
225,2016,2024-04-01,558,AEDIB|NET (mit MwSt),3590,WP6 Dissemination and sustainability,H2020,FALSE,PRORATA_PAYROLL,45,,,1772.23
225,2017,2024-07-01,677,WM KMU Unterstützung 2023-2024,4149,WM-KMU 2024,REGIONALE FÖRDERUNG,FALSE,PRORATA_PAYROLL,52,,,2563.77
225,2017,2024-08-01,677,WM KMU Unterstützung 2023-2024,4149,WM-KMU 2024,REGIONALE FÖRDERUNG,FALSE,PRORATA_PAYROLL,132,,,4441.75
225,2017,2024-09-01,677,WM KMU Unterstützung 2023-2024,4149,WM-KMU 2024,REGIONALE FÖRDERUNG,FALSE,PRORATA_PAYROLL,88,,,5011.2
225,2017,2024-10-01,677,WM KMU Unterstützung 2023-2024,4149,WM-KMU 2024,REGIONALE FÖRDERUNG,FALSE,PRORATA_PAYROLL,163,,,5027.81
225,2017,2024-11-01,677,WM KMU Unterstützung 2023-2024,4149,WM-KMU 2024,REGIONALE FÖRDERUNG,FALSE,PRORATA_PAYROLL,144,,,5922.33
225,2017,2024-12-01,677,WM KMU Unterstützung 2023-2024,4149,WM-KMU 2024,REGIONALE FÖRDERUNG,FALSE,PRORATA_PAYROLL,104,,,7917.87
225,2017,2024-05-01,762,EU-KONFORM: MRN Reg Wasserstoff,4639,WP Umsetzung MRN Reg Wasserstoff,EU-KONFORM,FALSE,PRORATA_PAYROLL,16,,,748.34
225,2017,2024-07-01,762,EU-KONFORM: MRN Reg Wasserstoff,4639,WP Umsetzung MRN Reg Wasserstoff,EU-KONFORM,FALSE,PRORATA_PAYROLL,4,,,197.21
225,2017,2024-07-01,779,TRAINING: WOIS Innovationsmanagement,4727,WOIS InnoMgt Training,TRAINING,FALSE,PRORATA_PAYROLL,14,,,690.25
225,2017,2024-08-01,779,TRAINING: WOIS Innovationsmanagement,4727,WOIS InnoMgt Training,TRAINING,FALSE,PRORATA_PAYROLL,20,,,672.99
225,2017,2024-08-01,785,EU-KONFORM: HORIZON-JU-CBE-2024-RIA-02,4747,HORIZON-JU-CBE-2024-RIA-02 Umsetzung,EU-KONFORM,FALSE,PRORATA_PAYROLL,8,,,269.2
225,2017,2024-08-01,793,EU-KONFORM: BioLINKAGE Upfront,4760,Umsetzung Biolinkage Antragstellung,EU-KONFORM,FALSE,PRORATA_PAYROLL,4,,,134.6
227,2016,2024-01-01,592,OpenLab (inkl. MwSt),3824,WP8 D&C,H2020,FALSE,PRORATA_PAYROLL,40,,,1242.78
227,2017,2024-03-01,644,TENDER: Smart Cities Marketplace 2.0,4020,DC 2024,TENDER,FALSE,PRORATA_PAYROLL,24,,,1162.86
227,2017,2024-04-01,644,TENDER: Smart Cities Marketplace 2.0,4020,DC 2024,TENDER,FALSE,PRORATA_PAYROLL,54,,,1529.06
227,2017,2024-05-01,644,TENDER: Smart Cities Marketplace 2.0,4020,DC 2024,TENDER,FALSE,PRORATA_PAYROLL,58.25,,,1986.73
227,2017,2024-06-01,644,TENDER: Smart Cities Marketplace 2.0,4020,DC 2024,TENDER,FALSE,PRORATA_PAYROLL,55.75,,,1960.71
227,2017,2024-07-01,644,TENDER: Smart Cities Marketplace 2.0,4020,DC 2024,TENDER,FALSE,PRORATA_PAYROLL,79.25,,,2126.64
227,2017,2024-08-01,644,TENDER: Smart Cities Marketplace 2.0,4020,DC 2024,TENDER,FALSE,PRORATA_PAYROLL,8,,,2757.91
227,2017,2024-09-01,644,TENDER: Smart Cities Marketplace 2.0,4020,DC 2024,TENDER,FALSE,PRORATA_PAYROLL,82.25,,,2641.49
227,2017,2024-10-01,644,TENDER: Smart Cities Marketplace 2.0,4020,DC 2024,TENDER,FALSE,PRORATA_PAYROLL,68,,,2318.86
227,2017,2024-11-01,644,TENDER: Smart Cities Marketplace 2.0,4020,DC 2024,TENDER,FALSE,PRORATA_PAYROLL,35,,,1336.01
227,2017,2024-12-01,644,TENDER: Smart Cities Marketplace 2.0,4020,DC 2024,TENDER,FALSE,PRORATA_PAYROLL,47,,,3534.93
227,2017,2025-01-01,644,TENDER: Smart Cities Marketplace 2.0,4021,DC 2025,TENDER,FALSE,PRORATA_PAYROLL,8,,,1108.09
227,2017,2025-02-01,644,TENDER: Smart Cities Marketplace 2.0,4021,DC 2025,TENDER,FALSE,PRORATA_PAYROLL,23.75,,,1859.87
227,2017,2025-03-01,644,TENDER: Smart Cities Marketplace 2.0,4021,DC 2025,TENDER,FALSE,PRORATA_PAYROLL,8,,,1108.09
227,2017,2025-04-01,644,TENDER: Smart Cities Marketplace 2.0,4021,DC 2025,TENDER,FALSE,PRORATA_PAYROLL,12.125,,,1215.89
227,2017,2025-05-01,644,TENDER: Smart Cities Marketplace 2.0,4021,DC 2025,TENDER,FALSE,PRORATA_PAYROLL,24,,,1662.13
227,2016,2024-01-01,666,TENDER: Smart Cities Marketplace 2.0: Expert Contract,4229,SmartCitiesMarketplace 2.0 Inhaltlich 2024,VERRECHNUNG INTERN,FALSE,PRORATA_PAYROLL,47.75,,,1483.56
227,2016,2024-02-01,666,TENDER: Smart Cities Marketplace 2.0: Expert Contract,4229,SmartCitiesMarketplace 2.0 Inhaltlich 2024,VERRECHNUNG INTERN,FALSE,PRORATA_PAYROLL,78.25,,,2339.78
227,2017,2024-03-01,681,TENDER: Citizen Led 1,4230,Inhaltlich 2024,TENDER,FALSE,PRORATA_PAYROLL,16,,,775.24
227,2017,2024-11-01,681,TENDER: Citizen Led 1,4230,Inhaltlich 2024,TENDER,FALSE,PRORATA_PAYROLL,52.125,,,1989.7
227,2017,2024-12-01,681,TENDER: Citizen Led 1,4230,Inhaltlich 2024,TENDER,FALSE,PRORATA_PAYROLL,29.25,,,2199.93
227,2017,2025-01-01,683,TENDER: EU Island 2.0,4184,Events 2025,TENDER,FALSE,PRORATA_PAYROLL,16,,,2216.18
227,2017,2025-02-01,683,TENDER: EU Island 2.0,4184,Events 2025,TENDER,FALSE,PRORATA_PAYROLL,23,,,1801.13
227,2017,2025-03-01,683,TENDER: EU Island 2.0,4184,Events 2025,TENDER,FALSE,PRORATA_PAYROLL,16,,,2216.18
227,2017,2025-05-01,683,TENDER: EU Island 2.0,4184,Events 2025,TENDER,FALSE,PRORATA_PAYROLL,32,,,2216.18
227,2017,2025-06-01,683,TENDER: EU Island 2.0,4184,Events 2025,TENDER,FALSE,PRORATA_PAYROLL,16,,,1846.81
227,2017,2024-03-01,683,TENDER: EU Island 2.0,4222,D+C 2024,TENDER,FALSE,PRORATA_PAYROLL,48.5,,,2349.95
227,2017,2024-04-01,683,TENDER: EU Island 2.0,4222,D+C 2024,TENDER,FALSE,PRORATA_PAYROLL,65,,,1840.54
227,2017,2024-05-01,683,TENDER: EU Island 2.0,4222,D+C 2024,TENDER,FALSE,PRORATA_PAYROLL,67.5,,,2302.22
227,2017,2024-06-01,683,TENDER: EU Island 2.0,4222,D+C 2024,TENDER,FALSE,PRORATA_PAYROLL,66,,,2321.19
227,2017,2024-07-01,683,TENDER: EU Island 2.0,4222,D+C 2024,TENDER,FALSE,PRORATA_PAYROLL,73,,,1958.92
227,2017,2024-08-01,683,TENDER: EU Island 2.0,4222,D+C 2024,TENDER,FALSE,PRORATA_PAYROLL,8,,,2757.91
227,2017,2024-09-01,683,TENDER: EU Island 2.0,4222,D+C 2024,TENDER,FALSE,PRORATA_PAYROLL,67,,,2151.73
227,2017,2024-10-01,683,TENDER: EU Island 2.0,4222,D+C 2024,TENDER,FALSE,PRORATA_PAYROLL,93.75,,,3196.96
227,2017,2024-11-01,683,TENDER: EU Island 2.0,4222,D+C 2024,TENDER,FALSE,PRORATA_PAYROLL,47.875,,,1827.47
227,2017,2024-12-01,683,TENDER: EU Island 2.0,4222,D+C 2024,TENDER,FALSE,PRORATA_PAYROLL,24.75,,,1861.48
227,2016,2024-01-01,684,TENDER: EU Island 2.0: Expert Contract,4223,Inhalt 2024,VERRECHNUNG INTERN,FALSE,PRORATA_PAYROLL,72.25,,,2244.76
227,2016,2024-02-01,684,TENDER: EU Island 2.0: Expert Contract,4223,Inhalt 2024,VERRECHNUNG INTERN,FALSE,PRORATA_PAYROLL,88,,,2631.32
227,2017,2024-03-01,750,TENDER: Citizen Led 2,4548,WP Planung 2024,TENDER,FALSE,PRORATA_PAYROLL,31.5,,,1526.26
227,2017,2024-04-01,750,TENDER: Citizen Led 2,4548,WP Planung 2024,TENDER,FALSE,PRORATA_PAYROLL,51.5,,,1458.27
227,2017,2024-05-01,750,TENDER: Citizen Led 2,4548,WP Planung 2024,TENDER,FALSE,PRORATA_PAYROLL,20,,,682.14
227,2017,2024-06-01,750,TENDER: Citizen Led 2,4548,WP Planung 2024,TENDER,FALSE,PRORATA_PAYROLL,39.5,,,1389.2
227,2017,2024-07-01,750,TENDER: Citizen Led 2,4548,WP Planung 2024,TENDER,FALSE,PRORATA_PAYROLL,33,,,885.54
227,2017,2024-09-01,750,TENDER: Citizen Led 2,4548,WP Planung 2024,TENDER,FALSE,PRORATA_PAYROLL,22.5,,,722.6
227,2017,2024-11-01,750,TENDER: Citizen Led 2,4548,WP Planung 2024,TENDER,FALSE,PRORATA_PAYROLL,9.5,,,362.63
227,2017,2024-12-01,750,TENDER: Citizen Led 2,4548,WP Planung 2024,TENDER,FALSE,PRORATA_PAYROLL,4.25,,,319.65
227,2017,2025-01-01,750,TENDER: Citizen Led 2,4549,WP Planung 2025,TENDER,FALSE,PRORATA_PAYROLL,16,,,2216.18
227,2017,2025-02-01,750,TENDER: Citizen Led 2,4549,WP Planung 2025,TENDER,FALSE,PRORATA_PAYROLL,24,,,1879.44
227,2017,2025-03-01,750,TENDER: Citizen Led 2,4549,WP Planung 2025,TENDER,FALSE,PRORATA_PAYROLL,16,,,2216.18
227,2017,2025-04-01,750,TENDER: Citizen Led 2,4549,WP Planung 2025,TENDER,FALSE,PRORATA_PAYROLL,43.125,,,4324.55
227,2017,2025-05-01,750,TENDER: Citizen Led 2,4549,WP Planung 2025,TENDER,FALSE,PRORATA_PAYROLL,24,,,1662.13
227,2017,2025-06-01,750,TENDER: Citizen Led 2,4549,WP Planung 2025,TENDER,FALSE,PRORATA_PAYROLL,32,,,3693.63
228,2016,2025-05-01,568,Hydro4U (mit MwSt),3612,"WP6 Dissemination, Communication and Exploitation",H2020,FALSE,PRORATA_PAYROLL,16.5,,,0
228,2017,2024-01-01,675,WM: Social Innovation Challenge 2.0,4136,Modul 2 - Workshops,REGIONALE FÖRDERUNG,FALSE,PRORATA_PAYROLL,50.75,,,1610.3
228,2017,2024-02-01,675,WM: Social Innovation Challenge 2.0,4136,Modul 2 - Workshops,REGIONALE FÖRDERUNG,FALSE,PRORATA_PAYROLL,9,,,1106.04
228,2017,2024-03-01,675,WM: Social Innovation Challenge 2.0,4136,Modul 2 - Workshops,REGIONALE FÖRDERUNG,FALSE,PRORATA_PAYROLL,83,,,3603.5
228,2017,2024-04-01,675,WM: Social Innovation Challenge 2.0,4136,Modul 2 - Workshops,REGIONALE FÖRDERUNG,FALSE,PRORATA_PAYROLL,64,,,2315.18
228,2017,2024-05-01,675,WM: Social Innovation Challenge 2.0,4136,Modul 2 - Workshops,REGIONALE FÖRDERUNG,FALSE,PRORATA_PAYROLL,8.25,,,369.19
228,2017,2024-01-01,675,WM: Social Innovation Challenge 2.0,4137,Modul 3 - Netzwerken,REGIONALE FÖRDERUNG,FALSE,PRORATA_PAYROLL,25.25,,,801.18
228,2017,2024-02-01,675,WM: Social Innovation Challenge 2.0,4137,Modul 3 - Netzwerken,REGIONALE FÖRDERUNG,FALSE,PRORATA_PAYROLL,4.75,,,583.74
228,2017,2024-03-01,675,WM: Social Innovation Challenge 2.0,4137,Modul 3 - Netzwerken,REGIONALE FÖRDERUNG,FALSE,PRORATA_PAYROLL,7.5,,,325.62
228,2017,2024-04-01,675,WM: Social Innovation Challenge 2.0,4137,Modul 3 - Netzwerken,REGIONALE FÖRDERUNG,FALSE,PRORATA_PAYROLL,41.25,,,1492.21
228,2017,2024-05-01,675,WM: Social Innovation Challenge 2.0,4137,Modul 3 - Netzwerken,REGIONALE FÖRDERUNG,FALSE,PRORATA_PAYROLL,39.5,,,1767.64
228,2017,2024-01-01,767,MOBILITIES: ExCo 2024,4743,"WP4 DISSEMINATION, COMMUNICATION, EXPLOITATION & CLUSTERING",VERRECHNUNG INTERN,FALSE,PRORATA_PAYROLL,29.75,,,943.97
228,2017,2024-02-01,767,MOBILITIES: ExCo 2024,4743,"WP4 DISSEMINATION, COMMUNICATION, EXPLOITATION & CLUSTERING",VERRECHNUNG INTERN,FALSE,PRORATA_PAYROLL,6.25,,,768.08
228,2017,2024-05-01,767,MOBILITIES: ExCo 2024,4743,"WP4 DISSEMINATION, COMMUNICATION, EXPLOITATION & CLUSTERING",VERRECHNUNG INTERN,FALSE,PRORATA_PAYROLL,25,,,1118.76
230,2016,2024-01-01,449,ATELIER  (o.Vst),3086,"WP10 T10.7. Digital Dissemination Materials 9,5PM",H2020,FALSE,PRORATA_PAYROLL,50,,,1793.55
230,2016,2024-02-01,449,ATELIER  (o.Vst),3086,"WP10 T10.7. Digital Dissemination Materials 9,5PM",H2020,FALSE,PRORATA_PAYROLL,63.75,,,2797.21
230,2016,2024-03-01,449,ATELIER  (o.Vst),3086,"WP10 T10.7. Digital Dissemination Materials 9,5PM",H2020,FALSE,PRORATA_PAYROLL,94.25,,,4412.04
230,2016,2024-04-01,449,ATELIER  (o.Vst),3086,"WP10 T10.7. Digital Dissemination Materials 9,5PM",H2020,FALSE,PRORATA_PAYROLL,14.5,,,455.1
230,2016,2024-04-01,532,FUSILLI (mit MwSt.),3595,"WP6 Dissemination & Communication 17,5 PM",H2020,FALSE,PRORATA_PAYROLL,101.5,,,3185.73
230,2017,2024-08-01,677,WM KMU Unterstützung 2023-2024,4149,WM-KMU 2024,REGIONALE FÖRDERUNG,FALSE,PRORATA_PAYROLL,69.25,,,2109.08
230,2017,2024-09-01,677,WM KMU Unterstützung 2023-2024,4149,WM-KMU 2024,REGIONALE FÖRDERUNG,FALSE,PRORATA_PAYROLL,53,,,2848.39
230,2017,2024-08-01,681,TENDER: Citizen Led 1,4483,Events 2024,TENDER,FALSE,PRORATA_PAYROLL,58.625,,,1785.48
230,2017,2024-10-01,681,TENDER: Citizen Led 1,4483,Events 2024,TENDER,FALSE,PRORATA_PAYROLL,10,,,295.1
230,2017,2024-07-01,686,EVENT: Netzwerktreffen MINT 2023 & 2024,4172,Netzwerktreffen 2024,EVENT,FALSE,PRORATA_PAYROLL,49.583333333333336,,,1683.37
230,2017,2024-08-01,686,EVENT: Netzwerktreffen MINT 2023 & 2024,4172,Netzwerktreffen 2024,EVENT,FALSE,PRORATA_PAYROLL,13,,,395.93
230,2017,2024-05-01,729,EVENT: OIK 2024,4482,OIK 2024 Vorbereitung 2024,EVENT,FALSE,PRORATA_PAYROLL,29.25,,,4914.32
230,2017,2024-06-01,729,EVENT: OIK 2024,4482,OIK 2024 Vorbereitung 2024,EVENT,FALSE,PRORATA_PAYROLL,57.833333333333336,,,1944.28
230,2017,2024-08-01,750,TENDER: Citizen Led 2,4548,WP Planung 2024,TENDER,FALSE,PRORATA_PAYROLL,4.125,,,125.63
230,2017,2024-06-01,775,KI-Champions Videos 2024,4707,Durchführung,BERATUNGSAUFTRAG,FALSE,PRORATA_PAYROLL,84.58333333333333,,,2843.58
230,2017,2024-07-01,775,KI-Champions Videos 2024,4707,Durchführung,BERATUNGSAUFTRAG,FALSE,PRORATA_PAYROLL,20.541666666666668,,,697.4
230,2017,2024-07-01,776,EVENT: Global Connect 2024,4710,WP Event Umsetzung,EVENT,FALSE,PRORATA_PAYROLL,15.083333333333334,,,512.09
230,2017,2024-08-01,776,EVENT: Global Connect 2024,4710,WP Event Umsetzung,EVENT,FALSE,PRORATA_PAYROLL,15,,,456.84
230,2017,2024-09-01,776,EVENT: Global Connect 2024,4710,WP Event Umsetzung,EVENT,FALSE,PRORATA_PAYROLL,39.75,,,2136.29
230,2017,2024-10-01,776,EVENT: Global Connect 2024,4710,WP Event Umsetzung,EVENT,FALSE,PRORATA_PAYROLL,32.75,,,966.47
230,2017,2024-06-01,777,EVENT: Ukrainische Delegation 2024,4711,Ukrainische Delegation Umsetzung,REGIONALE FÖRDERUNG,FALSE,PRORATA_PAYROLL,13.5,,,453.85
230,2017,2024-07-01,777,EVENT: Ukrainische Delegation 2024,4711,Ukrainische Delegation Umsetzung,REGIONALE FÖRDERUNG,FALSE,PRORATA_PAYROLL,44.708333333333336,,,1517.87
230,2017,2025-04-01,801,EVENT: 10. MINT Netzwerktreffen,4835,10. MINT Netzwerktreffen,EVENT,FALSE,PRORATA_PAYROLL,16.25,,,1616.25
230,2017,2025-05-01,801,EVENT: 10. MINT Netzwerktreffen,4835,10. MINT Netzwerktreffen,EVENT,FALSE,PRORATA_PAYROLL,57.75,,,5669.3
231,2017,2024-06-01,644,TENDER: Smart Cities Marketplace 2.0,4025,Events 2025,TENDER,FALSE,PRORATA_PAYROLL,26.625,,,1997.63
231,2017,2024-07-01,644,TENDER: Smart Cities Marketplace 2.0,4025,Events 2025,TENDER,FALSE,PRORATA_PAYROLL,17,,,831.79
231,2017,2024-09-01,644,TENDER: Smart Cities Marketplace 2.0,4025,Events 2025,TENDER,FALSE,PRORATA_PAYROLL,53.75,,,3190.24
231,2017,2024-10-01,644,TENDER: Smart Cities Marketplace 2.0,4025,Events 2025,TENDER,FALSE,PRORATA_PAYROLL,67.25,,,1733.34
231,2017,2024-11-01,644,TENDER: Smart Cities Marketplace 2.0,4025,Events 2025,TENDER,FALSE,PRORATA_PAYROLL,33.875,,,966.37
231,2017,2024-02-01,683,TENDER: EU Island 2.0,4183,Events 2024,TENDER,FALSE,PRORATA_PAYROLL,39.625,,,1086.78
231,2017,2024-04-01,683,TENDER: EU Island 2.0,4183,Events 2024,TENDER,FALSE,PRORATA_PAYROLL,18.375,,,799.81
231,2017,2024-05-01,683,TENDER: EU Island 2.0,4183,Events 2024,TENDER,FALSE,PRORATA_PAYROLL,142.25,,,5039.66
231,2017,2024-06-01,683,TENDER: EU Island 2.0,4183,Events 2024,TENDER,FALSE,PRORATA_PAYROLL,49.875,,,3742.03
231,2017,2024-07-01,683,TENDER: EU Island 2.0,4183,Events 2024,TENDER,FALSE,PRORATA_PAYROLL,54.5,,,2666.62
231,2017,2024-10-01,683,TENDER: EU Island 2.0,4183,Events 2024,TENDER,FALSE,PRORATA_PAYROLL,82,,,2113.52
231,2017,2024-11-01,683,TENDER: EU Island 2.0,4183,Events 2024,TENDER,FALSE,PRORATA_PAYROLL,95.75,,,2731.52
231,2017,2024-12-01,683,TENDER: EU Island 2.0,4183,Events 2024,TENDER,FALSE,PRORATA_PAYROLL,51.5,,,8123.15
231,2017,2025-05-01,683,TENDER: EU Island 2.0,4184,Events 2025,TENDER,FALSE,PRORATA_PAYROLL,8.5,,,5365.44
231,2017,2024-01-01,746,EVENT: EU-Forschungsförderung MWK 08.03.2024,4540,Umsetzung EVENT Forschungsförderung 8.3.24,EVENT,FALSE,PRORATA_PAYROLL,35,,,1009.37
231,2017,2024-02-01,746,EVENT: EU-Forschungsförderung MWK 08.03.2024,4540,Umsetzung EVENT Forschungsförderung 8.3.24,EVENT,FALSE,PRORATA_PAYROLL,92,,,2523.26
231,2017,2024-03-01,746,EVENT: EU-Forschungsförderung MWK 08.03.2024,4540,Umsetzung EVENT Forschungsförderung 8.3.24,EVENT,FALSE,PRORATA_PAYROLL,41.875,,,1421.82
231,2017,2024-11-01,746,EVENT: EU-Forschungsförderung MWK 08.03.2024,4540,Umsetzung EVENT Forschungsförderung 8.3.24,EVENT,FALSE,PRORATA_PAYROLL,17.875,,,509.93
231,2017,2024-02-01,751,EVENT: StaMi 4 Motoren 2024,4550,WP Planung 2024,EVENT,FALSE,PRORATA_PAYROLL,26,,,713.09
231,2017,2024-03-01,751,EVENT: StaMi 4 Motoren 2024,4550,WP Planung 2024,EVENT,FALSE,PRORATA_PAYROLL,63.125,,,2143.34
231,2017,2024-04-01,751,EVENT: StaMi 4 Motoren 2024,4550,WP Planung 2024,EVENT,FALSE,PRORATA_PAYROLL,94.125,,,4097.01
231,2017,2024-11-01,764,FUSILLI: ExCo 2024,4800,WP6,VERRECHNUNG INTERN,FALSE,PRORATA_PAYROLL,39.75,,,1133.97
278,2016,2024-01-01,409,SUSMAGPRO  (mit MwSt),2978,WP10 MGT,H2020,FALSE,PRORATA_PAYROLL,88.625,,,3600.29
278,2016,2024-02-01,449,ATELIER  (o.Vst),3086,"WP10 T10.7. Digital Dissemination Materials 9,5PM",H2020,FALSE,PRORATA_PAYROLL,13.5625,,,745.88
278,2016,2024-03-01,449,ATELIER  (o.Vst),3086,"WP10 T10.7. Digital Dissemination Materials 9,5PM",H2020,FALSE,PRORATA_PAYROLL,11.75,,,764.09
278,2016,2024-04-01,449,ATELIER  (o.Vst),3086,"WP10 T10.7. Digital Dissemination Materials 9,5PM",H2020,FALSE,PRORATA_PAYROLL,9.8,,,351.12
278,2016,2024-05-01,449,ATELIER  (o.Vst),3086,"WP10 T10.7. Digital Dissemination Materials 9,5PM",H2020,FALSE,PRORATA_PAYROLL,7.4375,,,390.58
278,2016,2024-06-01,449,ATELIER  (o.Vst),3086,"WP10 T10.7. Digital Dissemination Materials 9,5PM",H2020,FALSE,PRORATA_PAYROLL,8.375,,,381.1
278,2016,2024-07-01,449,ATELIER  (o.Vst),3086,"WP10 T10.7. Digital Dissemination Materials 9,5PM",H2020,FALSE,PRORATA_PAYROLL,9.5,,,329.02
278,2016,2024-08-01,449,ATELIER  (o.Vst),3086,"WP10 T10.7. Digital Dissemination Materials 9,5PM",H2020,FALSE,PRORATA_PAYROLL,4.785714285714286,,,423.75
278,2016,2024-09-01,449,ATELIER  (o.Vst),3086,"WP10 T10.7. Digital Dissemination Materials 9,5PM",H2020,FALSE,PRORATA_PAYROLL,9.566666666666666,,,501.9
278,2016,2024-10-01,449,ATELIER  (o.Vst),3086,"WP10 T10.7. Digital Dissemination Materials 9,5PM",H2020,FALSE,PRORATA_PAYROLL,9.833333333333334,,,459.86
278,2016,2024-12-01,449,ATELIER  (o.Vst),3086,"WP10 T10.7. Digital Dissemination Materials 9,5PM",H2020,FALSE,PRORATA_PAYROLL,11.5,,,1264.14
278,2016,2024-02-01,532,FUSILLI (mit MwSt.),3595,"WP6 Dissemination & Communication 17,5 PM",H2020,FALSE,PRORATA_PAYROLL,2,,,109.99
278,2016,2024-04-01,532,FUSILLI (mit MwSt.),3595,"WP6 Dissemination & Communication 17,5 PM",H2020,FALSE,PRORATA_PAYROLL,6.65,,,238.26
278,2016,2024-05-01,532,FUSILLI (mit MwSt.),3595,"WP6 Dissemination & Communication 17,5 PM",H2020,FALSE,PRORATA_PAYROLL,5.333333333333333,,,280.08
278,2016,2024-06-01,532,FUSILLI (mit MwSt.),3595,"WP6 Dissemination & Communication 17,5 PM",H2020,FALSE,PRORATA_PAYROLL,8.033333333333333,,,365.56
278,2016,2024-07-01,532,FUSILLI (mit MwSt.),3595,"WP6 Dissemination & Communication 17,5 PM",H2020,FALSE,PRORATA_PAYROLL,4.671428571428572,,,161.79
278,2016,2024-08-01,532,FUSILLI (mit MwSt.),3595,"WP6 Dissemination & Communication 17,5 PM",H2020,FALSE,PRORATA_PAYROLL,1.5,,,132.82
278,2016,2024-09-01,532,FUSILLI (mit MwSt.),3595,"WP6 Dissemination & Communication 17,5 PM",H2020,FALSE,PRORATA_PAYROLL,2.691666666666667,,,141.21
278,2016,2024-10-01,532,FUSILLI (mit MwSt.),3595,"WP6 Dissemination & Communication 17,5 PM",H2020,FALSE,PRORATA_PAYROLL,10.5,,,491.04
278,2016,2024-11-01,532,FUSILLI (mit MwSt.),3595,"WP6 Dissemination & Communication 17,5 PM",H2020,FALSE,PRORATA_PAYROLL,11,,,719.6
278,2016,2024-12-01,532,FUSILLI (mit MwSt.),3595,"WP6 Dissemination & Communication 17,5 PM",H2020,FALSE,PRORATA_PAYROLL,9.583333333333334,,,1053.45
278,2016,2024-02-01,532,FUSILLI (mit MwSt.),3597,WP7 Coordination 1 PM,H2020,FALSE,PRORATA_PAYROLL,2,,,109.99
278,2016,2024-04-01,532,FUSILLI (mit MwSt.),3597,WP7 Coordination 1 PM,H2020,FALSE,PRORATA_PAYROLL,7,,,250.8
278,2016,2024-05-01,532,FUSILLI (mit MwSt.),3597,WP7 Coordination 1 PM,H2020,FALSE,PRORATA_PAYROLL,3.75,,,196.93
278,2016,2024-06-01,532,FUSILLI (mit MwSt.),3597,WP7 Coordination 1 PM,H2020,FALSE,PRORATA_PAYROLL,9.4,,,427.75
278,2016,2024-07-01,532,FUSILLI (mit MwSt.),3597,WP7 Coordination 1 PM,H2020,FALSE,PRORATA_PAYROLL,6.271428571428572,,,217.2
278,2016,2024-08-01,532,FUSILLI (mit MwSt.),3597,WP7 Coordination 1 PM,H2020,FALSE,PRORATA_PAYROLL,1.0357142857142856,,,91.71
278,2016,2024-09-01,532,FUSILLI (mit MwSt.),3597,WP7 Coordination 1 PM,H2020,FALSE,PRORATA_PAYROLL,4.566666666666666,,,239.58
278,2016,2024-10-01,532,FUSILLI (mit MwSt.),3597,WP7 Coordination 1 PM,H2020,FALSE,PRORATA_PAYROLL,5.75,,,268.9
278,2016,2024-11-01,532,FUSILLI (mit MwSt.),3597,WP7 Coordination 1 PM,H2020,FALSE,PRORATA_PAYROLL,5.5,,,359.8
278,2016,2024-12-01,532,FUSILLI (mit MwSt.),3597,WP7 Coordination 1 PM,H2020,FALSE,PRORATA_PAYROLL,7.833333333333333,,,861.08
278,2016,2025-01-01,532,FUSILLI (mit MwSt.),3597,WP7 Coordination 1 PM,H2020,FALSE,PRORATA_PAYROLL,79.79166666666667,,,0
278,2016,2024-01-01,557,METABUILDING LABS (mit MwSt),3585,WP11 Management & coordination,H2020,FALSE,PRORATA_PAYROLL,2.5833333333333335,,,104.94
278,2016,2024-02-01,557,METABUILDING LABS (mit MwSt),3585,WP11 Management & coordination,H2020,FALSE,PRORATA_PAYROLL,8.125,,,446.84
278,2016,2024-03-01,557,METABUILDING LABS (mit MwSt),3585,WP11 Management & coordination,H2020,FALSE,PRORATA_PAYROLL,9.6875,,,629.97
278,2016,2024-01-01,558,AEDIB|NET (mit MwSt),3587,WP1 Project Management,H2020,FALSE,PRORATA_PAYROLL,34.125,,,1386.29
278,2016,2024-02-01,558,AEDIB|NET (mit MwSt),3587,WP1 Project Management,H2020,FALSE,PRORATA_PAYROLL,25.625,,,1409.28
278,2016,2024-03-01,558,AEDIB|NET (mit MwSt),3587,WP1 Project Management,H2020,FALSE,PRORATA_PAYROLL,27.375,,,1780.17
278,2016,2024-04-01,558,AEDIB|NET (mit MwSt),3587,WP1 Project Management,H2020,FALSE,PRORATA_PAYROLL,26.1125,,,935.56
278,2016,2024-01-01,571,FlashPhos (mit MwSt),4559,WP1 Management 2024,H2020,FALSE,PRORATA_PAYROLL,6.916666666666667,,,280.98
278,2016,2024-02-01,571,FlashPhos (mit MwSt),4559,WP1 Management 2024,H2020,FALSE,PRORATA_PAYROLL,6,,,329.98
278,2016,2024-03-01,571,FlashPhos (mit MwSt),4559,WP1 Management 2024,H2020,FALSE,PRORATA_PAYROLL,7.75,,,503.97
278,2016,2024-04-01,571,FlashPhos (mit MwSt),4559,WP1 Management 2024,H2020,FALSE,PRORATA_PAYROLL,4.1875,,,150.03
278,2016,2024-05-01,571,FlashPhos (mit MwSt),4559,WP1 Management 2024,H2020,FALSE,PRORATA_PAYROLL,9.520833333333334,,,499.99
278,2016,2024-06-01,571,FlashPhos (mit MwSt),4559,WP1 Management 2024,H2020,FALSE,PRORATA_PAYROLL,10.608333333333333,,,482.73
278,2016,2024-07-01,571,FlashPhos (mit MwSt),4559,WP1 Management 2024,H2020,FALSE,PRORATA_PAYROLL,11.938095238095238,,,413.46
278,2016,2024-08-01,571,FlashPhos (mit MwSt),4559,WP1 Management 2024,H2020,FALSE,PRORATA_PAYROLL,4.285714285714286,,,379.48
278,2016,2024-09-01,571,FlashPhos (mit MwSt),4559,WP1 Management 2024,H2020,FALSE,PRORATA_PAYROLL,13.191666666666666,,,692.08
278,2016,2024-10-01,571,FlashPhos (mit MwSt),4559,WP1 Management 2024,H2020,FALSE,PRORATA_PAYROLL,12.75,,,596.26
278,2016,2024-11-01,571,FlashPhos (mit MwSt),4559,WP1 Management 2024,H2020,FALSE,PRORATA_PAYROLL,8.166666666666666,,,534.25
278,2016,2024-12-01,571,FlashPhos (mit MwSt),4559,WP1 Management 2024,H2020,FALSE,PRORATA_PAYROLL,6.583333333333333,,,723.67
278,2016,2024-01-01,645,NanodiagBW (mit MwSt.),4034,WP1 FE Strategie - nanodiagBW - 2024,NATIONALE FÖRDERUNG,FALSE,PRORATA_PAYROLL,2.5833333333333335,,,104.94
278,2016,2024-02-01,645,NanodiagBW (mit MwSt.),4034,WP1 FE Strategie - nanodiagBW - 2024,NATIONALE FÖRDERUNG,FALSE,PRORATA_PAYROLL,9.6875,,,532.77
278,2016,2024-03-01,645,NanodiagBW (mit MwSt.),4034,WP1 FE Strategie - nanodiagBW - 2024,NATIONALE FÖRDERUNG,FALSE,PRORATA_PAYROLL,9.625,,,625.9
278,2016,2024-04-01,645,NanodiagBW (mit MwSt.),4034,WP1 FE Strategie - nanodiagBW - 2024,NATIONALE FÖRDERUNG,FALSE,PRORATA_PAYROLL,6,,,214.97
278,2016,2024-05-01,645,NanodiagBW (mit MwSt.),4034,WP1 FE Strategie - nanodiagBW - 2024,NATIONALE FÖRDERUNG,FALSE,PRORATA_PAYROLL,5.25,,,275.7
278,2016,2024-06-01,645,NanodiagBW (mit MwSt.),4034,WP1 FE Strategie - nanodiagBW - 2024,NATIONALE FÖRDERUNG,FALSE,PRORATA_PAYROLL,4.75,,,216.15
278,2016,2024-07-01,645,NanodiagBW (mit MwSt.),4034,WP1 FE Strategie - nanodiagBW - 2024,NATIONALE FÖRDERUNG,FALSE,PRORATA_PAYROLL,20.60892857142857,,,713.77
278,2016,2024-08-01,645,NanodiagBW (mit MwSt.),4034,WP1 FE Strategie - nanodiagBW - 2024,NATIONALE FÖRDERUNG,FALSE,PRORATA_PAYROLL,12.6875,,,1123.42
278,2016,2024-09-01,645,NanodiagBW (mit MwSt.),4034,WP1 FE Strategie - nanodiagBW - 2024,NATIONALE FÖRDERUNG,FALSE,PRORATA_PAYROLL,18.425,,,966.64
278,2016,2024-10-01,645,NanodiagBW (mit MwSt.),4034,WP1 FE Strategie - nanodiagBW - 2024,NATIONALE FÖRDERUNG,FALSE,PRORATA_PAYROLL,16.833333333333332,,,787.22
278,2016,2024-11-01,645,NanodiagBW (mit MwSt.),4034,WP1 FE Strategie - nanodiagBW - 2024,NATIONALE FÖRDERUNG,FALSE,PRORATA_PAYROLL,15.666666666666666,,,1024.88
278,2016,2024-12-01,645,NanodiagBW (mit MwSt.),4034,WP1 FE Strategie - nanodiagBW - 2024,NATIONALE FÖRDERUNG,FALSE,PRORATA_PAYROLL,15.833333333333334,,,1740.48
280,2016,2024-01-01,530,ISLANDER (mit MwSt),3402,WP7 REC creation,H2020,FALSE,PRORATA_PAYROLL,17.333333333333332,,,324.6
280,2016,2024-02-01,530,ISLANDER (mit MwSt),3402,WP7 REC creation,H2020,FALSE,PRORATA_PAYROLL,19.5,,,357.5
280,2016,2024-03-01,530,ISLANDER (mit MwSt),3402,WP7 REC creation,H2020,FALSE,PRORATA_PAYROLL,8,,,317.33
280,2016,2024-05-01,530,ISLANDER (mit MwSt),3402,WP7 REC creation,H2020,FALSE,PRORATA_PAYROLL,2.6666666666666665,,,122.55
280,2016,2024-08-01,530,ISLANDER (mit MwSt),3402,WP7 REC creation,H2020,FALSE,PRORATA_PAYROLL,4,,,128.51
280,2016,2024-09-01,530,ISLANDER (mit MwSt),3402,WP7 REC creation,H2020,FALSE,PRORATA_PAYROLL,4,,,142.79
280,2016,2024-11-01,530,ISLANDER (mit MwSt),3402,WP7 REC creation,H2020,FALSE,PRORATA_PAYROLL,7.5,,,240.96
280,2016,2024-02-01,530,ISLANDER (mit MwSt),3403,WP8 Showcase Borkum (T8.2),H2020,FALSE,PRORATA_PAYROLL,4,,,73.33
280,2016,2024-03-01,530,ISLANDER (mit MwSt),3403,WP8 Showcase Borkum (T8.2),H2020,FALSE,PRORATA_PAYROLL,4,,,158.66
280,2016,2024-04-01,530,ISLANDER (mit MwSt),3403,WP8 Showcase Borkum (T8.2),H2020,FALSE,PRORATA_PAYROLL,4,,,147.17
280,2016,2024-05-01,530,ISLANDER (mit MwSt),3403,WP8 Showcase Borkum (T8.2),H2020,FALSE,PRORATA_PAYROLL,5.333333333333333,,,245.09
280,2016,2024-06-01,530,ISLANDER (mit MwSt),3403,WP8 Showcase Borkum (T8.2),H2020,FALSE,PRORATA_PAYROLL,16,,,595.19
280,2016,2024-07-01,530,ISLANDER (mit MwSt),3403,WP8 Showcase Borkum (T8.2),H2020,FALSE,PRORATA_PAYROLL,6.666666666666667,,,223.88
280,2016,2024-08-01,530,ISLANDER (mit MwSt),3403,WP8 Showcase Borkum (T8.2),H2020,FALSE,PRORATA_PAYROLL,12,,,385.54
280,2016,2024-09-01,530,ISLANDER (mit MwSt),3403,WP8 Showcase Borkum (T8.2),H2020,FALSE,PRORATA_PAYROLL,4,,,142.79
280,2016,2024-10-01,530,ISLANDER (mit MwSt),3403,WP8 Showcase Borkum (T8.2),H2020,FALSE,PRORATA_PAYROLL,4,,,116.83
280,2016,2024-11-01,530,ISLANDER (mit MwSt),3403,WP8 Showcase Borkum (T8.2),H2020,FALSE,PRORATA_PAYROLL,28,,,899.6
280,2016,2024-12-01,530,ISLANDER (mit MwSt),3403,WP8 Showcase Borkum (T8.2),H2020,FALSE,PRORATA_PAYROLL,24,,,1564.89
280,2016,2025-01-01,530,ISLANDER (mit MwSt),3403,WP8 Showcase Borkum (T8.2),H2020,FALSE,PRORATA_PAYROLL,32,,,0
280,2016,2025-02-01,530,ISLANDER (mit MwSt),3403,WP8 Showcase Borkum (T8.2),H2020,FALSE,PRORATA_PAYROLL,8,,,0
280,2016,2025-03-01,530,ISLANDER (mit MwSt),3403,WP8 Showcase Borkum (T8.2),H2020,FALSE,PRORATA_PAYROLL,22.666666666666668,,,0
280,2016,2025-04-01,530,ISLANDER (mit MwSt),3403,WP8 Showcase Borkum (T8.2),H2020,FALSE,PRORATA_PAYROLL,25.5,,,0
280,2016,2025-05-01,530,ISLANDER (mit MwSt),3403,WP8 Showcase Borkum (T8.2),H2020,FALSE,PRORATA_PAYROLL,32,,,0
280,2016,2025-06-01,530,ISLANDER (mit MwSt),3403,WP8 Showcase Borkum (T8.2),H2020,FALSE,PRORATA_PAYROLL,30.666666666666668,,,0
280,2016,2024-01-01,530,ISLANDER (mit MwSt),3404,"WP9 Exploitation, dissemination",H2020,FALSE,PRORATA_PAYROLL,19.5,,,365.17
280,2016,2024-02-01,530,ISLANDER (mit MwSt),3404,"WP9 Exploitation, dissemination",H2020,FALSE,PRORATA_PAYROLL,4,,,73.33
280,2016,2024-03-01,530,ISLANDER (mit MwSt),3404,"WP9 Exploitation, dissemination",H2020,FALSE,PRORATA_PAYROLL,4,,,158.66
280,2016,2024-04-01,530,ISLANDER (mit MwSt),3404,"WP9 Exploitation, dissemination",H2020,FALSE,PRORATA_PAYROLL,4,,,147.17
280,2016,2024-06-01,530,ISLANDER (mit MwSt),3404,"WP9 Exploitation, dissemination",H2020,FALSE,PRORATA_PAYROLL,4,,,148.8
280,2016,2024-07-01,530,ISLANDER (mit MwSt),3404,"WP9 Exploitation, dissemination",H2020,FALSE,PRORATA_PAYROLL,5.333333333333333,,,179.1
280,2016,2024-09-01,530,ISLANDER (mit MwSt),3404,"WP9 Exploitation, dissemination",H2020,FALSE,PRORATA_PAYROLL,4,,,142.79
280,2016,2024-11-01,530,ISLANDER (mit MwSt),3404,"WP9 Exploitation, dissemination",H2020,FALSE,PRORATA_PAYROLL,4.5,,,144.58
280,2016,2024-12-01,530,ISLANDER (mit MwSt),3404,"WP9 Exploitation, dissemination",H2020,FALSE,PRORATA_PAYROLL,8,,,521.63
280,2016,2025-04-01,530,ISLANDER (mit MwSt),3404,"WP9 Exploitation, dissemination",H2020,FALSE,PRORATA_PAYROLL,12,,,0
280,2016,2025-05-01,530,ISLANDER (mit MwSt),3404,"WP9 Exploitation, dissemination",H2020,FALSE,PRORATA_PAYROLL,8,,,0
280,2016,2025-06-01,530,ISLANDER (mit MwSt),3404,"WP9 Exploitation, dissemination",H2020,FALSE,PRORATA_PAYROLL,12,,,0
284,2016,2024-01-01,449,ATELIER  (o.Vst),3077,WP1 Project Management 1PM,H2020,FALSE,PRORATA_PAYROLL,10,,,420.96
284,2016,2024-03-01,449,ATELIER  (o.Vst),3077,WP1 Project Management 1PM,H2020,FALSE,PRORATA_PAYROLL,14.125,,,665.03
284,2016,2024-04-01,449,ATELIER  (o.Vst),3077,WP1 Project Management 1PM,H2020,FALSE,PRORATA_PAYROLL,9.75,,,425.08
284,2016,2024-09-01,449,ATELIER  (o.Vst),3077,WP1 Project Management 1PM,H2020,FALSE,PRORATA_PAYROLL,4.25,,,282.38
284,2016,2024-11-01,449,ATELIER  (o.Vst),3077,WP1 Project Management 1PM,H2020,FALSE,PRORATA_PAYROLL,4.125,,,259.65
284,2016,2024-01-01,449,ATELIER  (o.Vst),3079,WP8 Collaboration with SCC Community 7PM,H2020,FALSE,PRORATA_PAYROLL,8.5,,,357.81
284,2016,2024-02-01,449,ATELIER  (o.Vst),3079,WP8 Collaboration with SCC Community 7PM,H2020,FALSE,PRORATA_PAYROLL,9.5,,,420.52
284,2016,2024-03-01,449,ATELIER  (o.Vst),3079,WP8 Collaboration with SCC Community 7PM,H2020,FALSE,PRORATA_PAYROLL,2.75,,,129.47
284,2016,2024-04-01,449,ATELIER  (o.Vst),3079,WP8 Collaboration with SCC Community 7PM,H2020,FALSE,PRORATA_PAYROLL,4,,,174.39
284,2016,2024-07-01,449,ATELIER  (o.Vst),3079,WP8 Collaboration with SCC Community 7PM,H2020,FALSE,PRORATA_PAYROLL,16.5,,,658.42
284,2016,2024-08-01,449,ATELIER  (o.Vst),3079,WP8 Collaboration with SCC Community 7PM,H2020,FALSE,PRORATA_PAYROLL,18.75,,,842.54
284,2016,2024-09-01,449,ATELIER  (o.Vst),3079,WP8 Collaboration with SCC Community 7PM,H2020,FALSE,PRORATA_PAYROLL,1.6,,,106.31
284,2016,2024-11-01,449,ATELIER  (o.Vst),3079,WP8 Collaboration with SCC Community 7PM,H2020,FALSE,PRORATA_PAYROLL,37,,,2329.01
284,2016,2024-12-01,449,ATELIER  (o.Vst),3079,WP8 Collaboration with SCC Community 7PM,H2020,FALSE,PRORATA_PAYROLL,4.25,,,490.37
284,2016,2025-01-01,449,ATELIER  (o.Vst),3080,"WP10 Communication, Dissemination & Exploitation",H2020,FALSE,PRORATA_PAYROLL,8,,,0
284,2016,2025-02-01,449,ATELIER  (o.Vst),3080,"WP10 Communication, Dissemination & Exploitation",H2020,FALSE,PRORATA_PAYROLL,17,,,0
284,2016,2024-01-01,449,ATELIER  (o.Vst),3085,WP10 T10.6. Printed Dissemination Materials 3PM,H2020,FALSE,PRORATA_PAYROLL,6.708333333333333,,,282.39
284,2016,2024-02-01,449,ATELIER  (o.Vst),3085,WP10 T10.6. Printed Dissemination Materials 3PM,H2020,FALSE,PRORATA_PAYROLL,13.625,,,603.12
284,2016,2024-03-01,449,ATELIER  (o.Vst),3085,WP10 T10.6. Printed Dissemination Materials 3PM,H2020,FALSE,PRORATA_PAYROLL,8.5,,,400.19
284,2016,2024-04-01,449,ATELIER  (o.Vst),3085,WP10 T10.6. Printed Dissemination Materials 3PM,H2020,FALSE,PRORATA_PAYROLL,20.875,,,910.11
284,2016,2024-06-01,449,ATELIER  (o.Vst),3085,WP10 T10.6. Printed Dissemination Materials 3PM,H2020,FALSE,PRORATA_PAYROLL,21.25,,,1042.65
284,2016,2024-07-01,449,ATELIER  (o.Vst),3085,WP10 T10.6. Printed Dissemination Materials 3PM,H2020,FALSE,PRORATA_PAYROLL,14.666666666666666,,,585.26
284,2016,2024-08-01,449,ATELIER  (o.Vst),3085,WP10 T10.6. Printed Dissemination Materials 3PM,H2020,FALSE,PRORATA_PAYROLL,8.5,,,381.95
284,2016,2024-09-01,449,ATELIER  (o.Vst),3085,WP10 T10.6. Printed Dissemination Materials 3PM,H2020,FALSE,PRORATA_PAYROLL,18.1,,,1202.62
284,2016,2024-12-01,449,ATELIER  (o.Vst),3085,WP10 T10.6. Printed Dissemination Materials 3PM,H2020,FALSE,PRORATA_PAYROLL,4.25,,,490.37
284,2016,2024-01-01,532,FUSILLI (mit MwSt.),3595,"WP6 Dissemination & Communication 17,5 PM",H2020,FALSE,PRORATA_PAYROLL,11.333333333333334,,,477.09
284,2016,2024-02-01,532,FUSILLI (mit MwSt.),3595,"WP6 Dissemination & Communication 17,5 PM",H2020,FALSE,PRORATA_PAYROLL,3,,,132.8
284,2016,2024-03-01,532,FUSILLI (mit MwSt.),3595,"WP6 Dissemination & Communication 17,5 PM",H2020,FALSE,PRORATA_PAYROLL,2.75,,,129.47
284,2016,2024-04-01,532,FUSILLI (mit MwSt.),3595,"WP6 Dissemination & Communication 17,5 PM",H2020,FALSE,PRORATA_PAYROLL,2.75,,,119.89
284,2016,2024-05-01,532,FUSILLI (mit MwSt.),3595,"WP6 Dissemination & Communication 17,5 PM",H2020,FALSE,PRORATA_PAYROLL,2.375,,,422.68
284,2016,2024-06-01,532,FUSILLI (mit MwSt.),3595,"WP6 Dissemination & Communication 17,5 PM",H2020,FALSE,PRORATA_PAYROLL,3.625,,,177.86
284,2016,2024-07-01,532,FUSILLI (mit MwSt.),3595,"WP6 Dissemination & Communication 17,5 PM",H2020,FALSE,PRORATA_PAYROLL,2.6666666666666665,,,106.41
284,2016,2024-08-01,532,FUSILLI (mit MwSt.),3595,"WP6 Dissemination & Communication 17,5 PM",H2020,FALSE,PRORATA_PAYROLL,2.6666666666666665,,,119.83
284,2016,2024-09-01,532,FUSILLI (mit MwSt.),3595,"WP6 Dissemination & Communication 17,5 PM",H2020,FALSE,PRORATA_PAYROLL,1.6,,,106.31
284,2016,2024-12-01,532,FUSILLI (mit MwSt.),3595,"WP6 Dissemination & Communication 17,5 PM",H2020,FALSE,PRORATA_PAYROLL,77.5,,,8942.01
284,2016,2024-01-01,568,Hydro4U (mit MwSt),3612,"WP6 Dissemination, Communication and Exploitation",H2020,FALSE,PRORATA_PAYROLL,2.9166666666666665,,,122.78
284,2016,2024-02-01,568,Hydro4U (mit MwSt),3612,"WP6 Dissemination, Communication and Exploitation",H2020,FALSE,PRORATA_PAYROLL,4.5,,,199.2
284,2016,2024-03-01,568,Hydro4U (mit MwSt),3612,"WP6 Dissemination, Communication and Exploitation",H2020,FALSE,PRORATA_PAYROLL,4.125,,,194.21
284,2016,2024-04-01,568,Hydro4U (mit MwSt),3612,"WP6 Dissemination, Communication and Exploitation",H2020,FALSE,PRORATA_PAYROLL,4.5,,,196.19
284,2016,2024-05-01,568,Hydro4U (mit MwSt),3612,"WP6 Dissemination, Communication and Exploitation",H2020,FALSE,PRORATA_PAYROLL,4.125,,,734.13
284,2016,2024-06-01,568,Hydro4U (mit MwSt),3612,"WP6 Dissemination, Communication and Exploitation",H2020,FALSE,PRORATA_PAYROLL,8,,,392.53
284,2016,2024-07-01,568,Hydro4U (mit MwSt),3612,"WP6 Dissemination, Communication and Exploitation",H2020,FALSE,PRORATA_PAYROLL,12.25,,,488.83
284,2016,2025-01-01,568,Hydro4U (mit MwSt),3612,"WP6 Dissemination, Communication and Exploitation",H2020,FALSE,PRORATA_PAYROLL,25.75,,,0
284,2016,2024-01-01,592,OpenLab (inkl. MwSt),3824,WP8 D&C,H2020,FALSE,PRORATA_PAYROLL,5.5,,,231.53
284,2016,2024-02-01,592,OpenLab (inkl. MwSt),3824,WP8 D&C,H2020,FALSE,PRORATA_PAYROLL,3,,,132.8
284,2016,2024-03-01,592,OpenLab (inkl. MwSt),3824,WP8 D&C,H2020,FALSE,PRORATA_PAYROLL,2.8333333333333335,,,133.4
284,2016,2024-05-01,592,OpenLab (inkl. MwSt),3824,WP8 D&C,H2020,FALSE,PRORATA_PAYROLL,6.958333333333333,,,1238.38
284,2016,2024-06-01,592,OpenLab (inkl. MwSt),3824,WP8 D&C,H2020,FALSE,PRORATA_PAYROLL,3.75,,,184
284,2016,2024-07-01,592,OpenLab (inkl. MwSt),3824,WP8 D&C,H2020,FALSE,PRORATA_PAYROLL,12.75,,,508.78
284,2016,2024-08-01,592,OpenLab (inkl. MwSt),3824,WP8 D&C,H2020,FALSE,PRORATA_PAYROLL,7.25,,,325.78
284,2016,2024-09-01,592,OpenLab (inkl. MwSt),3824,WP8 D&C,H2020,FALSE,PRORATA_PAYROLL,8.25,,,548.16
284,2016,2024-10-01,592,OpenLab (inkl. MwSt),3824,WP8 D&C,H2020,FALSE,PRORATA_PAYROLL,8.25,,,409.15
284,2016,2024-11-01,592,OpenLab (inkl. MwSt),3824,WP8 D&C,H2020,FALSE,PRORATA_PAYROLL,3.875,,,243.92
284,2016,2024-01-01,592,OpenLab (inkl. MwSt),3877,WP9 Management,H2020,FALSE,PRORATA_PAYROLL,2.9166666666666665,,,122.78
284,2016,2024-02-01,592,OpenLab (inkl. MwSt),3877,WP9 Management,H2020,FALSE,PRORATA_PAYROLL,3,,,132.8
284,2016,2024-03-01,592,OpenLab (inkl. MwSt),3877,WP9 Management,H2020,FALSE,PRORATA_PAYROLL,2.8333333333333335,,,133.4
284,2016,2024-04-01,592,OpenLab (inkl. MwSt),3877,WP9 Management,H2020,FALSE,PRORATA_PAYROLL,4.25,,,185.29
284,2016,2024-05-01,592,OpenLab (inkl. MwSt),3877,WP9 Management,H2020,FALSE,PRORATA_PAYROLL,2.8333333333333335,,,504.25
284,2016,2024-06-01,592,OpenLab (inkl. MwSt),3877,WP9 Management,H2020,FALSE,PRORATA_PAYROLL,3.75,,,184
284,2016,2024-11-01,592,OpenLab (inkl. MwSt),3877,WP9 Management,H2020,FALSE,PRORATA_PAYROLL,3.875,,,243.92
284,2016,2024-03-01,768,EVERY1: ExCo 2024,4662,WP5 Maximising impact,VERRECHNUNG INTERN,FALSE,PRORATA_PAYROLL,18.5,,,871.01
289,2016,2024-03-01,532,FUSILLI (mit MwSt.),3593,WP4 Investment Infrastructure 1 PM,H2020,FALSE,PRORATA_PAYROLL,10,,,415.15
289,2016,2024-05-01,532,FUSILLI (mit MwSt.),3593,WP4 Investment Infrastructure 1 PM,H2020,FALSE,PRORATA_PAYROLL,6.25,,,243.11
289,2016,2024-03-01,532,FUSILLI (mit MwSt.),3594,"WP5 Cooperation 3,5 PM",H2020,FALSE,PRORATA_PAYROLL,16,,,664.24
289,2016,2024-06-01,532,FUSILLI (mit MwSt.),3594,"WP5 Cooperation 3,5 PM",H2020,FALSE,PRORATA_PAYROLL,4.25,,,243.2
289,2016,2024-09-01,532,FUSILLI (mit MwSt.),3594,"WP5 Cooperation 3,5 PM",H2020,FALSE,PRORATA_PAYROLL,27.375,,,1124.05
289,2016,2024-01-01,532,FUSILLI (mit MwSt.),3596,WP6 Exploitation 13 PM,H2020,FALSE,PRORATA_PAYROLL,87.25,,,3659.96
289,2016,2024-02-01,532,FUSILLI (mit MwSt.),3596,WP6 Exploitation 13 PM,H2020,FALSE,PRORATA_PAYROLL,96.5,,,3469.69
289,2016,2024-03-01,532,FUSILLI (mit MwSt.),3596,WP6 Exploitation 13 PM,H2020,FALSE,PRORATA_PAYROLL,58.25,,,2418.24
289,2016,2024-05-01,532,FUSILLI (mit MwSt.),3596,WP6 Exploitation 13 PM,H2020,FALSE,PRORATA_PAYROLL,38.75,,,1507.3
289,2016,2024-06-01,532,FUSILLI (mit MwSt.),3596,WP6 Exploitation 13 PM,H2020,FALSE,PRORATA_PAYROLL,11.25,,,643.76
289,2016,2024-07-01,532,FUSILLI (mit MwSt.),3596,WP6 Exploitation 13 PM,H2020,FALSE,PRORATA_PAYROLL,14.25,,,888.04
289,2016,2024-08-01,532,FUSILLI (mit MwSt.),3596,WP6 Exploitation 13 PM,H2020,FALSE,PRORATA_PAYROLL,18.125,,,839.14
289,2016,2024-09-01,532,FUSILLI (mit MwSt.),3596,WP6 Exploitation 13 PM,H2020,FALSE,PRORATA_PAYROLL,86.625,,,3556.91
289,2017,2024-10-01,593,RESTORE,3848,WP6 Exploitation and Business Model Development 15PM,H2020,FALSE,PRORATA_PAYROLL,94.975,,,3337.7
289,2017,2024-11-01,593,RESTORE,3848,WP6 Exploitation and Business Model Development 15PM,H2020,FALSE,PRORATA_PAYROLL,52,,,2995.7
289,2017,2024-12-01,593,RESTORE,3848,WP6 Exploitation and Business Model Development 15PM,H2020,FALSE,PRORATA_PAYROLL,42.708333333333336,,,2989.72
289,2017,2025-01-01,593,RESTORE,3848,WP6 Exploitation and Business Model Development 15PM,H2020,FALSE,PRORATA_PAYROLL,101,,,4336.61
289,2017,2025-02-01,593,RESTORE,3848,WP6 Exploitation and Business Model Development 15PM,H2020,FALSE,PRORATA_PAYROLL,63.625,,,2988.83
289,2017,2025-03-01,593,RESTORE,3848,WP6 Exploitation and Business Model Development 15PM,H2020,FALSE,PRORATA_PAYROLL,48.25,,,2183.88
289,2017,2025-04-01,593,RESTORE,3848,WP6 Exploitation and Business Model Development 15PM,H2020,FALSE,PRORATA_PAYROLL,10.375,,,676.88
289,2017,2025-02-01,593,RESTORE,3851,WP8 Coordination and Management 1PM,H2020,FALSE,PRORATA_PAYROLL,14.75,,,692.89
289,2017,2025-03-01,593,RESTORE,3851,WP8 Coordination and Management 1PM,H2020,FALSE,PRORATA_PAYROLL,12,,,543.14
289,2017,2025-04-01,593,RESTORE,3851,WP8 Coordination and Management 1PM,H2020,FALSE,PRORATA_PAYROLL,3.25,,,212.03
289,2017,2024-10-01,593,RESTORE,3852,WP5 EU-wide replication 2PM,H2020,FALSE,PRORATA_PAYROLL,15.725,,,552.62
289,2017,2024-11-01,593,RESTORE,3852,WP5 EU-wide replication 2PM,H2020,FALSE,PRORATA_PAYROLL,13.25,,,763.33
289,2017,2024-12-01,593,RESTORE,3852,WP5 EU-wide replication 2PM,H2020,FALSE,PRORATA_PAYROLL,44.708333333333336,,,3129.73
289,2017,2025-01-01,593,RESTORE,3852,WP5 EU-wide replication 2PM,H2020,FALSE,PRORATA_PAYROLL,18.375,,,788.96
289,2017,2025-02-01,593,RESTORE,3852,WP5 EU-wide replication 2PM,H2020,FALSE,PRORATA_PAYROLL,24.25,,,1139.16
289,2017,2025-03-01,593,RESTORE,3852,WP5 EU-wide replication 2PM,H2020,FALSE,PRORATA_PAYROLL,28.875,,,1306.93
289,2017,2025-04-01,593,RESTORE,3852,WP5 EU-wide replication 2PM,H2020,FALSE,PRORATA_PAYROLL,3.125,,,203.88
289,2017,2024-10-01,593,RESTORE,3856,WP7 Communication & Dissemination 3PM,H2020,FALSE,PRORATA_PAYROLL,16.25,,,571.07
289,2017,2024-12-01,593,RESTORE,3856,WP7 Communication & Dissemination 3PM,H2020,FALSE,PRORATA_PAYROLL,3.3333333333333335,,,233.34
289,2017,2025-01-01,593,RESTORE,3856,WP7 Communication & Dissemination 3PM,H2020,FALSE,PRORATA_PAYROLL,14.375,,,617.22
289,2017,2025-02-01,593,RESTORE,3856,WP7 Communication & Dissemination 3PM,H2020,FALSE,PRORATA_PAYROLL,19.625,,,921.9
289,2017,2025-03-01,593,RESTORE,3856,WP7 Communication & Dissemination 3PM,H2020,FALSE,PRORATA_PAYROLL,11.25,,,509.19
289,2017,2025-04-01,593,RESTORE,3856,WP7 Communication & Dissemination 3PM,H2020,FALSE,PRORATA_PAYROLL,4,,,260.96
289,2016,2024-03-01,603,SOPHIA (inkl. MwSt),3965,WP7 ESIA and business models,H2020,FALSE,PRORATA_PAYROLL,26.75,,,1110.52
289,2016,2024-04-01,603,SOPHIA (inkl. MwSt),3965,WP7 ESIA and business models,H2020,FALSE,PRORATA_PAYROLL,115.5,,,4927.14
289,2016,2024-05-01,603,SOPHIA (inkl. MwSt),3965,WP7 ESIA and business models,H2020,FALSE,PRORATA_PAYROLL,84.75,,,3296.62
289,2016,2024-06-01,603,SOPHIA (inkl. MwSt),3965,WP7 ESIA and business models,H2020,FALSE,PRORATA_PAYROLL,87.75,,,5021.34
289,2016,2024-07-01,603,SOPHIA (inkl. MwSt),3965,WP7 ESIA and business models,H2020,FALSE,PRORATA_PAYROLL,61.5,,,3832.61
289,2016,2024-08-01,603,SOPHIA (inkl. MwSt),3965,WP7 ESIA and business models,H2020,FALSE,PRORATA_PAYROLL,105.375,,,4878.61
289,2016,2024-09-01,603,SOPHIA (inkl. MwSt),3965,WP7 ESIA and business models,H2020,FALSE,PRORATA_PAYROLL,13.125,,,538.93
289,2017,2024-11-01,764,FUSILLI: ExCo 2024,4800,WP6,VERRECHNUNG INTERN,FALSE,PRORATA_PAYROLL,34,,,1958.73
289,2017,2024-10-01,766,MULTICLIMACT: ExCo 2024,4799,WP12 CDE Phase 2,VERRECHNUNG INTERN,FALSE,PRORATA_PAYROLL,35.75,,,1256.36
294,2016,2025-01-01,449,ATELIER  (o.Vst),3077,WP1 Project Management 1PM,H2020,FALSE,PRORATA_PAYROLL,2.6666666666666665,,,0
294,2016,2025-03-01,449,ATELIER  (o.Vst),3077,WP1 Project Management 1PM,H2020,FALSE,PRORATA_PAYROLL,3.7,,,0
294,2016,2025-04-01,449,ATELIER  (o.Vst),3077,WP1 Project Management 1PM,H2020,FALSE,PRORATA_PAYROLL,11.1625,,,0
294,2016,2025-05-01,449,ATELIER  (o.Vst),3077,WP1 Project Management 1PM,H2020,FALSE,PRORATA_PAYROLL,6.458333333333333,,,0
294,2016,2025-01-01,449,ATELIER  (o.Vst),3080,"WP10 Communication, Dissemination & Exploitation",H2020,FALSE,PRORATA_PAYROLL,4.9375,,,0
294,2016,2025-02-01,449,ATELIER  (o.Vst),3080,"WP10 Communication, Dissemination & Exploitation",H2020,FALSE,PRORATA_PAYROLL,14.5,,,0
294,2016,2025-03-01,449,ATELIER  (o.Vst),3080,"WP10 Communication, Dissemination & Exploitation",H2020,FALSE,PRORATA_PAYROLL,29.533333333333335,,,0
294,2016,2025-04-01,449,ATELIER  (o.Vst),3080,"WP10 Communication, Dissemination & Exploitation",H2020,FALSE,PRORATA_PAYROLL,23.458333333333332,,,0
294,2016,2024-01-01,449,ATELIER  (o.Vst),3083,WP10 T10.3 Support exploitation impact 7PM,H2020,FALSE,PRORATA_PAYROLL,12.875,,,615.96
294,2016,2024-02-01,449,ATELIER  (o.Vst),3083,WP10 T10.3 Support exploitation impact 7PM,H2020,FALSE,PRORATA_PAYROLL,12.833333333333334,,,509.92
294,2016,2024-03-01,449,ATELIER  (o.Vst),3083,WP10 T10.3 Support exploitation impact 7PM,H2020,FALSE,PRORATA_PAYROLL,11.375,,,555.41
294,2016,2024-04-01,449,ATELIER  (o.Vst),3083,WP10 T10.3 Support exploitation impact 7PM,H2020,FALSE,PRORATA_PAYROLL,16.208333333333332,,,590.48
294,2016,2024-05-01,449,ATELIER  (o.Vst),3083,WP10 T10.3 Support exploitation impact 7PM,H2020,FALSE,PRORATA_PAYROLL,16.75,,,877.57
294,2016,2024-06-01,449,ATELIER  (o.Vst),3083,WP10 T10.3 Support exploitation impact 7PM,H2020,FALSE,PRORATA_PAYROLL,18.3125,,,891.28
294,2016,2024-07-01,449,ATELIER  (o.Vst),3083,WP10 T10.3 Support exploitation impact 7PM,H2020,FALSE,PRORATA_PAYROLL,13.433333333333334,,,432.23
294,2016,2024-08-01,449,ATELIER  (o.Vst),3083,WP10 T10.3 Support exploitation impact 7PM,H2020,FALSE,PRORATA_PAYROLL,13.166666666666666,,,858.97
294,2016,2024-09-01,449,ATELIER  (o.Vst),3083,WP10 T10.3 Support exploitation impact 7PM,H2020,FALSE,PRORATA_PAYROLL,24.354166666666668,,,1211.54
294,2016,2024-10-01,449,ATELIER  (o.Vst),3083,WP10 T10.3 Support exploitation impact 7PM,H2020,FALSE,PRORATA_PAYROLL,11.979166666666666,,,605.67
294,2016,2024-11-01,449,ATELIER  (o.Vst),3083,WP10 T10.3 Support exploitation impact 7PM,H2020,FALSE,PRORATA_PAYROLL,20.166666666666668,,,814.71
294,2016,2024-12-01,449,ATELIER  (o.Vst),3083,WP10 T10.3 Support exploitation impact 7PM,H2020,FALSE,PRORATA_PAYROLL,10.420833333333333,,,1364.41
294,2016,2024-01-01,568,Hydro4U (mit MwSt),3612,"WP6 Dissemination, Communication and Exploitation",H2020,FALSE,PRORATA_PAYROLL,9,,,430.57
294,2016,2024-02-01,568,Hydro4U (mit MwSt),3612,"WP6 Dissemination, Communication and Exploitation",H2020,FALSE,PRORATA_PAYROLL,31.25,,,1241.68
294,2016,2024-03-01,568,Hydro4U (mit MwSt),3612,"WP6 Dissemination, Communication and Exploitation",H2020,FALSE,PRORATA_PAYROLL,31.5,,,1538.07
294,2016,2024-04-01,568,Hydro4U (mit MwSt),3612,"WP6 Dissemination, Communication and Exploitation",H2020,FALSE,PRORATA_PAYROLL,28.833333333333332,,,1050.42
294,2016,2024-05-01,568,Hydro4U (mit MwSt),3612,"WP6 Dissemination, Communication and Exploitation",H2020,FALSE,PRORATA_PAYROLL,12.75,,,668
294,2016,2024-06-01,568,Hydro4U (mit MwSt),3612,"WP6 Dissemination, Communication and Exploitation",H2020,FALSE,PRORATA_PAYROLL,22.229166666666668,,,1081.91
294,2016,2024-07-01,568,Hydro4U (mit MwSt),3612,"WP6 Dissemination, Communication and Exploitation",H2020,FALSE,PRORATA_PAYROLL,51.4125,,,1654.24
294,2016,2024-08-01,568,Hydro4U (mit MwSt),3612,"WP6 Dissemination, Communication and Exploitation",H2020,FALSE,PRORATA_PAYROLL,20.041666666666668,,,1307.48
294,2016,2024-09-01,568,Hydro4U (mit MwSt),3612,"WP6 Dissemination, Communication and Exploitation",H2020,FALSE,PRORATA_PAYROLL,37.104166666666664,,,1845.81
294,2016,2024-10-01,568,Hydro4U (mit MwSt),3612,"WP6 Dissemination, Communication and Exploitation",H2020,FALSE,PRORATA_PAYROLL,33.4375,,,1690.62
294,2016,2024-11-01,568,Hydro4U (mit MwSt),3612,"WP6 Dissemination, Communication and Exploitation",H2020,FALSE,PRORATA_PAYROLL,40.75,,,1646.26
294,2016,2024-12-01,568,Hydro4U (mit MwSt),3612,"WP6 Dissemination, Communication and Exploitation",H2020,FALSE,PRORATA_PAYROLL,21.670833333333334,,,2837.38
294,2016,2025-01-01,568,Hydro4U (mit MwSt),3612,"WP6 Dissemination, Communication and Exploitation",H2020,FALSE,PRORATA_PAYROLL,23.1875,,,0
294,2016,2025-02-01,568,Hydro4U (mit MwSt),3612,"WP6 Dissemination, Communication and Exploitation",H2020,FALSE,PRORATA_PAYROLL,5.333333333333333,,,0
294,2016,2025-03-01,568,Hydro4U (mit MwSt),3612,"WP6 Dissemination, Communication and Exploitation",H2020,FALSE,PRORATA_PAYROLL,37.61666666666667,,,0
294,2016,2025-04-01,568,Hydro4U (mit MwSt),3612,"WP6 Dissemination, Communication and Exploitation",H2020,FALSE,PRORATA_PAYROLL,28.204166666666666,,,0
294,2016,2025-05-01,568,Hydro4U (mit MwSt),3612,"WP6 Dissemination, Communication and Exploitation",H2020,FALSE,PRORATA_PAYROLL,5.216666666666667,,,0
294,2016,2024-01-01,568,Hydro4U (mit MwSt),3613,WP7 Project management,H2020,FALSE,PRORATA_PAYROLL,11.875,,,568.11
294,2016,2024-02-01,568,Hydro4U (mit MwSt),3613,WP7 Project management,H2020,FALSE,PRORATA_PAYROLL,3.1666666666666665,,,125.82
294,2016,2024-03-01,568,Hydro4U (mit MwSt),3613,WP7 Project management,H2020,FALSE,PRORATA_PAYROLL,6.5,,,317.38
294,2016,2024-04-01,568,Hydro4U (mit MwSt),3613,WP7 Project management,H2020,FALSE,PRORATA_PAYROLL,13.458333333333334,,,490.3
294,2016,2024-05-01,568,Hydro4U (mit MwSt),3613,WP7 Project management,H2020,FALSE,PRORATA_PAYROLL,17.875,,,936.52
294,2016,2024-06-01,568,Hydro4U (mit MwSt),3613,WP7 Project management,H2020,FALSE,PRORATA_PAYROLL,15.208333333333334,,,740.2
294,2016,2024-07-01,568,Hydro4U (mit MwSt),3613,WP7 Project management,H2020,FALSE,PRORATA_PAYROLL,29.433333333333334,,,947.04
294,2016,2024-08-01,568,Hydro4U (mit MwSt),3613,WP7 Project management,H2020,FALSE,PRORATA_PAYROLL,1.875,,,122.32
294,2016,2024-10-01,568,Hydro4U (mit MwSt),3613,WP7 Project management,H2020,FALSE,PRORATA_PAYROLL,3,,,151.68
294,2016,2024-11-01,568,Hydro4U (mit MwSt),3613,WP7 Project management,H2020,FALSE,PRORATA_PAYROLL,2,,,80.8
294,2016,2024-12-01,568,Hydro4U (mit MwSt),3613,WP7 Project management,H2020,FALSE,PRORATA_PAYROLL,1.65,,,216.04
294,2016,2025-01-01,568,Hydro4U (mit MwSt),3613,WP7 Project management,H2020,FALSE,PRORATA_PAYROLL,6.916666666666667,,,0
294,2016,2025-03-01,568,Hydro4U (mit MwSt),3613,WP7 Project management,H2020,FALSE,PRORATA_PAYROLL,2.0625,,,0
294,2016,2025-04-01,568,Hydro4U (mit MwSt),3613,WP7 Project management,H2020,FALSE,PRORATA_PAYROLL,13.9125,,,0
294,2016,2025-05-01,568,Hydro4U (mit MwSt),3613,WP7 Project management,H2020,FALSE,PRORATA_PAYROLL,9.208333333333334,,,0
295,2017,2024-10-01,799,Aerosolfd: ExCo 2024,4810,WP7,VERRECHNUNG INTERN,FALSE,PRORATA_PAYROLL,32,,,1224.62
296,2016,2024-04-01,532,FUSILLI (mit MwSt.),3595,"WP6 Dissemination & Communication 17,5 PM",H2020,FALSE,PRORATA_PAYROLL,76.5,,,2271.31
296,2016,2024-05-01,532,FUSILLI (mit MwSt.),3595,"WP6 Dissemination & Communication 17,5 PM",H2020,FALSE,PRORATA_PAYROLL,84.5,,,2963.53
296,2016,2024-06-01,562,COSMHYC DEMO (mit MwSt),4572,WP7 ComDissExp 2024 - DEMO,H2020,FALSE,PRORATA_PAYROLL,4.125,,,124.38
296,2016,2024-04-01,568,Hydro4U (mit MwSt),3612,"WP6 Dissemination, Communication and Exploitation",H2020,FALSE,PRORATA_PAYROLL,9,,,267.21
296,2017,2025-01-01,816,EU-KONFORM: RHYNEUP-emobilBW-One-stage-FixedFee-HORIZON-JU-CLEANH2-2025-06-01,4892,2.9.1 Visualisierung und Formatierung,EU-KONFORM,FALSE,PRORATA_PAYROLL,61,,,4674.1
296,2017,2025-02-01,816,EU-KONFORM: RHYNEUP-emobilBW-One-stage-FixedFee-HORIZON-JU-CLEANH2-2025-06-01,4892,2.9.1 Visualisierung und Formatierung,EU-KONFORM,FALSE,PRORATA_PAYROLL,24,,,4674.1
296,2017,2025-03-01,816,EU-KONFORM: RHYNEUP-emobilBW-One-stage-FixedFee-HORIZON-JU-CLEANH2-2025-06-01,4892,2.9.1 Visualisierung und Formatierung,EU-KONFORM,FALSE,PRORATA_PAYROLL,42.25,,,4674.1
296,2017,2025-04-01,816,EU-KONFORM: RHYNEUP-emobilBW-One-stage-FixedFee-HORIZON-JU-CLEANH2-2025-06-01,4892,2.9.1 Visualisierung und Formatierung,EU-KONFORM,FALSE,PRORATA_PAYROLL,114.5,,,4674.1
297,2016,2024-11-01,532,FUSILLI (mit MwSt.),3594,"WP5 Cooperation 3,5 PM",H2020,FALSE,PRORATA_PAYROLL,45.125,,,1528.87
297,2017,2024-04-01,765,SMARTeeStory: ExCo 2024,4659,WP D&C 2024,VERRECHNUNG INTERN,FALSE,PRORATA_PAYROLL,27.25,,,893.26
297,2017,2024-05-01,815,FUSILLI: Secondment,4870,"WP6 Dissemination & Communication 17,5 PM (Secondment)",H2020,FALSE,PRORATA_PAYROLL,43.458333333333336,,,1548.74
297,2017,2024-08-01,815,FUSILLI: Secondment,4870,"WP6 Dissemination & Communication 17,5 PM (Secondment)",H2020,FALSE,PRORATA_PAYROLL,118,,,3670.13
297,2017,2024-09-01,815,FUSILLI: Secondment,4870,"WP6 Dissemination & Communication 17,5 PM (Secondment)",H2020,FALSE,PRORATA_PAYROLL,121,,,5310.8
297,2017,2024-10-01,815,FUSILLI: Secondment,4870,"WP6 Dissemination & Communication 17,5 PM (Secondment)",H2020,FALSE,PRORATA_PAYROLL,162,,,5310.8
298,2016,2024-04-01,592,OpenLab (inkl. MwSt),3824,WP8 D&C,H2020,FALSE,PRORATA_PAYROLL,15.5,,,561.58
298,2016,2024-06-01,592,OpenLab (inkl. MwSt),3824,WP8 D&C,H2020,FALSE,PRORATA_PAYROLL,48,,,1606.99
298,2016,2024-07-01,592,OpenLab (inkl. MwSt),3824,WP8 D&C,H2020,FALSE,PRORATA_PAYROLL,14.25,,,400.32
298,2016,2024-08-01,592,OpenLab (inkl. MwSt),3824,WP8 D&C,H2020,FALSE,PRORATA_PAYROLL,15.25,,,496.87
298,2016,2024-09-01,592,OpenLab (inkl. MwSt),3824,WP8 D&C,H2020,FALSE,PRORATA_PAYROLL,7,,,236.04
298,2016,2024-10-01,592,OpenLab (inkl. MwSt),3824,WP8 D&C,H2020,FALSE,PRORATA_PAYROLL,8,,,386.24
298,2016,2024-12-01,592,OpenLab (inkl. MwSt),3824,WP8 D&C,H2020,FALSE,PRORATA_PAYROLL,45,,,3682.36
298,2016,2025-01-01,592,OpenLab (inkl. MwSt),3824,WP8 D&C,H2020,FALSE,PRORATA_PAYROLL,11,,,0
298,2016,2025-02-01,592,OpenLab (inkl. MwSt),3824,WP8 D&C,H2020,FALSE,PRORATA_PAYROLL,17,,,0
298,2016,2025-03-01,592,OpenLab (inkl. MwSt),3824,WP8 D&C,H2020,FALSE,PRORATA_PAYROLL,35.333333333333336,,,0
298,2016,2024-05-01,592,OpenLab (inkl. MwSt),3875,WP2 Com engagement,H2020,FALSE,PRORATA_PAYROLL,12.125,,,586.76
298,2016,2025-01-01,592,OpenLab (inkl. MwSt),3875,WP2 Com engagement,H2020,FALSE,PRORATA_PAYROLL,17.25,,,0
298,2016,2025-01-01,592,OpenLab (inkl. MwSt),3876,WP7 Exploitation,H2020,FALSE,PRORATA_PAYROLL,11,,,0
300,2016,2025-01-01,449,ATELIER  (o.Vst),3080,"WP10 Communication, Dissemination & Exploitation",H2020,FALSE,PRORATA_PAYROLL,16.666666666666668,,,0
300,2016,2025-02-01,449,ATELIER  (o.Vst),3080,"WP10 Communication, Dissemination & Exploitation",H2020,FALSE,PRORATA_PAYROLL,14.166666666666666,,,0
300,2016,2025-03-01,449,ATELIER  (o.Vst),3080,"WP10 Communication, Dissemination & Exploitation",H2020,FALSE,PRORATA_PAYROLL,14,,,0
300,2016,2025-04-01,449,ATELIER  (o.Vst),3080,"WP10 Communication, Dissemination & Exploitation",H2020,FALSE,PRORATA_PAYROLL,36,,,0
300,2016,2024-07-01,449,ATELIER  (o.Vst),3086,"WP10 T10.7. Digital Dissemination Materials 9,5PM",H2020,FALSE,PRORATA_PAYROLL,45.333333333333336,,,1694.7
300,2016,2024-08-01,449,ATELIER  (o.Vst),3086,"WP10 T10.7. Digital Dissemination Materials 9,5PM",H2020,FALSE,PRORATA_PAYROLL,58.666666666666664,,,1694.7
300,2016,2024-09-01,449,ATELIER  (o.Vst),3086,"WP10 T10.7. Digital Dissemination Materials 9,5PM",H2020,FALSE,PRORATA_PAYROLL,16,,,1694.7
300,2016,2024-10-01,449,ATELIER  (o.Vst),3086,"WP10 T10.7. Digital Dissemination Materials 9,5PM",H2020,FALSE,PRORATA_PAYROLL,60,,,1902.21
300,2016,2024-11-01,449,ATELIER  (o.Vst),3086,"WP10 T10.7. Digital Dissemination Materials 9,5PM",H2020,FALSE,PRORATA_PAYROLL,66.66666666666667,,,2219.25
300,2016,2024-12-01,449,ATELIER  (o.Vst),3086,"WP10 T10.7. Digital Dissemination Materials 9,5PM",H2020,FALSE,PRORATA_PAYROLL,36,,,1933.53
300,2016,2024-07-01,568,Hydro4U (mit MwSt),3612,"WP6 Dissemination, Communication and Exploitation",H2020,FALSE,PRORATA_PAYROLL,45.333333333333336,,,1694.7
300,2016,2024-08-01,568,Hydro4U (mit MwSt),3612,"WP6 Dissemination, Communication and Exploitation",H2020,FALSE,PRORATA_PAYROLL,58.666666666666664,,,1694.7
300,2016,2024-09-01,568,Hydro4U (mit MwSt),3612,"WP6 Dissemination, Communication and Exploitation",H2020,FALSE,PRORATA_PAYROLL,16,,,1694.7
300,2016,2024-10-01,568,Hydro4U (mit MwSt),3612,"WP6 Dissemination, Communication and Exploitation",H2020,FALSE,PRORATA_PAYROLL,48,,,1521.77
300,2016,2024-11-01,568,Hydro4U (mit MwSt),3612,"WP6 Dissemination, Communication and Exploitation",H2020,FALSE,PRORATA_PAYROLL,22.666666666666668,,,754.54
300,2016,2024-12-01,568,Hydro4U (mit MwSt),3612,"WP6 Dissemination, Communication and Exploitation",H2020,FALSE,PRORATA_PAYROLL,20,,,1074.18
300,2016,2025-01-01,568,Hydro4U (mit MwSt),3612,"WP6 Dissemination, Communication and Exploitation",H2020,FALSE,PRORATA_PAYROLL,44.666666666666664,,,0
300,2016,2025-02-01,568,Hydro4U (mit MwSt),3612,"WP6 Dissemination, Communication and Exploitation",H2020,FALSE,PRORATA_PAYROLL,33,,,0
300,2016,2025-03-01,568,Hydro4U (mit MwSt),3612,"WP6 Dissemination, Communication and Exploitation",H2020,FALSE,PRORATA_PAYROLL,46,,,0
300,2016,2025-04-01,568,Hydro4U (mit MwSt),3612,"WP6 Dissemination, Communication and Exploitation",H2020,FALSE,PRORATA_PAYROLL,92,,,0
300,2016,2025-05-01,568,Hydro4U (mit MwSt),3612,"WP6 Dissemination, Communication and Exploitation",H2020,FALSE,PRORATA_PAYROLL,136,,,0
302,2017,2024-01-01,271,S2i Personal in Gemeinkosten,4638,PK in OH 2024,GEMEINKOSTEN - NICHT PROJEKTVOLUMEN RELEVANT,FALSE,PRORATA_PAYROLL,13,,,250.19
302,2017,2024-07-01,271,S2i Personal in Gemeinkosten,4638,PK in OH 2024,GEMEINKOSTEN - NICHT PROJEKTVOLUMEN RELEVANT,FALSE,PRORATA_PAYROLL,32,,,0
302,2017,2024-08-01,271,S2i Personal in Gemeinkosten,4638,PK in OH 2024,GEMEINKOSTEN - NICHT PROJEKTVOLUMEN RELEVANT,FALSE,PRORATA_PAYROLL,25,,,615.84
302,2017,2024-09-01,271,S2i Personal in Gemeinkosten,4638,PK in OH 2024,GEMEINKOSTEN - NICHT PROJEKTVOLUMEN RELEVANT,FALSE,PRORATA_PAYROLL,19,,,0
304,2016,2025-04-01,571,FlashPhos (mit MwSt),4580,WP10 Communication 2025,H2020,FALSE,PRORATA_PAYROLL,40.75,,,0
304,2016,2025-05-01,571,FlashPhos (mit MwSt),4580,WP10 Communication 2025,H2020,FALSE,PRORATA_PAYROLL,28.25,,,0
304,2016,2025-06-01,571,FlashPhos (mit MwSt),4580,WP10 Communication 2025,H2020,FALSE,PRORATA_PAYROLL,15.5,,,0
307,2017,2025-01-01,320,S2i flexible Stunden,4544,S2i FlexSt 2025,VERRECHNUNG INTERN,FALSE,PRORATA_PAYROLL,146.25,,,5471.55
307,2017,2025-02-01,320,S2i flexible Stunden,4544,S2i FlexSt 2025,VERRECHNUNG INTERN,FALSE,PRORATA_PAYROLL,101.25,,,6079.51
307,2017,2024-01-01,636,Vanguard 2022-2024,4775,WP1 Interreg. Koop. 2024,REGIONALE FÖRDERUNG,FALSE,PRORATA_PAYROLL,69.625,,,2291.39
307,2017,2024-06-01,636,Vanguard 2022-2024,4775,WP1 Interreg. Koop. 2024,REGIONALE FÖRDERUNG,FALSE,PRORATA_PAYROLL,36.333333333333336,,,1714.41
307,2017,2024-07-01,636,Vanguard 2022-2024,4775,WP1 Interreg. Koop. 2024,REGIONALE FÖRDERUNG,FALSE,PRORATA_PAYROLL,146,,,5265.68
307,2017,2024-08-01,636,Vanguard 2022-2024,4775,WP1 Interreg. Koop. 2024,REGIONALE FÖRDERUNG,FALSE,PRORATA_PAYROLL,48.625,,,1418.52
307,2017,2024-06-01,636,Vanguard 2022-2024,4777,WP3 Ansprechpunkt 2024,REGIONALE FÖRDERUNG,FALSE,PRORATA_PAYROLL,50.666666666666664,,,2390.74
307,2017,2024-01-01,642,TENDER: DTA,4014,Tender DTA - 2024,TENDER,FALSE,PRORATA_PAYROLL,30.875,,,1016.11
307,2017,2024-04-01,642,TENDER: DTA,4014,Tender DTA - 2024,TENDER,FALSE,PRORATA_PAYROLL,11.5,,,379.79
307,2017,2024-06-01,642,TENDER: DTA,4014,Tender DTA - 2024,TENDER,FALSE,PRORATA_PAYROLL,7.333333333333333,,,346.03
307,2017,2024-08-01,642,TENDER: DTA,4014,Tender DTA - 2024,TENDER,FALSE,PRORATA_PAYROLL,4.25,,,123.98
307,2017,2024-11-01,642,TENDER: DTA,4014,Tender DTA - 2024,TENDER,FALSE,PRORATA_PAYROLL,2.8333333333333335,,,120.34
307,2017,2024-12-01,642,TENDER: DTA,4014,Tender DTA - 2024,TENDER,FALSE,PRORATA_PAYROLL,9.5,,,713.76
307,2017,2024-06-01,762,EU-KONFORM: MRN Reg Wasserstoff,4639,WP Umsetzung MRN Reg Wasserstoff,EU-KONFORM,FALSE,PRORATA_PAYROLL,21.5,,,1014.49
307,2017,2024-08-01,791,EU-KONFORM: Call Screening Stadt Asperg,4752,Umsetzung CS Stadt Asperg,EU-KONFORM,FALSE,PRORATA_PAYROLL,8.375,,,244.32
307,2017,2024-11-01,791,EU-KONFORM: Call Screening Stadt Asperg,4752,Umsetzung CS Stadt Asperg,EU-KONFORM,FALSE,PRORATA_PAYROLL,2.8333333333333335,,,120.34
311,2017,2024-01-01,757,EU-KONFORM: DE/2023-06-13/Wörwag 2. Stufe,4565,Umsetzung WÖRWAG 2. Stufe,EU-KONFORM,FALSE,PRORATA_PAYROLL,25.5,,,935.17
311,2017,2024-02-01,757,EU-KONFORM: DE/2023-06-13/Wörwag 2. Stufe,4565,Umsetzung WÖRWAG 2. Stufe,EU-KONFORM,FALSE,PRORATA_PAYROLL,66,,,2301.35
311,2017,2024-03-01,757,EU-KONFORM: DE/2023-06-13/Wörwag 2. Stufe,4565,Umsetzung WÖRWAG 2. Stufe,EU-KONFORM,FALSE,PRORATA_PAYROLL,61.25,,,2305.91
311,2017,2024-04-01,757,EU-KONFORM: DE/2023-06-13/Wörwag 2. Stufe,4565,Umsetzung WÖRWAG 2. Stufe,EU-KONFORM,FALSE,PRORATA_PAYROLL,43.25,,,1599.83
314,2016,2024-01-01,558,AEDIB|NET (mit MwSt),3589,WP5 Trans-continental cooperation,H2020,FALSE,PRORATA_PAYROLL,167.75,,,6023.6
314,2016,2024-02-01,558,AEDIB|NET (mit MwSt),3589,WP5 Trans-continental cooperation,H2020,FALSE,PRORATA_PAYROLL,104.75,,,6023.6
314,2016,2024-03-01,558,AEDIB|NET (mit MwSt),3589,WP5 Trans-continental cooperation,H2020,FALSE,PRORATA_PAYROLL,84.75,,,6023.6
314,2016,2024-04-01,558,AEDIB|NET (mit MwSt),3589,WP5 Trans-continental cooperation,H2020,FALSE,PRORATA_PAYROLL,41.5,,,2006.05
314,2016,2024-04-01,645,NanodiagBW (mit MwSt.),4034,WP1 FE Strategie - nanodiagBW - 2024,NATIONALE FÖRDERUNG,FALSE,PRORATA_PAYROLL,87.25,,,4217.55
314,2016,2024-05-01,645,NanodiagBW (mit MwSt.),4034,WP1 FE Strategie - nanodiagBW - 2024,NATIONALE FÖRDERUNG,FALSE,PRORATA_PAYROLL,143.75,,,6023.6
314,2016,2024-06-01,645,NanodiagBW (mit MwSt.),4034,WP1 FE Strategie - nanodiagBW - 2024,NATIONALE FÖRDERUNG,FALSE,PRORATA_PAYROLL,122.25,,,5202.29
314,2016,2024-07-01,645,NanodiagBW (mit MwSt.),4034,WP1 FE Strategie - nanodiagBW - 2024,NATIONALE FÖRDERUNG,FALSE,PRORATA_PAYROLL,197.25,,,6023.6
314,2016,2024-08-01,645,NanodiagBW (mit MwSt.),4034,WP1 FE Strategie - nanodiagBW - 2024,NATIONALE FÖRDERUNG,FALSE,PRORATA_PAYROLL,188.5,,,6325.35
314,2016,2024-09-01,645,NanodiagBW (mit MwSt.),4034,WP1 FE Strategie - nanodiagBW - 2024,NATIONALE FÖRDERUNG,FALSE,PRORATA_PAYROLL,134,,,6325.35
314,2016,2024-10-01,645,NanodiagBW (mit MwSt.),4034,WP1 FE Strategie - nanodiagBW - 2024,NATIONALE FÖRDERUNG,FALSE,PRORATA_PAYROLL,70.5,,,4504.42
314,2016,2024-11-01,645,NanodiagBW (mit MwSt.),4034,WP1 FE Strategie - nanodiagBW - 2024,NATIONALE FÖRDERUNG,FALSE,PRORATA_PAYROLL,167.5,,,6325.35
314,2016,2024-12-01,645,NanodiagBW (mit MwSt.),4034,WP1 FE Strategie - nanodiagBW - 2024,NATIONALE FÖRDERUNG,FALSE,PRORATA_PAYROLL,101.75,,,9488.19
314,2016,2025-01-01,645,NanodiagBW (mit MwSt.),4035,nanodiagBW - 2025,NATIONALE FÖRDERUNG,FALSE,PRORATA_PAYROLL,160.25,,,0
314,2016,2025-02-01,645,NanodiagBW (mit MwSt.),4035,nanodiagBW - 2025,NATIONALE FÖRDERUNG,FALSE,PRORATA_PAYROLL,28.75,,,0
314,2016,2025-03-01,645,NanodiagBW (mit MwSt.),4035,nanodiagBW - 2025,NATIONALE FÖRDERUNG,FALSE,PRORATA_PAYROLL,21.625,,,0
314,2016,2025-04-01,645,NanodiagBW (mit MwSt.),4035,nanodiagBW - 2025,NATIONALE FÖRDERUNG,FALSE,PRORATA_PAYROLL,38.75,,,0
314,2016,2025-05-01,645,NanodiagBW (mit MwSt.),4035,nanodiagBW - 2025,NATIONALE FÖRDERUNG,FALSE,PRORATA_PAYROLL,33.5,,,0
314,2016,2025-06-01,645,NanodiagBW (mit MwSt.),4035,nanodiagBW - 2025,NATIONALE FÖRDERUNG,FALSE,PRORATA_PAYROLL,31.25,,,0
314,2016,2024-10-01,748,SHIFT-HUB: Expert Contract,4542,Umsetzung Expert Contract SHIFt-HUB WP xx,VERRECHNUNG INTERN,FALSE,PRORATA_PAYROLL,28.5,,,1820.93
314,2016,2024-06-01,772,LongCovid: ExCo 2024,4667,WP Planung 2024,VERRECHNUNG INTERN,FALSE,PRORATA_PAYROLL,24,,,1021.31
317,2016,2024-09-01,778,POSITIVE: ExCo,4740,POSITIVE ExCo Umsetzung,VERRECHNUNG INTERN,FALSE,PRORATA_PAYROLL,30.125,,,1484.54
317,2016,2024-10-01,778,POSITIVE: ExCo,4740,POSITIVE ExCo Umsetzung,VERRECHNUNG INTERN,FALSE,PRORATA_PAYROLL,10.791666666666666,,,431.74
318,2017,2024-10-01,784,INTERREG: RuBIO,4818,SO1 - Report state of play,INTERREG,FALSE,PRORATA_PAYROLL,58,,,2594.21
318,2017,2024-11-01,784,INTERREG: RuBIO,4818,SO1 - Report state of play,INTERREG,FALSE,PRORATA_PAYROLL,12.5,,,652.28
318,2017,2024-11-01,784,INTERREG: RuBIO,4820,SO3 - Report funding possibilities,INTERREG,FALSE,PRORATA_PAYROLL,31.5,,,1643.75
318,2017,2024-12-01,784,INTERREG: RuBIO,4820,SO3 - Report funding possibilities,INTERREG,FALSE,PRORATA_PAYROLL,34,,,3700.31
318,2017,2024-09-01,787,INTERREG: ForeDanube,4821,WP1 Report on the State of Play 2024,INTERREG,FALSE,PRORATA_PAYROLL,16.25,,,598.56
318,2017,2024-10-01,787,INTERREG: ForeDanube,4821,WP1 Report on the State of Play 2024,INTERREG,FALSE,PRORATA_PAYROLL,4.25,,,190.09
318,2017,2024-11-01,787,INTERREG: ForeDanube,4821,WP1 Report on the State of Play 2024,INTERREG,FALSE,PRORATA_PAYROLL,7.083333333333333,,,369.63
318,2017,2024-09-01,787,INTERREG: ForeDanube,4822,WP2 Action Plan for Establishment of Foresight 2024,INTERREG,FALSE,PRORATA_PAYROLL,7,,,257.84
318,2017,2024-10-01,787,INTERREG: ForeDanube,4822,WP2 Action Plan for Establishment of Foresight 2024,INTERREG,FALSE,PRORATA_PAYROLL,11.5,,,514.37
318,2017,2024-11-01,787,INTERREG: ForeDanube,4822,WP2 Action Plan for Establishment of Foresight 2024,INTERREG,FALSE,PRORATA_PAYROLL,5.333333333333333,,,278.31
318,2017,2024-09-01,787,INTERREG: ForeDanube,4823,WP3 Report on Funding Possibilities 2024,INTERREG,FALSE,PRORATA_PAYROLL,4.625,,,170.36
318,2017,2024-10-01,787,INTERREG: ForeDanube,4823,WP3 Report on Funding Possibilities 2024,INTERREG,FALSE,PRORATA_PAYROLL,4.25,,,190.09
318,2017,2024-11-01,787,INTERREG: ForeDanube,4823,WP3 Report on Funding Possibilities 2024,INTERREG,FALSE,PRORATA_PAYROLL,5.5,,,287
318,2017,2024-11-01,787,INTERREG: ForeDanube,4824,WP4 Community and Stakeholder Consultations 2024,INTERREG,FALSE,PRORATA_PAYROLL,2.6666666666666665,,,139.15
318,2017,2024-12-01,787,INTERREG: ForeDanube,4824,WP4 Community and Stakeholder Consultations 2024,INTERREG,FALSE,PRORATA_PAYROLL,12.25,,,1333.2
319,2017,2024-01-01,271,S2i Personal in Gemeinkosten,4638,PK in OH 2024,GEMEINKOSTEN - NICHT PROJEKTVOLUMEN RELEVANT,FALSE,PRORATA_PAYROLL,38,,,0
319,2017,2024-02-01,271,S2i Personal in Gemeinkosten,4638,PK in OH 2024,GEMEINKOSTEN - NICHT PROJEKTVOLUMEN RELEVANT,FALSE,PRORATA_PAYROLL,38,,,609.43
319,2017,2024-03-01,271,S2i Personal in Gemeinkosten,4638,PK in OH 2024,GEMEINKOSTEN - NICHT PROJEKTVOLUMEN RELEVANT,FALSE,PRORATA_PAYROLL,38,,,609.43
321,2016,2024-01-01,532,FUSILLI (mit MwSt.),3597,WP7 Coordination 1 PM,H2020,FALSE,PRORATA_PAYROLL,4,,,209.74
321,2016,2024-03-01,532,FUSILLI (mit MwSt.),3597,WP7 Coordination 1 PM,H2020,FALSE,PRORATA_PAYROLL,2.6666666666666665,,,139.83
321,2016,2024-08-01,532,FUSILLI (mit MwSt.),3597,WP7 Coordination 1 PM,H2020,FALSE,PRORATA_PAYROLL,16,,,615.15
321,2016,2024-10-01,532,FUSILLI (mit MwSt.),3597,WP7 Coordination 1 PM,H2020,FALSE,PRORATA_PAYROLL,20,,,1153.4
321,2016,2024-01-01,533,LEVIS (ohne Vorsteuerabzug),3642,WP7 Dissemination & Exploitation,H2020,FALSE,PRORATA_PAYROLL,4,,,209.74
321,2016,2024-02-01,533,LEVIS (ohne Vorsteuerabzug),3642,WP7 Dissemination & Exploitation,H2020,FALSE,PRORATA_PAYROLL,4,,,149.81
321,2016,2024-03-01,533,LEVIS (ohne Vorsteuerabzug),3642,WP7 Dissemination & Exploitation,H2020,FALSE,PRORATA_PAYROLL,2,,,104.87
321,2016,2024-01-01,533,LEVIS (ohne Vorsteuerabzug),3645,WP8 Project Coordination & Management,H2020,FALSE,PRORATA_PAYROLL,4,,,209.74
321,2016,2024-02-01,533,LEVIS (ohne Vorsteuerabzug),3645,WP8 Project Coordination & Management,H2020,FALSE,PRORATA_PAYROLL,4,,,149.81
321,2016,2024-03-01,533,LEVIS (ohne Vorsteuerabzug),3645,WP8 Project Coordination & Management,H2020,FALSE,PRORATA_PAYROLL,6.666666666666667,,,349.56
321,2016,2024-04-01,533,LEVIS (ohne Vorsteuerabzug),3645,WP8 Project Coordination & Management,H2020,FALSE,PRORATA_PAYROLL,5.333333333333333,,,213.07
321,2016,2024-05-01,533,LEVIS (ohne Vorsteuerabzug),3645,WP8 Project Coordination & Management,H2020,FALSE,PRORATA_PAYROLL,8,,,379.94
321,2016,2024-06-01,533,LEVIS (ohne Vorsteuerabzug),3645,WP8 Project Coordination & Management,H2020,FALSE,PRORATA_PAYROLL,6.666666666666667,,,299.96
321,2016,2024-07-01,533,LEVIS (ohne Vorsteuerabzug),3645,WP8 Project Coordination & Management,H2020,FALSE,PRORATA_PAYROLL,5.333333333333333,,,358.84
321,2016,2024-03-01,571,FlashPhos (mit MwSt),4577,WP10 Communication 2024,H2020,FALSE,PRORATA_PAYROLL,9.333333333333334,,,489.39
321,2016,2024-04-01,571,FlashPhos (mit MwSt),4577,WP10 Communication 2024,H2020,FALSE,PRORATA_PAYROLL,6.666666666666667,,,266.34
321,2016,2024-05-01,571,FlashPhos (mit MwSt),4577,WP10 Communication 2024,H2020,FALSE,PRORATA_PAYROLL,8,,,379.94
321,2016,2024-08-01,571,FlashPhos (mit MwSt),4577,WP10 Communication 2024,H2020,FALSE,PRORATA_PAYROLL,4,,,153.79
321,2016,2024-10-01,571,FlashPhos (mit MwSt),4577,WP10 Communication 2024,H2020,FALSE,PRORATA_PAYROLL,4,,,230.68
321,2016,2024-01-01,592,OpenLab (inkl. MwSt),3824,WP8 D&C,H2020,FALSE,PRORATA_PAYROLL,6,,,314.61
321,2016,2024-02-01,592,OpenLab (inkl. MwSt),3824,WP8 D&C,H2020,FALSE,PRORATA_PAYROLL,6.666666666666667,,,249.69
321,2016,2024-03-01,592,OpenLab (inkl. MwSt),3824,WP8 D&C,H2020,FALSE,PRORATA_PAYROLL,8.666666666666666,,,454.43
321,2016,2024-04-01,592,OpenLab (inkl. MwSt),3824,WP8 D&C,H2020,FALSE,PRORATA_PAYROLL,5.333333333333333,,,213.07
321,2016,2024-05-01,592,OpenLab (inkl. MwSt),3824,WP8 D&C,H2020,FALSE,PRORATA_PAYROLL,8.666666666666666,,,411.61
321,2016,2024-06-01,592,OpenLab (inkl. MwSt),3824,WP8 D&C,H2020,FALSE,PRORATA_PAYROLL,6.666666666666667,,,299.96
321,2016,2024-07-01,592,OpenLab (inkl. MwSt),3824,WP8 D&C,H2020,FALSE,PRORATA_PAYROLL,8,,,538.25
321,2016,2024-08-01,592,OpenLab (inkl. MwSt),3824,WP8 D&C,H2020,FALSE,PRORATA_PAYROLL,10,,,384.47
321,2016,2024-09-01,592,OpenLab (inkl. MwSt),3824,WP8 D&C,H2020,FALSE,PRORATA_PAYROLL,5.333333333333333,,,391.46
321,2016,2024-10-01,592,OpenLab (inkl. MwSt),3824,WP8 D&C,H2020,FALSE,PRORATA_PAYROLL,4,,,230.68
321,2016,2024-01-01,603,SOPHIA (inkl. MwSt),3968,WP9 Project Management,H2020,FALSE,PRORATA_PAYROLL,10.666666666666666,,,559.3
321,2016,2024-02-01,603,SOPHIA (inkl. MwSt),3968,WP9 Project Management,H2020,FALSE,PRORATA_PAYROLL,7.333333333333333,,,274.66
321,2016,2024-03-01,603,SOPHIA (inkl. MwSt),3968,WP9 Project Management,H2020,FALSE,PRORATA_PAYROLL,9.333333333333334,,,489.39
321,2016,2024-04-01,603,SOPHIA (inkl. MwSt),3968,WP9 Project Management,H2020,FALSE,PRORATA_PAYROLL,13.333333333333334,,,532.68
321,2016,2024-05-01,603,SOPHIA (inkl. MwSt),3968,WP9 Project Management,H2020,FALSE,PRORATA_PAYROLL,8.666666666666666,,,411.61
321,2016,2024-06-01,603,SOPHIA (inkl. MwSt),3968,WP9 Project Management,H2020,FALSE,PRORATA_PAYROLL,12.666666666666666,,,569.92
321,2016,2024-07-01,603,SOPHIA (inkl. MwSt),3968,WP9 Project Management,H2020,FALSE,PRORATA_PAYROLL,8,,,538.25
321,2016,2024-08-01,603,SOPHIA (inkl. MwSt),3968,WP9 Project Management,H2020,FALSE,PRORATA_PAYROLL,8,,,307.57
321,2016,2024-09-01,603,SOPHIA (inkl. MwSt),3968,WP9 Project Management,H2020,FALSE,PRORATA_PAYROLL,6.666666666666667,,,489.32
322,2017,2024-01-01,667,TENDER: SKIIVE,4564,Capacity Building,TENDER,FALSE,PRORATA_PAYROLL,12.791666666666666,,,547.39
322,2017,2024-02-01,667,TENDER: SKIIVE,4564,Capacity Building,TENDER,FALSE,PRORATA_PAYROLL,14.75,,,641.4
322,2017,2024-05-01,667,TENDER: SKIIVE,4564,Capacity Building,TENDER,FALSE,PRORATA_PAYROLL,10.541666666666666,,,533.68
323,2017,2024-04-01,677,WM KMU Unterstützung 2023-2024,4149,WM-KMU 2024,REGIONALE FÖRDERUNG,FALSE,PRORATA_PAYROLL,105.5,,,5046.95
323,2017,2024-05-01,677,WM KMU Unterstützung 2023-2024,4149,WM-KMU 2024,REGIONALE FÖRDERUNG,FALSE,PRORATA_PAYROLL,115.5,,,5046.95
323,2017,2024-06-01,677,WM KMU Unterstützung 2023-2024,4149,WM-KMU 2024,REGIONALE FÖRDERUNG,FALSE,PRORATA_PAYROLL,130.5,,,5246.95
323,2017,2024-07-01,677,WM KMU Unterstützung 2023-2024,4149,WM-KMU 2024,REGIONALE FÖRDERUNG,FALSE,PRORATA_PAYROLL,129.5,,,5046.95
323,2017,2024-08-01,677,WM KMU Unterstützung 2023-2024,4149,WM-KMU 2024,REGIONALE FÖRDERUNG,FALSE,PRORATA_PAYROLL,50.5,,,5228.67
323,2017,2024-09-01,677,WM KMU Unterstützung 2023-2024,4149,WM-KMU 2024,REGIONALE FÖRDERUNG,FALSE,PRORATA_PAYROLL,135.5,,,5228.67
323,2017,2024-10-01,677,WM KMU Unterstützung 2023-2024,4149,WM-KMU 2024,REGIONALE FÖRDERUNG,FALSE,PRORATA_PAYROLL,132.25,,,5228.67
323,2017,2024-11-01,677,WM KMU Unterstützung 2023-2024,4149,WM-KMU 2024,REGIONALE FÖRDERUNG,FALSE,PRORATA_PAYROLL,118.5,,,5228.67
323,2017,2024-12-01,677,WM KMU Unterstützung 2023-2024,4149,WM-KMU 2024,REGIONALE FÖRDERUNG,FALSE,PRORATA_PAYROLL,69.95,,,7103.25
324,2017,2024-02-01,757,EU-KONFORM: DE/2023-06-13/Wörwag 2. Stufe,4565,Umsetzung WÖRWAG 2. Stufe,EU-KONFORM,FALSE,PRORATA_PAYROLL,31,,,937.95
324,2017,2024-03-01,757,EU-KONFORM: DE/2023-06-13/Wörwag 2. Stufe,4565,Umsetzung WÖRWAG 2. Stufe,EU-KONFORM,FALSE,PRORATA_PAYROLL,36.5,,,1123.13
324,2017,2024-04-01,757,EU-KONFORM: DE/2023-06-13/Wörwag 2. Stufe,4565,Umsetzung WÖRWAG 2. Stufe,EU-KONFORM,FALSE,PRORATA_PAYROLL,34.25,,,1068.5
325,2017,2024-01-01,738,INTERREG: BrAIn,4640,SO1 Enhancing the competitiveness of SMEs (Jan - Jun 2024),INTERREG,FALSE,PRORATA_PAYROLL,20.0625,,,646.84
325,2017,2024-02-01,738,INTERREG: BrAIn,4640,SO1 Enhancing the competitiveness of SMEs (Jan - Jun 2024),INTERREG,FALSE,PRORATA_PAYROLL,20.375,,,703.84
325,2017,2024-03-01,738,INTERREG: BrAIn,4640,SO1 Enhancing the competitiveness of SMEs (Jan - Jun 2024),INTERREG,FALSE,PRORATA_PAYROLL,22.25,,,717.37
325,2017,2024-04-01,738,INTERREG: BrAIn,4640,SO1 Enhancing the competitiveness of SMEs (Jan - Jun 2024),INTERREG,FALSE,PRORATA_PAYROLL,19,,,535.93
325,2017,2024-05-01,738,INTERREG: BrAIn,4640,SO1 Enhancing the competitiveness of SMEs (Jan - Jun 2024),INTERREG,FALSE,PRORATA_PAYROLL,12.8125,,,673.86
325,2017,2024-06-01,738,INTERREG: BrAIn,4640,SO1 Enhancing the competitiveness of SMEs (Jan - Jun 2024),INTERREG,FALSE,PRORATA_PAYROLL,17.208333333333332,,,569.37
325,2017,2024-07-01,738,INTERREG: BrAIn,4641,SO1 Enhancing the competitiveness of SMEs (Juli - Dez 2024),INTERREG,FALSE,PRORATA_PAYROLL,4,,,125.22
325,2017,2024-08-01,738,INTERREG: BrAIn,4641,SO1 Enhancing the competitiveness of SMEs (Juli - Dez 2024),INTERREG,FALSE,PRORATA_PAYROLL,15.833333333333334,,,1040.92
325,2017,2024-09-01,738,INTERREG: BrAIn,4641,SO1 Enhancing the competitiveness of SMEs (Juli - Dez 2024),INTERREG,FALSE,PRORATA_PAYROLL,44.083333333333336,,,1380.06
325,2017,2024-04-01,738,INTERREG: BrAIn,4642,SO2 Acceleration of transnational uptake of AI technologies (Jan - Jun 2024),INTERREG,FALSE,PRORATA_PAYROLL,7.75,,,218.6
325,2017,2024-05-01,738,INTERREG: BrAIn,4642,SO2 Acceleration of transnational uptake of AI technologies (Jan - Jun 2024),INTERREG,FALSE,PRORATA_PAYROLL,3.75,,,197.23
325,2017,2024-06-01,738,INTERREG: BrAIn,4642,SO2 Acceleration of transnational uptake of AI technologies (Jan - Jun 2024),INTERREG,FALSE,PRORATA_PAYROLL,7.208333333333333,,,238.5
325,2017,2024-07-01,738,INTERREG: BrAIn,4643,SO2 Acceleration of transnational uptake of AI technologies (Juli - Dez 2024),INTERREG,FALSE,PRORATA_PAYROLL,61,,,1909.65
325,2017,2024-08-01,738,INTERREG: BrAIn,4643,SO2 Acceleration of transnational uptake of AI technologies (Juli - Dez 2024),INTERREG,FALSE,PRORATA_PAYROLL,16.625,,,1092.96
325,2017,2024-09-01,738,INTERREG: BrAIn,4643,SO2 Acceleration of transnational uptake of AI technologies (Juli - Dez 2024),INTERREG,FALSE,PRORATA_PAYROLL,20.25,,,633.94
325,2017,2024-07-01,738,INTERREG: BrAIn,4644,SO3 Increase and harmonize the capacity of policy makers (Juli - Dez 2024),INTERREG,FALSE,PRORATA_PAYROLL,14.166666666666666,,,443.5
325,2017,2024-08-01,738,INTERREG: BrAIn,4644,SO3 Increase and harmonize the capacity of policy makers (Juli - Dez 2024),INTERREG,FALSE,PRORATA_PAYROLL,10.5,,,690.29
325,2017,2024-09-01,738,INTERREG: BrAIn,4644,SO3 Increase and harmonize the capacity of policy makers (Juli - Dez 2024),INTERREG,FALSE,PRORATA_PAYROLL,15.416666666666666,,,482.63
325,2017,2025-01-01,738,INTERREG: BrAIn,4976,SO1 Enhancing the competitivness of SMEs (Jan - Jun 2025),INTERREG,FALSE,PRORATA_PAYROLL,28.625,,,711.14
325,2017,2025-03-01,738,INTERREG: BrAIn,4976,SO1 Enhancing the competitivness of SMEs (Jan - Jun 2025),INTERREG,FALSE,PRORATA_PAYROLL,26.25,,,679.79
325,2017,2025-04-01,738,INTERREG: BrAIn,4976,SO1 Enhancing the competitivness of SMEs (Jan - Jun 2025),INTERREG,FALSE,PRORATA_PAYROLL,18.208333333333332,,,523.17
325,2017,2025-05-01,738,INTERREG: BrAIn,4976,SO1 Enhancing the competitivness of SMEs (Jan - Jun 2025),INTERREG,FALSE,PRORATA_PAYROLL,16.041666666666668,,,463.7
325,2017,2025-06-01,738,INTERREG: BrAIn,4976,SO1 Enhancing the competitivness of SMEs (Jan - Jun 2025),INTERREG,FALSE,PRORATA_PAYROLL,4.75,,,187.94
325,2017,2025-01-01,738,INTERREG: BrAIn,4978,SO2 Acceleration of transnational uptake of AI technologies (Jan - Jun 2025),INTERREG,FALSE,PRORATA_PAYROLL,4.375,,,108.69
325,2017,2025-02-01,738,INTERREG: BrAIn,4978,SO2 Acceleration of transnational uptake of AI technologies (Jan - Jun 2025),INTERREG,FALSE,PRORATA_PAYROLL,9,,,308.92
325,2017,2025-03-01,738,INTERREG: BrAIn,4978,SO2 Acceleration of transnational uptake of AI technologies (Jan - Jun 2025),INTERREG,FALSE,PRORATA_PAYROLL,2.5833333333333335,,,66.9
325,2017,2025-04-01,738,INTERREG: BrAIn,4978,SO2 Acceleration of transnational uptake of AI technologies (Jan - Jun 2025),INTERREG,FALSE,PRORATA_PAYROLL,2,,,57.47
325,2017,2025-05-01,738,INTERREG: BrAIn,4978,SO2 Acceleration of transnational uptake of AI technologies (Jan - Jun 2025),INTERREG,FALSE,PRORATA_PAYROLL,5.416666666666667,,,156.57
325,2017,2025-06-01,738,INTERREG: BrAIn,4978,SO2 Acceleration of transnational uptake of AI technologies (Jan - Jun 2025),INTERREG,FALSE,PRORATA_PAYROLL,7.541666666666667,,,298.39
325,2017,2025-02-01,738,INTERREG: BrAIn,4980,SO3 Increase and harmonize the capacity of policy makers (Jan - Jun 2025),INTERREG,FALSE,PRORATA_PAYROLL,10.625,,,364.69
325,2017,2025-04-01,738,INTERREG: BrAIn,4980,SO3 Increase and harmonize the capacity of policy makers (Jan - Jun 2025),INTERREG,FALSE,PRORATA_PAYROLL,6.083333333333333,,,174.79
325,2017,2025-05-01,738,INTERREG: BrAIn,4980,SO3 Increase and harmonize the capacity of policy makers (Jan - Jun 2025),INTERREG,FALSE,PRORATA_PAYROLL,6.666666666666667,,,192.7
325,2017,2025-06-01,738,INTERREG: BrAIn,4980,SO3 Increase and harmonize the capacity of policy makers (Jan - Jun 2025),INTERREG,FALSE,PRORATA_PAYROLL,8.333333333333334,,,329.71
325,2017,2024-07-01,739,INTERREG: Culinary Trail,4526,T1.2 Cataloguing ethnic and local culinary,INTERREG,FALSE,PRORATA_PAYROLL,7.333333333333333,,,229.58
325,2017,2024-08-01,739,INTERREG: Culinary Trail,4526,T1.2 Cataloguing ethnic and local culinary,INTERREG,FALSE,PRORATA_PAYROLL,11.125,,,731.38
325,2017,2024-09-01,739,INTERREG: Culinary Trail,4526,T1.2 Cataloguing ethnic and local culinary,INTERREG,FALSE,PRORATA_PAYROLL,45.708333333333336,,,1430.93
325,2017,2024-01-01,739,INTERREG: Culinary Trail,4527,T1.4 Developing transnational strategy,INTERREG,FALSE,PRORATA_PAYROLL,24.0625,,,775.81
325,2017,2024-02-01,739,INTERREG: Culinary Trail,4527,T1.4 Developing transnational strategy,INTERREG,FALSE,PRORATA_PAYROLL,20.375,,,703.84
325,2017,2024-03-01,739,INTERREG: Culinary Trail,4527,T1.4 Developing transnational strategy,INTERREG,FALSE,PRORATA_PAYROLL,22.125,,,713.34
325,2017,2024-04-01,739,INTERREG: Culinary Trail,4527,T1.4 Developing transnational strategy,INTERREG,FALSE,PRORATA_PAYROLL,11.875,,,334.96
325,2017,2024-06-01,739,INTERREG: Culinary Trail,4527,T1.4 Developing transnational strategy,INTERREG,FALSE,PRORATA_PAYROLL,12.541666666666666,,,414.97
325,2017,2024-04-01,739,INTERREG: Culinary Trail,4529,T2.1 Development of Culinary Trail brand,INTERREG,FALSE,PRORATA_PAYROLL,10.375,,,292.65
325,2017,2024-05-01,739,INTERREG: Culinary Trail,4529,T2.1 Development of Culinary Trail brand,INTERREG,FALSE,PRORATA_PAYROLL,8.729166666666666,,,459.1
325,2017,2024-06-01,739,INTERREG: Culinary Trail,4529,T2.1 Development of Culinary Trail brand,INTERREG,FALSE,PRORATA_PAYROLL,9.875,,,326.74
325,2017,2024-07-01,739,INTERREG: Culinary Trail,4529,T2.1 Development of Culinary Trail brand,INTERREG,FALSE,PRORATA_PAYROLL,24.5,,,766.99
325,2017,2024-08-01,739,INTERREG: Culinary Trail,4529,T2.1 Development of Culinary Trail brand,INTERREG,FALSE,PRORATA_PAYROLL,7,,,460.19
325,2017,2024-04-01,739,INTERREG: Culinary Trail,4533,T3.5 Communicating Trail to transformation,INTERREG,FALSE,PRORATA_PAYROLL,4,,,112.83
325,2017,2024-05-01,739,INTERREG: Culinary Trail,4533,T3.5 Communicating Trail to transformation,INTERREG,FALSE,PRORATA_PAYROLL,5.8125,,,305.7
325,2017,2024-06-01,739,INTERREG: Culinary Trail,4533,T3.5 Communicating Trail to transformation,INTERREG,FALSE,PRORATA_PAYROLL,2.6666666666666665,,,88.23
325,2017,2024-07-01,739,INTERREG: Culinary Trail,4533,T3.5 Communicating Trail to transformation,INTERREG,FALSE,PRORATA_PAYROLL,15.208333333333334,,,476.11
325,2017,2024-08-01,739,INTERREG: Culinary Trail,4533,T3.5 Communicating Trail to transformation,INTERREG,FALSE,PRORATA_PAYROLL,2.6666666666666665,,,175.31
326,2016,2024-01-01,571,FlashPhos (mit MwSt),4559,WP1 Management 2024,H2020,FALSE,PRORATA_PAYROLL,14.699404761904763,,,700.12
326,2016,2024-02-01,571,FlashPhos (mit MwSt),4559,WP1 Management 2024,H2020,FALSE,PRORATA_PAYROLL,29.69404761904762,,,1139.77
326,2016,2024-03-01,571,FlashPhos (mit MwSt),4559,WP1 Management 2024,H2020,FALSE,PRORATA_PAYROLL,32.575,,,1276.58
326,2016,2024-04-01,571,FlashPhos (mit MwSt),4559,WP1 Management 2024,H2020,FALSE,PRORATA_PAYROLL,19.554166666666667,,,812.09
326,2016,2024-05-01,571,FlashPhos (mit MwSt),4559,WP1 Management 2024,H2020,FALSE,PRORATA_PAYROLL,18.897619047619045,,,835.29
326,2016,2024-06-01,571,FlashPhos (mit MwSt),4559,WP1 Management 2024,H2020,FALSE,PRORATA_PAYROLL,29.29285714285714,,,1155.87
326,2016,2024-07-01,571,FlashPhos (mit MwSt),4559,WP1 Management 2024,H2020,FALSE,PRORATA_PAYROLL,24.45922619047619,,,985.63
326,2016,2024-08-01,571,FlashPhos (mit MwSt),4559,WP1 Management 2024,H2020,FALSE,PRORATA_PAYROLL,9.219047619047618,,,779.18
326,2016,2024-09-01,571,FlashPhos (mit MwSt),4559,WP1 Management 2024,H2020,FALSE,PRORATA_PAYROLL,14.5875,,,612.53
326,2016,2024-10-01,571,FlashPhos (mit MwSt),4559,WP1 Management 2024,H2020,FALSE,PRORATA_PAYROLL,11.333333333333334,,,475.89
326,2016,2024-11-01,571,FlashPhos (mit MwSt),4559,WP1 Management 2024,H2020,FALSE,PRORATA_PAYROLL,8.071428571428571,,,302.95
326,2016,2024-12-01,571,FlashPhos (mit MwSt),4559,WP1 Management 2024,H2020,FALSE,PRORATA_PAYROLL,2.8333333333333335,,,298.6
326,2016,2024-01-01,571,FlashPhos (mit MwSt),4576,WP9 Exploitation 2024,H2020,FALSE,PRORATA_PAYROLL,9.270238095238096,,,441.54
326,2016,2024-02-01,571,FlashPhos (mit MwSt),4576,WP9 Exploitation 2024,H2020,FALSE,PRORATA_PAYROLL,8.45,,,324.34
326,2016,2024-03-01,571,FlashPhos (mit MwSt),4576,WP9 Exploitation 2024,H2020,FALSE,PRORATA_PAYROLL,12.425,,,486.92
326,2016,2024-04-01,571,FlashPhos (mit MwSt),4576,WP9 Exploitation 2024,H2020,FALSE,PRORATA_PAYROLL,22.516666666666666,,,935.13
326,2016,2024-05-01,571,FlashPhos (mit MwSt),4576,WP9 Exploitation 2024,H2020,FALSE,PRORATA_PAYROLL,4.375,,,193.38
326,2016,2024-06-01,571,FlashPhos (mit MwSt),4576,WP9 Exploitation 2024,H2020,FALSE,PRORATA_PAYROLL,11.620238095238095,,,458.53
326,2016,2024-07-01,571,FlashPhos (mit MwSt),4576,WP9 Exploitation 2024,H2020,FALSE,PRORATA_PAYROLL,10.321726190476191,,,415.93
326,2016,2024-08-01,571,FlashPhos (mit MwSt),4576,WP9 Exploitation 2024,H2020,FALSE,PRORATA_PAYROLL,4.285714285714286,,,362.22
326,2016,2024-09-01,571,FlashPhos (mit MwSt),4576,WP9 Exploitation 2024,H2020,FALSE,PRORATA_PAYROLL,5.2125,,,218.87
326,2016,2024-10-01,571,FlashPhos (mit MwSt),4576,WP9 Exploitation 2024,H2020,FALSE,PRORATA_PAYROLL,14.083333333333334,,,591.36
326,2016,2024-11-01,571,FlashPhos (mit MwSt),4576,WP9 Exploitation 2024,H2020,FALSE,PRORATA_PAYROLL,10.571428571428571,,,396.78
326,2016,2024-12-01,571,FlashPhos (mit MwSt),4576,WP9 Exploitation 2024,H2020,FALSE,PRORATA_PAYROLL,2.8333333333333335,,,298.6
326,2016,2025-01-01,571,FlashPhos (mit MwSt),4578,WP1 Management 2025,H2020,FALSE,PRORATA_PAYROLL,37.979166666666664,,,0
326,2016,2025-02-01,571,FlashPhos (mit MwSt),4578,WP1 Management 2025,H2020,FALSE,PRORATA_PAYROLL,22.179166666666667,,,0
326,2016,2025-03-01,571,FlashPhos (mit MwSt),4578,WP1 Management 2025,H2020,FALSE,PRORATA_PAYROLL,4.85,,,0
326,2016,2025-04-01,571,FlashPhos (mit MwSt),4578,WP1 Management 2025,H2020,FALSE,PRORATA_PAYROLL,19.220833333333335,,,0
326,2016,2025-05-01,571,FlashPhos (mit MwSt),4578,WP1 Management 2025,H2020,FALSE,PRORATA_PAYROLL,8.125,,,0
326,2016,2025-01-01,571,FlashPhos (mit MwSt),4579,WP9 Exploitation 2025,H2020,FALSE,PRORATA_PAYROLL,18.645833333333332,,,0
326,2016,2025-02-01,571,FlashPhos (mit MwSt),4579,WP9 Exploitation 2025,H2020,FALSE,PRORATA_PAYROLL,4.685714285714285,,,0
326,2016,2025-04-01,571,FlashPhos (mit MwSt),4579,WP9 Exploitation 2025,H2020,FALSE,PRORATA_PAYROLL,8.408333333333333,,,0
326,2016,2025-05-01,571,FlashPhos (mit MwSt),4579,WP9 Exploitation 2025,H2020,FALSE,PRORATA_PAYROLL,11.458333333333334,,,0
326,2016,2024-01-01,603,SOPHIA (inkl. MwSt),3965,WP7 ESIA and business models,H2020,FALSE,PRORATA_PAYROLL,15.386904761904763,,,732.87
326,2016,2024-02-01,603,SOPHIA (inkl. MwSt),3965,WP7 ESIA and business models,H2020,FALSE,PRORATA_PAYROLL,18.683333333333334,,,717.14
326,2016,2024-03-01,603,SOPHIA (inkl. MwSt),3965,WP7 ESIA and business models,H2020,FALSE,PRORATA_PAYROLL,18.725,,,733.81
326,2016,2024-04-01,603,SOPHIA (inkl. MwSt),3965,WP7 ESIA and business models,H2020,FALSE,PRORATA_PAYROLL,11.716666666666667,,,486.6
326,2016,2024-05-01,603,SOPHIA (inkl. MwSt),3965,WP7 ESIA and business models,H2020,FALSE,PRORATA_PAYROLL,10.922619047619047,,,482.79
326,2016,2024-06-01,603,SOPHIA (inkl. MwSt),3965,WP7 ESIA and business models,H2020,FALSE,PRORATA_PAYROLL,13.980357142857144,,,551.65
326,2016,2024-07-01,603,SOPHIA (inkl. MwSt),3965,WP7 ESIA and business models,H2020,FALSE,PRORATA_PAYROLL,12.092559523809525,,,487.29
326,2016,2024-08-01,603,SOPHIA (inkl. MwSt),3965,WP7 ESIA and business models,H2020,FALSE,PRORATA_PAYROLL,12.619047619047619,,,1066.55
326,2016,2024-09-01,603,SOPHIA (inkl. MwSt),3965,WP7 ESIA and business models,H2020,FALSE,PRORATA_PAYROLL,28.9875,,,1217.19
326,2016,2024-10-01,603,SOPHIA (inkl. MwSt),3965,WP7 ESIA and business models,H2020,FALSE,PRORATA_PAYROLL,49.3125,,,2070.63
326,2016,2024-11-01,603,SOPHIA (inkl. MwSt),3965,WP7 ESIA and business models,H2020,FALSE,PRORATA_PAYROLL,59.57142857142858,,,2235.9
326,2016,2024-12-01,603,SOPHIA (inkl. MwSt),3965,WP7 ESIA and business models,H2020,FALSE,PRORATA_PAYROLL,27.854166666666668,,,2935.47
326,2016,2024-01-01,603,SOPHIA (inkl. MwSt),3968,WP9 Project Management,H2020,FALSE,PRORATA_PAYROLL,33.14940476190476,,,1578.89
326,2016,2024-02-01,603,SOPHIA (inkl. MwSt),3968,WP9 Project Management,H2020,FALSE,PRORATA_PAYROLL,40.15238095238095,,,1541.2
326,2016,2024-03-01,603,SOPHIA (inkl. MwSt),3968,WP9 Project Management,H2020,FALSE,PRORATA_PAYROLL,33.55,,,1314.78
326,2016,2024-04-01,603,SOPHIA (inkl. MwSt),3968,WP9 Project Management,H2020,FALSE,PRORATA_PAYROLL,31.816666666666666,,,1321.36
326,2016,2024-05-01,603,SOPHIA (inkl. MwSt),3968,WP9 Project Management,H2020,FALSE,PRORATA_PAYROLL,12.397619047619047,,,547.99
326,2016,2024-06-01,603,SOPHIA (inkl. MwSt),3968,WP9 Project Management,H2020,FALSE,PRORATA_PAYROLL,13.142857142857144,,,518.61
326,2016,2024-07-01,603,SOPHIA (inkl. MwSt),3968,WP9 Project Management,H2020,FALSE,PRORATA_PAYROLL,10.004464285714285,,,403.15
326,2016,2024-08-01,603,SOPHIA (inkl. MwSt),3968,WP9 Project Management,H2020,FALSE,PRORATA_PAYROLL,12.076190476190478,,,1020.66
326,2016,2024-09-01,603,SOPHIA (inkl. MwSt),3968,WP9 Project Management,H2020,FALSE,PRORATA_PAYROLL,28.9875,,,1217.19
326,2016,2024-10-01,603,SOPHIA (inkl. MwSt),3968,WP9 Project Management,H2020,FALSE,PRORATA_PAYROLL,55.729166666666664,,,2340.07
326,2016,2024-11-01,603,SOPHIA (inkl. MwSt),3968,WP9 Project Management,H2020,FALSE,PRORATA_PAYROLL,87.57142857142857,,,3286.82
326,2016,2024-12-01,603,SOPHIA (inkl. MwSt),3968,WP9 Project Management,H2020,FALSE,PRORATA_PAYROLL,34.979166666666664,,,3686.35
326,2016,2025-01-01,603,SOPHIA (inkl. MwSt),3968,WP9 Project Management,H2020,FALSE,PRORATA_PAYROLL,51.8125,,,0
326,2016,2025-02-01,603,SOPHIA (inkl. MwSt),3968,WP9 Project Management,H2020,FALSE,PRORATA_PAYROLL,43.69166666666667,,,0
326,2016,2025-03-01,603,SOPHIA (inkl. MwSt),3968,WP9 Project Management,H2020,FALSE,PRORATA_PAYROLL,41.67916666666667,,,0
326,2016,2025-04-01,603,SOPHIA (inkl. MwSt),3968,WP9 Project Management,H2020,FALSE,PRORATA_PAYROLL,31.8,,,0
326,2016,2025-05-01,603,SOPHIA (inkl. MwSt),3968,WP9 Project Management,H2020,FALSE,PRORATA_PAYROLL,35.575,,,0
331,2016,2024-01-01,532,FUSILLI (mit MwSt.),3592,WP3 Long-term Planning 1 PM,H2020,FALSE,PRORATA_PAYROLL,36.833333333333336,,,1667.71
331,2016,2024-02-01,532,FUSILLI (mit MwSt.),3592,WP3 Long-term Planning 1 PM,H2020,FALSE,PRORATA_PAYROLL,47.25,,,1912.5
331,2016,2024-03-01,532,FUSILLI (mit MwSt.),3592,WP3 Long-term Planning 1 PM,H2020,FALSE,PRORATA_PAYROLL,3.6666666666666665,,,148.41
331,2016,2024-04-01,532,FUSILLI (mit MwSt.),3592,WP3 Long-term Planning 1 PM,H2020,FALSE,PRORATA_PAYROLL,3.4166666666666665,,,137.39
331,2016,2024-05-01,532,FUSILLI (mit MwSt.),3592,WP3 Long-term Planning 1 PM,H2020,FALSE,PRORATA_PAYROLL,11.166666666666666,,,557.59
331,2016,2024-08-01,532,FUSILLI (mit MwSt.),3592,WP3 Long-term Planning 1 PM,H2020,FALSE,PRORATA_PAYROLL,3.1666666666666665,,,219.61
331,2016,2024-09-01,532,FUSILLI (mit MwSt.),3592,WP3 Long-term Planning 1 PM,H2020,FALSE,PRORATA_PAYROLL,2.25,,,96.99
331,2016,2024-01-01,532,FUSILLI (mit MwSt.),3594,"WP5 Cooperation 3,5 PM",H2020,FALSE,PRORATA_PAYROLL,19,,,860.27
331,2016,2024-02-01,532,FUSILLI (mit MwSt.),3594,"WP5 Cooperation 3,5 PM",H2020,FALSE,PRORATA_PAYROLL,2.25,,,91.07
331,2016,2024-03-01,532,FUSILLI (mit MwSt.),3594,"WP5 Cooperation 3,5 PM",H2020,FALSE,PRORATA_PAYROLL,10.166666666666666,,,411.51
331,2016,2024-04-01,532,FUSILLI (mit MwSt.),3594,"WP5 Cooperation 3,5 PM",H2020,FALSE,PRORATA_PAYROLL,1.75,,,70.37
331,2016,2024-05-01,532,FUSILLI (mit MwSt.),3594,"WP5 Cooperation 3,5 PM",H2020,FALSE,PRORATA_PAYROLL,9.5,,,474.37
331,2016,2024-07-01,532,FUSILLI (mit MwSt.),3594,"WP5 Cooperation 3,5 PM",H2020,FALSE,PRORATA_PAYROLL,2.375,,,85.99
331,2016,2024-01-01,532,FUSILLI (mit MwSt.),3595,"WP6 Dissemination & Communication 17,5 PM",H2020,FALSE,PRORATA_PAYROLL,36.833333333333336,,,1667.71
331,2016,2024-02-01,532,FUSILLI (mit MwSt.),3595,"WP6 Dissemination & Communication 17,5 PM",H2020,FALSE,PRORATA_PAYROLL,47.25,,,1912.5
331,2016,2024-03-01,532,FUSILLI (mit MwSt.),3595,"WP6 Dissemination & Communication 17,5 PM",H2020,FALSE,PRORATA_PAYROLL,65.08333333333333,,,2634.33
331,2016,2024-04-01,532,FUSILLI (mit MwSt.),3595,"WP6 Dissemination & Communication 17,5 PM",H2020,FALSE,PRORATA_PAYROLL,71.66666666666667,,,2881.79
331,2016,2024-05-01,532,FUSILLI (mit MwSt.),3595,"WP6 Dissemination & Communication 17,5 PM",H2020,FALSE,PRORATA_PAYROLL,29.5,,,1473.03
331,2016,2024-06-01,532,FUSILLI (mit MwSt.),3595,"WP6 Dissemination & Communication 17,5 PM",H2020,FALSE,PRORATA_PAYROLL,10.5,,,444.21
331,2016,2024-07-01,532,FUSILLI (mit MwSt.),3595,"WP6 Dissemination & Communication 17,5 PM",H2020,FALSE,PRORATA_PAYROLL,2.375,,,85.99
331,2016,2024-08-01,532,FUSILLI (mit MwSt.),3595,"WP6 Dissemination & Communication 17,5 PM",H2020,FALSE,PRORATA_PAYROLL,4.5,,,312.08
331,2016,2024-09-01,532,FUSILLI (mit MwSt.),3595,"WP6 Dissemination & Communication 17,5 PM",H2020,FALSE,PRORATA_PAYROLL,66.08333333333333,,,2848.71
331,2016,2024-10-01,532,FUSILLI (mit MwSt.),3595,"WP6 Dissemination & Communication 17,5 PM",H2020,FALSE,PRORATA_PAYROLL,66,,,3050.46
331,2016,2024-11-01,532,FUSILLI (mit MwSt.),3595,"WP6 Dissemination & Communication 17,5 PM",H2020,FALSE,PRORATA_PAYROLL,42.833333333333336,,,2124.58
331,2016,2024-12-01,532,FUSILLI (mit MwSt.),3595,"WP6 Dissemination & Communication 17,5 PM",H2020,FALSE,PRORATA_PAYROLL,34.5,,,3745.11
331,2016,2024-06-01,798,DISTENDER: ExCo 2024,4809,WP11,VERRECHNUNG INTERN,FALSE,PRORATA_PAYROLL,28,,,1184.55
332,2017,2024-01-01,593,RESTORE,3848,WP6 Exploitation and Business Model Development 15PM,H2020,FALSE,PRORATA_PAYROLL,64,,,1623.96
332,2017,2024-02-01,593,RESTORE,3848,WP6 Exploitation and Business Model Development 15PM,H2020,FALSE,PRORATA_PAYROLL,48,,,1275.97
332,2017,2024-03-01,593,RESTORE,3848,WP6 Exploitation and Business Model Development 15PM,H2020,FALSE,PRORATA_PAYROLL,44,,,1535.15
332,2017,2024-04-01,593,RESTORE,3848,WP6 Exploitation and Business Model Development 15PM,H2020,FALSE,PRORATA_PAYROLL,64,,,1831.35
332,2017,2024-05-01,593,RESTORE,3848,WP6 Exploitation and Business Model Development 15PM,H2020,FALSE,PRORATA_PAYROLL,24,,,743.26
332,2017,2024-02-01,593,RESTORE,3856,WP7 Communication & Dissemination 3PM,H2020,FALSE,PRORATA_PAYROLL,4,,,106.33
332,2017,2024-03-01,593,RESTORE,3856,WP7 Communication & Dissemination 3PM,H2020,FALSE,PRORATA_PAYROLL,4,,,139.56
332,2017,2024-05-01,593,RESTORE,3856,WP7 Communication & Dissemination 3PM,H2020,FALSE,PRORATA_PAYROLL,36,,,1114.89
333,2017,2024-01-01,642,TENDER: DTA,4014,Tender DTA - 2024,TENDER,FALSE,PRORATA_PAYROLL,32,,,0
333,2017,2024-02-01,642,TENDER: DTA,4014,Tender DTA - 2024,TENDER,FALSE,PRORATA_PAYROLL,32,,,1231.68
335,2017,2024-01-01,677,WM KMU Unterstützung 2023-2024,4149,WM-KMU 2024,REGIONALE FÖRDERUNG,FALSE,PRORATA_PAYROLL,44.5,,,1144.68
335,2017,2024-02-01,677,WM KMU Unterstützung 2023-2024,4149,WM-KMU 2024,REGIONALE FÖRDERUNG,FALSE,PRORATA_PAYROLL,28.9,,,929.25
335,2017,2024-03-01,677,WM KMU Unterstützung 2023-2024,4149,WM-KMU 2024,REGIONALE FÖRDERUNG,FALSE,PRORATA_PAYROLL,36.4,,,936.32
335,2017,2024-04-01,677,WM KMU Unterstützung 2023-2024,4149,WM-KMU 2024,REGIONALE FÖRDERUNG,FALSE,PRORATA_PAYROLL,32,,,1056.74
335,2017,2024-05-01,677,WM KMU Unterstützung 2023-2024,4149,WM-KMU 2024,REGIONALE FÖRDERUNG,FALSE,PRORATA_PAYROLL,12.5,,,358.37
335,2017,2024-07-01,677,WM KMU Unterstützung 2023-2024,4149,WM-KMU 2024,REGIONALE FÖRDERUNG,FALSE,PRORATA_PAYROLL,16,,,378.94
335,2017,2024-08-01,677,WM KMU Unterstützung 2023-2024,4149,WM-KMU 2024,REGIONALE FÖRDERUNG,FALSE,PRORATA_PAYROLL,43,,,1377.83
335,2017,2024-09-01,677,WM KMU Unterstützung 2023-2024,4149,WM-KMU 2024,REGIONALE FÖRDERUNG,FALSE,PRORATA_PAYROLL,24,,,1188.49
336,2016,2024-01-01,530,ISLANDER (mit MwSt),3402,WP7 REC creation,H2020,FALSE,PRORATA_PAYROLL,16,,,0
336,2016,2024-02-01,530,ISLANDER (mit MwSt),3402,WP7 REC creation,H2020,FALSE,PRORATA_PAYROLL,8.25,,,0
336,2016,2024-03-01,530,ISLANDER (mit MwSt),3402,WP7 REC creation,H2020,FALSE,PRORATA_PAYROLL,23.083333333333332,,,0
336,2016,2024-04-01,530,ISLANDER (mit MwSt),3402,WP7 REC creation,H2020,FALSE,PRORATA_PAYROLL,10.791666666666666,,,0
336,2016,2024-05-01,530,ISLANDER (mit MwSt),3402,WP7 REC creation,H2020,FALSE,PRORATA_PAYROLL,32,,,0
336,2016,2024-06-01,530,ISLANDER (mit MwSt),3402,WP7 REC creation,H2020,FALSE,PRORATA_PAYROLL,7.25,,,0
336,2016,2024-07-01,530,ISLANDER (mit MwSt),3402,WP7 REC creation,H2020,FALSE,PRORATA_PAYROLL,8,,,0
336,2016,2024-09-01,530,ISLANDER (mit MwSt),3402,WP7 REC creation,H2020,FALSE,PRORATA_PAYROLL,32,,,0
336,2016,2024-12-01,530,ISLANDER (mit MwSt),3402,WP7 REC creation,H2020,FALSE,PRORATA_PAYROLL,8,,,0
336,2016,2024-01-01,530,ISLANDER (mit MwSt),3404,"WP9 Exploitation, dissemination",H2020,FALSE,PRORATA_PAYROLL,16,,,0
336,2016,2024-02-01,530,ISLANDER (mit MwSt),3404,"WP9 Exploitation, dissemination",H2020,FALSE,PRORATA_PAYROLL,4,,,0
336,2016,2024-03-01,530,ISLANDER (mit MwSt),3404,"WP9 Exploitation, dissemination",H2020,FALSE,PRORATA_PAYROLL,14.833333333333334,,,0
336,2016,2024-04-01,530,ISLANDER (mit MwSt),3404,"WP9 Exploitation, dissemination",H2020,FALSE,PRORATA_PAYROLL,39.041666666666664,,,0
336,2016,2024-05-01,530,ISLANDER (mit MwSt),3404,"WP9 Exploitation, dissemination",H2020,FALSE,PRORATA_PAYROLL,80.5,,,0
336,2016,2024-06-01,530,ISLANDER (mit MwSt),3404,"WP9 Exploitation, dissemination",H2020,FALSE,PRORATA_PAYROLL,8,,,0
336,2016,2024-07-01,530,ISLANDER (mit MwSt),3404,"WP9 Exploitation, dissemination",H2020,FALSE,PRORATA_PAYROLL,15.5,,,0
336,2016,2024-11-01,530,ISLANDER (mit MwSt),3404,"WP9 Exploitation, dissemination",H2020,FALSE,PRORATA_PAYROLL,8,,,0
336,2016,2024-12-01,530,ISLANDER (mit MwSt),3404,"WP9 Exploitation, dissemination",H2020,FALSE,PRORATA_PAYROLL,8,,,0
337,2016,2024-01-01,530,ISLANDER (mit MwSt),3404,"WP9 Exploitation, dissemination",H2020,FALSE,PRORATA_PAYROLL,37.708333333333336,,,1166.51
337,2016,2024-02-01,530,ISLANDER (mit MwSt),3404,"WP9 Exploitation, dissemination",H2020,FALSE,PRORATA_PAYROLL,33.833333333333336,,,1076.54
337,2016,2024-03-01,530,ISLANDER (mit MwSt),3404,"WP9 Exploitation, dissemination",H2020,FALSE,PRORATA_PAYROLL,63.333333333333336,,,2150.36
337,2016,2024-04-01,530,ISLANDER (mit MwSt),3404,"WP9 Exploitation, dissemination",H2020,FALSE,PRORATA_PAYROLL,34.958333333333336,,,1395.45
337,2016,2024-05-01,530,ISLANDER (mit MwSt),3404,"WP9 Exploitation, dissemination",H2020,FALSE,PRORATA_PAYROLL,25.833333333333332,,,1376.53
337,2016,2024-06-01,530,ISLANDER (mit MwSt),3404,"WP9 Exploitation, dissemination",H2020,FALSE,PRORATA_PAYROLL,45.458333333333336,,,1610.45
337,2016,2024-07-01,530,ISLANDER (mit MwSt),3404,"WP9 Exploitation, dissemination",H2020,FALSE,PRORATA_PAYROLL,53.666666666666664,,,1677.05
337,2016,2024-08-01,530,ISLANDER (mit MwSt),3404,"WP9 Exploitation, dissemination",H2020,FALSE,PRORATA_PAYROLL,72,,,2352.22
337,2016,2024-09-01,530,ISLANDER (mit MwSt),3404,"WP9 Exploitation, dissemination",H2020,FALSE,PRORATA_PAYROLL,24.833333333333332,,,1983.18
337,2016,2024-10-01,530,ISLANDER (mit MwSt),3404,"WP9 Exploitation, dissemination",H2020,FALSE,PRORATA_PAYROLL,42.791666666666664,,,1618.73
337,2016,2024-11-01,530,ISLANDER (mit MwSt),3404,"WP9 Exploitation, dissemination",H2020,FALSE,PRORATA_PAYROLL,43.166666666666664,,,1455.74
337,2016,2024-12-01,530,ISLANDER (mit MwSt),3404,"WP9 Exploitation, dissemination",H2020,FALSE,PRORATA_PAYROLL,13.833333333333334,,,1366.25
337,2016,2025-02-01,530,ISLANDER (mit MwSt),3666,ISLANDER Planung,H2020,FALSE,PRORATA_PAYROLL,45.333333333333336,,,0
337,2016,2024-01-01,571,FlashPhos (mit MwSt),4577,WP10 Communication 2024,H2020,FALSE,PRORATA_PAYROLL,50.958333333333336,,,1576.4
337,2016,2024-03-01,571,FlashPhos (mit MwSt),4577,WP10 Communication 2024,H2020,FALSE,PRORATA_PAYROLL,2,,,67.91
337,2016,2024-04-01,571,FlashPhos (mit MwSt),4577,WP10 Communication 2024,H2020,FALSE,PRORATA_PAYROLL,42.041666666666664,,,1678.2
337,2016,2024-05-01,571,FlashPhos (mit MwSt),4577,WP10 Communication 2024,H2020,FALSE,PRORATA_PAYROLL,37.333333333333336,,,1989.31
337,2016,2024-06-01,571,FlashPhos (mit MwSt),4577,WP10 Communication 2024,H2020,FALSE,PRORATA_PAYROLL,54.083333333333336,,,1916
337,2016,2024-07-01,571,FlashPhos (mit MwSt),4577,WP10 Communication 2024,H2020,FALSE,PRORATA_PAYROLL,39,,,1218.72
337,2016,2024-08-01,571,FlashPhos (mit MwSt),4577,WP10 Communication 2024,H2020,FALSE,PRORATA_PAYROLL,32,,,1045.43
337,2016,2024-09-01,571,FlashPhos (mit MwSt),4577,WP10 Communication 2024,H2020,FALSE,PRORATA_PAYROLL,24.833333333333332,,,1983.18
337,2016,2024-10-01,571,FlashPhos (mit MwSt),4577,WP10 Communication 2024,H2020,FALSE,PRORATA_PAYROLL,34.541666666666664,,,1306.65
337,2016,2024-11-01,571,FlashPhos (mit MwSt),4577,WP10 Communication 2024,H2020,FALSE,PRORATA_PAYROLL,43.666666666666664,,,1472.6
337,2016,2024-12-01,571,FlashPhos (mit MwSt),4577,WP10 Communication 2024,H2020,FALSE,PRORATA_PAYROLL,18.5,,,1827.15
338,2016,2024-11-01,768,EVERY1: ExCo 2024,4662,WP5 Maximising impact,VERRECHNUNG INTERN,FALSE,PRORATA_PAYROLL,25,,,0
338,2016,2024-12-01,768,EVERY1: ExCo 2024,4662,WP5 Maximising impact,VERRECHNUNG INTERN,FALSE,PRORATA_PAYROLL,24,,,0
339,2016,2024-02-01,592,OpenLab (inkl. MwSt),3824,WP8 D&C,H2020,FALSE,PRORATA_PAYROLL,36,,,1292.16
339,2016,2024-03-01,592,OpenLab (inkl. MwSt),3824,WP8 D&C,H2020,FALSE,PRORATA_PAYROLL,29,,,1137.04
339,2016,2024-04-01,592,OpenLab (inkl. MwSt),3824,WP8 D&C,H2020,FALSE,PRORATA_PAYROLL,35,,,1175.57
339,2016,2024-05-01,592,OpenLab (inkl. MwSt),3824,WP8 D&C,H2020,FALSE,PRORATA_PAYROLL,42.5,,,1650.58
339,2016,2024-06-01,592,OpenLab (inkl. MwSt),3824,WP8 D&C,H2020,FALSE,PRORATA_PAYROLL,39.5,,,1459.97
339,2016,2024-07-01,592,OpenLab (inkl. MwSt),3824,WP8 D&C,H2020,FALSE,PRORATA_PAYROLL,15,,,535.28
339,2016,2024-08-01,592,OpenLab (inkl. MwSt),3824,WP8 D&C,H2020,FALSE,PRORATA_PAYROLL,27.5,,,1131.02
339,2016,2024-09-01,592,OpenLab (inkl. MwSt),3824,WP8 D&C,H2020,FALSE,PRORATA_PAYROLL,16,,,1083.94
339,2016,2024-10-01,592,OpenLab (inkl. MwSt),3824,WP8 D&C,H2020,FALSE,PRORATA_PAYROLL,25.75,,,947.65
339,2016,2024-11-01,592,OpenLab (inkl. MwSt),3824,WP8 D&C,H2020,FALSE,PRORATA_PAYROLL,17.75,,,1032.67
339,2016,2024-12-01,592,OpenLab (inkl. MwSt),3824,WP8 D&C,H2020,FALSE,PRORATA_PAYROLL,61.5,,,7096.5
339,2016,2024-08-01,592,OpenLab (inkl. MwSt),3876,WP7 Exploitation,H2020,FALSE,PRORATA_PAYROLL,10,,,411.28
339,2016,2024-03-01,592,OpenLab (inkl. MwSt),3877,WP9 Management,H2020,FALSE,PRORATA_PAYROLL,7.5,,,294.06
339,2016,2024-04-01,592,OpenLab (inkl. MwSt),3877,WP9 Management,H2020,FALSE,PRORATA_PAYROLL,7.5,,,251.91
339,2016,2024-10-01,592,OpenLab (inkl. MwSt),3877,WP9 Management,H2020,FALSE,PRORATA_PAYROLL,16.75,,,616.43
342,2016,2025-02-01,645,NanodiagBW (mit MwSt.),4035,nanodiagBW - 2025,NATIONALE FÖRDERUNG,FALSE,PRORATA_PAYROLL,16,,,0
342,2016,2025-03-01,645,NanodiagBW (mit MwSt.),4035,nanodiagBW - 2025,NATIONALE FÖRDERUNG,FALSE,PRORATA_PAYROLL,9.333333333333334,,,0
343,2016,2024-04-01,562,COSMHYC DEMO (mit MwSt),4572,WP7 ComDissExp 2024 - DEMO,H2020,FALSE,PRORATA_PAYROLL,24,,,674.82
343,2016,2024-05-01,562,COSMHYC DEMO (mit MwSt),4572,WP7 ComDissExp 2024 - DEMO,H2020,FALSE,PRORATA_PAYROLL,45.333333333333336,,,1475.93
343,2016,2024-06-01,562,COSMHYC DEMO (mit MwSt),4572,WP7 ComDissExp 2024 - DEMO,H2020,FALSE,PRORATA_PAYROLL,24,,,696.37
343,2016,2024-07-01,562,COSMHYC DEMO (mit MwSt),4572,WP7 ComDissExp 2024 - DEMO,H2020,FALSE,PRORATA_PAYROLL,52.166666666666664,,,1623.66
343,2016,2024-08-01,562,COSMHYC DEMO (mit MwSt),4572,WP7 ComDissExp 2024 - DEMO,H2020,FALSE,PRORATA_PAYROLL,48,,,1810.5
343,2016,2024-09-01,562,COSMHYC DEMO (mit MwSt),4572,WP7 ComDissExp 2024 - DEMO,H2020,FALSE,PRORATA_PAYROLL,72,,,2098.53
343,2016,2024-10-01,562,COSMHYC DEMO (mit MwSt),4572,WP7 ComDissExp 2024 - DEMO,H2020,FALSE,PRORATA_PAYROLL,53.333333333333336,,,1709.92
343,2016,2024-11-01,562,COSMHYC DEMO (mit MwSt),4572,WP7 ComDissExp 2024 - DEMO,H2020,FALSE,PRORATA_PAYROLL,54,,,1753.21
343,2016,2024-12-01,562,COSMHYC DEMO (mit MwSt),4572,WP7 ComDissExp 2024 - DEMO,H2020,FALSE,PRORATA_PAYROLL,34,,,1991.41
343,2016,2025-01-01,562,COSMHYC DEMO (mit MwSt),4920,WP1 Management 2025 - DEMO,H2020,FALSE,PRORATA_PAYROLL,15.733333333333333,,,0
343,2016,2025-02-01,562,COSMHYC DEMO (mit MwSt),4920,WP1 Management 2025 - DEMO,H2020,FALSE,PRORATA_PAYROLL,10.025,,,0
343,2016,2025-03-01,562,COSMHYC DEMO (mit MwSt),4920,WP1 Management 2025 - DEMO,H2020,FALSE,PRORATA_PAYROLL,8.05,,,0
343,2016,2025-05-01,562,COSMHYC DEMO (mit MwSt),4920,WP1 Management 2025 - DEMO,H2020,FALSE,PRORATA_PAYROLL,50.733333333333334,,,0
343,2016,2025-06-01,562,COSMHYC DEMO (mit MwSt),4920,WP1 Management 2025 - DEMO,H2020,FALSE,PRORATA_PAYROLL,21.85,,,0
343,2016,2025-01-01,562,COSMHYC DEMO (mit MwSt),4921,WP7 ComDissExp 2025 - DEMO,H2020,FALSE,PRORATA_PAYROLL,36.4,,,0
343,2016,2025-02-01,562,COSMHYC DEMO (mit MwSt),4921,WP7 ComDissExp 2025 - DEMO,H2020,FALSE,PRORATA_PAYROLL,36.19166666666667,,,0
343,2016,2025-03-01,562,COSMHYC DEMO (mit MwSt),4921,WP7 ComDissExp 2025 - DEMO,H2020,FALSE,PRORATA_PAYROLL,29.383333333333333,,,0
343,2016,2025-05-01,562,COSMHYC DEMO (mit MwSt),4921,WP7 ComDissExp 2025 - DEMO,H2020,FALSE,PRORATA_PAYROLL,50.733333333333334,,,0
343,2016,2025-06-01,562,COSMHYC DEMO (mit MwSt),4921,WP7 ComDissExp 2025 - DEMO,H2020,FALSE,PRORATA_PAYROLL,15.975,,,0
344,2136,2024-04-01,715,EUB: 2024 - 2025,4414,EUB 2024,INSTITUTIONELLE FÖRDERUNG,FALSE,PRORATA_PAYROLL,169.25,,,5084.1
344,2136,2024-05-01,715,EUB: 2024 - 2025,4414,EUB 2024,INSTITUTIONELLE FÖRDERUNG,FALSE,PRORATA_PAYROLL,154.25,,,5084.1
344,2136,2024-06-01,715,EUB: 2024 - 2025,4414,EUB 2024,INSTITUTIONELLE FÖRDERUNG,FALSE,PRORATA_PAYROLL,160.25,,,5184.1
344,2136,2024-07-01,715,EUB: 2024 - 2025,4414,EUB 2024,INSTITUTIONELLE FÖRDERUNG,FALSE,PRORATA_PAYROLL,184.25,,,5084.1
344,2136,2024-08-01,715,EUB: 2024 - 2025,4414,EUB 2024,INSTITUTIONELLE FÖRDERUNG,FALSE,PRORATA_PAYROLL,110.66666666666667,,,5084.1
344,2136,2024-09-01,715,EUB: 2024 - 2025,4414,EUB 2024,INSTITUTIONELLE FÖRDERUNG,FALSE,PRORATA_PAYROLL,57.375,,,1271.03
344,2136,2024-10-01,715,EUB: 2024 - 2025,4414,EUB 2024,INSTITUTIONELLE FÖRDERUNG,FALSE,PRORATA_PAYROLL,69.625,,,1316.43
344,2136,2024-11-01,715,EUB: 2024 - 2025,4414,EUB 2024,INSTITUTIONELLE FÖRDERUNG,FALSE,PRORATA_PAYROLL,62.5,,,1316.43
344,2136,2024-12-01,715,EUB: 2024 - 2025,4414,EUB 2024,INSTITUTIONELLE FÖRDERUNG,FALSE,PRORATA_PAYROLL,47.916666666666664,,,2393.7
344,2017,2024-09-01,781,INTERREG: RECENTRE,4794,WP1 2024 - To engage SMEs to develop the transformation model,INTERREG,FALSE,PRORATA_PAYROLL,113.625,,,3813.08
344,2017,2024-10-01,781,INTERREG: RECENTRE,4794,WP1 2024 - To engage SMEs to develop the transformation model,INTERREG,FALSE,PRORATA_PAYROLL,104.375,,,3949.25
344,2017,2024-11-01,781,INTERREG: RECENTRE,4794,WP1 2024 - To engage SMEs to develop the transformation model,INTERREG,FALSE,PRORATA_PAYROLL,62.5,,,3949.25
344,2017,2024-12-01,781,INTERREG: RECENTRE,4794,WP1 2024 - To engage SMEs to develop the transformation model,INTERREG,FALSE,PRORATA_PAYROLL,55.416666666666664,,,4377.73
344,2017,2025-01-01,781,INTERREG: RECENTRE,4803,WP1 2025 RP1 - To engage SMEs to develop the transformation model,INTERREG,FALSE,PRORATA_PAYROLL,152,,,5289.17
344,2017,2025-02-01,781,INTERREG: RECENTRE,4803,WP1 2025 RP1 - To engage SMEs to develop the transformation model,INTERREG,FALSE,PRORATA_PAYROLL,160,,,5289.17
344,2017,2025-03-01,781,INTERREG: RECENTRE,4804,WP2 2025 RP2 - Testing the methodology for a Manufacturing 5.0,INTERREG,FALSE,PRORATA_PAYROLL,20.295833333333334,,,858.78
344,2017,2025-04-01,781,INTERREG: RECENTRE,4804,WP2 2025 RP2 - Testing the methodology for a Manufacturing 5.0,INTERREG,FALSE,PRORATA_PAYROLL,21.4375,,,799.35
344,2017,2025-05-01,781,INTERREG: RECENTRE,4804,WP2 2025 RP2 - Testing the methodology for a Manufacturing 5.0,INTERREG,FALSE,PRORATA_PAYROLL,27.395833333333332,,,1056.75
344,2017,2025-03-01,781,INTERREG: RECENTRE,4923,WP1 2025 RP2 - To engage SMEs to develop the transformation model,INTERREG,FALSE,PRORATA_PAYROLL,29.191666666666666,,,1235.2
344,2017,2025-04-01,781,INTERREG: RECENTRE,4923,WP1 2025 RP2 - To engage SMEs to develop the transformation model,INTERREG,FALSE,PRORATA_PAYROLL,34.4375,,,1284.09
344,2017,2025-05-01,781,INTERREG: RECENTRE,4923,WP1 2025 RP2 - To engage SMEs to develop the transformation model,INTERREG,FALSE,PRORATA_PAYROLL,28.979166666666668,,,1117.82
344,2017,2025-03-01,797,PA8 Lighthouse Projects WM,4828,SO1 Lighthouse projects identification and study document development (2025),TENDER,FALSE,PRORATA_PAYROLL,34.3375,,,1452.93
344,2017,2025-04-01,797,PA8 Lighthouse Projects WM,4828,SO1 Lighthouse projects identification and study document development (2025),TENDER,FALSE,PRORATA_PAYROLL,34.416666666666664,,,1283.31
344,2017,2025-05-01,797,PA8 Lighthouse Projects WM,4828,SO1 Lighthouse projects identification and study document development (2025),TENDER,FALSE,PRORATA_PAYROLL,22.541666666666668,,,869.51
344,2017,2025-03-01,797,PA8 Lighthouse Projects WM,4829,SO2 Communication & Dissemination activities (2025),TENDER,FALSE,PRORATA_PAYROLL,6.5375,,,276.62
344,2017,2025-04-01,797,PA8 Lighthouse Projects WM,4829,SO2 Communication & Dissemination activities (2025),TENDER,FALSE,PRORATA_PAYROLL,2.25,,,83.9
344,2017,2025-05-01,797,PA8 Lighthouse Projects WM,4829,SO2 Communication & Dissemination activities (2025),TENDER,FALSE,PRORATA_PAYROLL,2.4166666666666665,,,93.22
344,2017,2025-03-01,797,PA8 Lighthouse Projects WM,4830,SO3 Regional/International Workshop Events (2025),TENDER,FALSE,PRORATA_PAYROLL,18.925,,,800.78
344,2017,2025-04-01,797,PA8 Lighthouse Projects WM,4830,SO3 Regional/International Workshop Events (2025),TENDER,FALSE,PRORATA_PAYROLL,6.125,,,228.39
344,2017,2025-05-01,797,PA8 Lighthouse Projects WM,4830,SO3 Regional/International Workshop Events (2025),TENDER,FALSE,PRORATA_PAYROLL,14.75,,,568.96
344,2017,2025-03-01,797,PA8 Lighthouse Projects WM,4831,SO4 Project Management,TENDER,FALSE,PRORATA_PAYROLL,15.7125,,,664.85
344,2017,2025-04-01,797,PA8 Lighthouse Projects WM,4831,SO4 Project Management,TENDER,FALSE,PRORATA_PAYROLL,12.9375,,,482.41
344,2017,2025-05-01,797,PA8 Lighthouse Projects WM,4831,SO4 Project Management,TENDER,FALSE,PRORATA_PAYROLL,4.895833333333333,,,188.85
344,2017,2025-04-01,806,INTERREG: SMILE INCUBATOR,4940,SO1_R1_2025_Mapping the state of youth participation,INTERREG,FALSE,PRORATA_PAYROLL,17.25,,,643.21
344,2017,2025-05-01,806,INTERREG: SMILE INCUBATOR,4940,SO1_R1_2025_Mapping the state of youth participation,INTERREG,FALSE,PRORATA_PAYROLL,20.020833333333332,,,772.27
344,2017,2025-04-01,806,INTERREG: SMILE INCUBATOR,4941,SO2_R1_2025_Cooperation network of rural youth leaders,INTERREG,FALSE,PRORATA_PAYROLL,21.145833333333332,,,788.48
344,2017,2025-05-01,806,INTERREG: SMILE INCUBATOR,4941,SO2_R1_2025_Cooperation network of rural youth leaders,INTERREG,FALSE,PRORATA_PAYROLL,24,,,925.76
349,2016,2025-01-01,449,ATELIER  (o.Vst),3080,"WP10 Communication, Dissemination & Exploitation",H2020,FALSE,PRORATA_PAYROLL,8,,,0
349,2016,2025-02-01,449,ATELIER  (o.Vst),3080,"WP10 Communication, Dissemination & Exploitation",H2020,FALSE,PRORATA_PAYROLL,8.25,,,0
349,2016,2025-03-01,449,ATELIER  (o.Vst),3080,"WP10 Communication, Dissemination & Exploitation",H2020,FALSE,PRORATA_PAYROLL,3.625,,,0
349,2016,2025-04-01,449,ATELIER  (o.Vst),3080,"WP10 Communication, Dissemination & Exploitation",H2020,FALSE,PRORATA_PAYROLL,16.25,,,0
349,2016,2024-04-01,449,ATELIER  (o.Vst),3086,"WP10 T10.7. Digital Dissemination Materials 9,5PM",H2020,FALSE,PRORATA_PAYROLL,4,,,109.39
349,2016,2024-05-01,449,ATELIER  (o.Vst),3086,"WP10 T10.7. Digital Dissemination Materials 9,5PM",H2020,FALSE,PRORATA_PAYROLL,4,,,127.63
349,2016,2024-06-01,449,ATELIER  (o.Vst),3086,"WP10 T10.7. Digital Dissemination Materials 9,5PM",H2020,FALSE,PRORATA_PAYROLL,4,,,117.36
349,2016,2024-07-01,449,ATELIER  (o.Vst),3086,"WP10 T10.7. Digital Dissemination Materials 9,5PM",H2020,FALSE,PRORATA_PAYROLL,4,,,104.42
349,2016,2024-08-01,449,ATELIER  (o.Vst),3086,"WP10 T10.7. Digital Dissemination Materials 9,5PM",H2020,FALSE,PRORATA_PAYROLL,4,,,109.39
349,2016,2024-09-01,449,ATELIER  (o.Vst),3086,"WP10 T10.7. Digital Dissemination Materials 9,5PM",H2020,FALSE,PRORATA_PAYROLL,4,,,114.86
349,2016,2024-10-01,449,ATELIER  (o.Vst),3086,"WP10 T10.7. Digital Dissemination Materials 9,5PM",H2020,FALSE,PRORATA_PAYROLL,4,,,206.55
349,2016,2024-11-01,449,ATELIER  (o.Vst),3086,"WP10 T10.7. Digital Dissemination Materials 9,5PM",H2020,FALSE,PRORATA_PAYROLL,3.75,,,122.3
349,2016,2024-12-01,592,OpenLab (inkl. MwSt),3824,WP8 D&C,H2020,FALSE,PRORATA_PAYROLL,16,,,845.76
350,2017,2024-04-01,642,TENDER: DTA,4014,Tender DTA - 2024,TENDER,FALSE,PRORATA_PAYROLL,34.5,,,0
350,2017,2024-05-01,642,TENDER: DTA,4014,Tender DTA - 2024,TENDER,FALSE,PRORATA_PAYROLL,35.75,,,688.01
350,2017,2024-06-01,642,TENDER: DTA,4014,Tender DTA - 2024,TENDER,FALSE,PRORATA_PAYROLL,35.75,,,682.24
350,2017,2024-07-01,642,TENDER: DTA,4014,Tender DTA - 2024,TENDER,FALSE,PRORATA_PAYROLL,35.75,,,504.25
350,2017,2024-08-01,642,TENDER: DTA,4014,Tender DTA - 2024,TENDER,FALSE,PRORATA_PAYROLL,35.75,,,596.53
350,2017,2024-09-01,642,TENDER: DTA,4014,Tender DTA - 2024,TENDER,FALSE,PRORATA_PAYROLL,35.75,,,596.53
350,2017,2024-10-01,642,TENDER: DTA,4014,Tender DTA - 2024,TENDER,FALSE,PRORATA_PAYROLL,35.75,,,591.59
350,2017,2024-11-01,642,TENDER: DTA,4014,Tender DTA - 2024,TENDER,FALSE,PRORATA_PAYROLL,35.75,,,596.53
350,2017,2024-12-01,642,TENDER: DTA,4014,Tender DTA - 2024,TENDER,FALSE,PRORATA_PAYROLL,35.75,,,596.53
359,2016,2024-12-01,768,EVERY1: ExCo 2024,4662,WP5 Maximising impact,VERRECHNUNG INTERN,FALSE,PRORATA_PAYROLL,24,,,1622.36
362,2017,2024-10-01,738,INTERREG: BrAIn,4641,SO1 Enhancing the competitiveness of SMEs (Juli - Dez 2024),INTERREG,FALSE,PRORATA_PAYROLL,17.142857142857142,,,459.83
362,2017,2024-11-01,738,INTERREG: BrAIn,4641,SO1 Enhancing the competitiveness of SMEs (Juli - Dez 2024),INTERREG,FALSE,PRORATA_PAYROLL,14.933333333333334,,,440.62
362,2017,2024-12-01,738,INTERREG: BrAIn,4641,SO1 Enhancing the competitiveness of SMEs (Juli - Dez 2024),INTERREG,FALSE,PRORATA_PAYROLL,18.933333333333334,,,813.28
362,2017,2024-10-01,738,INTERREG: BrAIn,4643,SO2 Acceleration of transnational uptake of AI technologies (Juli - Dez 2024),INTERREG,FALSE,PRORATA_PAYROLL,17.142857142857142,,,459.83
362,2017,2024-11-01,738,INTERREG: BrAIn,4643,SO2 Acceleration of transnational uptake of AI technologies (Juli - Dez 2024),INTERREG,FALSE,PRORATA_PAYROLL,14.666666666666666,,,432.75
362,2017,2024-12-01,738,INTERREG: BrAIn,4643,SO2 Acceleration of transnational uptake of AI technologies (Juli - Dez 2024),INTERREG,FALSE,PRORATA_PAYROLL,18.74285714285714,,,805.1
362,2017,2024-10-01,738,INTERREG: BrAIn,4644,SO3 Increase and harmonize the capacity of policy makers (Juli - Dez 2024),INTERREG,FALSE,PRORATA_PAYROLL,16.000000000000004,,,429.18
362,2017,2024-11-01,738,INTERREG: BrAIn,4644,SO3 Increase and harmonize the capacity of policy makers (Juli - Dez 2024),INTERREG,FALSE,PRORATA_PAYROLL,22.4,,,660.93
362,2017,2024-12-01,738,INTERREG: BrAIn,4644,SO3 Increase and harmonize the capacity of policy makers (Juli - Dez 2024),INTERREG,FALSE,PRORATA_PAYROLL,5.6761904761904765,,,243.82
362,2017,2025-01-01,738,INTERREG: BrAIn,4976,SO1 Enhancing the competitivness of SMEs (Jan - Jun 2025),INTERREG,FALSE,PRORATA_PAYROLL,13,,,410.97
362,2017,2025-02-01,738,INTERREG: BrAIn,4976,SO1 Enhancing the competitivness of SMEs (Jan - Jun 2025),INTERREG,FALSE,PRORATA_PAYROLL,12.666666666666666,,,400.44
362,2017,2025-03-01,738,INTERREG: BrAIn,4976,SO1 Enhancing the competitivness of SMEs (Jan - Jun 2025),INTERREG,FALSE,PRORATA_PAYROLL,10,,,287.39
362,2017,2025-04-01,738,INTERREG: BrAIn,4976,SO1 Enhancing the competitivness of SMEs (Jan - Jun 2025),INTERREG,FALSE,PRORATA_PAYROLL,12.333333333333334,,,384.28
362,2017,2025-05-01,738,INTERREG: BrAIn,4976,SO1 Enhancing the competitivness of SMEs (Jan - Jun 2025),INTERREG,FALSE,PRORATA_PAYROLL,13.516666666666667,,,518.33
362,2017,2025-06-01,738,INTERREG: BrAIn,4976,SO1 Enhancing the competitivness of SMEs (Jan - Jun 2025),INTERREG,FALSE,PRORATA_PAYROLL,7.6,,,280.65
362,2017,2025-01-01,738,INTERREG: BrAIn,4978,SO2 Acceleration of transnational uptake of AI technologies (Jan - Jun 2025),INTERREG,FALSE,PRORATA_PAYROLL,16.666666666666668,,,526.89
362,2017,2025-02-01,738,INTERREG: BrAIn,4978,SO2 Acceleration of transnational uptake of AI technologies (Jan - Jun 2025),INTERREG,FALSE,PRORATA_PAYROLL,12.666666666666666,,,400.44
362,2017,2025-03-01,738,INTERREG: BrAIn,4978,SO2 Acceleration of transnational uptake of AI technologies (Jan - Jun 2025),INTERREG,FALSE,PRORATA_PAYROLL,22.766666666666666,,,654.3
362,2017,2025-04-01,738,INTERREG: BrAIn,4978,SO2 Acceleration of transnational uptake of AI technologies (Jan - Jun 2025),INTERREG,FALSE,PRORATA_PAYROLL,8.8,,,274.19
362,2017,2025-05-01,738,INTERREG: BrAIn,4978,SO2 Acceleration of transnational uptake of AI technologies (Jan - Jun 2025),INTERREG,FALSE,PRORATA_PAYROLL,9.6,,,368.14
362,2017,2025-06-01,738,INTERREG: BrAIn,4978,SO2 Acceleration of transnational uptake of AI technologies (Jan - Jun 2025),INTERREG,FALSE,PRORATA_PAYROLL,5.2,,,192.02
362,2017,2025-01-01,738,INTERREG: BrAIn,4980,SO3 Increase and harmonize the capacity of policy makers (Jan - Jun 2025),INTERREG,FALSE,PRORATA_PAYROLL,12.333333333333334,,,389.9
362,2017,2025-02-01,738,INTERREG: BrAIn,4980,SO3 Increase and harmonize the capacity of policy makers (Jan - Jun 2025),INTERREG,FALSE,PRORATA_PAYROLL,16.75,,,529.52
362,2017,2025-03-01,738,INTERREG: BrAIn,4980,SO3 Increase and harmonize the capacity of policy makers (Jan - Jun 2025),INTERREG,FALSE,PRORATA_PAYROLL,11.266666666666667,,,323.8
362,2017,2025-04-01,738,INTERREG: BrAIn,4980,SO3 Increase and harmonize the capacity of policy makers (Jan - Jun 2025),INTERREG,FALSE,PRORATA_PAYROLL,15.333333333333334,,,477.75
362,2017,2025-05-01,738,INTERREG: BrAIn,4980,SO3 Increase and harmonize the capacity of policy makers (Jan - Jun 2025),INTERREG,FALSE,PRORATA_PAYROLL,12.116666666666667,,,464.65
362,2017,2025-06-01,738,INTERREG: BrAIn,4980,SO3 Increase and harmonize the capacity of policy makers (Jan - Jun 2025),INTERREG,FALSE,PRORATA_PAYROLL,21.276190476190475,,,785.67
362,2017,2024-10-01,739,INTERREG: Culinary Trail,4523,WP1 (SO1) Safeguarded culinary heritage,INTERREG,FALSE,PRORATA_PAYROLL,17.142857142857142,,,459.83
362,2017,2024-11-01,739,INTERREG: Culinary Trail,4523,WP1 (SO1) Safeguarded culinary heritage,INTERREG,FALSE,PRORATA_PAYROLL,31.466666666666665,,,928.45
362,2017,2024-12-01,739,INTERREG: Culinary Trail,4523,WP1 (SO1) Safeguarded culinary heritage,INTERREG,FALSE,PRORATA_PAYROLL,21.276190476190475,,,913.92
362,2017,2024-10-01,739,INTERREG: Culinary Trail,4524,WP2 (SO2) Thriving culinary heritage,INTERREG,FALSE,PRORATA_PAYROLL,17.142857142857142,,,459.83
362,2017,2024-11-01,739,INTERREG: Culinary Trail,4524,WP2 (SO2) Thriving culinary heritage,INTERREG,FALSE,PRORATA_PAYROLL,2.6666666666666665,,,78.68
362,2017,2024-12-01,739,INTERREG: Culinary Trail,4524,WP2 (SO2) Thriving culinary heritage,INTERREG,FALSE,PRORATA_PAYROLL,10.609523809523811,,,455.73
362,2017,2024-10-01,739,INTERREG: Culinary Trail,4525,WP3 (SO3) Culinary trail 4 the future,INTERREG,FALSE,PRORATA_PAYROLL,16.000000000000004,,,429.18
362,2017,2024-11-01,739,INTERREG: Culinary Trail,4525,WP3 (SO3) Culinary trail 4 the future,INTERREG,FALSE,PRORATA_PAYROLL,1.3333333333333333,,,39.34
362,2017,2025-01-01,739,INTERREG: Culinary Trail,4925,SO1 Safeguarded culinary heritage P3 01.2025- 06.2025,INTERREG,FALSE,PRORATA_PAYROLL,4,,,126.45
362,2017,2025-02-01,739,INTERREG: Culinary Trail,4925,SO1 Safeguarded culinary heritage P3 01.2025- 06.2025,INTERREG,FALSE,PRORATA_PAYROLL,4,,,126.45
362,2017,2025-03-01,739,INTERREG: Culinary Trail,4925,SO1 Safeguarded culinary heritage P3 01.2025- 06.2025,INTERREG,FALSE,PRORATA_PAYROLL,1.8,,,51.73
362,2017,2025-04-01,739,INTERREG: Culinary Trail,4925,SO1 Safeguarded culinary heritage P3 01.2025- 06.2025,INTERREG,FALSE,PRORATA_PAYROLL,4,,,124.63
362,2017,2025-05-01,739,INTERREG: Culinary Trail,4925,SO1 Safeguarded culinary heritage P3 01.2025- 06.2025,INTERREG,FALSE,PRORATA_PAYROLL,1.6,,,61.36
362,2017,2025-06-01,739,INTERREG: Culinary Trail,4925,SO1 Safeguarded culinary heritage P3 01.2025- 06.2025,INTERREG,FALSE,PRORATA_PAYROLL,3.142857142857143,,,116.06
362,2017,2025-01-01,739,INTERREG: Culinary Trail,4926,SO2 Thriving culinary heritage P3 01.2025-06.2025,INTERREG,FALSE,PRORATA_PAYROLL,6,,,189.68
362,2017,2025-02-01,739,INTERREG: Culinary Trail,4926,SO2 Thriving culinary heritage P3 01.2025-06.2025,INTERREG,FALSE,PRORATA_PAYROLL,4,,,126.45
362,2017,2025-03-01,739,INTERREG: Culinary Trail,4926,SO2 Thriving culinary heritage P3 01.2025-06.2025,INTERREG,FALSE,PRORATA_PAYROLL,3.6,,,103.46
362,2017,2025-04-01,739,INTERREG: Culinary Trail,4926,SO2 Thriving culinary heritage P3 01.2025-06.2025,INTERREG,FALSE,PRORATA_PAYROLL,5.6,,,174.48
362,2017,2025-05-01,739,INTERREG: Culinary Trail,4926,SO2 Thriving culinary heritage P3 01.2025-06.2025,INTERREG,FALSE,PRORATA_PAYROLL,5.6,,,214.75
362,2017,2025-06-01,739,INTERREG: Culinary Trail,4926,SO2 Thriving culinary heritage P3 01.2025-06.2025,INTERREG,FALSE,PRORATA_PAYROLL,3.2,,,118.17
362,2017,2025-01-01,739,INTERREG: Culinary Trail,4927,SO3 Culinary trail 4 the future P3 01.2025-06.2025,INTERREG,FALSE,PRORATA_PAYROLL,4.666666666666667,,,147.53
362,2017,2025-02-01,739,INTERREG: Culinary Trail,4927,SO3 Culinary trail 4 the future P3 01.2025-06.2025,INTERREG,FALSE,PRORATA_PAYROLL,6,,,189.68
362,2017,2025-03-01,739,INTERREG: Culinary Trail,4927,SO3 Culinary trail 4 the future P3 01.2025-06.2025,INTERREG,FALSE,PRORATA_PAYROLL,9.4,,,270.15
362,2017,2025-04-01,739,INTERREG: Culinary Trail,4927,SO3 Culinary trail 4 the future P3 01.2025-06.2025,INTERREG,FALSE,PRORATA_PAYROLL,3.6,,,112.17
362,2017,2025-05-01,739,INTERREG: Culinary Trail,4927,SO3 Culinary trail 4 the future P3 01.2025-06.2025,INTERREG,FALSE,PRORATA_PAYROLL,5.2,,,199.41
362,2017,2025-06-01,739,INTERREG: Culinary Trail,4927,SO3 Culinary trail 4 the future P3 01.2025-06.2025,INTERREG,FALSE,PRORATA_PAYROLL,8.342857142857143,,,308.08
362,2017,2025-01-01,784,INTERREG: RuBIO,4818,SO1 - Report state of play,INTERREG,FALSE,PRORATA_PAYROLL,6,,,189.68
362,2017,2025-02-01,784,INTERREG: RuBIO,4818,SO1 - Report state of play,INTERREG,FALSE,PRORATA_PAYROLL,2,,,63.23
362,2017,2025-03-01,784,INTERREG: RuBIO,4818,SO1 - Report state of play,INTERREG,FALSE,PRORATA_PAYROLL,7.8,,,224.17
362,2017,2025-04-01,784,INTERREG: RuBIO,4818,SO1 - Report state of play,INTERREG,FALSE,PRORATA_PAYROLL,9.6,,,299.11
362,2017,2025-01-01,784,INTERREG: RuBIO,4819,SO2 - Developing project workplan,INTERREG,FALSE,PRORATA_PAYROLL,16.666666666666668,,,526.89
362,2017,2025-02-01,784,INTERREG: RuBIO,4819,SO2 - Developing project workplan,INTERREG,FALSE,PRORATA_PAYROLL,18,,,569.04
362,2017,2025-03-01,784,INTERREG: RuBIO,4819,SO2 - Developing project workplan,INTERREG,FALSE,PRORATA_PAYROLL,9.4,,,270.15
362,2017,2025-04-01,784,INTERREG: RuBIO,4819,SO2 - Developing project workplan,INTERREG,FALSE,PRORATA_PAYROLL,7.766666666666667,,,241.99
362,2017,2025-05-01,784,INTERREG: RuBIO,4819,SO2 - Developing project workplan,INTERREG,FALSE,PRORATA_PAYROLL,21.4,,,820.64
362,2017,2025-06-01,784,INTERREG: RuBIO,4819,SO2 - Developing project workplan,INTERREG,FALSE,PRORATA_PAYROLL,13.942857142857143,,,514.87
362,2017,2025-01-01,784,INTERREG: RuBIO,4820,SO3 - Report funding possibilities,INTERREG,FALSE,PRORATA_PAYROLL,2.3333333333333335,,,73.76
362,2017,2025-02-01,784,INTERREG: RuBIO,4820,SO3 - Report funding possibilities,INTERREG,FALSE,PRORATA_PAYROLL,5.75,,,181.78
362,2017,2025-03-01,784,INTERREG: RuBIO,4820,SO3 - Report funding possibilities,INTERREG,FALSE,PRORATA_PAYROLL,10.5,,,301.76
362,2017,2025-04-01,784,INTERREG: RuBIO,4820,SO3 - Report funding possibilities,INTERREG,FALSE,PRORATA_PAYROLL,9.766666666666667,,,304.3
362,2017,2025-01-01,787,INTERREG: ForeDanube,4838,WP1 Report on the State of Play 2025,INTERREG,FALSE,PRORATA_PAYROLL,6,,,189.68
362,2017,2025-02-01,787,INTERREG: ForeDanube,4838,WP1 Report on the State of Play 2025,INTERREG,FALSE,PRORATA_PAYROLL,10.416666666666666,,,329.31
362,2017,2025-03-01,787,INTERREG: ForeDanube,4838,WP1 Report on the State of Play 2025,INTERREG,FALSE,PRORATA_PAYROLL,2.6666666666666665,,,76.64
362,2017,2025-04-01,787,INTERREG: ForeDanube,4838,WP1 Report on the State of Play 2025,INTERREG,FALSE,PRORATA_PAYROLL,4.1,,,127.75
362,2017,2025-01-01,787,INTERREG: ForeDanube,4839,WP2 Action Plan for Establishment of Foresight 2025,INTERREG,FALSE,PRORATA_PAYROLL,16.333333333333332,,,516.35
362,2017,2025-02-01,787,INTERREG: ForeDanube,4839,WP2 Action Plan for Establishment of Foresight 2025,INTERREG,FALSE,PRORATA_PAYROLL,10,,,316.13
362,2017,2025-03-01,787,INTERREG: ForeDanube,4839,WP2 Action Plan for Establishment of Foresight 2025,INTERREG,FALSE,PRORATA_PAYROLL,2,,,57.48
362,2017,2025-01-01,787,INTERREG: ForeDanube,4840,WP3 Report on Funding Possibilities 2025,INTERREG,FALSE,PRORATA_PAYROLL,4.333333333333333,,,136.99
362,2017,2025-02-01,787,INTERREG: ForeDanube,4840,WP3 Report on Funding Possibilities 2025,INTERREG,FALSE,PRORATA_PAYROLL,9,,,284.52
362,2017,2025-03-01,787,INTERREG: ForeDanube,4840,WP3 Report on Funding Possibilities 2025,INTERREG,FALSE,PRORATA_PAYROLL,31.766666666666666,,,912.96
362,2017,2025-04-01,787,INTERREG: ForeDanube,4840,WP3 Report on Funding Possibilities 2025,INTERREG,FALSE,PRORATA_PAYROLL,20.366666666666667,,,634.57
362,2017,2025-05-01,787,INTERREG: ForeDanube,4840,WP3 Report on Funding Possibilities 2025,INTERREG,FALSE,PRORATA_PAYROLL,23.05,,,883.91
362,2017,2025-06-01,787,INTERREG: ForeDanube,4840,WP3 Report on Funding Possibilities 2025,INTERREG,FALSE,PRORATA_PAYROLL,17.676190476190477,,,652.73
362,2017,2025-01-01,787,INTERREG: ForeDanube,4841,WP4 Community and Stakeholder Consultations 2025,INTERREG,FALSE,PRORATA_PAYROLL,4.666666666666667,,,147.53
362,2017,2025-02-01,787,INTERREG: ForeDanube,4841,WP4 Community and Stakeholder Consultations 2025,INTERREG,FALSE,PRORATA_PAYROLL,4.666666666666667,,,147.53
362,2017,2025-04-01,787,INTERREG: ForeDanube,4841,WP4 Community and Stakeholder Consultations 2025,INTERREG,FALSE,PRORATA_PAYROLL,6.1,,,190.06
362,2017,2025-06-01,787,INTERREG: ForeDanube,4841,WP4 Community and Stakeholder Consultations 2025,INTERREG,FALSE,PRORATA_PAYROLL,9.2,,,339.73
362,2017,2025-04-01,808,INTERREG: DINAMIC Danube,4939,SO1 Capacity Building and skills Upscalling P1 - 04.2025- 09.2025,INTERREG,FALSE,PRORATA_PAYROLL,16.666666666666668,,,519.29
362,2017,2025-05-01,808,INTERREG: DINAMIC Danube,4939,SO1 Capacity Building and skills Upscalling P1 - 04.2025- 09.2025,INTERREG,FALSE,PRORATA_PAYROLL,11.466666666666667,,,439.72
362,2017,2025-06-01,808,INTERREG: DINAMIC Danube,4939,SO1 Capacity Building and skills Upscalling P1 - 04.2025- 09.2025,INTERREG,FALSE,PRORATA_PAYROLL,13.542857142857144,,,500.1
363,2016,2024-10-01,532,FUSILLI (mit MwSt.),3597,WP7 Coordination 1 PM,H2020,FALSE,PRORATA_PAYROLL,7.716666666666667,,,0
363,2016,2024-11-01,532,FUSILLI (mit MwSt.),3597,WP7 Coordination 1 PM,H2020,FALSE,PRORATA_PAYROLL,18.75952380952381,,,897.3
363,2016,2024-12-01,532,FUSILLI (mit MwSt.),3597,WP7 Coordination 1 PM,H2020,FALSE,PRORATA_PAYROLL,21.066666666666666,,,797.63
363,2016,2025-01-01,568,Hydro4U (mit MwSt),3613,WP7 Project management,H2020,FALSE,PRORATA_PAYROLL,51.75,,,0
363,2016,2025-04-01,568,Hydro4U (mit MwSt),3613,WP7 Project management,H2020,FALSE,PRORATA_PAYROLL,66.5,,,0
363,2016,2025-05-01,568,Hydro4U (mit MwSt),3613,WP7 Project management,H2020,FALSE,PRORATA_PAYROLL,64,,,0
363,2016,2024-10-01,603,SOPHIA (inkl. MwSt),3968,WP9 Project Management,H2020,FALSE,PRORATA_PAYROLL,18.325,,,0
363,2016,2024-11-01,603,SOPHIA (inkl. MwSt),3968,WP9 Project Management,H2020,FALSE,PRORATA_PAYROLL,16.45952380952381,,,787.29
363,2016,2024-12-01,603,SOPHIA (inkl. MwSt),3968,WP9 Project Management,H2020,FALSE,PRORATA_PAYROLL,28.570833333333333,,,1081.76
364,2017,2024-11-01,743,EU-KONFORM: TNO (2 Stage) CircBio,4536,Umsetzung 1st Stage,EU-KONFORM,FALSE,PRORATA_PAYROLL,20,,,802.02
364,2017,2024-12-01,743,EU-KONFORM: TNO (2 Stage) CircBio,4536,Umsetzung 1st Stage,EU-KONFORM,FALSE,PRORATA_PAYROLL,144,,,6258.83
364,2017,2024-11-01,782,EU-KONFORM: HORIZON-JU-CBE-2024-RIA-01 (wood) - RISE - upfront payment,4742,Umsetzung HORIZON-JU-CBE-2024-RIA-01 (wood) - RISE - upfront payment,EU-KONFORM,FALSE,PRORATA_PAYROLL,52,,,2085.25
364,2017,2024-11-01,785,EU-KONFORM: HORIZON-JU-CBE-2024-RIA-02,4747,HORIZON-JU-CBE-2024-RIA-02 Umsetzung,EU-KONFORM,FALSE,PRORATA_PAYROLL,32,,,1283.23
364,2017,2024-11-01,792,EU-KONFORM: DECIRE-WATER Stufe 2 KIT,4765,Antrag 2. Stufe DECIRE-WATER,EU-KONFORM,FALSE,PRORATA_PAYROLL,40,,,1604.04
364,2017,2024-11-01,793,EU-KONFORM: BioLINKAGE Upfront,4760,Umsetzung Biolinkage Antragstellung,EU-KONFORM,FALSE,PRORATA_PAYROLL,8,,,320.81
364,2017,2025-02-01,822,EU-KONFORM-CallScreening-MANN+HUMMEL-FixedFee-HORIZON-JU-CLEANH2-2025-05-02,4938,EU-KONFORM-CallScreening-MANN+HUMMEL-FixedFee-HORIZON-JU-CLEANH2-2025-05-02,EU-KONFORM,FALSE,PRORATA_PAYROLL,8,,,6136.51
364,2017,2025-03-01,823,EU-KONFORM-PEMPIRE-FraunhoferISE-One-stage-SuccessFee-HORIZON-JU-CLEANH2-2025-01-01,4953,Concept Adaptation and Consortium Finalisation:,EU-KONFORM,FALSE,PRORATA_PAYROLL,23,,,1291.9
364,2017,2025-04-01,823,EU-KONFORM-PEMPIRE-FraunhoferISE-One-stage-SuccessFee-HORIZON-JU-CLEANH2-2025-01-01,4953,Concept Adaptation and Consortium Finalisation:,EU-KONFORM,FALSE,PRORATA_PAYROLL,16.666666666666668,,,814.94
364,2017,2025-03-01,823,EU-KONFORM-PEMPIRE-FraunhoferISE-One-stage-SuccessFee-HORIZON-JU-CLEANH2-2025-01-01,4958,Regular Meetings and Email Communication,EU-KONFORM,FALSE,PRORATA_PAYROLL,27.416666666666668,,,1539.98
364,2017,2025-04-01,823,EU-KONFORM-PEMPIRE-FraunhoferISE-One-stage-SuccessFee-HORIZON-JU-CLEANH2-2025-01-01,4958,Regular Meetings and Email Communication,EU-KONFORM,FALSE,PRORATA_PAYROLL,34.166666666666664,,,1670.63
364,2017,2025-03-01,823,EU-KONFORM-PEMPIRE-FraunhoferISE-One-stage-SuccessFee-HORIZON-JU-CLEANH2-2025-01-01,4959,Part A: Administrative Part,EU-KONFORM,FALSE,PRORATA_PAYROLL,25.583333333333332,,,1437
364,2017,2025-04-01,823,EU-KONFORM-PEMPIRE-FraunhoferISE-One-stage-SuccessFee-HORIZON-JU-CLEANH2-2025-01-01,4959,Part A: Administrative Part,EU-KONFORM,FALSE,PRORATA_PAYROLL,23.666666666666668,,,1157.22
364,2017,2025-03-01,823,EU-KONFORM-PEMPIRE-FraunhoferISE-One-stage-SuccessFee-HORIZON-JU-CLEANH2-2025-01-01,4960,Part B: Formulation of some parts of the proposal,EU-KONFORM,FALSE,PRORATA_PAYROLL,27.416666666666668,,,1539.98
364,2017,2025-04-01,823,EU-KONFORM-PEMPIRE-FraunhoferISE-One-stage-SuccessFee-HORIZON-JU-CLEANH2-2025-01-01,4960,Part B: Formulation of some parts of the proposal,EU-KONFORM,FALSE,PRORATA_PAYROLL,33.666666666666664,,,1646.18
364,2017,2025-03-01,823,EU-KONFORM-PEMPIRE-FraunhoferISE-One-stage-SuccessFee-HORIZON-JU-CLEANH2-2025-01-01,4961,Visuals Upgrade,EU-KONFORM,FALSE,PRORATA_PAYROLL,5.833333333333333,,,327.65
364,2017,2025-04-01,823,EU-KONFORM-PEMPIRE-FraunhoferISE-One-stage-SuccessFee-HORIZON-JU-CLEANH2-2025-01-01,4961,Visuals Upgrade,EU-KONFORM,FALSE,PRORATA_PAYROLL,2,,,97.79
364,2017,2025-04-01,823,EU-KONFORM-PEMPIRE-FraunhoferISE-One-stage-SuccessFee-HORIZON-JU-CLEANH2-2025-01-01,4962,Review of the whole proposal,EU-KONFORM,FALSE,PRORATA_PAYROLL,15.333333333333334,,,749.75
367,2017,2024-10-01,694,INTERREG: Capacity2Transform LUMP,4397,WP2 Capacity Building,INTERREG,FALSE,PRORATA_PAYROLL,40,,,0
367,2017,2024-11-01,694,INTERREG: Capacity2Transform LUMP,4397,WP2 Capacity Building,INTERREG,FALSE,PRORATA_PAYROLL,40,,,0
367,2017,2024-12-01,694,INTERREG: Capacity2Transform LUMP,4397,WP2 Capacity Building,INTERREG,FALSE,PRORATA_PAYROLL,40,,,1334.32
367,2017,2025-01-01,694,INTERREG: Capacity2Transform LUMP,4397,WP2 Capacity Building,INTERREG,FALSE,PRORATA_PAYROLL,40,,,667.16
367,2017,2025-02-01,694,INTERREG: Capacity2Transform LUMP,4397,WP2 Capacity Building,INTERREG,FALSE,PRORATA_PAYROLL,40,,,667.52
367,2017,2025-03-01,694,INTERREG: Capacity2Transform LUMP,4397,WP2 Capacity Building,INTERREG,FALSE,PRORATA_PAYROLL,40,,,667.52
367,2017,2025-04-01,694,INTERREG: Capacity2Transform LUMP,4397,WP2 Capacity Building,INTERREG,FALSE,PRORATA_PAYROLL,40,,,667.52
367,2017,2025-05-01,694,INTERREG: Capacity2Transform LUMP,4397,WP2 Capacity Building,INTERREG,FALSE,PRORATA_PAYROLL,40,,,667.52
367,2017,2025-06-01,694,INTERREG: Capacity2Transform LUMP,4397,WP2 Capacity Building,INTERREG,FALSE,PRORATA_PAYROLL,40,,,667.52
367,2017,2025-07-01,694,INTERREG: Capacity2Transform LUMP,4397,WP2 Capacity Building,INTERREG,FALSE,PRORATA_PAYROLL,8,,,667.52
378,2017,2025-03-01,694,INTERREG: Capacity2Transform LUMP,4397,WP2 Capacity Building,INTERREG,FALSE,PRORATA_PAYROLL,31.2,,,925.82
378,2017,2025-04-01,694,INTERREG: Capacity2Transform LUMP,4397,WP2 Capacity Building,INTERREG,FALSE,PRORATA_PAYROLL,41.46666666666667,,,1292
378,2017,2025-05-01,694,INTERREG: Capacity2Transform LUMP,4397,WP2 Capacity Building,INTERREG,FALSE,PRORATA_PAYROLL,33.333333333333336,,,1384.78
378,2017,2025-03-01,694,INTERREG: Capacity2Transform LUMP,4398,WP3 Transformation,INTERREG,FALSE,PRORATA_PAYROLL,8.666666666666666,,,257.17
378,2017,2025-05-01,694,INTERREG: Capacity2Transform LUMP,4398,WP3 Transformation,INTERREG,FALSE,PRORATA_PAYROLL,4,,,166.17
378,2017,2025-06-01,694,INTERREG: Capacity2Transform LUMP,4398,WP3 Transformation,INTERREG,FALSE,PRORATA_PAYROLL,39.6,,,1298.77
378,2017,2025-04-01,808,INTERREG: DINAMIC Danube,4939,SO1 Capacity Building and skills Upscalling P1 - 04.2025- 09.2025,INTERREG,FALSE,PRORATA_PAYROLL,44.13333333333333,,,1375.08
378,2017,2025-05-01,808,INTERREG: DINAMIC Danube,4939,SO1 Capacity Building and skills Upscalling P1 - 04.2025- 09.2025,INTERREG,FALSE,PRORATA_PAYROLL,32,,,1329.38
378,2017,2025-06-01,808,INTERREG: DINAMIC Danube,4939,SO1 Capacity Building and skills Upscalling P1 - 04.2025- 09.2025,INTERREG,FALSE,PRORATA_PAYROLL,39.6,,,1298.77
4,,,572,Enterprise Europe Network 2022 - 2024,,,HEU,TRUE,HEU_DAILY_RATE,61,7.625,92.95413953488372,708.7753139534884
4,,,621,CANMILK,,,HEU,TRUE,HEU_DAILY_RATE,52.041666666666664,6.505208333333333,92.95413953488372,604.686043120155
4,,,623,ROBIN,,,HEU,TRUE,HEU_DAILY_RATE,73.04166666666667,9.130208333333334,92.95413953488372,848.6906593992248
4,,,628,INVEST4NATURE,,,HEU,TRUE,HEU_DAILY_RATE,49.875,6.234375,92.95413953488372,579.5109636627907
4,,,646,POSITIVE,,,HEU,TRUE,HEU_DAILY_RATE,32.625,4.078125,92.95413953488372,379.0786002906977
8,,,617,Flex4Fact (mit MwSt),,,HEU,TRUE,HEU_DAILY_RATE,177.97222222222223,22.24652777777778,216.15994134897358,4808.808139662756
8,,,626,REEsilience (mit MwSt.),,,HEU,TRUE,HEU_DAILY_RATE,83.33333333333334,10.416666666666668,216.15994134897358,2251.666055718475
8,,,652,H2GLASS (mit MwSt),,,HEU,TRUE,HEU_DAILY_RATE,65.55555555555556,8.194444444444445,216.15994134897358,1771.3106304985336
8,,,700,MAGICIAN (mit MwSt.),,,HEU,TRUE,HEU_DAILY_RATE,138.72222222222223,17.34027777777778,216.15994134897358,3748.2734274193544
8,,,704,MULTICLIMACT (mit MwSt),,,HEU,TRUE,HEU_DAILY_RATE,48.77777777777778,6.097222222222222,216.15994134897358,1317.975197947214
8,,,719,MOBILITIES (mit MwSt),,,HEU,TRUE,HEU_DAILY_RATE,70,8.75,216.15994134897358,1891.3994868035188
8,,,722,NENUPHAR (mit MwSt),,,HEU,TRUE,HEU_DAILY_RATE,178.75,22.34375,216.15994134897358,4829.823689516128
8,,,725,HARMONY (mit MwSt),,,HEU,TRUE,HEU_DAILY_RATE,32.22222222222222,4.027777777777778,216.15994134897358,870.6442082111436
8,,,727,COREU (mit MwSt),,,HEU,TRUE,HEU_DAILY_RATE,22.22222222222222,2.7777777777777777,216.15994134897358,600.4442815249266
8,,,728,HYGHER (mit MwSt),,,HEU,TRUE,HEU_DAILY_RATE,32.22222222222222,4.027777777777778,216.15994134897358,870.6442082111436
8,,,758,PROTEUS (mit MwSt),,,HEU,TRUE,HEU_DAILY_RATE,113.33333333333334,14.166666666666668,216.15994134897358,3062.265835777126
8,,,760,BioFibreLoop (inkl. MwSt),,,HEU,TRUE,HEU_DAILY_RATE,23.77777777777778,2.9722222222222223,216.15994134897358,642.4753812316715
8,,,763,STUNNED,,,HEU,TRUE,HEU_DAILY_RATE,22.111111111111114,2.7638888888888893,216.15994134897358,597.442060117302
10,,,572,Enterprise Europe Network 2022 - 2024,,,HEU,TRUE,HEU_DAILY_RATE,1538,192.25,450.600097799511,86627.86880195599
11,,,572,Enterprise Europe Network 2022 - 2024,,,HEU,TRUE,HEU_DAILY_RATE,79.22916666666667,9.903645833333334,665.7926099706744,6593.774207600196
11,,,616,MOSTH2,,,HEU,TRUE,HEU_DAILY_RATE,37.29166666666667,4.661458333333334,665.7926099706744,3103.5645100195507
11,,,622,LongCovid,,,HEU,TRUE,HEU_DAILY_RATE,82.54166666666667,10.317708333333334,665.7926099706744,6869.453960166178
11,,,625,OPeraTIC,,,HEU,TRUE,HEU_DAILY_RATE,59.125,7.390625,665.7926099706744,4920.623508064516
11,,,627,Distender,,,HEU,TRUE,HEU_DAILY_RATE,36.375,4.546875,665.7926099706744,3027.27577346041
11,,,628,INVEST4NATURE,,,HEU,TRUE,HEU_DAILY_RATE,88.25,11.03125,665.7926099706744,7344.524728739002
11,,,647,EDIH-AICS,,,HEU,TRUE,HEU_DAILY_RATE,59.125,7.390625,665.7926099706744,4920.623508064516
11,,,648,GOFORESTS,,,HEU,TRUE,HEU_DAILY_RATE,47.291666666666664,5.911458333333333,665.7926099706744,3935.805272482893
11,,,650,ECODALLI,,,HEU,TRUE,HEU_DAILY_RATE,42.958333333333336,5.369791666666667,665.7926099706744,3575.167608748778
11,,,651,Every1,,,HEU,TRUE,HEU_DAILY_RATE,229.54166666666666,28.692708333333332,665.7926099706744,19103.39316837732
11,,,653,MARS,,,HEU,TRUE,HEU_DAILY_RATE,61.125,7.640625,665.7926099706744,5087.071660557184
11,,,654,NetworkNaturePlus,,,HEU,TRUE,HEU_DAILY_RATE,106.70833333333333,13.338541666666666,665.7926099706744,8880.70246945259
11,,,655,PrAEctiCe,,,HEU,TRUE,HEU_DAILY_RATE,215.41666666666666,26.927083333333332,665.7926099706744,17927.853091397847
11,,,658,ENDOTARGET,,,HEU,TRUE,HEU_DAILY_RATE,50.354166666666664,6.294270833333333,665.7926099706744,4190.679005987292
11,,,660,SHIFT-HUB,,,HEU,TRUE,HEU_DAILY_RATE,70,8.75,665.7926099706744,5825.685337243402
11,,,682,FIBSUN,,,HEU,TRUE,HEU_DAILY_RATE,90.83333333333333,11.354166666666666,665.7926099706744,7559.520259042032
11,,,703,atTRACTION/LUMP,,,HEU,TRUE,HEU_DAILY_RATE,24.666666666666668,3.0833333333333335,665.7926099706744,2052.86054740958
11,,,709,MASTT2040,,,HEU,TRUE,HEU_DAILY_RATE,64.95833333333333,8.119791666666666,665.7926099706744,5406.097286168132
11,,,721,SEADE,,,HEU,TRUE,HEU_DAILY_RATE,68.875,8.609375,665.7926099706744,5732.058251466276
11,,,723,TOXBOX,,,HEU,TRUE,HEU_DAILY_RATE,84.08333333333333,10.510416666666666,665.7926099706744,6997.757744379276
11,,,726,INVERSE,,,HEU,TRUE,HEU_DAILY_RATE,54.958333333333336,6.869791666666667,665.7926099706744,4573.85652370479
11,,,754,GREENE,,,HEU,TRUE,HEU_DAILY_RATE,95.54166666666667,11.942708333333334,665.7926099706744,7951.366951368524
11,,,761,pHYBi,,,HEU,TRUE,HEU_DAILY_RATE,30.541666666666668,3.8177083333333335,665.7926099706744,2541.8019953567937
12,,,572,Enterprise Europe Network 2022 - 2024,,,HEU,TRUE,HEU_DAILY_RATE,124.58333333333333,15.572916666666666,699.4758944281526,10892.879814271751
12,,,625,OPeraTIC,,,HEU,TRUE,HEU_DAILY_RATE,90.875,11.359375,699.4758944281526,7945.608988269796
12,,,627,Distender,,,HEU,TRUE,HEU_DAILY_RATE,23.75,2.96875,699.4758944281526,2076.5690615835783
12,,,628,INVEST4NATURE,,,HEU,TRUE,HEU_DAILY_RATE,121.25,15.15625,699.4758944281526,10601.431524926687
12,,,651,Every1,,,HEU,TRUE,HEU_DAILY_RATE,653.75,81.71875,699.4758944281526,57160.2957478006
12,,,654,NetworkNaturePlus,,,HEU,TRUE,HEU_DAILY_RATE,190.625,23.828125,699.4758944281526,16667.199046920825
12,,,655,PrAEctiCe,,,HEU,TRUE,HEU_DAILY_RATE,160.875,20.109375,699.4758944281526,14066.023064516132
12,,,714,STREAM IT,,,HEU,TRUE,HEU_DAILY_RATE,69.41666666666667,8.677083333333334,699.4758944281526,6069.41062561095
12,,,721,SEADE,,,HEU,TRUE,HEU_DAILY_RATE,141.83333333333334,17.729166666666668,699.4758944281526,12401.124711632458
12,,,754,GREENE,,,HEU,TRUE,HEU_DAILY_RATE,276.0416666666667,34.505208333333336,699.4758944281526,24135.56146138808
15,,,627,Distender,,,HEU,TRUE,HEU_DAILY_RATE,70.5,8.8125,171.6491921005386,1512.6585053859965
15,,,651,Every1,,,HEU,TRUE,HEU_DAILY_RATE,45.5,5.6875,171.6491921005386,976.2547800718133
15,,,655,PrAEctiCe,,,HEU,TRUE,HEU_DAILY_RATE,20,2.5,171.6491921005386,429.1229802513465
15,,,656,REHOUSE (mit MwSt),,,HEU,TRUE,HEU_DAILY_RATE,37,4.625,171.6491921005386,793.8775134649911
15,,,719,MOBILITIES (mit MwSt),,,HEU,TRUE,HEU_DAILY_RATE,49.375,6.171875,171.6491921005386,1059.3973574955116
15,,,720,metaCCAZE (mit MwSt.),,,HEU,TRUE,HEU_DAILY_RATE,147.375,18.421875,171.6491921005386,3162.0999607271096
15,,,759,SUPREMAS (mit MwSt),,,HEU,TRUE,HEU_DAILY_RATE,112.25,14.03125,171.6491921005386,2408.4527266606824
18,,,572,Enterprise Europe Network 2022 - 2024,,,HEU,TRUE,HEU_DAILY_RATE,1193.25,149.15625,552.5566259168704,82417.2742344132
18,,,637,EEN2EIC,,,HEU,TRUE,HEU_DAILY_RATE,127,15.875,552.5566259168704,8771.836436430318
21,,,572,Enterprise Europe Network 2022 - 2024,,,HEU,TRUE,HEU_DAILY_RATE,224.16666666666666,28.020833333333332,979.7589442815249,27453.662084555228
21,,,623,ROBIN,,,HEU,TRUE,HEU_DAILY_RATE,59.416666666666664,7.427083333333333,979.7589442815249,7276.751325757576
21,,,637,EEN2EIC,,,HEU,TRUE,HEU_DAILY_RATE,64.91666666666667,8.114583333333334,979.7589442815249,7950.335599951125
21,,,721,SEADE,,,HEU,TRUE,HEU_DAILY_RATE,64.41666666666667,8.052083333333334,979.7589442815249,7889.100665933529
22,,,656,REHOUSE (mit MwSt),,,HEU,TRUE,HEU_DAILY_RATE,75.25,9.40625,553.8015249266862,5209.195593841642
22,,,720,metaCCAZE (mit MwSt.),,,HEU,TRUE,HEU_DAILY_RATE,180.29166666666666,22.536458333333332,553.8015249266862,12480.724991446723
24,,,626,REEsilience (mit MwSt.),,,HEU,TRUE,HEU_DAILY_RATE,636.9791666666666,79.62239583333333,309.7218768328446,24660.797875427663
24,,,656,REHOUSE (mit MwSt),,,HEU,TRUE,HEU_DAILY_RATE,982.275,122.784375,309.7218768328446,38029.0070707478
24,,,720,metaCCAZE (mit MwSt.),,,HEU,TRUE,HEU_DAILY_RATE,112.94166666666666,14.117708333333333,309.7218768328446,4372.563121578691
27,,,616,MOSTH2,,,HEU,TRUE,HEU_DAILY_RATE,55.90416666666667,6.988020833333334,692.0030205278592,4835.731524178274
27,,,623,ROBIN,,,HEU,TRUE,HEU_DAILY_RATE,168.35416666666669,21.044270833333336,692.0030205278592,14562.698981472997
27,,,648,GOFORESTS,,,HEU,TRUE,HEU_DAILY_RATE,61.0875,7.6359375,692.0030205278592,5284.09181456195
27,,,649,CLASCO,,,HEU,TRUE,HEU_DAILY_RATE,113.175,14.146875,692.0030205278592,9789.680231030059
27,,,650,ECODALLI,,,HEU,TRUE,HEU_DAILY_RATE,144.575,18.071875,692.0030205278592,12505.792086601905
27,,,653,MARS,,,HEU,TRUE,HEU_DAILY_RATE,231.17083333333332,28.896354166666665,692.0030205278592,19996.364365576123
27,,,660,SHIFT-HUB,,,HEU,TRUE,HEU_DAILY_RATE,33.391666666666666,4.173958333333333,692.0030205278592,2888.3917742240956
27,,,682,FIBSUN,,,HEU,TRUE,HEU_DAILY_RATE,136.4375,17.0546875,692.0030205278592,11801.895264158724
27,,,703,atTRACTION/LUMP,,,HEU,TRUE,HEU_DAILY_RATE,272.85833333333335,34.10729166666667,692.0030205278592,23602.348855358017
27,,,709,MASTT2040,,,HEU,TRUE,HEU_DAILY_RATE,55.925,6.990625,692.0030205278592,4837.533615377566
27,,,723,TOXBOX,,,HEU,TRUE,HEU_DAILY_RATE,162.39166666666668,20.298958333333335,692.0030205278592,14046.940480235828
27,,,726,INVERSE,,,HEU,TRUE,HEU_DAILY_RATE,273.75416666666666,34.21927083333333,692.0030205278592,23679.83877692754
27,,,749,TWIN SYNERGIES,,,HEU,TRUE,HEU_DAILY_RATE,147.7875,18.4734375,692.0030205278592,12783.674549532625
27,,,761,pHYBi,,,HEU,TRUE,HEU_DAILY_RATE,124.23333333333333,15.529166666666667,692.0030205278592,10746.23023961388
30,,,617,Flex4Fact (mit MwSt),,,HEU,TRUE,HEU_DAILY_RATE,55,6.875,110.64686849574267,760.6972209082309
30,,,624,EQATOR (inkl. MwSt.),,,HEU,TRUE,HEU_DAILY_RATE,28.25,3.53125,110.64686849574267,390.7217543755913
30,,,626,REEsilience (mit MwSt.),,,HEU,TRUE,HEU_DAILY_RATE,151.75,18.96875,110.64686849574267,2098.832786778619
30,,,652,H2GLASS (mit MwSt),,,HEU,TRUE,HEU_DAILY_RATE,40,5,110.64686849574267,553.2343424787133
30,,,657,AI REDGIO 5.0 (mit MwSt.),,,HEU,TRUE,HEU_DAILY_RATE,143,17.875,110.64686849574267,1977.8127743614002
30,,,680,LUCRA (mit MwSt),,,HEU,TRUE,HEU_DAILY_RATE,32.25,4.03125,110.64686849574267,446.04518862346265
30,,,687,SMARTeeStory (mit MwSt),,,HEU,TRUE,HEU_DAILY_RATE,91.91666666666667,11.489583333333334,110.64686849574267,1271.28641615421
30,,,695,POSEIDON (mit MwSt),,,HEU,TRUE,HEU_DAILY_RATE,139.91666666666666,17.489583333333332,110.64686849574267,1935.1676271286658
30,,,719,MOBILITIES (mit MwSt),,,HEU,TRUE,HEU_DAILY_RATE,61.75,7.71875,110.64686849574267,854.0555162015137
30,,,727,COREU (mit MwSt),,,HEU,TRUE,HEU_DAILY_RATE,82.66666666666667,10.333333333333334,110.64686849574267,1143.3509744560076
30,,,756,SIRCULAR (mit MwSt),,,HEU,TRUE,HEU_DAILY_RATE,76,9.5,110.64686849574267,1051.1452507095553
30,,,760,BioFibreLoop (inkl. MwSt),,,HEU,TRUE,HEU_DAILY_RATE,52.75,6.59375,110.64686849574267,729.5777891438032
32,,,572,Enterprise Europe Network 2022 - 2024,,,HEU,TRUE,HEU_DAILY_RATE,1047.5833333333333,130.94791666666666,527.3551562499999,69056.05905436196
35,,,631,EARASHI (inkl. MwSt.),,,HEU,TRUE,HEU_DAILY_RATE,271.5,33.9375,466.71905511811025,15839.277933070867
35,,,647,EDIH-AICS,,,HEU,TRUE,HEU_DAILY_RATE,432.6666666666667,54.083333333333336,466.71905511811025,25241.72223097113
35,,,709,MASTT2040,,,HEU,TRUE,HEU_DAILY_RATE,598.3333333333334,74.79166666666667,466.71905511811025,34906.69599737533
37,,,572,Enterprise Europe Network 2022 - 2024,,,HEU,TRUE,HEU_DAILY_RATE,660.4916666666667,82.56145833333333,725.0208778625954,59858.78099844942
37,,,637,EEN2EIC,,,HEU,TRUE,HEU_DAILY_RATE,50.125,6.265625,725.0208778625954,4542.708937857824
53,,,615,EcoReFibre (inkl. MwSt.),,,HEU,TRUE,HEU_DAILY_RATE,273.925,34.240625,378.8751026392962,12972.920311308651
53,,,616,MOSTH2,,,HEU,TRUE,HEU_DAILY_RATE,13.75,1.71875,378.8751026392962,651.1915826612903
53,,,621,CANMILK,,,HEU,TRUE,HEU_DAILY_RATE,52.858333333333334,6.607291666666667,378.8751026392962,2503.3383083760996
53,,,648,GOFORESTS,,,HEU,TRUE,HEU_DAILY_RATE,123.49166666666667,15.436458333333334,378.8751026392962,5848.489735428886
53,,,652,H2GLASS (mit MwSt),,,HEU,TRUE,HEU_DAILY_RATE,117.05,14.63125,378.8751026392962,5543.416345491202
53,,,660,SHIFT-HUB,,,HEU,TRUE,HEU_DAILY_RATE,60.18333333333334,7.522916666666667,378.8751026392962,2850.2458242302055
53,,,680,LUCRA (mit MwSt),,,HEU,TRUE,HEU_DAILY_RATE,141.46666666666667,17.683333333333334,378.8751026392962,6699.774731671554
53,,,682,FIBSUN,,,HEU,TRUE,HEU_DAILY_RATE,111.58333333333333,13.947916666666666,378.8751026392962,5284.518358687683
53,,,695,POSEIDON (mit MwSt),,,HEU,TRUE,HEU_DAILY_RATE,113.08333333333333,14.135416666666666,378.8751026392962,5355.557440432551
53,,,698,CAPTUS (mit MwSt),,,HEU,TRUE,HEU_DAILY_RATE,160.35833333333332,20.044791666666665,378.8751026392962,7594.472500091641
53,,,722,NENUPHAR (mit MwSt),,,HEU,TRUE,HEU_DAILY_RATE,117.80833333333334,14.726041666666667,378.8751026392962,5579.330547928886
53,,,723,TOXBOX,,,HEU,TRUE,HEU_DAILY_RATE,209.58333333333334,26.197916666666668,378.8751026392962,9925.738366019063
53,,,727,COREU (mit MwSt),,,HEU,TRUE,HEU_DAILY_RATE,153.5,19.1875,378.8751026392962,7269.666031891496
53,,,728,HYGHER (mit MwSt),,,HEU,TRUE,HEU_DAILY_RATE,60.00833333333333,7.501041666666667,378.8751026392962,2841.9579313599706
53,,,760,BioFibreLoop (inkl. MwSt),,,HEU,TRUE,HEU_DAILY_RATE,185.54166666666666,23.192708333333332,378.8751026392962,8787.139750274926
53,,,761,pHYBi,,,HEU,TRUE,HEU_DAILY_RATE,52.975,6.621875,378.8751026392962,2508.8635702895895
54,,,614,AeroSolfd (mit MwSt.),,,HEU,TRUE,HEU_DAILY_RATE,68.83333333333333,8.604166666666666,435.21912499999996,3744.6978880208326
54,,,624,EQATOR (inkl. MwSt.),,,HEU,TRUE,HEU_DAILY_RATE,68.75,8.59375,435.21912499999996,3740.16435546875
54,,,625,OPeraTIC,,,HEU,TRUE,HEU_DAILY_RATE,131.5,16.4375,435.21912499999996,7153.914367187499
54,,,626,REEsilience (mit MwSt.),,,HEU,TRUE,HEU_DAILY_RATE,226.125,28.265625,435.21912499999996,12301.740580078123
54,,,628,INVEST4NATURE,,,HEU,TRUE,HEU_DAILY_RATE,28.75,3.59375,435.21912499999996,1564.06873046875
54,,,654,NetworkNaturePlus,,,HEU,TRUE,HEU_DAILY_RATE,95.25,11.90625,435.21912499999996,5181.82770703125
54,,,655,PrAEctiCe,,,HEU,TRUE,HEU_DAILY_RATE,255,31.875,435.21912499999996,13872.609609374998
54,,,704,MULTICLIMACT (mit MwSt),,,HEU,TRUE,HEU_DAILY_RATE,77,9.625,435.21912499999996,4188.9840781249995
54,,,721,SEADE,,,HEU,TRUE,HEU_DAILY_RATE,407.875,50.984375,435.21912499999996,22189.375076171873
54,,,725,HARMONY (mit MwSt),,,HEU,TRUE,HEU_DAILY_RATE,275.625,34.453125,435.21912499999996,14994.658916015624
54,,,754,GREENE,,,HEU,TRUE,HEU_DAILY_RATE,193.125,24.140625,435.21912499999996,10506.461689453125
54,,,758,PROTEUS (mit MwSt),,,HEU,TRUE,HEU_DAILY_RATE,115.125,14.390625,435.21912499999996,6263.075220703125
72,,,617,Flex4Fact (mit MwSt),,,HEU,TRUE,HEU_DAILY_RATE,465.5,58.1875,370.9122873900293,21582.45872250733
72,,,626,REEsilience (mit MwSt.),,,HEU,TRUE,HEU_DAILY_RATE,339.5,42.4375,370.9122873900293,15740.590196114368
72,,,647,EDIH-AICS,,,HEU,TRUE,HEU_DAILY_RATE,156,19.5,370.9122873900293,7232.789604105571
72,,,657,AI REDGIO 5.0 (mit MwSt.),,,HEU,TRUE,HEU_DAILY_RATE,60,7.5,370.9122873900293,2781.8421554252195
72,,,660,SHIFT-HUB,,,HEU,TRUE,HEU_DAILY_RATE,20,2.5,370.9122873900293,927.2807184750732
72,,,688,ADMIRAL (mit MwSt.),,,HEU,TRUE,HEU_DAILY_RATE,421,52.625,370.9122873900293,19519.25912390029
72,,,709,MASTT2040,,,HEU,TRUE,HEU_DAILY_RATE,162.5,20.3125,370.9122873900293,7534.15583760997
83,,,623,ROBIN,,,HEU,TRUE,HEU_DAILY_RATE,432.56666666666666,54.07083333333333,456.5970703125,24688.58408935547
83,,,749,TWIN SYNERGIES,,,HEU,TRUE,HEU_DAILY_RATE,592.9833333333333,74.12291666666667,456.5970703125,33844.30659301758
90,,,631,EARASHI (inkl. MwSt.),,,HEU,TRUE,HEU_DAILY_RATE,412.53333333333336,51.56666666666667,133.31915343915344,6874.824345679012
110,,,572,Enterprise Europe Network 2022 - 2024,,,HEU,TRUE,HEU_DAILY_RATE,132.37916666666666,16.547395833333333,425.5740625,7042.14246858724
110,,,616,MOSTH2,,,HEU,TRUE,HEU_DAILY_RATE,92.25,11.53125,425.5740625,4907.400908203125
110,,,622,LongCovid,,,HEU,TRUE,HEU_DAILY_RATE,94.04166666666667,11.755208333333334,425.5740625,5002.711765950521
110,,,649,CLASCO,,,HEU,TRUE,HEU_DAILY_RATE,120.55,15.06875,425.5740625,6412.869154296875
110,,,650,ECODALLI,,,HEU,TRUE,HEU_DAILY_RATE,25.1,3.1375,425.5740625,1335.2386210937502
110,,,660,SHIFT-HUB,,,HEU,TRUE,HEU_DAILY_RATE,31.008333333333333,3.8760416666666666,425.5740625,1649.5427985026042
110,,,726,INVERSE,,,HEU,TRUE,HEU_DAILY_RATE,65.76666666666667,8.220833333333333,425.5740625,3498.5734388020833
110,,,749,TWIN SYNERGIES,,,HEU,TRUE,HEU_DAILY_RATE,126.58749999999999,15.823437499999999,425.5740625,6734.044579589844
112,,,626,REEsilience (mit MwSt.),,,HEU,TRUE,HEU_DAILY_RATE,714,89.25,211.6479234449761,18889.57716746412
112,,,628,INVEST4NATURE,,,HEU,TRUE,HEU_DAILY_RATE,354.6666666666667,44.333333333333336,211.6479234449761,9383.05793939394
112,,,725,HARMONY (mit MwSt),,,HEU,TRUE,HEU_DAILY_RATE,762,95.25,211.6479234449761,20159.464708133975
112,,,754,GREENE,,,HEU,TRUE,HEU_DAILY_RATE,591.3333333333334,73.91666666666667,211.6479234449761,15644.309007974485
113,,,647,EDIH-AICS,,,HEU,TRUE,HEU_DAILY_RATE,51,6.375,363.79905537459285,2319.2189780130293
113,,,649,CLASCO,,,HEU,TRUE,HEU_DAILY_RATE,1026.8333333333333,128.35416666666666,363.79905537459285,46695.124586726386
113,,,657,AI REDGIO 5.0 (mit MwSt.),,,HEU,TRUE,HEU_DAILY_RATE,414.5,51.8125,363.79905537459285,18849.338556596093
113,,,726,INVERSE,,,HEU,TRUE,HEU_DAILY_RATE,575.0666666666667,71.88333333333334,363.79905537459285,26151.08876384365
124,,,616,MOSTH2,,,HEU,TRUE,HEU_DAILY_RATE,260.0416666666667,32.505208333333336,329.92143695014664,10724.165041697215
124,,,652,H2GLASS (mit MwSt),,,HEU,TRUE,HEU_DAILY_RATE,234.66666666666666,29.333333333333332,329.92143695014664,9677.695483870968
124,,,727,COREU (mit MwSt),,,HEU,TRUE,HEU_DAILY_RATE,136.02083333333334,17.002604166666668,329.92143695014664,5609.523598561218
124,,,728,HYGHER (mit MwSt),,,HEU,TRUE,HEU_DAILY_RATE,814.7666666666667,101.84583333333333,329.92143695014664,33601.123680718476
126,,,654,NetworkNaturePlus,,,HEU,TRUE,HEU_DAILY_RATE,495,61.875,258.6817749603803,16005.934825673532
126,,,704,MULTICLIMACT (mit MwSt),,,HEU,TRUE,HEU_DAILY_RATE,161.75,20.21875,258.6817749603803,5230.222137480189
132,,,623,ROBIN,,,HEU,TRUE,HEU_DAILY_RATE,184.21666666666667,23.027083333333334,436.1399413489736,10043.030774437928
132,,,646,POSITIVE,,,HEU,TRUE,HEU_DAILY_RATE,176.41666666666666,22.052083333333332,436.1399413489736,9617.794331622677
132,,,650,ECODALLI,,,HEU,TRUE,HEU_DAILY_RATE,156.53333333333333,19.566666666666666,436.1399413489736,8533.804852394916
132,,,749,TWIN SYNERGIES,,,HEU,TRUE,HEU_DAILY_RATE,620.4166666666666,77.55208333333333,436.1399413489736,33823.56107649071
132,,,805,INNOVATE-EU,,,HEU,TRUE,HEU_DAILY_RATE,154.5,19.3125,436.1399413489736,8422.952617302053
145,,,614,AeroSolfd (mit MwSt.),,,HEU,TRUE,HEU_DAILY_RATE,129.5,16.1875,263.1623778501629,4259.940991449512
145,,,680,LUCRA (mit MwSt),,,HEU,TRUE,HEU_DAILY_RATE,29.875,3.734375,263.1623778501629,982.7470047842021
147,,,572,Enterprise Europe Network 2022 - 2024,,,HEU,TRUE,HEU_DAILY_RATE,592.0458333333333,74.00572916666667,398.1035483870968,29461.943382224465
149,,,687,SMARTeeStory (mit MwSt),,,HEU,TRUE,HEU_DAILY_RATE,486,60.75,98.73810666666667,5998.33998
164,,,623,ROBIN,,,HEU,TRUE,HEU_DAILY_RATE,743.1166666666667,92.88958333333333,399.4706613226453,37106.66328415164
164,,,749,TWIN SYNERGIES,,,HEU,TRUE,HEU_DAILY_RATE,57.516666666666666,7.189583333333333,399.4706613226453,2872.027608800935
166,,,572,Enterprise Europe Network 2022 - 2024,,,HEU,TRUE,HEU_DAILY_RATE,80,10,489.36340175953075,4893.634017595307
166,,,628,INVEST4NATURE,,,HEU,TRUE,HEU_DAILY_RATE,40,5,489.36340175953075,2446.8170087976537
166,,,653,MARS,,,HEU,TRUE,HEU_DAILY_RATE,39.5,4.9375,489.36340175953075,2416.231796187683
166,,,714,STREAM IT,,,HEU,TRUE,HEU_DAILY_RATE,60,7.5,489.36340175953075,3670.2255131964807
166,,,721,SEADE,,,HEU,TRUE,HEU_DAILY_RATE,60,7.5,489.36340175953075,3670.2255131964807
166,,,723,TOXBOX,,,HEU,TRUE,HEU_DAILY_RATE,60,7.5,489.36340175953075,3670.2255131964807
169,,,572,Enterprise Europe Network 2022 - 2024,,,HEU,TRUE,HEU_DAILY_RATE,1069.9166666666667,133.73958333333334,177.17376884422112,23695.14602282245
179,,,624,EQATOR (inkl. MwSt.),,,HEU,TRUE,HEU_DAILY_RATE,100.75,12.59375,218.42956375838926,2750.847318582215
179,,,626,REEsilience (mit MwSt.),,,HEU,TRUE,HEU_DAILY_RATE,503.25,62.90625,218.42956375838926,13740.584745176175
179,,,721,SEADE,,,HEU,TRUE,HEU_DAILY_RATE,465.25,58.15625,218.42956375838926,12703.044317323825
179,,,754,GREENE,,,HEU,TRUE,HEU_DAILY_RATE,404.5,50.5625,218.42956375838926,11044.344817533558
179,,,758,PROTEUS (mit MwSt),,,HEU,TRUE,HEU_DAILY_RATE,228,28.5,218.42956375838926,6225.242567114094
182,,,572,Enterprise Europe Network 2022 - 2024,,,HEU,TRUE,HEU_DAILY_RATE,533.5,66.6875,233.78629032258064,15590.623235887097
182,,,623,ROBIN,,,HEU,TRUE,HEU_DAILY_RATE,130,16.25,233.78629032258064,3799.0272177419356
182,,,680,LUCRA (mit MwSt),,,HEU,TRUE,HEU_DAILY_RATE,155.125,19.390625,233.78629032258064,4533.26228578629
183,,,572,Enterprise Europe Network 2022 - 2024,,,HEU,TRUE,HEU_DAILY_RATE,115.25,14.40625,194.97397694524497,2808.8438553674355
183,,,700,MAGICIAN (mit MwSt.),,,HEU,TRUE,HEU_DAILY_RATE,53.224999999999994,6.653124999999999,194.97397694524497,1297.186240363833
184,,,617,Flex4Fact (mit MwSt),,,HEU,TRUE,HEU_DAILY_RATE,1260,157.5,259.9375284090909,40940.160724431815
184,,,626,REEsilience (mit MwSt.),,,HEU,TRUE,HEU_DAILY_RATE,41,5.125,259.9375284090909,1332.1798330965908
184,,,650,ECODALLI,,,HEU,TRUE,HEU_DAILY_RATE,18.5,2.3125,259.9375284090909,601.1055344460226
184,,,653,MARS,,,HEU,TRUE,HEU_DAILY_RATE,458.5,57.3125,259.9375284090909,14897.669596946022
184,,,726,INVERSE,,,HEU,TRUE,HEU_DAILY_RATE,411,51.375,259.9375284090909,13354.290522017043
185,,,572,Enterprise Europe Network 2022 - 2024,,,HEU,TRUE,HEU_DAILY_RATE,300,37.5,194.1964895330113,7282.368357487923
185,,,637,EEN2EIC,,,HEU,TRUE,HEU_DAILY_RATE,209.75,26.21875,194.1964895330113,5091.58920994364
187,,,727,COREU (mit MwSt),,,HEU,TRUE,HEU_DAILY_RATE,142,17.75,,
191,,,688,ADMIRAL (mit MwSt.),,,HEU,TRUE,HEU_DAILY_RATE,1124.1666666666667,140.52083333333334,109.12378299120235,15334.16492240958
191,,,700,MAGICIAN (mit MwSt.),,,HEU,TRUE,HEU_DAILY_RATE,1307.8333333333333,163.47916666666666,109.12378299120235,17839.465106915934
193,,,617,Flex4Fact (mit MwSt),,,HEU,TRUE,HEU_DAILY_RATE,445.6666666666667,55.708333333333336,351.8529658792651,19601.142307524064
193,,,682,FIBSUN,,,HEU,TRUE,HEU_DAILY_RATE,142.45833333333334,17.807291666666668,351.8529658792651,6265.5483871937895
193,,,695,POSEIDON (mit MwSt),,,HEU,TRUE,HEU_DAILY_RATE,677.0416666666666,84.63020833333333,351.8529658792651,29777.38980506343
193,,,723,TOXBOX,,,HEU,TRUE,HEU_DAILY_RATE,124.125,15.515625,351.8529658792651,5459.218673720473
193,,,727,COREU (mit MwSt),,,HEU,TRUE,HEU_DAILY_RATE,213.16666666666666,26.645833333333332,351.8529658792651,9375.415486657917
198,,,572,Enterprise Europe Network 2022 - 2024,,,HEU,TRUE,HEU_DAILY_RATE,181.125,22.640625,210.85753665689148,4773.946415872434
203,,,627,Distender,,,HEU,TRUE,HEU_DAILY_RATE,20,2.5,,
204,,,572,Enterprise Europe Network 2022 - 2024,,,HEU,TRUE,HEU_DAILY_RATE,472.2083333333333,59.026041666666664,255.56348973607035,15084.901193640027
206,,,631,EARASHI (inkl. MwSt.),,,HEU,TRUE,HEU_DAILY_RATE,628.2333333333333,78.52916666666667,296.90926686217006,23316.03730229716
206,,,647,EDIH-AICS,,,HEU,TRUE,HEU_DAILY_RATE,22.85,2.85625,296.90926686217006,848.0470934750733
206,,,700,MAGICIAN (mit MwSt.),,,HEU,TRUE,HEU_DAILY_RATE,1486.85,185.85625,296.90926686217006,55182.44292925219
206,,,703,atTRACTION/LUMP,,,HEU,TRUE,HEU_DAILY_RATE,408.3333333333333,51.041666666666664,296.90926686217006,15154.743829423263
213,,,572,Enterprise Europe Network 2022 - 2024,,,HEU,TRUE,HEU_DAILY_RATE,208.10416666666666,26.013020833333332,277.83730205278596,7227.387526576247
213,,,616,MOSTH2,,,HEU,TRUE,HEU_DAILY_RATE,610.0625,76.2578125,277.83730205278596,21187.264885447217
213,,,621,CANMILK,,,HEU,TRUE,HEU_DAILY_RATE,259.2916666666667,32.411458333333336,277.83730205278596,9005.11213892962
213,,,723,TOXBOX,,,HEU,TRUE,HEU_DAILY_RATE,620.5208333333334,77.56510416666667,277.83730205278596,21550.479275109974
220,,,572,Enterprise Europe Network 2022 - 2024,,,HEU,TRUE,HEU_DAILY_RATE,1815.5,226.9375,224.26125970664364,50893.28962467644
224,,,572,Enterprise Europe Network 2022 - 2024,,,HEU,TRUE,HEU_DAILY_RATE,448.4583333333333,56.057291666666664,179.70062663185377,10073.530439784594
225,,,572,Enterprise Europe Network 2022 - 2024,,,HEU,TRUE,HEU_DAILY_RATE,781.3333333333334,97.66666666666667,185.7527840909091,18141.855246212122
225,,,626,REEsilience (mit MwSt.),,,HEU,TRUE,HEU_DAILY_RATE,194.66666666666666,24.333333333333332,185.7527840909091,4519.984412878788
225,,,688,ADMIRAL (mit MwSt.),,,HEU,TRUE,HEU_DAILY_RATE,317,39.625,185.7527840909091,7360.454069602273
228,,,628,INVEST4NATURE,,,HEU,TRUE,HEU_DAILY_RATE,303.5,37.9375,116.17892961876832,4407.538142412023
228,,,719,MOBILITIES (mit MwSt),,,HEU,TRUE,HEU_DAILY_RATE,982.25,122.78125,116.17892961876832,14264.594202254399
230,,,572,Enterprise Europe Network 2022 - 2024,,,HEU,TRUE,HEU_DAILY_RATE,586.4166666666666,73.30208333333333,145.49693548387097,10665.228489583333
230,,,652,H2GLASS (mit MwSt),,,HEU,TRUE,HEU_DAILY_RATE,200,25,145.49693548387097,3637.423387096774
231,,,572,Enterprise Europe Network 2022 - 2024,,,HEU,TRUE,HEU_DAILY_RATE,511.375,63.921875,319.91627565982407,20449.648183192818
278,,,614,AeroSolfd (mit MwSt.),,,HEU,TRUE,HEU_DAILY_RATE,117.02738095238095,14.628422619047619,273.475546875,4000.515875662668
278,,,615,EcoReFibre (inkl. MwSt.),,,HEU,TRUE,HEU_DAILY_RATE,219.1482142857143,27.393526785714286,273.475546875,7491.459718558176
278,,,617,Flex4Fact (mit MwSt),,,HEU,TRUE,HEU_DAILY_RATE,79.85416666666667,9.981770833333334,273.475546875,2729.7702374267583
278,,,656,REHOUSE (mit MwSt),,,HEU,TRUE,HEU_DAILY_RATE,270.63392857142856,33.82924107142857,273.475546875,9251.47020237514
278,,,690,DaWetRest (mit MwSt),,,HEU,TRUE,HEU_DAILY_RATE,158.91309523809522,19.864136904761903,273.475546875,5432.355703229631
278,,,719,MOBILITIES (mit MwSt),,,HEU,TRUE,HEU_DAILY_RATE,75.50952380952381,9.438690476190477,273.475546875,2581.251039760045
278,,,727,COREU (mit MwSt),,,HEU,TRUE,HEU_DAILY_RATE,16.083333333333332,2.0104166666666665,273.475546875,549.7997973632813
279,,,615,EcoReFibre (inkl. MwSt.),,,HEU,TRUE,HEU_DAILY_RATE,298.35,37.29375,183.52008797653957,6844.152280975073
279,,,622,LongCovid,,,HEU,TRUE,HEU_DAILY_RATE,53.06666666666666,6.633333333333333,183.52008797653957,1217.3499169110457
279,,,648,GOFORESTS,,,HEU,TRUE,HEU_DAILY_RATE,425.2166666666667,53.15208333333334,183.52008797653957,9754.475009469697
279,,,660,SHIFT-HUB,,,HEU,TRUE,HEU_DAILY_RATE,96.4,12.05,183.52008797653957,2211.417060117302
279,,,680,LUCRA (mit MwSt),,,HEU,TRUE,HEU_DAILY_RATE,176.88333333333333,22.110416666666666,183.52008797653957,4057.7056118646133
279,,,698,CAPTUS (mit MwSt),,,HEU,TRUE,HEU_DAILY_RATE,181.65,22.70625,183.52008797653957,4167.052997617302
279,,,760,BioFibreLoop (inkl. MwSt),,,HEU,TRUE,HEU_DAILY_RATE,100.43333333333334,12.554166666666667,183.52008797653957,2303.9417711388073
280,,,617,Flex4Fact (mit MwSt),,,HEU,TRUE,HEU_DAILY_RATE,246.66666666666666,30.833333333333332,286.2508504398827,8826.06788856305
280,,,621,CANMILK,,,HEU,TRUE,HEU_DAILY_RATE,511.1666666666667,63.895833333333336,286.2508504398827,18290.236631231674
280,,,660,SHIFT-HUB,,,HEU,TRUE,HEU_DAILY_RATE,404.5,50.5625,286.2508504398827,14473.55862536657
280,,,698,CAPTUS (mit MwSt),,,HEU,TRUE,HEU_DAILY_RATE,26.166666666666664,3.270833333333333,286.2508504398827,936.2788233137829
280,,,723,TOXBOX,,,HEU,TRUE,HEU_DAILY_RATE,237.33333333333334,29.666666666666668,286.2508504398827,8492.108563049853
280,,,761,pHYBi,,,HEU,TRUE,HEU_DAILY_RATE,743,92.875,286.2508504398827,26585.547734604104
284,,,624,EQATOR (inkl. MwSt.),,,HEU,TRUE,HEU_DAILY_RATE,132.95833333333334,16.619791666666668,136.3484017595308,2266.0820313263685
284,,,656,REHOUSE (mit MwSt),,,HEU,TRUE,HEU_DAILY_RATE,207.875,25.984375,136.3484017595308,3542.928001970308
284,,,687,SMARTeeStory (mit MwSt),,,HEU,TRUE,HEU_DAILY_RATE,41.45833333333333,5.182291666666666,136.3484017595308,706.597186201735
284,,,704,MULTICLIMACT (mit MwSt),,,HEU,TRUE,HEU_DAILY_RATE,52.75,6.59375,136.3484017595308,899.0472741019062
284,,,719,MOBILITIES (mit MwSt),,,HEU,TRUE,HEU_DAILY_RATE,392.35,49.04375,136.3484017595308,6687.036928793988
284,,,720,metaCCAZE (mit MwSt.),,,HEU,TRUE,HEU_DAILY_RATE,124.6,15.575,136.3484017595308,2123.626357404692
284,,,759,SUPREMAS (mit MwSt),,,HEU,TRUE,HEU_DAILY_RATE,302.375,37.796875,136.3484017595308,5153.543497754766
289,,,704,MULTICLIMACT (mit MwSt),,,HEU,TRUE,HEU_DAILY_RATE,222.875,27.859375,152.7818814229249,4256.407727766798
289,,,721,SEADE,,,HEU,TRUE,HEU_DAILY_RATE,102.875,12.859375,152.7818814229249,1964.6795064229248
293,,,624,EQATOR (inkl. MwSt.),,,HEU,TRUE,HEU_DAILY_RATE,384,48,40.35131964809384,1936.8633431085045
294,,,720,metaCCAZE (mit MwSt.),,,HEU,TRUE,HEU_DAILY_RATE,878.0583333333333,109.75729166666666,237.66161993769472,26085.09573747404
294,,,756,SIRCULAR (mit MwSt),,,HEU,TRUE,HEU_DAILY_RATE,418.8208333333333,52.352604166666666,237.66161993769472,12442.204714206906
295,,,614,AeroSolfd (mit MwSt.),,,HEU,TRUE,HEU_DAILY_RATE,633.75,79.21875,222.48530386740333,17625.00766574586
295,,,625,OPeraTIC,,,HEU,TRUE,HEU_DAILY_RATE,555.25,69.40625,222.48530386740333,15441.870621546963
295,,,627,Distender,,,HEU,TRUE,HEU_DAILY_RATE,42.75,5.34375,222.48530386740333,1188.9058425414366
295,,,714,STREAM IT,,,HEU,TRUE,HEU_DAILY_RATE,97.75,12.21875,222.48530386740333,2718.4923066298343
295,,,759,SUPREMAS (mit MwSt),,,HEU,TRUE,HEU_DAILY_RATE,67.5,8.4375,222.48530386740333,1877.2197513812157
296,,,572,Enterprise Europe Network 2022 - 2024,,,HEU,TRUE,HEU_DAILY_RATE,736.65,92.08125,142.56459358687547,13127.525983221476
296,,,614,AeroSolfd (mit MwSt.),,,HEU,TRUE,HEU_DAILY_RATE,556.625,69.578125,142.56459358687547,9919.37711316182
296,,,616,MOSTH2,,,HEU,TRUE,HEU_DAILY_RATE,8,1,142.56459358687547,142.56459358687547
296,,,651,Every1,,,HEU,TRUE,HEU_DAILY_RATE,4,0.5,142.56459358687547,71.28229679343774
296,,,680,LUCRA (mit MwSt),,,HEU,TRUE,HEU_DAILY_RATE,144,18,142.56459358687547,2566.1626845637584
296,,,690,DaWetRest (mit MwSt),,,HEU,TRUE,HEU_DAILY_RATE,53,6.625,142.56459358687547,944.49043251305
296,,,720,metaCCAZE (mit MwSt.),,,HEU,TRUE,HEU_DAILY_RATE,4,0.5,142.56459358687547,71.28229679343774
297,,,628,INVEST4NATURE,,,HEU,TRUE,HEU_DAILY_RATE,960.5416666666666,120.06770833333333,95.6449120234604,11483.865400400171
297,,,687,SMARTeeStory (mit MwSt),,,HEU,TRUE,HEU_DAILY_RATE,221.125,27.640625,95.6449120234604,2643.6851463984603
298,,,654,NetworkNaturePlus,,,HEU,TRUE,HEU_DAILY_RATE,422.25,52.78125,96.47819648093842,5092.239808009531
298,,,656,REHOUSE (mit MwSt),,,HEU,TRUE,HEU_DAILY_RATE,1435.2916666666667,179.41145833333334,96.47819648093842,17309.29392801503
300,,,626,REEsilience (mit MwSt.),,,HEU,TRUE,HEU_DAILY_RATE,555.6666666666666,69.45833333333333,102.55549853372435,7123.334002321603
300,,,651,Every1,,,HEU,TRUE,HEU_DAILY_RATE,952,119,102.55549853372435,12204.104325513197
301,,,621,CANMILK,,,HEU,TRUE,HEU_DAILY_RATE,265.3333333333333,33.166666666666664,138.5090909090909,4593.884848484848
301,,,660,SHIFT-HUB,,,HEU,TRUE,HEU_DAILY_RATE,712.6666666666666,89.08333333333333,138.5090909090909,12338.851515151513
301,,,723,TOXBOX,,,HEU,TRUE,HEU_DAILY_RATE,134,16.75,138.5090909090909,2320.0272727272727
304,,,614,AeroSolfd (mit MwSt.),,,HEU,TRUE,HEU_DAILY_RATE,63.75,7.96875,26.080413793103446,207.82829741379308
304,,,680,LUCRA (mit MwSt),,,HEU,TRUE,HEU_DAILY_RATE,208.25,26.03125,26.080413793103446,678.9057715517241
304,,,698,CAPTUS (mit MwSt),,,HEU,TRUE,HEU_DAILY_RATE,163.5,20.4375,26.080413793103446,533.0184568965517
305,,,647,EDIH-AICS,,,HEU,TRUE,HEU_DAILY_RATE,116,14.5,107.56912848158132,1559.752362982929
305,,,653,MARS,,,HEU,TRUE,HEU_DAILY_RATE,680,85,107.56912848158132,9143.375920934412
305,,,709,MASTT2040,,,HEU,TRUE,HEU_DAILY_RATE,140,17.5,107.56912848158132,1882.459748427673
305,,,726,INVERSE,,,HEU,TRUE,HEU_DAILY_RATE,540,67.5,107.56912848158132,7260.916172506739
306,,,614,AeroSolfd (mit MwSt.),,,HEU,TRUE,HEU_DAILY_RATE,279,34.875,226.2713676042677,7891.213945198836
306,,,624,EQATOR (inkl. MwSt.),,,HEU,TRUE,HEU_DAILY_RATE,49,6.125,226.2713676042677,1385.9121265761398
306,,,625,OPeraTIC,,,HEU,TRUE,HEU_DAILY_RATE,336.5,42.0625,226.2713676042677,9517.539399854511
306,,,655,PrAEctiCe,,,HEU,TRUE,HEU_DAILY_RATE,1007.5,125.9375,226.2713676042677,28496.050357662465
306,,,725,HARMONY (mit MwSt),,,HEU,TRUE,HEU_DAILY_RATE,24,3,226.2713676042677,678.8141028128032
307,,,572,Enterprise Europe Network 2022 - 2024,,,HEU,TRUE,HEU_DAILY_RATE,204.41666666666666,25.552083333333332,331.94137829912023,8481.793760080645
307,,,637,EEN2EIC,,,HEU,TRUE,HEU_DAILY_RATE,1068.8333333333333,133.60416666666666,331.94137829912023,44348.75122983871
311,,,622,LongCovid,,,HEU,TRUE,HEU_DAILY_RATE,798,99.75,381.1094428152493,38015.66692082112
311,,,647,EDIH-AICS,,,HEU,TRUE,HEU_DAILY_RATE,183.75,22.96875,381.1094428152493,8753.607514662757
311,,,653,MARS,,,HEU,TRUE,HEU_DAILY_RATE,133.25,16.65625,381.1094428152493,6347.854156891496
311,,,658,ENDOTARGET,,,HEU,TRUE,HEU_DAILY_RATE,1167.25,145.90625,381.1094428152493,55606.249640762464
311,,,709,MASTT2040,,,HEU,TRUE,HEU_DAILY_RATE,35.5,4.4375,381.1094428152493,1691.1731524926686
314,,,660,SHIFT-HUB,,,HEU,TRUE,HEU_DAILY_RATE,556.125,69.515625,199.5733101045296,13873.46338523519
315,,,652,H2GLASS (mit MwSt),,,HEU,TRUE,HEU_DAILY_RATE,459,57.375,114.80217008797655,6586.774508797655
316,,,655,PrAEctiCe,,,HEU,TRUE,HEU_DAILY_RATE,706,88.25,280.1224340175953,24720.804802052786
316,,,721,SEADE,,,HEU,TRUE,HEU_DAILY_RATE,1030,128.75,280.1224340175953,36065.7633797654
317,,,690,DaWetRest (mit MwSt),,,HEU,TRUE,HEU_DAILY_RATE,1111.3333333333333,138.91666666666666,107.0894623655914,14876.511146953404
318,,,623,ROBIN,,,HEU,TRUE,HEU_DAILY_RATE,678.875,84.859375,282.01665689149564,23931.757243401764
318,,,650,ECODALLI,,,HEU,TRUE,HEU_DAILY_RATE,948.6666666666666,118.58333333333333,282.01665689149564,33442.475229716525
318,,,805,INNOVATE-EU,,,HEU,TRUE,HEU_DAILY_RATE,307.75,38.46875,282.01665689149564,10848.828269794723
321,,,614,AeroSolfd (mit MwSt.),,,HEU,TRUE,HEU_DAILY_RATE,82,10.25,214.5424340175953,2199.0599486803517
321,,,617,Flex4Fact (mit MwSt),,,HEU,TRUE,HEU_DAILY_RATE,130,16.25,214.5424340175953,3486.3145527859238
321,,,624,EQATOR (inkl. MwSt.),,,HEU,TRUE,HEU_DAILY_RATE,122.66666666666667,15.333333333333334,214.5424340175953,3289.6506549364613
321,,,631,EARASHI (inkl. MwSt.),,,HEU,TRUE,HEU_DAILY_RATE,104,13,214.5424340175953,2789.0516422287387
321,,,652,H2GLASS (mit MwSt),,,HEU,TRUE,HEU_DAILY_RATE,136,17,214.5424340175953,3647.2213782991203
321,,,688,ADMIRAL (mit MwSt.),,,HEU,TRUE,HEU_DAILY_RATE,172.66666666666669,21.583333333333336,214.5424340175953,4630.540867546432
321,,,695,POSEIDON (mit MwSt),,,HEU,TRUE,HEU_DAILY_RATE,40,5,214.5424340175953,1072.7121700879766
321,,,698,CAPTUS (mit MwSt),,,HEU,TRUE,HEU_DAILY_RATE,115.33333333333333,14.416666666666666,214.5424340175953,3092.9867570869988
321,,,700,MAGICIAN (mit MwSt.),,,HEU,TRUE,HEU_DAILY_RATE,58.666666666666664,7.333333333333333,214.5424340175953,1573.3111827956989
321,,,759,SUPREMAS (mit MwSt),,,HEU,TRUE,HEU_DAILY_RATE,76,9.5,214.5424340175953,2038.1531231671554
322,,,714,STREAM IT,,,HEU,TRUE,HEU_DAILY_RATE,403.2422619047619,50.40528273809524,145.7334164222874,7345.734059153969
322,,,721,SEADE,,,HEU,TRUE,HEU_DAILY_RATE,1453.9244047619047,181.7405505952381,145.7334164222874,26485.671340711626
323,,,572,Enterprise Europe Network 2022 - 2024,,,HEU,TRUE,HEU_DAILY_RATE,310.4,38.8,173.97781094527363,6750.3390646766165
323,,,657,AI REDGIO 5.0 (mit MwSt.),,,HEU,TRUE,HEU_DAILY_RATE,377.25,47.15625,173.97781094527363,8204.14114738806
324,,,622,LongCovid,,,HEU,TRUE,HEU_DAILY_RATE,629.25,78.65625,342.7169208211144,26956.82780333578
324,,,649,CLASCO,,,HEU,TRUE,HEU_DAILY_RATE,428.25,53.53125,342.7169208211144,18346.06516770528
324,,,658,ENDOTARGET,,,HEU,TRUE,HEU_DAILY_RATE,542.5,67.8125,342.7169208211144,23240.49119318182
324,,,660,SHIFT-HUB,,,HEU,TRUE,HEU_DAILY_RATE,308.25,38.53125,342.7169208211144,13205.311355388565
325,,,646,POSITIVE,,,HEU,TRUE,HEU_DAILY_RATE,243.79166666666666,30.473958333333332,227.31458396369138,6927.175160268533
325,,,650,ECODALLI,,,HEU,TRUE,HEU_DAILY_RATE,596.3333333333334,74.54166666666667,227.31458396369138,16944.407946293497
325,,,690,DaWetRest (mit MwSt),,,HEU,TRUE,HEU_DAILY_RATE,883.9166666666666,110.48958333333333,227.31458396369138,25115.893667738274
325,,,749,TWIN SYNERGIES,,,HEU,TRUE,HEU_DAILY_RATE,101.1875,12.6484375,227.31458396369138,2875.1743081032528
326,,,615,EcoReFibre (inkl. MwSt.),,,HEU,TRUE,HEU_DAILY_RATE,197.94583333333333,24.743229166666666,213.25895006402052,5276.715073276782
326,,,682,FIBSUN,,,HEU,TRUE,HEU_DAILY_RATE,266.5625,33.3203125,213.25895006402052,7105.854859555059
326,,,698,CAPTUS (mit MwSt),,,HEU,TRUE,HEU_DAILY_RATE,110.20625,13.77578125,213.25895006402052,2937.8086456866204
326,,,722,NENUPHAR (mit MwSt),,,HEU,TRUE,HEU_DAILY_RATE,628.583630952381,78.57295386904762,213.25895006402052,16756.385645541814
327,,,704,MULTICLIMACT (mit MwSt),,,HEU,TRUE,HEU_DAILY_RATE,184.79166666666666,23.098958333333332,174.03721407624633,4020.0783563966274
327,,,719,MOBILITIES (mit MwSt),,,HEU,TRUE,HEU_DAILY_RATE,852.9583333333334,106.61979166666667,174.03721407624633,18555.811507056453
327,,,720,metaCCAZE (mit MwSt.),,,HEU,TRUE,HEU_DAILY_RATE,658.25,82.28125,174.03721407624633,14319.999520711142
331,,,704,MULTICLIMACT (mit MwSt),,,HEU,TRUE,HEU_DAILY_RATE,238.875,29.859375,244.09944625407167,7288.656902992671
331,,,719,MOBILITIES (mit MwSt),,,HEU,TRUE,HEU_DAILY_RATE,63.833333333333336,7.979166666666667,244.09944625407167,1947.7101649022802
331,,,758,PROTEUS (mit MwSt),,,HEU,TRUE,HEU_DAILY_RATE,601.775,75.221875,244.09944625407167,18361.618033692997
332,,,627,Distender,,,HEU,TRUE,HEU_DAILY_RATE,312,39,173.6217302052786,6771.247478005866
332,,,704,MULTICLIMACT (mit MwSt),,,HEU,TRUE,HEU_DAILY_RATE,432,54,173.6217302052786,9375.573431085044
332,,,714,STREAM IT,,,HEU,TRUE,HEU_DAILY_RATE,212,26.5,173.6217302052786,4600.975850439882
332,,,754,GREENE,,,HEU,TRUE,HEU_DAILY_RATE,508,63.5,173.6217302052786,11024.97986803519
334,,,695,POSEIDON (mit MwSt),,,HEU,TRUE,HEU_DAILY_RATE,1100.5833333333333,137.57291666666666,190.68102639296188,26232.54495387341
334,,,727,COREU (mit MwSt),,,HEU,TRUE,HEU_DAILY_RATE,1221.9166666666667,152.73958333333334,190.68102639296188,29124.540520833336
335,,,615,EcoReFibre (inkl. MwSt.),,,HEU,TRUE,HEU_DAILY_RATE,107,13.375,109.35883597883598,1462.6744312169312
335,,,617,Flex4Fact (mit MwSt),,,HEU,TRUE,HEU_DAILY_RATE,107,13.375,109.35883597883598,1462.6744312169312
335,,,623,ROBIN,,,HEU,TRUE,HEU_DAILY_RATE,451.3,56.4125,109.35883597883598,6169.205334656085
335,,,650,ECODALLI,,,HEU,TRUE,HEU_DAILY_RATE,184.9,23.1125,109.35883597883598,2527.556096560847
335,,,660,SHIFT-HUB,,,HEU,TRUE,HEU_DAILY_RATE,68.5,8.5625,109.35883597883598,936.3850330687831
335,,,690,DaWetRest (mit MwSt),,,HEU,TRUE,HEU_DAILY_RATE,363.75,45.46875,109.35883597883598,4972.409573412699
335,,,698,CAPTUS (mit MwSt),,,HEU,TRUE,HEU_DAILY_RATE,110,13.75,109.35883597883598,1503.6839947089948
336,,,727,COREU (mit MwSt),,,HEU,TRUE,HEU_DAILY_RATE,1220.75,152.59375,,
337,,,680,LUCRA (mit MwSt),,,HEU,TRUE,HEU_DAILY_RATE,417.2083333333333,52.151041666666664,209.56343891402716,10928.951634615385
337,,,698,CAPTUS (mit MwSt),,,HEU,TRUE,HEU_DAILY_RATE,559.0833333333334,69.88541666666667,209.56343891402716,14645.428246606336
338,,,624,EQATOR (inkl. MwSt.),,,HEU,TRUE,HEU_DAILY_RATE,186,23.25,118.29598039215686,2750.381544117647
338,,,651,Every1,,,HEU,TRUE,HEU_DAILY_RATE,528,66,118.29598039215686,7807.534705882353
338,,,719,MOBILITIES (mit MwSt),,,HEU,TRUE,HEU_DAILY_RATE,52,6.5,118.29598039215686,768.9238725490196
338,,,817,MOBILITIES: Secondment,,,HEU,TRUE,HEU_DAILY_RATE,479,59.875,118.29598039215686,7082.971825980392
339,,,687,SMARTeeStory (mit MwSt),,,HEU,TRUE,HEU_DAILY_RATE,263.25,32.90625,228.64903633491312,7523.982351895735
339,,,720,metaCCAZE (mit MwSt.),,,HEU,TRUE,HEU_DAILY_RATE,731.75,91.46875,228.64903633491312,20914.241542259086
339,,,756,SIRCULAR (mit MwSt),,,HEU,TRUE,HEU_DAILY_RATE,249.5,31.1875,228.64903633491312,7130.991820695103
340,,,682,FIBSUN,,,HEU,TRUE,HEU_DAILY_RATE,405,50.625,359.3911340206185,18194.176159793813
340,,,723,TOXBOX,,,HEU,TRUE,HEU_DAILY_RATE,1340,167.5,359.3911340206185,60198.0149484536
341,,,624,EQATOR (inkl. MwSt.),,,HEU,TRUE,HEU_DAILY_RATE,393.875,49.234375,196.03746130030962,9651.781883707432
341,,,656,REHOUSE (mit MwSt),,,HEU,TRUE,HEU_DAILY_RATE,913.375,114.171875,196.03746130030962,22381.96452689629
341,,,759,SUPREMAS (mit MwSt),,,HEU,TRUE,HEU_DAILY_RATE,487,60.875,196.03746130030962,11933.780456656348
342,,,617,Flex4Fact (mit MwSt),,,HEU,TRUE,HEU_DAILY_RATE,866.6666666666666,108.33333333333333,90.77437950360287,9833.891112890311
342,,,657,AI REDGIO 5.0 (mit MwSt.),,,HEU,TRUE,HEU_DAILY_RATE,314.6666666666667,39.333333333333336,90.77437950360287,3570.458927141713
342,,,688,ADMIRAL (mit MwSt.),,,HEU,TRUE,HEU_DAILY_RATE,745.3333333333334,93.16666666666667,90.77437950360287,8457.146357085669
342,,,703,atTRACTION/LUMP,,,HEU,TRUE,HEU_DAILY_RATE,136,17,90.77437950360287,1543.1644515612488
343,,,616,MOSTH2,,,HEU,TRUE,HEU_DAILY_RATE,231,28.875,172.28685816876123,4974.78302962298
343,,,652,H2GLASS (mit MwSt),,,HEU,TRUE,HEU_DAILY_RATE,689.8916666666667,86.23645833333333,172.28685816876123,14857.408465851287
343,,,723,TOXBOX,,,HEU,TRUE,HEU_DAILY_RATE,209,26.125,172.28685816876123,4500.994169658887
343,,,728,HYGHER (mit MwSt),,,HEU,TRUE,HEU_DAILY_RATE,653.2,81.65,172.28685816876123,14067.221969479355
345,,,614,AeroSolfd (mit MwSt.),,,HEU,TRUE,HEU_DAILY_RATE,470.375,58.796875,138.71506493506493,8156.012333603896
345,,,719,MOBILITIES (mit MwSt),,,HEU,TRUE,HEU_DAILY_RATE,91.45833333333333,11.432291666666666,138.71506493506493,1585.8310808982683
345,,,758,PROTEUS (mit MwSt),,,HEU,TRUE,HEU_DAILY_RATE,522.8333333333333,65.35416666666666,138.71506493506493,9065.60747294372
346,,,615,EcoReFibre (inkl. MwSt.),,,HEU,TRUE,HEU_DAILY_RATE,725.2083333333334,90.65104166666667,183.5025231910946,16634.694875734385
346,,,760,BioFibreLoop (inkl. MwSt),,,HEU,TRUE,HEU_DAILY_RATE,1142.5416666666667,142.81770833333334,183.5025231910946,26207.409835536488
347,,,624,EQATOR (inkl. MwSt.),,,HEU,TRUE,HEU_DAILY_RATE,149,18.625,146.13202797202797,2721.709020979021
347,,,756,SIRCULAR (mit MwSt),,,HEU,TRUE,HEU_DAILY_RATE,481.75,60.21875,146.13202797202797,8799.88805944056
347,,,759,SUPREMAS (mit MwSt),,,HEU,TRUE,HEU_DAILY_RATE,609.25,76.15625,146.13202797202797,11128.867255244755
348,,,615,EcoReFibre (inkl. MwSt.),,,HEU,TRUE,HEU_DAILY_RATE,428.5,53.5625,174.27082969432317,9334.381315502185
348,,,722,NENUPHAR (mit MwSt),,,HEU,TRUE,HEU_DAILY_RATE,316.4583333333333,39.557291666666664,174.27082969432317,6893.6820392103355
348,,,760,BioFibreLoop (inkl. MwSt),,,HEU,TRUE,HEU_DAILY_RATE,863.0416666666666,107.88020833333333,174.27082969432317,18800.373413846435
349,,,615,EcoReFibre (inkl. MwSt.),,,HEU,TRUE,HEU_DAILY_RATE,89.5,11.1875,153.5848951048951,1718.231013986014
349,,,626,REEsilience (mit MwSt.),,,HEU,TRUE,HEU_DAILY_RATE,138.45833333333334,17.307291666666668,153.5848951048951,2658.1385751748253
349,,,656,REHOUSE (mit MwSt),,,HEU,TRUE,HEU_DAILY_RATE,24.125,3.015625,153.5848951048951,463.1544493006993
349,,,680,LUCRA (mit MwSt),,,HEU,TRUE,HEU_DAILY_RATE,186.875,23.359375,153.5848951048951,3587.647159090909
349,,,687,SMARTeeStory (mit MwSt),,,HEU,TRUE,HEU_DAILY_RATE,24,3,153.5848951048951,460.75468531468533
349,,,688,ADMIRAL (mit MwSt.),,,HEU,TRUE,HEU_DAILY_RATE,84,10.5,153.5848951048951,1612.6413986013986
349,,,700,MAGICIAN (mit MwSt.),,,HEU,TRUE,HEU_DAILY_RATE,104.25,13.03125,153.5848951048951,2001.4031643356643
349,,,704,MULTICLIMACT (mit MwSt),,,HEU,TRUE,HEU_DAILY_RATE,164.375,20.546875,153.5848951048951,3155.689641608392
349,,,719,MOBILITIES (mit MwSt),,,HEU,TRUE,HEU_DAILY_RATE,70.08333333333333,8.760416666666666,153.5848951048951,1345.4676748251748
349,,,720,metaCCAZE (mit MwSt.),,,HEU,TRUE,HEU_DAILY_RATE,32,4,153.5848951048951,614.3395804195804
349,,,727,COREU (mit MwSt),,,HEU,TRUE,HEU_DAILY_RATE,266.875,33.359375,153.5848951048951,5123.49611013986
349,,,728,HYGHER (mit MwSt),,,HEU,TRUE,HEU_DAILY_RATE,136,17,153.5848951048951,2610.943216783217
349,,,758,PROTEUS (mit MwSt),,,HEU,TRUE,HEU_DAILY_RATE,64.70833333333333,8.088541666666666,153.5848951048951,1242.2778234265734
349,,,763,STUNNED,,,HEU,TRUE,HEU_DAILY_RATE,11.625,1.453125,153.5848951048951,223.1780506993007
351,,,616,MOSTH2,,,HEU,TRUE,HEU_DAILY_RATE,130.375,16.296875,308.2881180811808,5024.132924354243
351,,,621,CANMILK,,,HEU,TRUE,HEU_DAILY_RATE,109.625,13.703125,308.2881180811808,4224.510618081181
351,,,761,pHYBi,,,HEU,TRUE,HEU_DAILY_RATE,488.25,61.03125,308.2881180811808,18815.209206642066
359,,,759,SUPREMAS (mit MwSt),,,HEU,TRUE,HEU_DAILY_RATE,151.75,18.96875,99.10137142857144,1879.8291392857145
359,,,763,STUNNED,,,HEU,TRUE,HEU_DAILY_RATE,224.25,28.03125,99.10137142857144,2777.935317857143
360,,,625,OPeraTIC,,,HEU,TRUE,HEU_DAILY_RATE,285.1958333333333,35.649479166666666,287.38261111111115,10245.040407667824
360,,,628,INVEST4NATURE,,,HEU,TRUE,HEU_DAILY_RATE,175.04166666666666,21.880208333333332,287.38261111111115,6287.9914024884265
360,,,655,PrAEctiCe,,,HEU,TRUE,HEU_DAILY_RATE,326.1625,40.7703125,287.38261111111115,11716.678862065974
360,,,721,SEADE,,,HEU,TRUE,HEU_DAILY_RATE,277.6,34.7,287.38261111111115,9972.176605555558
361,,,572,Enterprise Europe Network 2022 - 2024,,,HEU,TRUE,HEU_DAILY_RATE,345.1666666666667,43.145833333333336,175.08277777777778,7554.092349537037
362,,,749,TWIN SYNERGIES,,,HEU,TRUE,HEU_DAILY_RATE,400.1333333333333,50.016666666666666,298.60272222222227,14935.11282314815
363,,,624,EQATOR (inkl. MwSt.),,,HEU,TRUE,HEU_DAILY_RATE,13.176190476190477,1.6470238095238097,78.36131736526946,129.06295544625036
363,,,656,REHOUSE (mit MwSt),,,HEU,TRUE,HEU_DAILY_RATE,75.5220238095238,9.440252976190475,78.36131736526946,739.75065947569135
363,,,680,LUCRA (mit MwSt),,,HEU,TRUE,HEU_DAILY_RATE,24.917857142857144,3.114732142857143,78.36131736526946,244.0745139542344
363,,,690,DaWetRest (mit MwSt),,,HEU,TRUE,HEU_DAILY_RATE,27.704166666666666,3.463020833333333,78.36131736526946,271.36687456337324
363,,,725,HARMONY (mit MwSt),,,HEU,TRUE,HEU_DAILY_RATE,69.1595238095238,8.644940476190476,78.36131736526946,677.4289242586256
363,,,759,SUPREMAS (mit MwSt),,,HEU,TRUE,HEU_DAILY_RATE,79.12202380952381,9.890252976190476,78.36131736526946,775.0132522900627
368,,,616,MOSTH2,,,HEU,TRUE,HEU_DAILY_RATE,319.55,39.94375,50.21540889526542,2005.7917390602581
368,,,652,H2GLASS (mit MwSt),,,HEU,TRUE,HEU_DAILY_RATE,403.45,50.43125,50.21540889526542,2532.425839849354
369,,,680,LUCRA (mit MwSt),,,HEU,TRUE,HEU_DAILY_RATE,268.0333333333333,33.50416666666666,,
369,,,698,CAPTUS (mit MwSt),,,HEU,TRUE,HEU_DAILY_RATE,259.4666666666667,32.43333333333334,,
369,,,727,COREU (mit MwSt),,,HEU,TRUE,HEU_DAILY_RATE,403,50.375,,
378,,,650,ECODALLI,,,HEU,TRUE,HEU_DAILY_RATE,71.6,8.95,91.471376146789,818.6688165137615
378,,,805,INNOVATE-EU,,,HEU,TRUE,HEU_DAILY_RATE,254.4,31.8,91.471376146789,2908.78976146789
379,,,650,ECODALLI,,,HEU,TRUE,HEU_DAILY_RATE,464,58,,
